样本编号,均方根_RMS,峰值_Peak,峰峰值_PeakToPeak,偏度_Skewness,峭度_Kurtosis,峰值因子_CrestFactor,频率重心_Hz,0到1kHz能量占比,1到3kHz能量占比,3到5kHz能量占比,一倍频能量占比,二倍频能量占比,三四倍频能量占比
0,0.012316369451582432,0.04647653549909592,0.0875471830368042,-0.06412024050951004,3.034663200378418,3.7735580828448563,1756.6099728200224,0.3603820502758026,0.4858676791191101,0.13752490282058716,0.10399239510297775,0.0039572929963469505,0.15511642396450043
1,0.022553550079464912,0.06497352570295334,0.12403217703104019,-0.10681270062923431,2.7764148712158203,2.8808558063429275,720.3642182895435,0.8078591227531433,0.14451326429843903,0.04757901653647423,0.02694559097290039,0.0010133464820683002,0.6920571327209473
2,0.015484970062971115,0.060476671904325485,0.11032221466302872,-0.13877084851264954,2.9301297664642334,3.905507834660693,1200.0389077632146,0.6075301766395569,0.29882949590682983,0.08680747449398041,0.01933976821601391,0.0007683748845010996,0.49042731523513794
3,0.022074120119214058,0.0629713162779808,0.12131550163030624,-0.28556567430496216,2.583437204360962,2.8527214645495986,724.509388913798,0.8215754628181458,0.13134552538394928,0.04537613317370415,0.05375102534890175,0.001005574711598456,0.7139668464660645
4,0.027071237564086914,0.06588051468133926,0.1240321695804596,-0.10979826003313065,2.4540975093841553,2.4335981878532102,628.9901796963466,0.8561471104621887,0.10470263659954071,0.038521215319633484,0.11398150771856308,0.0014649813529103994,0.6581177711486816
5,0.01932348683476448,0.06483174860477448,0.1240321695804596,0.1574765145778656,3.098862886428833,3.3550750522303234,831.9934604178671,0.7526357173919678,0.18745212256908417,0.059823282063007355,0.11604303121566772,0.0037140739150345325,0.5273935198783875
6,0.012586220167577267,0.047798171639442444,0.08877457678318024,-0.03154020383954048,3.0371851921081543,3.797658947582632,1520.2963067037845,0.5084806680679321,0.34495213627815247,0.12052074074745178,0.02017347887158394,0.0024449985940009356,0.4100397229194641
7,0.013944330625236034,0.04677632078528404,0.09330649673938751,-0.11080005019903183,3.0174622535705566,3.3545045681343173,1720.2734876103034,0.37468376755714417,0.47890788316726685,0.13278496265411377,0.09045100212097168,0.004681822378188372,0.16664905846118927
8,0.025449078530073166,0.06466728448867798,0.1240321695804596,-0.006315029226243496,2.4190139770507812,2.5410462076149294,653.37117535102,0.8475151062011719,0.11496254801750183,0.03744573891162872,0.035692039877176285,0.0007814684649929404,0.7482842803001404
9,0.03490067273378372,0.06448344141244888,0.1240321695804596,-0.038991015404462814,1.9198907613754272,1.8476274627274312,512.6546032768227,0.9144079685211182,0.06242823600769043,0.023154260590672493,0.06036189943552017,0.0007030735723674297,0.8150425553321838
10,0.015018826350569725,0.052095238119363785,0.09974277019500732,-0.12008288502693176,3.0905568599700928,3.468662390781217,1224.115269728734,0.5872213244438171,0.31225642561912537,0.09645175188779831,0.0165181215852499,0.0009360247058793902,0.4588404595851898
11,0.013116905465722084,0.05273757502436638,0.09572018682956696,-0.012676903046667576,3.0122523307800293,4.020580552186102,1674.6194726785204,0.3765771687030792,0.49274152517318726,0.11981181055307388,0.07865677773952484,0.0014905424322932959,0.18980193138122559
12,0.01624729298055172,0.06344909965991974,0.11724014580249786,-0.09514867514371872,2.8657703399658203,3.905210531499873,1088.6550349849217,0.6460146307945251,0.265171080827713,0.07689174264669418,0.18306046724319458,0.0011829130817204714,0.40537452697753906
13,0.021176276728510857,0.06438130140304565,0.12403217703104019,-0.0861048474907875,2.772538185119629,3.0402559536504876,791.3081877727557,0.7856245040893555,0.1592627763748169,0.055111031979322433,0.042003266513347626,0.0006276567000895739,0.6405665278434753
14,0.01364188827574253,0.04892626404762268,0.09475253522396088,0.04036524519324303,3.107966899871826,3.5864730054295317,1683.5818341903878,0.39335721731185913,0.459379643201828,0.13763515651226044,0.07403267920017242,0.003409695578739047,0.21111495792865753
15,0.024280941113829613,0.06490389257669449,0.1240321695804596,-0.04707975685596466,2.4192097187042236,2.67303858898016,749.3636327060599,0.8124296069145203,0.136885866522789,0.050354838371276855,0.017402654513716698,0.00045809519360773265,0.7165563106536865
16,0.012317643500864506,0.045964282006025314,0.08635293692350388,-0.11223357915878296,3.0746939182281494,3.7315808010734974,1647.5614051785772,0.4286324679851532,0.4161835014820099,0.13633985817432404,0.06883514672517776,0.0013225164730101824,0.2601807713508606
17,0.01215605903416872,0.05274118110537529,0.09728410840034485,0.06544093787670135,3.2415120601654053,4.338674314824374,1811.3520964068912,0.348118394613266,0.4930839538574219,0.1393391638994217,0.06011894345283508,0.0029995727818459272,0.17691504955291748
18,0.013254351913928986,0.05507345125079155,0.10188891738653183,-0.21563909947872162,3.0376877784729004,4.155122151899391,1775.8133891083082,0.3581448793411255,0.49606242775917053,0.13014695048332214,0.03965242579579353,0.0004947190172970295,0.2281918227672577
19,0.031022965908050537,0.064923956990242,0.1240321695804596,-0.06380553543567657,2.1035170555114746,2.0927707937589974,544.0060107497595,0.9006237387657166,0.07206011563539505,0.026892229914665222,0.04839905723929405,0.0002977815456688404,0.7972086668014526
20,0.016040967777371407,0.06407766789197922,0.10961513966321945,-0.1673804223537445,3.090191602706909,3.994626058558472,1232.102556095592,0.6046249866485596,0.29761451482772827,0.09180469810962677,0.019973011687397957,0.0014645297778770328,0.49405989050865173
21,0.017654292285442352,0.06231582909822464,0.11637787520885468,-0.20309115946292877,2.888014078140259,3.5297834706226205,1099.814602346808,0.649141252040863,0.26581647992134094,0.08056201785802841,0.11411575227975845,0.0016780050937086344,0.4793858826160431
22,0.010103613138198853,0.04143106937408447,0.07520340383052826,0.030362464487552643,3.0711755752563477,4.100619135281903,2126.857094877499,0.22011585533618927,0.5908616781234741,0.15408876538276672,0.0203460194170475,0.0034840423613786697,0.12068067491054535
23,0.020268486812710762,0.06249164044857025,0.11855872720479965,-0.0425737090408802,2.510005474090576,3.083192199937557,937.6961374018026,0.7263895273208618,0.20508913695812225,0.06814155727624893,0.01953098550438881,0.002178650815039873,0.5661448240280151
24,0.012468759901821613,0.04705115780234337,0.08609666675329208,0.042685333639383316,3.142367362976074,3.7735234433133917,1675.1329642490145,0.4038291275501251,0.4550812244415283,0.11869846284389496,0.03285206854343414,0.0012805354781448841,0.27813538908958435
25,0.034760598093271255,0.06285510212182999,0.1240321695804596,-0.0024975163396447897,1.788098931312561,1.8082284416213446,482.35737739670043,0.9333115220069885,0.048323675990104675,0.018112478777766228,0.003890247317031026,0.0005677996668964624,0.892323911190033
26,0.01731860265135765,0.06327123939990997,0.12090814858675003,-0.12717337906360626,2.8636083602905273,3.6533686158159306,1225.0710415179365,0.6016395688056946,0.2965853214263916,0.09552273899316788,0.030387666076421738,0.0038993132766336203,0.4924538731575012
27,0.013574304059147835,0.051090724766254425,0.09608319401741028,-0.058013495057821274,3.1232831478118896,3.763782256524612,1562.3864043604067,0.446211576461792,0.41831573843955994,0.11542212218046188,0.12796717882156372,0.001548909000121057,0.21974250674247742
28,0.016472814604640007,0.05971837416291237,0.11316749453544617,-0.08607243746519089,2.8214826583862305,3.625268394780928,1135.7271446378386,0.643402099609375,0.2685117721557617,0.08101806044578552,0.016788752749562263,0.0012007954064756632,0.5590459704399109
29,0.019029444083571434,0.06539983302354813,0.12403217703104019,-0.14499779045581818,2.9066288471221924,3.436770550568662,922.924506215088,0.7256453633308411,0.19914427399635315,0.07437213510274887,0.05919559299945831,0.003153326688334346,0.5164710879325867
30,0.021865373477339745,0.06465601921081543,0.1240321695804596,-0.1261359304189682,2.635249614715576,2.9570050232558303,776.1222342408109,0.792428731918335,0.14710916578769684,0.05948403850197792,0.09907201677560806,0.0017701066099107265,0.5777916312217712
31,0.014957619830965996,0.049603525549173355,0.09719392657279968,-0.04127657040953636,2.9823927879333496,3.316271312309024,1232.6325240309675,0.5917996764183044,0.3081662356853485,0.08755941689014435,0.041849251836538315,0.0009288660367019475,0.4602043926715851
32,0.020120590925216675,0.05738817900419235,0.11338594555854797,-0.128792867064476,2.552994728088379,2.852211409428182,848.381033078669,0.7656112909317017,0.17582806944847107,0.05406266450881958,0.02490248903632164,0.0016902880743145943,0.6810875535011292
33,0.017903195694088936,0.05391458421945572,0.10577881336212158,-0.04666278511285782,2.5918989181518555,3.011450309636349,1020.0527090151966,0.6922720074653625,0.23464292287826538,0.06564906239509583,0.0053332787938416,0.0011965687153860927,0.6119166016578674
34,0.031623438000679016,0.0652569830417633,0.1240321695804596,-0.0672718733549118,2.124979257583618,2.0635638363639828,561.7220056225108,0.8917213082313538,0.08135805279016495,0.026787374168634415,0.007465208414942026,0.00042530809878371656,0.820996880531311
35,0.02092665806412697,0.06415944546461105,0.12013877928256989,-0.13129211962223053,2.5642924308776855,3.0659193295430653,724.4318816908759,0.7984170913696289,0.15332747995853424,0.04824657365679741,0.06311366707086563,0.0002616979763843119,0.6533257961273193
36,0.02220316231250763,0.06490692496299744,0.12343371659517288,-0.057734400033950806,2.5246646404266357,2.9233189419828873,761.2138577583677,0.8039175271987915,0.1450822651386261,0.050712622702121735,0.01481124572455883,0.0014739782782271504,0.672430157661438
37,0.013865504413843155,0.05707736313343048,0.10560585558414459,-0.11671705543994904,3.031740427017212,4.116501024825943,1615.7026826267966,0.4223121106624603,0.4440867006778717,0.1264272779226303,0.059154026210308075,0.001930083497427404,0.2535305321216583
38,0.015852617099881172,0.05385666713118553,0.09794974327087402,-0.22990882396697998,3.058765172958374,3.3973360227184126,1284.7986489622936,0.5760343074798584,0.3225756287574768,0.09188751131296158,0.033155981451272964,0.0011866173008456826,0.46086934208869934
39,0.013546979054808617,0.042194221168756485,0.08266551792621613,-0.2001006156206131,2.9142065048217773,3.1146590686330633,1553.4988261796418,0.4417409598827362,0.43574532866477966,0.11472814530134201,0.028646264225244522,0.0006309606833383441,0.31435924768447876
40,0.016180599108338356,0.060673557221889496,0.11546893417835236,-0.06787070631980896,3.0311083793640137,3.749771983836667,1224.1361073343671,0.600861668586731,0.30543017387390137,0.08612598478794098,0.020946169272065163,0.004942862316966057,0.4938903748989105
41,0.01676243357360363,0.049829501658678055,0.09707598388195038,-0.034270040690898895,2.764331340789795,2.9726889855762693,1069.674866457815,0.6720252633094788,0.24621234834194183,0.06971393525600433,0.029910258948802948,0.0021941601298749447,0.5779575109481812
42,0.021738292649388313,0.06580814719200134,0.1240321695804596,-0.04464603215456009,2.748427152633667,3.027291436838109,858.7502299963147,0.7612865567207336,0.16947636008262634,0.06922597438097,0.02028467506170273,0.0007213310454972088,0.6092448830604553
43,0.01574709080159664,0.052191946655511856,0.09936372190713882,-0.14016751945018768,2.9208621978759766,3.3143865943102067,1378.2317139734805,0.5256260633468628,0.3594522476196289,0.11054880172014236,0.02694726176559925,0.0025250776670873165,0.41311267018318176
44,0.012578108347952366,0.04468674585223198,0.08458033204078674,-0.08062976598739624,2.969770908355713,3.552739777118707,1847.1347206743837,0.32107779383659363,0.5167113542556763,0.1533905267715454,0.0232186708599329,0.0015212659491226077,0.1756306141614914
45,0.016653195023536682,0.057734739035367966,0.10632067918777466,-0.085593082010746,2.8112988471984863,3.466886621474262,909.809076011829,0.7296810746192932,0.1905100792646408,0.07978830486536026,0.14896082878112793,0.00043971920968033373,0.42217642068862915
46,0.015114185400307178,0.04776759818196297,0.09234637022018433,0.02283085510134697,2.858045816421509,3.160448076667876,1418.5087539619046,0.5125648975372314,0.37243011593818665,0.11017589271068573,0.06093761324882507,0.005851402413100004,0.36366185545921326
47,0.015461021102964878,0.058171696960926056,0.10919759422540665,-0.08264601230621338,2.8726789951324463,3.762474455584845,1281.0011678487797,0.5664796233177185,0.3286038637161255,0.10185963660478592,0.010819127783179283,0.0011479201493784785,0.45282432436943054
48,0.014030998572707176,0.044212162494659424,0.08511866629123688,0.026785729452967644,2.653130292892456,3.151034636801191,1279.5797177270988,0.5856925249099731,0.30381667613983154,0.10023254156112671,0.008532769978046417,0.0025264518335461617,0.49095794558525085
49,0.012142004445195198,0.043995026499032974,0.0866951197385788,-0.06049439311027527,3.041694164276123,3.6233742702029064,1741.655169113767,0.36686277389526367,0.4774807393550873,0.13096919655799866,0.12841467559337616,0.002473886590451002,0.13550490140914917
50,0.020871413871645927,0.06227174401283264,0.1172855943441391,-0.1904282420873642,2.5174312591552734,2.9835901100330338,855.2744940277033,0.7651475667953491,0.17181438207626343,0.05816652998328209,0.04615752026438713,0.0020385885145515203,0.6640721559524536
51,0.01662745326757431,0.05264316499233246,0.10288961231708527,-0.15714535117149353,2.67659592628479,3.1660389683264016,1031.5362340192605,0.687951922416687,0.22940555214881897,0.0773281529545784,0.05402345582842827,0.0011959068942815065,0.5714485049247742
52,0.019660059362649918,0.06338053941726685,0.1203697994351387,-0.21255910396575928,2.8563294410705566,3.2238223824722043,957.3758207213406,0.7103762626647949,0.21652503311634064,0.06803768128156662,0.11243722587823868,0.0014256692957133055,0.5364649891853333
53,0.0134614622220397,0.04757102206349373,0.09486891329288483,-0.05371782183647156,2.9612977504730225,3.5338673671032916,1615.8037538854344,0.4197331666946411,0.44282156229019165,0.12151549756526947,0.15038277208805084,0.003495344426482916,0.1763816624879837
54,0.02133990079164505,0.06488828361034393,0.12382552772760391,-0.12525023519992828,2.752786159515381,3.040702215106274,840.0910784663434,0.7585291862487793,0.18095175921916962,0.05993810296058655,0.05279216542840004,0.0007389441598206758,0.5954322218894958
55,0.0167173370718956,0.05726584419608116,0.09991966187953949,-0.2954833209514618,2.814854621887207,3.4255362529555184,971.7208236005748,0.7011855244636536,0.22650805115699768,0.06829597055912018,0.10360576957464218,0.00023556598171126097,0.509204626083374
56,0.015424598008394241,0.04733771085739136,0.0921277180314064,-0.020670734345912933,2.726938247680664,3.0689753359251672,1284.5776083351298,0.5810277462005615,0.30849412083625793,0.09791258722543716,0.07690473645925522,0.0024917395785450935,0.41941800713539124
57,0.019405649974942207,0.06000785902142525,0.10851214081048965,-0.11742298305034637,2.5346779823303223,3.092288024148579,960.7054365160345,0.7180781364440918,0.21448227763175964,0.06442054361104965,0.01485663466155529,0.005844762083142996,0.6398988366127014
58,0.014458052814006805,0.04664868861436844,0.08709485828876495,-0.054783981293439865,2.7404472827911377,3.2264848670319703,1341.2202362538799,0.5451867580413818,0.3372076451778412,0.11266747862100601,0.03249664977192879,0.0043351189233362675,0.38133370876312256
59,0.012985069304704666,0.045817628502845764,0.0823928713798523,-0.15043556690216064,3.1485400199890137,3.528485480067244,1616.2499899209838,0.4276421368122101,0.43676307797431946,0.11248435080051422,0.10982740670442581,0.0021098873112350702,0.23747296631336212
60,0.0202958807349205,0.06243531405925751,0.11683017015457153,-0.04498066008090973,2.545840263366699,3.0762554663989956,905.8072271368953,0.7439161539077759,0.1912904530763626,0.06200859323143959,0.04512477666139603,0.0010328906355425715,0.6506165266036987
61,0.016690069809556007,0.05458931252360344,0.10749965906143188,-0.13406850397586823,2.5912225246429443,3.270765979006104,1198.737251313649,0.6254178285598755,0.2789241373538971,0.0828167274594307,0.010591620579361916,0.0016088300617411733,0.5311833024024963
62,0.012408802285790443,0.04353782534599304,0.08160034567117691,-0.07595663517713547,2.899496078491211,3.5086243087570517,1753.0867602313147,0.3605114817619324,0.4911462068557739,0.1274133026599884,0.06182482838630676,0.0021432596258819103,0.21031922101974487
63,0.028245974332094193,0.06422422081232071,0.1240321695804596,-0.10602287203073502,2.074526786804199,2.2737477579972474,627.0972537768297,0.8659747838973999,0.09946711361408234,0.03442848473787308,0.01075050700455904,0.0008635861449874938,0.7973085641860962
64,0.021269598975777626,0.06532394140958786,0.1240321695804596,0.003270970657467842,2.640747308731079,3.0712352160898395,833.2034412826446,0.7579620480537415,0.17892992496490479,0.06291162967681885,0.08474466949701309,0.00161408307030797,0.5701633095741272
65,0.01797482557594776,0.06133940815925598,0.1193690299987793,0.02100639045238495,2.918799877166748,3.4125175733511512,1118.7174825043553,0.6258545517921448,0.2864573001861572,0.08747385442256927,0.13722990453243256,0.0008052954217419028,0.3489093482494354
66,0.02519875206053257,0.06473001092672348,0.1240321695804596,-0.11782582849264145,2.64912486076355,2.568778436672576,634.667362916544,0.8349543809890747,0.11894366145133972,0.045405980199575424,0.26851049065589905,0.0019362587481737137,0.48253947496414185
67,0.02358897589147091,0.06520718336105347,0.12403217703104019,-0.1027538925409317,2.5543110370635986,2.7643075162862916,776.7436032904058,0.8016653656959534,0.14341650903224945,0.05254736170172691,0.01574798673391342,0.00034389985376037657,0.678987979888916
68,0.01424836739897728,0.06267361342906952,0.1008356511592865,-0.0738726407289505,2.9751689434051514,4.398652257462806,1464.7476928957587,0.48744484782218933,0.3929980397224426,0.10183722525835037,0.04839177057147026,0.0035240037832409143,0.3608841598033905
69,0.018183737993240356,0.06510503590106964,0.12244609743356705,-0.014000791124999523,3.0588033199310303,3.5803989213709233,893.9032664611922,0.742577075958252,0.1850493848323822,0.07224886864423752,0.0731244757771492,0.00015817613166291267,0.5261385440826416
70,0.012460715137422085,0.04042869433760643,0.0795779898762703,-0.07748055458068848,2.9917643070220947,3.2444923014848697,1746.915775821408,0.35821977257728577,0.49306344985961914,0.1388160139322281,0.08651924133300781,0.005612688604742289,0.16446936130523682
71,0.02461853437125683,0.06417492777109146,0.1240321695804596,0.006208223756402731,2.392371654510498,2.6067728809807464,654.7559413757662,0.8482455611228943,0.1107996478676796,0.040953464806079865,0.006945034489035606,0.0011214588303118944,0.7771673798561096
72,0.015251966193318367,0.04972122609615326,0.09853202104568481,-0.10238485038280487,2.9175989627838135,3.2599879558266602,1223.474703820024,0.609298586845398,0.28750374913215637,0.09036776423454285,0.025853639468550682,0.003738313214853406,0.5101597905158997
73,0.020136021077632904,0.06342846900224686,0.12403217703104019,-0.23732508718967438,2.7847812175750732,3.150000129347958,908.0566593929319,0.7253252267837524,0.2137771099805832,0.0588422566652298,0.07616112381219864,0.0004988638684153557,0.5708122849464417
74,0.015202663838863373,0.05517350137233734,0.09921364486217499,-0.1952323466539383,2.854715585708618,3.629199589855115,1175.3650091477268,0.6081785559654236,0.29797181487083435,0.0889354720711708,0.03912779316306114,0.0018709358992055058,0.4747025668621063
75,0.020919159054756165,0.06338784098625183,0.1224328875541687,-0.14060448110103607,2.716346502304077,3.030133325020534,769.1483267125477,0.7652193307876587,0.1747279316186905,0.060046304017305374,0.288394570350647,0.0026785230729728937,0.3509461283683777
76,0.029888799414038658,0.0636463388800621,0.1240321695804596,-0.02659556083381176,2.029339551925659,2.129437786920214,551.9464845893026,0.8993839025497437,0.07664310932159424,0.02392573468387127,0.010396208614110947,3.605048914323561e-05,0.8375363945960999
77,0.019953584298491478,0.0562332384288311,0.11240995675325394,-0.0907367691397667,2.573246479034424,2.8182023632848874,914.3459893320395,0.727763295173645,0.20976783335208893,0.06137754023075104,0.034871362149715424,0.0005692291888408363,0.6199774742126465
78,0.013261323794722557,0.05069540813565254,0.09524719417095184,0.005641537252813578,3.098736524581909,3.8228014726557205,1552.9281294236855,0.46159476041793823,0.4089773893356323,0.1104695126414299,0.007551287300884724,0.004340976011008024,0.3791627883911133
79,0.012079450301826,0.04375086724758148,0.08201555907726288,-0.08893972635269165,2.9813640117645264,3.6219253484859255,1841.2819564501801,0.34062182903289795,0.48634251952171326,0.15283802151679993,0.10526169836521149,0.005936430301517248,0.12580665946006775
80,0.012666824273765087,0.04441202059388161,0.08683931082487106,0.03961591050028801,3.00300669670105,3.5061685257890143,1744.7571150572574,0.3647570312023163,0.4800895154476166,0.1388862431049347,0.10306393355131149,0.0034041611943393946,0.15033835172653198
81,0.016489313915371895,0.053612880408763885,0.1026277095079422,-0.16660700738430023,2.7262372970581055,3.2513712020202843,1146.3224852721337,0.6408433318138123,0.26867660880088806,0.0772944986820221,0.05319921299815178,0.0015432749642059207,0.5385392904281616
82,0.02064189873635769,0.06209748983383179,0.12182904034852982,-0.10048386454582214,2.565358877182007,3.008322568768725,790.6077334048293,0.7917158007621765,0.15601840615272522,0.04724367707967758,0.026261257007718086,0.0007499934872612357,0.711405336856842
83,0.027118019759655,0.06465394049882889,0.1240321695804596,-0.045548368245363235,2.2184958457946777,2.3841689426244175,610.0357768400514,0.8685887455940247,0.09858375042676926,0.03270992636680603,0.03405880182981491,0.0008763540536165237,0.7602208852767944
84,0.015150484628975391,0.053628262132406235,0.1036139652132988,-0.1410241276025772,2.9957804679870605,3.539706051798644,1330.0783463706534,0.5588698983192444,0.3325222432613373,0.09844420850276947,0.012987532652914524,0.0031562221702188253,0.4542194902896881
85,0.026529628783464432,0.0645255446434021,0.1240321695804596,-0.09168557822704315,2.28159499168396,2.432206841928667,652.0830999814007,0.8566399216651917,0.10447902977466583,0.03853351250290871,0.009066199883818626,0.0005617272108793259,0.7788403630256653
86,0.013470031321048737,0.04937923327088356,0.09242615848779678,-0.04542917385697365,2.9429268836975098,3.6658588306365703,1575.3903564075863,0.44097456336021423,0.4275224506855011,0.11705031991004944,0.018440762534737587,0.0022583245299756527,0.3342919945716858
87,0.01278434507548809,0.0508052222430706,0.09133316576480865,-0.10882378369569778,3.058495283126831,3.974018374747046,1752.889051177458,0.3684031665325165,0.47224366664886475,0.14207391440868378,0.028811588883399963,0.002463209442794323,0.22142906486988068
88,0.011929037980735302,0.036850705742836,0.07148970663547516,0.02948250249028206,2.946516990661621,3.089159896989059,2080.8820031810483,0.21484240889549255,0.6070570349693298,0.15617188811302185,0.01066261250525713,0.0023765936493873596,0.11149050295352936
89,0.01427117083221674,0.05409606173634529,0.10102380067110062,-0.1120433658361435,3.0085670948028564,3.790583293308666,1357.8195949997505,0.5253642201423645,0.36445507407188416,0.10250445455312729,0.02747366763651371,0.0013455396983772516,0.3632040023803711
90,0.014455066062510014,0.05003647133708,0.09711556136608124,-0.03931374102830887,2.9113855361938477,3.4615179977205877,1308.8408748283996,0.5709378123283386,0.31243208050727844,0.09735652804374695,0.050077248364686966,0.004739102907478809,0.4421432614326477
91,0.013357693329453468,0.047025952488183975,0.08639414608478546,0.008967556990683079,2.903599500656128,3.5205144574604135,1589.3844225291973,0.4264726936817169,0.433014452457428,0.11855755001306534,0.2215554565191269,0.0011355760507285595,0.12133616954088211
92,0.019739219918847084,0.0629676952958107,0.1240321695804596,-0.12827004492282867,2.730271577835083,3.1899789126164464,896.1105225951062,0.7391996383666992,0.1926424652338028,0.06472811102867126,0.10130345821380615,0.0019397524883970618,0.5692042112350464
93,0.01921401359140873,0.06355077773332596,0.11665360629558563,-0.4321426451206207,3.0075783729553223,3.3075222637728463,912.4287693019505,0.6957335472106934,0.2354842722415924,0.06657877564430237,0.2885760962963104,0.002039964310824871,0.32579055428504944
94,0.012371608056128025,0.04278752580285072,0.0822969526052475,-0.08430857211351395,3.135810375213623,3.458525812107203,1801.7028268614256,0.3620437979698181,0.48026636242866516,0.13493071496486664,0.09258468449115753,0.004693534225225449,0.17188622057437897
95,0.026533979922533035,0.06449393928050995,0.1240321695804596,-0.06368162482976913,2.225245714187622,2.430616871889247,612.9970841174796,0.8741803169250488,0.08933501690626144,0.03632926195859909,0.009894260205328465,0.0022853813134133816,0.8064526915550232
96,0.016669631004333496,0.05389847606420517,0.10705797374248505,-0.13200488686561584,2.793424367904663,3.2333334821244817,1272.3774905246355,0.5780131816864014,0.3232923448085785,0.094269759953022,0.07374442368745804,0.00607903441414237,0.4131048321723938
97,0.014260792173445225,0.050751104950904846,0.09192895889282227,-0.07473274320363998,2.8805389404296875,3.5587858184939276,1258.7584932754862,0.5797396302223206,0.32075151801109314,0.09317256510257721,0.02592877857387066,0.0009257940109819174,0.4509549140930176
98,0.01351578626781702,0.05175096541643143,0.09754928946495056,0.0049535539001226425,2.991243362426758,3.828927476888917,1528.1232308609908,0.47555333375930786,0.389410138130188,0.11759796738624573,0.035929687321186066,0.0009493376710452139,0.3523929715156555
99,0.013058804906904697,0.0444183386862278,0.08637800812721252,-0.07768639922142029,2.902297019958496,3.401409164121955,1663.4760999752482,0.4169275164604187,0.4414348006248474,0.12385960668325424,0.01154610887169838,0.001059937640093267,0.32682710886001587
100,0.01404246874153614,0.04554858058691025,0.0885637104511261,0.002411211607977748,2.919759750366211,3.243630548305137,1406.341552348139,0.534929096698761,0.3439943492412567,0.10305356234312057,0.02617631107568741,0.002319829072803259,0.4311593174934387
101,0.013016638346016407,0.05094452574849129,0.10039965808391571,-0.04067324101924896,2.989335298538208,3.913800505963083,1740.5697521706707,0.36414438486099243,0.48292019963264465,0.13515736162662506,0.07292817533016205,0.00253872899338603,0.1947333812713623
102,0.03334067016839981,0.06238297373056412,0.1240321695804596,-0.03882647678256035,1.8440468311309814,1.8710773782771601,486.57034228238336,0.9303139448165894,0.04990498721599579,0.019747238606214523,0.02133459784090519,0.0002731472486630082,0.8756051063537598
103,0.014442558400332928,0.05378403514623642,0.09894178807735443,-0.029308876022696495,2.908790349960327,3.723996375965674,1413.937362514982,0.5155454277992249,0.3645731508731842,0.1111847385764122,0.04647163301706314,0.0031890785321593285,0.3618807792663574
104,0.026351848617196083,0.0651848167181015,0.1240321695804596,-0.004442034289240837,2.4590415954589844,2.473633545127876,669.9321240815291,0.8450689911842346,0.11177488416433334,0.042894016951322556,0.015987463295459747,0.0005344771780073643,0.7487595081329346
105,0.0200961884111166,0.05996428057551384,0.11944530159235,-0.023146094754338264,2.789591073989868,2.9838633747760626,883.7985543884224,0.7357127070426941,0.20282183587551117,0.061338357627391815,0.028344469144940376,0.0008531335624866188,0.5731155872344971
106,0.013470939360558987,0.04572189226746559,0.0913243442773819,-0.07849756628274918,3.0620925426483154,3.394113137940383,1558.8958455198274,0.4391636252403259,0.43023890256881714,0.11734651029109955,0.09244231134653091,0.0010093074524775147,0.2451552450656891
107,0.017210019752383232,0.059391867369413376,0.11773160099983215,-0.14837004244327545,2.9973647594451904,3.4510051830555177,937.3241122148198,0.721511721611023,0.20291268825531006,0.07531440258026123,0.02060806006193161,0.00046150354319252074,0.5476935505867004
108,0.015492666512727737,0.05562341585755348,0.1066448986530304,-0.07376939058303833,3.070479393005371,3.5903061495751363,1454.36980550536,0.4819139540195465,0.3987300992012024,0.11428873986005783,0.06794467568397522,0.004707222804427147,0.334867924451828
109,0.02489246428012848,0.0630219429731369,0.1240321695804596,-0.14330540597438812,2.3429102897644043,2.5317679383360696,695.5086542472517,0.8350943922996521,0.1241530105471611,0.03917413577437401,0.036203283816576004,0.00011778703628806397,0.7545380592346191
110,0.02318619191646576,0.06602922081947327,0.12403217703104019,-0.03666829317808151,2.690770149230957,2.8477820357268153,762.2546723123297,0.7943750023841858,0.1578224003314972,0.04687178134918213,0.01975608989596367,0.0004452193679753691,0.6820343732833862
111,0.016324657946825027,0.0485789030790329,0.09376263618469238,-0.026701852679252625,2.6627211570739746,2.975799139822417,1329.7197605549031,0.5444082021713257,0.35648706555366516,0.09059704840183258,0.048011574894189835,0.00133812939748168,0.42869022488594055
112,0.03960274159908295,0.06334972381591797,0.1240321695804596,-0.02784782461822033,1.6760443449020386,1.5996297543144156,463.08783802579376,0.9440699815750122,0.038791537284851074,0.016700400039553642,0.006924609653651714,0.00039637438021600246,0.9097137451171875
113,0.011845785193145275,0.04779193922877312,0.08502183854579926,-0.05455892160534859,3.1618831157684326,4.034510034201368,1713.8855671367141,0.3752495050430298,0.4742076098918915,0.13350854814052582,0.10895363986492157,0.002779959235340357,0.14712151885032654
114,0.014195307157933712,0.04745609685778618,0.09114258736371994,-0.007216641679406166,2.8883719444274902,3.3430834800865883,1480.117076916083,0.48244160413742065,0.3937518000602722,0.11260346323251724,0.04433837905526161,0.0008028327138163149,0.31719619035720825
115,0.021061692386865616,0.06351974606513977,0.12403217703104019,-0.11728932708501816,2.7176008224487305,3.0158899339796523,867.377347926101,0.7539112567901611,0.18175972998142242,0.06097237393260002,0.06424645334482193,0.0021621910855174065,0.6348090171813965
116,0.017536714673042297,0.0550287701189518,0.11004087328910828,-0.028558701276779175,2.9965569972991943,3.1379178564389223,1237.2524476420006,0.5637105107307434,0.34333336353302,0.08787080645561218,0.12301646173000336,0.006831102538853884,0.3533118665218353
117,0.03319423273205757,0.06324512511491776,0.1240321695804596,-0.08265773206949234,2.013118267059326,1.9053046239545406,500.5443761907487,0.9223212003707886,0.05654887482523918,0.020916583016514778,0.008279789239168167,0.0004615698999259621,0.8842215538024902
118,0.014693193137645721,0.04644683748483658,0.09164583683013916,-0.011047004722058773,2.9719624519348145,3.161112567333856,1420.1106160800568,0.5296446681022644,0.3409841060638428,0.11740495264530182,0.034162767231464386,0.0019193352200090885,0.4005701541900635
119,0.011593271978199482,0.044368039816617966,0.08473160862922668,0.020655417814850807,3.0395116806030273,3.8270507149511026,1810.4206455489239,0.3500269651412964,0.4920446574687958,0.1316773146390915,0.06441819667816162,0.0055105374194681644,0.18398728966712952
120,0.025585737079381943,0.062079742550849915,0.11954600363969803,-0.12386534363031387,2.10347056388855,2.4263417682991055,628.6447303157753,0.8659147024154663,0.09942199289798737,0.03332822397351265,0.00951718632131815,0.0001439845364075154,0.8094463348388672
121,0.022496448829770088,0.06470353901386261,0.1240321695804596,-0.07905589789152145,2.6767630577087402,2.876166789727395,760.5252182773422,0.7998301386833191,0.1493416428565979,0.05060954391956329,0.029766231775283813,0.0022065266966819763,0.6715315580368042
122,0.027335312217473984,0.06452269107103348,0.1240321695804596,-0.20570050179958344,2.396501302719116,2.360415368785406,558.955059295262,0.8851476907730103,0.08409998565912247,0.03072507493197918,0.030478866770863533,0.0007264777086675167,0.7982460260391235
123,0.02721196599304676,0.06420071423053741,0.12403217703104019,-0.018252039328217506,2.3622474670410156,2.3592824658307596,613.9749624715578,0.8686899542808533,0.09360344707965851,0.03763577714562416,0.01687426120042801,0.0003446664195507765,0.793002724647522
124,0.027836471796035767,0.06405722349882126,0.1240321695804596,-0.1608801782131195,2.3159141540527344,2.301197650545733,580.5525955126386,0.8808754086494446,0.08888500183820724,0.030203137546777725,0.023534029722213745,0.0004373017873149365,0.810457706451416
125,0.013976996764540672,0.050731558352708817,0.09761575609445572,0.10291734337806702,3.100097417831421,3.629646568838307,1632.671046268061,0.40812984108924866,0.46420609951019287,0.11608490347862244,0.06638626754283905,0.002434787340462208,0.2385072112083435
126,0.017602572217583656,0.061108190566301346,0.11393335461616516,0.04169367253780365,2.9399476051330566,3.471548919525936,1219.0197711925016,0.5900073647499084,0.31131696701049805,0.09588755667209625,0.060594018548727036,0.003313343971967697,0.45831775665283203
127,0.022050730884075165,0.063945472240448,0.1240321695804596,-0.015284175053238869,2.477717399597168,2.8999252938018896,721.1670311438779,0.8195304870605469,0.1299763321876526,0.050490230321884155,0.06437250971794128,0.0017365090316161513,0.6824674010276794
128,0.017945047467947006,0.06416253000497818,0.11585992574691772,-0.16213004291057587,2.6646251678466797,3.5755007121607334,1077.4000754718356,0.6594468951225281,0.25717487931251526,0.08220274746417999,0.011156030930578709,0.0003458292339928448,0.5778440237045288
129,0.013995083048939705,0.04932405799627304,0.09080862998962402,0.12713463604450226,2.909698486328125,3.524384801452503,1296.2277549864748,0.5537869334220886,0.34053835272789,0.09177707135677338,0.1667400747537613,0.0037501505576074123,0.3221534192562103
130,0.012916184961795807,0.048931874334812164,0.09117376804351807,-0.06819715350866318,2.9462430477142334,3.788415424195078,1657.9171803314864,0.41392168402671814,0.4339871108531952,0.13415107131004333,0.13800334930419922,0.0025875300634652376,0.16880422830581665
131,0.01841375045478344,0.06425982713699341,0.12403217703104019,0.015845509245991707,2.83539080619812,3.489773975774203,876.4813058921454,0.7407212853431702,0.19650767743587494,0.06271376460790634,0.053361330181360245,0.0002253347629448399,0.578396201133728
132,0.028108499944210052,0.06578218191862106,0.1240321695804596,-0.1424594521522522,2.4301950931549072,2.3402950013997796,607.4172120334237,0.8667399287223816,0.09783609956502914,0.035423994064331055,0.03468862548470497,0.0008878178778104484,0.7702112197875977
133,0.021864330396056175,0.06566426157951355,0.1240321695804596,-0.026078809052705765,2.672825813293457,3.003259664807966,901.4694133759265,0.7337521314620972,0.19717425107955933,0.06792791932821274,0.0803849920630455,0.0018730282317847013,0.5370376110076904
134,0.034025147557258606,0.06503661721944809,0.1240321695804596,-0.12001754343509674,1.9942399263381958,1.9114279257155598,541.7234619429557,0.9033735394477844,0.06865790486335754,0.02687283791601658,0.05209367722272873,0.0001983417896553874,0.8090305328369141
135,0.014455866068601608,0.04860509932041168,0.09210596978664398,-0.04636373743414879,2.882542610168457,3.362309742383439,1458.9290331562875,0.4806559979915619,0.3962146043777466,0.10998090356588364,0.14405514299869537,0.002959055360406637,0.25678402185440063
136,0.012588683515787125,0.039901040494441986,0.07594892382621765,-0.011813193559646606,2.814746856689453,3.169595966189283,1879.5245302364397,0.29963693022727966,0.5506200790405273,0.13258835673332214,0.01773088425397873,0.0029936477076262236,0.18701955676078796
137,0.035653144121170044,0.06345155090093613,0.1240321695804596,-0.018162263557314873,1.845596432685852,1.779690191796586,497.0485031200529,0.9267898797988892,0.05251660943031311,0.020249348133802414,0.007869121618568897,0.00030246152891777456,0.8795996904373169
138,0.018475688993930817,0.064189612865448,0.12320327758789062,-0.0845136046409607,2.886859655380249,3.4742743766178212,972.2864894916445,0.7047514915466309,0.21800468862056732,0.07711005210876465,0.02381904609501362,0.00043492676923051476,0.5462332367897034
139,0.01656741462647915,0.06363850831985474,0.1142055094242096,-0.2135564684867859,2.940779685974121,3.841185227193037,1199.5382580053354,0.6117027997970581,0.2940548360347748,0.08978216350078583,0.01692802459001541,0.0012364248977974057,0.5201668739318848
140,0.01718563213944435,0.06057159602642059,0.10798969864845276,-0.14876174926757812,2.7352097034454346,3.5245486189520205,964.6177988387713,0.6921224594116211,0.23188304901123047,0.07599432021379471,0.061349108815193176,0.0012248284183442593,0.47286340594291687
141,0.012493670918047428,0.045733094215393066,0.08410891145467758,0.05314091220498085,3.013343095779419,3.660500945776468,1809.7580201065182,0.34243521094322205,0.5050621628761292,0.1391385793685913,0.06753849983215332,0.0021802533883601427,0.18611006438732147
142,0.02342384122312069,0.06463903933763504,0.1240321695804596,0.024759426712989807,2.7006304264068604,2.7595405347553768,751.3310490767253,0.8043873310089111,0.14391344785690308,0.05165008828043938,0.005978655070066452,0.0009622780489735305,0.6937305927276611
143,0.01659390516579151,0.06091533601284027,0.11331440508365631,-0.10356322675943375,2.9321346282958984,3.6709463746211384,1241.6737315538558,0.5762344598770142,0.3153594136238098,0.10839441418647766,0.09494046866893768,0.0036328546702861786,0.2827457785606384
144,0.023085491731762886,0.06360518932342529,0.122162364423275,-0.01385206263512373,2.5254151821136475,2.755201841040143,764.3878403942911,0.8004770874977112,0.14394833147525787,0.05512957274913788,0.021761491894721985,0.00033955799881368876,0.6642638444900513
145,0.015051396563649178,0.055800892412662506,0.10679340362548828,-0.20755231380462646,2.9653005599975586,3.707356468417064,1379.4205782943538,0.5223662257194519,0.3797798156738281,0.09190408885478973,0.033147312700748444,0.0018976143328472972,0.41071829199790955
146,0.012481278739869595,0.043703656643629074,0.08630415797233582,-0.0970223918557167,3.0104916095733643,3.5015367856918926,1771.9030170550848,0.3573097884654999,0.49127453565597534,0.1313411146402359,0.0679306611418724,0.0027215536683797836,0.2086171954870224
147,0.023436039686203003,0.06341675668954849,0.12403217703104019,-0.08234425634145737,2.397672414779663,2.7059502175265786,715.6606064433405,0.8266734480857849,0.12672409415245056,0.04586312174797058,0.010481517761945724,5.083533687866293e-05,0.7528501749038696
148,0.028452815487980843,0.06456667929887772,0.1240321695804596,-0.12317606061697006,2.184837818145752,2.2692544899074396,576.8286116466495,0.889900267124176,0.07812568545341492,0.0317600853741169,0.03467603027820587,7.838047167751938e-05,0.7839156985282898
149,0.018983105197548866,0.061054836958646774,0.11307849735021591,-0.14403869211673737,2.611975908279419,3.2162723811546923,814.1842707449767,0.7739235758781433,0.1689627319574356,0.056976739317178726,0.06548047810792923,0.0008058795356191695,0.6067136526107788
150,0.021728580817580223,0.06277841329574585,0.1240321695804596,-0.10958582162857056,2.478451728820801,2.889209093769424,873.725086206594,0.7539039254188538,0.18534378707408905,0.05871779844164848,0.01671956107020378,0.0012806708691641688,0.6827809810638428
151,0.014899407513439655,0.05286792665719986,0.10387497395277023,-0.1541043370962143,3.0114543437957764,3.548324093153589,1367.9513859538697,0.5462063550949097,0.3409077823162079,0.1050013080239296,0.0529010072350502,0.0039281463250517845,0.40763261914253235
152,0.012143148109316826,0.0440947599709034,0.08625426888465881,-0.0519799068570137,3.1175894737243652,3.631246162059117,1722.8574233008117,0.3842734694480896,0.465331107378006,0.12727363407611847,0.061496976763010025,0.0056686680763959885,0.2356521040201187
153,0.017031965777277946,0.062131334096193314,0.11765402555465698,-0.14076635241508484,2.654857635498047,3.6479250196377064,1157.0553683493008,0.625432550907135,0.2883955240249634,0.07870764285326004,0.021767791360616684,0.0038748206570744514,0.5484395027160645
154,0.021501336246728897,0.06578785926103592,0.1240321695804596,-0.09364297986030579,2.7762131690979004,3.0597102665181954,848.4074768455471,0.7627973556518555,0.1746312379837036,0.062177617102861404,0.05943477898836136,0.00237836386077106,0.604052722454071
155,0.012465381994843483,0.042269933968782425,0.08330376446247101,-0.08240220695734024,2.9746553897857666,3.390985850483933,1679.704766729974,0.3818857967853546,0.4871009588241577,0.11954641342163086,0.050367165356874466,0.007914380170404911,0.21717874705791473
156,0.01604699343442917,0.054580286145210266,0.10424254834651947,-0.05294235050678253,2.754248857498169,3.4012780253717696,1323.65564751435,0.5688783526420593,0.3206746578216553,0.09671241044998169,0.008108465000987053,0.001865160884335637,0.500991702079773
157,0.021868648007512093,0.06327899545431137,0.11923228949308395,-0.12121254205703735,2.585543155670166,2.893594310433861,855.4877986827613,0.7625608444213867,0.17917335033416748,0.05480946972966194,0.014218994416296482,0.0028411694802343845,0.6973280310630798
158,0.032702405005693436,0.06417609006166458,0.1240321695804596,-0.050432294607162476,1.9933072328567505,1.9624272296954675,525.0256589256886,0.9085853099822998,0.06733784824609756,0.024010060355067253,0.02958427183330059,0.0007598050287924707,0.8314275145530701
159,0.030976926907896996,0.0637650117278099,0.1240321695804596,-0.01840183138847351,1.9537113904953003,2.058467966023309,504.92772393614916,0.9247252345085144,0.05351750925183296,0.021746503189206123,0.006899488624185324,0.0008704845677129924,0.8852220773696899
160,0.013442590832710266,0.04498085379600525,0.08648800849914551,-0.04879990592598915,3.0202667713165283,3.3461446794323173,1514.3757609685124,0.4687231183052063,0.4062161147594452,0.11345323920249939,0.0662662535905838,0.004568060860037804,0.2969565689563751
161,0.024015653878450394,0.06374656409025192,0.1240321695804596,-0.14333052933216095,2.2867138385772705,2.6543755339844526,748.9785320292109,0.8109255433082581,0.14324696362018585,0.04550454020500183,0.006132330279797316,0.0002830878656823188,0.7509300708770752
162,0.023161986842751503,0.06422875076532364,0.12380674481391907,-0.06524220108985901,2.415564775466919,2.7730242314100475,662.7061475374605,0.8407630920410156,0.12002024799585342,0.03893790394067764,0.06648480147123337,0.0007188405143097043,0.7030196785926819
163,0.014531772583723068,0.052507638931274414,0.09883561730384827,-0.2562778890132904,3.0109901428222656,3.6132989712813517,1282.5045460412923,0.5596907734870911,0.3365928828716278,0.09868926554918289,0.07710528373718262,0.0009086706559173763,0.38035815954208374
164,0.01865193620324135,0.057190749794244766,0.11079137772321701,-0.1223352700471878,2.6176023483276367,3.0662098115711927,1039.2391381438729,0.6861693859100342,0.2371569722890854,0.07206238806247711,0.015324421226978302,0.0017513114726170897,0.6219655871391296
165,0.015163722448050976,0.05818241462111473,0.09901554882526398,-0.24590657651424408,2.917424440383911,3.8369480064412604,1280.0942754451721,0.578233003616333,0.3113076388835907,0.09764507412910461,0.08482728153467178,0.00459737004712224,0.40432965755462646
166,0.032290294766426086,0.06285442411899567,0.1240321695804596,0.05517139658331871,1.9303712844848633,1.9465422837329491,532.6079435214951,0.9076582789421082,0.06829208880662918,0.02399423159658909,0.009163681417703629,0.00013138614303898066,0.8510820865631104
167,0.02287178859114647,0.06302987784147263,0.12273097038269043,-0.12830959260463715,2.4230198860168457,2.755791379739988,718.6784146889579,0.812402606010437,0.1439570039510727,0.042314931750297546,0.07254191488027573,0.0017289031529799104,0.6887494325637817
168,0.015493386425077915,0.05863605812191963,0.10736595094203949,-0.10991695523262024,3.0533149242401123,3.784586307305,1355.9811679087297,0.5421271324157715,0.34424281120300293,0.10378144681453705,0.0587657205760479,0.0015758952358737588,0.4119250476360321
169,0.025672011077404022,0.06587367504835129,0.1240321695804596,-0.010365325026214123,2.272002696990967,2.5659725234290653,714.8284525512662,0.8287373185157776,0.1274215430021286,0.04360975697636604,0.014800761826336384,0.00032973854104056954,0.7335039973258972
170,0.01925550028681755,0.06026365980505943,0.11973981559276581,0.13269907236099243,2.8899669647216797,3.1296854874857067,865.7359046703688,0.7423945069313049,0.19106437265872955,0.06651231646537781,0.11919296532869339,0.0012765615247189999,0.49632322788238525
171,0.025240082293748856,0.06485486030578613,0.1240321695804596,-0.08411987125873566,2.4216606616973877,2.569518575590344,666.8336085978651,0.8362787365913391,0.12159471213817596,0.04171881452202797,0.0848638191819191,0.0005991273210383952,0.6765695214271545
172,0.02060927450656891,0.06458640098571777,0.1240321695804596,-0.02085479535162449,2.9085147380828857,3.133851264972862,847.3004518947095,0.7610056400299072,0.17429843544960022,0.06465409696102142,0.03024432063102722,0.0008483153651468456,0.6149583458900452
173,0.03092985600233078,0.06438778340816498,0.1240321695804596,-0.049204181879758835,2.1114320755004883,2.081735634373182,541.7159107357448,0.9007291197776794,0.07080196589231491,0.028362412005662918,0.016148215159773827,0.000303842214634642,0.8376638889312744
174,0.013056833297014236,0.0460626557469368,0.08799579739570618,-0.09515832364559174,2.8798913955688477,3.527858148724491,1546.2018495158213,0.45965638756752014,0.41007909178733826,0.11847013980150223,0.07492628693580627,0.0031465678475797176,0.3067426383495331
175,0.01649525947868824,0.0639818012714386,0.11559386551380157,-0.2188282608985901,3.037986993789673,3.8787993211154905,1233.1109989051233,0.5932255983352661,0.30717235803604126,0.09101146459579468,0.06695341318845749,0.002611612668260932,0.447394996881485
176,0.028195861726999283,0.06348715722560883,0.12403217703104019,0.04442274942994118,2.091212749481201,2.251648055237989,554.5557523193067,0.8973662853240967,0.0765698254108429,0.026001976802945137,0.00986512005329132,0.00034516185405664146,0.831893265247345
177,0.027104677632451057,0.06432393938302994,0.12403217703104019,-0.0021586280781775713,2.2320406436920166,2.373167475109351,617.3516743416692,0.8720221519470215,0.0940418392419815,0.03393543139100075,0.008786715567111969,0.0003998294414486736,0.8089434504508972
178,0.01221147459000349,0.041727568954229355,0.08020393550395966,0.07404928654432297,3.08520245552063,3.417078637249193,1991.5528773578287,0.25467178225517273,0.5801562666893005,0.14195801317691803,0.022401437163352966,0.003815874457359314,0.13515394926071167
179,0.015788469463586807,0.05608239397406578,0.10884451866149902,-0.132534921169281,2.8056323528289795,3.552110867988653,1085.0596376944434,0.6512453556060791,0.262574166059494,0.08601629734039307,0.056770555675029755,0.003941227216273546,0.42653536796569824
180,0.02148103527724743,0.05715608224272728,0.11316663026809692,-0.0660971850156784,2.278529167175293,2.660769441620249,746.9302628116195,0.8193360567092896,0.13132211565971375,0.04695684462785721,0.010122165083885193,0.0004423809878062457,0.7495816946029663
181,0.018128372728824615,0.062701016664505,0.12197959423065186,-0.01315188966691494,2.9820399284362793,3.4587228318264844,926.8919956959846,0.7282756567001343,0.20022818446159363,0.07070724666118622,0.04976233094930649,0.0007244925945997238,0.5364335775375366
182,0.015259318985044956,0.05424737185239792,0.1011856198310852,-0.21412472426891327,2.781881332397461,3.555032298755177,1235.5260217757514,0.6022931337356567,0.29353460669517517,0.08917843550443649,0.05427166447043419,0.0023497550282627344,0.481570839881897
183,0.028002461418509483,0.06415726989507675,0.1240321695804596,0.08512021601200104,2.2318243980407715,2.2911296594226536,610.3211063876817,0.8674107193946838,0.0987919420003891,0.033720653504133224,0.053585123270750046,0.0017744485521689057,0.7505366206169128
184,0.012793620117008686,0.048276398330926895,0.09221071004867554,-0.09559464454650879,3.098813056945801,3.7734744259735815,1740.8447965407693,0.3700444996356964,0.4749482572078705,0.13898183405399323,0.11840512603521347,0.002585639711469412,0.14577463269233704
185,0.03317970037460327,0.06313618272542953,0.1240321695804596,-0.10557954758405685,1.9868674278259277,1.902855722345612,493.3464880636506,0.9240044355392456,0.05523593723773956,0.02074793539941311,0.008766412734985352,0.0007057982147671282,0.8773888349533081
186,0.013878054916858673,0.05187341570854187,0.09920735657215118,-0.0857526883482933,3.0648233890533447,3.7378015878716324,1490.7197819168841,0.4868646264076233,0.38246503472328186,0.11462414264678955,0.01756545901298523,0.0024774339981377125,0.38017576932907104
187,0.02463531866669655,0.06513714790344238,0.1240321695804596,-0.10608541965484619,2.595637559890747,2.644055422301255,707.2943470386429,0.822075366973877,0.1338413506746292,0.044077806174755096,0.021849442273378372,0.0015000806888565421,0.7182492613792419
188,0.015639109537005424,0.05836639553308487,0.10760615766048431,-0.03386818245053291,2.9127132892608643,3.7320792076585705,1236.8322971276446,0.5839167833328247,0.32100048661231995,0.08751633763313293,0.007600500248372555,0.0015276666963472962,0.4598228931427002
189,0.012781074270606041,0.048078663647174835,0.0931033045053482,-0.13464771211147308,3.104647636413574,3.761707554895022,1643.556847562581,0.4391111731529236,0.4110898971557617,0.12710681557655334,0.08892776072025299,0.0010402394691482186,0.23941829800605774
190,0.011897830292582512,0.042420875281095505,0.0818244069814682,-0.05919444561004639,2.942793607711792,3.565429513982613,1757.5760877438017,0.3668586015701294,0.4800773561000824,0.13575276732444763,0.06420042365789413,0.0015373725909739733,0.18703195452690125
191,0.027169745415449142,0.06495390832424164,0.12403217703104019,-0.045403435826301575,2.1809346675872803,2.3906704802952317,615.1079341784609,0.8752536177635193,0.09014104306697845,0.03380870819091797,0.0032565805595368147,0.0006256296765059233,0.799187183380127
192,0.016765346750617027,0.05416983738541603,0.10677096247673035,-0.07991541922092438,2.7464561462402344,3.2310597679819133,1092.823525477634,0.6561573147773743,0.25990697741508484,0.07981159538030624,0.019049031659960747,0.0004181027179583907,0.5464022159576416
193,0.02415423095226288,0.062178079038858414,0.1240321695804596,-0.07476812601089478,2.2084646224975586,2.5742106697236444,612.6507075293492,0.8747968077659607,0.08803656697273254,0.035873040556907654,0.008410222828388214,0.00042165760532952845,0.8234035968780518
194,0.011998197063803673,0.039771292358636856,0.07934194058179855,-0.07130931317806244,3.076525926589966,3.3147723898705306,1846.9021051235256,0.32335516810417175,0.5191478133201599,0.135464146733284,0.06259460747241974,0.004062579944729805,0.16193994879722595
195,0.028491171076893806,0.06487149000167847,0.1240321695804596,-0.09838298708200455,2.2926993370056152,2.276897984443048,619.1580439917109,0.8666988611221313,0.09677287191152573,0.03582855686545372,0.04192541912198067,0.00019203050760552287,0.7600815296173096
196,0.015229052864015102,0.047661472111940384,0.09084023535251617,-0.06997154653072357,2.7645785808563232,3.129641254409889,1337.5694524654155,0.563950777053833,0.3253442049026489,0.09766794741153717,0.024612735956907272,0.004237072542309761,0.4583817720413208
197,0.013214130885899067,0.046437401324510574,0.090263731777668,-0.044367723166942596,3.0531492233276367,3.514222896834643,1547.2829334430523,0.4715016186237335,0.3983156979084015,0.11644337326288223,0.017585331574082375,0.0008649368537589908,0.3577653765678406
198,0.026963574811816216,0.06367816030979156,0.12400681525468826,-0.004614531993865967,2.063296318054199,2.3616364206842606,574.8797396524119,0.8886732459068298,0.08310462534427643,0.028222115710377693,0.009028603322803974,0.0016011279076337814,0.8213688135147095
199,0.01803465560078621,0.06328755617141724,0.11450842022895813,-0.26647311449050903,2.8261756896972656,3.5092190041682327,1017.1104382908401,0.6866646409034729,0.2378741055727005,0.06922391802072525,0.05155882239341736,0.0014559428673237562,0.5753952860832214
200,0.014378412626683712,0.049758996814489365,0.09690539538860321,-0.11375159025192261,3.179424285888672,3.4606738659513128,1379.6496172293323,0.5207974910736084,0.36799249053001404,0.10474173724651337,0.01868787407875061,0.001633416279219091,0.33265984058380127
201,0.026114217936992645,0.06510493904352188,0.1240321695804596,-0.08097229152917862,2.3441052436828613,2.4930840049704504,632.0686513066596,0.8585048913955688,0.10470478981733322,0.036477696150541306,0.06192135065793991,0.0021949438378214836,0.7230914831161499
202,0.014130134135484695,0.05027821287512779,0.09749635308980942,-0.027804693207144737,2.9194297790527344,3.558226156205198,1474.234253297786,0.49114349484443665,0.3833370804786682,0.11133264750242233,0.06824075430631638,0.004412283189594746,0.33395877480506897
203,0.015618369914591312,0.054250672459602356,0.10742895305156708,-0.13845039904117584,3.002413511276245,3.4735169388865392,1272.0512507776423,0.5870177745819092,0.31148573756217957,0.08946174383163452,0.028735293075442314,0.0047888606786727905,0.4788197875022888
204,0.04040184244513512,0.06430820375680923,0.1240321695804596,-0.05687195807695389,1.6544880867004395,1.5917146313945152,471.29665927980335,0.9376124739646912,0.04488670080900192,0.01657414250075817,0.015143409371376038,5.70281918044202e-05,0.893110454082489
205,0.020319387316703796,0.0636628121137619,0.1174754723906517,-0.25677064061164856,2.843029022216797,3.133106875633697,908.2222211669714,0.7170606851577759,0.21611355245113373,0.06558733433485031,0.14635136723518372,0.004495329223573208,0.5072126984596252
206,0.011157609522342682,0.04538499563932419,0.07958676666021347,-0.056482020765542984,3.1176555156707764,4.067627169097006,2020.9394381547286,0.26965799927711487,0.5415101051330566,0.15833744406700134,0.029342487454414368,0.0035763480700552464,0.14958982169628143
207,0.03002128377556801,0.0646452009677887,0.1240321695804596,-0.25366902351379395,2.2220890522003174,2.153312344965244,517.0425910678257,0.9115175008773804,0.06334610283374786,0.025062447413802147,0.03356381505727768,0.00026689330115914345,0.8314632773399353
208,0.018829086795449257,0.061356332153081894,0.11815927922725677,-0.05242385342717171,2.5212647914886475,3.2585930914425614,942.496838806102,0.7237365245819092,0.20254695415496826,0.06805258244276047,0.09812255203723907,0.003566477680578828,0.5607912540435791
209,0.01242531556636095,0.04380902647972107,0.08617828786373138,-0.011920172721147537,2.9946234226226807,3.525787835505718,1794.8120336841223,0.36180683970451355,0.49158045649528503,0.12913861870765686,0.037472937256097794,0.0019263786962255836,0.23387889564037323
210,0.020687872543931007,0.06495033204555511,0.12403217703104019,-0.00940941832959652,2.6736395359039307,3.1395365523686682,834.0915717572155,0.7698095440864563,0.16808174550533295,0.061938829720020294,0.05373696610331535,0.0009802113054320216,0.5993053913116455
211,0.02947760745882988,0.06460098177194595,0.1240321695804596,-0.09863480925559998,2.14717173576355,2.1915273096698864,585.307020487733,0.8818414211273193,0.08807474374771118,0.029895443469285965,0.005428231321275234,0.0007817387231625617,0.8012691140174866
212,0.015193620696663857,0.05200757458806038,0.10397876799106598,-0.055484093725681305,3.034461736679077,3.422987556616901,1333.2566573862393,0.5479294657707214,0.340480774641037,0.09872860461473465,0.10066854953765869,0.006095584016293287,0.3849799633026123
213,0.021678701043128967,0.06434906274080276,0.1240321695804596,-0.10486859083175659,2.679002046585083,2.968308046216164,841.4807033640759,0.7635990381240845,0.17894625663757324,0.057053182274103165,0.007076786365360022,0.00046217531780712306,0.6766364574432373
214,0.03184816986322403,0.06511608511209488,0.1240321695804596,-0.060916438698768616,2.0593173503875732,2.0445785547395507,584.4546831529059,0.8851011991500854,0.08553971350193024,0.028129952028393745,0.006259683519601822,0.001017755945213139,0.8251627087593079
215,0.015583275817334652,0.05133815482258797,0.1023794412612915,-0.06531618535518646,2.8700203895568848,3.294439206561792,1241.9383523948466,0.5995733141899109,0.2926933467388153,0.09724775701761246,0.02129795029759407,0.0006654970929957926,0.5105685591697693
216,0.015185709111392498,0.05608734115958214,0.10935495793819427,0.11447364091873169,3.001382827758789,3.6934291803213406,1281.481208314828,0.5483921766281128,0.35251298546791077,0.08986771106719971,0.19303305447101593,0.002190148923546076,0.26841291785240173
217,0.01875835843384266,0.06353065371513367,0.11464163661003113,-0.22797910869121552,2.8512306213378906,3.3867917566352097,924.177211160742,0.7208721041679382,0.21421170234680176,0.05819316208362579,0.11423834413290024,0.0007180074462667108,0.5403258800506592
218,0.034403104335069656,0.06390535086393356,0.1240321695804596,-0.055382512509822845,1.9262194633483887,1.8575460586250794,511.2507195074599,0.9198228120803833,0.05604086443781853,0.0239912997931242,0.010894441977143288,0.00020846731786150485,0.8667023181915283
219,0.03427499160170555,0.06438704580068588,0.12403217703104019,0.0017710929969325662,1.8674978017807007,1.878543007304585,518.2194382426944,0.915763258934021,0.062175050377845764,0.02192794531583786,0.028911801055073738,0.00030772530590184033,0.8450831174850464
220,0.013868861831724644,0.042105257511138916,0.08360695093870163,-0.10793587565422058,2.934974193572998,3.035956231951805,1448.0979951869517,0.5244367718696594,0.34662064909935,0.1074286475777626,0.02615886926651001,0.0025363729801028967,0.41565826535224915
221,0.029203016310930252,0.06400460004806519,0.12403217703104019,-0.021198803558945656,2.321490526199341,2.1917119575732835,557.3247897073944,0.8901781439781189,0.08173041045665741,0.028082866221666336,0.00438360869884491,0.0012353577185422182,0.8199074864387512
222,0.022325024008750916,0.06305572390556335,0.1240321695804596,-0.21328642964363098,2.687910318374634,2.8244414822587633,761.5199520524468,0.7906454205513,0.16508571803569794,0.04240378737449646,0.04605080187320709,0.000741880270652473,0.6983378529548645
223,0.029963014647364616,0.06525830179452896,0.12403217703104019,-0.04791506752371788,2.0273540019989014,2.1779618159379956,588.246826837853,0.8836182355880737,0.08648861944675446,0.029775470495224,0.0064586130902171135,0.00039762494270689785,0.8296765089035034
224,0.015417046844959259,0.05506934970617294,0.10160751640796661,-0.12894082069396973,2.950071334838867,3.5719778409187604,1414.7240601839662,0.5042932033538818,0.3857576549053192,0.1022547259926796,0.09304182976484299,0.005131968762725592,0.3121904134750366
225,0.01132979430258274,0.03902015462517738,0.07389858365058899,-0.058445435017347336,2.99242901802063,3.4440302780111653,1996.5469895774497,0.2680991590023041,0.5571354031562805,0.15211862325668335,0.04943399503827095,0.00021272062440402806,0.09844692796468735
226,0.012564701028168201,0.04729236289858818,0.09358566999435425,0.010178615339100361,3.249638557434082,3.7639067407017315,1649.130303806745,0.4194951355457306,0.43545791506767273,0.12801030278205872,0.04157452657818794,0.0010205165017396212,0.28914573788642883
227,0.02392272651195526,0.06384293735027313,0.1240321695804596,-0.06463659554719925,2.3827595710754395,2.6687149274435438,661.3209941272409,0.8445179462432861,0.1121850311756134,0.04328295215964317,0.06212442368268967,0.00013129273429512978,0.719572126865387
228,0.01624687761068344,0.05572885647416115,0.11094487458467484,-0.11047668009996414,2.759563684463501,3.4301271792732324,1272.6120429548437,0.5844051241874695,0.3160076439380646,0.09166286140680313,0.012828432023525238,0.002558932639658451,0.5047805309295654
229,0.033372703939676285,0.06425228714942932,0.12403217703104019,-0.12154661118984222,2.10500431060791,1.9252946139349378,512.6672516176922,0.9119501709938049,0.06398788094520569,0.023339230567216873,0.010854995809495449,0.00020694342674687505,0.8576136231422424
230,0.03268824890255928,0.06559691578149796,0.1240321695804596,0.01768672466278076,2.0656259059906006,2.0067430340190353,547.2594096892894,0.897808313369751,0.07462575286626816,0.027112506330013275,0.026485882699489594,0.0005552248912863433,0.8193563222885132
231,0.015477947890758514,0.0598149299621582,0.10757637023925781,-0.1821521818637848,2.8615286350250244,3.8645258648278324,1278.7307423947054,0.588141679763794,0.30816563963890076,0.09508535265922546,0.03544119372963905,0.002486358629539609,0.47231847047805786
232,0.01869112066924572,0.06084860488772392,0.11921316385269165,0.11469430476427078,2.681532144546509,3.2554818922435427,818.1850765007613,0.7738063931465149,0.16504016518592834,0.06088637560606003,0.05867258459329605,0.0005284847575239837,0.6080449223518372
233,0.014808746054768562,0.054656099528074265,0.09491991996765137,-0.12508420646190643,2.9253084659576416,3.690798621452737,1408.0805036795525,0.5246143341064453,0.3549995720386505,0.10262145102024078,0.0508572943508625,0.0031875139102339745,0.3959655165672302
234,0.03582971170544624,0.06481444090604782,0.1240321695804596,-0.008046717382967472,1.91558837890625,1.8089579240010139,519.5124582721633,0.9151148200035095,0.06023365259170532,0.024244273081421852,0.00508119584992528,0.0012306974967941642,0.8751761317253113
235,0.012958244420588017,0.04119851440191269,0.08113710582256317,0.03868858888745308,2.9846432209014893,3.179328392145258,1766.5062536665916,0.3655376732349396,0.48535043001174927,0.12842606008052826,0.04609069228172302,0.003128527896478772,0.21981067955493927
236,0.018407287076115608,0.059256475418806076,0.1160898506641388,-0.06261221319437027,2.8244330883026123,3.2191857045830066,802.9829356831149,0.7638581991195679,0.1719760298728943,0.06414695829153061,0.167137011885643,0.0005946123856119812,0.49879640340805054
237,0.03436204791069031,0.06388898193836212,0.12403217703104019,-0.0731675773859024,1.924182653427124,1.8592891233536306,516.4352339265031,0.9172955751419067,0.05900255963206291,0.023421650752425194,0.00729577150195837,0.0002119747077813372,0.8608916997909546
238,0.013305366970598698,0.04552307352423668,0.0893787294626236,0.06731832027435303,3.1563374996185303,3.4214068369109314,1722.9790539156854,0.3737819492816925,0.48879560828208923,0.1260318160057068,0.004319053143262863,0.0032903235405683517,0.257042795419693
239,0.01361165102571249,0.04427964612841606,0.08744494616985321,-0.07199342548847198,2.813864231109619,3.253069450687391,1645.1324171186936,0.39644572138786316,0.46479514241218567,0.12899649143218994,0.08798190951347351,0.004017813131213188,0.21614693105220795
240,0.027820629999041557,0.06444626301527023,0.12403217703104019,-0.08763883262872696,2.427460193634033,2.316491862879236,592.3323185166842,0.8746095299720764,0.09317775070667267,0.032045479863882065,0.03166644275188446,0.0011366578983142972,0.7741614580154419
241,0.014473823830485344,0.04882281646132469,0.0951075404882431,-0.05555260553956032,2.817984104156494,3.3731802341768837,1290.1135200464828,0.5580773949623108,0.3380959630012512,0.09653756767511368,0.07405481487512589,0.0010176479117944837,0.391807496547699
242,0.01613176055252552,0.05789683386683464,0.10292530059814453,-0.14944908022880554,2.831538200378418,3.588996605468556,1295.3029382676852,0.5782415270805359,0.3127250671386719,0.10194218158721924,0.050827231258153915,0.002278686501085758,0.44171053171157837
243,0.03227411210536957,0.06355999410152435,0.1240321695804596,0.011356309987604618,1.9086436033248901,1.9693800991966022,501.64155859018945,0.9246998429298401,0.05425889790058136,0.021013803780078888,0.002839580411091447,0.0002941912680398673,0.8821908831596375
244,0.026040932163596153,0.06577251106500626,0.1240321695804596,-0.15283240377902985,2.4890239238739014,2.525735662966283,665.2778247222565,0.833382785320282,0.12311967462301254,0.04318899288773537,0.025733305141329765,0.0003723199188243598,0.7507646083831787
245,0.01260476466268301,0.0447952039539814,0.08535167574882507,-0.16521495580673218,3.232109546661377,3.553831043196375,1779.8853591086888,0.36594730615615845,0.47441402077674866,0.13739649951457977,0.06790062040090561,0.0022779377177357674,0.21732451021671295
246,0.018946999683976173,0.06336989253759384,0.1151934415102005,-0.16914169490337372,2.563591718673706,3.344587195398665,1059.834259184762,0.6707655787467957,0.2515028417110443,0.07166825979948044,0.02253876067698002,0.0032725860364735126,0.576974630355835
247,0.022328628227114677,0.06409145891666412,0.12403217703104019,-0.07288684695959091,2.452813148498535,2.870371536571358,692.8484379653032,0.842367947101593,0.11165610700845718,0.04579872265458107,0.012331206351518631,0.00018029147759079933,0.7460016012191772
248,0.012558878399431705,0.04474310949444771,0.08753469586372375,-0.12941238284111023,2.9302988052368164,3.5626676258693357,1770.8894910540976,0.3618607223033905,0.48312413692474365,0.1449332982301712,0.04783715307712555,0.002005780814215541,0.22940704226493835
249,0.013878285884857178,0.05223984643816948,0.09688711166381836,-0.08979513496160507,2.922095775604248,3.7641425510195807,1704.5981370679253,0.38756856322288513,0.47086429595947266,0.1313755214214325,0.008261013776063919,0.003468618029728532,0.2657063603401184
250,0.02233877405524254,0.06009820103645325,0.11723355948925018,0.1822393536567688,2.5012831687927246,2.6903088273843254,688.7659842531091,0.8317791223526001,0.12352126836776733,0.044690247625112534,0.09462599456310272,0.00024908201885409653,0.654150128364563
251,0.01923665776848793,0.059598613530397415,0.11230741441249847,-0.08344744145870209,2.6907460689544678,3.098179228666701,863.2842003686239,0.7462871074676514,0.1918104588985443,0.06173364445567131,0.08553323149681091,0.0002717194438446313,0.5591396689414978
252,0.013563522137701511,0.04583772271871567,0.08651077747344971,-0.1782139092683792,2.9686453342437744,3.3794852288348083,1504.4323536846346,0.48236796259880066,0.3835238516330719,0.12288140505552292,0.12321517616510391,0.0025581230875104666,0.28024086356163025
253,0.012189837172627449,0.039859551936388016,0.0779733806848526,0.033804699778556824,2.965712070465088,3.269900275831709,1843.8531539064393,0.3248802423477173,0.5197893381118774,0.13358306884765625,0.05607253685593605,0.0037740529514849186,0.1732919067144394
254,0.01954951137304306,0.05977015942335129,0.11879776418209076,0.05128604918718338,2.675048351287842,3.057373572145202,833.6496534293933,0.7654452919960022,0.1664368063211441,0.0681033581495285,0.031657323241233826,0.0010057009058073163,0.6317514777183533
255,0.01955104060471058,0.06443115323781967,0.12060365080833435,-0.16385097801685333,3.2555148601531982,3.29553574856779,882.2102562392946,0.738174557685852,0.19706286489963531,0.0647624284029007,0.1051044836640358,0.0012644777307286859,0.5035467147827148
256,0.013634725473821163,0.047809530049562454,0.09368070960044861,-0.04775695502758026,2.9845335483551025,3.5064534403608545,1538.3904257714257,0.4604143500328064,0.41070297360420227,0.12014847248792648,0.009678861126303673,0.003174520330503583,0.34636226296424866
257,0.023342499509453773,0.0633794516324997,0.12403217703104019,-0.19236914813518524,2.452436685562134,2.7151955858075807,652.1414360185619,0.8449513912200928,0.11258921027183533,0.042332034558057785,0.057080041617155075,0.0013325002510100603,0.7204625010490417
258,0.01565553806722164,0.05327349528670311,0.09554730355739594,-0.0731644257903099,2.6110098361968994,3.402853038621534,1186.585734855184,0.6292330622673035,0.2733772099018097,0.08870633691549301,0.04137300327420235,0.002056672004982829,0.5057041049003601
259,0.020325539633631706,0.06609176099300385,0.1240321695804596,-0.12363506108522415,2.952627420425415,3.251660825791473,911.8998139949769,0.7236537337303162,0.2095438838005066,0.06594091653823853,0.06644057482481003,0.00028405466582626104,0.4978727102279663
260,0.016214841976761818,0.052154701203107834,0.10386703908443451,-0.12107118219137192,2.8908190727233887,3.2164791537676707,1229.5317062803035,0.5895403623580933,0.3192475736141205,0.08621949702501297,0.011854467913508415,0.003208193462342024,0.5065104365348816
261,0.01538812555372715,0.046055737882852554,0.09136220812797546,-0.08497624844312668,2.729912757873535,2.992940090010149,1180.1154503986356,0.6273788213729858,0.2802717089653015,0.08019692450761795,0.016073498874902725,0.0032864087261259556,0.5456660985946655
262,0.018372127786278725,0.06290823221206665,0.12155014276504517,-0.07295307517051697,2.7948617935180664,3.424112489334291,961.4668167986903,0.7170015573501587,0.20885777473449707,0.06861011683940887,0.125090092420578,0.0017105990555137396,0.5413545966148376
263,0.012787646614015102,0.05764031782746315,0.09653106331825256,-0.1636865735054016,3.2171194553375244,4.5075000555444324,1636.0839476739663,0.4207650125026703,0.4417654871940613,0.11411869525909424,0.0518847331404686,0.0020494700875133276,0.2883831858634949
264,0.021166104823350906,0.06475477665662766,0.12403217703104019,-0.1542639434337616,2.97639799118042,3.059361993810473,817.1846145517679,0.7676303386688232,0.1750348061323166,0.05721895769238472,0.0212471392005682,0.0012719281949102879,0.6398786902427673
265,0.01685137115418911,0.0525626465678215,0.10205282270908356,-0.09134906530380249,2.724327325820923,3.119191078503762,1136.419799304689,0.6316045522689819,0.2797788679599762,0.08251848071813583,0.10506770014762878,0.002493665087968111,0.427158921957016
266,0.016715601086616516,0.04955253750085831,0.09285566210746765,-0.13203994929790497,2.5307302474975586,2.96444843599244,1074.4490095501137,0.6673718094825745,0.2521645128726959,0.07738641649484634,0.017639420926570892,0.0008272951818071306,0.5568752884864807
267,0.017488552257418633,0.05778080224990845,0.11250337958335876,-0.2137473076581955,2.9152235984802246,3.303921410767089,994.4566358858422,0.7086719870567322,0.21400196850299835,0.0681142583489418,0.029325123876333237,0.0009547247318550944,0.6136832237243652
268,0.012997199781239033,0.04521029815077782,0.0824258029460907,-0.10396615415811539,2.8993029594421387,3.4784645083750045,1649.5372838343208,0.416596382856369,0.4411209523677826,0.12432586401700974,0.010393204167485237,0.0018559253076091409,0.3176155090332031
269,0.015231966972351074,0.04385222867131233,0.08561911433935165,-0.1386750340461731,2.648660182952881,2.8789603304703544,1113.9356074815403,0.6505804657936096,0.2632940709590912,0.07595276087522507,0.031941886991262436,0.0012016163673251867,0.5546188950538635
270,0.024947350844740868,0.06396898627281189,0.1240321695804596,-0.015723027288913727,2.275400161743164,2.564159484041288,650.980211333107,0.8508474826812744,0.11027108132839203,0.03887233883142471,0.05181610956788063,0.000469379621790722,0.7250503301620483
271,0.01870625838637352,0.06321078538894653,0.12143703550100327,-0.2522570490837097,2.8895907402038574,3.379125000839986,874.1117774896037,0.7431331872940063,0.1888890266418457,0.06433750689029694,0.044979121536016464,0.001385376905091107,0.6331751346588135
272,0.015100141055881977,0.051033180207014084,0.10059301555156708,-0.15687662363052368,2.8183374404907227,3.379649237366257,1315.760385493669,0.5676984786987305,0.32282882928848267,0.09599225968122482,0.0514090359210968,0.0020506922155618668,0.4222296178340912
273,0.014753388240933418,0.050445444881916046,0.0988946184515953,-0.22069507837295532,3.0726847648620605,3.4192447222757565,1243.1503330790238,0.5850936770439148,0.3153390884399414,0.09020501375198364,0.1255931407213211,0.0035756947472691536,0.3818298876285553
274,0.016118694096803665,0.05160665139555931,0.10031942278146744,-0.0035114602651447058,2.67842173576355,3.2016645444367136,1119.8628027564178,0.6494288444519043,0.2651921510696411,0.07955073565244675,0.026922469958662987,0.0021902492735534906,0.5436827540397644
275,0.024795621633529663,0.0631067082285881,0.12267608940601349,-0.022505152970552444,2.2983450889587402,2.5450746570800846,644.0335031160832,0.85435551404953,0.10643960535526276,0.03919818624854088,0.06568547338247299,0.0008599651628173888,0.7236005663871765
276,0.035447925329208374,0.06396767497062683,0.1240321695804596,-0.040684353560209274,1.771500825881958,1.8045534223723443,484.1666105194737,0.9333179593086243,0.048799388110637665,0.01745964214205742,0.002782176248729229,0.0003320806135889143,0.9011379480361938
277,0.014642038382589817,0.05385202914476395,0.10650056600570679,0.013239187188446522,3.0461931228637695,3.6779052024012615,1236.8495130386245,0.5699194073677063,0.33973923325538635,0.0853070318698883,0.09243001788854599,0.0020334934815764427,0.3724066913127899
278,0.026001403108239174,0.06371355801820755,0.12403217703104019,-0.09539748728275299,2.2786946296691895,2.4503892251710053,688.2052369576066,0.836979866027832,0.1194881871342659,0.04330091178417206,0.01744874380528927,0.001065773074515164,0.7672590017318726
279,0.028870820999145508,0.06418681144714355,0.12403217703104019,-0.10568743944168091,2.1608762741088867,2.2232416406454134,580.2930656580246,0.8826979994773865,0.08769403398036957,0.029599903151392937,0.024702120572328568,0.00021557255240622908,0.8018642067909241
280,0.011630118824541569,0.038565635681152344,0.0727011114358902,-0.03201919421553612,3.012808084487915,3.316013899742464,1864.5407660369533,0.31852635741233826,0.5182321071624756,0.14224481582641602,0.13273049890995026,0.0039929673075675964,0.08942053467035294
281,0.04131115600466728,0.06406046450138092,0.12403217703104019,-0.03900375962257385,1.6377527713775635,1.5506819633077509,448.84636582439026,0.9492490887641907,0.03573358431458473,0.014525649137794971,0.012354202568531036,0.0002844707341864705,0.9057298302650452
282,0.011487601324915886,0.03915195167064667,0.07820992171764374,-0.13289965689182281,3.020045757293701,3.4081920637618532,1833.707268805602,0.3387233316898346,0.5003560781478882,0.14129436016082764,0.06525052338838577,0.005654658190906048,0.1692802459001541
283,0.03176826238632202,0.06404896080493927,0.12403217703104019,-0.059507060796022415,2.0023398399353027,2.0161304393689385,549.4233294244005,0.9033822417259216,0.07127299904823303,0.02502010203897953,0.0035256491973996162,0.0003952319675590843,0.8315587043762207
284,0.013857970014214516,0.05340837314724922,0.10352099686861038,-0.005507332738488913,3.0015738010406494,3.8539824439375137,1527.4973236439448,0.4812166094779968,0.3807322382926941,0.12112292647361755,0.01691291108727455,0.0018827602034434676,0.3770163953304291
285,0.01672431081533432,0.054445262998342514,0.10053496807813644,-0.25525709986686707,2.808364152908325,3.25545629929138,1066.9044854010792,0.6665007472038269,0.24919496476650238,0.07665330916643143,0.04071347042918205,0.000763320189435035,0.5342819690704346
286,0.013861383311450481,0.04145163297653198,0.08032271265983582,-0.16010914742946625,2.7702507972717285,2.9904398458774,1467.4789581295415,0.48879650235176086,0.3903745710849762,0.11144977062940598,0.0420348085463047,0.0007396597065962851,0.36414834856987
287,0.015472381375730038,0.056186363101005554,0.10220541059970856,-0.21320685744285583,3.0464565753936768,3.631397244738811,1147.7510916271892,0.6287673115730286,0.2751554846763611,0.096058189868927,0.0351145900785923,0.0020099543035030365,0.41324010491371155
288,0.021946066990494728,0.06421548873186111,0.1240321695804596,0.06041688099503517,2.512495994567871,2.9260590864298393,722.5342124552446,0.8113534450531006,0.14151795208454132,0.04680934548377991,0.0732203796505928,0.0008873441256582737,0.6574777364730835
289,0.018424142152071,0.06328221410512924,0.12216532230377197,-0.11484687775373459,2.6943199634552,3.4347441297059875,1169.7993994711378,0.6337688565254211,0.27711057662963867,0.08310446888208389,0.007012028247117996,0.001327975420281291,0.5530324578285217
290,0.013028584420681,0.04903150349855423,0.09075713902711868,-0.14497710764408112,3.2789483070373535,3.7633791908321523,1867.7703968931205,0.30438387393951416,0.536230206489563,0.15059736371040344,0.07676254212856293,0.003085399279370904,0.11505871266126633
291,0.023122744634747505,0.06260542571544647,0.12403217703104019,-0.11280670762062073,2.3634119033813477,2.70752571555278,747.8482712792724,0.8100879192352295,0.14219984412193298,0.04479973390698433,0.05754368379712105,0.001719944877550006,0.7065165042877197
292,0.037568192929029465,0.06374771893024445,0.1240321695804596,-0.023899925872683525,1.7848989963531494,1.696853480522052,494.49462840909683,0.928095817565918,0.05165216326713562,0.020151767879724503,0.00142031314317137,0.00024414034851361066,0.8969811201095581
293,0.01577051170170307,0.060139250010252,0.11166483163833618,0.0005729561671614647,2.887004852294922,3.813398775129415,1253.5581425724886,0.5818074941635132,0.31380265951156616,0.09652959555387497,0.018400276079773903,0.00024333535111509264,0.4564202129840851
294,0.021223273128271103,0.06539992243051529,0.1240321695804596,-0.04016708955168724,2.6703550815582275,3.0815191432614526,847.9640593467678,0.7453669905662537,0.19389155507087708,0.060740310698747635,0.1281404048204422,0.0008599724969826639,0.515873372554779
295,0.013907834887504578,0.05226019397377968,0.09955613315105438,0.06137744337320328,2.9126641750335693,3.757608167823086,1497.9484424666668,0.4686903655529022,0.40423062443733215,0.10734600573778152,0.14218677580356598,0.0024780796375125647,0.23743155598640442
296,0.015479166992008686,0.054930586367845535,0.1003863513469696,-0.13227654993534088,2.801229476928711,3.548678452313064,1187.4109760698375,0.5990163683891296,0.31404316425323486,0.08295417577028275,0.06761084496974945,0.0002747445832937956,0.4580123722553253
297,0.014775604009628296,0.05628231540322304,0.10095274448394775,-0.0671939104795456,3.08207631111145,3.8091380469277865,1243.1548384917596,0.5829353928565979,0.31788694858551025,0.09425104409456253,0.009784623049199581,0.0006621640641242266,0.4766732156276703
298,0.015021000057458878,0.04992014169692993,0.09398543834686279,-0.181338831782341,2.8645102977752686,3.3233567340823,1378.1112575212765,0.5289705991744995,0.36377134919166565,0.09757503867149353,0.017190927639603615,0.003074627136811614,0.44058459997177124
299,0.013383653946220875,0.04342184215784073,0.0862932801246643,-0.08367694914340973,3.040921211242676,3.2443936707476886,1570.7052484004935,0.43452876806259155,0.42730712890625,0.12243003398180008,0.14066100120544434,0.0032893468160182238,0.21235062181949615
300,0.012750361114740372,0.047181062400341034,0.09092724323272705,-0.0613735169172287,3.0324864387512207,3.700370677509347,1736.6904492115304,0.3601319193840027,0.49240460991859436,0.13574619591236115,0.02364574559032917,0.0012619473272934556,0.20317961275577545
301,0.035761576145887375,0.0639205202460289,0.1240321695804596,-0.004337110091000795,1.7953392267227173,1.787407802818345,483.4277504030738,0.9330535531044006,0.04697775840759277,0.01964554563164711,0.0033151675015687943,0.00045001760008744895,0.8967483639717102
302,0.015701230615377426,0.060812950134277344,0.11456873267889023,-0.23782390356063843,2.8326964378356934,3.8731327257142127,1247.8295219931679,0.5837584137916565,0.3234518766403198,0.08516793698072433,0.040316760540008545,0.0002638932201080024,0.46320971846580505
303,0.03771332651376724,0.06478442996740341,0.1240321695804596,-0.16778692603111267,1.870174527168274,1.7178126660886321,457.76603060046807,0.937628448009491,0.044017527252435684,0.01777915097773075,0.03018408641219139,0.002448150422424078,0.869945228099823
304,0.022634681314229965,0.06270213425159454,0.12384077906608582,-0.154627725481987,2.316145896911621,2.7701796803918244,732.523687582055,0.8181467056274414,0.135939821600914,0.044040024280548096,0.04952292889356613,0.0006296838982962072,0.7223841547966003
305,0.034097980707883835,0.06318144500255585,0.1240321695804596,-0.03273378685116768,1.8353843688964844,1.8529380241597313,493.2650685941515,0.9282993674278259,0.05276324227452278,0.018891284242272377,0.016168415546417236,0.00017855521582532674,0.8866984844207764
306,0.013298911973834038,0.04664050042629242,0.09174193441867828,-0.08188743889331818,2.8517494201660156,3.507091445868034,1563.346576429094,0.45776310563087463,0.40969645977020264,0.11566043645143509,0.008364671841263771,0.003766547655686736,0.33792150020599365
307,0.03065330721437931,0.06446973979473114,0.1240321695804596,-0.025096943601965904,2.0854711532592773,2.1031903455554555,579.675503370131,0.8890005946159363,0.08081455528736115,0.02989969588816166,0.001030836603604257,0.00018289597937837243,0.8359794616699219
308,0.012302574701607227,0.045087024569511414,0.08780678361654282,-0.07787270843982697,3.158853769302368,3.6648446084994166,1756.4652405853687,0.365732342004776,0.47890281677246094,0.13985206186771393,0.08454188704490662,0.004168287385255098,0.1773843765258789
309,0.022840457037091255,0.06626753509044647,0.1240321695804596,-0.10214105993509293,2.691969633102417,2.901322639031761,798.9046273491803,0.7738965153694153,0.17432351410388947,0.051778052002191544,0.04853389784693718,0.000926374748814851,0.62808758020401
310,0.017361672595143318,0.05391635000705719,0.10245337337255478,-0.09382156282663345,2.6565685272216797,3.105481324364684,999.6534032613413,0.7073514461517334,0.2158617228269577,0.06970304250717163,0.006562999915331602,0.00017038304940797389,0.6246998310089111
311,0.03050290048122406,0.06484127044677734,0.1240321695804596,0.06134876236319542,2.2125754356384277,2.125741140078282,567.8489627249186,0.8919711112976074,0.07777469605207443,0.0294367503374815,0.013009323738515377,0.0006872411468066275,0.8169680833816528
312,0.012090036645531654,0.04406106844544411,0.08206389844417572,-0.07860486954450607,3.0368478298187256,3.6444114880399625,1806.021966728554,0.35534507036209106,0.48469850420951843,0.1308009773492813,0.06260617077350616,0.0036108940839767456,0.219701886177063
313,0.017938213422894478,0.05407700315117836,0.10786367952823639,0.06242826208472252,2.747781991958618,3.014625920279522,898.5098814878593,0.7391431927680969,0.18997147679328918,0.07081738114356995,0.013608595356345177,0.002979032462462783,0.5860670208930969
314,0.019829036667943,0.06316811591386795,0.1224813163280487,-0.00863643828779459,2.7758960723876953,3.185637152651207,884.0429853110395,0.7510570883750916,0.17998333275318146,0.06868104636669159,0.02921820618212223,0.001162210712209344,0.5978069305419922
315,0.013563200831413269,0.043964285403490067,0.08632213622331619,0.040640875697135925,2.9511423110961914,3.24143879801768,1485.1334290985913,0.48552146553993225,0.3871265649795532,0.11359842866659164,0.07709421962499619,0.0028483516070991755,0.3221103847026825
316,0.0259613785892725,0.0630728155374527,0.1240321695804596,-0.0459308885037899,2.0909957885742188,2.429486374082058,667.5845494859167,0.8513861298561096,0.11022496968507767,0.03689241036772728,0.01737278141081333,0.001377805252559483,0.7845538854598999
317,0.01986292377114296,0.06357666105031967,0.12403217703104019,-0.0542115680873394,2.7070670127868652,3.2007705300406815,969.7279999925349,0.7121337056159973,0.21896767616271973,0.06522402167320251,0.016225241124629974,0.0004550188023131341,0.6335370540618896
318,0.013198165223002434,0.04587596654891968,0.08567867428064346,-0.06520765274763107,2.963134765625,3.4759351599485035,1593.311351498638,0.44718700647354126,0.4096149802207947,0.11940819770097733,0.020681751891970634,0.0026067427825182676,0.33255574107170105
319,0.011207778006792068,0.03674035519361496,0.07262104749679565,0.05492645502090454,3.0162739753723145,3.278112322359676,1847.016405715382,0.33482134342193604,0.5057410001754761,0.13705691695213318,0.07696477323770523,0.0040522972121834755,0.16080836951732635
320,0.023508349433541298,0.06477843225002289,0.12403217703104019,0.019370904192328453,2.5196034908294678,2.755549998539779,711.3980966029119,0.8274664282798767,0.1271461844444275,0.0453777052462101,0.015669671818614006,0.0006178956246003509,0.7333356738090515
321,0.013642516918480396,0.053527142852544785,0.09373302757740021,-0.038132213056087494,2.880986213684082,3.9235533419872404,1460.5761754112216,0.5063359141349792,0.3691631853580475,0.10538040846586227,0.008727776817977428,0.0020177927799522877,0.4322108328342438
322,0.015486428514122963,0.055245351046323776,0.1019899770617485,-0.2060863971710205,3.109626054763794,3.567339686640792,1353.051497627623,0.5370604991912842,0.35413607954978943,0.10071797668933868,0.07518725842237473,0.001018610899336636,0.37962284684181213
323,0.012321708723902702,0.04392930120229721,0.08510327339172363,-0.03274691849946976,3.17480206489563,3.565195557131959,1763.672972341138,0.3832710087299347,0.4562617242336273,0.13954420387744904,0.014828512445092201,0.003377456683665514,0.27457332611083984
324,0.011255534365773201,0.039861805737018585,0.07931332290172577,-0.11384722590446472,3.324300765991211,3.5415293879508973,2005.8319886813222,0.25852131843566895,0.5699545741081238,0.1422576606273651,0.05489741638302803,0.0046645263209939,0.1166645884513855
325,0.012246971018612385,0.044866349548101425,0.08744892477989197,-0.096476711332798,3.161959171295166,3.6634649887104445,1799.5326467287912,0.35213547945022583,0.4897412061691284,0.13577552139759064,0.0387781597673893,0.0031903479248285294,0.182283416390419
326,0.012850265949964523,0.04982885345816612,0.088011234998703,-0.19704332947731018,3.193448066711426,3.8776515325292573,1716.6445401040583,0.379607230424881,0.47519877552986145,0.12999127805233002,0.07691517472267151,0.005228724330663681,0.2014112025499344
327,0.015367649495601654,0.05065272003412247,0.09595882147550583,-0.1748427450656891,3.0149309635162354,3.2960616420438025,1281.74966677989,0.5685105323791504,0.33299291133880615,0.09236391633749008,0.027843400835990906,0.004170172847807407,0.4561462998390198
328,0.015060577541589737,0.05123553425073624,0.10213986039161682,-0.2270151525735855,3.0814201831817627,3.401963444353147,1391.242385290143,0.5237035751342773,0.356943279504776,0.11230040341615677,0.07617681473493576,0.0031871157698333263,0.3685808479785919
329,0.013690785504877567,0.0544205941259861,0.09934505820274353,-0.024773143231868744,3.106222629547119,3.97497967538991,1639.6285002536617,0.3799961507320404,0.49576202034950256,0.11882440745830536,0.11521456390619278,0.007119870278984308,0.16208189725875854
330,0.01245388388633728,0.04691033437848091,0.08676177263259888,-0.024230772629380226,2.9848904609680176,3.7667232810944924,1552.3103429116688,0.468517541885376,0.3813175857067108,0.12296004593372345,0.13636331260204315,0.0015201389323920012,0.24612464010715485
331,0.016182567924261093,0.054796330630779266,0.10393171012401581,-0.09024044126272202,2.725980281829834,3.3861332072792876,1093.1604887610315,0.6644978523254395,0.2471344769001007,0.08480242639780045,0.00993193406611681,0.0007042556535452604,0.5743032097816467
332,0.013510114513337612,0.05190134420990944,0.08938382565975189,-0.27089670300483704,3.090890645980835,3.8416657501184854,1491.1621775902136,0.46744632720947266,0.40185368061065674,0.11673162132501602,0.11616453528404236,0.0011486931471154094,0.25713077187538147
333,0.015502984635531902,0.05357092246413231,0.106779545545578,-0.039447203278541565,2.8471930027008057,3.4555231602239656,1328.7899748949958,0.5624967813491821,0.3271739184856415,0.09936093538999557,0.02249668538570404,0.003607460530474782,0.4603915810585022
334,0.019806761294603348,0.060006581246852875,0.11876298487186432,-0.042567189782857895,2.7612593173980713,3.0296008696875134,858.5755365789116,0.7548706531524658,0.18277214467525482,0.06205444782972336,0.08058217167854309,0.0009266248671337962,0.5691564083099365
335,0.020454876124858856,0.06441055238246918,0.118971087038517,-0.11622542887926102,2.5806756019592285,3.1489094329465033,825.4033397177952,0.7747882604598999,0.16377690434455872,0.06089524179697037,0.022278446704149246,0.0013305736938491464,0.6326764822006226
336,0.016840770840644836,0.05058905482292175,0.09801262617111206,-0.1418086588382721,2.756772994995117,3.0039631379474745,992.2750912852905,0.6859115958213806,0.2417517751455307,0.06784979999065399,0.13697011768817902,0.0024128565564751625,0.45366740226745605
337,0.012851818464696407,0.04162144660949707,0.08061176538467407,-0.08325963467359543,2.814959764480591,3.2385647774742132,1671.5410652555518,0.3981724679470062,0.4628297686576843,0.11994302272796631,0.0476999394595623,0.00041956029599532485,0.25462600588798523
338,0.024710310623049736,0.065573550760746,0.1240321695804596,0.03491189330816269,2.493546724319458,2.6536918842665385,719.5396468475668,0.8247202038764954,0.12918594479560852,0.04573390632867813,0.03493460267782211,0.0005145983886905015,0.7096532583236694
339,0.012688720598816872,0.05111277848482132,0.0993657261133194,0.014677788130939007,3.119755744934082,4.028205844926477,1769.1515989592708,0.35773196816444397,0.4907158613204956,0.1297835111618042,0.1015101969242096,0.008258841931819916,0.16672395169734955
340,0.028766723349690437,0.06549160182476044,0.1240321695804596,-0.12321153283119202,2.2277731895446777,2.2766444765489275,591.2183588740546,0.8794269561767578,0.08881287276744843,0.031678639352321625,0.0319642536342144,0.0004963746177963912,0.7631738185882568
341,0.03446688875555992,0.06477762013673782,0.1240321695804596,-0.05746760591864586,1.9166173934936523,1.8794159401581905,507.332763963147,0.9216550588607788,0.05552898347377777,0.022360578179359436,0.015553537756204605,0.0007890959386713803,0.8692283034324646
342,0.013493561185896397,0.06177230924367905,0.10483363270759583,-0.10482285171747208,3.0068936347961426,4.577910040802732,1580.6331757452606,0.44421127438545227,0.4196119010448456,0.11205008625984192,0.061199069023132324,0.0022872528061270714,0.3062298595905304
343,0.014131782576441765,0.05851396173238754,0.10616841912269592,-0.24452286958694458,3.1091830730438232,4.140593121337149,1456.0695574426263,0.49236324429512024,0.3872860372066498,0.1050061360001564,0.07884074002504349,0.00470169959589839,0.3429969549179077
344,0.017432091757655144,0.06407436728477478,0.1071849912405014,-0.29555565118789673,2.8329062461853027,3.6756556913464764,993.719318663163,0.6964467763900757,0.22601652145385742,0.0748433992266655,0.04613928124308586,0.0015253755263984203,0.5472656488418579
345,0.017988771200180054,0.058393631130456924,0.11583511531352997,-0.1299852430820465,2.7382071018218994,3.246115617203822,1169.1683526212694,0.6237243413925171,0.2853279411792755,0.08441761881113052,0.04998619109392166,0.004488653503358364,0.5086343288421631
346,0.02990778349339962,0.06514258682727814,0.12403217703104019,-0.13143183290958405,2.2310609817504883,2.178114832196656,570.8385374804168,0.8866180181503296,0.08232063800096512,0.030975522473454475,0.06369759887456894,0.0007766234339214861,0.7707523703575134
347,0.017829611897468567,0.06295772641897202,0.12291716039180756,-0.12875735759735107,2.889410972595215,3.53107665929507,993.1969202407076,0.7012598514556885,0.22531059384346008,0.07063424587249756,0.0008429872686974704,0.0008657440193928778,0.628676176071167
348,0.012562352232635021,0.039685264229774475,0.07566909492015839,0.038563184440135956,2.9786670207977295,3.1590631668103777,1576.5592925565459,0.438763827085495,0.42726007103919983,0.12150789797306061,0.049528297036886215,0.00196443242020905,0.259427547454834
349,0.02220294624567032,0.06511878222227097,0.12173251807689667,-0.13182182610034943,2.6018149852752686,2.932889243563185,806.7043441553625,0.7678437232971191,0.17310062050819397,0.05883682519197464,0.11867494136095047,0.003332829801365733,0.5520542860031128
350,0.022646397352218628,0.06196574866771698,0.1208178773522377,-0.1465967297554016,2.31658935546875,2.7362298603715915,701.1445137347483,0.8329693078994751,0.12277942150831223,0.04265192151069641,0.019315756857395172,0.0003423711459618062,0.770574152469635
351,0.021523576229810715,0.06275367736816406,0.1240321695804596,-0.1499670445919037,2.5593206882476807,2.9155785588425127,874.8346536950204,0.7531198263168335,0.18846793472766876,0.05711913853883743,0.019555242732167244,0.0028552180156111717,0.6754292845726013
352,0.04158901423215866,0.06364980340003967,0.12403217703104019,-0.03434041142463684,1.622084379196167,1.530447512970675,449.13047138644464,0.9486578106880188,0.03647709637880325,0.014675763435661793,0.0043553817085921764,0.00022241745318751782,0.918699324131012
353,0.01729593798518181,0.05392368510365486,0.10293074697256088,-0.1381649225950241,2.5736331939697266,3.117708050684268,960.4107142141517,0.7132152318954468,0.21788619458675385,0.06415557861328125,0.01716843619942665,0.0012927188072353601,0.6435396075248718
354,0.013660903088748455,0.04669766128063202,0.0885527953505516,-0.18983346223831177,2.968789577484131,3.418343646378351,1533.62629346697,0.46398621797561646,0.40302401781082153,0.11903160065412521,0.020820170640945435,0.0030807044822722673,0.350145548582077
355,0.012728543020784855,0.04192928224802017,0.07755065709352493,-0.04616667702794075,3.0828795433044434,3.294114823374392,1541.51032212098,0.4628608226776123,0.3948899507522583,0.12615808844566345,0.11584030836820602,0.004262557718902826,0.2574136257171631
356,0.020067159086465836,0.06329451501369476,0.12226012349128723,-0.24953225255012512,2.6804163455963135,3.154134311579221,881.7037900699736,0.7474431991577148,0.1915142834186554,0.05693133547902107,0.03965624421834946,0.0016429980751127005,0.6479985117912292
357,0.024290045723319054,0.06324135512113571,0.11990617215633392,-0.21096116304397583,2.2750723361968994,2.60359143983903,675.1370109521736,0.8439294695854187,0.11688601970672607,0.037278592586517334,0.028249958530068398,0.000615299039054662,0.768242597579956
358,0.022141391411423683,0.06247662007808685,0.1240321695804596,-0.06507110595703125,2.375662326812744,2.8217115588784005,800.2060474012978,0.7820448875427246,0.16656239330768585,0.049057818949222565,0.06231105700135231,0.0036274129524827003,0.6764792799949646
359,0.018268778920173645,0.06462932378053665,0.1164410412311554,-0.1346471756696701,2.800955057144165,3.537692587961137,1058.3665587641715,0.6648567914962769,0.25517040491104126,0.07836313545703888,0.066395103931427,0.002210413571447134,0.5082990527153015
360,0.015023980289697647,0.04768340662121773,0.09251037240028381,-0.13336536288261414,2.8084378242492676,3.1738198332662697,1311.9013637714165,0.5617067217826843,0.329635351896286,0.0978856161236763,0.046746592968702316,0.0010282506700605154,0.45361068844795227
361,0.015639420598745346,0.05895216763019562,0.11367446929216385,-0.19546321034431458,2.936976194381714,3.7694598245638034,1114.1095949668324,0.6241427659988403,0.28861045837402344,0.08252434432506561,0.08832170069217682,0.003935656510293484,0.4503695070743561
362,0.03317521885037422,0.06427092850208282,0.12403217703104019,-0.040295861661434174,1.9069162607192993,1.9373173931426988,525.9076068687707,0.9124236702919006,0.06363663077354431,0.023937838152050972,0.010137518867850304,4.199670365778729e-05,0.8653226494789124
363,0.020527563989162445,0.05870543047785759,0.11712343990802765,-0.0024824286811053753,2.6626620292663574,2.859834245602224,858.937133551077,0.7531458735466003,0.17924503982067108,0.06749214231967926,0.03233640640974045,0.0006259318324737251,0.5796098113059998
364,0.025573255494236946,0.0629994198679924,0.12403217703104019,0.17265565693378448,2.390023708343506,2.4634884627702616,561.21966084071,0.8857055306434631,0.08322380483150482,0.031066706404089928,0.0525922030210495,0.0018409331096336246,0.7709241509437561
365,0.013184799812734127,0.045110102742910385,0.08635284751653671,-0.07650451362133026,2.970566511154175,3.4213718357650627,1610.359881201836,0.4189109206199646,0.45508021116256714,0.11467354744672775,0.007343817502260208,0.004027373623102903,0.30903705954551697
366,0.01846449449658394,0.0581398606300354,0.104856938123703,-0.3321003317832947,2.740922212600708,3.148738279168322,995.330233301703,0.6922973990440369,0.23298192024230957,0.0710277259349823,0.08325662463903427,0.0008638073340989649,0.5443112850189209
367,0.012109575793147087,0.05103065073490143,0.09460112452507019,-0.039815470576286316,3.1641592979431152,4.214074184131705,1673.2707036497072,0.4075886905193329,0.45030874013900757,0.11645203083753586,0.027317402884364128,0.002279214560985565,0.27738064527511597
368,0.01459626667201519,0.05833878368139267,0.11190605163574219,-0.040450237691402435,3.2816596031188965,3.996829119958896,1411.2467906816535,0.5062869191169739,0.385794997215271,0.0977860540151596,0.054397743195295334,0.0038081035017967224,0.35630565881729126
369,0.015464295633137226,0.0516749769449234,0.10267259180545807,-0.13993708789348602,2.987097978591919,3.341566804429914,1345.7526743698818,0.5467227101325989,0.34688085317611694,0.09553305804729462,0.048951636999845505,0.004042156506329775,0.40255093574523926
370,0.01888156682252884,0.05822019279003143,0.11537417769432068,-0.036820609122514725,2.761455535888672,3.083440761784751,828.5792924580312,0.7618361711502075,0.1730554699897766,0.06504582613706589,0.12836016714572906,0.00036236990126781166,0.5304402112960815
371,0.02305963821709156,0.06455995887517929,0.1240321695804596,-0.36707913875579834,2.7097322940826416,2.7996952191786098,663.0975911939361,0.8362226486206055,0.11675647646188736,0.04697155952453613,0.10189132392406464,0.0003954942221753299,0.6485614776611328
372,0.017134174704551697,0.05739597603678703,0.1037188470363617,-0.27714452147483826,2.830756425857544,3.349795191372129,1011.3670413042405,0.6775424480438232,0.23770436644554138,0.08124662190675735,0.0990445613861084,0.0037336598616093397,0.4800295829772949
373,0.019107874482870102,0.06459974497556686,0.1214553639292717,-0.14738087356090546,2.8515443801879883,3.3807917793315365,903.1865967018249,0.7307485342025757,0.2018786072731018,0.06684877723455429,0.05969209223985672,0.0025489944964647293,0.5406498908996582
374,0.02692473493516445,0.06346309185028076,0.1240321695804596,-0.1503337025642395,2.3534953594207764,2.357055399087296,588.4674139280961,0.8809733986854553,0.08712133765220642,0.03187491372227669,0.029061811044812202,0.0009372126078233123,0.8073490262031555
375,0.03596995025873184,0.06388050317764282,0.12403217703104019,-0.025966523215174675,1.7774431705474854,1.7759408260610439,493.4754048863278,0.9306710958480835,0.048701558262109756,0.020355580374598503,0.006561154965311289,0.0002699026954360306,0.8904139995574951
376,0.016760440543293953,0.056727565824985504,0.10661657154560089,0.10907736420631409,2.7560782432556152,3.384610665517277,1070.7534313694941,0.6614960432052612,0.25121840834617615,0.08699315041303635,0.0414210669696331,0.00018232186266686767,0.4463958442211151
377,0.015104851685464382,0.044676367193460464,0.08879868686199188,-0.022972283884882927,2.8934133052825928,2.9577494781690197,1401.0248910322666,0.5109109282493591,0.37372541427612305,0.10586421191692352,0.024143746122717857,0.004282323643565178,0.39505743980407715
378,0.027831057086586952,0.0625077486038208,0.1240321695804596,-0.20135360956192017,2.2567429542541504,2.2459710533848227,586.2496526387602,0.8805734515190125,0.08957032114267349,0.028158346191048622,0.039143506437540054,0.00019739790877792984,0.8089245557785034
379,0.01299783680588007,0.050983745604753494,0.09286294877529144,-0.06957828253507614,3.003467321395874,3.9224792834578874,1621.2578732235936,0.41868725419044495,0.4445730149745941,0.11124717444181442,0.10240691900253296,0.001796117750927806,0.23092880845069885
380,0.013395899906754494,0.04658537730574608,0.08951009809970856,-0.12262067943811417,3.1971726417541504,3.477584755525022,1621.169954706548,0.430992990732193,0.42654237151145935,0.11573570221662521,0.079539455473423,0.003774696961045265,0.2642688453197479
381,0.01674540899693966,0.05641757324337959,0.10883044451475143,-0.24705913662910461,2.898463249206543,3.3691367735670816,1203.3213449993686,0.6083876490592957,0.2972930371761322,0.08657622337341309,0.0841158851981163,0.004540701862424612,0.448081910610199
382,0.015022775158286095,0.055002860724925995,0.1020645797252655,-0.10583069920539856,3.0219013690948486,3.661298271573134,1354.2016462302374,0.5312607884407043,0.3634452521800995,0.09680575877428055,0.08279275894165039,0.0023296033032238483,0.37572750449180603
383,0.01460055448114872,0.05499293655157089,0.10763983428478241,-0.05835673585534096,3.024941921234131,3.7664964449677356,1414.0637564310812,0.5209311842918396,0.35831305384635925,0.10793887823820114,0.005475487094372511,0.0027237802278250456,0.44695231318473816
384,0.019251007586717606,0.05975165218114853,0.10938097536563873,-0.10925361514091492,2.4644293785095215,3.103819470689465,976.8353018215536,0.7131729125976562,0.21566353738307953,0.06601758301258087,0.034279827028512955,0.0026553007774055004,0.6315268278121948
385,0.02205531671643257,0.0656517967581749,0.1240321695804596,-0.1274416744709015,2.7089245319366455,2.9766880067645354,864.2892151579817,0.7387784123420715,0.19292202591896057,0.06823892146348953,0.10070174932479858,0.0009536927682347596,0.5099915266036987
386,0.014261329546570778,0.05077257752418518,0.09396971762180328,-0.07533060759305954,3.0750370025634766,3.560157372061681,1465.2183408368796,0.5051220059394836,0.37280339002609253,0.10704173147678375,0.027201998978853226,0.0018014318775385618,0.38923582434654236
387,0.015224047005176544,0.049777571111917496,0.0977606475353241,-0.17771901190280914,2.9422354698181152,3.269667460414583,1067.3678872571468,0.6631245613098145,0.24558128416538239,0.09126849472522736,0.031924694776535034,0.0013083439553156495,0.48155370354652405
388,0.025010399520397186,0.06446918100118637,0.12403217703104019,0.026014722883701324,2.354739189147949,2.5776949682883297,664.5366800887116,0.8513568639755249,0.10783959180116653,0.04079306125640869,0.03513113781809807,0.002141398610547185,0.727889895439148
389,0.01999753527343273,0.0600246824324131,0.11987357586622238,-0.025303542613983154,2.5208957195281982,3.0016040281302026,828.5355838533917,0.7706401944160461,0.17246638238430023,0.05689283832907677,0.029115069657564163,0.0005017311777919531,0.6497807502746582
390,0.012517722323536873,0.04587173834443092,0.08511700481176376,-0.06594725698232651,2.910485029220581,3.6645435291781863,1571.9314026318955,0.43007421493530273,0.4371616840362549,0.12518659234046936,0.07257498055696487,0.0004381331673357636,0.23829074203968048
391,0.019706744700670242,0.0611974373459816,0.116034597158432,-0.0928092822432518,2.5921874046325684,3.1054057010641043,960.4688429248675,0.7073772549629211,0.22797423601150513,0.06303390115499496,0.019900072365999222,0.0025860455352813005,0.6215918064117432
392,0.012812350876629353,0.04682399332523346,0.08689526468515396,-0.12796325981616974,3.047935724258423,3.6545981118101585,1590.5034934011237,0.45931434631347656,0.4002715051174164,0.12070129811763763,0.02434445172548294,0.0006787394522689283,0.3380174934864044
393,0.013707670383155346,0.04663669317960739,0.0876673087477684,-0.189652219414711,3.1942760944366455,3.4022333388986796,1570.3401845894384,0.4352814853191376,0.4329569339752197,0.11309505999088287,0.16122639179229736,0.001651333412155509,0.20966824889183044
394,0.01829036884009838,0.06318915635347366,0.11829635500907898,-0.01999223418533802,2.7043473720550537,3.45477758827301,913.7794229559677,0.7388325929641724,0.19496414065361023,0.06169690564274788,0.050892919301986694,0.0009151485282927752,0.6284568905830383
395,0.01454384159296751,0.05275407060980797,0.09978073835372925,-0.12583427131175995,3.0420899391174316,3.6272445810802343,1434.4413468397108,0.5105323195457458,0.37420961260795593,0.10358930379152298,0.014068122953176498,0.001950524398125708,0.4013105034828186
396,0.01952259987592697,0.05560050159692764,0.10822956264019012,-0.04908129200339317,2.4381613731384277,2.848007025060212,894.0748575943757,0.7554481029510498,0.17902831733226776,0.0614694282412529,0.022093884646892548,0.0008339433115907013,0.6860754489898682
397,0.014423387125134468,0.04925963282585144,0.09558805823326111,-0.03338868170976639,2.9454383850097656,3.415261089165069,1487.9482818896981,0.47061535716056824,0.4037743806838989,0.12033282220363617,0.09263280034065247,0.007210728246718645,0.28168854117393494
398,0.022505316883325577,0.06482177972793579,0.1240321695804596,-0.15149326622486115,2.5850436687469482,2.8802873588099813,750.0019239736931,0.801165759563446,0.14264196157455444,0.0559433214366436,0.05420199781656265,0.002647535642609,0.6455979943275452
399,0.012805554084479809,0.05220576748251915,0.09401310980319977,-0.01325858011841774,3.0616719722747803,4.076806605480286,1689.7418543725805,0.3813255727291107,0.4814087748527527,0.12465139478445053,0.032804008573293686,0.0027688215486705303,0.2460675686597824
400,0.019366145133972168,0.06269903481006622,0.12166187167167664,-0.006523123010993004,2.8804452419281006,3.237558862287042,922.8040648849226,0.7310314774513245,0.19513636827468872,0.07353884726762772,0.04372603818774223,0.0005339008057489991,0.5604068040847778
401,0.0283241905272007,0.06515475362539291,0.1240321695804596,-0.10888171195983887,2.2274482250213623,2.3003218242202625,610.2517293160791,0.8736778497695923,0.09161162376403809,0.033815328031778336,0.02911844663321972,0.00036804049159400165,0.7804887294769287
402,0.01342670526355505,0.04640933498740196,0.09079809486865997,-0.20131151378154755,2.9794435501098633,3.456494655462293,1501.6430716555808,0.4497450292110443,0.4314291179180145,0.10397406667470932,0.10871216654777527,0.0035986213479191065,0.2680392265319824
403,0.013154526241123676,0.043173808604478836,0.08556484431028366,0.007728742901235819,3.017038106918335,3.282049677032597,1634.7509407086652,0.4242350161075592,0.43098607659339905,0.12160060554742813,0.037281863391399384,0.003885316662490368,0.29523536562919617
404,0.016428694128990173,0.05522790551185608,0.10582537949085236,-0.048595208674669266,2.781254291534424,3.3616734887673703,1232.6331950038789,0.5751520991325378,0.3283209204673767,0.0929277166724205,0.05053573474287987,0.0075963446870446205,0.4539510905742645
405,0.028949622064828873,0.06428645551204681,0.1240321695804596,-0.07784818857908249,2.299588203430176,2.220631943514327,558.8594152435969,0.8945268392562866,0.0755610466003418,0.029624635353684425,0.032432980835437775,0.0015288842841982841,0.7941914796829224
406,0.01609710231423378,0.0619983933866024,0.10915733873844147,-0.26948413252830505,2.9888553619384766,3.851525086470322,1199.9426728594042,0.6121901869773865,0.2941274642944336,0.08555667102336884,0.07827144861221313,0.004054643679410219,0.4618498682975769
407,0.02601007930934429,0.06300447881221771,0.1240321695804596,-0.13249994814395905,2.3023781776428223,2.422310138330129,694.8818404571249,0.8319653272628784,0.1285802274942398,0.038640376180410385,0.023990316316485405,0.00029191517387516797,0.7544439435005188
408,0.013994336128234863,0.05141109973192215,0.09370779246091843,-0.1869635283946991,3.0616769790649414,3.673707652663981,1368.5679323673921,0.5233916640281677,0.36862537264823914,0.09908042103052139,0.12378175556659698,0.003663372714072466,0.32429131865501404
409,0.023385483771562576,0.06225493550300598,0.1240321695804596,-0.1587376445531845,2.239727020263672,2.6621187788318355,673.6482325839069,0.8429473042488098,0.12033213675022125,0.034892670810222626,0.020347274839878082,0.0004006949020549655,0.7802363634109497
410,0.01399324368685484,0.055938102304935455,0.103215292096138,-0.06878779828548431,2.973027229309082,3.9975079082976186,1526.2887854664132,0.45681020617485046,0.41874298453330994,0.11307160556316376,0.06708930432796478,0.0015608052490279078,0.3108057975769043
411,0.023599956184625626,0.06485473364591599,0.12403217703104019,-0.05215340480208397,2.540426731109619,2.7480870360860257,700.1773717949368,0.8299298286437988,0.12272778898477554,0.047328125685453415,0.04518071934580803,0.0013197516091167927,0.702100932598114
412,0.014445383101701736,0.06150403618812561,0.11111719906330109,-0.2304970622062683,3.2107200622558594,4.2576950539042775,1315.3523176629878,0.5420404076576233,0.35085445642471313,0.09176924079656601,0.15010608732700348,0.0021925990004092455,0.3227209746837616
413,0.011725498363375664,0.04393108934164047,0.08237141370773315,-0.12032480537891388,3.0433804988861084,3.7466287552528796,1936.925380830053,0.30729466676712036,0.5155692100524902,0.15198609232902527,0.02015470340847969,0.007785797584801912,0.16045378148555756
414,0.014759865589439869,0.05549389123916626,0.10939514636993408,-0.06238934025168419,3.0046205520629883,3.7597829667981717,1450.2950198825495,0.5080358386039734,0.3768782913684845,0.10451821237802505,0.03197011351585388,0.0031965395901352167,0.3998924791812897
415,0.022769346833229065,0.06420405954122543,0.1240321695804596,0.007590633817017078,2.6632931232452393,2.8197585116806136,730.8347129456392,0.8057742714881897,0.1462903618812561,0.04791804403066635,0.06702832132577896,0.0004273598315194249,0.6461474895477295
416,0.015495548024773598,0.05756472423672676,0.10603253543376923,-0.09551887214183807,2.953587532043457,3.7149201913336594,1138.1469665354375,0.6266132593154907,0.28611108660697937,0.08127573132514954,0.02244720235466957,0.001998072722926736,0.5108590126037598
417,0.014399459585547447,0.050095535814762115,0.08903304487466812,-0.05706559121608734,2.8580996990203857,3.478987215712135,1308.3132653306704,0.5771584510803223,0.31236743927001953,0.09712204337120056,0.028396692126989365,0.005649182014167309,0.4869252145290375
418,0.012863116338849068,0.041123565286397934,0.08069796860218048,0.06870020925998688,2.976435661315918,3.197014176028238,1552.1791344910678,0.47677081823349,0.38081303238868713,0.12329784780740738,0.02579588070511818,0.006479376461356878,0.36085429787635803
419,0.022120550274848938,0.06556513905525208,0.1240321695804596,0.015333876945078373,2.727461814880371,2.963992226126293,789.0885290097032,0.7851491570472717,0.16010501980781555,0.053988996893167496,0.007450654171407223,0.0007413855637423694,0.6941719651222229
420,0.013309386558830738,0.050480589270591736,0.09557352215051651,-0.2042895257472992,3.101553201675415,3.792856195412339,1537.4014230066794,0.44943496584892273,0.4136214852333069,0.12184306234121323,0.12271786481142044,0.006670578848570585,0.23177243769168854
421,0.011829937808215618,0.04182600602507591,0.07801108062267303,-0.08643359690904617,2.8833062648773193,3.535606585564052,1706.3423662621012,0.40681615471839905,0.43749046325683594,0.13371695578098297,0.10742799192667007,0.0008438266231678426,0.19209125638008118
422,0.02022160030901432,0.06363238394260406,0.11231575161218643,-0.369864284992218,2.716942071914673,3.1467531237422133,830.1445674148296,0.7543565034866333,0.1856771558523178,0.057075753808021545,0.17140525579452515,0.00024126743664965034,0.5270048975944519
423,0.029517319053411484,0.06474673748016357,0.1240321695804596,-0.08282556384801865,2.162323474884033,2.193516876001207,554.9540769899147,0.8988826870918274,0.0731726810336113,0.02774887904524803,0.029058029875159264,0.0018448077607899904,0.8059501051902771
424,0.012140816077589989,0.04573078081011772,0.0867544561624527,-0.026782207190990448,3.281257152557373,3.7666974373133577,1925.610894737374,0.2898300886154175,0.5390059351921082,0.15349973738193512,0.052018310874700546,0.004005692433565855,0.1415114402770996
425,0.015136352740228176,0.05290389806032181,0.10510490834712982,-0.1254713088274002,2.899132251739502,3.495154940213764,1355.9168103589636,0.5231630206108093,0.37103551626205444,0.09712958335876465,0.06876885145902634,0.0032288413494825363,0.3523930311203003
426,0.013817895203828812,0.04545757919549942,0.08806869387626648,-0.04832668974995613,2.8578312397003174,3.2897614666822617,1299.0858994928226,0.5680923461914062,0.3247871994972229,0.09476476907730103,0.05129357799887657,0.0018335389904677868,0.4417951703071594
427,0.03417637199163437,0.06412126123905182,0.1240321695804596,-0.06544487178325653,1.9072721004486084,1.8761868946437943,520.2963827549405,0.9166685342788696,0.05989999324083328,0.02317977324128151,0.008644764311611652,0.00010822468175319955,0.8617595434188843
428,0.01654972694814205,0.061113953590393066,0.10800161957740784,-0.1559477001428604,2.795083522796631,3.6927469424842236,1236.6018833474516,0.5928154587745667,0.315491259098053,0.0832616537809372,0.03049476630985737,0.0018358542583882809,0.5023882985115051
429,0.01655871421098709,0.05150773748755455,0.09548965096473694,-0.09068843722343445,2.6119041442871094,3.110612142231875,1295.758818635115,0.5734841227531433,0.31936177611351013,0.09870245307683945,0.04730520769953728,0.0020249937660992146,0.44779276847839355
430,0.025327999144792557,0.06327442824840546,0.1240321695804596,0.04603945091366768,2.4716758728027344,2.4982008205301325,607.3910201889864,0.866102933883667,0.10007841885089874,0.033528897911310196,0.07238952815532684,0.0005072330823168159,0.7185812592506409
431,0.013332167640328407,0.04602273553609848,0.0882677435874939,-0.1292533129453659,2.9948785305023193,3.4520069634762565,1502.8544908613164,0.49396464228630066,0.366740345954895,0.11858679354190826,0.034158747643232346,0.007601724937558174,0.37194183468818665
432,0.023483920842409134,0.06420710682868958,0.1240321695804596,-0.037272971123456955,2.426565647125244,2.734088028009581,686.8047838559195,0.8397828936576843,0.11879965662956238,0.04139743000268936,0.008459568955004215,0.0004277664120309055,0.7500923275947571
433,0.03328720107674599,0.06435973942279816,0.1240321695804596,-0.09204671531915665,1.964633584022522,1.9334680399375959,504.594961644064,0.919961154460907,0.05693621188402176,0.022355731576681137,0.03170717507600784,0.00040325542795471847,0.8494716882705688
434,0.030232993885874748,0.06554264575242996,0.12403217703104019,-0.11917771399021149,2.1536262035369873,2.1679178052189014,578.710192856651,0.8805696964263916,0.08656895905733109,0.03234127163887024,0.0825180932879448,0.0012684657704085112,0.7300348281860352
435,0.024256311357021332,0.06544677913188934,0.1240321695804596,-0.052347537130117416,2.5403239727020264,2.6981340305992862,709.6971720709223,0.8274477124214172,0.1272042840719223,0.04514145106077194,0.009580862708389759,0.001226249965839088,0.7203208208084106
436,0.0204264335334301,0.06563223898410797,0.12239035218954086,-0.14466026425361633,2.6996474266052246,3.2131032014708056,870.3902297889011,0.7492043972015381,0.18586455285549164,0.06457991153001785,0.08901678025722504,0.00038481122464872897,0.5192765593528748
437,0.013378268107771873,0.046889953315258026,0.08625583350658417,0.16250097751617432,2.928607702255249,3.5049344903256334,1551.8796384697232,0.45639726519584656,0.40877190232276917,0.1215876042842865,0.06558296829462051,0.0038441899232566357,0.3121786117553711
438,0.01404904667288065,0.05233939737081528,0.09625400602817535,-0.1485709846019745,3.063469648361206,3.7254767946726455,1375.0306908190562,0.5400153398513794,0.3356047570705414,0.10166513919830322,0.11198049783706665,0.0015421572607010603,0.35855865478515625
439,0.013691084459424019,0.05388116091489792,0.10256199538707733,-0.10298793017864227,3.103800058364868,3.9354925514227084,1501.9054912882616,0.4792454242706299,0.3952333927154541,0.10422160476446152,0.10091149061918259,0.0010436956072226167,0.30201131105422974
440,0.015835436061024666,0.05085635557770729,0.09993229061365128,-0.062124211341142654,2.697603702545166,3.2115538453448167,1156.3149778585175,0.6457855701446533,0.256252259016037,0.08182277530431747,0.06517159193754196,0.0011475265491753817,0.5276530981063843
441,0.016793152317404747,0.060500841587781906,0.1118527352809906,-0.16790424287319183,2.8762385845184326,3.6027090352461677,1149.8705501704571,0.638188362121582,0.26882311701774597,0.08295749127864838,0.05035557597875595,0.0002646210778038949,0.5153191089630127
442,0.01706400327384472,0.059153251349925995,0.11086342483758926,-0.016318390145897865,2.8595361709594727,3.466551804823437,1217.2899204581424,0.6011011004447937,0.3054913878440857,0.08888834714889526,0.013466284610331059,0.0038891758304089308,0.5143979787826538
443,0.02346584014594555,0.06454654037952423,0.1240321695804596,0.038525085896253586,2.5793657302856445,2.7506596812782766,642.4641733382005,0.8405107855796814,0.11672169715166092,0.042764462530612946,0.030491074547171593,0.00016952543228399009,0.7333582043647766
444,0.03583531826734543,0.0633477196097374,0.12403217703104019,-0.0708518847823143,1.8819369077682495,1.7677454162781812,463.2683447116141,0.9370318651199341,0.04492597281932831,0.01799110881984234,0.0141523452475667,0.0006493614055216312,0.8852977156639099
445,0.03423609584569931,0.06385082751512527,0.1240321695804596,-0.028267458081245422,1.8697632551193237,1.865014860369399,502.32344157482595,0.9256978631019592,0.05323343724012375,0.021023431792855263,0.003151960438117385,0.0002875722129829228,0.8717584013938904
446,0.019862886518239975,0.05934840440750122,0.11827115714550018,-0.06847378611564636,2.7595927715301514,2.9879043184390155,886.6126847825041,0.7147386074066162,0.2238081842660904,0.06140553578734398,0.09565479308366776,0.0029485360719263554,0.47857996821403503
447,0.014833306893706322,0.05114526301622391,0.09709061682224274,-0.06425541639328003,2.8260855674743652,3.448001405167213,1308.7593449736908,0.561002254486084,0.33286845684051514,0.09635154157876968,0.01765034906566143,0.0028979701455682516,0.4448181986808777
448,0.03617066890001297,0.06312877684831619,0.1240321695804596,0.0050531006418168545,1.8163620233535767,1.7453029973285414,490.2903644597497,0.9274635314941406,0.053842995315790176,0.01846039481461048,0.0048853736370801926,0.000366033025784418,0.8893027901649475
449,0.01644274592399597,0.06351231038570404,0.11130200326442719,-0.09377940744161606,2.8194644451141357,3.862634056100919,1187.656084862233,0.603464663028717,0.3059690296649933,0.08245263248682022,0.03594829887151718,0.002276665298268199,0.5024760961532593
450,0.021644404157996178,0.06269930303096771,0.12017060816287994,-0.10652632266283035,2.380749225616455,2.896790439246519,790.8041006987539,0.7941790223121643,0.15121237933635712,0.05108502507209778,0.005085278768092394,0.00021246842516120523,0.7344723343849182
451,0.02805669978260994,0.06375015527009964,0.12403217703104019,0.056793298572301865,2.227132797241211,2.272190092269547,598.4471866632372,0.8770110011100769,0.09044872224330902,0.03248601406812668,0.02354610338807106,0.0010582635877653956,0.7853451371192932
452,0.012911101803183556,0.0473264679312706,0.08880887925624847,-0.19295181334018707,2.9492850303649902,3.665563841804385,1518.7307365972435,0.48950114846229553,0.3727262616157532,0.11614128947257996,0.04690726101398468,0.0028451678808778524,0.3744509518146515
453,0.01848333328962326,0.06532026827335358,0.12278977036476135,-0.11926418542861938,3.0743463039398193,3.5340091122249615,961.5765917028656,0.7109693288803101,0.2130742222070694,0.07594919949769974,0.057947080582380295,0.0005164829199202359,0.5091468691825867
454,0.02312818542122841,0.06403550505638123,0.1240321695804596,-0.15683962404727936,2.563581943511963,2.7687215355354664,700.8891018995494,0.822189450263977,0.1313040852546692,0.04627762734889984,0.11441504210233688,0.0006583884241990745,0.6318510174751282
455,0.02097167819738388,0.06318974494934082,0.1197686642408371,-0.16726551949977875,2.808183431625366,3.013099111649079,806.8576916615984,0.7728175520896912,0.17507188022136688,0.04992655664682388,0.007565618958324194,0.0023146530147641897,0.6950099468231201
456,0.013414704240858555,0.04894835874438286,0.09641193598508835,-0.09466034919023514,2.9463977813720703,3.648858585465262,1489.6803201446298,0.45817118883132935,0.428243488073349,0.10523363202810287,0.15821143984794617,0.0012135154101997614,0.2262871265411377
457,0.029547180980443954,0.06547802686691284,0.1240321695804596,-0.1010463610291481,2.1669840812683105,2.2160498799541646,610.1169985070754,0.868312418460846,0.09717496484518051,0.03418106213212013,0.063024140894413,0.0005281614139676094,0.7414489984512329
458,0.022590382024645805,0.06277289986610413,0.12114382535219193,-0.0689021497964859,2.2534401416778564,2.7787445026312962,733.7201559451153,0.8209511637687683,0.13309995830059052,0.044919006526470184,0.01781054213643074,0.0004931484581902623,0.7451969981193542
459,0.014787666499614716,0.0494077168405056,0.0972583144903183,-0.03648034483194351,2.8520238399505615,3.3411435697749705,1306.9991837799569,0.564032256603241,0.3337375521659851,0.08937038481235504,0.039470162242650986,0.0028547383844852448,0.4585341811180115
460,0.014936467632651329,0.04863370582461357,0.09396214783191681,-0.1238788515329361,2.8330771923065186,3.2560379748049373,1406.915497998072,0.5167639255523682,0.3699481189250946,0.1021616980433464,0.0709313377737999,0.0019864325877279043,0.37196028232574463
461,0.014462742023169994,0.04996705427765846,0.09741833806037903,-0.14807996153831482,2.870372772216797,3.454881114117503,1355.2857972219563,0.5507925152778625,0.33636474609375,0.09954728186130524,0.059568095952272415,0.004936710465699434,0.4059954285621643
462,0.014264589175581932,0.05083677917718887,0.09152962267398834,-0.1215047836303711,2.9277310371398926,3.563844604837777,1696.3612143224636,0.3819483518600464,0.47438114881515503,0.13167452812194824,0.093882255256176,0.0018857477698475122,0.226313054561615
463,0.03879688307642937,0.06366907060146332,0.1240321695804596,-0.02451559156179428,1.6791400909423828,1.6410872614275476,467.47595000675847,0.9395934343338013,0.04474103823304176,0.015450691804289818,0.0077012586407363415,0.00016201303515117615,0.894986629486084
464,0.01557888276875019,0.05553975701332092,0.09895046055316925,-0.0533701628446579,2.9647176265716553,3.5650667531283764,1524.107269328525,0.4505847692489624,0.42306995391845703,0.1206618994474411,0.10460192710161209,0.0029855447355657816,0.24157598614692688
465,0.017774803563952446,0.05728980898857117,0.1034955084323883,-0.12446022778749466,2.653306484222412,3.223090977023939,954.4800088021168,0.7141961455345154,0.2172601819038391,0.0656023919582367,0.02532244101166725,0.000653635011985898,0.6227035522460938
466,0.013115017674863338,0.041750676929950714,0.08052927255630493,-0.060443006455898285,2.9826841354370117,3.183425136116131,1628.2797619012836,0.42817819118499756,0.4200868606567383,0.13455529510974884,0.16729234158992767,0.001913751009851694,0.1788446009159088
467,0.017039705067873,0.05614223703742027,0.10979394614696503,-0.0004474874585866928,2.824254035949707,3.294789247260927,1314.7060722945328,0.5653820037841797,0.33192482590675354,0.0992976501584053,0.019683465361595154,0.0027739419601857662,0.4794737994670868
468,0.015457025729119778,0.053111523389816284,0.09959319233894348,-0.19208085536956787,3.0306594371795654,3.436076533554733,1251.7946671623372,0.5659496784210205,0.3328964412212372,0.09252751618623734,0.19593138992786407,0.001897775917313993,0.2846476137638092
469,0.0161152184009552,0.05691348761320114,0.11140331625938416,-0.03984050452709198,2.8085763454437256,3.5316609551066365,1266.7399102066752,0.5882626175880432,0.3064135015010834,0.09004949778318405,0.05618876963853836,0.0024112979881465435,0.46760886907577515
470,0.014153996482491493,0.05016776919364929,0.09772367030382156,-0.04048195481300354,3.0477778911590576,3.54442430815653,1422.8633351843691,0.5089764595031738,0.3795650899410248,0.10082203149795532,0.02563486620783806,0.0015218149637803435,0.39507418870925903
471,0.017666250467300415,0.0583001971244812,0.10711395740509033,-0.0788550153374672,2.71614670753479,3.3000889027976057,894.3413098942045,0.7414482831954956,0.1943052113056183,0.05860742926597595,0.03950009495019913,0.0014359605265781283,0.6293022632598877
472,0.01595810428261757,0.054316502064466476,0.10112278908491135,-0.24555030465126038,3.0260813236236572,3.403693891148917,1219.639937007859,0.586095929145813,0.31905320286750793,0.08312974870204926,0.12986618280410767,0.0038280372973531485,0.3815467059612274
473,0.014208199456334114,0.05397826060652733,0.10069680213928223,-0.05820852518081665,2.927022933959961,3.7990922613818143,1580.1872059203654,0.45388320088386536,0.40979108214378357,0.12757204473018646,0.05815984308719635,0.007471248973160982,0.2755124270915985
474,0.013306135311722755,0.05287815257906914,0.09913598746061325,-0.12878677248954773,2.9722166061401367,3.9739677476832296,1766.4217592506648,0.3487388491630554,0.5003764629364014,0.14615851640701294,0.10827869921922684,0.004852223675698042,0.1454600840806961
475,0.013050372712314129,0.04763674736022949,0.09112276136875153,-0.07723259925842285,3.0088791847229004,3.650221216412461,1600.1003070251147,0.4347960948944092,0.4261777698993683,0.12373459339141846,0.05751641467213631,0.00351778045296669,0.276381254196167
476,0.016036780551075935,0.06469517946243286,0.1240321695804596,-0.25991687178611755,3.2216639518737793,4.034175017382662,1392.1261267028656,0.5250167846679688,0.35739681124687195,0.11312981694936752,0.021109728142619133,0.0001465307577745989,0.4136461317539215
477,0.020425718277692795,0.06483477354049683,0.12403217703104019,-0.033004581928253174,2.611607074737549,3.1741734932342425,815.4961196119654,0.779034435749054,0.16409961879253387,0.05683637410402298,0.027312301099300385,0.0011081523261964321,0.6460441946983337
478,0.012739417143166065,0.05097721144556999,0.09343519806861877,-0.07000191509723663,3.2658002376556396,4.001534047333922,1713.064261257588,0.3803335130214691,0.4733658730983734,0.13170023262500763,0.0932518020272255,0.003172151977196336,0.2095380574464798
479,0.030825182795524597,0.06492497026920319,0.1240321695804596,-0.05097271874547005,2.0912070274353027,2.106231476314982,571.4279670558094,0.8905119299888611,0.08068792521953583,0.028421856462955475,0.004427973181009293,0.000475508626550436,0.8300179243087769
480,0.02121998369693756,0.06448101997375488,0.1240321695804596,-0.08277629315853119,2.630803108215332,3.0386931908916597,784.4196267462462,0.7949870228767395,0.1503857970237732,0.05454031005501747,0.016386395320296288,0.001451682299375534,0.6866534352302551
481,0.02101821079850197,0.0611937940120697,0.12068115174770355,0.008204047568142414,2.593395233154297,2.9114654237609847,745.328694492881,0.7963802218437195,0.14810742437839508,0.05549360439181328,0.02226889319717884,6.206460238900036e-05,0.6499651670455933
482,0.014456327073276043,0.05729003995656967,0.1062651053071022,-0.08637457340955734,3.093189001083374,3.9629734207185328,1527.3514931512286,0.4619292616844177,0.4168119430541992,0.10867888480424881,0.019988076761364937,0.0028407666832208633,0.35613104701042175
483,0.028794489800930023,0.06233033910393715,0.1240321695804596,-0.04392216354608536,1.9649031162261963,2.1646620423800425,536.8940592428621,0.9088385701179504,0.06634216010570526,0.024219287559390068,0.00794715154916048,0.0010605056304484606,0.8726801872253418
484,0.019602809101343155,0.061067134141922,0.11881054937839508,-0.152421772480011,2.6540474891662598,3.1152236306082557,1002.5973543077264,0.7019721865653992,0.2260383814573288,0.06589962542057037,0.019251419231295586,0.0024424742441624403,0.6206642985343933
485,0.029058100655674934,0.06336060911417007,0.1240321695804596,0.12944193184375763,2.154290199279785,2.180480061748823,540.928892987666,0.895456850528717,0.07752195000648499,0.02699369005858898,0.08878526091575623,0.0008713593706488609,0.7482830882072449
486,0.028707396239042282,0.06341776996850967,0.1240321695804596,-0.11946545541286469,2.2535252571105957,2.209109089456602,568.870338019279,0.8854207396507263,0.08350002020597458,0.030951637774705887,0.011262450367212296,0.0005295597948133945,0.8231173157691956
487,0.023501994088292122,0.06308895349502563,0.12284968793392181,-0.00906984694302082,2.3731117248535156,2.6844085338175607,687.8080188352712,0.8355310559272766,0.1210772842168808,0.04333113878965378,0.003079921007156372,0.00047587029985152185,0.7711242437362671
488,0.01979973539710045,0.06337402015924454,0.1188698261976242,-0.21970531344413757,2.8093643188476562,3.2007508628284262,908.975650514767,0.7338520884513855,0.20277704298496246,0.05870295315980911,0.04211682453751564,0.0004870094999205321,0.6345686316490173
489,0.01597174070775509,0.05720183253288269,0.10704822838306427,-0.1603994220495224,2.8172781467437744,3.5814400932220787,1310.8539539330375,0.5583389401435852,0.3404558002948761,0.09268875420093536,0.05843297392129898,0.002625054446980357,0.4211522042751312
490,0.017770277336239815,0.06325499713420868,0.12286701798439026,-0.09346044063568115,2.9701321125030518,3.5595953813084287,1149.7992743299376,0.627507746219635,0.2818342447280884,0.08619081228971481,0.04685862734913826,0.0007142324466258287,0.4854702353477478
491,0.013140317052602768,0.04229295253753662,0.0797850638628006,-0.035403963178396225,2.784590244293213,3.218564085250963,1609.2798340972513,0.42996981739997864,0.4358575940132141,0.11605469137430191,0.10074781626462936,0.003419827437028289,0.23769237101078033
492,0.03044685162603855,0.06502725183963776,0.1240321695804596,-0.002653268165886402,2.069838523864746,2.135762759190833,583.3503064029934,0.8874861001968384,0.08255305886268616,0.029689334332942963,0.01707572676241398,0.00029625033494085073,0.8192507028579712
493,0.01197666022926569,0.051824625581502914,0.09746956825256348,-0.13240917026996613,3.4052834510803223,4.327134992987376,1985.9827603214069,0.27129507064819336,0.5508695244789124,0.15335160493850708,0.04963165894150734,0.0021570557728409767,0.1235760822892189
494,0.04001801088452339,0.06370136141777039,0.1240321695804596,-0.05294368788599968,1.6758049726486206,1.59181728447214,458.3812582597851,0.9449849724769592,0.037901610136032104,0.016718227416276932,0.011853602714836597,0.000472429150249809,0.9054170250892639
495,0.014050418511033058,0.05219178646802902,0.09485611319541931,-0.18880005180835724,3.298896074295044,3.7146072498360767,1522.3655841119414,0.4425038993358612,0.43246787786483765,0.116568922996521,0.1433258354663849,0.004168123472481966,0.20764568448066711
496,0.012280039489269257,0.045381367206573486,0.08703961968421936,0.017340948805212975,3.0958821773529053,3.6955391912651283,1789.0411775181233,0.34914177656173706,0.4990953803062439,0.13954776525497437,0.04890364035964012,0.001387754688039422,0.20099131762981415
497,0.017086852341890335,0.05913092568516731,0.1113026961684227,-0.13180115818977356,2.9395244121551514,3.4606096253749796,936.2448845198007,0.6931197047233582,0.23449839651584625,0.0723300352692604,0.2150029093027115,0.0018814317882061005,0.3571033477783203
498,0.013914220966398716,0.047860000282526016,0.09375585615634918,-0.06570038199424744,3.037759780883789,3.4396464160417537,1439.9558995413113,0.5145438313484192,0.3576149642467499,0.10985172539949417,0.1023888811469078,0.0007794227567501366,0.33993464708328247
499,0.013640501536428928,0.061438098549842834,0.10518398135900497,-0.07520829141139984,3.1495916843414307,4.504093810719454,1341.5613362746606,0.5504356622695923,0.33356305956840515,0.10525183379650116,0.05045514553785324,0.00037650373997166753,0.412404328584671
500,0.02635428123176098,0.06347563117742538,0.1240321695804596,0.03839830309152603,2.377584457397461,2.408551028836973,635.267193066472,0.8611863851547241,0.09896699339151382,0.03909743204712868,0.014315475709736347,0.0009002249571494758,0.7770583033561707
501,0.019995680078864098,0.06277964264154434,0.11665771901607513,-0.14503999054431915,2.493708372116089,3.1396602861617215,845.0980122550809,0.77681565284729,0.16314038634300232,0.05361982062458992,0.009846623986959457,0.0024884771555662155,0.7172784805297852
502,0.018650710582733154,0.06322714686393738,0.11890445649623871,-0.14044341444969177,2.7517893314361572,3.3900663773681132,986.2456827388172,0.6981779336929321,0.2264549732208252,0.07232210785150528,0.02364571951329708,0.0006446930347010493,0.5923787951469421
503,0.012783278711140156,0.046907443553209305,0.08958029747009277,0.052598968148231506,3.0540802478790283,3.669437599656007,1935.4832205711423,0.29332855343818665,0.5340949296951294,0.1530529260635376,0.019821640104055405,0.005391255021095276,0.1566888839006424
504,0.022777648642659187,0.06238692253828049,0.12357331067323685,-0.10116226226091385,2.4770262241363525,2.7389535906133875,751.0521485180398,0.8108052611351013,0.13889528810977936,0.04849618300795555,0.02035706490278244,0.0012316049542278051,0.7384352087974548
505,0.017643069848418236,0.05917831137776375,0.11188231408596039,-0.11230475455522537,2.6520040035247803,3.3541958334260693,1042.857458276141,0.6783789396286011,0.24612662196159363,0.07124888896942139,0.027154624462127686,0.002502297516912222,0.5869680643081665
506,0.026116451248526573,0.06520350277423859,0.1240321695804596,-0.24432414770126343,2.4695377349853516,2.496644821735517,644.6091801424634,0.8498448729515076,0.11005556583404541,0.0393306165933609,0.0904875174164772,0.0014478209195658565,0.6772342324256897
507,0.013229375705122948,0.04559522867202759,0.0883244127035141,0.07641343772411346,2.914929151535034,3.4465140067739375,1565.4191042414573,0.45883166790008545,0.3950597941875458,0.1322546750307083,0.12772637605667114,0.002447316888719797,0.23622572422027588
508,0.01643872633576393,0.05856572464108467,0.09891209006309509,-0.29722270369529724,2.7585794925689697,3.5626680219201043,1133.80114634991,0.6385130882263184,0.26565930247306824,0.08398504555225372,0.1161949560046196,0.0020884794648736715,0.46822935342788696
509,0.024492641910910606,0.06116049736738205,0.12029663473367691,-0.13934698700904846,2.1806111335754395,2.4970967847139476,685.5180906255771,0.843830943107605,0.11173136532306671,0.043463870882987976,0.014188594184815884,0.00021258943888824433,0.7861762642860413
510,0.014924954622983932,0.0520302951335907,0.09888970851898193,-0.20902560651302338,2.955507516860962,3.486127525639485,1187.504873484406,0.6187772154808044,0.28568387031555176,0.08179055899381638,0.08251314610242844,0.0028910855762660503,0.4616572856903076
511,0.01271647959947586,0.047905780375003815,0.08961572498083115,-0.05478525534272194,3.0789198875427246,3.7672203219836993,1649.0869570783757,0.4106854796409607,0.44362157583236694,0.12948693335056305,0.010614742524921894,0.0035836813040077686,0.2981635630130768
512,0.01241891086101532,0.05426764115691185,0.09562267363071442,-0.044837094843387604,3.017369508743286,4.369758488475485,1644.159305570748,0.433195024728775,0.4217458963394165,0.11852177232503891,0.08335695415735245,0.003019204828888178,0.26739537715911865
513,0.018978683277964592,0.0635974109172821,0.12085071951150894,-0.09949205815792084,2.8759572505950928,3.350991740705826,1068.789519464047,0.6712049245834351,0.24861405789852142,0.07426882535219193,0.013882188126444817,0.002076731063425541,0.5914731621742249
514,0.016729893162846565,0.05441151186823845,0.10426120460033417,-0.023872457444667816,2.6778762340545654,3.252352620267903,1095.4972893193583,0.6612382531166077,0.254363089799881,0.07647646218538284,0.03243882954120636,0.0008593501406721771,0.5510768294334412
515,0.0250261053442955,0.06219503656029701,0.12374413013458252,-0.11478324234485626,2.1615805625915527,2.485206375589267,623.433977488904,0.8671308755874634,0.09806015342473984,0.03452582284808159,0.017631778493523598,0.00029829403501935303,0.8050699234008789
516,0.017418665811419487,0.055747464299201965,0.10949596762657166,-0.14798444509506226,2.7880704402923584,3.2004439891977317,1144.9447102152455,0.5973921418190002,0.32037314772605896,0.07983268797397614,0.1871723234653473,0.0024295616894960403,0.30154818296432495
517,0.012033340521156788,0.04399020969867706,0.07982227206230164,-0.046318478882312775,3.0324392318725586,3.655693912897971,1714.2372468332046,0.401508629322052,0.44121605157852173,0.13484065234661102,0.013890028931200504,0.0029608546756207943,0.2757803499698639
518,0.03168732672929764,0.06358696520328522,0.1240321695804596,-0.008365795016288757,1.9302644729614258,2.0067002099765943,523.8675334124277,0.9101245999336243,0.06687480956315994,0.02279629372060299,0.02328110672533512,0.0010219912510365248,0.840206503868103
519,0.012235909700393677,0.059917982667684555,0.10123994201421738,-0.17599664628505707,3.442296028137207,4.896896440880065,1895.7147461206803,0.3013324439525604,0.5350473523139954,0.14215616881847382,0.06901626288890839,0.00392565643414855,0.14163918793201447
520,0.017997806891798973,0.061973512172698975,0.12101398408412933,-0.15486614406108856,3.1030290126800537,3.4433924389696027,934.6990973222084,0.7137380242347717,0.21250726282596588,0.07375237345695496,0.12382721155881882,0.0006216661422513425,0.44471603631973267
521,0.01601843535900116,0.05695395544171333,0.11291129887104034,-0.16574008762836456,3.1107165813446045,3.5555255030669373,1071.1137954607568,0.6535705924034119,0.2627662420272827,0.0836336761713028,0.06127329543232918,0.0026309113018214703,0.4133671820163727
522,0.026175450533628464,0.06440851837396622,0.12403217703104019,-0.28103357553482056,2.6088409423828125,2.460646027420152,622.0235039624164,0.8457554578781128,0.11608821153640747,0.03787432983517647,0.05133914574980736,0.00024112612300086766,0.7158239483833313
523,0.03386975824832916,0.06355065107345581,0.12403217703104019,-0.025203818455338478,1.9179922342300415,1.8763243187516558,534.19102887085,0.9064995646476746,0.06980423629283905,0.02311592921614647,0.002302144654095173,0.0005665387725457549,0.8618102073669434
524,0.01638253778219223,0.06096900254487991,0.10936537384986877,-0.06494677066802979,2.8775665760040283,3.7215847356342713,1187.3850880339876,0.6033592820167542,0.2976316213607788,0.0941794216632843,0.0945737212896347,0.0017664029728621244,0.42093536257743835
525,0.01705162599682808,0.05462194234132767,0.10635744035243988,0.1467883139848709,2.688943862915039,3.20332749195209,1080.9730805412476,0.6450473666191101,0.27354997396469116,0.07228691130876541,0.15218837559223175,0.0021309780422598124,0.4299107491970062
526,0.02356758713722229,0.06460829824209213,0.12403217703104019,-0.12764117121696472,2.6817874908447266,2.7414048737008536,691.4037008389123,0.8295133113861084,0.12721022963523865,0.04315263032913208,0.019224151968955994,0.00020694690465461463,0.7358841300010681
527,0.014094579964876175,0.055082548409700394,0.09421838819980621,-0.25704413652420044,3.115957260131836,3.9080659759324896,1461.7599968358343,0.49751511216163635,0.3810265064239502,0.10484904795885086,0.03817189112305641,0.006400495767593384,0.37815576791763306
528,0.01817166991531849,0.0590272918343544,0.11582772433757782,0.07531433552503586,2.655132293701172,3.248314112361618,903.9177822688098,0.7297619581222534,0.19621208310127258,0.07395453006029129,0.08350174874067307,0.001280478434637189,0.5255572199821472
529,0.013228610157966614,0.04383207857608795,0.08693744987249374,-0.027521362528204918,2.994446039199829,3.313430364139781,1647.4295736056818,0.40972253680229187,0.4540162682533264,0.12804806232452393,0.008008593693375587,0.0018899451242759824,0.2785726487636566
530,0.017629507929086685,0.05836363136768341,0.1167236715555191,-0.15268540382385254,2.8185882568359375,3.3105649686387157,1055.0843745269076,0.6757251024246216,0.22929009795188904,0.09375420957803726,0.05627908930182457,0.00042817590292543173,0.384524941444397
531,0.01222370658069849,0.041605133563280106,0.08182936906814575,-0.13287487626075745,2.9806504249572754,3.4036430181964534,1750.4004810215122,0.3638671040534973,0.4865804612636566,0.12416139990091324,0.15170127153396606,0.0016235423972830176,0.12327390164136887
532,0.01529787853360176,0.05660828575491905,0.10429081320762634,-0.1572413444519043,2.947460412979126,3.7004010475621607,1296.1511640181095,0.5651119947433472,0.3335704803466797,0.08883979171514511,0.019255250692367554,0.0013231219490990043,0.45848631858825684
533,0.03088359907269478,0.06341734528541565,0.1240321695804596,-0.21585054695606232,2.259456157684326,2.053431179898706,509.8086090443687,0.9037408232688904,0.07088632136583328,0.025346139445900917,0.026213837787508965,0.00202181120403111,0.8259371519088745
534,0.03668876364827156,0.06328070908784866,0.1240321695804596,-0.07406900078058243,1.8689820766448975,1.7247980796732318,479.92790600661215,0.9289489388465881,0.05259830132126808,0.01812681183218956,0.013808038085699081,0.0008284667856059968,0.8836748600006104
535,0.01241979468613863,0.04265027865767479,0.08162687718868256,0.0605003759264946,2.9351532459259033,3.434056659716079,1850.3430533851242,0.3253541588783264,0.5207775235176086,0.13596764206886292,0.06372816860675812,0.0018783895066007972,0.16242378950119019
536,0.020587116479873657,0.05964919924736023,0.1173667162656784,-0.00410506222397089,2.6257271766662598,2.897404272365048,882.7710467708106,0.750640332698822,0.182619109749794,0.06617319583892822,0.007415283005684614,0.002163136377930641,0.5878283381462097
537,0.012985102832317352,0.04657434672117233,0.09208858758211136,-0.18721118569374084,3.0021729469299316,3.586752243630389,1502.429983404252,0.4815847873687744,0.3841213881969452,0.1120166927576065,0.030826766043901443,0.005221448373049498,0.351280152797699
538,0.01097948383539915,0.03648854047060013,0.07129918038845062,-0.12726879119873047,3.0107622146606445,3.3233384204850713,1889.494473097868,0.3462156057357788,0.47114014625549316,0.13260644674301147,0.06293690204620361,0.0027446667663753033,0.20072750747203827
539,0.023303553462028503,0.06582073867321014,0.1240321695804596,-0.03219282254576683,2.636199951171875,2.824493645470675,764.6462845340741,0.7838209867477417,0.164581298828125,0.051383983343839645,0.0778139978647232,8.042188710533082e-05,0.6097093224525452
540,0.014305857941508293,0.05193619057536125,0.09487146884202957,-0.09498025476932526,2.8195278644561768,3.630414252964063,1215.795765927331,0.6028242707252502,0.3009267747402191,0.09195826202630997,0.020843129605054855,0.0008494103676639497,0.4753279983997345
541,0.017902737483382225,0.06276959180831909,0.1099548414349556,-0.2744848430156708,3.0666069984436035,3.506144904547546,1126.4469345649384,0.6276687383651733,0.286436527967453,0.08452250808477402,0.07749918103218079,0.0009170718840323389,0.4345506429672241
542,0.022778345271945,0.0631188303232193,0.12398214638233185,-0.003387250006198883,2.4110255241394043,2.771001561653767,719.1168515656259,0.8208324909210205,0.133464515209198,0.043334756046533585,0.04397081956267357,0.00039458260289393365,0.7111235857009888
543,0.018707800656557083,0.06374762207269669,0.1240321695804596,-0.11260507255792618,2.694922685623169,3.407542299577883,1074.8176731685612,0.6636065244674683,0.25771233439445496,0.07381825894117355,0.009233546443283558,0.0010288456687703729,0.6010320782661438
544,0.012196818366646767,0.04654132202267647,0.08467820286750793,0.08893051743507385,2.9983761310577393,3.815857596611572,1860.2598687877583,0.31391939520835876,0.5343165397644043,0.13281559944152832,0.03414500877261162,0.0022273901849985123,0.16602016985416412
545,0.013259565457701683,0.045107707381248474,0.08892980217933655,0.0018246050458401442,2.9630467891693115,3.4018993700616504,1617.227245461999,0.4470016360282898,0.4116099178791046,0.12070957571268082,0.01654190383851528,0.002814445411786437,0.3431019186973572
546,0.01172851212322712,0.03846719115972519,0.07490421086549759,-0.06540720909833908,2.995032787322998,3.2798014575322854,1749.6904362677699,0.3921537399291992,0.44817402958869934,0.12507224082946777,0.03990548104047775,0.0026968014426529408,0.2669486105442047
547,0.015192165039479733,0.050430551171302795,0.09608346223831177,-0.049218110740184784,2.7463316917419434,3.3195104869470478,1191.7435595722266,0.6186298727989197,0.28726494312286377,0.084015853703022,0.02661539986729622,0.004207218531519175,0.5180093050003052
548,0.014723233878612518,0.05103163421154022,0.09347103536128998,-0.05664321780204773,2.8913826942443848,3.466061507194047,1365.0345870539463,0.5438268184661865,0.34261125326156616,0.10386549681425095,0.04644222557544708,0.0010284068994224072,0.40998947620391846
549,0.01983279176056385,0.06286957114934921,0.11836903542280197,-0.10098864138126373,2.544151544570923,3.1699809036058695,967.7675487392241,0.7184882164001465,0.21410775184631348,0.0607551746070385,0.011661209166049957,0.001237862161360681,0.6515976786613464
550,0.012053307145833969,0.036234114319086075,0.07116693258285522,-0.10053883492946625,2.937753915786743,3.0061553959988196,1748.45747807556,0.38248807191848755,0.47091296315193176,0.12944896519184113,0.018423177301883698,0.0023194747045636177,0.2860974967479706
551,0.027591647580266,0.06448931246995926,0.1240321695804596,-0.026359517127275467,2.1850626468658447,2.3372766080756193,600.8407287094252,0.8773761987686157,0.09025408327579498,0.03215763717889786,0.012139148078858852,0.0004409230896271765,0.8091433048248291
552,0.012964961118996143,0.044017259031534195,0.08708929270505905,-0.07212033122777939,2.934203624725342,3.3950937935051275,1802.2525330690396,0.34125250577926636,0.5116035342216492,0.1311875879764557,0.02931000106036663,0.0026130687911063433,0.20059558749198914
553,0.01404052134603262,0.05076811835169792,0.0964055061340332,-0.14445772767066956,3.1626577377319336,3.6158285790739146,1457.504326541937,0.4968150854110718,0.3795239329338074,0.10220050066709518,0.08914284408092499,0.0028963997028768063,0.33979588747024536
554,0.022975683212280273,0.06372502446174622,0.12403217703104019,0.11173166334629059,2.5017895698547363,2.773585615287046,711.9306302151214,0.8276019096374512,0.1266433596611023,0.04562549293041229,0.014261594973504543,0.0008169849752448499,0.7277308702468872
555,0.03214126452803612,0.06480298191308975,0.12403217703104019,-0.15759097039699554,2.194636583328247,2.0161926689146705,537.9198685961476,0.9009164571762085,0.07065679132938385,0.027884123846888542,0.011013129726052284,0.000720941461622715,0.8471367955207825
556,0.014735802076756954,0.04839800298213959,0.09487320482730865,-0.05034098029136658,2.972872018814087,3.284381992018897,1398.0560001781723,0.5253785252571106,0.3591662049293518,0.1079317107796669,0.0504099503159523,0.004169973079115152,0.3813880383968353
557,0.025398369878530502,0.06439976394176483,0.1240321695804596,-0.21871259808540344,2.451878070831299,2.535586506032697,634.0485818259517,0.8512756824493408,0.11225803196430206,0.03644469380378723,0.06732366979122162,0.0010143693070858717,0.7200909852981567
558,0.014216473326086998,0.051606010645627975,0.09514306485652924,-0.3012802004814148,2.940269708633423,3.6300149452186408,1354.537163806845,0.5409629344940186,0.3441029489040375,0.09987802803516388,0.12038198858499527,0.0029764657374471426,0.3422302305698395
559,0.01555908564478159,0.0593327172100544,0.10657157003879547,-0.17982614040374756,3.206669569015503,3.8133807192031752,1297.7126031699888,0.5678010582923889,0.3221113681793213,0.10433180630207062,0.0381510928273201,0.002763204975053668,0.4654026925563812
560,0.013405350036919117,0.05540495365858078,0.10140814632177353,-0.17325541377067566,3.283480644226074,4.1330478877358106,1775.2715212382323,0.34922337532043457,0.5067271590232849,0.13036786019802094,0.03450079262256622,0.002013243269175291,0.22244930267333984
561,0.013421609066426754,0.04732547327876091,0.09043075144290924,-0.15970803797245026,2.965228319168091,3.5260655440796818,1557.6884849827557,0.4440326690673828,0.42269518971443176,0.12155725061893463,0.10366185754537582,0.001849477761425078,0.24372482299804688
562,0.02306647039949894,0.06437548995018005,0.1240321695804596,-0.13473255932331085,2.6163394451141357,2.7908686865584595,685.0131798804841,0.8248597979545593,0.129969522356987,0.044890910387039185,0.0818907618522644,0.0003384269366506487,0.6622775793075562
563,0.021287884563207626,0.06438641995191574,0.1240321695804596,0.046750258654356,2.848069906234741,3.0245569848763565,855.6789513506523,0.7577558159828186,0.17849111557006836,0.06366957724094391,0.01879584603011608,0.0012458324199542403,0.6391276121139526
564,0.013881548307836056,0.04599777236580849,0.08870695531368256,-0.05340174585580826,2.9056546688079834,3.3135909152532657,1596.9546699991567,0.4336533546447754,0.442243754863739,0.11280804872512817,0.006072248797863722,0.0026851571165025234,0.32598114013671875
565,0.013931984081864357,0.05425144359469414,0.10290076583623886,-0.19954942166805267,3.1505043506622314,3.8940213591989883,1555.629999878109,0.4574233293533325,0.41406407952308655,0.1041092574596405,0.09859108179807663,0.0034978140611201525,0.28766101598739624
566,0.02105199359357357,0.06433480232954025,0.1240321695804596,-0.10068967938423157,2.5332210063934326,3.055995720335171,732.3560203480091,0.8119509220123291,0.13256695866584778,0.0554695725440979,0.03971121832728386,0.0007638750248588622,0.6653835773468018
567,0.02242024801671505,0.0634215772151947,0.12091769278049469,-0.06337092816829681,2.2344164848327637,2.8287634090882054,750.1622998165781,0.8127837777137756,0.1402692198753357,0.04449477046728134,0.0058386619202792645,0.0005420904490165412,0.7570531368255615
568,0.011927060782909393,0.04548696056008339,0.08739490061998367,-0.03818845376372337,3.1699929237365723,3.8137611088097345,1779.0658285294512,0.35950517654418945,0.4838080406188965,0.13653354346752167,0.003409132594242692,0.004823454190045595,0.26528725028038025
569,0.011767862364649773,0.041398465633392334,0.07977037131786346,-0.14753121137619019,3.0448408126831055,3.51792571556869,1873.5711295410233,0.3315719962120056,0.4974434971809387,0.13829638063907623,0.09124873578548431,0.004935719072818756,0.14271125197410583
570,0.011781083419919014,0.038241688162088394,0.07118940353393555,-0.15161462128162384,2.9014172554016113,3.2460247326816103,1848.240453743555,0.34205326437950134,0.4927252233028412,0.13215693831443787,0.12266190350055695,0.0024791674222797155,0.138798788189888
571,0.01247059740126133,0.040595054626464844,0.07878803461790085,-0.013161391019821167,2.8931424617767334,3.2552614214860007,1645.2518057244777,0.4115709364414215,0.4391821026802063,0.13107270002365112,0.0923660472035408,0.009906914085149765,0.2048071026802063
572,0.015416053123772144,0.051779765635728836,0.09567585587501526,-0.22097620368003845,3.0834879875183105,3.3588211727503476,1345.0215388993545,0.5495664477348328,0.3444872796535492,0.0955781564116478,0.011135371401906013,0.004236001055687666,0.4594869315624237
573,0.011898534372448921,0.04899938404560089,0.09432714432477951,-0.10030806809663773,3.2296955585479736,4.118102491256482,1885.1399232474514,0.3251819610595703,0.5165771842002869,0.13097892701625824,0.012996337376534939,0.00358254904858768,0.2066003680229187
574,0.02537725120782852,0.06356949359178543,0.12370047718286514,0.12613001465797424,2.289198398590088,2.5049794821619673,666.257901207565,0.8455697298049927,0.11556526273488998,0.03885948657989502,0.022909389808773994,0.0006917191203683615,0.7750381827354431
575,0.015330005437135696,0.05557083338499069,0.10446399450302124,-0.22560417652130127,2.9131672382354736,3.624971537632327,1113.78499440093,0.650597095489502,0.26116758584976196,0.07581348717212677,0.10353653877973557,0.0011513910721987486,0.4680947959423065
576,0.026350731030106544,0.06378183513879776,0.1240321695804596,-0.21200451254844666,2.4396774768829346,2.4204958512727597,589.9785210972674,0.8723058700561523,0.09569216519594193,0.032001059502363205,0.03992992639541626,0.000566127011552453,0.7781181335449219
577,0.018624842166900635,0.059179890900850296,0.11081436276435852,-0.1545860916376114,2.5701744556427,3.177470733300768,925.0336569072041,0.7341634631156921,0.20624908804893494,0.05447965860366821,0.0019270352786406875,0.0015286707784980536,0.655367374420166
578,0.018275827169418335,0.06509244441986084,0.12145677953958511,-0.11984889954328537,2.8061602115631104,3.5616688543225523,968.2497507260317,0.7018195390701294,0.22883343696594238,0.06931639462709427,0.0441024973988533,0.0011729421094059944,0.48871737718582153
579,0.01752645894885063,0.05801868811249733,0.11509449034929276,-0.03817962855100632,2.7514688968658447,3.3103485580578043,1050.4046760329338,0.6822090744972229,0.23339228332042694,0.07507345080375671,0.05235213413834572,0.00550262164324522,0.5815143585205078
580,0.023829597979784012,0.06262975931167603,0.1240321695804596,-0.11532308906316757,2.3649983406066895,2.6282339870853106,701.9254516268354,0.8319587111473083,0.12322693318128586,0.0441669225692749,0.015227867290377617,0.00048578018322587013,0.7670331597328186
581,0.016011318191885948,0.05189097300171852,0.1018773764371872,-0.26612672209739685,2.921466827392578,3.2408932466768667,1104.55064457898,0.652180552482605,0.256786972284317,0.08819854259490967,0.052895449101924896,0.0023286771029233932,0.5263155698776245
582,0.0212335754185915,0.05900787562131882,0.11493514478206635,-0.017334656789898872,2.5671706199645996,2.77898914597653,834.7706208025116,0.7771502137184143,0.16068075597286224,0.06198538467288017,0.02709859050810337,0.000723133678548038,0.6436777114868164
583,0.021636107936501503,0.059765707701444626,0.11346161365509033,-0.21021577715873718,2.3685622215270996,2.7623132531084176,702.7347091336444,0.8261995911598206,0.13065467774868011,0.04115620255470276,0.044443339109420776,0.0005180755397304893,0.7336589097976685
584,0.015045319683849812,0.057253919541835785,0.10615869611501694,-0.31357938051223755,3.1949779987335205,3.805430575163436,1214.5814638545896,0.6102734804153442,0.29138103127479553,0.08693301677703857,0.026691684499382973,0.003040728624910116,0.5190328359603882
585,0.020983969792723656,0.05917523056268692,0.11672356724739075,-0.041639044880867004,2.630237579345703,2.8200207655839433,858.3730900116449,0.7625805139541626,0.18002378940582275,0.057373009622097015,0.030511027202010155,0.00028255031793378294,0.6262286901473999
586,0.013726902194321156,0.05532430112361908,0.09767518192529678,-0.14286397397518158,2.98368501663208,4.030355890674043,1651.66082858955,0.4050428867340088,0.4535215198993683,0.1251649409532547,0.12634600698947906,0.003802869003266096,0.18584537506103516
587,0.01238138135522604,0.037855103611946106,0.07569620013237,-0.09778174757957458,2.8328158855438232,3.057421665871755,1678.742920515838,0.4087505638599396,0.44416677951812744,0.12057176232337952,0.011436531320214272,0.001020642463117838,0.31074318289756775
588,0.020465979352593422,0.06275676935911179,0.12123917043209076,-0.06995794177055359,2.49790096282959,3.0663946383827922,1022.8776985313997,0.6952131986618042,0.22997453808784485,0.07047659903764725,0.00945870578289032,0.0026585969608277082,0.6205816268920898
589,0.013126208446919918,0.051200591027736664,0.0921308696269989,-0.19885221123695374,3.148991107940674,3.900638271202398,1725.407839729729,0.36278727650642395,0.49498558044433594,0.1281675100326538,0.1501186192035675,0.004939017351716757,0.12763118743896484
590,0.014975210651755333,0.05085302144289017,0.09302075207233429,-0.16128802299499512,2.8867502212524414,3.3958134294113296,1431.4828472098147,0.4879910349845886,0.40177297592163086,0.10172402113676071,0.08163264393806458,0.003374601947143674,0.33174929022789
591,0.0204632431268692,0.06037536635994911,0.11900508403778076,-0.1580556035041809,2.6611413955688477,2.9504299969794614,742.7220683411198,0.8012139797210693,0.15235738456249237,0.04642758518457413,0.011247466318309307,0.0006098099984228611,0.6726652383804321
592,0.012253773398697376,0.04869573935866356,0.08942945301532745,0.03839912638068199,3.32828688621521,3.973938293967976,1909.8547603254071,0.3169713318347931,0.5156530737876892,0.14282327890396118,0.022503932937979698,0.0020383738446980715,0.19380900263786316
593,0.013433870859444141,0.047556839883327484,0.09023040533065796,-0.1983896791934967,3.1067893505096436,3.540069751850748,1597.409951224366,0.43549370765686035,0.42970964312553406,0.11537081748247147,0.1254952996969223,0.0013415394350886345,0.21748653054237366
594,0.01619422435760498,0.05614396929740906,0.10610009729862213,-0.03834664076566696,2.8072991371154785,3.466913144721028,1315.3963406576095,0.5411379933357239,0.35377761721611023,0.09853534400463104,0.014121628366410732,0.005214142147451639,0.4420766830444336
595,0.012229304760694504,0.04468522220849991,0.08309676498174667,-0.11856686323881149,2.991868734359741,3.6539462446357645,1624.2894047802636,0.4309741258621216,0.4256558418273926,0.12122286111116409,0.046893347054719925,0.0012709283037111163,0.2752339243888855
596,0.016766974702477455,0.06266956776380539,0.11213986575603485,-0.20587268471717834,2.8401100635528564,3.737678911796043,1054.2344483206334,0.6778041124343872,0.24070824682712555,0.0715852603316307,0.04364287853240967,0.00029005802934989333,0.5782291889190674
597,0.021407848224043846,0.06386583298444748,0.1240321695804596,-0.1656905859708786,2.7051172256469727,2.9832906284217025,876.0429122023729,0.7465895414352417,0.1941356062889099,0.05711982399225235,0.015116296708583832,0.000860297994222492,0.6687982082366943
598,0.024287816137075424,0.06331740319728851,0.1240321695804596,-0.09185104072093964,2.3738059997558594,2.606961566133867,754.2806961819915,0.8110707998275757,0.14129513502120972,0.046830859035253525,0.025100599974393845,0.0005784824024885893,0.7359324097633362
599,0.021371223032474518,0.0618470199406147,0.12128657102584839,-0.035475295037031174,2.6415328979492188,2.8939391930794733,869.8987002690122,0.7492303848266602,0.19499188661575317,0.05507216975092888,0.011162849143147469,0.0007648072205483913,0.6105198860168457
600,0.018525296822190285,0.05778048560023308,0.11373079568147659,-0.06311099976301193,2.700045347213745,3.1190045779942634,1017.0888568527902,0.6975137591362,0.223475381731987,0.07050776481628418,0.036604996770620346,0.0042389738373458385,0.600045382976532
601,0.014651197008788586,0.04939192160964012,0.09048779308795929,0.005039832089096308,2.7154300212860107,3.3711867758409753,1345.2208390685173,0.5565060377120972,0.32675787806510925,0.10271850228309631,0.033359184861183167,0.0009463003952987492,0.4267619848251343
602,0.016664015129208565,0.062479179352521896,0.10835069417953491,-0.2248338907957077,3.0856776237487793,3.74934725300744,985.3772147802321,0.6802438497543335,0.241819366812706,0.07438690960407257,0.07708895951509476,0.002840988105162978,0.5323895812034607
603,0.017385130748152733,0.060160763561725616,0.11926966905593872,-0.010469190776348114,3.0017995834350586,3.46047230991677,1071.7907310927005,0.6435868144035339,0.2799309492111206,0.07398433983325958,0.06204152852296829,0.0005356176407076418,0.48952338099479675
604,0.024811984971165657,0.06290581822395325,0.1240321695804596,0.06584589183330536,2.3844690322875977,2.535299706755491,605.0231985580476,0.8633661270141602,0.10276240855455399,0.03387134522199631,0.018728673458099365,0.004923233762383461,0.7752947211265564
605,0.013524290174245834,0.056814875453710556,0.10268290340900421,-0.04456785321235657,3.0961549282073975,4.200950638999271,1613.976581719124,0.42521920800209045,0.43591412901878357,0.12249244004487991,0.022271035239100456,0.0014735311269760132,0.30361345410346985
606,0.012090019881725311,0.04604240879416466,0.08481062948703766,-0.13781589269638062,3.019659996032715,3.8082988482055216,1644.992682318781,0.4171924591064453,0.4460172951221466,0.11820794641971588,0.021983666345477104,0.003126205876469612,0.3013688623905182
607,0.026565982028841972,0.06338977068662643,0.12403217703104019,0.09266076982021332,2.2161309719085693,2.386125632977533,584.1535915108753,0.876455545425415,0.09333906322717667,0.030193859711289406,0.016902629286050797,0.003940969239920378,0.7952266335487366
608,0.017557892948389053,0.06401511281728745,0.12058691680431366,-0.012793237343430519,2.8328967094421387,3.6459450460150418,949.5765037759986,0.7181983590126038,0.20521877706050873,0.07646317034959793,0.04075923562049866,0.0004376943688839674,0.5281912088394165
609,0.0131731778383255,0.04286859929561615,0.08548043668270111,-0.04205622896552086,2.9356822967529297,3.2542337026409665,1554.209708014917,0.46986064314842224,0.3899819552898407,0.12671169638633728,0.02760809101164341,0.004020152147859335,0.31991201639175415
610,0.02816573716700077,0.062069959938526154,0.1240321695804596,-0.08560623228549957,2.057352304458618,2.203739940066051,589.8904037889699,0.8834652304649353,0.08635424077510834,0.029225852340459824,0.007747921161353588,0.00015368587628472596,0.8427504897117615
611,0.01197757013142109,0.04002850502729416,0.07673749327659607,0.07410877197980881,2.9925665855407715,3.341955387006612,1732.4995812298916,0.3811206817626953,0.465239942073822,0.1328851878643036,0.07183472812175751,0.0021187555976212025,0.18301180005073547
612,0.012465443462133408,0.04110034182667732,0.08013147115707397,-0.04867257550358772,2.870739698410034,3.297142371888471,1874.3482333218008,0.33102947473526,0.4995173215866089,0.1394980549812317,0.05881020799279213,0.003229864640161395,0.15935927629470825
613,0.015722954645752907,0.06409810483455658,0.1145428866147995,-0.22599917650222778,3.120042324066162,4.076721346251169,1317.3565663240063,0.5543943047523499,0.3418858051300049,0.0907871201634407,0.03433191031217575,0.0008985166787169874,0.4462449252605438
614,0.013940771110355854,0.04831966757774353,0.09182842075824738,-0.07531562447547913,3.0928385257720947,3.466068497343261,1679.1831484716624,0.40429767966270447,0.4458887577056885,0.13837850093841553,0.030284253880381584,0.0005170322256162763,0.2609497010707855
615,0.01626746356487274,0.06101294979453087,0.10922729223966599,-0.19358573853969574,2.8222036361694336,3.750612352532265,1251.7366663391088,0.5840242505073547,0.32005563378334045,0.0844365730881691,0.044854454696178436,0.002297388156875968,0.4676774740219116
616,0.01769089326262474,0.05640709772706032,0.11113253235816956,-0.13796594738960266,2.771681070327759,3.188482169130611,959.9083342361208,0.713185727596283,0.2206830233335495,0.06241624802350998,0.021846411749720573,0.00015056232223287225,0.6024633646011353
617,0.01845528744161129,0.06369157135486603,0.11847995966672897,0.06095163896679878,2.9405133724212646,3.451128656376762,1030.0863176755074,0.6750474572181702,0.23597289621829987,0.08861754089593887,0.08776932209730148,0.00029470943263731897,0.4357532858848572
618,0.014684095047414303,0.04951971769332886,0.09514955431222916,-0.06254429370164871,2.9146833419799805,3.3723370442686122,1464.6721334134768,0.5041826367378235,0.3727633059024811,0.10844366997480392,0.008002533577382565,0.005536075681447983,0.4177936017513275
619,0.017363937571644783,0.06016713008284569,0.11245253682136536,-0.13796629011631012,2.68013334274292,3.4650625660871546,1040.6709146024823,0.6752645969390869,0.24439889192581177,0.07707081735134125,0.05419810488820076,0.0007980102673172951,0.5526150465011597
620,0.03376505896449089,0.06220843642950058,0.1240321695804596,-0.008134397678077221,1.8222044706344604,1.8423908719685593,518.794258712578,0.9177390933036804,0.05977887660264969,0.022126931697130203,0.004817102570086718,0.0004801274335477501,0.8881102204322815
621,0.026515329256653786,0.06457287073135376,0.1240321695804596,-0.15159431099891663,2.561631202697754,2.4353033712645478,666.0842299074907,0.8411315083503723,0.11985643953084946,0.03885865956544876,0.01087205857038498,0.0025361673906445503,0.7599790692329407
622,0.034603435546159744,0.06347846984863281,0.1240321695804596,-0.023579424247145653,1.8921235799789429,1.8344557077900647,489.00793078148286,0.9306296706199646,0.05015680193901062,0.019079258665442467,0.003628794103860855,9.56410585786216e-05,0.8937134742736816
623,0.027466922998428345,0.06376538425683975,0.1240321695804596,-0.027268193662166595,2.1133008003234863,2.3215335863491835,561.8589486177096,0.8959622979164124,0.07762955129146576,0.026118896901607513,0.010439169593155384,0.0008239406161010265,0.8282278180122375
624,0.013851677067577839,0.05003087595105171,0.09637314081192017,-0.01762971095740795,3.075530529022217,3.6119002560740765,1508.4255438980372,0.47597625851631165,0.38606929779052734,0.12205541133880615,0.10854695737361908,0.003632256994023919,0.28835055232048035
625,0.017086312174797058,0.05424463376402855,0.10803307592868805,-0.035246074199676514,2.6711833477020264,3.1747420511763007,1195.739353808345,0.597926676273346,0.30879876017570496,0.08563682436943054,0.06844864785671234,0.0020805401727557182,0.45078185200691223
626,0.02236240543425083,0.06160730496048927,0.1231721043586731,-0.1296587437391281,2.30765438079834,2.7549498258973073,684.201526823152,0.8388121724128723,0.12016875296831131,0.039219193160533905,0.010391486808657646,0.0005154120735824108,0.7800912857055664
627,0.015012865886092186,0.05083727836608887,0.10107915103435516,-0.1943117380142212,2.9353718757629395,3.3862474192750844,1336.174331609581,0.5456804633140564,0.35044342279434204,0.09431213140487671,0.0508599728345871,0.004026188049465418,0.42366763949394226
628,0.012120118364691734,0.04703102633357048,0.09120478481054306,-0.021434804424643517,3.326493978500366,3.8804098206417366,1687.718551021767,0.4046384394168854,0.44471728801727295,0.1216440424323082,0.07918120920658112,0.005306514445692301,0.22688241302967072
629,0.012493548914790154,0.040369804948568344,0.07702174782752991,-0.08883612602949142,2.8665106296539307,3.231252002187015,1662.6148293623655,0.40653932094573975,0.43877410888671875,0.1364860087633133,0.1181718111038208,0.0007192070479504764,0.1981494277715683
630,0.012724114581942558,0.04509960860013962,0.08826016634702682,-0.04953616112470627,3.079810619354248,3.5444201878375377,1742.759404257316,0.3578786551952362,0.5013676881790161,0.12685663998126984,0.018934128805994987,0.0031321316491812468,0.25122177600860596
631,0.027687694877386093,0.06386974453926086,0.1240321695804596,-0.02600904181599617,2.2775754928588867,2.3067916928367933,614.202417548876,0.8657202124595642,0.10278113931417465,0.031463250517845154,0.02064806967973709,0.0006438681739382446,0.7796972393989563
632,0.014851956628262997,0.04859029874205589,0.09349596500396729,-0.08373861014842987,2.7900023460388184,3.2716429191772494,1423.1332229048685,0.5027472972869873,0.3799452781677246,0.11071038246154785,0.0588562898337841,0.0027384578716009855,0.30519992113113403
633,0.0177297443151474,0.05668291822075844,0.10924498736858368,0.10956045985221863,2.905540943145752,3.1970522084254966,944.5013774811272,0.7221861481666565,0.2061915546655655,0.07149653136730194,0.03982257843017578,0.0005822171224281192,0.5812934041023254
634,0.017095666378736496,0.057366400957107544,0.10342463850975037,-0.3416016101837158,2.9272046089172363,3.3556106958839567,1034.6293535910586,0.6679667234420776,0.25428515672683716,0.07669138163328171,0.08467428386211395,0.001346101867966354,0.4975542724132538
635,0.028754204511642456,0.06484154611825943,0.1240321695804596,-0.049513306468725204,2.226346492767334,2.255028341672618,602.0681488516865,0.8709760904312134,0.0940985381603241,0.03478742018342018,0.038250938057899475,0.00021305934933479875,0.7792372107505798
636,0.014058935455977917,0.051602110266685486,0.10038445889949799,-0.07555748522281647,3.082324504852295,3.6704137681401505,1722.3746246707715,0.36552736163139343,0.4936310648918152,0.13351991772651672,0.011174116283655167,0.0006418796838261187,0.2520700693130493
637,0.014355543069541454,0.05832381546497345,0.1016383022069931,-0.14553050696849823,3.047497510910034,4.062808016274763,1399.3451125736528,0.5207374691963196,0.3653835952281952,0.10024932026863098,0.0350610725581646,0.0012917249696329236,0.4003591537475586
638,0.018776634708046913,0.06378138065338135,0.11736138164997101,-0.25913509726524353,2.919588088989258,3.396848351246369,1068.77665567121,0.654128909111023,0.26730427145957947,0.07331082224845886,0.06214877963066101,0.004442357923835516,0.5273823738098145
639,0.021715374663472176,0.06023043766617775,0.11699169874191284,-0.11752050369977951,2.5839521884918213,2.7736310607948584,828.7068294096931,0.7702888250350952,0.16833709180355072,0.061090659350156784,0.07984157651662827,0.0006184313097037375,0.5909903645515442
640,0.012876300141215324,0.0508400984108448,0.09740522503852844,-0.04895076900720596,3.363433837890625,3.948346795999579,1721.1134448372654,0.3718419075012207,0.49052584171295166,0.12553447484970093,0.010002398863434792,0.0035073610488325357,0.26726844906806946
641,0.01581653766334057,0.05494922399520874,0.10520415008068085,-0.0668303593993187,2.8916947841644287,3.4741626240422647,1323.4331828527509,0.5540271997451782,0.33827129006385803,0.09828310459852219,0.020596781745553017,0.0027930012438446283,0.43984076380729675
642,0.01479729637503624,0.0497930534183979,0.09611234068870544,-0.20141631364822388,2.9191436767578125,3.365010212205805,1479.380803254274,0.48929154872894287,0.38986730575561523,0.10969206690788269,0.04941309615969658,0.004036988131701946,0.3609085977077484
643,0.01402114238590002,0.04739357903599739,0.09345388412475586,-0.06425757706165314,2.7474093437194824,3.3801510410647637,1357.8815607088354,0.5204761028289795,0.3657769560813904,0.10650087893009186,0.1564810574054718,0.0008745766244828701,0.23925001919269562
644,0.02365925908088684,0.062314752489328384,0.1240321695804596,-0.1372576802968979,2.305687427520752,2.6338420942790886,704.58823826205,0.8344821929931641,0.11971575021743774,0.04439803957939148,0.030903534963726997,0.0016203789273276925,0.7381652593612671
645,0.023414570838212967,0.06436582654714584,0.1240321695804596,-0.06674368679523468,2.635253667831421,2.74896460794194,694.6483322441943,0.8248703479766846,0.13072679936885834,0.04439496621489525,0.009299472905695438,0.0007174575002864003,0.7260423302650452
646,0.014766990207135677,0.04510962963104248,0.08926911652088165,-0.0716070607304573,2.7841575145721436,3.054761261112635,1299.9656887766025,0.5473815202713013,0.3526768088340759,0.09305475652217865,0.004196257330477238,0.00040929196984507143,0.44293642044067383
647,0.015072430483996868,0.05500340461730957,0.10311372578144073,-0.059823017567396164,2.9378206729888916,3.6492724031509107,1389.4555001555022,0.5189332962036133,0.36910516023635864,0.10186099261045456,0.03618277236819267,0.002382287522777915,0.38384950160980225
648,0.016200371086597443,0.05809507891535759,0.11068854480981827,0.009418061003088951,2.786362409591675,3.5860338384367987,1205.6742253029806,0.6165608167648315,0.29136377573013306,0.08071742206811905,0.014465021900832653,0.003064787946641445,0.5479498505592346
649,0.014151026494801044,0.05050991103053093,0.09406951069831848,-0.058326832950115204,2.917757511138916,3.5693460856368584,1527.6556477851334,0.4633415639400482,0.4104847013950348,0.11947339028120041,0.05883518606424332,0.0014496740186586976,0.3017355799674988
650,0.021451810374855995,0.06413081288337708,0.12403217703104019,-0.19444313645362854,2.651426076889038,2.989529170720075,664.293591764674,0.8384250998497009,0.11873327940702438,0.04280513897538185,0.0844467505812645,0.0003523175255395472,0.6786376237869263
651,0.030855339020490646,0.06341768056154251,0.1240321695804596,-0.03843522071838379,1.9161120653152466,2.055322760102305,512.4650358043759,0.9199420213699341,0.057392679154872894,0.022618096321821213,0.005396474152803421,0.0005977753316983581,0.8733633160591125
652,0.014330677688121796,0.049369677901268005,0.09404878318309784,-0.2329455018043518,3.032440662384033,3.445034420022145,1325.107641137813,0.542654275894165,0.34225520491600037,0.10605648159980774,0.1524382084608078,0.002849545795470476,0.2974262237548828
653,0.018354836851358414,0.05964669957756996,0.11664662510156631,-0.19884352385997772,2.8338944911956787,3.249644769787532,969.8724276500989,0.711506724357605,0.22060084342956543,0.06638261675834656,0.026253532618284225,0.001739298808388412,0.6128914952278137
654,0.013906250707805157,0.05540606752038002,0.10787788778543472,0.03962533921003342,3.199862241744995,3.9842563377127966,1667.9113929662826,0.4115699827671051,0.44916701316833496,0.1294139325618744,0.010310388170182705,0.003868746105581522,0.28017911314964294
655,0.025359125807881355,0.06521212309598923,0.1240321695804596,-0.06280677020549774,2.491614580154419,2.5715446024227866,669.55779948825,0.8402916193008423,0.11962422728538513,0.040082961320877075,0.045206788927316666,0.0016436856240034103,0.7261436581611633
656,0.02732132002711296,0.06421250104904175,0.1240321695804596,-0.06470800191164017,2.269062042236328,2.350270813524701,627.7881913144442,0.8662384152412415,0.0999768078327179,0.033766672015190125,0.019124258309602737,0.0005222655017860234,0.7705814242362976
657,0.012834342196583748,0.04894629120826721,0.09075121581554413,0.029416808858513832,3.108187437057495,3.8136969121395303,1732.0228101137295,0.38721421360969543,0.46337974071502686,0.13812842965126038,0.07269000262022018,0.00321780564263463,0.22763746976852417
658,0.013362853787839413,0.06134308874607086,0.10392133891582489,-0.03602141514420509,3.0728847980499268,4.590567981616643,1683.7502669321777,0.3966781795024872,0.4579794406890869,0.13000544905662537,0.09043756127357483,0.0020861229859292507,0.22890454530715942
659,0.016812695190310478,0.06342300027608871,0.11878595501184464,-0.1413741111755371,2.893932819366455,3.772327967312965,1078.383105021752,0.648815929889679,0.26397866010665894,0.08104243874549866,0.10525110363960266,0.001696185558103025,0.4808368980884552
660,0.01375153660774231,0.05188605934381485,0.10339292883872986,-0.13505753874778748,3.1404521465301514,3.7731099309170406,1578.707528432135,0.44315946102142334,0.4272724986076355,0.11526001244783401,0.014032089151442051,0.0021409958135336637,0.3359893262386322
661,0.01661137118935585,0.05661211907863617,0.11162978410720825,-0.16646316647529602,3.009815216064453,3.4080340767716857,1271.0702984854586,0.5683637857437134,0.3379218280315399,0.08813997358083725,0.01748734712600708,0.005063078831881285,0.466364324092865
662,0.016954004764556885,0.06257449835538864,0.107979416847229,-0.15114706754684448,2.813605308532715,3.690838785330097,999.4495143497588,0.6954348087310791,0.22319842875003815,0.07830717414617538,0.042969707399606705,0.0013808355433866382,0.5352936387062073
663,0.01969713158905506,0.06460225582122803,0.12403217703104019,-0.06758218258619308,2.821364402770996,3.2797798768753337,824.7193033289926,0.7783569097518921,0.15964080393314362,0.06172667443752289,0.004597179125994444,0.0022546453401446342,0.6472420692443848
664,0.01220692042261362,0.043965622782707214,0.0857604593038559,-0.07344362139701843,2.9540774822235107,3.601696517793146,1566.834339220245,0.4543168842792511,0.39729881286621094,0.12270837277173996,0.19243980944156647,0.0037424610927700996,0.19043147563934326
665,0.014212150126695633,0.05883327126502991,0.1100163459777832,-0.12667050957679749,3.03454852104187,4.13964605892952,1671.1214670270865,0.39131638407707214,0.4659072458744049,0.13520340621471405,0.06609869003295898,0.002619738457724452,0.23208798468112946
666,0.013604691252112389,0.049757007509469986,0.09680919349193573,-0.08908873051404953,2.925111770629883,3.657341911238663,1562.191479994353,0.4415707290172577,0.43196189403533936,0.11319014430046082,0.011177174746990204,0.002271875971928239,0.347893625497818
667,0.031100666150450706,0.06472796946763992,0.1240321695804596,-0.11022569239139557,2.1411099433898926,2.0812406124175786,569.8894801426094,0.8839340209960938,0.08829859644174576,0.02746662124991417,0.06349710375070572,0.000837841653265059,0.7700504660606384
668,0.03187792748212814,0.06465492397546768,0.1240321695804596,-0.06608966737985611,1.9882137775421143,2.0282034962808435,540.7393760264621,0.9056317210197449,0.06976305693387985,0.024124519899487495,0.009861258789896965,0.0007035341113805771,0.8479748964309692
669,0.01719536818563938,0.05681062489748001,0.11195863038301468,-0.11880811303853989,2.8154237270355225,3.3038330020534987,1083.8632627313964,0.6567262411117554,0.26222580671310425,0.07730208337306976,0.019876116886734962,0.0012591067934408784,0.5441833138465881
670,0.019100258126854897,0.06251918524503708,0.11689558625221252,-0.12053054571151733,2.726810932159424,3.2732115360190925,890.4780267651845,0.7322112917900085,0.19873566925525665,0.06725672632455826,0.12603382766246796,0.0008118292316794395,0.5115388631820679
671,0.03017987497150898,0.0646892562508583,0.1240321695804596,-0.04190779849886894,2.135024309158325,2.1434567343232573,546.0449828102837,0.9005229473114014,0.07306786626577377,0.025869077071547508,0.01922569051384926,0.000608964532148093,0.826270341873169
672,0.01206990610808134,0.040098197758197784,0.07875138521194458,0.03214586153626442,2.936044216156006,3.322163187999291,1903.346513985849,0.316719651222229,0.5059689879417419,0.15599264204502106,0.03250933438539505,0.0034932210110127926,0.17009922862052917
673,0.01268830243498087,0.04813770949840546,0.09182926267385483,-0.08142881095409393,2.979762554168701,3.7938652346352404,1591.5818782824342,0.4306473731994629,0.4296380579471588,0.12626878917217255,0.12470612674951553,0.003729751333594322,0.20505689084529877
674,0.01384063996374607,0.051421795040369034,0.0961378887295723,-0.1610650271177292,3.1947805881500244,3.715275823325157,1669.8839150991314,0.4136947989463806,0.4360388517379761,0.13681547343730927,0.006910944357514381,0.0020341863855719566,0.30270442366600037
675,0.018555596470832825,0.059082671999931335,0.11337745189666748,-0.07048140466213226,2.537351369857788,3.184089074669097,1050.1855571500414,0.6752221584320068,0.24951335787773132,0.07030220329761505,0.019895605742931366,0.003811680478975177,0.5948212146759033
676,0.014766665175557137,0.05720975995063782,0.10767370462417603,-0.07209432125091553,2.859259605407715,3.874250500475987,1418.2982911772895,0.5234166383743286,0.35608044266700745,0.10666888952255249,0.032006192952394485,0.006287516560405493,0.39829668402671814
677,0.013340179808437824,0.054740987718105316,0.0980014055967331,-0.03397463634610176,3.09210467338562,4.103467007197123,1354.9855973435701,0.5409008264541626,0.344290554523468,0.11071689426898956,0.0680033341050148,0.001843227306380868,0.35461336374282837
678,0.025982877239584923,0.06365983188152313,0.1240321695804596,-0.04000893607735634,2.3461556434631348,2.4500686083405454,616.852855365257,0.8589942455291748,0.10762371122837067,0.033381976187229156,0.0780201107263565,0.0002548900374677032,0.7134141325950623
679,0.020592043176293373,0.06335451453924179,0.12057973444461823,-0.18612751364707947,2.8703832626342773,3.0766502378502265,852.5416466113064,0.7579908967018127,0.1793779581785202,0.06013825535774231,0.08442051708698273,0.0021491707302629948,0.6092716455459595
680,0.014265051111578941,0.05067416653037071,0.09688471257686615,-0.019260989502072334,2.720099925994873,3.5523298255613094,1352.4403303360443,0.5601778626441956,0.3213905692100525,0.10291128605604172,0.0025409040972590446,0.0024634997826069593,0.47556838393211365
681,0.02240738645195961,0.0658944770693779,0.1240321695804596,0.033627405762672424,2.5840933322906494,2.940748007703256,860.478309461691,0.7511506080627441,0.18559707701206207,0.06304000318050385,0.05301837623119354,0.001248581800609827,0.5914288759231567
682,0.01820973865687847,0.05454153195023537,0.10325710475444794,-0.11487668007612228,2.4690771102905273,2.9951847731015016,994.8579150861259,0.7072747349739075,0.21819569170475006,0.06751565635204315,0.0342409610748291,0.0027832475025206804,0.6198412775993347
683,0.018060319125652313,0.06387510150671005,0.12012146413326263,-0.19491545855998993,2.8385608196258545,3.5367648300548074,897.4688346607273,0.7351343035697937,0.1987345814704895,0.06456220149993896,0.05057574436068535,0.0003647689300123602,0.5993573665618896
684,0.014888405799865723,0.05293126031756401,0.10237188637256622,0.11520275473594666,2.92287278175354,3.555200000962238,1373.7177235311226,0.510523796081543,0.37710267305374146,0.10509785264730453,0.13148176670074463,0.0037650759331882,0.2905423939228058
685,0.013834048062562943,0.04972800984978676,0.09663496911525726,-0.06656553596258163,2.9317221641540527,3.594610169149533,1445.3592254315117,0.48034393787384033,0.40006521344184875,0.10883844643831253,0.20807838439941406,0.006837367080152035,0.17275476455688477
686,0.029419543221592903,0.06438180059194565,0.1240321695804596,-0.04576340690255165,2.2752580642700195,2.188402454274113,588.7033366865006,0.8734365701675415,0.0954325720667839,0.030569415539503098,0.08398111909627914,0.0004581978137139231,0.7220780849456787
687,0.012696200981736183,0.04150364175438881,0.08284513652324677,-0.1043328195810318,2.932518482208252,3.2689811551363985,1813.637658525054,0.3329651653766632,0.5133832693099976,0.14123176038265228,0.04014877602458,0.0029927301220595837,0.21469959616661072
688,0.012917700223624706,0.0451938696205616,0.08710059523582458,-0.05296001955866814,2.819002151489258,3.498600279824546,1635.2759564102914,0.4219958484172821,0.4343721568584442,0.12930519878864288,0.06021244823932648,0.0019167631398886442,0.2556012272834778
689,0.0412275493144989,0.06331418454647064,0.1240321695804596,-0.027590610086917877,1.6324882507324219,1.5357251546035648,459.1697862605279,0.943272590637207,0.0400102362036705,0.016402194276452065,0.012144298292696476,0.0003842489968519658,0.8986612558364868
690,0.011870033107697964,0.03828705847263336,0.07356928288936615,-0.08400438725948334,3.0220799446105957,3.2255224667046534,1812.5987097797408,0.3435705006122589,0.495462030172348,0.13125577569007874,0.05458568036556244,0.0035356159787625074,0.214817076921463
691,0.012071716599166393,0.045356716960668564,0.08311816304922104,-0.07738171517848969,3.194192409515381,3.7572715184552443,1945.211854249601,0.29023024439811707,0.5330228805541992,0.15877044200897217,0.05141197890043259,0.004171525128185749,0.12253881990909576
692,0.022108562290668488,0.06353174895048141,0.12223155796527863,-0.10478761792182922,2.561643123626709,2.873626430897457,765.348872730152,0.7947011590003967,0.15706287324428558,0.048212237656116486,0.07497552037239075,0.0018910267390310764,0.6357943415641785
693,0.013762722723186016,0.0458490289747715,0.09089983254671097,-0.059231385588645935,2.7665560245513916,3.331392333742101,1507.9289977351816,0.45599785447120667,0.4135485291481018,0.12216102331876755,0.12367543578147888,0.003642953699454665,0.24419495463371277
694,0.02479696087539196,0.06293310225009918,0.1240321695804596,-0.20278233289718628,2.3896100521087646,2.5379361028881116,685.9764551343179,0.8384262323379517,0.11630067229270935,0.043095581233501434,0.0482935793697834,0.0018561012111604214,0.7447174191474915
695,0.01336400955915451,0.05151106044650078,0.09301082789897919,0.033544860780239105,2.9790661334991455,3.8544615083248432,1662.191397557201,0.4000700116157532,0.4602401554584503,0.12771068513393402,0.03146001324057579,0.0013529882999137044,0.26072949171066284
696,0.03331364691257477,0.0637759268283844,0.1240321695804596,-0.018723569810390472,1.9066863059997559,1.9144084402958823,509.5081524027561,0.9214217066764832,0.05469668284058571,0.02344156801700592,0.012802204117178917,0.00037702880217693746,0.8703542947769165
697,0.020618552342057228,0.05924950912594795,0.11515330523252487,-0.09532453864812851,2.44350266456604,2.8736017999779078,856.124380767536,0.7711561322212219,0.16441738605499268,0.05739778280258179,0.02440571039915085,0.0014323474606499076,0.701913595199585
698,0.022014278918504715,0.06216098368167877,0.11867301166057587,-0.10081087797880173,2.338778495788574,2.8236665806302637,757.949928862694,0.8084832429885864,0.14269502460956573,0.044957272708415985,0.011016003787517548,0.001054494408890605,0.7460122108459473
699,0.020371388643980026,0.06503263115882874,0.1240321695804596,0.025669541209936142,2.8613505363464355,3.1923514048147257,973.2961179219869,0.699620246887207,0.22330354154109955,0.07645968347787857,0.0367753803730011,0.0023180118296295404,0.5166134834289551
700,0.02523910440504551,0.06448806077241898,0.1240321695804596,0.11302430182695389,2.552187442779541,2.5550851462452124,667.8644304633909,0.838575005531311,0.11854574829339981,0.042336300015449524,0.060554731637239456,0.0004659570404328406,0.6816166639328003
701,0.027132580056786537,0.06423983722925186,0.1240321695804596,-0.028048351407051086,2.2735655307769775,2.3676272987100706,610.3962055851447,0.8735208511352539,0.0890810489654541,0.037388816475868225,0.048654552549123764,0.0011481870897114277,0.7386359572410583
702,0.012254854664206505,0.03662489354610443,0.0728357583284378,-0.0639079213142395,2.8141520023345947,2.9886028473343194,1986.7656815596586,0.2755838930606842,0.5427667498588562,0.15946431457996368,0.008320672437548637,0.003978078719228506,0.17343474924564362
703,0.018668880686163902,0.056355275213718414,0.11017090082168579,-0.03183465823531151,2.631052255630493,3.0186745610553083,924.6399521011556,0.7305254340171814,0.19628581404685974,0.07284525781869888,0.023894330486655235,0.0004026905517093837,0.6024624705314636
704,0.013165564276278019,0.0529126413166523,0.08859562873840332,-0.20153312385082245,3.068784475326538,4.0190181143980555,1541.802552004733,0.45102912187576294,0.4188213050365448,0.11658862233161926,0.11252358555793762,0.003443310735747218,0.22783690690994263
705,0.02457483671605587,0.06421127915382385,0.12403217703104019,-0.12579025328159332,2.573251724243164,2.6128873161244157,606.5584374112558,0.859968364238739,0.10324512422084808,0.0366833359003067,0.044591110199689865,0.00043389134225435555,0.7599921822547913
706,0.018596254289150238,0.06141320988535881,0.11821426451206207,-0.026775376871228218,2.60080623626709,3.302450532626195,1011.2817367956229,0.7024337649345398,0.22363324463367462,0.06433280557394028,0.02587658166885376,0.002114131348207593,0.6240232586860657
707,0.016968758776783943,0.058519355952739716,0.11009868234395981,-0.21487335860729218,2.8468031883239746,3.448652710494959,1155.742671418993,0.6205712556838989,0.29602786898612976,0.07760105282068253,0.07539911568164825,0.0027461282443255186,0.47775110602378845
708,0.011606713756918907,0.04155396670103073,0.08024340122938156,-0.04317794367671013,2.9876153469085693,3.5801664077982216,1982.5794586378447,0.26121875643730164,0.5710321664810181,0.14517450332641602,0.03286893293261528,0.0025580492801964283,0.14402437210083008
709,0.013205294497311115,0.04563695937395096,0.08819074928760529,0.07577452808618546,3.0761632919311523,3.455959227549804,1652.1877073965823,0.41282010078430176,0.45152249932289124,0.11696693301200867,0.054873187094926834,0.004317305516451597,0.2787097990512848
710,0.016032017767429352,0.06075482442975044,0.10769584029912949,-0.18601569533348083,2.8721911907196045,3.7895931321502374,1184.602811489744,0.6147760152816772,0.29335349798202515,0.08758244663476944,0.02420605719089508,0.0018627125537022948,0.5106063485145569
711,0.014413312077522278,0.05014032498002052,0.0964382067322731,-0.026568908244371414,2.895695447921753,3.4787510814211933,1470.7568821352077,0.506216287612915,0.36169394850730896,0.11423390358686447,0.09267521649599075,0.00171264773234725,0.3204714357852936
712,0.023145917803049088,0.06516909599304199,0.1240321695804596,0.010702135972678661,2.561901569366455,2.815576230104882,717.0756903785127,0.8213615417480469,0.131802037358284,0.04682216793298721,0.021965887397527695,0.0011494164355099201,0.6821129322052002
713,0.012991988100111485,0.041505806148052216,0.07975658774375916,-0.11560489982366562,2.992814064025879,3.19472322673243,1727.1203460390025,0.36770814657211304,0.4947800040245056,0.13001856207847595,0.060715921223163605,0.002522676018998027,0.19538480043411255
714,0.02999192476272583,0.064554363489151,0.1240321695804596,-0.045297760516405106,2.073223114013672,2.15239148529831,575.7706362794582,0.889549732208252,0.08162108808755875,0.028392387554049492,0.008747643791139126,0.000146607868373394,0.817957878112793
715,0.026734933257102966,0.06428325176239014,0.1240321695804596,-0.054039519280195236,2.226590394973755,2.4044665135981527,614.5426747007626,0.8726683855056763,0.09365639835596085,0.033658694475889206,0.001731063355691731,0.0013859104365110397,0.7992993593215942
716,0.019181476905941963,0.062406133860349655,0.11808747053146362,-0.2891983389854431,2.7129664421081543,3.253458227596868,873.7428576954967,0.7542222142219543,0.18123146891593933,0.05740660801529884,0.0356716513633728,0.002650677924975753,0.6660892367362976
717,0.019441477954387665,0.06171626225113869,0.1180509477853775,-0.1644902378320694,2.6833629608154297,3.1744635049227696,760.1069195931426,0.7988384962081909,0.14687632024288177,0.05428110063076019,0.05527544766664505,0.00016099921776913106,0.6467945575714111
718,0.03150643780827522,0.06562148779630661,0.1240321695804596,-0.14556390047073364,2.1796658039093018,2.082796163550683,600.8328082643392,0.874913215637207,0.09312328696250916,0.031905341893434525,0.03802941367030144,0.000668757944367826,0.785657525062561
719,0.019941337406635284,0.06234756112098694,0.12134069204330444,-0.029873833060264587,2.72200083732605,3.126548628434262,888.6868095154792,0.7433589100837708,0.18554595112800598,0.07071631401777267,0.01346154510974884,0.0031679600942879915,0.5974735021591187
720,0.01536062266677618,0.05717401206493378,0.10502755641937256,-0.2283422350883484,2.945106029510498,3.722115522365806,1243.3493320167506,0.5971936583518982,0.30666103959083557,0.0853445753455162,0.04154447838664055,0.0019431737018749118,0.4831385016441345
721,0.013004202395677567,0.03983067721128464,0.07762174308300018,-0.07160867750644684,2.9344406127929688,3.0629081274112546,1817.0760830181166,0.3315472900867462,0.5087466239929199,0.14558373391628265,0.07000937312841415,0.0011432850733399391,0.15713727474212646
722,0.014129681512713432,0.046303343027830124,0.09185094386339188,0.07263504713773727,2.9299654960632324,3.277026660713537,1501.2471842824996,0.4742906391620636,0.40044063329696655,0.11442983150482178,0.031108537688851357,0.0036932104267179966,0.36329278349876404
723,0.01411041896790266,0.046229712665081024,0.0870092585682869,-0.08090728521347046,2.7934558391571045,3.276282069792873,1588.9214920169052,0.4412252604961395,0.42466115951538086,0.12292565405368805,0.0622091069817543,0.0028662460390478373,0.2939789891242981
724,0.025524353608489037,0.06440497189760208,0.1240321695804596,-0.017283806577324867,2.384552001953125,2.523275334724192,622.6740323636707,0.8514813184738159,0.1082015410065651,0.040316734462976456,0.021878262981772423,0.0006778500392101705,0.7690058350563049
725,0.02032536454498768,0.06339550763368607,0.11468344926834106,-0.13771675527095795,2.626220226287842,3.119034223974135,842.5256749725656,0.7532945871353149,0.18494704365730286,0.06090253219008446,0.16545262932777405,0.0011601647129282355,0.5197729468345642
726,0.016020119190216064,0.06032433360815048,0.11070990562438965,-0.07202226668596268,2.7865164279937744,3.765535879485011,1280.4845620079332,0.5769184231758118,0.3205235004425049,0.09259182959794998,0.02049165591597557,0.0010157374199479818,0.48063817620277405
727,0.012538498267531395,0.03917807713150978,0.07768988609313965,0.0695565789937973,2.9306998252868652,3.124622765218806,1787.2651429268387,0.35495880246162415,0.4902206361293793,0.14289920032024384,0.018266091123223305,0.0026711737737059593,0.23336821794509888
728,0.04167456179857254,0.06383584439754486,0.1240321695804596,-0.056859634816646576,1.648835301399231,1.5317700208715723,450.29050019003404,0.9486813545227051,0.03545098751783371,0.015392427332699299,0.00548119843006134,0.00012063595931977034,0.9212580919265747
729,0.01939014345407486,0.06338689476251602,0.12239724397659302,-0.17709656059741974,2.8897705078125,3.269026601550293,945.8310309178614,0.7156625390052795,0.21119895577430725,0.06984841078519821,0.08350662142038345,0.002614599419757724,0.5659508109092712
730,0.017892299219965935,0.05909363180398941,0.11302075535058975,-0.1472240835428238,2.6610589027404785,3.3027410884535375,1096.2161308885422,0.6661840081214905,0.24936960637569427,0.07532574236392975,0.009439929388463497,0.002106976928189397,0.591278076171875
731,0.014434251002967358,0.05142783373594284,0.09950088709592819,-0.06065444275736809,3.028369188308716,3.5629028289592255,1449.1311053262352,0.49636903405189514,0.3768289387226105,0.11045831441879272,0.1016441062092781,0.0038349302485585213,0.2938302755355835
732,0.022455429658293724,0.06511593610048294,0.1240321695804596,-0.148983895778656,2.6428592205047607,2.899785801850963,754.0192309091418,0.7980008125305176,0.151029571890831,0.05087399482727051,0.01344449445605278,0.0005989299970678985,0.6787852048873901
733,0.016078507527709007,0.05639765039086342,0.10218827426433563,-0.12992364168167114,2.967682123184204,3.5076421297289255,1153.5215277868099,0.6268367767333984,0.2808227837085724,0.08743491023778915,0.047069769352674484,0.0014644418843090534,0.4886532723903656
734,0.012925658375024796,0.051125120371580124,0.09468939900398254,-0.15978823602199554,3.162313938140869,3.955320408777764,1712.519981927312,0.39125216007232666,0.46375706791877747,0.1252099722623825,0.05454913154244423,0.0016264455625787377,0.24960863590240479
735,0.016174647957086563,0.05033302679657936,0.10040964186191559,-0.08460474014282227,2.9853241443634033,3.111846818985338,1058.2862710976253,0.6426717638969421,0.2737308442592621,0.07689899206161499,0.2186981439590454,0.0016873261192813516,0.3354852795600891
736,0.030495043843984604,0.06377518177032471,0.1240321695804596,-0.07391659170389175,2.05949330329895,2.091329400754856,545.642758178138,0.8996667861938477,0.07549281418323517,0.024838296696543694,0.03651680052280426,0.0002591219963505864,0.8095166087150574
737,0.012014425359666348,0.03925423324108124,0.07436519861221313,-0.1706331968307495,2.88578462600708,3.2672584882498374,1869.0936364422103,0.34032708406448364,0.4801585376262665,0.14978773891925812,0.029751747846603394,0.001940268906764686,0.21004332602024078
738,0.01603243686258793,0.05462939664721489,0.10661331564188004,-0.14029212296009064,2.8401122093200684,3.4074293952958863,1148.9486235953752,0.6240605115890503,0.28509774804115295,0.08720909059047699,0.0523085854947567,0.0006303359987214208,0.4647150933742523
739,0.017024746164679527,0.05645349621772766,0.10757770389318466,-0.1903739720582962,2.723737955093384,3.3159669852542777,1109.140487760341,0.6520860195159912,0.2666316628456116,0.06960650533437729,0.03962855413556099,0.002020833780989051,0.5532437562942505
740,0.01445507351309061,0.0483328253030777,0.09365597367286682,-0.13625261187553406,2.969113826751709,3.343658214948787,1451.9088003074512,0.495703786611557,0.38083526492118835,0.10913248360157013,0.0714012160897255,0.003482572268694639,0.33197882771492004
741,0.015714596956968307,0.06082555279135704,0.1117890328168869,-0.10487669706344604,2.954021692276001,3.8706403323003835,1210.0535353895539,0.6049047708511353,0.29415395855903625,0.0948450118303299,0.03437076136469841,0.0005087541067041457,0.465701162815094
742,0.021755501627922058,0.06519753485918045,0.1240321695804596,-0.14403101801872253,2.709165334701538,2.9968297661546894,782.4607941071256,0.7838990092277527,0.1625799983739853,0.053178973495960236,0.009219199419021606,0.00038252188824117184,0.680325984954834
743,0.02041838876903057,0.06422221660614014,0.12335064262151718,-0.2809023857116699,2.8408467769622803,3.1453126556392816,971.1893756061606,0.7121259570121765,0.2146114557981491,0.07119680941104889,0.03428594395518303,0.0008017626241780818,0.5886107683181763
744,0.011797723360359669,0.03939766436815262,0.07681503891944885,-0.15653501451015472,2.9681026935577393,3.3394294103546516,1717.816858743409,0.3964405357837677,0.4450438916683197,0.13324597477912903,0.037510018795728683,0.004887668881565332,0.2636299133300781
745,0.02908065728843212,0.0650155320763588,0.1240321695804596,-0.07530538737773895,2.211398124694824,2.2356967873620026,593.8771232944141,0.8798984885215759,0.08899121731519699,0.030522098764777184,0.026322461664676666,0.0002132436929969117,0.8003698587417603
746,0.029633525758981705,0.06391209363937378,0.1240321695804596,-0.09402663260698318,2.121356248855591,2.1567495598408755,586.2536427415569,0.8878069519996643,0.08100264519453049,0.031068213284015656,0.010450225323438644,0.0013820388121530414,0.831996500492096
747,0.018312988802790642,0.06313565373420715,0.12324509024620056,-0.08155252784490585,3.0861871242523193,3.447588725721199,1160.4726562469186,0.6199706792831421,0.29053637385368347,0.0847896859049797,0.10491172969341278,0.004123358521610498,0.4595875144004822
748,0.0139120789244771,0.05381770431995392,0.10209660232067108,-0.1757013499736786,3.127694845199585,3.8684156845457442,1541.0496543261695,0.458236962556839,0.41333892941474915,0.11479587107896805,0.06949999928474426,0.0007065677200444043,0.2968091070652008
749,0.013608488254249096,0.04977971315383911,0.09449101984500885,-0.12415715306997299,3.040642499923706,3.6579899412881494,1632.7565354983712,0.4140450656414032,0.45135393738746643,0.1206512451171875,0.06165232136845589,0.0039950148202478886,0.2580209970474243
750,0.021640595048666,0.06299806386232376,0.1240321695804596,-0.1611085683107376,2.512197494506836,2.9111058969377126,756.7007801933324,0.8113999962806702,0.13466019928455353,0.052933819591999054,0.01080260705202818,0.00031720413244329393,0.7461802959442139
751,0.020360847935080528,0.060890182852745056,0.12154671549797058,-0.032174136489629745,2.5754575729370117,2.990552409403557,831.2240684464772,0.7716615796089172,0.16911767423152924,0.05740751326084137,0.05907835811376572,0.0012566819787025452,0.6528335809707642
752,0.015228703618049622,0.05764365196228027,0.1008470356464386,-0.3247489631175995,2.9988908767700195,3.7851975719176574,1212.9153841861776,0.58970046043396,0.3135971128940582,0.09132751822471619,0.13044480979442596,0.005415172781795263,0.38451510667800903
753,0.023076483979821205,0.06238628178834915,0.12105678021907806,-0.09551896154880524,2.297854423522949,2.7034569841834744,839.69178924534,0.7729570269584656,0.1697663515806198,0.054148633033037186,0.005266812164336443,0.0033217233140021563,0.7215009927749634
754,0.023117149248719215,0.06247851997613907,0.1240321695804596,-0.06513683497905731,2.4888830184936523,2.702691378648167,774.8449090577036,0.7999445796012878,0.15085168182849884,0.048329856246709824,0.016984837129712105,0.003628755919635296,0.7380350232124329
755,0.0278344564139843,0.06370208412408829,0.12403217703104019,-0.07269302010536194,2.2081661224365234,2.2886052874305514,610.4299282250961,0.8768822550773621,0.0879283994436264,0.035160623490810394,0.0124573465436697,0.0008760252385400236,0.8054697513580322
756,0.022704942151904106,0.06269326061010361,0.11855755746364594,-0.14979401230812073,2.4168102741241455,2.7612164870494835,782.700228009548,0.7947840690612793,0.15642981231212616,0.04630671441555023,0.043931491672992706,0.0010369630763307214,0.6956087946891785
757,0.027585020288825035,0.0641784518957138,0.1240321695804596,0.017617620527744293,2.3428537845611572,2.3265689574057182,595.4471246386051,0.8698987364768982,0.09348312020301819,0.03657233342528343,0.12210141867399216,0.0019076657481491566,0.6609319448471069
758,0.013448544777929783,0.052317868918180466,0.08933433890342712,-0.14049062132835388,3.026459217071533,3.890225282972501,1480.9104519232642,0.5029982924461365,0.37122291326522827,0.10212486982345581,0.07395125925540924,0.00034876575227826834,0.3585073947906494
759,0.01319674588739872,0.04549157992005348,0.0874924510717392,-0.05639520660042763,2.9969992637634277,3.4471816237702355,1537.4481179703266,0.4645727276802063,0.40526649355888367,0.11711570620536804,0.02038438245654106,0.002800418296828866,0.3602484464645386
760,0.03211655840277672,0.06360442191362381,0.1240321695804596,-0.05918598920106888,1.9159584045410156,1.9804245870299821,515.299561473837,0.9220244288444519,0.05312841013073921,0.024584069848060608,0.014573265798389912,0.0005888518644496799,0.8663846254348755
761,0.019613780081272125,0.06327875703573227,0.12367969751358032,-0.17090068757534027,2.7926998138427734,3.226239754412595,944.6413128343576,0.7129472494125366,0.21410460770130157,0.07157642394304276,0.11680807173252106,0.0015129755483940244,0.5211431980133057
762,0.03353403881192207,0.06462922692298889,0.1240321695804596,-0.17571929097175598,2.033630847930908,1.927272383846724,500.88274148849536,0.917917788028717,0.06050243228673935,0.021503088995814323,0.035302214324474335,0.000795335101429373,0.8375234603881836
763,0.03222225606441498,0.06363904476165771,0.1240321695804596,-0.03227207809686661,1.962076187133789,1.97500276307354,494.5017393676205,0.924163281917572,0.05753685534000397,0.01823217049241066,0.033253494650125504,0.0001329632941633463,0.8504109382629395
764,0.021103305742144585,0.06327279657125473,0.1240321695804596,-0.26173385977745056,2.626422166824341,2.9982410026831423,823.0537925777594,0.7582610249519348,0.18704742193222046,0.053907010704278946,0.13102424144744873,0.0008067800663411617,0.5498713850975037
765,0.018647179007530212,0.05754948407411575,0.11107547581195831,-0.018544776365160942,2.802189588546753,3.086230043042412,1078.4790823388116,0.650601863861084,0.2595824897289276,0.08957374095916748,0.09427374601364136,0.0016011130064725876,0.39879074692726135
766,0.016293352469801903,0.054096706211566925,0.10105772316455841,-0.17713816463947296,2.7270216941833496,3.32017037675393,1226.8733487720665,0.5953517556190491,0.3038018047809601,0.08983282744884491,0.07222551107406616,0.0034787964541465044,0.4591256082057953
767,0.029420267790555954,0.0620914064347744,0.1240321695804596,-0.12528909742832184,2.130166530609131,2.1104976635391313,565.0271632606778,0.8920120596885681,0.07993023842573166,0.027805933728814125,0.030295368283987045,0.00027467889594845474,0.8232890963554382
768,0.01937633752822876,0.05981425940990448,0.11832117289304733,-0.14191488921642303,2.975372791290283,3.086974476970999,881.9924371497178,0.7453824877738953,0.18837009370326996,0.06623714417219162,0.056532662361860275,0.002169458195567131,0.5598531365394592
769,0.015197244472801685,0.05542505159974098,0.1001608669757843,-0.18681807816028595,3.1463441848754883,3.6470461270322683,1293.982922181758,0.5408253073692322,0.35767826437950134,0.09374811500310898,0.26037898659706116,0.0017795409075915813,0.18832892179489136
770,0.0224840696901083,0.06408105790615082,0.12332144379615784,-0.06643670052289963,2.4726641178131104,2.8500649031297365,703.0896185551678,0.8300729393959045,0.12520530819892883,0.044721733778715134,0.013266172260046005,0.0002197303983848542,0.7204911708831787
771,0.013503644615411758,0.04874856397509575,0.0945945605635643,-0.14112988114356995,3.125028133392334,3.610030133335174,1545.5741733430584,0.4615137279033661,0.4093438386917114,0.11510533839464188,0.023284418508410454,0.00358993629924953,0.3608105778694153
772,0.013694027438759804,0.04559895023703575,0.09022638946771622,-0.047665998339653015,2.9120748043060303,3.329842183946695,1517.690834839031,0.4779341220855713,0.3912738859653473,0.11069125682115555,0.03866618871688843,0.00035884324461221695,0.346466064453125
773,0.023738093674182892,0.06455529481172562,0.1240321695804596,-0.351570725440979,2.634451389312744,2.7194810036163632,648.32142436675,0.8444730639457703,0.11138453334569931,0.04414016380906105,0.08307480067014694,0.0011814433382824063,0.6939722299575806
774,0.02225552126765251,0.060760412365198135,0.11737663298845291,-0.14504216611385345,2.52144193649292,2.7301275774106797,722.2081558463487,0.8013888001441956,0.14670459926128387,0.051904983818531036,0.059971883893013,0.0020103896968066692,0.624739408493042
775,0.022672584280371666,0.06585606932640076,0.1240321695804596,-0.02625381574034691,2.7340571880340576,2.9046565009578407,815.3865579750425,0.7795600891113281,0.16322985291481018,0.05642612650990486,0.048986006528139114,0.0006834536325186491,0.6252930760383606
776,0.017227167263627052,0.05540430545806885,0.10934169590473175,-0.23593203723430634,2.732327461242676,3.2161007440748435,926.8839953772986,0.7243832945823669,0.20797771215438843,0.05978770926594734,0.09602124989032745,0.0003095694410149008,0.5707982182502747
777,0.014071522280573845,0.04897517338395119,0.092945396900177,0.002939582569524646,2.8936350345611572,3.4804459961011056,1402.731486330981,0.48017874360084534,0.40849122405052185,0.10731584578752518,0.09412902593612671,0.00020151199714746326,0.25284433364868164
778,0.0228083748370409,0.06363147497177124,0.12403217703104019,-0.057423461228609085,2.5221753120422363,2.7898294123807372,701.9595314698628,0.8158313035964966,0.13615648448467255,0.04762399196624756,0.014981040731072426,0.0017091349000111222,0.7141591906547546
779,0.013499509543180466,0.05901991203427315,0.10291370004415512,-0.1175689846277237,3.2712011337280273,4.372004171049027,1513.7516016239033,0.4561121463775635,0.41913893818855286,0.11478967219591141,0.12274602055549622,0.002797800814732909,0.23167239129543304
780,0.02480730600655079,0.0635187178850174,0.1240321695804596,-0.06781184673309326,2.2922844886779785,2.560484313197238,618.486077139074,0.8682452440261841,0.09723766148090363,0.034486256539821625,0.03377716243267059,0.0005147120682522655,0.7738317847251892
781,0.021487291902303696,0.06655243784189224,0.1240321695804596,-0.10291270166635513,2.7986035346984863,3.097292955361198,877.3317547996181,0.7413854002952576,0.1874847263097763,0.07085410505533218,0.11991944164037704,0.0011872682953253388,0.5011346340179443
782,0.022479956969618797,0.061138641089200974,0.12088096141815186,-0.016430871561169624,2.509429454803467,2.7196956457305013,674.4570253196817,0.836227536201477,0.11921460926532745,0.044459301978349686,0.07747230678796768,0.00028098508482798934,0.6586256623268127
783,0.018596703186631203,0.060856085270643234,0.11676035821437836,0.08348426222801208,2.7648415565490723,3.272412569939765,939.1130556526931,0.72489333152771,0.201363205909729,0.07041192054748535,0.02406146191060543,0.00024622681667096913,0.6145241260528564
784,0.018810583278536797,0.05913389101624489,0.1132514625787735,0.08373330533504486,2.7345757484436035,3.143650047288754,840.1408609011164,0.7628359198570251,0.17746475338935852,0.0596986822783947,0.010889238677918911,0.0012744549894705415,0.6264399886131287
785,0.015217621810734272,0.05219631269574165,0.09952204674482346,-0.23091274499893188,2.992037773132324,3.4299914494847807,1340.4824355873236,0.5418711304664612,0.3489201068878174,0.10264183580875397,0.058802530169487,0.004026713781058788,0.39912793040275574
786,0.02918395772576332,0.06434666365385056,0.12403217703104019,-0.07495352625846863,2.1383612155914307,2.204864201637774,567.6326028672504,0.8908176422119141,0.0784432664513588,0.029964948073029518,0.05035489797592163,0.0005713546997867525,0.7830963134765625
787,0.016283858567476273,0.05227312073111534,0.09626477211713791,-0.3261842727661133,2.772594690322876,3.2101188125221287,1134.6013851325315,0.6351978778839111,0.27603015303611755,0.07524445652961731,0.08931296318769455,0.0010532874148339033,0.48611918091773987
788,0.010743428952991962,0.03904261812567711,0.0766768753528595,-0.05473940074443817,3.1786508560180664,3.634092829475076,1999.5417007079113,0.2964826822280884,0.5126838684082031,0.15567675232887268,0.05444301664829254,0.004343181848526001,0.125980406999588
789,0.03338595852255821,0.06291935592889786,0.12403217703104019,-0.011868417263031006,1.813250184059143,1.8846053464213084,503.1342823534226,0.9210641384124756,0.059477176517248154,0.019359536468982697,0.01199344638735056,0.000392663263482973,0.8902980089187622
790,0.014460031874477863,0.046541426330804825,0.09050940722227097,-0.17265982925891876,2.924387216567993,3.2186254312296776,1251.804944997511,0.5820040702819824,0.31689250469207764,0.08865461498498917,0.09422502666711807,0.0038126171566545963,0.38729608058929443
791,0.023368779569864273,0.06253015995025635,0.12342172861099243,-0.027823850512504578,2.25416898727417,2.675799125950835,576.540345696821,0.8890503644943237,0.07908817380666733,0.031683363020420074,0.0031484002247452736,0.0001533807662781328,0.8216613531112671
792,0.012683171778917313,0.04813465476036072,0.09316892921924591,-0.08294903486967087,3.4147539138793945,3.7951590970783595,1708.2732018441295,0.3800864815711975,0.4835514724254608,0.1170637458562851,0.06910806149244308,0.0022510227281600237,0.21889977157115936
793,0.012598234228789806,0.053469277918338776,0.09362049400806427,0.035049859434366226,3.09214186668396,4.244188268218195,1655.8930581363973,0.40171003341674805,0.4620843827724457,0.11650853604078293,0.12972280383110046,0.001157091581262648,0.1753598153591156
794,0.013726706616580486,0.051199477165937424,0.10116605460643768,0.06779477000236511,3.1325294971466064,3.729917058208534,1560.1515145204557,0.44874322414398193,0.4108504056930542,0.12632960081100464,0.07612492889165878,0.004288987722247839,0.27497437596321106
795,0.039240237325429916,0.06412283331155777,0.1240321695804596,-0.08431599289178848,1.7410578727722168,1.6341092123917509,446.5512542570343,0.9446619153022766,0.040357209742069244,0.014714672230184078,0.040629688650369644,7.50095205148682e-05,0.8753945827484131
796,0.013178609311580658,0.04998689144849777,0.09651326388120651,-0.13068044185638428,3.350804090499878,3.7930323498382283,1589.3971566482974,0.43313083052635193,0.43232303857803345,0.11458122730255127,0.06158600002527237,0.005639288574457169,0.27184122800827026
797,0.018151361495256424,0.060379721224308014,0.11338838934898376,-0.016224682331085205,2.673949956893921,3.3264568741447227,1054.3395331350862,0.6735033988952637,0.24634604156017303,0.07439745217561722,0.015776649117469788,0.00243317149579525,0.600066602230072
798,0.030791301280260086,0.06421791762113571,0.1240321695804596,-0.040251582860946655,2.098839282989502,2.0855863490322646,531.356618671758,0.9080758690834045,0.06792274117469788,0.02381141483783722,0.020597688853740692,0.0006007459596730769,0.8339621424674988
799,0.01945706643164158,0.05910591036081314,0.11296254396438599,-0.16104388236999512,2.556720733642578,3.0377606287891292,873.4330962745672,0.7466323375701904,0.18953604996204376,0.05930350720882416,0.0957767590880394,0.0012694625183939934,0.5892769694328308
800,0.019561395049095154,0.06152729317545891,0.12201154977083206,-0.0588361956179142,2.4844868183135986,3.145342804942719,793.8205322802776,0.7917278409004211,0.15030695497989655,0.05068124085664749,0.06164301931858063,0.0012180025223642588,0.6854678988456726
801,0.021249359473586082,0.060811445116996765,0.1211659163236618,0.003465561894699931,2.545323371887207,2.8618013258106134,876.2594956812392,0.7547896504402161,0.18846307694911957,0.055798836052417755,0.01227559708058834,0.002011645585298538,0.6803387999534607
802,0.012362770736217499,0.046204663813114166,0.08942323923110962,-0.06250078976154327,3.0603280067443848,3.737403596268056,1727.9330578479348,0.3989509642124176,0.44804105162620544,0.12909401953220367,0.045586761087179184,0.0038348310627043247,0.26501646637916565
803,0.013120793737471104,0.05367258936166763,0.10027603805065155,-0.20394325256347656,3.1525681018829346,4.090651101716184,1502.2533560604488,0.47676587104797363,0.3861880600452423,0.12284191697835922,0.19234144687652588,0.0033918595872819424,0.2036987990140915
804,0.013694089837372303,0.04722456634044647,0.09388099610805511,-0.08265068382024765,3.1868579387664795,3.448536331937752,1607.6491352936187,0.42238590121269226,0.4387175440788269,0.1243429109454155,0.12241380661725998,0.0024682313669472933,0.23148034512996674
805,0.014046378433704376,0.05259861797094345,0.09348870813846588,-0.15396296977996826,2.782038688659668,3.7446391050513124,1268.8618260393428,0.5612502098083496,0.32124024629592896,0.09784947335720062,0.30929142236709595,0.0027693563606590033,0.1767089068889618
806,0.033419735729694366,0.06422021239995956,0.1240321695804596,-0.031278494745492935,1.9880496263504028,1.9216253808068415,530.406852687508,0.9101847410202026,0.06597086787223816,0.023034565150737762,0.005701390560716391,0.0003833297814708203,0.8472874760627747
807,0.03497251495718956,0.06482984125614166,0.12403217703104019,-0.03999057784676552,1.8839279413223267,1.8537368940623007,509.0715466958378,0.9208824038505554,0.05758385360240936,0.021413905546069145,0.009308098815381527,0.0006675668410025537,0.8705905675888062
808,0.03582604601979256,0.06417559832334518,0.1240321695804596,-0.025182364508509636,1.8290796279907227,1.7913112232954551,489.4727097393336,0.9300684332847595,0.04979540407657623,0.02003106102347374,0.017981424927711487,0.0005022284458391368,0.8695587515830994
809,0.03190268948674202,0.06367931514978409,0.1240321695804596,-0.1287793070077896,2.2146670818328857,1.9960484890859003,521.6857549776051,0.9083343744277954,0.06754089891910553,0.024054402485489845,0.02306443080306053,6.179164483910426e-05,0.837194561958313
810,0.013849682174623013,0.04273812100291252,0.08508910238742828,0.017758455127477646,2.8116204738616943,3.0858557229664365,1443.7381967762574,0.4910312592983246,0.3922087550163269,0.102894127368927,0.11039701849222183,0.0031709615141153336,0.30697503685951233
811,0.031942110508680344,0.06322089582681656,0.1240321695804596,-0.01877567544579506,1.9636523723602295,1.9792335202038982,511.34395417268803,0.9194087386131287,0.0591619610786438,0.02128886990249157,0.0009871883084997535,0.00014350979472510517,0.8773747682571411
812,0.020899571478366852,0.06340133398771286,0.1240321695804596,-0.16070669889450073,2.466667413711548,3.033618849568565,813.7720886728974,0.7785895466804504,0.16967223584651947,0.050006184726953506,0.027394596487283707,0.0009756368235684931,0.676931619644165
813,0.032799698412418365,0.06382942199707031,0.1240321695804596,-0.02934349700808525,1.9880640506744385,1.9460368565754154,514.3746050182914,0.9168099164962769,0.06071446090936661,0.022385044023394585,0.0035179005935788155,0.0005806854460388422,0.8702746033668518
814,0.013914239592850208,0.047881171107292175,0.0887858122587204,-0.11755120754241943,3.0218350887298584,3.441163333744419,1465.5015929993965,0.5037469267845154,0.3724703788757324,0.1020851880311966,0.001907050609588623,0.003313415916636586,0.4254612922668457
815,0.022446908056735992,0.06265316903591156,0.1240321695804596,-0.06590833514928818,2.361684799194336,2.791171455541249,810.5598471440624,0.788270115852356,0.15432654321193695,0.05392337590456009,0.022333959117531776,0.0029973105993121862,0.7175556421279907
816,0.01293367613106966,0.048614922910928726,0.08754872530698776,-0.06281039863824844,3.058009147644043,3.758786165240811,1765.7191067658518,0.3680664300918579,0.4689427614212036,0.14344824850559235,0.06863398849964142,0.004176746122539043,0.20484448969364166
817,0.023106206208467484,0.06475289165973663,0.12403217703104019,0.02931821532547474,2.4975619316101074,2.8024025697998374,701.9520977660504,0.8303313851356506,0.12276355922222137,0.04690500721335411,0.02770031988620758,0.0010618676897138357,0.7253210544586182
818,0.013549352996051311,0.050078365951776505,0.09916932880878448,-0.021830596029758453,3.1378519535064697,3.6959968466889044,1744.821703520853,0.3810414671897888,0.47063276171684265,0.13339421153068542,0.05336247384548187,0.002698807278648019,0.24894766509532928
819,0.015097280964255333,0.054395467042922974,0.10827016085386276,-0.08734522759914398,2.989269256591797,3.6029975972566137,1327.0439624505082,0.5579761266708374,0.329776406288147,0.10308530181646347,0.034873686730861664,0.005319584626704454,0.4310891330242157
820,0.01639697141945362,0.052992384880781174,0.10366826504468918,-0.1365947425365448,2.6751439571380615,3.231839802725908,1213.227169221967,0.599323034286499,0.30888810753822327,0.08189686387777328,0.03615458309650421,0.0015888281632214785,0.49111106991767883
821,0.012260598130524158,0.0447675846517086,0.08589451014995575,-0.17132443189620972,3.0284440517425537,3.6513377382954304,1836.8226126769307,0.3271484673023224,0.5179670453071594,0.1393355429172516,0.06296029686927795,0.0048994035460054874,0.16882815957069397
822,0.025682350620627403,0.06551060080528259,0.1240321695804596,-0.03806294500827789,2.5392861366271973,2.550802368927841,715.4992672081577,0.8248756527900696,0.12782470881938934,0.04691966250538826,0.03513553738594055,0.0012044745963066816,0.703042209148407
823,0.012600474990904331,0.04879545047879219,0.0918213501572609,-0.05088378116488457,3.072953224182129,3.872508814956796,1642.8890564596604,0.4000410735607147,0.46167808771133423,0.12571506202220917,0.12436104565858841,0.001084243063814938,0.1653747260570526
824,0.017346559092402458,0.059982068836688995,0.10936369001865387,-0.17239639163017273,2.8999409675598145,3.4578655348138994,1024.6588975438694,0.6729240417480469,0.25241532921791077,0.06965067982673645,0.11273667961359024,0.0009350102627649903,0.4649515151977539
825,0.013293793424963951,0.04367988556623459,0.08671702444553375,-0.1806902438402176,3.0306363105773926,3.285735242502258,1543.4779673992136,0.46368786692619324,0.4074203073978424,0.11525291204452515,0.08348428457975388,0.0024790731258690357,0.2924164831638336
826,0.016193779185414314,0.057930998504161835,0.11238910257816315,-0.09507019072771072,3.055178642272949,3.5773612717136927,1393.386457991592,0.5203375816345215,0.3639829754829407,0.10631689429283142,0.0378333181142807,0.0032686819322407246,0.3986249566078186
827,0.015935393050312996,0.059404827654361725,0.1038525253534317,-0.23587839305400848,3.0599420070648193,3.7278545601651834,1258.8327886723707,0.585046112537384,0.3148699700832367,0.08961828052997589,0.019430143758654594,0.0057444581761956215,0.4992496371269226
828,0.02391991950571537,0.06377804279327393,0.12136527895927429,-0.11775215715169907,2.542663335800171,2.666315109269855,637.1279187756302,0.8533493876457214,0.1094953641295433,0.037149377167224884,0.011042188853025436,0.0011049277381971478,0.7787860035896301
829,0.023937324061989784,0.06457682698965073,0.1240321695804596,0.06876853853464127,2.4070451259613037,2.6977462819035356,682.8394041704307,0.8384341597557068,0.12352806329727173,0.038013286888599396,0.022205334156751633,0.0006418765988200903,0.734948456287384
830,0.03166986256837845,0.06301099061965942,0.1240321695804596,-0.009352733381092548,2.0432069301605225,1.9896199575107938,522.0641848097853,0.9103862047195435,0.06466981023550034,0.024942247197031975,0.044345635920763016,0.00013902620412409306,0.8227413892745972
831,0.013891046866774559,0.04851178079843521,0.09034711122512817,-0.09419403970241547,2.903236150741577,3.4923056023211827,1465.6505277438528,0.5085042715072632,0.3646441698074341,0.10727877169847488,0.03434072807431221,0.001960800029337406,0.3908894956111908
832,0.013761911541223526,0.05197225883603096,0.09651194512844086,-0.20717406272888184,2.868366241455078,3.7765290582323963,1273.8883825446712,0.597270667552948,0.29264745116233826,0.09565705806016922,0.02835611067712307,0.001139743602834642,0.468646764755249
833,0.022676540538668633,0.06215772032737732,0.12201040983200073,-0.0555003397166729,2.2082672119140625,2.741058329362157,692.2923902752195,0.8437390327453613,0.11171639710664749,0.04066713526844978,0.013023041188716888,0.00040275038918480277,0.7887829542160034
834,0.01663273759186268,0.05561710521578789,0.09862136840820312,-0.2612549960613251,2.9103217124938965,3.3438335033707203,1149.362098287041,0.6373958587646484,0.2744686007499695,0.079037606716156,0.019160710275173187,0.0018521941965445876,0.5401259064674377
835,0.015945740044116974,0.05275704711675644,0.09870965778827667,-0.13130146265029907,2.826986789703369,3.308535506504266,1214.3957114984178,0.6130212545394897,0.2919456362724304,0.07865255326032639,0.026348356157541275,0.0023455549962818623,0.5259829759597778
836,0.02967354655265808,0.06443580985069275,0.1240321695804596,-0.04958019778132439,2.110851764678955,2.1714900082527975,582.4302355187074,0.8873295783996582,0.08387035876512527,0.028732337057590485,0.016854824498295784,0.00028628314612433314,0.8196629285812378
837,0.016934238374233246,0.05482924357056618,0.09847846627235413,-0.0543704479932785,2.6703522205352783,3.2377744044725003,1171.3680482389059,0.6242932677268982,0.2861361801624298,0.07946359366178513,0.03125091269612312,0.005527061875909567,0.5191178321838379
838,0.028395064175128937,0.065057173371315,0.1240321695804596,-0.06978730857372284,2.253664493560791,2.291143734269389,614.0164831578226,0.8714846968650818,0.0944916307926178,0.033933546394109726,0.009093182161450386,0.0010131812887266278,0.8044927716255188
839,0.025903424248099327,0.06434619426727295,0.1240321695804596,-0.07026273757219315,2.3339319229125977,2.48408062380055,608.0554338515459,0.8750714659690857,0.0882091298699379,0.03671722486615181,0.032016023993492126,0.0011097996030002832,0.790290355682373
840,0.014653374440968037,0.05459354445338249,0.09944777190685272,-0.12865614891052246,3.1060874462127686,3.725663646253637,1419.0917759886127,0.5025913119316101,0.3796617090702057,0.10618138313293457,0.10963103175163269,0.001718074083328247,0.2801540195941925
841,0.01353789959102869,0.056564100086688995,0.11312316358089447,-0.13150830566883087,3.2980551719665527,4.17820354643454,1299.9215074152437,0.5599155426025391,0.3300781548023224,0.09519609063863754,0.12832798063755035,0.0003101284382864833,0.31135281920433044
842,0.02555653639137745,0.06370086222887039,0.1240321695804596,0.03750978410243988,2.315032720565796,2.4925467696737638,594.6488929500508,0.8786180019378662,0.08948301523923874,0.03179042786359787,0.02171977609395981,8.200714364647865e-05,0.7927150130271912
843,0.024550680071115494,0.0633193776011467,0.1240321695804596,-0.010972159914672375,2.401671886444092,2.579129271170962,671.3674789108543,0.8443472981452942,0.11657404899597168,0.0390346497297287,0.0349627323448658,0.0010418385500088334,0.7221886515617371
844,0.025132670998573303,0.0650249496102333,0.1240321695804596,-0.021976502612233162,2.4622108936309814,2.587267768369597,727.1679059868118,0.8178575038909912,0.13739313185214996,0.044644154608249664,0.02626585215330124,0.0023864947725087404,0.7136170268058777
845,0.015009659342467785,0.047479793429374695,0.0949028804898262,-0.05256213620305061,2.9691314697265625,3.1632825464515246,1362.5459214480727,0.5455135107040405,0.33860716223716736,0.09926529973745346,0.07821150124073029,0.0021241852082312107,0.3960006535053253
846,0.019743267446756363,0.06052316725254059,0.11506830155849457,-0.12909354269504547,2.611382007598877,3.0655091621837136,867.9147597678493,0.7525455951690674,0.18854673206806183,0.05720740929245949,0.05371834710240364,0.0007887291139923036,0.6480173468589783
847,0.014598681591451168,0.04616687446832657,0.09210073202848434,0.004033773671835661,2.7887156009674072,3.1624002603220687,1293.4295806758644,0.5758512616157532,0.31888288259506226,0.09419107437133789,0.026288669556379318,0.002127423183992505,0.4704580307006836
848,0.017404373735189438,0.06302405893802643,0.11566460877656937,-0.3709678649902344,3.1030354499816895,3.6211621224255035,1169.5986411922006,0.6158230304718018,0.2920529544353485,0.08594225347042084,0.06948965787887573,0.003313611727207899,0.4748658537864685
849,0.02821672149002552,0.06365051120519638,0.1240321695804596,-0.024973977357149124,2.1701674461364746,2.2557727418984794,551.7371743081759,0.8939291834831238,0.07691353559494019,0.029151542112231255,0.05950179323554039,0.0005418802611529827,0.7881117463111877
850,0.018517600372433662,0.05640359967947006,0.1091480627655983,-0.2069282978773117,2.5896337032318115,3.04594540016047,987.9998439093713,0.7032474875450134,0.22299396991729736,0.06877344101667404,0.024022383615374565,0.0009562706109136343,0.6084777116775513
851,0.013039225712418556,0.04246262088418007,0.08154885470867157,-0.11510525643825531,2.835015296936035,3.2565293229399463,1505.3753948082756,0.4610888659954071,0.41094011068344116,0.1090385690331459,0.15934725105762482,0.00281763868406415,0.203732430934906
852,0.013729262165725231,0.04606306552886963,0.08924657106399536,-0.04815373942255974,3.000173568725586,3.355101313493004,1594.8341996631052,0.4404219090938568,0.4247685670852661,0.12000036239624023,0.12291207909584045,0.0041703092865645885,0.22014664113521576
853,0.02507740817964077,0.0647154450416565,0.1240321695804596,-0.1053999662399292,2.4811019897460938,2.580627334989724,664.9272865760961,0.844078779220581,0.11618760228157043,0.03967628255486488,0.005710029974579811,0.0005065263248980045,0.7638649940490723
854,0.017731940373778343,0.05644876882433891,0.10983981192111969,-0.23473671078681946,2.806612968444824,3.1834513105306192,1012.9205052592873,0.693506121635437,0.22316154837608337,0.07474247366189957,0.11378226429224014,0.0021028751507401466,0.5251963138580322
855,0.030156314373016357,0.06407777965068817,0.1240321695804596,0.010251793079078197,2.0448663234710693,2.1248544784338645,549.2623856627546,0.9018890261650085,0.06985095888376236,0.02820860780775547,0.03311024606227875,0.0004640662227757275,0.8105420470237732
856,0.019530104473233223,0.059743497520685196,0.11811774969100952,-0.08827459812164307,2.653319835662842,3.059046488947715,802.0950249405249,0.7816994190216064,0.16195476055145264,0.05250653252005577,0.055500831454992294,0.001018930459395051,0.6731676459312439
857,0.012324300594627857,0.046673089265823364,0.09009088575839996,-0.03400542959570885,3.16200590133667,3.7870781310203525,1618.8182355791466,0.4400998651981354,0.41048744320869446,0.12796156108379364,0.04524322599172592,0.003120879642665386,0.30750572681427
858,0.020974978804588318,0.06331678479909897,0.1240321695804596,-0.23946787416934967,2.5532093048095703,3.0186817057583686,764.2515878142437,0.8060073256492615,0.14396782219409943,0.04707825928926468,0.017697375267744064,0.00015546510985586792,0.7426202893257141
859,0.01598880998790264,0.05984706059098244,0.10473199188709259,-0.055113065987825394,2.791426658630371,3.743059091484639,1195.6202089122646,0.6097426414489746,0.3052985966205597,0.07344872504472733,0.01409706100821495,0.002904889639467001,0.5410081744194031
860,0.014520620927214622,0.05106249824166298,0.09754645079374313,-0.01125256810337305,2.936302661895752,3.5165506002876796,1437.5412909344172,0.49262353777885437,0.3869977295398712,0.10835079848766327,0.12059984356164932,0.002738195238634944,0.28754982352256775
861,0.028838636353611946,0.064505435526371,0.1240321695804596,-0.06622081249952316,2.243380546569824,2.236771348450224,582.9575722520075,0.883683979511261,0.08582571893930435,0.03043319098651409,0.002110136905685067,0.001676646526902914,0.8228132724761963
862,0.012890973128378391,0.05436987429857254,0.103011853992939,-0.1164037361741066,3.4291610717773438,4.21767028391861,1715.6980835011032,0.3552991449832916,0.506838321685791,0.13411983847618103,0.02140258066356182,0.0018908136989921331,0.2051047384738922
863,0.01400728803128004,0.05375928431749344,0.09571832418441772,-0.12382721900939941,3.006459951400757,3.837950943366355,1603.8909081575002,0.4480927586555481,0.4099809527397156,0.12590816617012024,0.056062500923871994,0.004607073962688446,0.3223249614238739
864,0.02170379087328911,0.06429899483919144,0.1240321695804596,-0.04609466716647148,2.533634901046753,2.9625697746360866,833.2552118311772,0.7624725103378296,0.18313100934028625,0.05397533252835274,0.02051091566681862,0.0009362940909340978,0.6346516609191895
865,0.013723297975957394,0.05180785804986954,0.09712549299001694,-0.15026672184467316,3.100858211517334,3.7751754816414698,1436.3313498343662,0.49822330474853516,0.3767327666282654,0.11168285459280014,0.16759032011032104,0.004296644125133753,0.2421669214963913
866,0.01251436397433281,0.05526477470993996,0.09472605586051941,-0.2082993984222412,3.3225927352905273,4.41610734823383,1741.7935405466865,0.36122944951057434,0.49656930565834045,0.1271955817937851,0.04357190430164337,0.006200154311954975,0.2055026739835739
867,0.018732137978076935,0.058540843427181244,0.11301040649414062,0.007550531066954136,2.7279818058013916,3.125155467708442,913.3236154138514,0.7372601628303528,0.1971178948879242,0.05977527052164078,0.026482971385121346,0.0010993228061124682,0.6435417532920837
868,0.027041185647249222,0.06480689346790314,0.1240321695804596,-0.22711913287639618,2.4491019248962402,2.3965995541360092,620.3064479104256,0.8603096604347229,0.10269014537334442,0.036869682371616364,0.0830918401479721,0.0003426529001444578,0.695662796497345
869,0.013121702708303928,0.04244662821292877,0.08460883796215057,-0.0015263359528034925,2.8549787998199463,3.234841480049082,1672.829179420508,0.37961819767951965,0.4837537705898285,0.12055674940347672,0.16602350771427155,0.0015785752329975367,0.12091482430696487
870,0.021342547610402107,0.0634319856762886,0.12403217703104019,-0.139127716422081,2.8049938678741455,2.972090625319749,666.8106396720265,0.8442533612251282,0.11421170085668564,0.04134839028120041,0.016485095024108887,0.00022673940111417323,0.7266739010810852
871,0.010782632045447826,0.04384976252913475,0.08405973017215729,0.003562044817954302,3.067573308944702,4.066703040616171,2109.548749515356,0.23487092554569244,0.5675227642059326,0.15946416556835175,0.04784993454813957,0.005217271391302347,0.10206330567598343
872,0.02313517965376377,0.06580324470996857,0.1240321695804596,-0.07319357991218567,2.7834110260009766,2.8442936554598575,832.2216656641971,0.7632138133049011,0.17772281169891357,0.05848676711320877,0.015490442514419556,0.002566266106441617,0.6212253570556641
873,0.012847743928432465,0.04993245750665665,0.08958102762699127,0.02075282856822014,3.154118299484253,3.8864767060205843,1755.593357457231,0.35761475563049316,0.4896688461303711,0.13757681846618652,0.0765581876039505,0.0018588276579976082,0.16507506370544434
874,0.014092574827373028,0.054728809744119644,0.09970983862876892,-0.08343011140823364,2.9841856956481934,3.8835209612605635,1481.7651054658922,0.4587637186050415,0.411167711019516,0.11600687354803085,0.29888302087783813,0.003137619700282812,0.1000904068350792
875,0.024648236110806465,0.06224016100168228,0.1240321695804596,0.01292619202286005,2.229327440261841,2.525136513596985,732.4979784721767,0.8223855495452881,0.1270720213651657,0.047889918088912964,0.020437927916646004,0.001778324251063168,0.7726411819458008
876,0.012089064344763756,0.04392996430397034,0.08214099705219269,-0.19765295088291168,3.1188418865203857,3.633859746917821,1724.8876673819036,0.39268967509269714,0.44969117641448975,0.1289960741996765,0.08970747143030167,0.0022785719484090805,0.23354272544384003
877,0.016218112781643867,0.053776729851961136,0.10419686138629913,-0.03149642422795296,2.8026363849639893,3.315843869917551,1202.6306563627165,0.614485502243042,0.2866341471672058,0.09400230646133423,0.04884018003940582,0.002254097955301404,0.5024145841598511
878,0.016459615901112556,0.06212829425930977,0.12019592523574829,-0.12337946146726608,3.0946555137634277,3.774589554749922,1071.2600186930167,0.6642990112304688,0.2519720196723938,0.08360946923494339,0.012379827909171581,0.004295806400477886,0.49098697304725647
879,0.013631396926939487,0.04754331335425377,0.09381165355443954,-0.06480903178453445,3.090665102005005,3.487779983635205,1413.7160201737918,0.5024689435958862,0.38602215051651,0.09697303920984268,0.057035792618989944,0.004102050792425871,0.37614136934280396
880,0.02834729105234146,0.06342142820358276,0.1240321695804596,0.05190059542655945,2.080199718475342,2.23730119693772,546.4951907690121,0.8993244767189026,0.07511339336633682,0.02553829550743103,0.020625900477170944,0.0005112263606861234,0.8349353671073914
881,0.02050406113266945,0.06279109418392181,0.11502452194690704,-0.09492974728345871,2.4388551712036133,3.062373535397502,902.1286744719933,0.7525302171707153,0.18162916600704193,0.062363386154174805,0.014619182795286179,0.0034347649198025465,0.6779882907867432
882,0.02709737792611122,0.06418310850858688,0.1240321695804596,-0.09997433423995972,2.2931089401245117,2.368609563671878,588.2758695122486,0.8870190382003784,0.07755742967128754,0.035364314913749695,0.006563901901245117,9.774964564712718e-05,0.815484344959259
883,0.03260750323534012,0.06450317054986954,0.1240321695804596,-0.05533056706190109,1.9839144945144653,1.9781695667512078,517.4621754925741,0.9184661507606506,0.05710868909955025,0.024393906816840172,0.006553457118570805,0.0005508640897460282,0.8689926266670227
884,0.0287400484085083,0.06443498283624649,0.1240321695804596,-0.08384351432323456,2.058300495147705,2.2419928428140348,547.871163834733,0.9004784226417542,0.07437114417552948,0.024850020185112953,0.01519958395510912,0.00027337856590747833,0.8340885639190674
885,0.020235510542988777,0.0636933445930481,0.12282614409923553,-0.04239336773753166,2.6948964595794678,3.1476025502093914,820.4216689912763,0.7764804363250732,0.1642879694700241,0.059228841215372086,0.014144733548164368,0.0005501548293977976,0.6526473164558411
886,0.01726505719125271,0.05683860927820206,0.10228375345468521,-0.12641192972660065,2.661163330078125,3.2921182157280695,1105.5027912594205,0.6471786499023438,0.27048423886299133,0.07763408869504929,0.02122611552476883,0.002556594554334879,0.5626688599586487
887,0.020190423354506493,0.06605290621519089,0.12403217703104019,-0.17930473387241364,2.8930370807647705,3.2714968404650326,860.0436315703714,0.7495472431182861,0.18699243664741516,0.0633430927991867,0.07580838352441788,0.00041109873563982546,0.5613542795181274
888,0.0235762782394886,0.063487708568573,0.1240321695804596,-0.09106356650590897,2.4292774200439453,2.692863899932378,643.3209347798864,0.8571068644523621,0.10254347324371338,0.04012742266058922,0.0361798033118248,0.0005806150147691369,0.7548948526382446
889,0.017388734966516495,0.06394024938344955,0.12320764362812042,-0.11491753906011581,3.0645008087158203,3.6771075930994925,1100.1881310771323,0.6436870694160461,0.26932084560394287,0.08133802562952042,0.03629474714398384,0.005822451785206795,0.5458920001983643
890,0.026665177196264267,0.06248762086033821,0.1240321695804596,-0.12034109979867935,2.2424094676971436,2.3434166740414226,623.9485407385322,0.8666467070579529,0.10048558562994003,0.03227417543530464,0.008200790733098984,6.601179484277964e-05,0.8235456943511963
891,0.029038099572062492,0.06399015337228775,0.1240321695804596,-0.08306863903999329,2.124586582183838,2.2036618894870417,603.891362107755,0.879402756690979,0.0860544964671135,0.0343618281185627,0.009622914716601372,0.0006080307648517191,0.8130077719688416
892,0.025151493027806282,0.06213146820664406,0.1240321695804596,-0.042575713247060776,2.21658992767334,2.470289462954911,661.2062783826862,0.8492799401283264,0.11332537233829498,0.03576602041721344,0.008499711751937866,0.0010960461804643273,0.8038449883460999
893,0.017291100695729256,0.05795857682824135,0.1050029993057251,-0.22538869082927704,2.781085252761841,3.3519310219045026,1129.5639943689655,0.6435689926147461,0.27150869369506836,0.07460180670022964,0.04367700219154358,0.002604195149615407,0.5365123748779297
894,0.014747682958841324,0.047559645026922226,0.09368371963500977,-0.13733482360839844,2.864457845687866,3.2248893033861328,1185.6483255135565,0.6337218284606934,0.2601028084754944,0.0981755331158638,0.006763734854757786,0.00017712342378217727,0.5339917540550232
895,0.026328161358833313,0.06359604746103287,0.1240321695804596,0.012043152935802937,2.1263160705566406,2.4155141937885594,582.3329133944227,0.8822744488716125,0.08840835094451904,0.02928016148507595,0.03513413295149803,0.0007345128105953336,0.7979736924171448
896,0.015556191094219685,0.05698160082101822,0.10545860230922699,-0.09859154373407364,2.739684820175171,3.6629532558601885,1247.4181084381355,0.5865465402603149,0.3145487308502197,0.08850708603858948,0.05710482969880104,0.001635031308978796,0.4611110985279083
897,0.022171054035425186,0.06398152559995651,0.1240321695804596,-0.10171729326248169,2.531898021697998,2.885813434708166,873.3120000065721,0.7447288036346436,0.20116892457008362,0.05185968056321144,0.0064931935630738735,0.0006640955107286572,0.6611980199813843
898,0.024027204141020775,0.06263997405767441,0.1240321695804596,-0.12705811858177185,2.2872424125671387,2.6070438194731285,718.5880013194025,0.8250736594200134,0.13074202835559845,0.04343545809388161,0.004786800593137741,0.0008379524224437773,0.7604705095291138
899,0.025905458256602287,0.06492229551076889,0.12403217703104019,-0.030152561143040657,2.200058937072754,2.506124186848407,639.4322033253349,0.8647584319114685,0.09654202312231064,0.03806275129318237,0.030121276155114174,0.0004601225955411792,0.7708380222320557
900,0.02493435889482498,0.06476768106222153,0.1240321695804596,-0.22419577836990356,2.4355673789978027,2.5975274252215184,641.5122760907991,0.8500080704689026,0.11390109360218048,0.035976093262434006,0.07169360667467117,0.0005556315882131457,0.6898403763771057
901,0.013506011106073856,0.0447809062898159,0.0860787034034729,-0.15760475397109985,3.0124034881591797,3.315627829327167,1506.0656196196949,0.4900352954864502,0.37823063135147095,0.11308395117521286,0.053121283650398254,0.004215408582240343,0.3538435697555542
902,0.013495372608304024,0.05148199200630188,0.0971815288066864,-0.04266326501965523,3.125570774078369,3.814788483187859,1585.5575867776822,0.4570663571357727,0.3988613486289978,0.12531031668186188,0.05390748009085655,0.0032965566497296095,0.3273679316043854
903,0.02781558968126774,0.065046027302742,0.1240321695804596,-0.14197760820388794,2.4242897033691406,2.3384737855911224,668.4032257314526,0.8417731523513794,0.11878383159637451,0.038968078792095184,0.030731286853551865,0.0007699748384766281,0.7492696046829224
904,0.015064001083374023,0.04870006814599037,0.08976380527019501,0.00046923451009206474,2.8152313232421875,3.232877365928182,1284.596990239397,0.5764821767807007,0.3108809292316437,0.10676495730876923,0.0767330601811409,0.0004455366579350084,0.40005460381507874
905,0.013070500455796719,0.04313226044178009,0.08598628640174866,-0.09447629749774933,2.908869981765747,3.299970080284961,1640.6355130510824,0.40991541743278503,0.4489368498325348,0.12411139905452728,0.14160753786563873,0.0027701361104846,0.1730736345052719
906,0.03222846984863281,0.06489454954862595,0.12403217703104019,-0.11001044511795044,2.139204263687134,2.0135783625906556,556.0545044231536,0.895214855670929,0.07619040459394455,0.027643805369734764,0.005255938973277807,0.0009992416016757488,0.8459033966064453
907,0.018552912399172783,0.06394803524017334,0.12197834253311157,-0.0009437312837690115,3.0269579887390137,3.4467922804172675,1033.0606857296134,0.6686625480651855,0.25712400674819946,0.07264558225870132,0.08004941046237946,0.0021736356429755688,0.5027446150779724
908,0.03269490972161293,0.06258777529001236,0.12403217703104019,-0.07616983354091644,1.884954810142517,1.9142972352887242,483.69367652906664,0.9289782047271729,0.05186038091778755,0.01915757916867733,0.02316124737262726,0.0010801898315548897,0.8744494318962097
909,0.01965079829096794,0.05840229615569115,0.1164824441075325,0.0094277523458004,2.613114833831787,2.9720062914473293,959.6230170603999,0.715738832950592,0.2114192694425583,0.0710914134979248,0.024088311940431595,0.0005899610696360469,0.6216347217559814
910,0.02370184287428856,0.0643465667963028,0.12403217703104019,-0.0847531408071518,2.5357184410095215,2.714833911222585,718.4948594859513,0.8115893006324768,0.1453244686126709,0.042764756828546524,0.07177978754043579,0.0008397912024520338,0.661974310874939
911,0.015593021176755428,0.06276499480009079,0.1093793734908104,-0.18875232338905334,3.128923177719116,4.0251978166764495,1188.1887716236722,0.6074476838111877,0.2960648834705353,0.08565954118967056,0.08673661202192307,0.0033881007693707943,0.43122369050979614
912,0.012902878224849701,0.04981190338730812,0.09403818100690842,0.08631245046854019,2.9953341484069824,3.8605265054361797,1772.0093135928264,0.36738672852516174,0.46737754344940186,0.1484866887331009,0.10536667704582214,0.0061073219403624535,0.17246213555335999
913,0.027584945783019066,0.06426741182804108,0.1240321695804596,-0.05065082013607025,2.188270092010498,2.329800186349232,604.7429455233257,0.8807059526443481,0.08621104061603546,0.03295470401644707,0.003811562666669488,0.0005707480013370514,0.8226755261421204
914,0.024156397208571434,0.06474528461694717,0.1240321695804596,0.16337670385837555,2.6973865032196045,2.6802541809212053,682.9528574059191,0.8188120126724243,0.13243727385997772,0.0486554279923439,0.12977424263954163,0.0012795542133972049,0.5889784097671509
915,0.014422018080949783,0.05236420780420303,0.09690776467323303,-0.08963527530431747,3.0348093509674072,3.6308516260800348,1384.9727674178887,0.5189930200576782,0.3600079119205475,0.10131601244211197,0.20767316222190857,0.005351697560399771,0.25070348381996155
916,0.023642344400286674,0.06399694830179214,0.1240321695804596,-0.1748942881822586,2.7269489765167236,2.7068782695809674,715.0920065877535,0.8222113847732544,0.12783482670783997,0.04993993788957596,0.03978804498910904,0.000513976498041302,0.7073140740394592
917,0.0351601243019104,0.06411505490541458,0.1240321695804596,-0.06370799988508224,1.8658132553100586,1.8235161614632693,482.70196903448124,0.9314182996749878,0.048921890556812286,0.019651485607028008,0.01092273835092783,0.00033610875834710896,0.8874308466911316
918,0.02550690248608589,0.06483887135982513,0.1240321695804596,-0.13127218186855316,2.28326678276062,2.542012750966252,601.8677132290978,0.8692163228988647,0.09525910019874573,0.03551970049738884,0.058135658502578735,0.0007937561604194343,0.7529863119125366
919,0.017604000866413116,0.050388019531965256,0.10028927028179169,-0.1397533416748047,2.590677499771118,2.8623049902956357,1100.7728444747434,0.6554557681083679,0.26274609565734863,0.07377675920724869,0.049924954771995544,0.0023244398180395365,0.5406714677810669
920,0.011404900811612606,0.044997602701187134,0.0857209712266922,-0.030009062960743904,2.921164035797119,3.9454619939723257,1943.5269363734167,0.2944782078266144,0.5408137440681458,0.14265649020671844,0.015460791066288948,0.0018745255656540394,0.1638074815273285
921,0.036078643053770065,0.06291623413562775,0.12403217703104019,0.04664561524987221,1.8983657360076904,1.7438636491986748,475.78631784223046,0.928112268447876,0.052810583263635635,0.01903006248176098,0.05590076744556427,0.000292329175863415,0.8450406193733215
922,0.014282220043241978,0.04843064025044441,0.09001102298498154,-0.11102846264839172,3.0264368057250977,3.39097423932841,1416.5005261685706,0.5093292593955994,0.37468138337135315,0.1016751304268837,0.06456758826971054,0.003162788925692439,0.36637789011001587
923,0.01329017523676157,0.05342114716768265,0.0939321219921112,-0.11620708554983139,2.958669900894165,4.01959689860946,1531.7089067153763,0.47526228427886963,0.3889669179916382,0.11959497630596161,0.04114989563822746,0.00395038491114974,0.3484533727169037
924,0.018322205170989037,0.062129292637109756,0.10667850077152252,-0.29995444416999817,2.7354612350463867,3.390928769430709,923.9063397909367,0.7292841672897339,0.202435702085495,0.06460282951593399,0.04335833340883255,0.0007037064642645419,0.6174759864807129
925,0.0139666348695755,0.04908905550837517,0.08874079585075378,-0.08084334433078766,2.8560950756073,3.5147375128846936,1374.4652595852285,0.5398197174072266,0.3427879810333252,0.09682586789131165,0.0831005796790123,0.0018711946904659271,0.3760526478290558
926,0.036080360412597656,0.06405963748693466,0.1240321695804596,-0.04178127646446228,1.8374532461166382,1.7754711081764143,493.272939702411,0.9283352494239807,0.05124598741531372,0.019966384395956993,0.0017020992236211896,0.00013128342106938362,0.8864243626594543
927,0.012641017325222492,0.04489721730351448,0.08551625907421112,-0.16771043837070465,3.108292579650879,3.551709181695354,1718.7090089828293,0.3894883096218109,0.45735087990760803,0.12935978174209595,0.06499753892421722,0.003860037075355649,0.2296583652496338
928,0.015141231007874012,0.04722756892442703,0.09370410442352295,-0.1989802122116089,2.84236478805542,3.1191366736791597,1309.2057438355228,0.5659437775611877,0.3217308521270752,0.102874256670475,0.01437445543706417,0.0019098756602033973,0.4687795042991638
929,0.016715558245778084,0.059522341936826706,0.11901941150426865,-0.05425846204161644,3.187964677810669,3.5608946502459538,1128.6323736240026,0.6190602779388428,0.29887866973876953,0.08206070959568024,0.03812796622514725,0.0015514690894633532,0.43242931365966797
930,0.03221512958407402,0.06556954234838486,0.1240321695804596,-0.1519065499305725,2.1233863830566406,2.0353648485326805,549.5105943756521,0.8978480100631714,0.07290894538164139,0.0286662969738245,0.0385325662791729,0.0020738968160003424,0.8139647841453552
931,0.021042443811893463,0.06402772665023804,0.1225748211145401,0.07220462709665298,2.798434019088745,3.0427894791861556,800.1300569901199,0.7826460599899292,0.15782444179058075,0.059368204325437546,0.054653529077768326,0.0012491936795413494,0.6001773476600647
932,0.03570682182908058,0.06309764087200165,0.1240321695804596,-0.02111148275434971,1.8241620063781738,1.7671032491288865,479.01023614905034,0.9350194334983826,0.04626430571079254,0.01861775852739811,0.0011841447558254004,0.0007090562139637768,0.9024776816368103
933,0.015594510361552238,0.055244289338588715,0.10778497904539108,-0.12477041780948639,3.1230392456054688,3.542547220414767,1442.7872066016,0.49165964126586914,0.3837294280529022,0.11981070041656494,0.14737658202648163,0.005202814005315304,0.2697243094444275
934,0.014153706841170788,0.05147072300314903,0.09913618862628937,-0.04543101415038109,3.0188980102539062,3.636554266462032,1409.0570550494542,0.5243300199508667,0.3581776022911072,0.09950853884220123,0.06432907283306122,0.000897400313988328,0.39369142055511475
935,0.02036251686513424,0.06514991074800491,0.1240321695804596,-0.026467837393283844,2.7575125694274902,3.199501867883458,877.6283670525884,0.7486987113952637,0.18764013051986694,0.06363356858491898,0.02946210838854313,0.0006152280257083476,0.6288641095161438
936,0.014691798947751522,0.05153593793511391,0.0972917303442955,-0.0376395583152771,2.915112257003784,3.507803102593731,1369.977748908446,0.5369969606399536,0.34835103154182434,0.09852409362792969,0.035112831741571426,0.0021914474200457335,0.4061560034751892
937,0.04076402261853218,0.06358163058757782,0.1240321695804596,-0.052825797349214554,1.6652170419692993,1.5597486828277964,441.4871102112019,0.9504659175872803,0.034948427230119705,0.013960657641291618,0.005348746199160814,0.0005027042934671044,0.9216800332069397
938,0.01689210720360279,0.059283263981342316,0.11253965646028519,-0.07668956369161606,2.8597652912139893,3.509524493497692,1096.7348243726976,0.6492263674736023,0.2671506702899933,0.08076539635658264,0.044897157698869705,0.0018285521073266864,0.5246433019638062
939,0.013072015717625618,0.04699009284377098,0.09151840209960938,-0.05445034056901932,3.0840697288513184,3.5947090223290736,1754.6602652505826,0.3456570506095886,0.5079801082611084,0.13605643808841705,0.05495062470436096,0.0021428426261991262,0.17513303458690643
940,0.013154453597962856,0.05001579970121384,0.09880439192056656,-0.16724374890327454,3.279892683029175,3.802195152002152,1682.2046182418576,0.39196231961250305,0.46370071172714233,0.12957951426506042,0.04397808760404587,0.003981766290962696,0.22233855724334717
941,0.010919145308434963,0.041350752115249634,0.08017037808895111,-0.021764244884252548,3.1887335777282715,3.7869953135910253,1933.3730328419501,0.30911144614219666,0.5101150870323181,0.15727758407592773,0.030292555689811707,0.0033213470596820116,0.17670471966266632
942,0.012735689990222454,0.0443635992705822,0.08618147671222687,-0.08521820604801178,2.885728359222412,3.483407597166543,1739.596187087178,0.3808618187904358,0.47124674916267395,0.12969499826431274,0.0379718653857708,0.0008438110817223787,0.23944319784641266
943,0.019675835967063904,0.06467211991548538,0.12286686897277832,-0.06905246526002884,2.7538061141967773,3.2868804161843754,889.8153197950479,0.7445434927940369,0.1923675686120987,0.06287691742181778,0.02934800460934639,0.00471868272870779,0.591380774974823
944,0.013192611746490002,0.05159744247794151,0.0924527645111084,-0.16524292528629303,3.1158242225646973,3.9110862553624632,1642.875546766033,0.414211630821228,0.45386189222335815,0.1116430014371872,0.016553647816181183,0.002446332247927785,0.31792691349983215
945,0.015227042138576508,0.05436728522181511,0.1024092584848404,-0.2089926302433014,2.909120559692383,3.570442947715331,1231.7677771618257,0.5830608010292053,0.32156360149383545,0.09233719855546951,0.01420545019209385,0.000798606954049319,0.47585442662239075
946,0.015957647934556007,0.05601952224969864,0.10498259216547012,-0.062127336859703064,2.8792734146118164,3.510512481283588,1141.934244398645,0.6217327117919922,0.27395889163017273,0.09629512578248978,0.21977916359901428,0.004520862828940153,0.3069564700126648
947,0.013181199319660664,0.04743191599845886,0.09379911422729492,-0.022715967148542404,2.934678077697754,3.5984522230926625,1660.3079267924245,0.398414671421051,0.45738616585731506,0.13217662274837494,0.0853060856461525,0.0023885543923825026,0.20835691690444946
948,0.021086042746901512,0.0662178248167038,0.1240321695804596,-0.06877436488866806,2.72807240486145,3.140362827126195,953.7806527842386,0.7118754982948303,0.21457204222679138,0.07291276007890701,0.04684492200613022,0.0017528204480186105,0.5224710702896118
949,0.01963847130537033,0.062160126864910126,0.12227873504161835,-0.06356170028448105,2.6090855598449707,3.165222276987854,798.7061746173443,0.7902776002883911,0.15364718437194824,0.05585579574108124,0.04003491625189781,0.001843572361394763,0.6452961564064026
950,0.01481612864881754,0.05292796716094017,0.10378114879131317,-0.027750778943300247,2.9316773414611816,3.5723209761405506,1342.489825649308,0.5389434099197388,0.3525083661079407,0.09465000778436661,0.062314774841070175,0.0026270344387739897,0.3812013864517212
951,0.02332179993391037,0.06599254161119461,0.1240321695804596,-0.13692541420459747,2.5562546253204346,2.8296504470227646,802.1743079838174,0.7771816253662109,0.1675960123538971,0.05522232502698898,0.06101124361157417,0.0004950257134623826,0.6107110977172852
952,0.022517982870340347,0.06452744454145432,0.1240321695804596,-0.1801629364490509,2.738644599914551,2.865596128664851,734.2910496880046,0.800285816192627,0.14493873715400696,0.0541551448404789,0.10243870317935944,0.001748782815411687,0.60870361328125
953,0.0186917707324028,0.06358238309621811,0.12041884660720825,-0.08858167380094528,2.758796215057373,3.4016243834295663,1030.1891816060945,0.6676915884017944,0.25720301270484924,0.07380437105894089,0.13583318889141083,0.0006424849270842969,0.3740416169166565
954,0.01391071267426014,0.05550694093108177,0.10132366418838501,-0.19309324026107788,3.227952718734741,3.9902298485252663,1414.4404265669693,0.5190298557281494,0.3622244596481323,0.10750383883714676,0.02500702254474163,0.0014235660200938582,0.40587863326072693
955,0.013513024896383286,0.058190908282995224,0.10497007519006729,-0.07569808512926102,3.1751136779785156,4.306282917769472,1484.095087747059,0.4933587908744812,0.37838342785835266,0.11088797450065613,0.047583360224962234,0.0034043716732412577,0.37071478366851807
956,0.017051715403795242,0.06251703202724457,0.10861936211585999,-0.22575591504573822,2.9676144123077393,3.666319226138602,1071.062478123939,0.6542204022407532,0.2613285481929779,0.07984226942062378,0.0785004198551178,0.0012571982806548476,0.48775914311408997
957,0.01624682918190956,0.06000470370054245,0.10689716041088104,-0.17182552814483643,2.899409770965576,3.693317817587624,1211.038863063812,0.5931445360183716,0.3173533082008362,0.08256551623344421,0.0320734977722168,0.001966590527445078,0.4822055399417877
958,0.017502548173069954,0.057217519730329514,0.11101698875427246,-0.012118542566895485,2.8382537364959717,3.2690965430449346,961.0720429209445,0.7057331204414368,0.21844926476478577,0.07578404247760773,0.08382440358400345,0.0010934572201222181,0.49264800548553467
959,0.013697546906769276,0.050144560635089874,0.09792271256446838,-0.10452891141176224,3.048154830932617,3.6608424101579664,1572.5821027289674,0.43410971760749817,0.43959328532218933,0.11355160176753998,0.029694093391299248,0.007379960734397173,0.3041166067123413
960,0.012501916848123074,0.047354768961668015,0.08907602727413177,-0.0070965043269097805,3.2137949466705322,3.787800665542711,1780.9983406859615,0.35890963673591614,0.4891648590564728,0.13678281009197235,0.04818510264158249,0.004063045140355825,0.22912541031837463
961,0.016743922606110573,0.05293227359652519,0.10402227938175201,-0.0038908012211322784,2.864666700363159,3.1612827435099744,1188.1779726857083,0.6063524484634399,0.30839860439300537,0.0801488533616066,0.026336852461099625,0.00170941895339638,0.5014769434928894
962,0.020026499405503273,0.06003911420702934,0.11134203523397446,-0.16772955656051636,2.626997947692871,2.997983471216774,785.7183353275093,0.7853541374206543,0.1580134481191635,0.05655231699347496,0.0154994772747159,0.001215081661939621,0.6807750463485718
963,0.014302168972790241,0.05434299260377884,0.10216417908668518,-0.10072310268878937,2.997783899307251,3.7996329580056214,1351.8193212083186,0.5459501147270203,0.3319326639175415,0.11281348019838333,0.0350230410695076,0.00020248891087248921,0.41434773802757263
964,0.01268733199685812,0.04304240643978119,0.08434528857469559,-0.0007779726292937994,2.9698877334594727,3.392549863678796,1768.140759744681,0.365055650472641,0.47495824098587036,0.1375436931848526,0.06732245534658432,0.0015488859498873353,0.20305435359477997
965,0.012699566781520844,0.04475133493542671,0.08668534457683563,0.09617330878973007,2.9581449031829834,3.5238473643857358,1616.693796164904,0.4350232481956482,0.431128591299057,0.11659032106399536,0.036657966673374176,0.0021281917579472065,0.31110769510269165
966,0.013665962964296341,0.05393702909350395,0.09709714353084564,-0.18048959970474243,3.13804292678833,3.9468151077588076,1689.7977376443341,0.3894234895706177,0.4608634412288666,0.14160624146461487,0.13772904872894287,0.00018622413335833699,0.16392932832241058
967,0.01802600920200348,0.06043330579996109,0.11760331690311432,-0.027207568287849426,2.7830049991607666,3.3525615747434405,1184.8581215556922,0.6179105043411255,0.29246780276298523,0.08276147395372391,0.06925124675035477,0.0007666417513974011,0.49029678106307983
968,0.02704114094376564,0.06558040529489517,0.1240321695804596,-0.2956311106681824,2.5200908184051514,2.4252085157519803,591.0224301826879,0.8720949292182922,0.09264551103115082,0.03490801528096199,0.06594476848840714,0.0003104760544374585,0.7448912858963013
969,0.024829508736729622,0.06615425646305084,0.12403217703104019,-0.06404279917478561,2.495932102203369,2.664340126976669,780.114019257157,0.7893407940864563,0.1608743518590927,0.04941369965672493,0.026667609810829163,0.001559951575472951,0.6706399917602539
970,0.014577391557395458,0.053038157522678375,0.10334722697734833,-0.08155889064073563,2.9888412952423096,3.638384638994791,1454.5513555948096,0.4950372576713562,0.3820522725582123,0.11110325902700424,0.017298288643360138,0.0017433450557291508,0.3871062994003296
971,0.02290569618344307,0.06491321325302124,0.12403217703104019,-0.02262410894036293,2.501112937927246,2.833933216014126,759.2060811590101,0.8026299476623535,0.14707428216934204,0.04998451843857765,0.03122609853744507,0.00048241144395433366,0.6677007079124451
972,0.014441000297665596,0.048604197800159454,0.09108081459999084,-0.0713157132267952,2.9736883640289307,3.3657085239898974,1376.367428286243,0.5254491567611694,0.3570646345615387,0.11283008754253387,0.015720468014478683,0.0016962618101388216,0.3917022943496704
973,0.013323350809514523,0.049597885459661484,0.09544973075389862,0.020514653995633125,3.0233280658721924,3.7226285012716036,1593.0822775614092,0.43763962388038635,0.4219266176223755,0.1204264909029007,0.138786181807518,0.00305468263104558,0.22046686708927155
974,0.01856943406164646,0.06380924582481384,0.1197868287563324,-0.13400937616825104,2.6729280948638916,3.4362515093106687,937.7922126294193,0.7314132452011108,0.20058073103427887,0.06219365820288658,0.05426359549164772,0.0011536467354744673,0.6075869202613831
975,0.016049370169639587,0.057233840227127075,0.1108425036072731,-0.093947634100914,2.7218434810638428,3.5661112940014044,1182.8624580996034,0.5897360444068909,0.3249336779117584,0.08014874160289764,0.030916547402739525,0.0014428693102672696,0.4592702090740204
976,0.024163363501429558,0.06144290044903755,0.12184931337833405,-0.06056481599807739,2.217388868331909,2.542812404525539,642.4148806469733,0.8574133515357971,0.1059550866484642,0.036627285182476044,0.017576977610588074,0.0007174342754296958,0.7698331475257874
977,0.03336469084024429,0.06350747495889664,0.1240321695804596,-0.026845915243029594,1.9326937198638916,1.9034336407035088,523.9910320785929,0.9125990867614746,0.06432740390300751,0.023073337972164154,0.007933925837278366,0.00013248327013570815,0.8687455058097839
978,0.016933072358369827,0.0607619471848011,0.10752347111701965,-0.1962849199771881,2.742223024368286,3.5883592708548724,1078.1847953795875,0.6618069410324097,0.256622314453125,0.07358017563819885,0.03935996815562248,0.0014714845456182957,0.5543377995491028
979,0.0228167325258255,0.06267476826906204,0.12360776215791702,-0.026217520236968994,2.3921501636505127,2.7468774591355567,778.4141183320538,0.7951059341430664,0.15550580620765686,0.04715205729007721,0.024280110374093056,0.0005549542838707566,0.7105997204780579
980,0.029529375955462456,0.06440849602222443,0.1240321695804596,-0.07336059212684631,2.1425862312316895,2.1811668528717667,589.9144479507524,0.8787186741828918,0.09210575371980667,0.02891203947365284,0.028647717088460922,8.05115996627137e-05,0.7984635233879089
981,0.014267622493207455,0.05444110929965973,0.09472861886024475,-0.09285763651132584,2.9417572021484375,3.815709963013277,1572.7847744826524,0.4305003583431244,0.4509985148906708,0.10548535734415054,0.04366077110171318,0.00428503705188632,0.28933292627334595
982,0.019933359697461128,0.06299939006567001,0.11592748761177063,-0.27969086170196533,2.7659833431243896,3.1605003380606043,865.48568558335,0.7534308433532715,0.18809649348258972,0.0566253587603569,0.05505755916237831,0.0007496648468077183,0.6333922147750854
983,0.01801666058599949,0.05317731946706772,0.10013008117675781,-0.13260258734226227,2.6862165927886963,2.9515635936128786,843.8878085194352,0.7575525045394897,0.1792016327381134,0.06308195739984512,0.055055245757102966,0.0015028443885967135,0.5578377842903137
984,0.015371192246675491,0.04977630078792572,0.0989844799041748,-0.03471463546156883,2.8154501914978027,3.238284967482151,1086.4805210189197,0.646304726600647,0.2710433304309845,0.07846540212631226,0.10136448591947556,0.00038716456037946045,0.46603503823280334
985,0.018056925386190414,0.06074398756027222,0.11523488163948059,-0.20494964718818665,2.8330790996551514,3.3640271672919475,995.6180862802718,0.6837047934532166,0.24486982822418213,0.06984477490186691,0.024587973952293396,0.0003254796611145139,0.5589855909347534
986,0.017852626740932465,0.05982859432697296,0.11605577915906906,-0.03935851529240608,2.68912410736084,3.3512488213539378,1065.0215198616029,0.6674389839172363,0.24784867465496063,0.0793241336941719,0.06252226233482361,0.0017753909341990948,0.5325740575790405
987,0.020170943811535835,0.05883992090821266,0.11742980033159256,0.08031289279460907,2.745589256286621,2.9170633488971816,862.0477320329464,0.7440935969352722,0.1883120983839035,0.06747282296419144,0.08774929493665695,0.0021173872519284487,0.5485121011734009
988,0.013553077355027199,0.04682707041501999,0.09280310571193695,-0.02659945748746395,2.9916138648986816,3.4550876664328554,1603.1327755892257,0.42671898007392883,0.4375375211238861,0.11884847283363342,0.06600745022296906,0.0033555245026946068,0.25500160455703735
989,0.024405740201473236,0.06399040669202805,0.1240321695804596,0.012471863999962807,2.5306811332702637,2.6219408287212436,655.5290055067073,0.8467671871185303,0.10851632058620453,0.04468466714024544,0.04861614853143692,0.0020268161315470934,0.7217772006988525
990,0.01672971062362194,0.05296112969517708,0.09835591167211533,-0.1713750958442688,2.7610766887664795,3.1656931123023475,1037.9522368948847,0.6846191883087158,0.234013631939888,0.07599975913763046,0.04151838272809982,0.0007413218263536692,0.558296799659729
991,0.016049254685640335,0.0549573190510273,0.10587415099143982,-0.09290998429059982,2.662897825241089,3.4242910417998838,1109.4012577718859,0.6553909778594971,0.25705820322036743,0.08090069144964218,0.01325206458568573,0.0018026382895186543,0.5863931179046631
992,0.02899802476167679,0.06349386274814606,0.1240321695804596,-0.09235915541648865,2.187175750732422,2.189592679769992,556.947147074116,0.8956262469291687,0.0777234211564064,0.026454009115695953,0.018143869936466217,0.00023734399292152375,0.8080719113349915
993,0.012049458920955658,0.0459054596722126,0.09133589267730713,0.00685913348570466,3.0817229747772217,3.809752783883679,1850.979959946773,0.32066240906715393,0.5209432244300842,0.1435786783695221,0.061918705701828,0.004938282538205385,0.1609991490840912
994,0.032161641865968704,0.06245391070842743,0.1240321695804596,-0.11207960546016693,2.006977081298828,1.9418756967308346,510.93436399667974,0.9181948900222778,0.059186093509197235,0.02234489843249321,0.009673614986240864,0.00018047417688649148,0.8780550360679626
995,0.02403324842453003,0.06410619616508484,0.1240321695804596,-0.15799599885940552,2.5987884998321533,2.66739622667846,666.2189051283369,0.8375122547149658,0.12125363200902939,0.04122190549969673,0.037123728543519974,0.0022310970816761255,0.7336074709892273
996,0.018068376928567886,0.05224590748548508,0.10028409212827682,-0.07114683091640472,2.37839412689209,2.8915661705057514,911.4448535736474,0.746769905090332,0.1838594228029251,0.06244174763560295,0.012974721379578114,0.00026567571330815554,0.6794853806495667
997,0.0125995222479105,0.04520409554243088,0.08801601827144623,-0.0729876384139061,3.018097400665283,3.5877626666629956,1705.1626129939668,0.38698405027389526,0.46479299664497375,0.13858909904956818,0.10309522598981857,0.00137858756352216,0.17536674439907074
998,0.011377889662981033,0.03629549592733383,0.07206596434116364,-0.07944228500127792,2.8482067584991455,3.19000245205703,1776.0092268769358,0.38101494312286377,0.45759710669517517,0.13935714960098267,0.04075436666607857,0.0031547853723168373,0.22799161076545715
999,0.015861965715885162,0.051545996218919754,0.10088073462247849,-0.19936025142669678,2.962472915649414,3.2496600445964097,1263.5259103884944,0.5691652297973633,0.3380277752876282,0.08895840495824814,0.06224844604730606,0.0008814923348836601,0.3900358974933624
1000,0.014268061146140099,0.05096667632460594,0.09848982095718384,-0.002740722382441163,2.991999626159668,3.5720814341212535,1463.6955385811468,0.4895024597644806,0.3896920084953308,0.10951751470565796,0.08061254769563675,0.00321893859654665,0.32226160168647766
1001,0.013453749008476734,0.04508645832538605,0.08372731506824493,-0.21619462966918945,2.9014079570770264,3.3512189274251685,1521.3361955378525,0.4772022068500519,0.38611140847206116,0.11740598827600479,0.07291775196790695,0.004936122801154852,0.32736510038375854
1002,0.011577089317142963,0.04261641204357147,0.08296672999858856,-0.04190176725387573,3.0576908588409424,3.681099011371142,1918.490173563441,0.2946164011955261,0.5325084924697876,0.1474795937538147,0.12966905534267426,0.0028707298915833235,0.0828949585556984
1003,0.020440954715013504,0.05505133792757988,0.10751976817846298,-0.11738432943820953,2.391556739807129,2.693188194602892,811.8020867358838,0.7844642400741577,0.16010792553424835,0.052546899765729904,0.0238640196621418,0.0001529621222289279,0.697535514831543
1004,0.016525011509656906,0.05233551561832428,0.09460124373435974,-0.30569812655448914,2.8377065658569336,3.167048663450149,1154.9102216093945,0.6242520809173584,0.28770819306373596,0.07949946820735931,0.033538881689310074,0.0003001909935846925,0.4969154894351959
1005,0.018086297437548637,0.06381048262119293,0.1240321695804596,-0.2867862582206726,2.885575771331787,3.528111977479096,956.850070474648,0.7000334858894348,0.23325803875923157,0.06370745599269867,0.15025167167186737,0.0004072781011927873,0.46398040652275085
1006,0.03155220299959183,0.06395895779132843,0.1240321695804596,-0.055222056806087494,1.976076364517212,2.0270837440456613,535.6379472564581,0.9021414518356323,0.07512124627828598,0.02268102765083313,0.034305982291698456,0.00034175574546679854,0.8203546404838562
1007,0.017410678789019585,0.05668714642524719,0.10684739053249359,-0.0978621169924736,2.838052988052368,3.2558837658726016,1078.2895186981402,0.6544572114944458,0.26326751708984375,0.0791063979268074,0.05370417982339859,0.000605809735134244,0.5236073136329651
1008,0.015553616918623447,0.055692750960588455,0.10409130156040192,-0.3429099917411804,3.104401111602783,3.580694525806591,1300.2622784947148,0.5528548955917358,0.34307873249053955,0.09342919290065765,0.08424461632966995,0.001494192169047892,0.3934732675552368
1009,0.0344269722700119,0.06500235199928284,0.12403217703104019,-0.10652343183755875,1.9660724401474,1.8881228208969143,558.2326618749715,0.8943710327148438,0.0768343135714531,0.028606075793504715,0.044800665229558945,0.0003015129186678678,0.8102176785469055
1010,0.013500219210982323,0.045149680227041245,0.08831892907619476,-0.050966739654541016,2.9305782318115234,3.3443664519882734,1441.390314253673,0.5209723711013794,0.35616087913513184,0.10162825137376785,0.017840547487139702,0.0010067611001431942,0.43346264958381653
1011,0.012628939002752304,0.03747699037194252,0.07481066882610321,-0.03379645571112633,2.6901676654815674,2.9675486088583827,1640.9023606034816,0.4232107996940613,0.43374425172805786,0.12667714059352875,0.022665424272418022,0.001996192615479231,0.316459596157074
1012,0.017592767253518105,0.06310086697340012,0.11201408505439758,-0.20392313599586487,2.664471387863159,3.5867505128958497,1000.8023583460388,0.7046789526939392,0.2167612910270691,0.07111088931560516,0.0330091193318367,0.002276527462527156,0.6141605377197266
1013,0.025620469823479652,0.0644829049706459,0.12403217703104019,0.050983138382434845,2.498386859893799,2.5168509950209526,716.1344842971173,0.8197308778762817,0.13575029373168945,0.04433095455169678,0.042837291955947876,0.001095885643735528,0.694299042224884
1014,0.01491638459265232,0.054225023835897446,0.10389895737171173,-0.11470648646354675,3.086050033569336,3.635265871260315,1415.1469877111983,0.5221807360649109,0.3622753620147705,0.10414072871208191,0.018769413232803345,0.0027478295378386974,0.4301042854785919
1015,0.010663194581866264,0.038198862224817276,0.07474438846111298,-0.12533704936504364,3.1252005100250244,3.58230940343109,2020.4296318718941,0.2584320902824402,0.5684801340103149,0.1508951634168625,0.010938710533082485,0.006420825608074665,0.11506909877061844
1016,0.03326614201068878,0.06405722349882126,0.12403217703104019,-0.008036504499614239,1.8500479459762573,1.9255982096244693,508.5551659179893,0.9191635251045227,0.06002822518348694,0.020792795345187187,0.008473954163491726,0.0005071000778116286,0.8722215890884399
1017,0.02160879783332348,0.06522904336452484,0.1240321695804596,-0.07992183417081833,2.7378182411193848,3.0186336076926428,812.4114794311548,0.7603864073753357,0.18629281222820282,0.05331803113222122,0.1398850977420807,0.0009202385554090142,0.4989519417285919
1018,0.01945897936820984,0.06267867982387543,0.1143069788813591,-0.01907435618340969,2.509669542312622,3.221067181100598,856.2667772693223,0.746620774269104,0.19608856737613678,0.05636031553149223,0.05497026443481445,0.003451320342719555,0.6220239400863647
1019,0.013362561352550983,0.04744122177362442,0.0871649831533432,-0.2683802545070648,3.0255064964294434,3.550308995289839,1361.1774979800157,0.537062406539917,0.34406423568725586,0.10549768060445786,0.12013398855924606,0.0023391859140247107,0.34269091486930847
1020,0.0347411222755909,0.064154714345932,0.1240321695804596,-0.02569963037967682,1.9173146486282349,1.8466506014159607,522.3847890786874,0.9141156077384949,0.0615520216524601,0.0239226333796978,0.01948474906384945,5.793417585664429e-06,0.8607650995254517
1021,0.019506528973579407,0.059957411140203476,0.1151183620095253,-0.14197055995464325,2.659928560256958,3.0737098957143534,905.0309612170922,0.7387989163398743,0.1941579133272171,0.06514950096607208,0.02340429276227951,0.0014432534808292985,0.6501387357711792
1022,0.01924421265721321,0.06397274136543274,0.1240321695804596,0.02948366105556488,2.799970865249634,3.3242587006088766,866.9786482998295,0.7538114786148071,0.18347518146038055,0.06271250545978546,0.024383390322327614,0.00026823082589544356,0.6271106004714966
1023,0.012902256101369858,0.0486542247235775,0.0906437486410141,0.046945564448833466,2.977350950241089,3.770985813453261,1524.2375903988925,0.47730931639671326,0.38893890380859375,0.11542253941297531,0.050140175968408585,0.0021972348913550377,0.32639452815055847
1024,0.031078839674592018,0.06505681574344635,0.12403217703104019,-0.06529351323843002,2.0731046199798584,2.0932832892902105,558.1994694823195,0.8997235894203186,0.07084190845489502,0.029430167749524117,0.018443873152136803,0.00018166880181524903,0.8285949230194092
1025,0.01559858676046133,0.06394622474908829,0.11121322214603424,-0.2317592203617096,3.100152015686035,4.0994883528216235,1290.0714987820052,0.5742756724357605,0.3231392800807953,0.09260039031505585,0.045304372906684875,0.0015438598347827792,0.4520065188407898
1026,0.013554196804761887,0.052902206778526306,0.09775206446647644,-0.14787079393863678,3.219459056854248,3.90301303254189,1567.071756057074,0.4354981780052185,0.43576401472091675,0.11950031667947769,0.09425277262926102,0.0033996920101344585,0.2289314717054367
1027,0.013325206935405731,0.04718001186847687,0.09064563363790512,-0.014880230650305748,2.9683821201324463,3.5406588500758356,1735.079060242412,0.3619689345359802,0.4885292053222656,0.14047950506210327,0.027242081239819527,0.0023821364156901836,0.24615082144737244
1028,0.015272324904799461,0.04647991806268692,0.09206453710794449,-0.11751870810985565,2.704867124557495,3.043408148358394,1355.9558965666045,0.5508103966712952,0.3394198417663574,0.09778094291687012,0.02768552117049694,0.0006706686108373106,0.4441955089569092
1029,0.021115077659487724,0.06533285230398178,0.12403217703104019,-0.06774703413248062,2.7048680782318115,3.0941327024450405,886.279460712306,0.747356653213501,0.18720343708992004,0.06520838290452957,0.02842150628566742,0.0008187963394448161,0.590609610080719
1030,0.017261551693081856,0.05484078451991081,0.10876019299030304,0.02028992772102356,2.702979326248169,3.177048361110725,982.1235854652126,0.7042327523231506,0.2173972725868225,0.07836029678583145,0.04096711426973343,0.00015194722800515592,0.5207324028015137
1031,0.014076570980250835,0.04436923563480377,0.08348128944635391,-0.16917787492275238,2.7101354598999023,3.1519917523877785,1257.8586149671744,0.5980148315429688,0.29430559277534485,0.09139812737703323,0.04162520170211792,0.0034708292223513126,0.475010484457016
1032,0.01508133951574564,0.057253457605838776,0.10238823294639587,-0.2558195888996124,3.013833999633789,3.7963111660119524,1232.4833266953417,0.5933600068092346,0.30639219284057617,0.08531777560710907,0.07496720552444458,0.002735275775194168,0.44032901525497437
1033,0.017428040504455566,0.05652347952127457,0.10962257534265518,-0.08415588736534119,2.776724338531494,3.243249262794679,999.9166719721336,0.6872528791427612,0.23694977164268494,0.075790636241436,0.05351467803120613,0.0023159112315624952,0.48638418316841125
1034,0.014183410443365574,0.05038081109523773,0.09781475365161896,-0.13914555311203003,3.0344443321228027,3.5520942789363996,1388.2278144021507,0.542121171951294,0.3412271738052368,0.09513033926486969,0.06604201346635818,0.002245191251859069,0.4066918194293976
1035,0.012450841255486012,0.0458744615316391,0.08729055523872375,-0.07536658644676208,3.028869867324829,3.6844467443307685,1643.5685585901065,0.415723592042923,0.441641241312027,0.12200117856264114,0.06604671478271484,0.001766223693266511,0.26709556579589844
1036,0.014015424996614456,0.04223504662513733,0.08440302312374115,-0.016168033704161644,2.827011823654175,3.013468848238715,1500.0160883276446,0.4868166744709015,0.3793352544307709,0.11131118983030319,0.09405285865068436,0.0025363012682646513,0.3247203230857849
1037,0.02045028656721115,0.06400486081838608,0.1240321695804596,-0.07886072248220444,2.7887485027313232,3.1297781869657575,807.405523088462,0.7793731093406677,0.163689985871315,0.056930460035800934,0.003886810503900051,0.0017223760951310396,0.6671565771102905
1038,0.024388721212744713,0.06403066217899323,0.1240321695804596,-0.11062945425510406,2.2993106842041016,2.6254210549960106,630.8998782227417,0.8619701862335205,0.10118995606899261,0.03678293153643608,0.04582572355866432,0.00038305469206534326,0.7462066411972046
1039,0.020056268200278282,0.06125979125499725,0.11499817669391632,0.057783082127571106,2.5890119075775146,3.054396293478608,929.7134119991243,0.7240791916847229,0.20843420922756195,0.06436101347208023,0.07117623835802078,0.003523179329931736,0.5894948840141296
1040,0.021338598802685738,0.06342390179634094,0.1240321695804596,-0.16944953799247742,2.483567714691162,2.972261786251212,759.9086644984519,0.7994123101234436,0.15423761308193207,0.0450269840657711,0.042392436414957047,0.0005247805966064334,0.6976088285446167
1041,0.013531556352972984,0.041541364043951035,0.07845965027809143,-0.13713906705379486,2.7944955825805664,3.069962017469936,1370.3009800066643,0.5554845929145813,0.31810301542282104,0.10323046147823334,0.03921091929078102,0.0016845969948917627,0.45952823758125305
1042,0.02184121496975422,0.06148480251431465,0.11985776573419571,0.00815307255834341,2.4747066497802734,2.8150816058833685,759.0706913880174,0.8080858588218689,0.13831429183483124,0.05309600755572319,0.012291896156966686,0.00026092460029758513,0.7032351493835449
1043,0.019600020721554756,0.06452567875385284,0.1240321695804596,-0.13153119385242462,2.952573537826538,3.2921229863598978,746.2469462777184,0.8153109550476074,0.1305948793888092,0.05397488921880722,0.014491254463791847,0.0009450813522562385,0.7044615745544434
1044,0.01395563967525959,0.05167974904179573,0.09878336638212204,-0.07475724071264267,3.0204875469207764,3.703144409045606,1515.0284134649066,0.4827258884906769,0.3902203440666199,0.11105789244174957,0.03751828521490097,0.003721647197380662,0.36323270201683044
1045,0.017250455915927887,0.051030341535806656,0.09654030203819275,-0.1450406014919281,2.6346662044525146,2.9582024835488867,1010.0797219038949,0.6970106959342957,0.23101939260959625,0.06436414271593094,0.022244131192564964,0.0018810832407325506,0.6136141419410706
1046,0.03409438952803612,0.0635199323296547,0.12403217703104019,-0.01566872000694275,1.9413042068481445,1.8630611431114974,484.01679972568854,0.9283137321472168,0.0507969930768013,0.020766133442521095,0.030016008764505386,0.0001577035873197019,0.8631359934806824
1047,0.014905937016010284,0.0533737950026989,0.09540354460477829,-0.21635112166404724,2.890556812286377,3.5807071331235365,1207.12027649702,0.6163528561592102,0.2846258580684662,0.08845026046037674,0.045660290867090225,0.0017567795002833009,0.5093836188316345
1048,0.013345017097890377,0.046361662447452545,0.09209068864583969,-0.049424853175878525,3.039741039276123,3.4740804079829513,1843.0506939745721,0.3161049783229828,0.5384684801101685,0.1355997622013092,0.003167492337524891,0.0010402591433376074,0.2148817628622055
1049,0.016290413215756416,0.05826147645711899,0.10300539433956146,-0.30770164728164673,3.0056405067443848,3.5764271711162543,1245.2111195564744,0.5839051604270935,0.3132019639015198,0.09395939111709595,0.07710541039705276,0.005577231291681528,0.4389919638633728
1050,0.012959853745996952,0.05146912485361099,0.09154008328914642,0.06379710882902145,2.8458762168884277,3.971427907937416,1580.6731279724124,0.45490333437919617,0.41072243452072144,0.11075059324502945,0.07553085684776306,0.0013128401478752494,0.3009440302848816
1051,0.01964096538722515,0.06344664096832275,0.12163983285427094,-0.14309369027614594,2.7732601165771484,3.230321917188414,1069.3461622543437,0.6420887112617493,0.2854383885860443,0.06945841014385223,0.12209212779998779,0.004437731578946114,0.45530131459236145
1052,0.013890777714550495,0.05353377386927605,0.10696764290332794,-0.0653826966881752,3.0924453735351562,3.853907604420584,1564.2678627816567,0.4457632303237915,0.4236743152141571,0.1154986172914505,0.03209208324551582,0.00378827634267509,0.31245288252830505
1053,0.01566971279680729,0.053646814078092575,0.10072042793035507,-0.09512997418642044,2.7279915809631348,3.423599064661832,1233.3356761304758,0.5877631902694702,0.32463112473487854,0.08200165629386902,0.024267015978693962,0.002288135699927807,0.4892442226409912
1054,0.012388397939503193,0.047069866210222244,0.08606477081775665,-0.00523800915107131,2.829252243041992,3.7995119656537573,1835.0225464481002,0.34065914154052734,0.500503659248352,0.1379738301038742,0.05532565340399742,0.003753620432689786,0.20353052020072937
1055,0.01839158870279789,0.058092229068279266,0.11456552147865295,-0.3030165433883667,2.7113912105560303,3.1586302849564674,894.6814920739758,0.7376388907432556,0.19540131092071533,0.06570660322904587,0.07420053333044052,0.0007493041339330375,0.6058266162872314
1056,0.01475878432393074,0.05454454943537712,0.10207870602607727,0.12466983497142792,2.913816213607788,3.6957345696311665,1382.8686028260659,0.5257904529571533,0.3595055341720581,0.10505445301532745,0.1457853764295578,0.0025579771026968956,0.31014955043792725
1057,0.01667363941669464,0.052533961832523346,0.10122787952423096,-0.022007906809449196,2.7577831745147705,3.1507195589687815,1178.8822513674706,0.6256935000419617,0.28175994753837585,0.0835290253162384,0.010434716008603573,0.002707755658775568,0.551708459854126
1058,0.03743872418999672,0.06413011252880096,0.1240321695804596,-0.06003469601273537,1.8163938522338867,1.7129353073474392,467.11469172658514,0.9370068311691284,0.04487316682934761,0.017766959965229034,0.029392028227448463,2.9395723686320707e-05,0.8704127669334412
1059,0.013820510357618332,0.05560426041483879,0.09780818969011307,-0.15232233703136444,3.1315760612487793,4.023314550042252,1715.9747746292412,0.36328041553497314,0.502593457698822,0.12195641547441483,0.04551403596997261,0.0019944391679018736,0.20715107023715973
1060,0.018196871504187584,0.05795051530003548,0.11279087513685226,0.014364579692482948,2.7525746822357178,3.184641672252007,1068.107306351662,0.6637392044067383,0.2581590712070465,0.07258176803588867,0.04375392943620682,0.00132850487716496,0.5640737414360046
1061,0.018926015123724937,0.06300682574510574,0.11398151516914368,-0.25194552540779114,2.722001791000366,3.32911208883024,897.6815573563688,0.7384909391403198,0.19463613629341125,0.0603649765253067,0.07556061446666718,0.0015113004483282566,0.6069183945655823
1062,0.01665128953754902,0.06329544633626938,0.11804519593715668,-0.15197615325450897,2.9291210174560547,3.801233903820815,1176.9768160399285,0.614963710308075,0.2976500988006592,0.07783696055412292,0.047816384583711624,0.003530516754835844,0.5014038681983948
1063,0.020033493638038635,0.06436878442764282,0.12381763011217117,0.018607813864946365,2.8016397953033447,3.2130583705185307,839.8428441464994,0.7638492584228516,0.17654387652873993,0.05934783071279526,0.01319542434066534,0.0013244417496025562,0.6368710398674011
1064,0.02106662280857563,0.06292572617530823,0.1240321695804596,-0.12028524279594421,2.620333194732666,2.9869868912593787,830.9905284049808,0.7639400362968445,0.17856338620185852,0.05729112774133682,0.07884767651557922,0.0010519890347495675,0.6104219555854797
1065,0.03981684148311615,0.06527408957481384,0.1240321695804596,-0.08458895981311798,1.7060130834579468,1.6393588025020311,485.1103125298775,0.9319709539413452,0.04954179748892784,0.018018992617726326,0.005159161984920502,0.0002505214943084866,0.8927920460700989
1066,0.012565510347485542,0.048322632908821106,0.08723389357328415,-0.18014749884605408,3.259343385696411,3.8456562104256427,1768.1481247256943,0.36024579405784607,0.4836682081222534,0.13763660192489624,0.02532280795276165,0.005066942889243364,0.22974291443824768
1067,0.018473230302333832,0.06084507703781128,0.11382313072681427,-0.3406180143356323,2.896491765975952,3.2936890862466366,953.9791630024181,0.7073434591293335,0.22304071485996246,0.06497721374034882,0.07493902742862701,0.0005054417997598648,0.5517542362213135
1068,0.025657905265688896,0.06406877934932709,0.1240321695804596,-0.023273687809705734,2.207991600036621,2.497038580639948,615.9567537826529,0.8690975308418274,0.09969576448202133,0.031166471540927887,0.001543445629067719,0.0012566777877509594,0.8146386742591858
1069,0.014367271214723587,0.04864826425909996,0.09122063964605331,-0.12826910614967346,2.954826831817627,3.386047602822389,1385.1812475739384,0.524309515953064,0.3537529706954956,0.11495765298604965,0.10657993704080582,0.0018423759611323476,0.33122968673706055
1070,0.014525700360536575,0.051485367119312286,0.096951425075531,-0.19185243546962738,3.059231758117676,3.5444326839925258,1420.740550419803,0.4993390142917633,0.3940375745296478,0.09909733384847641,0.020258499309420586,0.0024439916014671326,0.4011354148387909
1071,0.03230079263448715,0.06352002173662186,0.1240321695804596,-0.1099347472190857,1.98884916305542,1.966515882549452,507.2674740230237,0.9134894013404846,0.06481830775737762,0.021643606945872307,0.05561642348766327,0.0008824592805467546,0.8166589140892029
1072,0.0143266087397933,0.046158190816640854,0.08980987966060638,-0.08118534088134766,2.8291752338409424,3.221850449870313,1323.6905843835602,0.5575450658798218,0.33392229676246643,0.10066932439804077,0.030487386509776115,0.0008573610684834421,0.39848390221595764
1073,0.012598286382853985,0.047181252390146255,0.09155483543872833,-0.08202538639307022,3.3067116737365723,3.745053172518283,1745.423491785416,0.37281325459480286,0.483329713344574,0.12563002109527588,0.04292552173137665,0.004878161940723658,0.2537654638290405
1074,0.04053664207458496,0.06245289370417595,0.1240321695804596,-0.012778053060173988,1.632180094718933,1.5406528638392338,446.0230033765719,0.949087381362915,0.03684587404131889,0.013971916399896145,0.0039000327233225107,0.00023213303938973695,0.9190651178359985
1075,0.016429709270596504,0.06362992525100708,0.11079873144626617,-0.2944108545780182,2.9084057807922363,3.872857650683435,1181.048823548485,0.616326630115509,0.2857128381729126,0.09262476116418839,0.10181672871112823,0.00204476504586637,0.45699235796928406
1076,0.016230272129178047,0.054320916533470154,0.10125347971916199,-0.07818406820297241,2.772519588470459,3.346888832040443,1062.0533591298092,0.669194221496582,0.24772319197654724,0.07656994462013245,0.05383716896176338,0.0005870749009773135,0.5320701599121094
1077,0.02614770270884037,0.06484583020210266,0.1240321695804596,-0.16252997517585754,2.4753620624542236,2.4799819288789267,641.2251012593795,0.8526133298873901,0.1080886647105217,0.0390147939324379,0.04879703372716904,0.0005305166123434901,0.7404968738555908
1078,0.02907520905137062,0.06440054625272751,0.1240321695804596,-0.20043021440505981,2.3063650131225586,2.2149641688466786,548.7868174289309,0.8893072009086609,0.0818677470088005,0.028693297877907753,0.08186681568622589,0.0014074677601456642,0.7577031850814819
1079,0.013512331992387772,0.05372311547398567,0.1025228425860405,-0.1802237331867218,3.2599098682403564,3.9758581642513633,1747.0473821508658,0.3543390929698944,0.5007742643356323,0.13656502962112427,0.00788202602416277,0.0039874352514743805,0.2414865493774414
1080,0.026287440210580826,0.06634698063135147,0.1240321695804596,-0.18010057508945465,2.5530452728271484,2.5239041952104024,711.4697861503869,0.8184916973114014,0.1359996199607849,0.044700827449560165,0.05692964792251587,0.0004424966755323112,0.6832703351974487
1081,0.020463576540350914,0.06364783644676208,0.1240321695804596,-0.30665475130081177,2.9574241638183594,3.1102987455857676,883.1272226451404,0.7367441654205322,0.20283891260623932,0.058719098567962646,0.08922950178384781,0.0005319321062415838,0.5539082288742065
1082,0.01230179239064455,0.04999272897839546,0.09411106258630753,0.014911855570971966,3.126567840576172,4.063857313374172,1710.7514820785814,0.3772011399269104,0.4692818820476532,0.12894374132156372,0.09773033857345581,0.0037126240786165,0.15068775415420532
1083,0.012183508835732937,0.04482634738087654,0.08640824258327484,-0.03604014962911606,3.029832124710083,3.6792641579350573,1893.1695834399452,0.31709280610084534,0.5168529748916626,0.14659889042377472,0.007637457922101021,0.0019070307025685906,0.22810503840446472
1084,0.013507470488548279,0.04525260254740715,0.09040651470422745,-0.21090994775295258,3.0367581844329834,3.3501907394446953,1598.453684920525,0.44861525297164917,0.4158596098423004,0.11652231216430664,0.05899905040860176,0.0038581632543355227,0.3065972626209259
1085,0.017068874090909958,0.046832699328660965,0.09161598980426788,-0.03031063824892044,2.4457955360412598,2.743748596215729,1038.4986948517737,0.6985893249511719,0.2172253429889679,0.07568784058094025,0.01258764136582613,0.0009695693152025342,0.6211387515068054
1086,0.036307066679000854,0.06301871687173843,0.1240321695804596,-0.01333619561046362,1.7944544553756714,1.7357149071602431,487.0682530182363,0.9304922819137573,0.05026169493794441,0.01912657730281353,0.005095922388136387,0.00047107425052672625,0.8868820667266846
1087,0.02760644443333149,0.06445229798555374,0.12403217703104019,-0.015292556025087833,2.194478988647461,2.334683053403306,596.0932703564838,0.8832640647888184,0.08450090885162354,0.032070282846689224,0.014701688662171364,0.0003764445136766881,0.8020340800285339
1088,0.018484339118003845,0.0640527531504631,0.1210852861404419,-0.1711641103029251,2.94797420501709,3.465244428707226,850.0942349614326,0.7533490657806396,0.18740715086460114,0.05902012810111046,0.07786605507135391,0.00014202384045347571,0.5787006616592407
1089,0.013227245770394802,0.05367698892951012,0.09965957701206207,-0.012165332213044167,3.0381104946136475,4.058062415804792,1657.9119727704585,0.3988359570503235,0.46637648344039917,0.12816259264945984,0.009690206497907639,0.004284212365746498,0.2779005467891693
1090,0.011746170930564404,0.059596430510282516,0.10160611569881439,-0.14039474725723267,3.327392578125,5.073690043972927,1818.034332296811,0.34245702624320984,0.4929145276546478,0.14227479696273804,0.08074014633893967,0.002414196729660034,0.14108498394489288
1091,0.015421491116285324,0.056608088314533234,0.1048031747341156,-0.11178804188966751,3.059083938598633,3.6707272911556212,1267.3681355457975,0.5679317712783813,0.33303770422935486,0.08613640069961548,0.033002715557813644,0.0009314767085015774,0.4694690406322479
1092,0.011840105056762695,0.0419546402990818,0.07849401235580444,-0.07166787981987,2.9492475986480713,3.543434800147757,1795.571793703232,0.3687671720981598,0.46063461899757385,0.14698167145252228,0.07188701629638672,0.006594776641577482,0.19931752979755402
1093,0.0130010349676013,0.040785226970911026,0.07947051525115967,-0.1411561220884323,2.9051289558410645,3.1370753997209544,1663.876825037191,0.41848739981651306,0.43293553590774536,0.12869711220264435,0.05266045406460762,0.002783829113468528,0.27895015478134155
1094,0.017273636534810066,0.06284621357917786,0.11568380892276764,-0.1186724603176117,2.943769693374634,3.6382734723456203,1084.0842017749267,0.6478757858276367,0.26265302300453186,0.08639871329069138,0.08250433951616287,0.00044058565981686115,0.4663882851600647
1095,0.013144459575414658,0.045263372361660004,0.08317049592733383,-0.22830043733119965,2.9790728092193604,3.4435323946582703,1449.424192632099,0.5011412501335144,0.36379992961883545,0.12498738616704941,0.07442233711481094,0.004837765824049711,0.30827897787094116
1096,0.029221264645457268,0.06525377929210663,0.12403217703104019,-0.040636613965034485,2.186448574066162,2.2330922388746743,621.7250892175201,0.8654231429100037,0.10217004269361496,0.03185516223311424,0.02432890422642231,0.00027070665964856744,0.774639904499054
1097,0.01697409898042679,0.05990709736943245,0.11349304020404816,-0.15178364515304565,3.0277304649353027,3.529324144685579,1054.8388364596244,0.6673480272293091,0.24344326555728912,0.08919098228216171,0.02853769063949585,0.00034987955586984754,0.4507843852043152
1098,0.015233103185892105,0.05090446025133133,0.09925033897161484,-0.2178199291229248,2.857104778289795,3.341699956128045,1266.4886038303234,0.5577971339225769,0.3355799913406372,0.09352031350135803,0.28884828090667725,0.0019677835516631603,0.19256684184074402
1099,0.01346671488136053,0.050956547260284424,0.09160095453262329,-0.18495872616767883,3.05129337310791,3.783888476545249,1661.360981167825,0.41151300072669983,0.44999200105667114,0.11753232777118683,0.015339942649006844,0.00578272482380271,0.28873372077941895
1100,0.013711701147258282,0.04238235950469971,0.08310820162296295,-0.19731763005256653,2.9191832542419434,3.09096289704967,1592.208810114859,0.45365890860557556,0.4103810489177704,0.11094305664300919,0.04702859744429588,0.004055515397340059,0.32098209857940674
1101,0.016175853088498116,0.05478822812438011,0.107799232006073,-0.18459908664226532,2.8679580688476562,3.3870379399000847,1235.1832533947102,0.6056022644042969,0.2878667414188385,0.09423186630010605,0.044950660318136215,0.0008140996797010303,0.4901101887226105
1102,0.01271761953830719,0.048667289316654205,0.0905572921037674,-0.085563525557518,3.2419450283050537,3.826760909636822,1762.1711023284645,0.37017229199409485,0.47565707564353943,0.13272987306118011,0.040567707270383835,0.0021131315734237432,0.21486367285251617
1103,0.02850661613047123,0.06329023838043213,0.1240321695804596,0.0029675010591745377,2.1368162631988525,2.2201947115904743,574.2058810447869,0.8893625736236572,0.08199471980333328,0.028425399214029312,0.00456592720001936,0.000481678667711094,0.8326767683029175
1104,0.011623293161392212,0.039213452488183975,0.07840874791145325,0.010128532536327839,3.089808702468872,3.3736955560117163,1967.3188724267186,0.29148808121681213,0.5233286619186401,0.1617102324962616,0.025628166273236275,0.0051553207449615,0.16963016986846924
1105,0.015405239537358284,0.05911127105355263,0.10439866781234741,-0.10401803255081177,2.7672252655029297,3.8370887324645935,1307.576063832225,0.5693536400794983,0.31950029730796814,0.09606786072254181,0.01912391372025013,0.000505493488162756,0.46962040662765503
1106,0.014663553796708584,0.06250075995922089,0.11135869473218918,-0.07677232474088669,2.968266725540161,4.262320091121951,1438.196305225595,0.504577100276947,0.37641963362693787,0.11258984357118607,0.020375041291117668,0.003041355637833476,0.39522939920425415
1107,0.01604820229113102,0.056409984827041626,0.10904315114021301,-0.12273935973644257,2.8975720405578613,3.515034506681248,1297.7167589156609,0.5809835195541382,0.3118523359298706,0.09461288154125214,0.023469747975468636,0.0014384646201506257,0.4922010004520416
1108,0.012542236596345901,0.05569413676857948,0.09451168775558472,0.04905754327774048,3.049272060394287,4.440526722352302,1797.3950572634699,0.35716310143470764,0.4872237741947174,0.13659264147281647,0.027211185544729233,0.0009163250797428191,0.24000297486782074
1109,0.020961301401257515,0.059571925550699234,0.11863833665847778,-0.06927768886089325,2.647836446762085,2.841995561605893,834.1841533988629,0.7606229186058044,0.17918100953102112,0.06003018841147423,0.03244807571172714,0.0010693380609154701,0.6054906249046326
1110,0.012178927659988403,0.04139890521764755,0.08140221238136292,-0.07775644958019257,3.055927038192749,3.399224165708506,1705.5751165843121,0.38045552372932434,0.4644205868244171,0.13439872860908508,0.16326215863227844,0.004508731886744499,0.12363678216934204
1111,0.01641417294740677,0.058652497828006744,0.10456030815839767,-0.29110148549079895,2.75604248046875,3.573283772040419,1131.0472520331832,0.6439764499664307,0.26717767119407654,0.08049988746643066,0.06762760877609253,0.0010293824598193169,0.5314472317695618
1112,0.0132898585870862,0.05520708113908768,0.10549050569534302,-0.1271391361951828,3.445352077484131,4.154075889759918,1773.6548798014562,0.3791685700416565,0.46717724204063416,0.1346449851989746,0.03110276348888874,0.009544571861624718,0.25727421045303345
1113,0.013198896311223507,0.045877180993556976,0.08977877348661423,-0.07792475819587708,2.9086358547210693,3.475834638618237,1552.3624763786304,0.45720815658569336,0.4089435040950775,0.1107553243637085,0.0016679444815963507,0.00353118684142828,0.3613540828227997
1114,0.0221124105155468,0.06128647178411484,0.12139313668012619,0.07079868018627167,2.511287212371826,2.7715871021051255,723.4922382237247,0.8175914287567139,0.13221047818660736,0.05002375692129135,0.02357824333012104,0.000747759360820055,0.685393750667572
1115,0.016595862805843353,0.05903258174657822,0.11000843346118927,-0.23073650896549225,3.0099427700042725,3.557066145559842,1275.7607119067466,0.5730727910995483,0.3278592526912689,0.09347166866064072,0.026328708976507187,0.006084797903895378,0.46141570806503296
1116,0.02040938101708889,0.06334884464740753,0.11368010938167572,-0.18798097968101501,2.4470958709716797,3.1039081778747373,845.6553187104751,0.7695119380950928,0.16917848587036133,0.05888129025697708,0.023510823026299477,0.0004409800749272108,0.6821895837783813
1117,0.013830548152327538,0.04709646850824356,0.08979478478431702,-0.06639616191387177,3.0077743530273438,3.4052495957589697,1575.0912316025037,0.431992769241333,0.4397350251674652,0.11826565116643906,0.08149711787700653,0.005228371825069189,0.2559018135070801
1118,0.02363933064043522,0.0642964243888855,0.1240321695804596,-0.07255742698907852,2.336432456970215,2.719891919282443,663.469589523214,0.8469293713569641,0.11194632202386856,0.04105500504374504,0.051080867648124695,0.0008802360971458256,0.7318335175514221
1119,0.028498847037553787,0.06503470987081528,0.1240321695804596,-0.10464076697826385,2.3131937980651855,2.2820119628992384,583.5822665273179,0.8849673271179199,0.08040962368249893,0.034558847546577454,0.008513297885656357,0.0006678503123112023,0.8181641697883606
1120,0.012502205558121204,0.05183561146259308,0.09237950295209885,-0.060483261942863464,3.186066150665283,4.146117356451198,1763.1290995974653,0.3704875111579895,0.47599467635154724,0.13856838643550873,0.021457286551594734,0.003040159586817026,0.2636129856109619
1121,0.014606691896915436,0.0511612631380558,0.09448283910751343,-0.1193835437297821,2.8953187465667725,3.502590695799997,1348.707865318297,0.533032238483429,0.36045482754707336,0.09975137561559677,0.0006251524901017547,0.0024482966400682926,0.40844225883483887
1122,0.02569369040429592,0.0634707510471344,0.12403217703104019,-0.11681465804576874,2.345316171646118,2.4702855076844843,573.4863415654655,0.882233738899231,0.08669561892747879,0.031047949567437172,0.04966012388467789,0.0008020247332751751,0.776030421257019
1123,0.012783585116267204,0.04891761764883995,0.0930696502327919,-0.011045640334486961,3.1592962741851807,3.8265961543734184,1702.720326816019,0.37561535835266113,0.4869581460952759,0.12886959314346313,0.022844986990094185,0.002928644185885787,0.24390827119350433
1124,0.01668033003807068,0.061936333775520325,0.1132761687040329,-0.15776632726192474,2.73337984085083,3.713135988943,1095.659400016191,0.6768864393234253,0.23317869007587433,0.07256621867418289,0.009567220695316792,0.0018870076164603233,0.6115903258323669
1125,0.011354384943842888,0.03887784108519554,0.0759747177362442,-0.09213566035032272,3.1426198482513428,3.42403760961563,1826.9253104439947,0.33544737100601196,0.5075749754905701,0.14074866473674774,0.04687773436307907,0.006113652605563402,0.18286976218223572
1126,0.016799911856651306,0.04953498765826225,0.09512951970100403,-0.1809503734111786,2.52378249168396,2.9485266397812784,1015.7613620387721,0.6940333247184753,0.22257138788700104,0.07423119992017746,0.06653705984354019,0.00023709589731879532,0.5464629530906677
1127,0.013964052312076092,0.050409428775310516,0.09515123814344406,0.03213262930512428,2.9542720317840576,3.6099427046765338,1494.1399847245405,0.4775993227958679,0.3937389552593231,0.11089584976434708,0.07417765259742737,0.003853290341794491,0.3217940032482147
1128,0.017300670966506004,0.055686429142951965,0.10715512931346893,-0.1404569149017334,2.641732692718506,3.2187439000222486,1109.0080917354285,0.6586197018623352,0.25701096653938293,0.07631197571754456,0.024235917255282402,0.0033733074087649584,0.5733794569969177
1129,0.025476526468992233,0.06349427998065948,0.1240321695804596,0.0886097252368927,2.309629201889038,2.4922659710085213,569.5778315438874,0.8859853148460388,0.08083485811948776,0.03316746652126312,0.07885782420635223,0.00026732514379546046,0.7352092266082764
1130,0.03031703270971775,0.06608349084854126,0.1240321695804596,-0.17546822130680084,2.3186159133911133,2.179747981245515,619.0206270213237,0.8616318702697754,0.10415509343147278,0.03375472128391266,0.03535059094429016,0.0012480122968554497,0.755673885345459
1131,0.013237767852842808,0.041413262486457825,0.08255741000175476,-0.12808720767498016,3.1351609230041504,3.1284173392144745,1524.066993794973,0.462686151266098,0.4091499447822571,0.112701416015625,0.04682458937168121,0.002646486973389983,0.3305123746395111
1132,0.019383717328310013,0.06319241970777512,0.11373154819011688,-0.37702861428260803,2.689835786819458,3.2600774471789378,794.412549841756,0.7847400903701782,0.1591292768716812,0.05341494455933571,0.06599798053503036,0.0003364632138982415,0.6596086025238037
1133,0.013504856266081333,0.049806296825408936,0.08947369456291199,-0.07750403881072998,2.938890218734741,3.688028649872707,1586.6905491232912,0.45577001571655273,0.4085177183151245,0.10946638882160187,0.008483083918690681,0.0031574100721627474,0.34679871797561646
1134,0.014054972678422928,0.04786515608429909,0.09174366295337677,-0.13123558461666107,2.945979118347168,3.405567351573418,1473.106065338398,0.48902997374534607,0.3821204900741577,0.11623441427946091,0.08973383158445358,0.001765167573466897,0.32926076650619507
1135,0.01398841105401516,0.05414013937115669,0.0981442853808403,-0.12946008145809174,3.023066997528076,3.870356622937974,1438.3024375561185,0.5117025971412659,0.36887145042419434,0.1000286266207695,0.05604447051882744,0.004690117202699184,0.3763444721698761
1136,0.01491205021739006,0.06362057477235794,0.1189407929778099,-0.2105095088481903,3.3667125701904297,4.266386837532161,1303.9047842996995,0.5675261616706848,0.3274325430393219,0.08975788950920105,0.06888876110315323,0.002518648747354746,0.41741839051246643
1137,0.016205061227083206,0.05493451654911041,0.10136380791664124,-0.20376203954219818,2.877662181854248,3.3899604435871837,1110.4983635156077,0.6418418884277344,0.272477924823761,0.08125089108943939,0.05132310837507248,0.00034901461913250387,0.5194917321205139
1138,0.014910762198269367,0.051149722188711166,0.09749175608158112,-0.201947882771492,2.8905532360076904,3.4303895069306063,1347.9321066797893,0.5482317805290222,0.3417208790779114,0.09491726011037827,0.02324298955500126,0.003644796321168542,0.4551083445549011
1139,0.01221389602869749,0.045109450817108154,0.0845370814204216,-0.0956411212682724,3.180649518966675,3.6932892426320585,1796.6971990945824,0.352276086807251,0.4841591417789459,0.15185879170894623,0.08844374865293503,0.008550248108804226,0.15573148429393768
1140,0.02214844897389412,0.05984646454453468,0.1195976585149765,0.12142854928970337,2.5707879066467285,2.70206119680761,678.5895017341982,0.8391453623771667,0.11738719791173935,0.0434659868478775,0.0177162978798151,0.0009787989547476172,0.736724317073822
1141,0.014694469049572945,0.05178288370370865,0.09773334115743637,-0.12083118408918381,2.985633134841919,3.5239710618662747,1382.1740252831646,0.5518165826797485,0.32745206356048584,0.09632685035467148,0.08423303812742233,0.0009833172662183642,0.4046819806098938
1142,0.014826341532170773,0.0550876259803772,0.09981374442577362,-0.2402796596288681,3.0206243991851807,3.715523877359118,1263.2605107046334,0.5776731371879578,0.31780683994293213,0.09710158407688141,0.10615479946136475,0.005575678776949644,0.36632686853408813
1143,0.0154977235943079,0.04974311217665672,0.09734226763248444,-0.1404287964105606,2.8519058227539062,3.2097044363158584,1280.7163288871557,0.5790598392486572,0.3144674003124237,0.09529705345630646,0.01488529797643423,0.004008374642580748,0.4912372827529907
1144,0.013919530436396599,0.04717874899506569,0.09164410084486008,-0.13109831511974335,2.905228853225708,3.389392279233353,1435.3692502709873,0.5085736513137817,0.36830809712409973,0.11022108048200607,0.027079571038484573,0.002710603177547455,0.40036964416503906
1145,0.01898178458213806,0.06473825126886368,0.12403217703104019,-0.05705137550830841,3.0267364978790283,3.4105460940891774,935.0208789808837,0.7308375835418701,0.1989528089761734,0.06951197981834412,0.045688446611166,0.0006180246127769351,0.5641921162605286
1146,0.012987423688173294,0.045066267251968384,0.0851389691233635,-0.07503589987754822,2.8077235221862793,3.4699928431176827,1652.2047164287494,0.3935795724391937,0.48363006114959717,0.11408137530088425,0.04912441223859787,0.0035391985438764095,0.2460879236459732
1147,0.016019828617572784,0.0635998323559761,0.11490234732627869,-0.19199518859386444,3.275869846343994,3.9700694601839164,1327.4079139033379,0.553822934627533,0.3387598693370819,0.09921284765005112,0.04683466628193855,0.002830539597198367,0.4350319802761078
1148,0.014701273292303085,0.04865377023816109,0.09143821895122528,0.06500077992677689,2.8535001277923584,3.309493624632125,1146.7634433299618,0.6334157586097717,0.2739254832267761,0.08639900386333466,0.0484725646674633,0.0011052490444853902,0.4789302349090576
1149,0.01578691601753235,0.056730009615421295,0.09893497079610825,-0.2590247094631195,2.966783285140991,3.5934827010434227,1204.6778658240785,0.5888516902923584,0.31494903564453125,0.08852747082710266,0.07305718958377838,0.008602074347436428,0.4145301580429077
1150,0.012571805156767368,0.04432324320077896,0.08822347223758698,-0.011578134261071682,2.9974021911621094,3.5256069152005804,1715.1191812777931,0.3936823606491089,0.45816972851753235,0.1268625408411026,0.07461997121572495,0.0027973076794296503,0.23626133799552917
1151,0.0309146735817194,0.06425867974758148,0.12403217703104019,0.011252960190176964,2.10976243019104,2.0785818609936944,565.4041866772876,0.8908458352088928,0.0786765068769455,0.03031313791871071,0.02792108990252018,0.0002732044376898557,0.8079712986946106
1152,0.016392381861805916,0.05879223719239235,0.10463621467351913,-0.3646152913570404,2.9541194438934326,3.58655854191581,1164.7956041489663,0.6134858131408691,0.29063934087753296,0.08328880369663239,0.15833571553230286,0.002800023416057229,0.39745715260505676
1153,0.0171721912920475,0.06046713888645172,0.11693403869867325,-0.07671910524368286,2.813145875930786,3.521224394404052,1191.4324465877316,0.614341676235199,0.29066553711891174,0.08935252577066422,0.0459890216588974,0.0004505701654125005,0.4958665072917938
1154,0.014410478994250298,0.05039419233798981,0.09460373222827911,-0.10793960839509964,3.000140428543091,3.4970518575128393,1419.1274215446276,0.5103057026863098,0.38068297505378723,0.09746459126472473,0.04756530746817589,0.002387115266174078,0.3755095899105072
1155,0.020467733964323997,0.06329675018787384,0.1240321695804596,-0.04904699698090553,2.661867141723633,3.0925138217601353,892.4992855320687,0.7329521775245667,0.20887289941310883,0.055272843688726425,0.036005277186632156,0.0009622205980122089,0.6456432342529297
1156,0.015032032504677773,0.05132150650024414,0.1022920235991478,-0.15280494093894958,3.0791234970092773,3.4141428633060373,1380.4508564729808,0.5307877063751221,0.3503124713897705,0.10813041031360626,0.11487790197134018,0.0035591113846749067,0.3438211679458618
1157,0.028835482895374298,0.06385504454374313,0.1240321695804596,-0.01469482108950615,2.133930206298828,2.2144607313572027,579.8810760530644,0.8822141289710999,0.09026840329170227,0.02732047252357006,0.02286340668797493,0.0004483863594941795,0.8030939102172852
1158,0.026521878316998482,0.06479939818382263,0.1240321695804596,-0.051521848887205124,2.399878978729248,2.4432431748187295,637.6101127899874,0.8599686622619629,0.10089927911758423,0.0380517803132534,0.02303980477154255,0.0003490052476990968,0.7771656513214111
1159,0.016272718086838722,0.05616968497633934,0.10293232649564743,-0.12857002019882202,2.732003688812256,3.4517702987995156,1193.9610027406013,0.6232436299324036,0.2826738655567169,0.0835845097899437,0.017415031790733337,0.0028291696216911077,0.5352385640144348
1160,0.016661202535033226,0.0487401969730854,0.09140436351299286,-0.15852907299995422,2.6714866161346436,2.925370894908387,1041.9953604693694,0.6850343942642212,0.23106087744235992,0.07226809859275818,0.055510539561510086,0.003149026306346059,0.5363150238990784
1161,0.044301822781562805,0.06304889917373657,0.1240321695804596,-0.02318633534014225,1.516129732131958,1.4231671568726652,423.26655612975765,0.9615156054496765,0.026385368779301643,0.011988946236670017,0.002109127352014184,7.421831105602905e-05,0.9389251470565796
1162,0.012612203136086464,0.040107499808073044,0.0773545578122139,0.012909031473100185,2.8900420665740967,3.1800550127626828,1738.6860300610902,0.3663803040981293,0.4827048182487488,0.1344924122095108,0.07772824913263321,0.0021941952873021364,0.19509035348892212
1163,0.013384450227022171,0.047587037086486816,0.09345711022615433,-0.08761727809906006,2.9740030765533447,3.5553972166041508,1552.7962863781054,0.426396906375885,0.45091140270233154,0.10814225673675537,0.18932092189788818,0.00319427321664989,0.1432802528142929
1164,0.015313912183046341,0.04543038830161095,0.087265744805336,-0.07804322242736816,2.679039478302002,2.9666089080058335,1343.8458670148154,0.5452409982681274,0.3475026488304138,0.0967157632112503,0.038081590086221695,0.0022834495175629854,0.4301788806915283
1165,0.012296201661229134,0.04104863852262497,0.08048397302627563,-0.08487452566623688,3.037445068359375,3.3383185840808185,1667.2211146388001,0.4321790337562561,0.4128473997116089,0.12094290554523468,0.04659316688776016,0.002840382046997547,0.30845320224761963
1166,0.02100183628499508,0.06383814662694931,0.12333787977695465,0.06629323214292526,2.7288224697113037,3.039645950840942,737.6516458083239,0.7816054821014404,0.16092084348201752,0.05747372657060623,0.30861344933509827,0.002515573753044009,0.3471718728542328
1167,0.017551248893141747,0.06334225833415985,0.1128980964422226,-0.1290569007396698,2.736166000366211,3.608988666060238,1061.960615022875,0.681003749370575,0.23409858345985413,0.0772036761045456,0.037443265318870544,0.0008446504361927509,0.5822022557258606
1168,0.013605981133878231,0.04357493668794632,0.0836867094039917,-0.15724851191043854,2.7723331451416016,3.2026309794186187,1501.7009062186087,0.4883211851119995,0.391533762216568,0.10397238284349442,0.034582946449518204,0.0020942671690136194,0.3898933529853821
1169,0.013073298148810863,0.05325193330645561,0.09808206558227539,-0.053754355758428574,3.1693458557128906,4.073335794550515,1761.0492468937925,0.36275923252105713,0.48548293113708496,0.1341658979654312,0.08365758508443832,0.003944938071072102,0.15271584689617157
1170,0.020959623157978058,0.06404396146535873,0.1240321695804596,-0.0004545589326880872,2.724951982498169,3.055587449239301,776.401211960439,0.7895917296409607,0.1556205153465271,0.05478385463356972,0.07875486463308334,0.001350291888229549,0.6079238057136536
1171,0.024571401998400688,0.0655551627278328,0.12403217703104019,0.15290430188179016,2.3756661415100098,2.667945554324972,699.5006453562024,0.8224241137504578,0.13203656673431396,0.044954147189855576,0.06553568691015244,0.0008689704700373113,0.6813052892684937
1172,0.012930172495543957,0.04474060237407684,0.08657680451869965,-0.11708470433950424,3.03292179107666,3.460170572823784,1593.0437250426917,0.45431578159332275,0.4082251191139221,0.12511597573757172,0.030185667797923088,0.0019445419311523438,0.32634350657463074
1173,0.014500780031085014,0.05141890421509743,0.09580861032009125,0.010686417110264301,2.8835372924804688,3.5459405701849054,1582.3452555601095,0.4468901455402374,0.416623592376709,0.12177059054374695,0.08326772600412369,0.0006518930313177407,0.2733866274356842
1174,0.018124129623174667,0.05919460207223892,0.11049342900514603,-0.16892842948436737,2.743124008178711,3.266065918734264,893.0654591146708,0.7445347309112549,0.18607839941978455,0.06607603281736374,0.08888471126556396,0.000297471066005528,0.5906708836555481
1175,0.01598224975168705,0.05325915291905403,0.10243400931358337,-0.0732177272439003,2.7222607135772705,3.332393983525362,1221.818140084758,0.6000409126281738,0.3076527416706085,0.08441903442144394,0.02099505625665188,0.003184444271028042,0.5056859254837036
1176,0.02388816885650158,0.06300036609172821,0.1240321695804596,0.004789853468537331,2.506732225418091,2.637304117680174,823.0390647093967,0.7714553475379944,0.17741194367408752,0.05039713904261589,0.013058055192232132,0.0021700861398130655,0.6992165446281433
1177,0.020972073078155518,0.06284672021865845,0.1240321695804596,-0.14578646421432495,2.469907522201538,2.9966861159339953,894.5248869492181,0.7488651871681213,0.18614396452903748,0.061655305325984955,0.011358048766851425,0.0030302400700747967,0.6732276082038879
1178,0.02194974571466446,0.0628395825624466,0.12157569825649261,-0.20040634274482727,2.4505763053894043,2.8628843074751917,739.2105133557133,0.811572790145874,0.14250417053699493,0.0433373749256134,0.04327497258782387,0.00024291187583003193,0.7249626517295837
1179,0.012167085893452168,0.039320267736911774,0.07792076468467712,-0.030204573646187782,2.805220365524292,3.2316914730453785,1773.0558689408665,0.361087441444397,0.4924807846546173,0.12439152598381042,0.01808742992579937,0.0012967491056770086,0.2572609782218933
1180,0.012873000465333462,0.05548878014087677,0.10008397698402405,0.006032613106071949,3.2045838832855225,4.310477598909099,1606.0199315876048,0.4448665380477905,0.41882437467575073,0.12119049578905106,0.03700282797217369,0.0038588917814195156,0.3321382999420166
1181,0.013600235804915428,0.04744457080960274,0.0935840830206871,-0.03027474507689476,3.005622386932373,3.4885108969189123,1590.607996260922,0.4212039113044739,0.45345109701156616,0.11814729869365692,0.05138319358229637,0.0024753494653850794,0.2747076749801636
1182,0.01332923024892807,0.04600467532873154,0.09087806940078735,-0.10280882567167282,2.9777379035949707,3.4514127572355346,1466.6224901742314,0.5027316212654114,0.3690183758735657,0.11045458912849426,0.03513335436582565,0.0022540923673659563,0.3944450318813324
1183,0.014643297530710697,0.05486214533448219,0.10396847873926163,-0.010833102278411388,2.916565418243408,3.7465704166480145,1396.7982961664036,0.5435851812362671,0.33347153663635254,0.10633751004934311,0.039514463394880295,0.001604215707629919,0.4382956922054291
1184,0.01319725438952446,0.045042749494314194,0.08803798258304596,-0.058073610067367554,3.1463708877563477,3.4130394217947777,1781.4850009956556,0.34878969192504883,0.4994282126426697,0.12573452293872833,0.006053763907402754,0.0011484037386253476,0.2537855803966522
1185,0.01375831663608551,0.05495002865791321,0.09774550050497055,0.006864271126687527,3.026336669921875,3.993949994565144,1632.8815881777616,0.434133380651474,0.4197935461997986,0.13049326837062836,0.05169184133410454,0.0038346098735928535,0.27391672134399414
1186,0.012130840681493282,0.04789933189749718,0.086911141872406,-0.07988370954990387,3.158017635345459,3.9485583193441385,1878.5714190378205,0.31016531586647034,0.5331721901893616,0.13542978465557098,0.060615431517362595,0.0016386243514716625,0.16523079574108124
1187,0.01281608548015356,0.050736118108034134,0.09446538984775543,-0.12427277863025665,3.173271894454956,3.9587843091904404,1679.2590662027208,0.3943577706813812,0.46046972274780273,0.1274271309375763,0.1089925691485405,0.0009742858237586915,0.19364827871322632
1188,0.030490316450595856,0.06492841243743896,0.12403217703104019,-0.004101675469428301,2.1569623947143555,2.1294765024992266,570.6753478325467,0.8883495926856995,0.08135982602834702,0.030018359422683716,0.03846872225403786,0.0005354611203074455,0.7986805438995361
1189,0.012735007330775261,0.05273726209998131,0.09495101869106293,0.09487385302782059,3.1459550857543945,4.1411253818752005,1707.0609170072862,0.38819169998168945,0.4557875990867615,0.12792152166366577,0.1467539668083191,0.0028271859046071768,0.15131224691867828
1190,0.013974819332361221,0.0499846413731575,0.08887004852294922,-0.28000637888908386,3.062372922897339,3.5767647638801496,1340.535809050479,0.5437888503074646,0.33980000019073486,0.10646001249551773,0.11202605068683624,0.0024477329570800066,0.35486772656440735
1191,0.014127987436950207,0.04474327340722084,0.08598610758781433,0.03368226811289787,2.779356002807617,3.166995554301861,1417.4196234143994,0.4988556206226349,0.38235247135162354,0.10584902763366699,0.19307437539100647,0.002245497889816761,0.23693756759166718
1192,0.02084677293896675,0.061502594500780106,0.11846905201673508,-0.14299751818180084,2.596741199493408,2.9502213449482797,764.4057504000997,0.7961506247520447,0.15227162837982178,0.04815516993403435,0.07058911770582199,0.00013681981363333762,0.6701541543006897
1193,0.0324224978685379,0.06538271903991699,0.1240321695804596,-0.10670612752437592,1.9991830587387085,2.016584881985493,564.5689789468486,0.8943495750427246,0.07666727155447006,0.027753040194511414,0.019508952274918556,8.445115963695571e-05,0.8272754549980164
1194,0.02882782742381096,0.06552168726921082,0.12403217703104019,-0.2704848349094391,2.411735773086548,2.2728624777606004,614.6791337107262,0.8618914484977722,0.10142309218645096,0.036288172006607056,0.0565214604139328,0.0012787446612492204,0.7506990432739258
1195,0.012202072888612747,0.04132350534200668,0.07503858953714371,-0.015381688252091408,2.8085453510284424,3.386597155732787,1673.9458181662196,0.42588213086128235,0.4165341556072235,0.12357473373413086,0.030357079580426216,0.0049927509389817715,0.32272598147392273
1196,0.025050709024071693,0.06492608785629272,0.1240321695804596,-0.2268604338169098,2.418829917907715,2.591786435717738,597.599715848164,0.8767756819725037,0.08745735138654709,0.03573973849415779,0.043472614139318466,0.00018869427731260657,0.7611956596374512
1197,0.017859039828181267,0.06418649107217789,0.11623537540435791,-0.11411339044570923,2.8593719005584717,3.594061701307067,1045.563912512756,0.681544840335846,0.23960082232952118,0.07472338527441025,0.0039467825554311275,0.0018735167104750872,0.5865230560302734
1198,0.012462287209928036,0.051306020468473434,0.08443611115217209,-0.25489744544029236,3.1052634716033936,4.116902427307547,1510.514580669041,0.48003169894218445,0.39011698961257935,0.10752946883440018,0.1075054258108139,0.004951102659106255,0.2802749574184418
1199,0.011540533974766731,0.04162009060382843,0.08240799605846405,0.028310583904385567,2.839120864868164,3.6064267642401937,1913.2421016831224,0.3284010887145996,0.48942747712135315,0.14180560410022736,0.05948321148753166,0.00392756937071681,0.20778623223304749
1200,0.01623855158686638,0.056002479046583176,0.10978157818317413,0.009942148812115192,2.894721269607544,3.448736098386314,1117.9761821871036,0.6381303668022156,0.2735905051231384,0.08600462973117828,0.04893311858177185,0.004013088997453451,0.4938984513282776
1201,0.02019726112484932,0.06151336431503296,0.12019096314907074,-0.1168745681643486,2.6916167736053467,3.0456290054251727,932.139236514653,0.7210104465484619,0.21190273761749268,0.06635420024394989,0.04163479432463646,0.0012365656439214945,0.5608778595924377
1202,0.043432481586933136,0.06380930542945862,0.1240321695804596,-0.06608797609806061,1.5796555280685425,1.4691609389224212,425.9989118265141,0.9573045372962952,0.03044843301177025,0.011884616687893867,0.010235999710857868,0.0004079883801750839,0.9274901747703552
1203,0.029930047690868378,0.06336166709661484,0.1240321695804596,-0.03821904584765434,2.186729907989502,2.116991852098833,554.9857168205314,0.8953272104263306,0.07683982700109482,0.02777538262307644,0.008290445432066917,0.00021329692390281707,0.8477454781532288
1204,0.021756740286946297,0.06499835103750229,0.1240321695804596,-0.11461356282234192,2.7174479961395264,2.987504110324504,817.914715549251,0.7734115719795227,0.16929054260253906,0.05724194273352623,0.047988589853048325,0.0013191797770559788,0.6231242418289185
1205,0.014706793241202831,0.055035993456840515,0.10657666623592377,-0.14107611775398254,3.033533811569214,3.7422157604628867,1490.1277704817558,0.4833710789680481,0.3852270543575287,0.12014466524124146,0.1216120794415474,0.0026540320832282305,0.25974348187446594
1206,0.02945702336728573,0.06501705944538116,0.12403217703104019,-0.09528829157352448,2.2078607082366943,2.2071836190814986,573.3322851187138,0.8897318840026855,0.07972126454114914,0.030397169291973114,0.005832823924720287,0.000500751193612814,0.8377706408500671
1207,0.012810930609703064,0.04496301710605621,0.08945533633232117,-0.14245738089084625,3.215538501739502,3.5097385562678216,1514.1946815887648,0.4817478358745575,0.3796336352825165,0.110580213367939,0.07747471332550049,0.003821352729573846,0.3223220705986023
1208,0.017362061887979507,0.06378679722547531,0.11398578435182571,-0.17499315738677979,2.7668352127075195,3.6739183187662583,1137.0914433056967,0.6333615779876709,0.283063143491745,0.07611497491598129,0.03537948429584503,0.0018719421932473779,0.5198355913162231
1209,0.022610794752836227,0.0652443915605545,0.12403217703104019,-0.08359336107969284,2.64212703704834,2.8855417189386903,789.2926692440843,0.7889612317085266,0.1536749005317688,0.05711377039551735,0.03636150807142258,0.0005002532270736992,0.618842363357544
1210,0.013401789590716362,0.047849420458078384,0.09057837724685669,-0.021181916818022728,2.8079721927642822,3.5703754435642,1633.9409157040564,0.41759243607521057,0.4383750855922699,0.1249823346734047,0.15437676012516022,0.001559712109155953,0.1791495531797409
1211,0.028351038694381714,0.06425082683563232,0.1240321695804596,0.01062051858752966,2.2940917015075684,2.266260066376283,595.7109407708167,0.8770250082015991,0.08867241442203522,0.03356669843196869,0.0162030141800642,0.0003886314807459712,0.807147741317749
1212,0.016498494893312454,0.05129114165902138,0.1019173413515091,-0.10027728974819183,2.6850953102111816,3.1088376235278914,1171.2816501284738,0.6172685027122498,0.2859308421611786,0.08922003954648972,0.09325890243053436,0.0014014545595273376,0.4453974664211273
1213,0.01566253788769245,0.058354660868644714,0.10069508850574493,-0.16537640988826752,2.7861499786376953,3.725747467195198,1198.8830917839773,0.6221827864646912,0.28080758452415466,0.08285269886255264,0.009190237149596214,0.0011343226069584489,0.5360870957374573
1214,0.02405470795929432,0.06439346075057983,0.12403217703104019,-0.04118446633219719,2.3690638542175293,2.67695874158482,685.7746557297897,0.8397636413574219,0.1189812496304512,0.04123801365494728,0.006450600456446409,6.197632319526747e-05,0.7622337937355042
1215,0.019629638642072678,0.05954819545149803,0.10987922549247742,-0.13386285305023193,2.532835006713867,3.0335859225056425,956.4226557033161,0.710983395576477,0.22376996278762817,0.06064514070749283,0.0061616660095751286,0.0006341763655655086,0.6592169404029846
1216,0.0261849332600832,0.06594318151473999,0.1240321695804596,0.10934387147426605,2.4949069023132324,2.518363551177984,650.6692240401812,0.8340815305709839,0.12261556088924408,0.04307090863585472,0.09327759593725204,0.0017761775525286794,0.6581960320472717
1217,0.015167145058512688,0.05246790498495102,0.09821018576622009,-0.16539525985717773,2.8803889751434326,3.4593131917099753,1142.0270632354502,0.6325644850730896,0.2767867147922516,0.08433756232261658,0.039600491523742676,0.0009463791502639651,0.4872167110443115
1218,0.030557889491319656,0.06477301567792892,0.1240321695804596,-0.08289380371570587,2.0854053497314453,2.119682240954789,583.5094271500489,0.8838580846786499,0.08678950369358063,0.029148481786251068,0.010249258950352669,0.0006790125044062734,0.8202689290046692
1219,0.011608530767261982,0.041777513921260834,0.08127099275588989,-0.12055793404579163,3.288883686065674,3.5988631770250907,1894.7795512959399,0.3116096556186676,0.5286564230918884,0.1354762315750122,0.02309347875416279,0.0033907219767570496,0.2016422152519226
1220,0.012405738234519958,0.04424140229821205,0.08736000210046768,-0.0121464803814888,2.943419933319092,3.5662047238382484,1701.6060949381902,0.40703967213630676,0.4358569085597992,0.1305842399597168,0.029595058411359787,0.003938261419534683,0.2846772372722626
1221,0.030642690137028694,0.0647483840584755,0.1240321695804596,-0.03247634321451187,2.0156302452087402,2.113012394369396,557.5531601971077,0.9005143642425537,0.07242155820131302,0.026968181133270264,0.006452307105064392,0.0008830538135953248,0.8346639275550842
1222,0.011847458779811859,0.044891297817230225,0.08501233905553818,-0.023578764870762825,3.245830774307251,3.7891077443490375,1922.331469256175,0.30038294196128845,0.5329245328903198,0.14551538228988647,0.05206409469246864,0.0018845332087948918,0.16131801903247833
1223,0.016593176871538162,0.058364685624837875,0.11194151639938354,-0.17138321697711945,3.014387607574463,3.517390676491365,1174.6105329036723,0.6117018461227417,0.2943557798862457,0.08893463015556335,0.07311563938856125,0.001377846347168088,0.44681376218795776
1224,0.01183111872524023,0.03809374198317528,0.07558252662420273,-0.05000608041882515,3.0105948448181152,3.219792047111081,1842.943583573382,0.3397529423236847,0.5020706057548523,0.13252286612987518,0.03339114785194397,0.004888147581368685,0.20681093633174896
1225,0.020882965996861458,0.0651574656367302,0.1240321695804596,-0.16748635470867157,2.722595691680908,3.1201250647730174,757.6215080958925,0.791146457195282,0.15473753213882446,0.054049570113420486,0.10135617107152939,0.0007802713080309331,0.5931481122970581
1226,0.017113251611590385,0.06445932388305664,0.11813689768314362,-0.029122205451130867,2.8726770877838135,3.766632159818961,959.3122925881194,0.703146755695343,0.22189632058143616,0.07478159666061401,0.06131449341773987,0.0003806749591603875,0.5142301321029663
1227,0.014802790246903896,0.051044005900621414,0.09764331579208374,-0.15720456838607788,2.80440092086792,3.448269214504971,1399.0940202305478,0.5286478400230408,0.3587305247783661,0.10060488432645798,0.032247547060251236,0.0022671851329505444,0.4201330542564392
1228,0.017649075016379356,0.05580555275082588,0.10442258417606354,-0.05943093076348305,2.7298784255981445,3.161953399590243,1040.6480667337278,0.6766253113746643,0.24834531545639038,0.06972851604223251,0.004816838074475527,0.0017820331268012524,0.6014265418052673
1229,0.02444308251142502,0.06357947736978531,0.12301699817180634,0.025610174983739853,2.2344276905059814,2.601123542313712,682.4483377718506,0.8403364419937134,0.11552765965461731,0.044084250926971436,0.01565692014992237,0.0008460101671516895,0.7435085773468018
1230,0.012131843715906143,0.04384749382734299,0.08390431106090546,-0.03145909309387207,2.894608974456787,3.614248159679142,1804.653364298298,0.3406156599521637,0.5078996419906616,0.13031189143657684,0.10388913005590439,0.007716504391282797,0.13544292747974396
1231,0.018162738531827927,0.06154996529221535,0.11744454503059387,-0.3476724922657013,2.903886318206787,3.388804236815276,893.635868161676,0.7391595244407654,0.19603599607944489,0.0607365183532238,0.04318784549832344,0.0007170906173996627,0.6296776533126831
1232,0.03082970157265663,0.06314554065465927,0.1240321695804596,-0.039680082350969315,1.9741497039794922,2.0482047321734664,527.0642507536476,0.9069321751594543,0.07094216346740723,0.022104701027274132,0.024964572861790657,0.0005947822355665267,0.8485708832740784
1233,0.012805487029254436,0.04713214561343193,0.08777348697185516,-0.053693369030952454,2.9759559631347656,3.6806210886065336,1666.049935929473,0.40328872203826904,0.4518350064754486,0.12338390946388245,0.0517084114253521,0.003010696731507778,0.270097017288208
1234,0.010782049968838692,0.03883909061551094,0.07622502744197845,-0.01391659863293171,3.0718042850494385,3.6021990923950433,1927.396280226504,0.33503156900405884,0.46550309658050537,0.15602226555347443,0.07756070047616959,0.0012340862303972244,0.17315571010112762
1235,0.020778214558959007,0.06356202065944672,0.12256048619747162,0.05204152315855026,2.5170912742614746,3.0590703775835935,838.840347316012,0.7558498978614807,0.1876474767923355,0.05598553642630577,0.07899157702922821,0.00018022448057308793,0.569208562374115
1236,0.035517990589141846,0.06307709962129593,0.1240321695804596,-0.0009976329747587442,1.8335331678390503,1.775919712045963,480.7927924377642,0.9325271248817444,0.04902169108390808,0.018324527889490128,0.017923105508089066,0.00048238670569844544,0.883830189704895
1237,0.014331943355500698,0.05039171501994133,0.09924908727407455,-0.12553057074546814,3.005051612854004,3.516042016526991,1523.9268873254548,0.4633461833000183,0.41202178597450256,0.1148824542760849,0.0337732769548893,0.0023596426472067833,0.3116753101348877
1238,0.023126794025301933,0.058483727276325226,0.1099269837141037,-0.10041168332099915,2.1346347332000732,2.5288298589857336,690.4070713549245,0.8429071307182312,0.11368081718683243,0.040226250886917114,0.011624596081674099,9.70002292888239e-05,0.7977893352508545
1239,0.015652919188141823,0.054820455610752106,0.10779191553592682,0.02746301144361496,3.026118755340576,3.5022512381447783,1350.9698225440989,0.5263746380805969,0.362440288066864,0.10329782962799072,0.061471812427043915,0.007035162299871445,0.36821913719177246
1240,0.01693718694150448,0.06111114099621773,0.11182548850774765,-0.11606074124574661,2.9354021549224854,3.6081045337497653,1301.417637190635,0.5645862221717834,0.32772761583328247,0.10044160485267639,0.10086933523416519,0.00268883747048676,0.404108464717865
1241,0.021133678033947945,0.06042977422475815,0.11990772187709808,-0.02005552314221859,2.5378146171569824,2.8594063998149197,856.9218971915317,0.7545598149299622,0.1842838078737259,0.05774081125855446,0.029179813340306282,0.0006666896515525877,0.6684299111366272
1242,0.024622952565550804,0.06424456834793091,0.1240321695804596,-0.054856929928064346,2.4421939849853516,2.6091334162420603,617.2370847419259,0.870026707649231,0.09316135942935944,0.036470767110586166,0.013641554862260818,0.0005485484725795686,0.7989397048950195
1243,0.014513485133647919,0.04856614023447037,0.092680424451828,-0.0662812665104866,2.8693840503692627,3.3462769130847034,1423.3460762840054,0.5243374109268188,0.36093923449516296,0.09816480427980423,0.014896824955940247,0.002089299727231264,0.42931437492370605
1244,0.014577723108232021,0.05010872706770897,0.09183202683925629,-0.1832888126373291,2.9232635498046875,3.437349350940497,1326.08302485803,0.5691778659820557,0.316506952047348,0.09740474075078964,0.03624588996171951,0.0005484247230924666,0.4677322506904602
1245,0.01803988218307495,0.05342467874288559,0.10272283107042313,-0.17359137535095215,2.728151321411133,2.9614760339204014,1041.5200853800266,0.6776307821273804,0.24325984716415405,0.07397574186325073,0.0845460444688797,0.003380158916115761,0.5351519584655762
1246,0.02136378176510334,0.06421572715044022,0.12193842977285385,-0.14390653371810913,2.5960118770599365,3.005822089623081,860.4237643847766,0.7533231377601624,0.18706543743610382,0.05867691710591316,0.035940688103437424,0.00026596285169944167,0.6538239121437073
1247,0.014375749044120312,0.06012662500143051,0.1157153844833374,-0.12173669040203094,3.363870859146118,4.182503799469136,1401.3694453935218,0.5001600384712219,0.38861900568008423,0.10686022788286209,0.1467752307653427,0.004334132187068462,0.2574442923069
1248,0.0273151695728302,0.06500932574272156,0.1240321695804596,-0.16327327489852905,2.3501429557800293,2.379971523405988,610.9366369818479,0.8643541932106018,0.09833911061286926,0.037301696836948395,0.10278336703777313,0.0007104875985532999,0.7056404948234558
1249,0.028323251754045486,0.06383038312196732,0.12403217703104019,-0.13253754377365112,2.1620545387268066,2.25363894209628,557.9071979188392,0.8925338983535767,0.07939933985471725,0.028061095625162125,0.0439520962536335,0.0005040659452788532,0.805038332939148
1250,0.01266272272914648,0.047783758491277695,0.08831766247749329,-0.0733117088675499,3.109790802001953,3.773576939935487,1742.3999854353367,0.36329957842826843,0.48902201652526855,0.12160293757915497,0.11082851886749268,0.001501433434896171,0.1594705730676651
1251,0.02562914416193962,0.06510057300329208,0.1240321695804596,-0.051453281193971634,2.373866319656372,2.540099372394539,703.6382360073061,0.835388720035553,0.12143510580062866,0.04291137680411339,0.012168549932539463,0.0001595351059222594,0.735268235206604
1252,0.01506733801215887,0.049036819487810135,0.09667383134365082,-0.07062909752130508,2.864731788635254,3.2545111449006083,1248.4767626016003,0.5606526136398315,0.343282014131546,0.08706831187009811,0.27377408742904663,0.0023437528870999813,0.21766918897628784
1253,0.014067264273762703,0.06068996340036392,0.10925371944904327,0.034633658826351166,3.1156089305877686,4.314269087077891,1433.3084246628075,0.5119039416313171,0.3681020140647888,0.10721928626298904,0.038232672959566116,0.004742286168038845,0.39223119616508484
1254,0.01071964856237173,0.033085647970438004,0.06573900580406189,-0.0888156145811081,2.964477777481079,3.0864489423178747,2052.773851957517,0.27976489067077637,0.5221579074859619,0.159697487950325,0.016449546441435814,0.003316467395052314,0.1713055968284607
1255,0.012602467089891434,0.047821205109357834,0.08451831340789795,0.03668661043047905,3.040940999984741,3.794590754688113,1589.1938112488726,0.4454558193683624,0.42417123913764954,0.11165916174650192,0.017491290345788002,0.0024096048437058926,0.3279106914997101
1256,0.013701586052775383,0.04953876510262489,0.09194136410951614,-0.08311917632818222,2.962790012359619,3.6155496822190747,1540.5160502017002,0.46768373250961304,0.3914166986942291,0.12829233705997467,0.029123464599251747,0.007041808217763901,0.3429217040538788
1257,0.015437234193086624,0.050375573337078094,0.0979190468788147,-0.13606522977352142,2.701017379760742,3.2632512212825615,1263.7950016637549,0.5963045954704285,0.2983677387237549,0.08972514420747757,0.015873486176133156,0.0034219124354422092,0.5031934380531311
1258,0.019701702520251274,0.05509386584162712,0.10662989318370819,-0.10477698594331741,2.5254733562469482,2.796401264418648,959.9134184632088,0.7053971290588379,0.2311226725578308,0.05914241075515747,0.02357545867562294,0.0005936625530011952,0.6318826079368591
1259,0.015122243203222752,0.047064829617738724,0.09326520562171936,-0.09327365458011627,2.7978246212005615,3.1122915418128105,1263.7003214094593,0.5840920805931091,0.3112671375274658,0.092919260263443,0.07635462284088135,0.0043516457080841064,0.43250948190689087
1260,0.013715533539652824,0.04803206026554108,0.09055052697658539,-0.0939856618642807,2.850931406021118,3.502019088296792,1491.4255339691535,0.4744117259979248,0.39760908484458923,0.11056067794561386,0.07923997193574905,0.0006614988087676466,0.3223981559276581
1261,0.011514353565871716,0.04163172096014023,0.07757429778575897,-0.059466779232025146,3.04045033454895,3.615636841300416,2019.3648184428328,0.252057820558548,0.5700402855873108,0.15594367682933807,0.00728173041716218,0.005372131243348122,0.1399000883102417
1262,0.02367539145052433,0.06531168520450592,0.1240321695804596,-0.060863565653562546,2.7546420097351074,2.758631693090796,714.7468220839941,0.8210846781730652,0.1342761516571045,0.044058315455913544,0.02585623599588871,0.0008953257347457111,0.7178606390953064
1263,0.019033901393413544,0.06327348947525024,0.1240321695804596,-0.13698454201221466,2.7263288497924805,3.324252246773803,992.3908858668318,0.7033678889274597,0.2254452109336853,0.06717482954263687,0.008531310595571995,0.0010839956812560558,0.6332828998565674
1264,0.021078042685985565,0.06493969261646271,0.1240321695804596,-0.05591670051217079,2.6095268726348877,3.0809166477568195,752.7181831112271,0.805293619632721,0.14281931519508362,0.05173452943563461,0.06582853198051453,0.0007958661881275475,0.6326752305030823
1265,0.022275462746620178,0.06328079849481583,0.1240321695804596,-0.17235030233860016,2.5494933128356934,2.8408298050542857,759.3229791658354,0.8060362935066223,0.14620015025138855,0.04586194083094597,0.031371183693408966,0.00037392720696516335,0.7136564254760742
1266,0.013896654359996319,0.05122259631752968,0.09915655851364136,0.03870385140180588,3.0519161224365234,3.685966059665118,1730.4157826707876,0.372589647769928,0.48268264532089233,0.131730318069458,0.0845063105225563,4.8994177632266656e-05,0.19695524871349335
1267,0.01232083048671484,0.04178299382328987,0.0804823786020279,-0.12148519605398178,3.0248241424560547,3.3912481682912445,1734.5461107276253,0.3799212872982025,0.46234622597694397,0.13258276879787445,0.03330758586525917,0.001947927987203002,0.22855433821678162
1268,0.016347333788871765,0.05470333620905876,0.1008782684803009,-0.09062379598617554,2.820352554321289,3.3463154855840185,1301.2371821668032,0.5562077760696411,0.34118765592575073,0.0987730547785759,0.04193907231092453,0.0030579380691051483,0.4421296715736389
1269,0.01389619056135416,0.05998329073190689,0.10790233314037323,-0.09456132352352142,3.0249571800231934,4.316527645670476,1418.6191158093395,0.5149295926094055,0.3677380681037903,0.10350322723388672,0.10703569650650024,0.0016294795786961913,0.3367060124874115
1270,0.012573281303048134,0.04341615363955498,0.08642371743917465,-0.041306085884571075,3.2265241146087646,3.4530487777742294,1713.9935952262383,0.39725103974342346,0.45008572936058044,0.1360967457294464,0.015065636485815048,0.0035288673825562,0.2771114408969879
1271,0.034586723893880844,0.06278561800718307,0.1240321695804596,-0.018694298341870308,1.805586814880371,1.815309776028713,470.91883017687474,0.9371723532676697,0.04566304385662079,0.01714266650378704,0.005753892008215189,0.0003544954233802855,0.9050447940826416
1272,0.011986943893134594,0.04314630478620529,0.08445010334253311,-0.15478526055812836,3.1443734169006348,3.5994416230910597,1990.2840231988318,0.28599241375923157,0.539348840713501,0.1444169282913208,0.03760583698749542,0.002745333593338728,0.13812172412872314
1273,0.01538990717381239,0.05490760877728462,0.10447198152542114,-0.26377391815185547,2.953929901123047,3.5677673785549633,1139.6411159775696,0.6068388819694519,0.3105732798576355,0.07636789977550507,0.12431193143129349,0.0010611888719722629,0.42021995782852173
1274,0.031193895265460014,0.06358686834573746,0.1240321695804596,-0.03803480044007301,1.9681166410446167,2.0384395024274733,522.8210634791972,0.9148383140563965,0.062361378222703934,0.022756427526474,0.009484224952757359,4.6619454224128276e-05,0.8686138391494751
1275,0.013808702118694782,0.046608466655015945,0.09152986109256744,-0.053429216146469116,3.101144552230835,3.3752966970400653,1568.4528911137634,0.44100141525268555,0.4287961721420288,0.1257348656654358,0.09114937484264374,0.001654594554565847,0.2605821490287781
1276,0.014116224832832813,0.05028047040104866,0.08961682766675949,-0.22790466248989105,2.969806671142578,3.561892148426244,1588.4545143093683,0.43784356117248535,0.4217790961265564,0.1311497986316681,0.08883047103881836,0.002204956253990531,0.255323201417923
1277,0.02225496433675289,0.0645519495010376,0.1240321695804596,-0.21782918274402618,2.836749792098999,2.9005640504007872,759.7902917942815,0.8006027936935425,0.1396692395210266,0.059692349284887314,0.06449464708566666,0.0009226490510627627,0.6293630599975586
1278,0.015321043320000172,0.05099404603242874,0.09407888352870941,-0.10667182505130768,2.765092134475708,3.3283664150033747,1165.4056912357191,0.6300568580627441,0.2777426242828369,0.07939233630895615,0.07580048590898514,0.0021848909091204405,0.49789321422576904
1279,0.017316605895757675,0.0617193877696991,0.12224765121936798,-0.1685398519039154,3.1773831844329834,3.5641734955263553,1101.6545692702614,0.6451784372329712,0.2611809968948364,0.08640605956315994,0.03341002017259598,0.0010524389799684286,0.523452877998352
1280,0.012943598441779613,0.044138021767139435,0.08741508424282074,-0.01607428304851055,2.894761085510254,3.4100271236211865,1587.5672307179104,0.45137855410575867,0.418355792760849,0.11168210208415985,0.04061855003237724,0.00175247504375875,0.3357035517692566
1281,0.01367959938943386,0.044347748160362244,0.08618100732564926,-0.098530113697052,2.8271830081939697,3.241889392709454,1288.6494626725557,0.5777390003204346,0.31525900959968567,0.08813987672328949,0.023802781477570534,0.0020426122937351465,0.4776857793331146
1282,0.013392250053584576,0.0461743138730526,0.09009494632482529,0.05169590562582016,3.02825927734375,3.4478383904761185,1763.0431805768253,0.376544713973999,0.46812930703163147,0.14212572574615479,0.05845224857330322,0.0025235519278794527,0.2008219212293625
1283,0.01269260048866272,0.04466066136956215,0.08722832798957825,-0.035864733159542084,2.9356577396392822,3.5186376035340663,1542.0472464516463,0.4380074143409729,0.44228336215019226,0.10817302018404007,0.050120964646339417,0.0037145563401281834,0.2866112291812897
1284,0.014564291574060917,0.059190381318330765,0.1058223620057106,-0.2856912314891815,3.31752872467041,4.064075551720283,1354.2706783349347,0.5341753363609314,0.3520680367946625,0.10688354074954987,0.08559685200452805,0.0029513186309486628,0.3603791296482086
1285,0.032333794981241226,0.06456055492162704,0.1240321695804596,-0.0680956020951271,2.0162296295166016,1.996689685113851,538.5259657948093,0.9057565331459045,0.06854596734046936,0.025476649403572083,0.012428302317857742,0.0003296339709777385,0.8562371730804443
1286,0.017530769109725952,0.057486552745103836,0.10782179236412048,-0.24896030128002167,2.7953007221221924,3.2791803019030983,1061.5015207393546,0.6677402257919312,0.24638114869594574,0.08049098402261734,0.08721152693033218,0.003175692167133093,0.48830318450927734
1287,0.030470851808786392,0.06508778780698776,0.1240321695804596,-0.08069197088479996,2.1182069778442383,2.1360672229741664,603.1526237233711,0.8766255378723145,0.09279122948646545,0.029078371822834015,0.02192295715212822,0.0008693832787685096,0.7944820523262024
1288,0.01831553876399994,0.05484350025653839,0.10844723135232925,-0.20535604655742645,2.806997060775757,2.9943700242845996,1071.2063214603484,0.6647106409072876,0.2529732286930084,0.07671710103750229,0.06060662120580673,0.004227811936289072,0.5430713295936584
1289,0.037280257791280746,0.0647415816783905,0.12403217703104019,-0.0804874449968338,1.8151968717575073,1.7366184010614836,481.0493569320988,0.9328001737594604,0.047531839460134506,0.0188540481030941,0.007624740246683359,0.0004656566015910357,0.8933722972869873
1290,0.027622243389487267,0.06385042518377304,0.12403217703104019,0.009778598323464394,2.4054205417633057,2.311558271395229,608.0671287773042,0.8670333027839661,0.0979594960808754,0.035007163882255554,0.019923418760299683,0.0013147143181413412,0.8001470565795898
1291,0.01649286039173603,0.06285949051380157,0.12184543907642365,-0.00920065026730299,2.8400497436523438,3.8113152610863583,984.3796485496433,0.6881610751152039,0.23647639155387878,0.07530394196510315,0.09212049096822739,0.0012687155976891518,0.48317670822143555
1292,0.024855641648173332,0.0626661628484726,0.1240321695804596,-0.13153661787509918,2.2993099689483643,2.5212047925770125,678.1009893670813,0.838595449924469,0.12281937152147293,0.03777057304978371,0.01801050268113613,0.0003077525179833174,0.778572678565979
1293,0.013134591281414032,0.05987795442342758,0.10397644340991974,0.017707979306578636,3.0968942642211914,4.558798453332801,1779.6158197282523,0.33744585514068604,0.5171898603439331,0.1356123834848404,0.1090831309556961,0.003460127394646406,0.11480141431093216
1294,0.02036062628030777,0.060724854469299316,0.12025529146194458,-0.1761169582605362,2.515359878540039,2.982464961063022,843.2408254118197,0.7634975910186768,0.1810292899608612,0.05304579809308052,0.04109200835227966,0.0007973297615535557,0.6718300580978394
1295,0.01774064637720585,0.05526856333017349,0.10919498652219772,-0.07028811424970627,2.7011637687683105,3.1153635640959623,940.7597089879605,0.7108966708183289,0.21310663223266602,0.07598999887704849,0.04598438739776611,0.0015863938024267554,0.5342860221862793
1296,0.02711053378880024,0.06543013453483582,0.12403217703104019,0.0047679985873401165,2.2183620929718018,2.413457995410349,631.2129062993826,0.8672584295272827,0.09519708901643753,0.03748878464102745,0.006789166014641523,0.0011697945883497596,0.7824321985244751
1297,0.019204609096050262,0.060231439769268036,0.11362946033477783,0.0778990089893341,2.6276767253875732,3.1363012631441327,784.8572651523201,0.7833356857299805,0.156485453248024,0.05991077050566673,0.11485793441534042,0.0007045894162729383,0.5744386315345764
1298,0.01582021452486515,0.060465626418590546,0.1158272922039032,-0.012192502617835999,2.904669761657715,3.822048450716815,1223.6238831091762,0.5977010726928711,0.30277812480926514,0.09180597960948944,0.05841550976037979,0.002852882258594036,0.4535636007785797
1299,0.014285078272223473,0.05182616412639618,0.09907183051109314,-0.04428815469145775,2.9661388397216797,3.6279930102687103,1445.0748718507286,0.4959295988082886,0.39113113284111023,0.10441610962152481,0.046599775552749634,0.0011189463548362255,0.3476661741733551
1300,0.014933099038898945,0.05147908627986908,0.09590863436460495,-0.1591205596923828,2.8840172290802,3.447314327878284,1325.6888448254604,0.5437914133071899,0.3498634696006775,0.09071130305528641,0.16215777397155762,0.0020879083313047886,0.3139457702636719
1301,0.01682550646364689,0.05955401062965393,0.11547727882862091,0.023326922208070755,2.868765354156494,3.539507755964823,1215.3588897467457,0.6154891848564148,0.28331953287124634,0.09195969253778458,0.015579991973936558,0.0025796485133469105,0.5184808969497681
1302,0.019491571933031082,0.05975952744483948,0.11878751218318939,0.029542705044150352,2.701463460922241,3.0659162661223354,786.6797634230122,0.7790207266807556,0.1643102765083313,0.05659910663962364,0.10386043041944504,0.0007093293243087828,0.558286190032959
1303,0.01905878260731697,0.058435048907995224,0.11456848680973053,-0.06950057297945023,2.5566816329956055,3.0660430998617425,936.5944333450744,0.734388530254364,0.1935821920633316,0.06703150272369385,0.019565332680940628,0.0020057668443769217,0.6401261687278748
1304,0.026521338149905205,0.06556200236082077,0.1240321695804596,0.03342709690332413,2.2946360111236572,2.472047299716778,650.7762592197013,0.8537633419036865,0.10840561240911484,0.03779308870434761,0.011566301807761192,4.385525608086027e-05,0.7910319566726685
1305,0.0179781261831522,0.059752579778432846,0.1157214418053627,-0.18690139055252075,2.753045082092285,3.3236266764611444,985.1439849240514,0.6995599269866943,0.22594735026359558,0.07025865465402603,0.12174518406391144,0.002299252664670348,0.4954131841659546
1306,0.016630612313747406,0.06063533201813698,0.10751286149024963,-0.05041017010807991,2.8595762252807617,3.6460071866607002,1222.1885521383856,0.6041697263717651,0.2981043756008148,0.08940225094556808,0.011536533944308758,0.0017035756027325988,0.515699028968811
1307,0.015948964282870293,0.049959227442741394,0.09948509186506271,-0.1421252340078354,2.873382329940796,3.1324433708379917,1142.0897311046347,0.6306215524673462,0.27961552143096924,0.08167582750320435,0.06380477547645569,0.0008169245556928217,0.49386733770370483
1308,0.03731771558523178,0.06381423771381378,0.1240321695804596,-0.03176696598529816,1.77138090133667,1.7100252979407395,462.9967189473869,0.9417686462402344,0.04007192701101303,0.017631668597459793,0.018534021452069283,0.00013932118599768728,0.8891195058822632
1309,0.015589850023388863,0.05815693363547325,0.1004486083984375,-0.353942334651947,3.027970790863037,3.730435735077128,1134.0183101144069,0.6212471127510071,0.283237099647522,0.08958512544631958,0.10097631067037582,0.002688275184482336,0.45052847266197205
1310,0.027623502537608147,0.06449295580387115,0.12403217703104019,-0.027535539120435715,2.3705432415008545,2.3347131926421065,664.3460751003178,0.8426781892776489,0.11918355524539948,0.03780980035662651,0.04800301045179367,0.0009244444663636386,0.7195016741752625
1311,0.01762336492538452,0.06030398979783058,0.11326806992292404,0.0012009072815999389,2.7757959365844727,3.421820409991482,862.6863578592428,0.7625135779380798,0.17222453653812408,0.06526027619838715,0.017649102956056595,0.001160364132374525,0.6450115442276001
1312,0.020443188026547432,0.06322817504405975,0.11958904564380646,-0.14653003215789795,2.587031364440918,3.0928725480027413,854.5720665073643,0.7607194781303406,0.17868055403232574,0.05869749188423157,0.031263161450624466,0.0011239292798563838,0.6732586026191711
1313,0.01494823768734932,0.06001003459095955,0.10892784595489502,0.020959725603461266,2.9114632606506348,4.014522369933378,1510.5740315295247,0.46733564138412476,0.4042697548866272,0.12158752232789993,0.10836194455623627,0.0027014166116714478,0.2829757332801819
1314,0.013070791959762573,0.04156862571835518,0.08031532168388367,-0.0575859360396862,2.9790263175964355,3.1802683298105214,1732.7948919697324,0.37306371331214905,0.46654441952705383,0.14133617281913757,0.1521948128938675,0.0022734440863132477,0.11886829882860184
1315,0.021662892773747444,0.0592404268682003,0.11833041906356812,0.07967393845319748,2.580822467803955,2.734649868057197,753.7967733700369,0.7957673072814941,0.15236520767211914,0.050891757011413574,0.08179207146167755,0.0005548279150389135,0.6126148700714111
1316,0.019293595105409622,0.0637095496058464,0.11764270812273026,-0.16197893023490906,2.7728404998779297,3.302108770007366,1063.6458204258097,0.669610857963562,0.25329822301864624,0.07527944445610046,0.03814888745546341,0.000547064293641597,0.5471623539924622
1317,0.020486166700720787,0.06302264332771301,0.1240321695804596,-0.09568091481924057,2.593447685241699,3.076351190797411,894.1198658329149,0.7504010796546936,0.1848093420267105,0.06004955247044563,0.03303159400820732,0.001577685005031526,0.6628025770187378
1318,0.012848768383264542,0.050962042063474655,0.09397876262664795,-0.07152939587831497,3.1023945808410645,3.966297822434574,1566.0486474363533,0.45611563324928284,0.4064983129501343,0.11931131035089493,0.023715129122138023,0.003429971169680357,0.33484306931495667
1319,0.032372746616601944,0.0627928078174591,0.1240321695804596,-0.0007016039453446865,2.0215353965759277,1.939681194159687,483.68694891174823,0.932111918926239,0.04774197190999985,0.020085757598280907,0.007661793380975723,0.00044782753684557974,0.886788547039032
1320,0.014930696226656437,0.04980286583304405,0.09425593912601471,-0.1209290623664856,2.8748157024383545,3.335602377389018,1344.3135966520013,0.5572950839996338,0.3314836025238037,0.0954255536198616,0.06473970413208008,0.002657619770616293,0.4307715594768524
1321,0.03777895122766495,0.06408493965864182,0.1240321695804596,-0.05377103388309479,1.7794630527496338,1.6963133590118586,492.3834336797283,0.9244481921195984,0.056528449058532715,0.018321234732866287,0.027377692982554436,0.00039018294773995876,0.8606022596359253
1322,0.0185097586363554,0.05980003997683525,0.11251428723335266,-0.1204390600323677,2.7764973640441895,3.2307304027265937,1055.8240746866607,0.6612016558647156,0.26096367835998535,0.07613367587327957,0.04740374535322189,0.0003692468744702637,0.517797589302063
1323,0.012408902868628502,0.04476899281144142,0.08633317798376083,-0.15049774944782257,3.172776222229004,3.6078123329513754,1737.1694214292647,0.36843815445899963,0.48246607184410095,0.12842488288879395,0.07890721410512924,0.0013751558726653457,0.1881236433982849
1324,0.013048413209617138,0.046334922313690186,0.09201280772686005,-0.01946660876274109,3.19350528717041,3.551000536677419,1613.1914615778746,0.4513379633426666,0.4116130769252777,0.11286677420139313,0.04493735730648041,0.0024746800772845745,0.32575660943984985
1325,0.016105584800243378,0.058003488928079605,0.10338287800550461,-0.2820628881454468,3.0196785926818848,3.601451896586931,1116.0816225959736,0.6391608715057373,0.27533090114593506,0.0810336023569107,0.06099455803632736,0.0006183641962707043,0.47576799988746643
1326,0.015901196748018265,0.05246059224009514,0.09952889382839203,-0.11930707097053528,2.8013837337493896,3.2991599983400017,1181.6020411208697,0.6221644282341003,0.2857152223587036,0.08197835087776184,0.08230212330818176,0.0004192419582977891,0.4761583209037781
1327,0.0209775660187006,0.06266119331121445,0.1174619048833847,-0.271382600069046,2.50970196723938,2.9870573760734507,818.251321430161,0.7829519510269165,0.15473909676074982,0.057412683963775635,0.03730800375342369,0.0010572163155302405,0.6943051815032959
1328,0.011262128129601479,0.03554186969995499,0.06918099522590637,-0.0439591109752655,2.883152723312378,3.155875096411001,2051.063872648827,0.23743318021297455,0.5806401371955872,0.14723540842533112,0.07605471462011337,0.002681576181203127,0.05439264327287674
1329,0.018463585525751114,0.05464940890669823,0.10615052282810211,-0.11687270551919937,2.6856703758239746,2.959848119831275,899.1827612234179,0.728087306022644,0.20425426959991455,0.06761465221643448,0.0348627083003521,0.00037167893606238067,0.5597019195556641
1330,0.011433348059654236,0.04102656617760658,0.0782431811094284,-0.055892229080200195,3.0290181636810303,3.5883247811541716,1904.0303476053434,0.30589136481285095,0.53001469373703,0.14975588023662567,0.027135107666254044,0.0021390430629253387,0.17685601115226746
1331,0.01539706252515316,0.04493541270494461,0.08940105140209198,-0.09814561903476715,2.6623520851135254,2.918440619996065,1246.5930076194818,0.6018584370613098,0.2927120625972748,0.09196551889181137,0.030970541760325432,0.0037530281115323305,0.4970545172691345
1332,0.015674592927098274,0.05832725763320923,0.10600842535495758,-0.20594757795333862,2.892122507095337,3.721133805564532,1190.1291041668158,0.5997602939605713,0.30315548181533813,0.09134675562381744,0.16221003234386444,0.002119154669344425,0.3410952687263489
1333,0.01178058236837387,0.04240746423602104,0.08385086059570312,0.03794815018773079,3.079529047012329,3.599776556570604,1937.1820651445828,0.3193260729312897,0.49644309282302856,0.156124547123909,0.06209997460246086,0.004808500874787569,0.16624566912651062
1334,0.014970657415688038,0.049360960721969604,0.0953509658575058,-0.19312475621700287,2.9464356899261475,3.297180567831719,1291.0599579864306,0.5702952146530151,0.3224466145038605,0.09278508275747299,0.07237917184829712,0.0018025233875960112,0.39174866676330566
1335,0.013647524639964104,0.046186644583940506,0.08618682622909546,-0.14037726819515228,2.987305164337158,3.3842506827434264,1550.9445221867466,0.44827160239219666,0.41592541337013245,0.12155982106924057,0.11394403129816055,0.004671643488109112,0.266071617603302
1336,0.02003517560660839,0.06254957616329193,0.11476562917232513,-0.10690055787563324,2.472655773162842,3.1219879170681506,927.1880462765836,0.7310611009597778,0.20455533266067505,0.05946413427591324,0.026329128071665764,0.0017678015865385532,0.6386721730232239
1337,0.013476134277880192,0.04787171259522438,0.08762334287166595,-0.09419462829828262,2.8769853115081787,3.5523327094068042,1505.436749572967,0.47258028388023376,0.3973674476146698,0.11788428574800491,0.021485337987542152,0.0017951310146600008,0.3702014982700348
1338,0.016193149611353874,0.05084416642785072,0.0985674113035202,-0.13003723323345184,2.6238203048706055,3.139856522356919,1209.4210541879872,0.6046606302261353,0.30574125051498413,0.08159971982240677,0.031557295471429825,0.00117920758202672,0.49814993143081665
1339,0.016501352190971375,0.057902056723833084,0.1106962263584137,-0.1967678964138031,2.7605679035186768,3.508927998761517,1254.4571042302252,0.5839765071868896,0.315865695476532,0.08821529150009155,0.05722607299685478,0.0030827540904283524,0.43584221601486206
1340,0.013966470025479794,0.05391890928149223,0.09615840017795563,-0.10120296478271484,3.0222744941711426,3.860596784961728,1568.4345468880024,0.45283043384552,0.4125494062900543,0.12166180461645126,0.056133393198251724,0.0003805553715210408,0.29598453640937805
1341,0.025073617696762085,0.06215488165616989,0.1240321695804596,-0.10495975613594055,2.2659225463867188,2.478895642638655,653.9970724761165,0.8511636853218079,0.11077170073986053,0.036322806030511856,0.0454760417342186,0.0004831381083931774,0.7719224691390991
1342,0.013070396147668362,0.05449691787362099,0.09738335013389587,-0.04625411704182625,3.215789318084717,4.169492435711158,1472.1940108407073,0.5085688233375549,0.3662388324737549,0.10014084726572037,0.021583182737231255,0.002243578201159835,0.41869351267814636
1343,0.03553749620914459,0.06394939124584198,0.12403217703104019,-0.03783305361866951,1.9304085969924927,1.7994906244291595,493.4453811371131,0.9272555112838745,0.05298924818634987,0.019164305180311203,0.008409729227423668,0.0007738164276815951,0.8766419291496277
1344,0.015250819735229015,0.0592636875808239,0.11729355156421661,0.16075095534324646,3.285722255706787,3.885934566523025,1183.6160115239234,0.6158605813980103,0.29427921772003174,0.08985836803913116,0.004297935403883457,0.0021283100359141827,0.471832811832428
1345,0.012340104207396507,0.03994210064411163,0.07974732667207718,-0.07601972669363022,2.942713737487793,3.236771745973916,1663.1829348180831,0.4081712067127228,0.45056217908859253,0.12557129561901093,0.07346291095018387,0.004435648676007986,0.22490155696868896
1346,0.013025030493736267,0.04234159365296364,0.08313466608524323,-0.08973603695631027,3.0354535579681396,3.250786527530581,1590.5702578950613,0.4649488925933838,0.38450291752815247,0.12791337072849274,0.10055585205554962,0.002193577354773879,0.29150742292404175
1347,0.02043931558728218,0.06504608690738678,0.1240321695804596,0.04613790288567543,2.6823463439941406,3.182400439312047,886.5514145647999,0.7456240057945251,0.18956460058689117,0.06476817280054092,0.029357733204960823,0.0013208779273554683,0.5887590050697327
1348,0.013267668895423412,0.05422530323266983,0.10237711668014526,-0.009037886746227741,2.959754228591919,4.087025660346968,1618.1604510742463,0.4338587820529938,0.41786304116249084,0.13612154126167297,0.025265885517001152,0.0018446199828758836,0.31125059723854065
1349,0.03026648983359337,0.06481616199016571,0.1240321695804596,-0.043300043791532516,1.9777671098709106,2.141515661194496,537.4551180652506,0.9118332862854004,0.05919777601957321,0.02850395068526268,0.013992991298437119,0.0002612311509437859,0.8444950580596924
1350,0.018961217254400253,0.06426124274730682,0.1173633486032486,-0.1432001292705536,2.8172335624694824,3.389088468410692,900.8245552050141,0.7411851286888123,0.19362519681453705,0.06516645848751068,0.026982158422470093,0.0013089637504890561,0.5794856548309326
1351,0.021570395678281784,0.06297452002763748,0.12308163940906525,-0.05615643039345741,2.453023910522461,2.9194884027150265,753.1579206157231,0.8084905743598938,0.14132557809352875,0.047666922211647034,0.014784208498895168,0.0005200370796956122,0.7410471439361572
1352,0.023529520258307457,0.06357868760824203,0.1240321695804596,0.20827724039554596,2.4044086933135986,2.7020817639956993,649.868500903672,0.8461231589317322,0.11231766641139984,0.041531141847372055,0.08392895758152008,0.001997860847041011,0.7008864283561707
1353,0.029664887115359306,0.06431055814027786,0.1240321695804596,-0.050989001989364624,2.204437732696533,2.167901663944391,600.4959403851515,0.8803631663322449,0.08555492013692856,0.03353942185640335,0.024530528113245964,0.00034264425630681217,0.7939682006835938
1354,0.012623390182852745,0.04441988468170166,0.08674779534339905,-0.08775477111339569,2.7921204566955566,3.5188553973814036,1871.6379810239534,0.31407490372657776,0.5363693237304688,0.12594658136367798,0.019122380763292313,0.005981631111353636,0.2022181749343872
1355,0.017445208504796028,0.05805297568440437,0.11098001152276993,-0.11819715052843094,2.7893471717834473,3.3277318333636856,1158.0055723515836,0.611190676689148,0.30410176515579224,0.07798174768686295,0.07743002474308014,0.0014847628772258759,0.4673497676849365
1356,0.023341726511716843,0.06422704458236694,0.12403217703104019,-0.05893103778362274,2.397932529449463,2.7515978540565675,670.7996684949178,0.8449996709823608,0.11301514506340027,0.04193500429391861,0.053768932819366455,0.0012129615060985088,0.7001826763153076
1357,0.01447556633502245,0.05253595486283302,0.10168714821338654,-0.15391559898853302,3.0775644779205322,3.6292849373428164,1166.0688119211625,0.6135402917861938,0.2879917621612549,0.09118634462356567,0.116151824593544,0.00037409793003462255,0.3993981182575226
1358,0.014378375373780727,0.05983366072177887,0.10990577191114426,-0.16426363587379456,3.063465118408203,4.161364490923325,1430.7942039503682,0.4876077473163605,0.3933831751346588,0.10765523463487625,0.19293223321437836,0.005203125532716513,0.19510221481323242
1359,0.016291404142975807,0.05164571478962898,0.10268084704875946,-0.05555741488933563,2.8424153327941895,3.170120533086548,1203.8066851886106,0.5934696197509766,0.3069184124469757,0.09362560510635376,0.1577662229537964,0.0029263433534651995,0.34143027663230896
1360,0.013886573724448681,0.05391694977879524,0.09646601229906082,-0.03733256831765175,3.0211029052734375,3.882667592797673,1700.1319112489618,0.3889696002006531,0.47396963834762573,0.12260205298662186,0.04113030806183815,0.0021614425349980593,0.24203544855117798
1361,0.01187945157289505,0.05177010968327522,0.09116372466087341,-0.1857357770204544,3.0828118324279785,4.35795452014295,1678.8807253905954,0.3872380256652832,0.4701877534389496,0.12190001457929611,0.09040548652410507,0.0017598242266103625,0.18546783924102783
1362,0.01642591319978237,0.05606267601251602,0.10590507835149765,-0.15458258986473083,2.75986909866333,3.4130629650378124,1361.3089711793805,0.5290952920913696,0.3627926707267761,0.10403582453727722,0.01505638100206852,0.004206424113363028,0.430493026971817
1363,0.017926909029483795,0.06428000330924988,0.11410091817378998,-0.17629948258399963,3.103609800338745,3.5856713056302687,931.3517859540342,0.7138141393661499,0.21309177577495575,0.07308398187160492,0.10679610073566437,0.001442071283236146,0.4734346270561218
1364,0.01582770049571991,0.05407452955842018,0.10756710171699524,-0.13614295423030853,2.8745973110198975,3.4164488751620268,1125.9559032818415,0.6348283290863037,0.27722519636154175,0.08401407301425934,0.019163481891155243,0.00030445741140283644,0.49447935819625854
1365,0.01607445441186428,0.04828678071498871,0.09162167459726334,-0.1923307180404663,2.702022075653076,3.003945233521899,1190.3848560594993,0.6188504099845886,0.2923334836959839,0.07831495255231857,0.022083301097154617,0.00510805007070303,0.528423547744751
1366,0.02038845233619213,0.05941671505570412,0.11880859732627869,0.050900254398584366,2.6920924186706543,2.9142337080346974,861.1598108719758,0.7655892968177795,0.17287153005599976,0.0614410899579525,0.039239633828401566,0.00025567621923983097,0.5698893666267395
1367,0.01575949601829052,0.05466242879629135,0.10710829496383667,-0.10407490283250809,2.8737030029296875,3.4685391416947238,1260.3282610036708,0.586395800113678,0.30718493461608887,0.09395556151866913,0.12650519609451294,0.004010428208857775,0.40408119559288025
1368,0.017738979309797287,0.05570116266608238,0.11052470654249191,-0.03866031765937805,2.929597854614258,3.1400432736385477,1190.1967417905123,0.6105561852455139,0.2996350824832916,0.0845244899392128,0.00549987331032753,0.004121718462556601,0.5338183641433716
1369,0.03586706891655922,0.06318074464797974,0.12403217703104019,-0.0937739908695221,1.8740911483764648,1.7615251693189997,469.62315868628434,0.935308575630188,0.046501487493515015,0.017949210479855537,0.015062572434544563,0.00038545625284314156,0.8939566612243652
1370,0.012489795684814453,0.04382435232400894,0.08270056545734406,-0.009166060946881771,2.9781205654144287,3.5088125880060126,1838.690349391851,0.34872329235076904,0.4863266944885254,0.14540992677211761,0.05689263343811035,0.0055259279906749725,0.18641307950019836
1371,0.033569205552339554,0.06441069394350052,0.12403217703104019,-0.16832904517650604,2.136570930480957,1.9187434698493415,510.57109623376465,0.9122352004051208,0.06268797814846039,0.02492494136095047,0.02418089471757412,0.0009293198818340898,0.8532657623291016
1372,0.020613528788089752,0.06346451491117477,0.11651162058115005,-0.22222183644771576,2.49725079536438,3.078779745114045,871.1154995316305,0.7458170056343079,0.196793794631958,0.055868349969387054,0.06544968485832214,0.0002186484489357099,0.6049902439117432
1373,0.03569350391626358,0.06438452750444412,0.12403217703104019,-0.03211800381541252,1.807431697845459,1.8038163934167246,497.79040626961347,0.9287838935852051,0.050151243805885315,0.020542975515127182,0.001983423251658678,0.0007156248902902007,0.8897501230239868
1374,0.014028247445821762,0.05297919362783432,0.09943868219852448,0.004929232876747847,3.0801937580108643,3.776608149283628,1512.054852567988,0.4766533672809601,0.3928454518318176,0.11714930832386017,0.10205741971731186,0.0048243701457977295,0.29510945081710815
1375,0.014218201860785484,0.05624641850590706,0.1036306843161583,-0.161717489361763,3.109743118286133,3.955944573911386,1488.4154077532248,0.46904319524765015,0.4150296151638031,0.10795547813177109,0.029101353138685226,0.0018513641552999616,0.3463485538959503
1376,0.01788158528506756,0.05948453024029732,0.1068500429391861,-0.24432556331157684,2.8055219650268555,3.3265803500456252,1038.203305237712,0.6742337942123413,0.2442835569381714,0.07612577825784683,0.1658458411693573,0.0018645067466422915,0.4458972215652466
1377,0.02788165956735611,0.06351429969072342,0.1240321695804596,-0.07454957067966461,2.082137107849121,2.2779956671879056,544.9092393069865,0.9005551934242249,0.07316979765892029,0.026252904906868935,0.049982570111751556,4.091131268069148e-05,0.8137221932411194
1378,0.01706499606370926,0.06209603697061539,0.11449635773897171,-0.2645690441131592,2.913865089416504,3.638795856450925,1110.8859700095516,0.6444206237792969,0.26925674080848694,0.0805717408657074,0.05910686030983925,0.0014082487905398011,0.49874347448349
1379,0.020971298217773438,0.0631040409207344,0.11804981529712677,-0.08939886093139648,2.4406890869140625,3.009066976323091,807.1147487012782,0.7861982583999634,0.15385976433753967,0.05633363872766495,0.050519343465566635,0.0002756374015007168,0.6817149519920349
1380,0.017983311787247658,0.06231465935707092,0.11860871315002441,-0.2627348005771637,2.8211257457733154,3.4651381286618417,1055.1586445656797,0.6656927466392517,0.25703826546669006,0.07333999872207642,0.06521736085414886,0.0028109909035265446,0.5311198234558105
1381,0.013272860087454319,0.05156555399298668,0.09780579805374146,-0.03126108646392822,2.8481075763702393,3.8850371095105625,1814.4582804326578,0.3493459224700928,0.48701897263526917,0.14427897334098816,0.08857958763837814,0.0013836153084412217,0.16035760939121246
1382,0.015173889696598053,0.06391456723213196,0.11777478456497192,-0.023059580475091934,3.0709500312805176,4.21214128386931,1383.792502008252,0.5352065563201904,0.34770122170448303,0.10860341042280197,0.013006656430661678,0.001512521062977612,0.42388108372688293
1383,0.013668096624314785,0.047791313380002975,0.08749203383922577,-0.15919837355613708,2.835613489151001,3.4965595203276747,1367.7154867343227,0.5310787558555603,0.3594720959663391,0.09519005566835403,0.11653881520032883,0.0017316133016720414,0.34527942538261414
1384,0.019065165892243385,0.06258609145879745,0.11883796006441116,-0.27480655908584595,2.990257501602173,3.282745705400744,858.3410165175944,0.7369392514228821,0.19725994765758514,0.06418720632791519,0.1680378019809723,0.0029061732348054647,0.4854617416858673
1385,0.012113585136830807,0.04272295907139778,0.08426462113857269,-0.08551980555057526,2.9832911491394043,3.526863317943232,1937.1385999227057,0.29372090101242065,0.5353031754493713,0.15284495055675507,0.008290627971291542,0.004181594587862492,0.17549224197864532
1386,0.025247180834412575,0.06474275141954422,0.1240321695804596,-0.011910886503756046,2.4641871452331543,2.564355673673228,669.6641506775287,0.8299915194511414,0.1312997043132782,0.03857448324561119,0.01141862478107214,0.001839069533161819,0.742919385433197
1387,0.013950042426586151,0.05547063425183296,0.09955765306949615,-0.17244528234004974,3.1478464603424072,3.9763774583323137,1452.1061011315162,0.49391213059425354,0.37664827704429626,0.11315254122018814,0.09708745777606964,0.0023189231287688017,0.2954769730567932
1388,0.022418832406401634,0.06369288265705109,0.12403217703104019,-0.060517702251672745,2.7941854000091553,2.8410437037757026,714.9362014310361,0.811499297618866,0.14505676925182343,0.04337199404835701,0.04767202213406563,0.00037563094520010054,0.6668866872787476
1389,0.015061273239552975,0.06218911334872246,0.10881683230400085,-0.1998516470193863,3.0887792110443115,4.1290741065155245,1224.4708954538335,0.5934525728225708,0.3086528480052948,0.0902368426322937,0.04099350422620773,0.0016425123903900385,0.4881993532180786
1390,0.013357632793486118,0.051598772406578064,0.09970147907733917,0.08427326381206512,3.0239834785461426,3.8628680096579284,1635.954280432492,0.4261169731616974,0.4273969531059265,0.12197727710008621,0.08806370198726654,0.002925050677731633,0.24543596804141998
1391,0.013211573474109173,0.052659060806035995,0.09907715022563934,-0.057727571576833725,3.1677887439727783,3.9858281002824194,1589.9754682087694,0.4502594470977783,0.4077123701572418,0.13084951043128967,0.046042975038290024,0.00214579445309937,0.3085247278213501
1392,0.03290296718478203,0.06310626864433289,0.12403217703104019,0.0011660271557047963,1.9353907108306885,1.917950690830165,518.3084695327748,0.9152642488479614,0.062441375106573105,0.02229025401175022,0.011300896294414997,0.00021219666814431548,0.8693198561668396
1393,0.014862791635096073,0.05533468350768089,0.10422201454639435,-0.020113645121455193,2.9453117847442627,3.7230343304614437,1477.560350703048,0.48429152369499207,0.3850143253803253,0.11979168653488159,0.06433478742837906,0.0015640284400433302,0.32998406887054443
1394,0.023602904751896858,0.06466688960790634,0.1240321695804596,-0.19967253506183624,2.513132333755493,2.7397852207139706,670.8995872662119,0.8455470204353333,0.1127968579530716,0.04151086136698723,0.0283054169267416,0.0005395050975494087,0.7483997344970703
1395,0.026362214237451553,0.0639803484082222,0.1240321695804596,-0.004784109070897102,2.234705924987793,2.4269717190485984,628.7256476637324,0.8655759692192078,0.0984172374010086,0.03596848249435425,0.019168294966220856,0.0005558470147661865,0.7966191172599792
1396,0.014551060274243355,0.05009101331233978,0.09439196437597275,-0.050146326422691345,2.820106029510498,3.4424304734386135,1339.0639587979665,0.5572397708892822,0.32934215664863586,0.1022641733288765,0.020041869953274727,0.0012540718307718635,0.43239501118659973
1397,0.01800226978957653,0.06407143920660019,0.12330354750156403,-0.007205073721706867,3.1785078048706055,3.5590756027964336,1035.2027099361678,0.6739676594734192,0.24229103326797485,0.0832892507314682,0.03826766833662987,0.002446938306093216,0.4950619339942932
1398,0.018663059920072556,0.06285258382558823,0.12244021892547607,-0.1966695934534073,2.8616344928741455,3.3677534172529264,1018.5214520451033,0.6795353293418884,0.24819481372833252,0.0712452083826065,0.0322936475276947,0.0015505480114370584,0.5652488470077515
1399,0.012943189591169357,0.04508005082607269,0.08049347251653671,-0.13486693799495697,3.0341010093688965,3.4829166725137184,1787.5652227720975,0.35759469866752625,0.48561832308769226,0.13698066771030426,0.08385924994945526,0.00427535455673933,0.1671004444360733
1400,0.016226259991526604,0.06317230314016342,0.11301858723163605,-0.2933792769908905,3.11313796043396,3.8932140351047595,1016.6884509717556,0.6805534362792969,0.24407753348350525,0.07229837030172348,0.03908422961831093,0.0006267307908274233,0.5608939528465271
1401,0.012665917165577412,0.04674214497208595,0.0880708172917366,-0.02500440552830696,3.0115511417388916,3.690387704052594,1849.7360386205262,0.3341918885707855,0.5080479383468628,0.1390586644411087,0.024200178682804108,0.0036299603525549173,0.18158257007598877
1402,0.015769580379128456,0.05396698787808418,0.10222943872213364,-0.24403062462806702,2.9364802837371826,3.422220920100639,1330.2097292949393,0.5491535663604736,0.34221151471138,0.10069075226783752,0.06848171353340149,0.0011895271018147469,0.41030988097190857
1403,0.014426742680370808,0.047501642256975174,0.09286820888519287,0.09016110748052597,2.862051010131836,3.2926103491340317,1454.5506802358866,0.4886404275894165,0.38626766204833984,0.11018924415111542,0.03424938768148422,0.004659309983253479,0.3770291209220886
1404,0.013090423308312893,0.04880576953291893,0.09074471890926361,-0.10251922160387039,2.9312825202941895,3.728356859032751,1539.5486034631438,0.45024555921554565,0.42267298698425293,0.11381985247135162,0.11199498921632767,0.0006866478361189365,0.23481333255767822
1405,0.01618395559489727,0.05191943049430847,0.1034860759973526,0.0018779829842969775,2.8551523685455322,3.208080384715734,1194.912360843647,0.6113178730010986,0.2926802933216095,0.08785141259431839,0.06134027987718582,0.002693015616387129,0.4671202301979065
1406,0.02049899660050869,0.06344417482614517,0.1228177398443222,-0.12058757245540619,2.758059024810791,3.0949892845718994,844.3983600129295,0.7552490234375,0.18368461728096008,0.06100477650761604,0.08192258328199387,0.0012838160619139671,0.5589348673820496
1407,0.013746704906225204,0.05529234930872917,0.10202665627002716,-0.017373068258166313,3.1072776317596436,4.0222256665790335,1562.4767325243345,0.4485050439834595,0.41458311676979065,0.1208098903298378,0.028576882556080818,0.003208048176020384,0.3322197198867798
1408,0.02214260771870613,0.06333102285861969,0.12350255995988846,0.01602914184331894,2.5153448581695557,2.8601429271701067,713.9233278281708,0.8153890371322632,0.13882417976856232,0.04558848962187767,0.08057397603988647,0.00040381215512752533,0.6363392472267151
1409,0.01495905127376318,0.05002520605921745,0.09194418042898178,-0.18610864877700806,2.8372726440429688,3.344142963371814,1138.5369577474246,0.6381257176399231,0.274128258228302,0.07909207791090012,0.027425020933151245,0.0014966800808906555,0.5142757892608643
1410,0.018686870113015175,0.0639692023396492,0.122788205742836,-0.06049184501171112,2.9562318325042725,3.4232165124148977,957.2840958172692,0.7183718085289001,0.20975711941719055,0.07185686379671097,0.011484552174806595,0.0029142629355192184,0.5819026827812195
1411,0.021020250394940376,0.06382568180561066,0.11875757575035095,-0.14080262184143066,2.5389328002929688,3.0363901763005288,838.0955376926709,0.7607929110527039,0.18245340883731842,0.0546279139816761,0.031381841748952866,0.0005287407548166811,0.6644061803817749
1412,0.03453454002737999,0.06379657238721848,0.12403217703104019,-0.1160362958908081,1.953186273574829,1.8473265413348887,492.05543300233217,0.9229071140289307,0.05628347396850586,0.02046484686434269,0.01631247252225876,0.0009069889201782644,0.8651139140129089
1413,0.011842051520943642,0.04103158414363861,0.07675781846046448,-0.0005185360205359757,3.0413084030151367,3.46490505193344,1957.9313823531031,0.30865252017974854,0.5110712647438049,0.1491909921169281,0.017152179032564163,0.0028833516407757998,0.18471059203147888
1414,0.015537801198661327,0.05430501326918602,0.1064567118883133,-0.12501952052116394,3.138397216796875,3.4950256198650353,1346.0486286038765,0.5331554412841797,0.35447460412979126,0.10541103780269623,0.09111621230840683,0.0012840639101341367,0.37534549832344055
1415,0.040488194674253464,0.06281466037034988,0.1240321695804596,-0.006468184757977724,1.6162126064300537,1.5514314943941534,430.64383188188293,0.9570140838623047,0.030062802135944366,0.0128079354763031,0.0025918239261955023,0.00016311585204675794,0.9322225451469421
1416,0.016140446066856384,0.06429842859506607,0.1234898716211319,-0.19704769551753998,3.081850051879883,3.983683494542079,1218.7019413902817,0.5812460780143738,0.31846168637275696,0.09756243973970413,0.1568431854248047,0.001910595572553575,0.2968601584434509
1417,0.014387987554073334,0.052797846496105194,0.10542319715023041,-0.11274076998233795,2.9779317378997803,3.6695782710409834,1383.56788690485,0.5411627888679504,0.33181583881378174,0.10421297699213028,0.07017627358436584,0.001507798908278346,0.3931720554828644
1418,0.018353264778852463,0.05360507592558861,0.10677045583724976,-0.13380667567253113,2.690462589263916,2.920737894242897,1066.6473680315144,0.6682690382003784,0.24677565693855286,0.07989621162414551,0.02163926512002945,0.0001418369065504521,0.5671023726463318
1419,0.013593741692602634,0.04245128855109215,0.08454149216413498,0.024654552340507507,3.034010648727417,3.122855318861193,1663.93335197424,0.3969389796257019,0.4682477116584778,0.12231695652008057,0.09155981987714767,0.002861399669200182,0.23122748732566833
1420,0.03191608935594559,0.0631304532289505,0.1240321695804596,-0.011989775113761425,1.9144823551177979,1.97801342523225,503.6011168023787,0.9238125085830688,0.05484771355986595,0.02133321948349476,0.016944164410233498,0.0004778631846420467,0.8756369352340698
1421,0.01633373461663723,0.061506807804107666,0.11505463719367981,-0.20825839042663574,3.0279664993286133,3.765630411167106,1292.0194248518312,0.5666743516921997,0.3299727439880371,0.09576903283596039,0.05135307461023331,0.003772474592551589,0.4497997760772705
1422,0.017947155982255936,0.05929980427026749,0.11690902709960938,-0.02743569202721119,2.95548677444458,3.3041337761588587,1051.237858572519,0.6655357480049133,0.2529505491256714,0.081458680331707,0.030357077717781067,0.0012003221781924367,0.4907740652561188
1423,0.01712782308459282,0.05367577075958252,0.1018206924200058,-0.10316868126392365,2.6410484313964844,3.1338349591392176,1076.0116837605317,0.6656463742256165,0.2503644526004791,0.07955127209424973,0.030948227271437645,0.0034192248713225126,0.5820189118385315
1424,0.011853133328258991,0.047779787331819534,0.08711308985948563,-0.03857219219207764,3.0634262561798096,4.030983707394653,1862.2213551672094,0.31759631633758545,0.5186499357223511,0.14949841797351837,0.022370604798197746,0.002978191478177905,0.1735660284757614
1425,0.03119070641696453,0.06423284858465195,0.1240321695804596,-0.04230452701449394,2.0656745433807373,2.0593585705919293,547.4985061454126,0.9027166366577148,0.06827810406684875,0.028551194816827774,0.012531466782093048,0.00022246278240345418,0.833927571773529
1426,0.016850890591740608,0.05493626743555069,0.10908657312393188,-0.07760880142450333,2.82841420173645,3.260140295446303,1188.5465770187204,0.6235864758491516,0.2760188579559326,0.09091498702764511,0.0493878573179245,0.003621883923187852,0.5116211175918579
1427,0.011836071498692036,0.04234562814235687,0.0820290595293045,-0.028335433453321457,2.834101915359497,3.5776759327162453,1588.6441704203103,0.43823811411857605,0.4307967722415924,0.11883177608251572,0.009049401618540287,0.004484572913497686,0.3092970550060272
1428,0.022302744910120964,0.06255112588405609,0.12126537412405014,-0.11319302767515182,2.3286330699920654,2.8046380000905544,680.0666916596275,0.8353851437568665,0.12219768762588501,0.040327925235033035,0.07834378629922867,0.0006685134139843285,0.6909850239753723
1429,0.022712061181664467,0.06524837762117386,0.1240321695804596,0.05994062498211861,2.506491184234619,2.872851437674722,757.0182217517953,0.8025826215744019,0.14683030545711517,0.0505782775580883,0.03974959999322891,0.0005942393909208477,0.687576413154602
1430,0.028978636488318443,0.06359201669692993,0.1240321695804596,-0.06922367215156555,2.1054446697235107,2.194444749682064,535.0568468638292,0.907566249370575,0.06738665699958801,0.025046613067388535,0.011208856478333473,0.00033624752541072667,0.8501753211021423
1431,0.014841664582490921,0.055631790310144424,0.10495680570602417,-0.12461633235216141,2.835092782974243,3.74835248412946,1355.080187594578,0.5351299047470093,0.3520001471042633,0.10499857366085052,0.0436740443110466,0.0029632968362420797,0.3937944769859314
1432,0.03349993750452995,0.0630987361073494,0.1240321695804596,-0.016702720895409584,1.8488199710845947,1.8835478751843482,513.0207649957226,0.9203402996063232,0.05881807208061218,0.020774133503437042,0.0020402860827744007,0.0008078361279331148,0.8763469457626343
1433,0.035941388458013535,0.06447764486074448,0.12403217703104019,-0.033067043870687485,1.8706523180007935,1.7939664444035828,495.8338616940151,0.9252116680145264,0.05641170218586922,0.018319368362426758,0.004008627962321043,0.0005583728197962046,0.8840646147727966
1434,0.012922841124236584,0.04511552304029465,0.09003131091594696,-0.11957860738039017,3.178011894226074,3.4911458403825804,1554.3869332719971,0.4635750651359558,0.4021907150745392,0.11180751025676727,0.10019697993993759,0.0024481925647705793,0.2634730339050293
1435,0.014742884784936905,0.05872758850455284,0.10262171924114227,-0.16022299230098724,3.0043694972991943,3.9834529915456245,1288.253416703513,0.5753495693206787,0.3162941634654999,0.08822223544120789,0.0716542974114418,0.00446028308942914,0.4484409987926483
1436,0.026368794962763786,0.06455708295106888,0.1240321695804596,-0.11249367147684097,2.3971633911132812,2.4482378902708204,617.9884477458431,0.8664965629577637,0.09649595618247986,0.03672876954078674,0.04475482180714607,0.00018048615311272442,0.7688729763031006
1437,0.017755402252078056,0.059127192944288254,0.11752273142337799,-0.06590196490287781,2.7759616374969482,3.330095939338014,1023.9330450270515,0.6819886565208435,0.2323300838470459,0.0855451300740242,0.05123969167470932,0.0008810582803562284,0.5127260088920593
1438,0.02040754444897175,0.06146607547998428,0.12236777693033218,-0.07874614745378494,2.5912954807281494,3.011929026084732,828.6829795915066,0.763218104839325,0.18185977637767792,0.05215085670351982,0.06320073455572128,0.0011757550528272986,0.6447708010673523
1439,0.015083830803632736,0.05404098704457283,0.10376882553100586,-0.06820027530193329,2.888204336166382,3.5827097071372003,1238.0351004823347,0.5879618525505066,0.3082692325115204,0.10204344242811203,0.06378668546676636,0.002061946550384164,0.4113180339336395
1440,0.018184812739491463,0.061539895832538605,0.11066035181283951,-0.21388815343379974,2.739100456237793,3.384136900981661,931.7805313095549,0.7282381653785706,0.20439721643924713,0.061520304530858994,0.0551750548183918,0.0018648264231160283,0.604508638381958
1441,0.015542262233793736,0.05094585567712784,0.09538717567920685,-0.17807252705097198,2.9189491271972656,3.2778919122261194,1354.336728119299,0.5308840870857239,0.3651410937309265,0.09373471140861511,0.06919372826814651,0.002769240876659751,0.38489413261413574
1442,0.012283643707633018,0.04075486585497856,0.0792706087231636,-0.05058877915143967,2.871157169342041,3.317815692288095,1836.6095565322642,0.3319127559661865,0.5100148320198059,0.14050832390785217,0.05554312467575073,0.003423933871090412,0.16394579410552979
1443,0.013799136504530907,0.043985169380903244,0.08727701008319855,-0.002650138223543763,2.9959099292755127,3.187530564921458,1526.5578445700473,0.459834486246109,0.4098927974700928,0.11542156338691711,0.09852124750614166,0.00398201122879982,0.2591019570827484
1444,0.011869776993989944,0.04091028496623039,0.07993950694799423,-0.008173108100891113,3.008033275604248,3.4465925504327513,1917.9482856293475,0.29481440782546997,0.5366695523262024,0.1442389041185379,0.06174874305725098,0.005894898436963558,0.13151556253433228
1445,0.025947226211428642,0.06444642692804337,0.1240321695804596,0.04401741549372673,2.5094940662384033,2.483750147334582,666.838687825658,0.8349781036376953,0.12306655198335648,0.040959592908620834,0.02803594432771206,0.001090926001779735,0.7305188179016113
1446,0.014786262065172195,0.06186617538332939,0.11166197061538696,-0.040072496980428696,3.051025867462158,4.184030764939975,1301.692522244557,0.576024055480957,0.3147473633289337,0.09784843027591705,0.008237364701926708,0.00250721606425941,0.4792935252189636
1447,0.011755373328924179,0.04429732263088226,0.08690769970417023,0.030410561710596085,3.2736101150512695,3.768261661083968,1873.687115161429,0.3016436696052551,0.5403358340263367,0.1351757049560547,0.031191159039735794,0.0036641214974224567,0.1704297661781311
1448,0.014424605295062065,0.05068473145365715,0.0997631698846817,-0.0641326829791069,2.881108045578003,3.5137690365430063,1430.2626326102204,0.49196648597717285,0.3876397907733917,0.10899219661951065,0.1597045511007309,0.0029853414744138718,0.23340222239494324
1449,0.022016650065779686,0.06288065016269684,0.11991052329540253,-0.09025641530752182,2.4190406799316406,2.8560498519062043,832.8443712983659,0.7657602429389954,0.17775748670101166,0.053905706852674484,0.06868938356637955,0.0034820828586816788,0.641973614692688
1450,0.014945199713110924,0.05275136977434158,0.10044179111719131,-0.31723013520240784,3.121940851211548,3.5296530513764175,1400.103590967397,0.503150463104248,0.3846302628517151,0.10514435172080994,0.11184712499380112,0.00230272370390594,0.31430497765541077
1451,0.02837306447327137,0.06477729976177216,0.12403217703104019,-0.06262847036123276,2.17795467376709,2.2830561647830487,588.7972209053777,0.8786486387252808,0.0911792442202568,0.030168317258358,0.0464869849383831,0.00029587207245640457,0.7721196413040161
1452,0.02094423957169056,0.06421639025211334,0.1240321695804596,-0.01905486173927784,2.56369948387146,3.066064539093883,711.4745615800452,0.8088744282722473,0.14464329183101654,0.04605570435523987,0.006836323533207178,0.0024333945475518703,0.7168546915054321
1453,0.01759037747979164,0.058175064623355865,0.1129545196890831,-0.08354832977056503,3.0413596630096436,3.3072095631194918,1032.7644179245253,0.668922483921051,0.24587169289588928,0.08489745855331421,0.12122607976198196,0.0016817542491480708,0.38892996311187744
1454,0.022983891889452934,0.06271849572658539,0.1226387694478035,-0.01971546933054924,2.4877328872680664,2.7288022422624363,668.1666289218678,0.8403858542442322,0.1197238638997078,0.039855219423770905,0.018627194687724113,0.0006010109791532159,0.751617431640625
1455,0.020359616726636887,0.060518596321344376,0.11719723045825958,-0.042034029960632324,2.442458152770996,2.9724821017477323,860.1826710737462,0.7669839859008789,0.17190241813659668,0.06002805382013321,0.010592969134449959,0.00017304153880104423,0.6958209872245789
1456,0.018643775954842567,0.056594472378492355,0.10827353596687317,-0.055633362382650375,2.5655527114868164,3.035569216908383,924.0811936314321,0.7230824828147888,0.20921538770198822,0.06571180373430252,0.08810584992170334,0.0021218450274318457,0.5397861003875732
1457,0.013811086304485798,0.05022824928164482,0.09165259450674057,-0.16574539244174957,2.9511547088623047,3.636806560371289,1559.9428307437872,0.43444520235061646,0.43186521530151367,0.12802426517009735,0.12065692245960236,0.0032740719616413116,0.20861127972602844
1458,0.017437396571040154,0.06399203091859818,0.12111380696296692,-0.27540427446365356,2.9869329929351807,3.669815654775304,1121.038124614392,0.6411018967628479,0.26002293825149536,0.09457478672266006,0.03723529353737831,0.002347073284909129,0.4843005836009979
1459,0.024416903033852577,0.06516963988542557,0.1240321695804596,-0.12382607161998749,2.471449375152588,2.669037911663192,689.1011079203857,0.836776852607727,0.11957728117704391,0.043355654925107956,0.027260467410087585,0.00043273792834952474,0.7361729741096497
1460,0.028528839349746704,0.06418770551681519,0.12403217703104019,-0.02660963498055935,2.067873239517212,2.249923480155009,558.3647850987148,0.8975504636764526,0.07517370581626892,0.02724805846810341,0.010225358419120312,0.0006577945896424353,0.8429083228111267
1461,0.013647432439029217,0.05627015605568886,0.09726867079734802,-0.047730203717947006,2.9403443336486816,4.123131314476644,1536.8287767781203,0.47555798292160034,0.3871440589427948,0.12415638566017151,0.09433084726333618,0.005223038140684366,0.2812725603580475
1462,0.022844970226287842,0.06548769772052765,0.1240321695804596,-0.04293237254023552,2.5030972957611084,2.866613397565472,782.7870582538221,0.792414665222168,0.15427963435649872,0.05327116325497627,0.010755226947367191,0.001091953250579536,0.6478074789047241
1463,0.014453972689807415,0.05243944004178047,0.0969448909163475,0.0023947046138346195,2.9483091831207275,3.6280295503208912,1459.9695569181827,0.5118416547775269,0.35969290137290955,0.11542246490716934,0.05151011049747467,0.0034434478729963303,0.3857879936695099
1464,0.03582144156098366,0.06419748812913895,0.1240321695804596,-0.012151858769357204,1.8051297664642334,1.7921525580720914,513.4626899664506,0.9170278906822205,0.06186769902706146,0.02066405490040779,0.00655317073687911,0.0006840132991783321,0.8757836818695068
1465,0.024297064170241356,0.06526536494493484,0.1240321695804596,-0.1638408750295639,2.558666467666626,2.6861420163751575,688.1011862620821,0.8178985714912415,0.13533185422420502,0.046578120440244675,0.10948297381401062,0.0008382974774576724,0.6219401359558105
1466,0.013311319053173065,0.05781010538339615,0.09745563566684723,-0.15334755182266235,3.0330967903137207,4.3429283865953785,1310.0690838223072,0.55860835313797,0.3320055305957794,0.10391055792570114,0.04757165536284447,0.0012091855751350522,0.4137953519821167
1467,0.019083771854639053,0.0632835403084755,0.11577709019184113,-0.21798968315124512,2.7146425247192383,3.3160918495143235,966.4934629343384,0.7085311412811279,0.21311715245246887,0.070429228246212,0.13850508630275726,0.0025434871204197407,0.49771982431411743
1468,0.016177818179130554,0.05205993726849556,0.09899644553661346,-0.14845934510231018,2.8259918689727783,3.2179825912764364,1202.3765893059551,0.6101801991462708,0.29203805327415466,0.08507757633924484,0.06991472095251083,0.00364082888700068,0.4675874412059784
1469,0.016943300142884254,0.054489701986312866,0.10646962374448776,-0.1060059517621994,2.8629708290100098,3.216002875684235,1084.5803821274037,0.673114001750946,0.23851671814918518,0.08202888071537018,0.02837226539850235,0.0018593716667965055,0.5756263732910156
1470,0.012844390235841274,0.047799501568078995,0.08962413668632507,0.037945009768009186,3.015040636062622,3.721430187551976,1792.9660003156196,0.3631255030632019,0.47492310404777527,0.1451917290687561,0.1034773662686348,0.004193034954369068,0.151914581656456
1471,0.01500970870256424,0.047226179391145706,0.09134151041507721,0.00879624206572771,2.778592348098755,3.146375477622112,1182.6735297837604,0.6274051666259766,0.2766014337539673,0.08692233264446259,0.06227784976363182,0.0018969826633110642,0.49893513321876526
1472,0.017788490280508995,0.06283901631832123,0.11053432524204254,-0.40930238366127014,2.940603494644165,3.532566020155287,908.3401030001057,0.7294890284538269,0.1984206885099411,0.06375503540039062,0.11062920093536377,0.0010933352168649435,0.5669044256210327
1473,0.013083112426102161,0.05148635432124138,0.0966794341802597,-0.032802727073431015,3.080944061279297,3.9353291969413524,1629.2907479303767,0.4194446802139282,0.43760696053504944,0.13417716324329376,0.017484726384282112,0.0052010188810527325,0.2783280313014984
1474,0.03649801388382912,0.06365828961133957,0.1240321695804596,-0.11488118022680283,1.9098552465438843,1.744157635870701,474.0049535037943,0.9317949414253235,0.04951498657464981,0.01862257346510887,0.016030343249440193,0.0009861738653853536,0.8798931241035461
1475,0.016096079722046852,0.0623747818171978,0.11165401339530945,-0.1902831345796585,2.886223077774048,3.8751536330854344,1240.7832633826736,0.6107693314552307,0.2796146869659424,0.09487949311733246,0.02961309626698494,0.0025533961597830057,0.49905475974082947
1476,0.021458648145198822,0.06400348991155624,0.12289184331893921,-0.0033258881885558367,2.8374624252319336,2.9826431504676965,827.2481153366449,0.7554000020027161,0.1843692660331726,0.05847866088151932,0.14585284888744354,0.0001362945477012545,0.4877757728099823
1477,0.017696764320135117,0.06278443336486816,0.12101555615663528,-0.0946618840098381,2.846325397491455,3.547791688104541,1137.6872549485834,0.6196496486663818,0.2881093919277191,0.0909874439239502,0.029734229668974876,0.0004357274738140404,0.4948514699935913
1478,0.012662779539823532,0.04365767538547516,0.08726859092712402,0.03280698508024216,2.930248260498047,3.4477166126700056,1694.4715558089506,0.40060701966285706,0.4594096541404724,0.12342339009046555,0.0026864735409617424,0.005382345989346504,0.2943551242351532
1479,0.013338685035705566,0.060190171003341675,0.10855431109666824,-0.2269972562789917,3.2659268379211426,4.512451627556208,1586.6168766151827,0.4597903788089752,0.4026588499546051,0.11587005108594894,0.04708485305309296,0.0022639005910605192,0.3382634222507477
1480,0.015704309567809105,0.048934612423181534,0.09717230498790741,-0.0771227553486824,2.8244388103485107,3.115998968867268,1168.7801068046178,0.621092677116394,0.2826298177242279,0.08990617841482162,0.047753702849149704,0.000350365589838475,0.47499880194664
1481,0.0131376376375556,0.05314939469099045,0.09992783516645432,-0.12727725505828857,3.2453112602233887,4.0455823301908245,1566.4573530033572,0.445867657661438,0.42245417833328247,0.1159801334142685,0.03374676778912544,0.0002341718936804682,0.3150571286678314
1482,0.021615326404571533,0.061739783734083176,0.1215549185872078,-0.12777940928936005,2.5677311420440674,2.856296619151179,700.1015747330638,0.8102189302444458,0.136065274477005,0.05344661697745323,0.11563701182603836,7.762298628222197e-05,0.6159010529518127
1483,0.013090182095766068,0.04924999549984932,0.0903768315911293,-0.15849947929382324,3.023772716522217,3.762361374026763,1710.8447620286238,0.3789845108985901,0.4785439372062683,0.1261141002178192,0.06820812076330185,0.0047178855165839195,0.2275555580854416
1484,0.026907261461019516,0.06456159055233002,0.1240321695804596,-0.3682728707790375,2.4399242401123047,2.399411424438746,570.343543883807,0.8770584464073181,0.09068092703819275,0.03209118917584419,0.07060424983501434,0.0006089621456339955,0.7452492713928223
1485,0.02631031908094883,0.06244729086756706,0.12084921449422836,-0.26951920986175537,2.294065475463867,2.373490442022474,603.3096711741878,0.8696425557136536,0.09584726393222809,0.03422649949789047,0.0836028978228569,0.00031661707907915115,0.7397547364234924
1486,0.02219531126320362,0.06558593362569809,0.1239902675151825,0.1373124122619629,2.712482452392578,2.954945431717123,807.2596296728406,0.7791540026664734,0.16414903104305267,0.05643167719244957,0.017902497202157974,0.0007567825959995389,0.6789184212684631
1487,0.018685707822442055,0.062032394111156464,0.11718332767486572,-0.09253276884555817,2.7978363037109375,3.3197775913703444,901.1380053973744,0.7215849161148071,0.21065950393676758,0.06775365769863129,0.12221406400203705,0.0027434590738266706,0.46716320514678955
1488,0.019130807369947433,0.06258884072303772,0.12181788682937622,0.04757031053304672,2.7268993854522705,3.271625682567211,912.5992278176604,0.7314409017562866,0.19757716357707977,0.07016008347272873,0.0717836394906044,0.003683023853227496,0.5331364274024963
1489,0.01650252938270569,0.04800322651863098,0.09527678787708282,-0.07608050853013992,2.5765295028686523,2.9088405421067476,1061.2616633478412,0.6613491773605347,0.2569926381111145,0.07869015634059906,0.10182730853557587,0.0011705972719937563,0.4694797098636627
1490,0.01517208106815815,0.0546465665102005,0.10289306938648224,-0.112263984978199,2.751939058303833,3.601784505441788,1354.157440906715,0.5529613494873047,0.3382354974746704,0.09610558301210403,0.0248117595911026,0.005415911786258221,0.439089834690094
1491,0.016487114131450653,0.058338332921266556,0.10260717570781708,-0.37703827023506165,2.9840426445007324,3.538419911004469,1066.1019304929268,0.6502650380134583,0.2697433531284332,0.07315495610237122,0.1526612490415573,0.0011129096383228898,0.4345833659172058
1492,0.016973191872239113,0.06385254114866257,0.11043284088373184,-0.3213379681110382,2.9129886627197266,3.7619642566661886,1206.853625590648,0.6028317809104919,0.3014839291572571,0.0890333354473114,0.052014727145433426,0.003316056914627552,0.4826422333717346
1493,0.014675160869956017,0.04731188341975212,0.0940215140581131,-0.02839737944304943,2.8825573921203613,3.223943085584041,1698.6457553886237,0.38599440455436707,0.4715041220188141,0.12991465628147125,0.07760367542505264,0.004066042602062225,0.1960785686969757
1494,0.0272670965641737,0.06361601501703262,0.1240321695804596,-0.086489737033844,2.341179609298706,2.333068901009607,571.3647807269907,0.8826391696929932,0.08666343986988068,0.030638689175248146,0.05701622739434242,0.0014671586686745286,0.7719358205795288
1495,0.01750844344496727,0.05877447873353958,0.11444073915481567,0.08637750148773193,2.8281490802764893,3.356921985379411,1050.02810195149,0.6600226759910583,0.2514183223247528,0.08839672058820724,0.13702212274074554,0.0015554248820990324,0.3801648020744324
1496,0.012854361906647682,0.04301212355494499,0.08285631239414215,-0.10120544582605362,2.765537738800049,3.346111138302011,1491.5683555867274,0.4885495901107788,0.38176262378692627,0.11012881994247437,0.040323298424482346,0.0018024406163021922,0.35764482617378235
1497,0.015554487705230713,0.04867660626769066,0.0971493273973465,-0.08671502768993378,2.7999446392059326,3.129425230005621,1250.419816272945,0.5689860582351685,0.34134870767593384,0.08751749992370605,0.05775986611843109,0.0012262999080121517,0.372467577457428
1498,0.012304581701755524,0.04804467782378197,0.08570725470781326,-0.0706716924905777,3.0858521461486816,3.9046169129847543,1826.2633760899441,0.3173047602176666,0.5332733988761902,0.1259126365184784,0.09803109616041183,0.0025711669586598873,0.13516008853912354
1499,0.031097397208213806,0.06429183483123779,0.12403217703104019,-0.04767762869596481,2.0433056354522705,2.067434595850641,544.3782282716718,0.9030046463012695,0.07015564292669296,0.02645830437541008,0.03591148555278778,0.000549547839909792,0.817844033241272
1500,0.012837149202823639,0.04993067681789398,0.09360143542289734,-0.08839086443185806,3.1426918506622314,3.889545570057078,1825.4848300900312,0.32656264305114746,0.5226035118103027,0.13874030113220215,0.07344334572553635,0.003599604358896613,0.1674589067697525
1501,0.02074100449681282,0.0635785236954689,0.12338069081306458,-0.05938826873898506,2.5803465843200684,3.0653541250701424,844.6498358354025,0.7718241214752197,0.17027229070663452,0.057362545281648636,0.04426103085279465,0.0009466067422181368,0.660803496837616
1502,0.01697411574423313,0.050330013036727905,0.0998346284031868,-0.04488132894039154,2.6551015377044678,2.965103678573782,1168.8420207092774,0.6209275126457214,0.2887539267539978,0.08338873833417892,0.08516652882099152,0.0011236503487452865,0.4780549705028534
1503,0.013950135558843613,0.05043872073292732,0.09285460412502289,-0.14529158174991608,3.063894510269165,3.615643770381595,1436.5912686191182,0.4905720055103302,0.3943440616130829,0.10415817052125931,0.07813706994056702,0.002549585420638323,0.318448007106781
1504,0.03583783656358719,0.06437132507562637,0.1240321695804596,-0.02572215534746647,1.8231710195541382,1.7961833426974851,494.88982716679277,0.9318649172782898,0.04761221632361412,0.019872017204761505,0.0025547253899276257,0.00026790014817379415,0.8882089257240295
1505,0.020875627174973488,0.06607814133167267,0.1240321695804596,0.00597035139799118,2.6736559867858887,3.165324843879392,936.5617232440727,0.7101801037788391,0.21921825408935547,0.07055526226758957,0.07803196460008621,0.0015032764058560133,0.5015061497688293
1506,0.013635102659463882,0.05924981087446213,0.10316020250320435,-0.21559523046016693,3.26288104057312,4.345387955622945,1565.2182745967882,0.4395623207092285,0.4257783889770508,0.12106221169233322,0.14557528495788574,0.0015568248927593231,0.1864878386259079
1507,0.019985591992735863,0.06507960706949234,0.12394274771213531,-0.1845080703496933,2.866868734359741,3.256326211897572,906.0133603466185,0.7301915884017944,0.19983896613121033,0.06989769637584686,0.08256223052740097,0.0008281783084385097,0.5434069633483887
1508,0.015347740612924099,0.05384627357125282,0.09724807739257812,-0.13336540758609772,2.8718461990356445,3.5084169667554375,1126.2594570184328,0.6206907033920288,0.2817043960094452,0.08798262476921082,0.2429647445678711,0.004963066428899765,0.310629278421402
1509,0.011943988502025604,0.04324553534388542,0.08220673352479935,-0.07563284039497375,2.9500975608825684,3.6206946559711297,1772.457925538633,0.3720821738243103,0.47456392645835876,0.11794951558113098,0.01775982417166233,0.0016955244354903698,0.26158905029296875
1510,0.013674268499016762,0.04781831055879593,0.08720530569553375,-0.07665737718343735,2.9502038955688477,3.4969556549761553,1803.688472422565,0.3327177166938782,0.5143487453460693,0.14127260446548462,0.006831637118011713,0.004138453863561153,0.22372516989707947
1511,0.012433173134922981,0.04794028028845787,0.08834952116012573,0.08412566035985947,3.2871575355529785,3.8558362989368122,1742.1448894589896,0.3655831217765808,0.49106326699256897,0.12396244704723358,0.08526850491762161,0.0009429698693566024,0.17675583064556122
1512,0.013717208057641983,0.046509213745594025,0.08794095367193222,-0.13455979526042938,2.8494279384613037,3.3905743462345996,1477.1967039876185,0.5130472779273987,0.3521300256252289,0.10947883874177933,0.1038440614938736,0.0016726043540984392,0.31177112460136414
1513,0.016660047695040703,0.05885051563382149,0.11142115294933319,-0.3173098862171173,2.937803030014038,3.5324338025639292,1210.986846091042,0.5779879093170166,0.31746673583984375,0.09950831532478333,0.2939639687538147,0.0020771236158907413,0.20482409000396729
1514,0.01569780893623829,0.05745377019047737,0.10722975432872772,-0.08226434141397476,2.859163522720337,3.6599865892230183,1216.8952904377222,0.6098103523254395,0.298027902841568,0.08182112872600555,0.025811560451984406,0.003947187680751085,0.5136988162994385
1515,0.013456573709845543,0.048617634922266006,0.08894973993301392,-0.06977589428424835,3.027343273162842,3.6129282213258964,1422.7000166837158,0.5265417695045471,0.3438989520072937,0.11010394245386124,0.10416068881750107,0.005823562387377024,0.34284964203834534
1516,0.019264915958046913,0.05893433094024658,0.11713571101427078,0.024447862058877945,2.6210784912109375,3.059153284941827,986.4279514594327,0.7017504572868347,0.22481143474578857,0.07033292204141617,0.05116619914770126,0.0061170910485088825,0.5683953166007996
1517,0.013552197255194187,0.055329885333776474,0.09855613112449646,-0.08727425336837769,3.1650490760803223,4.082724320477797,1653.482953887329,0.41257816553115845,0.44649824500083923,0.1268080621957779,0.06667385250329971,0.0042867036536335945,0.2517240643501282
1518,0.019858069717884064,0.06290339678525925,0.11262275278568268,-0.2801409065723419,2.71592116355896,3.1676491056651477,1009.0860448710636,0.6920320391654968,0.23195159435272217,0.06767063587903976,0.04572925344109535,0.0034586917608976364,0.5925542712211609
1519,0.033243801444768906,0.06422699987888336,0.1240321695804596,-0.010465087369084358,1.9400696754455566,1.9319992625890814,510.2595327433339,0.9205031394958496,0.05835128575563431,0.02099785953760147,0.006965732667595148,0.0005886554718017578,0.8802474141120911
1520,0.014681871980428696,0.04796280339360237,0.09488904476165771,-0.04348249360918999,2.915405035018921,3.2668043594353082,1511.0991391628095,0.46469610929489136,0.41393741965293884,0.11627085506916046,0.023671800270676613,0.003479303326457739,0.36198630928993225
1521,0.013799258507788181,0.04918133094906807,0.0956183522939682,-0.1617940068244934,3.146479845046997,3.56405606270413,1441.743224883448,0.5049543380737305,0.3774065375328064,0.10593460500240326,0.01430448330938816,0.0032929503358900547,0.40173542499542236
1522,0.02081093192100525,0.05928809568285942,0.11694670468568802,0.07055957615375519,2.7713425159454346,2.8488919143581866,774.0175651192093,0.7951645255088806,0.15043988823890686,0.05433071404695511,0.03600883111357689,0.001185088069178164,0.6526260375976562
1523,0.026093412190675735,0.06521078944206238,0.1240321695804596,-0.18598240613937378,2.4144210815429688,2.4991284759172196,671.1981088333861,0.8368014693260193,0.12120775878429413,0.041256923228502274,0.09488541632890701,0.0007691379869356751,0.6626525521278381
1524,0.02494204416871071,0.06251667439937592,0.1240321695804596,-0.15173377096652985,2.2959892749786377,2.506477575534701,666.9859420650049,0.8433096408843994,0.11610031872987747,0.038154490292072296,0.06310966610908508,0.0005717627354897559,0.7398017048835754
1525,0.02535318396985531,0.0646347776055336,0.1240321695804596,-0.034558989107608795,2.3949310779571533,2.549375166441988,691.3216284083418,0.8347240090370178,0.12184642255306244,0.043360717594623566,0.03002075105905533,0.0009846745524555445,0.7481372356414795
1526,0.023337552323937416,0.0645022764801979,0.1240321695804596,-0.13326676189899445,2.615001916885376,2.763883529091172,718.8339720576122,0.822272777557373,0.1308072805404663,0.0469074510037899,0.03998752310872078,0.0008990478236228228,0.692349910736084
1527,0.014746954664587975,0.05057019367814064,0.09638829529285431,0.03232963755726814,2.944484233856201,3.4291957102266144,1301.1823142771434,0.5608445405960083,0.3328232765197754,0.09496809542179108,0.1333000361919403,0.0016249194741249084,0.35571759939193726
1528,0.01795128546655178,0.0630185604095459,0.11912556737661362,-0.2071571797132492,3.0284218788146973,3.5105319072250514,938.1345588475317,0.7037297487258911,0.22371844947338104,0.06949935853481293,0.019129814580082893,0.00039482704596593976,0.6159569025039673
1529,0.017259497195482254,0.06233098357915878,0.11494547128677368,-0.27097463607788086,2.9142727851867676,3.6114020512638563,1084.0470241041114,0.6423355340957642,0.2691071927547455,0.08134940266609192,0.2064686417579651,0.002044571563601494,0.35308098793029785
1530,0.01408082339912653,0.052698712795972824,0.09801359474658966,-0.08014653623104095,3.1538050174713135,3.7425874395597685,1551.4471567141986,0.4478568732738495,0.4256289303302765,0.11142627894878387,0.08812745660543442,0.004484646487981081,0.263790100812912
1531,0.01316589955240488,0.047803789377212524,0.09142953902482986,-0.19901229441165924,3.146594285964966,3.6308790890668625,1463.59258148383,0.5103438496589661,0.36258959770202637,0.10953910648822784,0.010270575992763042,0.0020959775429219007,0.41152989864349365
1532,0.012497714720666409,0.040428563952445984,0.08000560849905014,0.04600934311747551,2.9494569301605225,3.2348765236541865,1748.3341818681113,0.38090723752975464,0.458778977394104,0.13791203498840332,0.036021944135427475,0.0049728271551430225,0.24142299592494965
1533,0.017279159277677536,0.06324116885662079,0.10974431782960892,-0.3300001621246338,2.916518211364746,3.659967932274363,970.8460667145498,0.691579282283783,0.23596583306789398,0.06791500747203827,0.20549507439136505,0.0008493983186781406,0.4065112769603729
1534,0.017999880015850067,0.0543082170188427,0.10366898775100708,-0.14309515058994293,2.5748488903045654,3.0171432791776187,983.2895189600184,0.7110579013824463,0.21288646757602692,0.06649810820817947,0.01842479035258293,0.002758162096142769,0.6375486850738525
1535,0.014160440303385258,0.05765419453382492,0.10201369971036911,-0.049848057329654694,2.9124162197113037,4.071497304781572,1280.349185853924,0.5709436535835266,0.3249388337135315,0.09487621486186981,0.06986840069293976,0.000807231932412833,0.391895055770874
1536,0.013786976225674152,0.044238120317459106,0.08671896159648895,-0.05686115473508835,2.729343891143799,3.208689098329628,1419.8026139479578,0.5312463641166687,0.34752365946769714,0.09994913637638092,0.02923482470214367,0.0042095729149878025,0.42984968423843384
1537,0.015279878862202168,0.05647207796573639,0.10519492626190186,-0.14995411038398743,2.9280078411102295,3.6958459207249024,1231.4715713709509,0.6007827520370483,0.3019181787967682,0.08526113629341125,0.05081243813037872,0.003106675110757351,0.4826902151107788
1538,0.012642554938793182,0.04495611414313316,0.08514395356178284,-0.08611974120140076,3.0447728633880615,3.555935833953243,1742.4490649169134,0.34842854738235474,0.5074161291122437,0.12353810667991638,0.11641742289066315,0.007997136563062668,0.14002376794815063
1539,0.013647018931806087,0.0424758717417717,0.08340050280094147,-0.011582888662815094,2.8803181648254395,3.1124652168294347,1437.531783830693,0.5008299350738525,0.37864184379577637,0.10464616864919662,0.08889183402061462,0.0026951783802360296,0.34926173090934753
1540,0.03208383917808533,0.06528323888778687,0.12403217703104019,-0.008384348824620247,2.021277666091919,2.034770169598139,555.2978177771791,0.8975634574890137,0.07384311407804489,0.028440171852707863,0.02502726949751377,0.0002679254685062915,0.8263864517211914
1541,0.03797787427902222,0.06419189274311066,0.12403217703104019,-0.14234305918216705,1.868182897567749,1.6902444899839484,481.1591127491465,0.9313950538635254,0.04763427749276161,0.02016814798116684,0.02807631529867649,0.0004934750613756478,0.8719720244407654
1542,0.021218059584498405,0.0641520768404007,0.1240321695804596,0.022402720525860786,2.801790237426758,3.0234657689549413,773.5369262480336,0.7880180478096008,0.15535056591033936,0.05657384172081947,0.047494471073150635,0.0006741391262039542,0.6468222737312317
1543,0.019487187266349792,0.05997563898563385,0.11215919256210327,-0.1234065592288971,2.4626872539520264,3.077696034979931,967.3992495050161,0.715601921081543,0.21749624609947205,0.0629817470908165,0.016962338238954544,0.0072942571714520454,0.6265454888343811
1544,0.016457391902804375,0.06086129695177078,0.11557643115520477,-0.09495062381029129,2.9278647899627686,3.698113121903707,1118.9154957186547,0.6346160173416138,0.27499938011169434,0.08792965114116669,0.10679640620946884,0.0014579558046534657,0.4202900230884552
1545,0.017190981656312943,0.06345908343791962,0.11422055959701538,-0.13346776366233826,2.697981595993042,3.6914170873380288,1051.3829901459778,0.6729026436805725,0.2485535442829132,0.0719393789768219,0.040790967643260956,0.0017940874677151442,0.5687897205352783
1546,0.014439140446484089,0.06074652820825577,0.10387465357780457,-0.2309914231300354,3.203554630279541,4.207073712538088,1476.4665533374432,0.46062955260276794,0.4220551550388336,0.11008333414793015,0.1216098740696907,0.002244706731289625,0.2418208122253418
1547,0.014693045057356358,0.05597393587231636,0.10104770958423615,-0.2845657169818878,3.147757053375244,3.8095531355144363,1116.0419658957137,0.6273219585418701,0.2838502824306488,0.08030678331851959,0.13351047039031982,0.00032499487861059606,0.3955289125442505
1548,0.029580779373645782,0.06451426446437836,0.1240321695804596,0.0064598023891448975,2.2169623374938965,2.1809521529941396,567.4584278916922,0.8916774988174438,0.07716084271669388,0.030918635427951813,0.005491121672093868,0.0006128923851065338,0.8397719264030457
1549,0.02965599298477173,0.062336698174476624,0.1240321695804596,-0.0940563976764679,2.09259033203125,2.1019932869684843,533.9641512068615,0.9091960191726685,0.06497330218553543,0.025015801191329956,0.002192862331867218,0.0004924412351101637,0.8775962591171265
1550,0.0170426182448864,0.06140628829598427,0.11640265583992004,-0.10059323906898499,2.8022303581237793,3.6031017892926163,927.9295964769201,0.7281289100646973,0.19835923612117767,0.06677358597517014,0.03134113550186157,0.0009066083002835512,0.6067424416542053
1551,0.026191052049398422,0.06417606770992279,0.1240321695804596,0.08624156564474106,2.336007595062256,2.4503050731383866,609.4364079263569,0.8667204976081848,0.09613747149705887,0.036951687186956406,0.0804465115070343,0.0008645906345918775,0.7245228290557861
1552,0.017499307170510292,0.05651673302054405,0.10960273444652557,-0.06800862401723862,2.7740187644958496,3.229655463877793,979.6774684635375,0.70589280128479,0.22603930532932281,0.06437429040670395,0.005059755407273769,0.0012268901336938143,0.619887113571167
1553,0.012109670788049698,0.04007797688245773,0.07806789875030518,-0.1299707591533661,2.9780502319335938,3.309584346314243,1675.3381500096423,0.4004859924316406,0.466352254152298,0.11732230335474014,0.04292525351047516,0.0027117214631289244,0.2548673748970032
1554,0.019383369013667107,0.06316417455673218,0.12403217703104019,-0.10807722806930542,2.652883291244507,3.2586788451964566,973.5033206634461,0.7134431600570679,0.2166367471218109,0.06608297675848007,0.02225411869585514,0.0010602687252685428,0.6316878795623779
1555,0.019272955134510994,0.06558294594287872,0.1240321695804596,-0.18398819863796234,2.9795920848846436,3.402848472471157,982.1489537809407,0.7014114856719971,0.22380845248699188,0.07450554519891739,0.04208274930715561,0.004669613670557737,0.5126676559448242
1556,0.017444860190153122,0.05909467861056328,0.11035387217998505,-0.2567460834980011,2.9479644298553467,3.38751230809704,1186.3761984357736,0.6110673546791077,0.29276177287101746,0.08680538833141327,0.1332799345254898,0.004526595119386911,0.4134659171104431
1557,0.013857969082891941,0.04294118285179138,0.08332203328609467,-0.050445977598428726,3.0344715118408203,3.0986634904320023,1425.925772817822,0.5009254217147827,0.37784045934677124,0.11161842942237854,0.04510631412267685,0.00016520566714461893,0.3612678349018097
1558,0.012546146288514137,0.05118280649185181,0.09324167668819427,-0.0022764101158827543,3.0438785552978516,4.079563980106748,1624.9957953530165,0.4285289943218231,0.4293944239616394,0.12758152186870575,0.010569175705313683,0.0023607215844094753,0.31869006156921387
1559,0.011820190586149693,0.047702569514513016,0.08944801986217499,0.0078124976716935635,3.1594784259796143,4.035685310046761,1759.9733002639225,0.3719586730003357,0.4647587537765503,0.1314261108636856,0.17737391591072083,0.0018174179131165147,0.1274271309375763
1560,0.012430707924067974,0.05742855370044708,0.10361048579216003,-0.058652330189943314,3.3160808086395264,4.61989405966459,1775.6937003046842,0.35809895396232605,0.4902364909648895,0.13666675984859467,0.0753009021282196,0.003380489768460393,0.17811758816242218
1561,0.017368098720908165,0.05732283368706703,0.11205694079399109,0.06412485986948013,2.9171340465545654,3.300466827423077,831.0000380452888,0.7666177749633789,0.17012639343738556,0.06307772547006607,0.04122326523065567,0.0037176497280597687,0.60530024766922
1562,0.01686543971300125,0.060598816722631454,0.11540457606315613,-0.019960997626185417,2.826416254043579,3.5930765962967386,1254.5407305398799,0.5888499617576599,0.3131503760814667,0.08870448917150497,0.06063521280884743,0.0025094167795032263,0.45835602283477783
1563,0.025956271216273308,0.0647185817360878,0.12403217703104019,0.040589623153209686,2.431997299194336,2.493369760022351,632.7749989010183,0.8631923198699951,0.09868055582046509,0.03761959820985794,0.030456218868494034,0.00032462290255352855,0.7600669264793396
1564,0.025767378509044647,0.06553251296281815,0.12403217703104019,-0.05674131214618683,2.538900852203369,2.5432355463429173,692.0305255889109,0.8183768391609192,0.13613304495811462,0.04483611509203911,0.01166837103664875,0.000507280754391104,0.7270925045013428
1565,0.021202683448791504,0.06459184736013412,0.1240321695804596,-0.22042851150035858,2.729383945465088,3.0463996462093714,785.4779436518099,0.7840815782546997,0.1618693321943283,0.05398356169462204,0.062449440360069275,0.000528313685208559,0.6285273432731628
1566,0.014938208274543285,0.0495138093829155,0.09040890634059906,-0.14550113677978516,2.822218418121338,3.3145748452295383,1384.748708411813,0.5300662517547607,0.35583773255348206,0.10777335613965988,0.03602967783808708,0.0017529450124129653,0.3626483976840973
1567,0.013390357606112957,0.044622767716646194,0.08467477560043335,-0.22011761367321014,2.9569125175476074,3.3324552656414927,1433.2818617702644,0.5151618719100952,0.35460421442985535,0.11588503420352936,0.04691324383020401,0.0016590397572144866,0.3749166429042816
1568,0.01622648537158966,0.05428306758403778,0.10425665974617004,-0.08917466551065445,2.908933401107788,3.3453373504859294,1305.245347665919,0.5589385628700256,0.334992378950119,0.09137158840894699,0.09662415832281113,0.0019475179724395275,0.3823942542076111
1569,0.015007379464805126,0.06022818386554718,0.11475344002246857,-0.14874359965324402,3.1494688987731934,4.01323788758586,1385.512430582435,0.5256242156028748,0.359599769115448,0.10637772083282471,0.04853637516498566,0.0012349474709481,0.40556493401527405
1570,0.012602039612829685,0.044518958777189255,0.08820192515850067,0.01225134078413248,2.8815016746520996,3.5326788473457436,1782.5495021508323,0.3605138659477234,0.49014994502067566,0.1283145397901535,0.007152015343308449,0.002614026190713048,0.2654341757297516
1571,0.014536131173372269,0.0582866296172142,0.11065348982810974,-0.023329518735408783,3.073965311050415,4.009775979455639,1364.3746459067645,0.5489037036895752,0.3296796381473541,0.1070256307721138,0.043618761003017426,0.0006623088847845793,0.4235345125198364
1572,0.024503014981746674,0.06595305353403091,0.1240321695804596,-0.08560241013765335,2.6172051429748535,2.691630135331121,739.2397330277249,0.8018664121627808,0.15026676654815674,0.04751462861895561,0.04082810506224632,0.0026391190476715565,0.6817284822463989
1573,0.01621931605041027,0.05397070571780205,0.10663850605487823,-0.18885336816310883,2.812058687210083,3.3275574350195423,1270.1809180911848,0.5837402939796448,0.31404781341552734,0.0926830992102623,0.06534349918365479,0.0007997503271326423,0.444489061832428
1574,0.01512394193559885,0.054739996790885925,0.10194167494773865,-0.16793020069599152,2.9402520656585693,3.619426537100032,1306.2943200128518,0.5572026371955872,0.3349410891532898,0.09370946139097214,0.1398022174835205,0.004254660103470087,0.3373517692089081
1575,0.017841733992099762,0.05617279186844826,0.10738775134086609,-0.11434030532836914,2.7273693084716797,3.148393081646264,1085.9623456220659,0.6461793780326843,0.270668089389801,0.07502716034650803,0.20709747076034546,0.0013988148421049118,0.37074148654937744
1576,0.021685868501663208,0.06363136321306229,0.1240321695804596,0.045738935470581055,2.650592088699341,2.934231718930133,833.9215152818384,0.7546970844268799,0.18804797530174255,0.05666019767522812,0.06492233276367188,0.0016026272205635905,0.6228024363517761
1577,0.012378680519759655,0.045343607664108276,0.08599744737148285,-0.14292743802070618,3.0804941654205322,3.6630404660710663,1632.2642353021577,0.4190124273300171,0.43374213576316833,0.12490399181842804,0.0896083265542984,0.0020509641617536545,0.2202853411436081
1578,0.02329707331955433,0.06498637795448303,0.12403217703104019,-0.014309529215097427,2.3712539672851562,2.7894653143898314,748.1079706463324,0.8178024291992188,0.13093455135822296,0.05118507146835327,0.007321133743971586,0.0008989740163087845,0.7317176461219788
1579,0.012404894456267357,0.04426522180438042,0.08474043756723404,-0.08622381836175919,2.9033167362213135,3.5683674663147027,1756.1694635897718,0.3562640845775604,0.49287986755371094,0.1388927400112152,0.04805699735879898,0.005560541991144419,0.17162863910198212
1580,0.029788516461849213,0.06440797448158264,0.1240321695804596,-0.04096188396215439,2.227506399154663,2.1621746273235574,563.086129122086,0.8908252120018005,0.07909298688173294,0.029965247958898544,0.0034691651817411184,0.00040114898001775146,0.8122425675392151
1581,0.019848959520459175,0.056978240609169006,0.11294582486152649,0.008902546018362045,2.42083740234375,2.8705908008713754,804.9087397751822,0.789837658405304,0.1525653749704361,0.057183969765901566,0.011196970008313656,0.0005828276625834405,0.6843262910842896
1582,0.014214089140295982,0.053462833166122437,0.09958633780479431,-0.018748044967651367,2.8676817417144775,3.7612563587207046,1489.0955717397533,0.47971221804618835,0.39778926968574524,0.11320871114730835,0.01057316642254591,0.0026896365452557802,0.39278703927993774
1583,0.014552183449268341,0.04453080892562866,0.08657775819301605,-0.11015868932008743,2.8611817359924316,3.06007748444152,1548.1819742385658,0.46222206950187683,0.4114859700202942,0.11223934590816498,0.013319222256541252,0.001610685489140451,0.3604588806629181
1584,0.015138056129217148,0.05274799466133118,0.10365468263626099,-0.059771835803985596,2.8534812927246094,3.4844628800153967,1228.8401752351915,0.6099584102630615,0.2874795198440552,0.09206371009349823,0.039770495146512985,0.00048747705295681953,0.515446662902832
1585,0.018253494054079056,0.051058001816272736,0.10083553194999695,-0.11894141137599945,2.5318543910980225,2.7971631985748937,1033.435765067734,0.6904614567756653,0.23112796247005463,0.07139645516872406,0.027131337672472,0.003301875898614526,0.6077919006347656
1586,0.02679910510778427,0.0648043155670166,0.1240321695804596,-0.13728243112564087,2.301894187927246,2.4181522220223277,626.6595521690322,0.8643012046813965,0.09941352158784866,0.03527544438838959,0.01832500845193863,0.0005303784273564816,0.7907058596611023
1587,0.01890508458018303,0.05652063712477684,0.11225403845310211,-0.01708020083606243,2.8193204402923584,2.989705593860926,985.1576482302602,0.6880481839179993,0.24216228723526,0.06860799342393875,0.014649540185928345,0.0018956471467390656,0.5869878530502319
1588,0.03056205064058304,0.06465967744588852,0.12403217703104019,0.008024693466722965,2.122891664505005,2.1156851745383833,609.8938873291701,0.872317373752594,0.09440073370933533,0.03289351984858513,0.015256163664162159,0.0012908728094771504,0.7644275426864624
1589,0.012928676791489124,0.04614308476448059,0.0826110988855362,-0.1560811847448349,3.06611704826355,3.569049292908867,1590.4821281074999,0.43059518933296204,0.4314865171909332,0.11864925920963287,0.08810317516326904,0.0045074536465108395,0.2513447403907776
1590,0.015929490327835083,0.051905322819948196,0.09848229587078094,-0.11720114946365356,2.8455097675323486,3.25844215655731,1250.7711018157615,0.5724453330039978,0.3291229009628296,0.09288781881332397,0.03773273155093193,0.00596158392727375,0.4196000397205353
1591,0.03116612508893013,0.06336560845375061,0.1240321695804596,-0.011443602852523327,1.9667959213256836,2.0331564565985856,529.0299307932738,0.9122223854064941,0.06382162123918533,0.02395491488277912,0.006568064447492361,0.00019330036593601108,0.8636444211006165
1592,0.013593611307442188,0.05244866758584976,0.10082463920116425,-0.12285381555557251,3.022531270980835,3.858332152934003,1477.5469488312583,0.4748150110244751,0.40065842866897583,0.11643817275762558,0.17090576887130737,0.0030751076992601156,0.18568959832191467
1593,0.029260287061333656,0.06375263631343842,0.1240321695804596,-0.0868917778134346,2.0698981285095215,2.178811034137333,538.3025928124869,0.9055696725845337,0.06911750137805939,0.025312425568699837,0.020284762606024742,0.0001843354693846777,0.8462650775909424
1594,0.01330564171075821,0.044855691492557526,0.08790001273155212,-0.024147333577275276,2.943871259689331,3.3711783666110975,1613.6391786782779,0.42904168367385864,0.43625155091285706,0.11842481046915054,0.049713537096977234,0.002804522169753909,0.2979772984981537
1595,0.022882290184497833,0.0632786825299263,0.1240321695804596,-0.09648064523935318,2.555572986602783,2.7653998798612647,739.2893329260517,0.8133459091186523,0.13378176093101501,0.05012126639485359,0.03646756708621979,0.0024160994216799736,0.7136706709861755
1596,0.016434472054243088,0.051365770399570465,0.10020246356725693,-0.051567673683166504,2.564701795578003,3.125489533640556,1085.2711114010813,0.6770431399345398,0.23826046288013458,0.07115811854600906,0.007097405847162008,0.004292027093470097,0.6086136102676392
1597,0.0316665843129158,0.0644822046160698,0.1240321695804596,-0.04889248311519623,2.122528553009033,2.0362854413613927,595.0625168519587,0.8804013729095459,0.08744590729475021,0.03173449635505676,0.01700911670923233,0.001061236602254212,0.8154148459434509
1598,0.010715357959270477,0.03927783668041229,0.07378019392490387,-0.11017923802137375,3.0838730335235596,3.66556458739348,2012.1152001174687,0.29198288917541504,0.5101973414421082,0.15753287076950073,0.04727375879883766,0.003695887280628085,0.14754639565944672
1599,0.02100670151412487,0.0626617893576622,0.1240321695804596,-0.312078595161438,2.749629259109497,2.982942815298517,859.3932629103664,0.7501220107078552,0.19137999415397644,0.056319575756788254,0.07314552366733551,0.0022516422905027866,0.6383842825889587
1600,0.013424070551991463,0.041719432920217514,0.08220113813877106,-0.11593107879161835,2.8365318775177,3.107807930204942,1435.6599040927879,0.49099937081336975,0.39347708225250244,0.10773111134767532,0.007610307540744543,0.0030168790835887194,0.37584012746810913
1601,0.027481622993946075,0.06268536299467087,0.1240321695804596,-0.1017722338438034,2.17533540725708,2.2809920289714634,637.1595188030002,0.8592898845672607,0.10521022230386734,0.03533492237329483,0.017391039058566093,0.00038975043571554124,0.8051713705062866
1602,0.016534904018044472,0.05438290163874626,0.1063385009765625,-0.09114164113998413,2.7692313194274902,3.2889759490656525,1020.1508098399898,0.6989613771438599,0.21885943412780762,0.07150060683488846,0.009636246599256992,0.0008854128536768258,0.6374930739402771
1603,0.014852883294224739,0.05032413825392723,0.0962585061788559,-0.18739053606987,3.0568127632141113,3.388173006793007,1252.944292154148,0.5954037308692932,0.2910560965538025,0.09791679680347443,0.1586589515209198,0.002287180395796895,0.35497865080833435
1604,0.013240154832601547,0.047728076577186584,0.08863384276628494,-0.04488969221711159,3.0115160942077637,3.6047974647592347,1622.718474903241,0.41751784086227417,0.45151644945144653,0.11960840970277786,0.05410066992044449,0.004102894105017185,0.2933078110218048
1605,0.01510966569185257,0.0475667342543602,0.0942487120628357,-0.10225579142570496,2.72489595413208,3.1480997145331298,1347.3130953270993,0.5699157118797302,0.3026479184627533,0.11243590712547302,0.029285019263625145,0.003299913601949811,0.4784819185733795
1606,0.011157084256410599,0.044096194207668304,0.08024289458990097,0.05079852417111397,3.019409418106079,3.952304490160981,1914.8540263452157,0.29603299498558044,0.531211256980896,0.14693854749202728,0.07986762374639511,0.0019355698022991419,0.11505001783370972
1607,0.01466439664363861,0.05442570894956589,0.10303838551044464,-0.024711977690458298,2.931854724884033,3.711418223910647,1532.5647173809382,0.48194360733032227,0.3827184736728668,0.12269119173288345,0.023406250402331352,0.002857924671843648,0.3663147985935211
1608,0.018332306295633316,0.05191410332918167,0.0997595340013504,-0.02232685498893261,2.501469135284424,2.831837003438873,859.8214062083422,0.76148921251297,0.17420871555805206,0.06411043554544449,0.0036730815190821886,0.0027749077416956425,0.6403734087944031
1609,0.015881096944212914,0.049688976258039474,0.09330208599567413,-0.10339458286762238,2.7656755447387695,3.1288126021431646,1210.2911162103496,0.6095520257949829,0.2940833568572998,0.0814894288778305,0.033676233142614365,0.003718459280207753,0.5161442756652832
1610,0.017517877742648125,0.06362222880125046,0.11509555578231812,-0.09154170006513596,2.912355422973633,3.631845691143694,1036.5771923338646,0.679844319820404,0.2407016158103943,0.07943659275770187,0.006170550361275673,7.101411028997973e-05,0.5028303265571594
1611,0.0156280267983675,0.054014842957258224,0.10592010617256165,-0.11929363012313843,2.9025092124938965,3.456280415352521,1437.6246825463588,0.5071134567260742,0.3731139898300171,0.10335870087146759,0.02169901318848133,0.003754823701456189,0.40685343742370605
1612,0.01399591751396656,0.048119280487298965,0.09116402268409729,-0.14330421388149261,3.037590742111206,3.438094032480723,1408.767884101779,0.5069050788879395,0.37050962448120117,0.11678949743509293,0.118376724421978,0.000811345293186605,0.2333548367023468
1613,0.02242584526538849,0.06474872678518295,0.12403217703104019,-0.1463066190481186,2.6563994884490967,2.887236847309713,776.5869170016449,0.7973074316978455,0.15167394280433655,0.05091523751616478,0.014815899543464184,0.0007607336738146842,0.6771973967552185
1614,0.019568007439374924,0.06238642707467079,0.12220477312803268,-0.018536129966378212,2.817532777786255,3.188184962866892,803.357819705607,0.7803260684013367,0.1622028350830078,0.05730053409934044,0.003869486739858985,0.0009501882013864815,0.6976765394210815
1615,0.026462940499186516,0.06370271742343903,0.1240321695804596,-0.11353544145822525,2.518448829650879,2.407242589801766,649.7007260911715,0.8476489186286926,0.1132551059126854,0.03847619518637657,0.017266780138015747,0.0029609145130962133,0.7487714290618896
1616,0.012498527765274048,0.04126522317528725,0.08158053457736969,0.02038009651005268,2.937932252883911,3.301606712963192,1675.464925146841,0.4052858352661133,0.44624248147010803,0.11446177959442139,0.15951107442378998,0.001417400548234582,0.17894844710826874
1617,0.04049130156636238,0.063898004591465,0.1240321695804596,-0.038380421698093414,1.677488923072815,1.5780674396243504,469.7724219695823,0.9378222823143005,0.04509080573916435,0.016671815887093544,0.00719178281724453,0.0006380734848789871,0.903544008731842
1618,0.034651052206754684,0.06334935128688812,0.12403217703104019,0.08301296085119247,1.957690954208374,1.8282085896575153,510.60580061678326,0.9111582636833191,0.06618402153253555,0.022610342130064964,0.03594239801168442,0.00408531166613102,0.832028865814209
1619,0.019180135801434517,0.06368868052959442,0.11406735330820084,-0.2945476472377777,2.796283006668091,3.3205542017857077,906.1413642667845,0.7361435294151306,0.20257939398288727,0.05748896300792694,0.03466752544045448,0.0006238558562472463,0.6303141117095947
1620,0.013978752307593822,0.043888796120882034,0.08247791975736618,-0.0983775183558464,2.865933895111084,3.1396790752133286,1368.1765713694301,0.542787492275238,0.34229496121406555,0.10123365372419357,0.010055450722575188,0.002092244103550911,0.4587543308734894
1621,0.021190853789448738,0.06474403291940689,0.12403217703104019,-0.03173248842358589,2.724073648452759,3.055281941900269,863.0076431506932,0.7540640830993652,0.1818476915359497,0.06317487359046936,0.04860299825668335,0.0016974832396954298,0.5907252430915833
1622,0.01711287535727024,0.06071120500564575,0.10968823730945587,-0.25589343905448914,2.8841001987457275,3.5476916493934194,1133.2219463102792,0.624384880065918,0.29457375407218933,0.07640029489994049,0.030831823125481606,0.0026709800586104393,0.5300067663192749
1623,0.023832159116864204,0.06306710094213486,0.1240321695804596,-0.06169859319925308,2.301285743713379,2.646302444953918,730.5766875757475,0.8196038603782654,0.13620011508464813,0.042828939855098724,0.004968602210283279,0.00045083416625857353,0.7483364939689636
1624,0.031886689364910126,0.06509848684072495,0.1240321695804596,-0.13507413864135742,2.0589263439178467,2.0415567791845257,552.3102768262105,0.8968327641487122,0.07403337210416794,0.028734320774674416,0.05254323035478592,0.0006994998548179865,0.7946374416351318
1625,0.03216813877224922,0.06448359042406082,0.1240321695804596,-0.2703927755355835,2.2315104007720947,2.0045794653710236,493.49158612585853,0.9156581163406372,0.05943639948964119,0.024562440812587738,0.04761151224374771,0.00041560601675882936,0.8228985667228699
1626,0.015990519896149635,0.05355232581496239,0.10183157026767731,-0.09044478088617325,2.9628894329071045,3.349004670230158,1224.4688702510452,0.5914415717124939,0.31297072768211365,0.09263157844543457,0.02672128938138485,0.00048262366908602417,0.43850046396255493
1627,0.021922575309872627,0.06304959207773209,0.12047500908374786,-0.08690937608480453,2.4985852241516113,2.8760121100581775,759.1813437103544,0.7934175133705139,0.15408439934253693,0.050685152411460876,0.13170339167118073,0.002248106524348259,0.598152220249176
1628,0.030307453125715256,0.06426151841878891,0.1240321695804596,-0.11449244618415833,2.1116693019866943,2.1203206402765664,543.6641249802877,0.9005749821662903,0.07179424911737442,0.027419520542025566,0.045664507895708084,0.0002810537116602063,0.8050284385681152
1629,0.01598723605275154,0.052755072712898254,0.10391774773597717,-0.0532623715698719,2.75935959815979,3.299824468440174,1208.9598937016608,0.6016510725021362,0.30813953280448914,0.08177085965871811,0.0025088703259825706,0.0004138267831876874,0.5145072937011719
1630,0.01451847143471241,0.0511300154030323,0.10153055936098099,0.06743896752595901,2.993190050125122,3.5217216653581818,1515.0975283348687,0.44926637411117554,0.4223119914531708,0.12443176656961441,0.11954541504383087,0.0010416159639135003,0.23381322622299194
1631,0.01369391568005085,0.051813770085573196,0.0956006795167923,-0.09377322345972061,3.0318195819854736,3.7837073991386725,1418.0143283544182,0.493559867143631,0.3862124979496002,0.11600471287965775,0.12720373272895813,0.00192743306979537,0.21374842524528503
1632,0.012277576141059399,0.04447576031088829,0.08732709288597107,-0.014839769341051579,3.0359718799591064,3.622519607801681,1913.2443280664095,0.29565712809562683,0.5366933345794678,0.1499079465866089,0.040289297699928284,0.003253865521401167,0.12138903886079788
1633,0.021046297624707222,0.06075141951441765,0.1194608062505722,-0.08968759328126907,2.4041643142700195,2.8865608856643834,812.824355195315,0.7750495672225952,0.17189161479473114,0.05170904099941254,0.010249719955027103,0.0007749485084787011,0.6971060037612915
1634,0.01821821741759777,0.05488158017396927,0.10962121188640594,0.018168384209275246,2.7030088901519775,3.012456098912526,912.0633528098671,0.7168239951133728,0.21082989871501923,0.07222886383533478,0.1420878916978836,0.0013415840221568942,0.438772588968277
1635,0.015650656074285507,0.06290926039218903,0.10534089803695679,-0.3771405518054962,3.3550467491149902,4.019592539096889,1222.1704486084502,0.5944607853889465,0.30419397354125977,0.0949505940079689,0.06510744988918304,0.002493619453161955,0.4303886294364929
1636,0.015281309373676777,0.051270030438899994,0.09940949082374573,-0.04561487212777138,2.949977397918701,3.3550809804205297,1261.0963842700653,0.5637527704238892,0.33856016397476196,0.09334541857242584,0.08920889347791672,0.00026439226348884404,0.3797585964202881
1637,0.04099767282605171,0.0636044442653656,0.1240321695804596,-0.0318719819188118,1.6118512153625488,1.5514159677716426,448.5751742255247,0.9489517211914062,0.03567271679639816,0.015114981681108475,0.013231130316853523,0.00034382331068627536,0.90999436378479
1638,0.018657753244042397,0.06123920530080795,0.11879956722259521,-0.042867034673690796,2.769097328186035,3.28223899718901,797.0497848942482,0.790869951248169,0.14717020094394684,0.06167011335492134,0.03029884584248066,0.001299036550335586,0.6522171497344971
1639,0.012059582397341728,0.04179279878735542,0.07909543812274933,-0.09555152803659439,2.908557176589966,3.465526202060049,1916.3895449174224,0.3080664873123169,0.5197144150733948,0.14055924117565155,0.05710263550281525,0.0033806634601205587,0.13645263016223907
1640,0.021104728803038597,0.060131561011075974,0.11781425774097443,-0.08392998576164246,2.495358467102051,2.849198469660942,778.0465845240601,0.7908998727798462,0.1564846634864807,0.052614569664001465,0.021197747439146042,0.0011209724470973015,0.6754273772239685
1641,0.029670992866158485,0.0645168349146843,0.1240321695804596,-0.0004297470732126385,2.0913922786712646,2.1744076850928415,607.9202903399396,0.8784199953079224,0.08670537173748016,0.03356441482901573,0.004346976522356272,0.0002428916486678645,0.8214814066886902
1642,0.014294013381004333,0.05195381119847298,0.0958552360534668,-0.10384129732847214,2.9687421321868896,3.6346552791031397,1490.0003067857294,0.47272640466690063,0.4074673652648926,0.1125149056315422,0.028621749952435493,0.003169449744746089,0.3528229594230652
1643,0.01200790610164404,0.04409551993012428,0.08543425798416138,0.058507710695266724,3.00775408744812,3.672207256885097,1749.8551624260162,0.38086339831352234,0.4567226767539978,0.14806486666202545,0.08949638158082962,0.003286508610472083,0.205826073884964
1644,0.03192067891359329,0.06424310058355331,0.1240321695804596,0.007938086986541748,2.020235776901245,2.012585658201119,541.8176450722284,0.9048081636428833,0.06899150460958481,0.0261389147490263,0.013974017463624477,0.0005805427208542824,0.8471764922142029
1645,0.02218950167298317,0.06357677280902863,0.12400827556848526,0.14820104837417603,2.484419822692871,2.8651735285957938,668.5968676712718,0.8325384259223938,0.12426577508449554,0.04316116124391556,0.11895624548196793,0.0007687036995775998,0.6462907791137695
1646,0.021794386208057404,0.06549490988254547,0.12403217703104019,-0.16362141072750092,2.7325496673583984,3.0051275247809834,826.2931119218783,0.7678486704826355,0.16896678507328033,0.06298919022083282,0.03525686636567116,0.0001729353389237076,0.6255233883857727
1647,0.01862419582903385,0.06150001287460327,0.11110584437847137,-0.1138405129313469,2.5936295986175537,3.3021566909979967,937.8822151898468,0.733282208442688,0.19464188814163208,0.0688067376613617,0.028766419738531113,0.0011116595705971122,0.6473856568336487
1648,0.015199055895209312,0.0537431426346302,0.1029772162437439,-0.13729038834571838,2.883782148361206,3.5359526934849876,1505.4579814442814,0.45947664976119995,0.4290265440940857,0.10646193474531174,0.015988554805517197,0.0032433688174933195,0.37039634585380554
1649,0.0222572460770607,0.06397111713886261,0.1240321695804596,-0.08708320558071136,2.5624563694000244,2.8741703674615837,853.7521137303744,0.7636170983314514,0.17816196382045746,0.05510346591472626,0.038488805294036865,0.0015754773048684,0.654482901096344
1650,0.020149849355220795,0.06349781900644302,0.1153479814529419,-0.16308064758777618,2.5818028450012207,3.151280085716351,807.0056267950052,0.7831109762191772,0.163019597530365,0.05072556436061859,0.04774923250079155,0.001150866155512631,0.6691968441009521
1651,0.016481393948197365,0.06040414050221443,0.11992080509662628,-0.09573180973529816,2.884209156036377,3.664989787174894,1133.7919011344547,0.6460835933685303,0.2617996037006378,0.08543507754802704,0.06477001309394836,0.004947353154420853,0.5012208819389343
1652,0.017149481922388077,0.054535768926143646,0.10176630318164825,-0.13358208537101746,2.6237850189208984,3.1800242811865354,899.2607049930543,0.7471540570259094,0.18690642714500427,0.05710671842098236,0.05400813743472099,0.0006700929370708764,0.6293298006057739
1653,0.02428748458623886,0.06287133693695068,0.1240321695804596,-0.26522499322891235,2.577672243118286,2.5886310585652237,740.443771115852,0.8052727580070496,0.14800700545310974,0.046090319752693176,0.02853974513709545,0.0005756167229264975,0.7205517292022705
1654,0.013268831185996532,0.053236931562423706,0.10488750040531158,-0.14484843611717224,3.337918281555176,4.012179431041067,1718.165553336273,0.3791228234767914,0.4782743453979492,0.13138556480407715,0.04167895391583443,0.0008848324068821967,0.21763959527015686
1655,0.03178073465824127,0.0643862634897232,0.1240321695804596,-0.06990355998277664,2.025956630706787,2.0259526464722812,545.4881898275765,0.901770293712616,0.07066642493009567,0.027196547016501427,0.041543684899806976,0.0006565229268744588,0.8183500170707703
1656,0.012272720225155354,0.050475526601076126,0.0959058552980423,0.008873874321579933,3.297921895980835,4.112823047453146,1846.6206334667902,0.30604732036590576,0.5485211610794067,0.13313595950603485,0.03209231048822403,0.004848833195865154,0.15357431769371033
1657,0.012001685798168182,0.04046249017119408,0.07603544741868973,-0.07386129349470139,2.92008900642395,3.3714005555784894,1795.3435459124094,0.36520788073539734,0.47126176953315735,0.14003174006938934,0.006479340139776468,0.0033522031735628843,0.28430691361427307
1658,0.01297535840421915,0.04976378381252289,0.09420129656791687,0.08166676014661789,3.2239773273468018,3.83525312044607,1649.5456263958165,0.40862542390823364,0.44379711151123047,0.13695028424263,0.12123729288578033,0.001421512570232153,0.21374206244945526
1659,0.022086845710873604,0.06517470628023148,0.1240321695804596,-0.1344042271375656,2.616687536239624,2.9508381201392826,797.6343954156798,0.785193920135498,0.16124363243579865,0.053259577602148056,0.01789703592658043,0.0007420187466777861,0.6588876247406006
1660,0.029134470969438553,0.06470777094364166,0.1240321695804596,-0.07728678733110428,2.2268624305725098,2.221003807115556,609.8897262209215,0.8657620549201965,0.10487029701471329,0.029001042246818542,0.01527408603578806,0.0007894367445260286,0.780164897441864
1661,0.012663044966757298,0.042472586035728455,0.08486630022525787,0.009610242210328579,2.7013912200927734,3.3540579018610726,1833.027960509863,0.3354630768299103,0.49905166029930115,0.14901134371757507,0.08024567365646362,0.0038947586435824633,0.13996028900146484
1662,0.011740193702280521,0.0435413122177124,0.08533729612827301,-0.11845998466014862,2.996781826019287,3.7087388264765857,1751.9316190646562,0.3700835108757019,0.4781211316585541,0.12443087995052338,0.04021250829100609,0.0007715030806139112,0.223733052611351
1663,0.029263608157634735,0.06447385996580124,0.12403217703104019,-0.0003304355195723474,2.240377426147461,2.203209515938557,636.3608455272941,0.8578596711158752,0.10597491264343262,0.03607502952218056,0.013775556348264217,0.00013938953634351492,0.7882287502288818
1664,0.014782359823584557,0.05451454594731331,0.10483940690755844,-0.2961554527282715,3.077863931655884,3.687810782189872,1322.410754948152,0.5504664182662964,0.34272730350494385,0.09615016728639603,0.05173174664378166,0.0025051631964743137,0.41910022497177124
1665,0.012847076170146465,0.04933405667543411,0.09121856093406677,-0.05976111441850662,3.0833544731140137,3.8400999587933144,1759.4756395004001,0.3710329830646515,0.4756440222263336,0.1351163387298584,0.04512305185198784,0.0019379921723157167,0.22550077736377716
1666,0.018450627103447914,0.05710877478122711,0.11387243866920471,0.011468368582427502,2.7885754108428955,3.0952213416886973,949.6320367073555,0.7019903063774109,0.22241061925888062,0.0755777582526207,0.1381700038909912,0.00036846991861239076,0.41319626569747925
1667,0.01878977194428444,0.05915724113583565,0.11700721085071564,0.06884470582008362,2.7252490520477295,3.1483746214749564,952.7246180861522,0.715022623538971,0.21329258382320404,0.06781187653541565,0.0994625985622406,0.0016145731788128614,0.5541666150093079
1668,0.018634503707289696,0.06384880840778351,0.11932091414928436,-0.1417972445487976,2.858433485031128,3.4263755776538285,991.406513165671,0.6904482245445251,0.23358125984668732,0.07592837512493134,0.05471068620681763,0.0004134334740228951,0.4998628497123718
1669,0.020921409130096436,0.06392502039670944,0.1240321695804596,-0.12446916103363037,2.874001979827881,3.055483499994979,737.010833969723,0.8137040138244629,0.13369309902191162,0.05259969085454941,0.03346429392695427,0.000577949860598892,0.6712873578071594
1670,0.01577133685350418,0.0526580810546875,0.09606705605983734,-0.2584688663482666,2.9203712940216064,3.338847019785056,1274.0461478121551,0.5642290115356445,0.33052486181259155,0.0969562754034996,0.12757207453250885,0.0024748267605900764,0.35838648676872253
1671,0.022335899993777275,0.06497759371995926,0.1240321695804596,0.00680075166746974,2.7549569606781006,2.909110165032649,807.6830866547755,0.7720587253570557,0.17369423806667328,0.05394231155514717,0.06769735366106033,0.00012775578943546861,0.6010200381278992
1672,0.01638730801641941,0.053876981139183044,0.10539059340953827,-0.08665312081575394,2.6556754112243652,3.2877261525756882,1232.07278820185,0.5916180610656738,0.3124406933784485,0.08646698296070099,0.005188958719372749,0.0005698640597984195,0.5086212158203125
1673,0.019222699105739594,0.060472168028354645,0.12008163332939148,-0.06361401081085205,2.596238136291504,3.1458728918642205,984.9114974335027,0.7093390822410583,0.21804280579090118,0.06869518756866455,0.013418147340416908,0.002434740075841546,0.6230520009994507
1674,0.013502868823707104,0.051960743963718414,0.09900687634944916,0.063311368227005,2.8796801567077637,3.8481262491895323,1682.7775903317042,0.3881964683532715,0.4676803648471832,0.13241057097911835,0.10288797318935394,0.0038015476893633604,0.16051608324050903
1675,0.024345776066184044,0.0655989795923233,0.1240321695804596,-0.0293732900172472,2.6294937133789062,2.6944706716802895,786.4478873909279,0.793496310710907,0.14529460668563843,0.059728361666202545,0.035719722509384155,0.0016437607118859887,0.6672740578651428
1676,0.015921100974082947,0.05893899127840996,0.11548618227243423,-0.01994238793849945,2.9988503456115723,3.7019419304388212,1226.4181600712352,0.5818865299224854,0.317777156829834,0.08557052910327911,0.25638848543167114,0.002342678140848875,0.263643354177475
1677,0.012157577089965343,0.04187957942485809,0.07884319871664047,-0.0503685362637043,2.96038556098938,3.444730731420165,1813.2839573488097,0.3448393642902374,0.4963335394859314,0.13973551988601685,0.057520441710948944,0.0015484851319342852,0.17746566236019135
1678,0.017091574147343636,0.06383059918880463,0.11828044056892395,-0.3564068377017975,3.0971271991729736,3.734623776300355,1030.8825022423564,0.6849380135536194,0.23445460200309753,0.07726482301950455,0.0768352821469307,0.0020144651643931866,0.525716245174408
1679,0.01339045912027359,0.045668695122003555,0.08835577964782715,-0.11669070273637772,2.7296195030212402,3.410539900715512,1547.054276686847,0.45987626910209656,0.40839532017707825,0.1100887656211853,0.0702463909983635,0.0036422235425561666,0.29801928997039795
1680,0.015765950083732605,0.061054881662130356,0.10523699223995209,-0.18782645463943481,3.171449661254883,3.8725786479087327,1529.2498419179215,0.45709189772605896,0.41449251770973206,0.12199536710977554,0.05961959809064865,0.0014567769831046462,0.31606897711753845
1681,0.031080646440386772,0.06440814584493637,0.12403217703104019,-0.03692241385579109,1.9598549604415894,2.072291062748648,553.1557158768735,0.9036824107170105,0.06840329617261887,0.027279812842607498,0.001812738599255681,0.00021085953630972654,0.8488893508911133
1682,0.014115207828581333,0.05060287564992905,0.09847824275493622,-0.026307381689548492,2.9922404289245605,3.584989768544553,1547.0435871171778,0.4597516357898712,0.4027352035045624,0.11931121349334717,0.1426038146018982,0.0033353071194142103,0.21872705221176147
1683,0.014451463706791401,0.05483458563685417,0.10532044619321823,-0.09528196603059769,3.0079286098480225,3.794396660823395,1394.7422017693132,0.5212225914001465,0.36597439646720886,0.1023140624165535,0.03415282815694809,0.0030805175192654133,0.4091443121433258
1684,0.013825403526425362,0.046293918043375015,0.09063464403152466,-0.046226706355810165,2.8502540588378906,3.3484677645424292,1640.0243174934994,0.4066583812236786,0.4531348943710327,0.12986288964748383,0.11833740770816803,0.007070611696690321,0.19687287509441376
1685,0.018888158723711967,0.05942654237151146,0.11608247458934784,0.0885305106639862,2.9067673683166504,3.146232686712965,853.26841442161,0.7555296421051025,0.18128296732902527,0.06300226598978043,0.016401441767811775,0.0029389243572950363,0.6225202679634094
1686,0.024437444284558296,0.06437508761882782,0.12403217703104019,-0.047773491591215134,2.4300010204315186,2.6342806909997263,667.1352824040008,0.8481295704841614,0.10977107286453247,0.04171334207057953,0.009352152235805988,0.0007200506515800953,0.7652836441993713
1687,0.0183595959097147,0.054820578545331955,0.10798697918653488,-0.1357000321149826,2.6245152950286865,2.985936009263611,1027.0681835077196,0.6829950213432312,0.24139097332954407,0.0726061537861824,0.017383219674229622,0.001293875277042389,0.6217740774154663
1688,0.014116888865828514,0.044852424412965775,0.08665092289447784,-0.0798269733786583,2.9448680877685547,3.1772173625563345,1354.6849211931026,0.5331292152404785,0.3614944517612457,0.09837216138839722,0.042297642678022385,0.0008830263395793736,0.37512141466140747
1689,0.021934205666184425,0.06506304442882538,0.12403217703104019,-0.09657303988933563,2.5951266288757324,2.966282226767192,735.4373260514568,0.8091899752616882,0.14110587537288666,0.04944092780351639,0.06417743116617203,0.0010958499042317271,0.6454602479934692
1690,0.014626103453338146,0.045731157064437866,0.08949685841798782,0.01311533898115158,2.7568881511688232,3.1266808146959923,1096.3208101695448,0.6546074151992798,0.252094030380249,0.08667661249637604,0.09370914101600647,0.0009945663623511791,0.47341862320899963
1691,0.013783112168312073,0.04648074135184288,0.08907617628574371,-0.09844279289245605,3.111583709716797,3.3722965307742085,1535.9012918236988,0.474103182554245,0.38912758231163025,0.1163153201341629,0.015541905537247658,0.004995259921997786,0.385334849357605
1692,0.03722117096185684,0.06362666189670563,0.1240321695804596,-0.059310682117938995,1.824407935142517,1.7094212850046802,467.2673104142109,0.9403024315834045,0.042436692863702774,0.016983723267912865,0.010419873520731926,0.00031421781750395894,0.8908132910728455
1693,0.01383327879011631,0.04702828451991081,0.0884883925318718,-0.28511929512023926,3.0278403759002686,3.399648429706501,1275.1665333336305,0.57052081823349,0.3182644248008728,0.09457829594612122,0.16255348920822144,0.0010000646580010653,0.3337917625904083
1694,0.017081961035728455,0.05680413544178009,0.10583227872848511,-0.21829935908317566,2.702108383178711,3.3253872503071373,1229.332050559302,0.5930890440940857,0.30924513936042786,0.08341116458177567,0.055673472583293915,0.002880304818972945,0.465568870306015
1695,0.015325135551393032,0.05291030555963516,0.0998636931180954,-0.14151053130626678,2.904902696609497,3.452517948617634,1196.3769339475186,0.6152798533439636,0.2911756932735443,0.08529665321111679,0.034752581268548965,0.0024981230963021517,0.516775906085968
1696,0.011918977834284306,0.041443079710006714,0.0790339857339859,-0.07181263715028763,2.899724245071411,3.4770665977178705,1650.7635205462234,0.41734179854393005,0.4352719783782959,0.13411161303520203,0.01712685078382492,0.002042687265202403,0.23989611864089966
1697,0.031232373788952827,0.0645802766084671,0.1240321695804596,-0.08040693402290344,2.2112174034118652,2.067735134152435,525.2144724255297,0.8995525240898132,0.07591114938259125,0.024506621062755585,0.08355037122964859,0.00044581093243323267,0.766707718372345
1698,0.027629606425762177,0.06446276605129242,0.1240321695804596,-0.01727176457643509,2.341348171234131,2.3331047520406756,583.9080957047194,0.8705478310585022,0.09587472677230835,0.03328278660774231,0.0209655724465847,0.0016366217751055956,0.7847517728805542
1699,0.01722598262131214,0.055894918739795685,0.10709334909915924,-0.12652458250522614,2.7965335845947266,3.244802921570186,1121.34453300049,0.6403405666351318,0.2721937298774719,0.08022762089967728,0.04792496934533119,0.0022068468388170004,0.5404186248779297
1700,0.02098982408642769,0.0650198832154274,0.1240321695804596,-0.10764409601688385,2.821722984313965,3.0976859522311324,848.4387115803146,0.7543925642967224,0.18449419736862183,0.06022696569561958,0.05432378873229027,0.000917704775929451,0.5796228647232056
1701,0.01723925583064556,0.0639728307723999,0.11971902847290039,-0.2229255735874176,3.153327703475952,3.7108812234787414,1164.1071407049662,0.6121825575828552,0.29852333664894104,0.08376055210828781,0.029166877269744873,0.002588368486613035,0.5178007483482361
1702,0.021013163030147552,0.06291931867599487,0.1240321695804596,-0.05464630201458931,2.67431378364563,2.994281183786103,820.4570891955107,0.7731225490570068,0.16696274280548096,0.0572536438703537,0.029755504801869392,0.0003413024824112654,0.680507242679596
1703,0.02103685773909092,0.06388682872056961,0.12274448573589325,-0.06674302369356155,2.685812473297119,3.0368997836980904,819.2184699584518,0.7611269354820251,0.1821456253528595,0.056580688804388046,0.13879242539405823,0.0014367718249559402,0.5243389010429382
1704,0.015265909023582935,0.05433008447289467,0.10560888051986694,-0.20181193947792053,2.8651866912841797,3.558915776676389,1287.6638092485355,0.5714868307113647,0.3189193308353424,0.0954304188489914,0.07647876441478729,0.0016023351345211267,0.43533650040626526
1705,0.01254984363913536,0.04758104309439659,0.09144885092973709,-0.09406309574842453,3.107621431350708,3.7913654112971393,1652.345790896567,0.3961445391178131,0.46639782190322876,0.12164318561553955,0.13645075261592865,0.005551591981202364,0.18153774738311768
1706,0.01329384371638298,0.053055182099342346,0.09628407657146454,-0.320180743932724,3.1711671352386475,3.990958764617308,1422.3907169935687,0.5089515447616577,0.36381012201309204,0.10234633833169937,0.1689448207616806,0.004559624008834362,0.2722781300544739
1707,0.016682760789990425,0.06296458095312119,0.11023018509149551,-0.21076786518096924,2.962340831756592,3.7742302813048427,1171.1667194273298,0.6070138812065125,0.2981829047203064,0.09292569011449814,0.07994603365659714,0.0032518464140594006,0.41051891446113586
1708,0.020109210163354874,0.05811154842376709,0.11298657208681107,-0.13550788164138794,2.5163733959198,2.8897976573328723,809.27776878978,0.786859929561615,0.15604880452156067,0.05233970284461975,0.04703877493739128,0.0009867431363090873,0.6726810336112976
1709,0.024745680391788483,0.06421161442995071,0.1240321695804596,-0.07391699403524399,2.3648464679718018,2.5948615439429825,662.0855025210545,0.8445454835891724,0.11473394185304642,0.04059084132313728,0.05909925699234009,0.0006851809448562562,0.709587037563324
1710,0.0199873223900795,0.06261206418275833,0.1227991133928299,-0.2198469489812851,2.6853203773498535,3.1325888959845165,921.6507736693709,0.726254940032959,0.20929600298404694,0.057473085820674896,0.05331292748451233,0.0005997170228511095,0.6263337135314941
1711,0.02431458979845047,0.06530482321977615,0.1240321695804596,0.06270205974578857,2.729133367538452,2.685828704428816,736.7340990713512,0.8098157644271851,0.13987229764461517,0.04964159056544304,0.06493651121854782,0.0007674955413676798,0.6630910634994507
1712,0.014322531409561634,0.04982288181781769,0.09346374869346619,-0.02741418220102787,2.9984982013702393,3.4786365894144664,1595.9959547211452,0.4308139681816101,0.4384472072124481,0.12328139692544937,0.006133080925792456,0.004700209014117718,0.32808777689933777
1713,0.01628865860402584,0.060168005526065826,0.11251356452703476,-0.09780704975128174,2.9446685314178467,3.6938588366939613,1228.3284657641416,0.6010305285453796,0.3040827512741089,0.0880606472492218,0.04743064567446709,0.002363575389608741,0.4784420132637024
1714,0.012602497823536396,0.04111377149820328,0.08172740042209625,-0.0068280999548733234,2.982085943222046,3.2623510093496657,1755.879895213376,0.36497586965560913,0.4763590097427368,0.13721533119678497,0.09788957983255386,0.002895454177632928,0.16385067999362946
1715,0.01400392223149538,0.051287636160850525,0.09824129939079285,-0.07306354492902756,2.974179744720459,3.662376533471473,1272.2077705173808,0.5901603698730469,0.3001076877117157,0.09868108481168747,0.003636507084593177,0.0038861872162669897,0.48985421657562256
1716,0.01632247492671013,0.057424601167440414,0.10923705250024796,-0.08425357937812805,2.9531800746917725,3.5181307627529304,991.6421332680571,0.6974866986274719,0.22042977809906006,0.08207990229129791,0.04098530486226082,0.0020161173306405544,0.48467695713043213
1717,0.012577827088534832,0.04812121018767357,0.09570488333702087,-0.005319853778928518,3.012436866760254,3.825876269813886,1786.5330181653542,0.3562434911727905,0.4900929927825928,0.13722427189350128,0.051854170858860016,0.00649102870374918,0.203627809882164
1718,0.019965318962931633,0.06398427486419678,0.12346357852220535,-0.05567791685461998,2.8000364303588867,3.204770982110911,817.1186333946332,0.756649911403656,0.1834472119808197,0.05990280583500862,0.13287512958049774,0.00044103534310124815,0.47271400690078735
1719,0.02049170434474945,0.058186646550893784,0.11563543975353241,-0.055426497012376785,2.6434991359710693,2.8395220606900526,822.0780161741735,0.7683510780334473,0.17273598909378052,0.05875923112034798,0.10773664712905884,0.002511980477720499,0.5544264912605286
1720,0.013610268011689186,0.048878975212574005,0.09516911953687668,-0.07850336283445358,2.969663143157959,3.591330836909526,1577.8243113414026,0.4321581721305847,0.44405853748321533,0.10920076817274094,0.09080513566732407,0.0016738574486225843,0.2547192871570587
1721,0.01654827781021595,0.05919376388192177,0.10754510760307312,-0.1447845846414566,2.893850564956665,3.5770346955259558,1168.4421116339954,0.6260460615158081,0.2822844386100769,0.08106224983930588,0.010240538977086544,0.002342547755688429,0.5495935082435608
1722,0.02245061658322811,0.06433378905057907,0.12403217703104019,-0.18791595101356506,2.6507790088653564,2.8655689169701697,739.7662481987678,0.791824996471405,0.15068326890468597,0.057203639298677444,0.13807618618011475,0.00048216653522104025,0.5574596524238586
1723,0.018822314217686653,0.0631653219461441,0.11863476037979126,-0.07670211046934128,2.7358241081237793,3.3558743740147556,944.0276776868877,0.7220174074172974,0.2063707709312439,0.06501471251249313,0.05791658163070679,0.0008548794430680573,0.598515510559082
1724,0.012034566141664982,0.04198547452688217,0.08297111093997955,0.0414348840713501,3.03741192817688,3.4887401863233882,1914.9217441726273,0.29268044233322144,0.5504738092422485,0.1334962099790573,0.03014441765844822,0.0056924354285001755,0.1448623090982437
1725,0.027955858036875725,0.06331309676170349,0.12386859953403473,0.02372594363987446,2.0808534622192383,2.264752406308701,553.1492717345839,0.9022375345230103,0.0703035295009613,0.027417900040745735,0.007822088897228241,0.0011757166357710958,0.8452016711235046
1726,0.02933640591800213,0.06414268165826797,0.1240321695804596,-0.038697078824043274,2.174015998840332,2.1864533043129426,561.0532900220968,0.8979440927505493,0.07361089438199997,0.02774195931851864,0.011244004592299461,0.0006109996465966105,0.8349443078041077
1727,0.018442876636981964,0.05457553267478943,0.10616329312324524,-0.041736602783203125,2.5316832065582275,2.9591659558354633,1003.8696158654516,0.6935062408447266,0.23143042623996735,0.06955717504024506,0.02465527318418026,0.0006332306074909866,0.6011170744895935
1728,0.02994418703019619,0.06477679312229156,0.1240321695804596,-0.024101754650473595,2.0903513431549072,2.163251019465193,592.9413552700838,0.8810943365097046,0.08966594934463501,0.0289675984531641,0.015964316204190254,0.0007576673524454236,0.8070579171180725
1729,0.0217251256108284,0.06317415088415146,0.12403217703104019,-0.24362201988697052,2.822836399078369,2.9078842632677735,792.7849289875315,0.7798001766204834,0.17203283309936523,0.04514532536268234,0.03430767357349396,0.0003926630597561598,0.6881037354469299
1730,0.026683833450078964,0.06393369287252426,0.1240321695804596,-0.013326290063560009,2.2023143768310547,2.3959710657667554,619.3707122637621,0.8728328347206116,0.09226635098457336,0.03482845798134804,0.01927957870066166,8.824195538181812e-05,0.7948607802391052
1731,0.015343711711466312,0.060566246509552,0.10532040894031525,-0.15221472084522247,3.0821478366851807,3.9473008646495695,1258.1523590805275,0.5882523059844971,0.31452348828315735,0.08788348734378815,0.01242756936699152,0.001999105326831341,0.5071361064910889
1732,0.023516224697232246,0.06379634886980057,0.1240321695804596,-0.05557634308934212,2.619291067123413,2.7128652531797015,655.7226992555503,0.8493728041648865,0.11164477467536926,0.038664236664772034,0.008915184065699577,0.0010242554126307368,0.7673830986022949
1733,0.02528892084956169,0.06441032886505127,0.1240321695804596,0.1137503981590271,2.427651882171631,2.546978150853782,665.894160303381,0.8449029922485352,0.11268512904644012,0.04185216873884201,0.03626515343785286,0.0005725269438698888,0.739507257938385
1734,0.013322779908776283,0.05519014596939087,0.09765089303255081,-0.1650235950946808,3.0622029304504395,4.142539795984487,1491.373198249592,0.48182839155197144,0.3898678123950958,0.11299248784780502,0.06000973656773567,0.003789941081777215,0.32574957609176636
1735,0.027850717306137085,0.06418999284505844,0.12403217703104019,-0.07429885864257812,2.325930118560791,2.3047877775345116,585.3986473419466,0.8787276148796082,0.08951699733734131,0.0317351259291172,0.007030677516013384,0.0009893720271065831,0.8032163977622986
1736,0.01137719489634037,0.037401869893074036,0.07237142324447632,-0.0008382940432056785,2.9772088527679443,3.2874421358306356,2087.1977007240125,0.24397492408752441,0.5710554122924805,0.14883317053318024,0.030170926824212074,0.0036778468638658524,0.11556436866521835
1737,0.017727898433804512,0.06069882959127426,0.11749821901321411,-0.23442070186138153,3.043297290802002,3.4239156894145193,980.801387846235,0.6928969621658325,0.23068185150623322,0.07632987946271896,0.11360134929418564,0.002220846712589264,0.45029449462890625
1738,0.015826934948563576,0.05203460156917572,0.10011480748653412,-0.23128318786621094,2.870286464691162,3.2877244858209624,1024.7062300567775,0.6983316540718079,0.21615909039974213,0.07214856892824173,0.11114484816789627,0.0012731284368783236,0.5274382829666138
1739,0.019763628020882607,0.06356868892908096,0.12222655117511749,0.04598458483815193,2.7516860961914062,3.2164483595166176,943.7807652663942,0.7182555794715881,0.2085510492324829,0.07298378646373749,0.0416562557220459,0.0012522888137027621,0.5482843518257141
1740,0.03118646703660488,0.06462765485048294,0.1240321695804596,0.007799649611115456,2.144634246826172,2.072298050707521,576.171865439181,0.8809469938278198,0.09055008739233017,0.028138112276792526,0.045751482248306274,6.202652730280533e-05,0.7888689041137695
1741,0.03083733096718788,0.06429187208414078,0.1240321695804596,-0.022687112912535667,2.0543603897094727,2.0848714874340115,568.500495166245,0.8899198770523071,0.08375873416662216,0.026246005669236183,0.020091906189918518,0.0007906794198788702,0.8078405857086182
1742,0.021342851221561432,0.06538289785385132,0.1240321695804596,-0.17283959686756134,2.8794021606445312,3.0634565725096445,826.0801532309985,0.7820109128952026,0.15664486587047577,0.06025451049208641,0.04760521277785301,0.0003035254485439509,0.6090635061264038
1743,0.016332196071743965,0.05514205992221832,0.10270895063877106,-0.13699376583099365,2.760538339614868,3.3762795693006846,1303.5510577574905,0.559479296207428,0.3434208631515503,0.09376716613769531,0.01642449200153351,0.004990814719349146,0.4511301815509796
1744,0.01453540287911892,0.05067916214466095,0.1008172333240509,0.04992125928401947,3.1156556606292725,3.486601820578249,1669.7863394710232,0.38931819796562195,0.469206303358078,0.13506042957305908,0.10586896538734436,0.0026470450684428215,0.19129613041877747
1745,0.017395231872797012,0.05559179186820984,0.10833977162837982,-0.13981148600578308,2.629704475402832,3.195806314714868,986.4048806224944,0.7043712139129639,0.21914534270763397,0.07140447199344635,0.038110774010419846,0.0005869257147423923,0.5977330803871155
