样本编号,均方根_RMS,峰值_Peak,峰峰值_PeakToPeak,偏度_Skewness,峭度_Kurtosis,峰值因子_CrestFactor,频率重心_Hz,0到1kHz能量占比,1到3kHz能量占比,3到5kHz能量占比,一倍频能量占比,二倍频能量占比,三四倍频能量占比
0,0.02542172744870186,0.06428148597478867,0.1240321695804596,0.09154152870178223,2.277655601501465,2.5286041675166553,656.6222795400254,0.8545135259628296,0.09260524809360504,0.0528809018433094,0.03218872845172882,0.0020703549962490797,0.7991135716438293
1,0.02594386413693428,0.0642801970243454,0.1240321695804596,0.061590664088726044,2.2165091037750244,2.4776647257552114,612.2241359070478,0.8775054216384888,0.07836136966943741,0.0441264845430851,0.030950872227549553,0.001129202893935144,0.8219211101531982
2,0.030417928472161293,0.06433810293674469,0.1240321695804596,-0.12048154324293137,2.0619242191314697,2.1151375575595903,628.0188703226862,0.8735328912734985,0.08279355615377426,0.043669942766427994,0.04140353202819824,0.0009571635746397078,0.8158687949180603
3,0.015561826527118683,0.058742448687553406,0.11181759089231491,-0.10577593743801117,3.135118007659912,3.7747785313897184,1381.8947802985329,0.49357306957244873,0.4244271218776703,0.08199875801801682,0.1122116893529892,0.0020339747425168753,0.2933765947818756
4,0.018190614879131317,0.06216113641858101,0.11184005439281464,-0.30854594707489014,2.748324394226074,3.4172091943124174,1109.173270552323,0.6877356171607971,0.19925054907798767,0.11299538612365723,0.0867871418595314,0.0010172688635066152,0.5627967119216919
5,0.014567232690751553,0.04788748547434807,0.09539177268743515,-0.037061657756567,2.9405770301818848,3.2873426605908165,1470.7425213102974,0.48485833406448364,0.38732340931892395,0.1277923285961151,0.1410561501979828,0.004722260870039463,0.22998809814453125
6,0.014624189585447311,0.05070233345031738,0.09497015923261642,-0.1913292407989502,3.0168495178222656,3.467018336339458,1488.812069862809,0.47740381956100464,0.39603883028030396,0.12655343115329742,0.1389782726764679,0.0036651280242949724,0.22538051009178162
7,0.014732325449585915,0.05232197418808937,0.09664341807365417,-0.10970503836870193,2.9055397510528564,3.551508169133508,1494.8606772700264,0.45722323656082153,0.42385756969451904,0.11883990466594696,0.14427994191646576,0.0034728271421045065,0.212867870926857
8,0.015633508563041687,0.059750817716121674,0.11539628356695175,0.018294386565685272,2.874343156814575,3.8219710867433374,1426.0188684266843,0.5007669925689697,0.41935181617736816,0.07987938821315765,0.11645708233118057,0.002304693451151252,0.2888866364955902
9,0.018216218799352646,0.06300816684961319,0.11416459083557129,-0.28477105498313904,2.6790771484375,3.4589048111561675,1052.8273313584973,0.7178330421447754,0.16844652593135834,0.11365225166082382,0.08435073494911194,0.001455456716939807,0.5919862985610962
10,0.018191872164607048,0.05691704526543617,0.11151149123907089,-0.29371005296707153,2.7657392024993896,3.128707411051495,1104.8054850164851,0.700467050075531,0.1759280413389206,0.12360462546348572,0.08572067320346832,0.0012684260727837682,0.5706208944320679
11,0.018139673396945,0.06378287076950073,0.1112380176782608,-0.34492015838623047,2.7579405307769775,3.5162083335373913,1072.5273260020447,0.6910179853439331,0.2010265737771988,0.10795284807682037,0.09016714990139008,0.0024362385738641024,0.5547714233398438
12,0.014239379204809666,0.05139083415269852,0.1008753776550293,-0.10680215805768967,2.8535988330841064,3.6090642302531744,1265.731093995649,0.5763447284698486,0.33747223019599915,0.08618269115686417,0.13905492424964905,0.002557026455178857,0.3362535834312439
13,0.0176357701420784,0.06232137978076935,0.12206687033176422,-0.26559633016586304,2.6967647075653076,3.5338054009072546,1034.9807318810658,0.7219755053520203,0.17127303779125214,0.10660270601511002,0.09175214171409607,0.0017248543445020914,0.5912548303604126
14,0.026296505704522133,0.06427518278360367,0.12403217703104019,0.06904912739992142,2.228083372116089,2.444248049660309,650.5934479959529,0.851754367351532,0.0992034375667572,0.04903984069824219,0.028546536341309547,0.0014007840072736144,0.8015860319137573
15,0.01464966032654047,0.04976963251829147,0.09675662964582443,-0.07837904989719391,3.02082896232605,3.3973233102700404,1456.4224471338903,0.4853951632976532,0.38986313343048096,0.12474139034748077,0.13683834671974182,0.0036821055691689253,0.24742402136325836
16,0.017550978809595108,0.06041307374835014,0.1076025664806366,-0.33732762932777405,2.7708005905151367,3.442148406667793,981.3600825364746,0.7285143733024597,0.1774405837059021,0.0940067395567894,0.0944775715470314,0.0019360323203727603,0.585668683052063
17,0.014624481089413166,0.05595232546329498,0.11165515333414078,-0.058391667902469635,3.134108781814575,3.8259357796957043,1468.2508985117167,0.49351784586906433,0.3701384365558624,0.1363421380519867,0.13948954641819,0.004353553522378206,0.22961640357971191
18,0.030552567914128304,0.0643182247877121,0.1240321695804596,-0.1208999827504158,2.0420238971710205,2.1051659214499123,608.4296425486626,0.8912189602851868,0.0613943412899971,0.04738669842481613,0.04052674025297165,0.001435265177860856,0.8288508653640747
19,0.018528249114751816,0.0627729669213295,0.11662214994430542,-0.3106096684932709,2.803988218307495,3.3879600025435206,1154.6732418184538,0.6693527698516846,0.20414331555366516,0.12647370994091034,0.07928773015737534,0.00250788195990026,0.5427283644676208
20,0.015668828040361404,0.06426224857568741,0.1124870702624321,-0.18907245993614197,3.2453744411468506,4.101279840844045,1507.928115399995,0.48342418670654297,0.38800856471061707,0.12848611176013947,0.11943039298057556,0.004135569091886282,0.24512001872062683
21,0.014521255157887936,0.0573405958712101,0.10349299013614655,-0.08466751873493195,2.8275914192199707,3.948735508315477,1337.049132804299,0.5475691556930542,0.3447105586528778,0.10760317742824554,0.13082800805568695,0.005238277371972799,0.2872456908226013
22,0.014780948869884014,0.05432146042585373,0.10338935256004333,-0.06189644709229469,2.851428985595703,3.6750996773189493,1356.5579976285626,0.5287878513336182,0.37880173325538635,0.0924094095826149,0.13398945331573486,0.0046267081052064896,0.26397886872291565
23,0.014721165411174297,0.05798855796456337,0.10619550198316574,-0.11433832347393036,2.890716075897217,3.939128210366229,1305.9868864450987,0.545699417591095,0.366862952709198,0.08714912086725235,0.13090170919895172,0.0030853315256536007,0.31470826268196106
24,0.024840645492076874,0.06050673499703407,0.12027270346879959,0.07118311524391174,2.2465267181396484,2.4357956001544885,636.0881819869365,0.8576757311820984,0.0979907438158989,0.04433213546872139,0.03416868671774864,0.0015451115323230624,0.7974098920822144
25,0.018063871189951897,0.05971166491508484,0.1166936606168747,-0.32836809754371643,2.8383336067199707,3.3055851807111045,1067.0904340920026,0.7064845561981201,0.1852327436208725,0.10827324539422989,0.08791337162256241,0.0013944884994998574,0.581448495388031
26,0.025962170213460922,0.06427609920501709,0.1240321695804596,0.03666144609451294,2.208944082260132,2.4757598719237777,645.3629146100665,0.8566380739212036,0.09868256002664566,0.04467815160751343,0.02912217751145363,0.0014421431114897132,0.8037210702896118
27,0.015314001590013504,0.05127549543976784,0.09675614535808563,-0.19298799335956573,2.999009132385254,3.348275441596996,1451.3769215890964,0.5055122375488281,0.3515762686729431,0.14282992482185364,0.1240181252360344,0.005011187866330147,0.24517972767353058
28,0.014465357176959515,0.046957746148109436,0.08789549022912979,-0.11820770055055618,2.8177127838134766,3.246220993399162,1259.710783706985,0.5587476491928101,0.35921236872673035,0.08199501037597656,0.12889988720417023,0.003927659709006548,0.3260583281517029
29,0.031029285863041878,0.06428734213113785,0.1240321695804596,-0.12752112746238708,2.029766082763672,2.0718279631964363,624.5493805782799,0.873840868473053,0.08167197555303574,0.044461559504270554,0.03934478387236595,0.0012618907494470477,0.8139843940734863
30,0.015574776567518711,0.06427568942308426,0.10849951207637787,-0.1643611192703247,3.1147239208221436,4.126909245876739,1401.704589458263,0.5001366138458252,0.38221463561058044,0.11753704398870468,0.12100754678249359,0.0048368279822170734,0.24732157588005066
31,0.015332755632698536,0.05736469104886055,0.10904133319854736,-0.14786715805530548,3.1197352409362793,3.741316461261775,1485.9098778808275,0.4546201229095459,0.42096105217933655,0.12426138669252396,0.1273070126771927,0.0044883317314088345,0.21200105547904968
32,0.0179279912263155,0.06428862363100052,0.11741079390048981,-0.3066646158695221,2.6213135719299316,3.585935692173304,1108.691319780187,0.6759302020072937,0.2136964052915573,0.11037198454141617,0.09054834395647049,0.0017589970957487822,0.5473942160606384
33,0.02548697404563427,0.06425338238477707,0.12403217703104019,0.10725824534893036,2.316565990447998,2.5210282816316587,635.720926619551,0.8579791188240051,0.09741265326738358,0.0446074977517128,0.029812393710017204,0.0016611185856163502,0.8052625060081482
34,0.014029361307621002,0.04174201935529709,0.08195250481367111,-0.10243739187717438,2.7337634563446045,2.9753328349770802,1208.5190444305908,0.6042386889457703,0.30629923939704895,0.08936282247304916,0.1389683037996292,0.003827898297458887,0.34603533148765564
35,0.015031380578875542,0.05794332176446915,0.1024213433265686,-0.14626862108707428,3.0328009128570557,3.854823677476797,1599.5853044761013,0.44877851009368896,0.38482344150543213,0.1663946807384491,0.13660947978496552,0.003815786447376013,0.20960158109664917
36,0.01821058988571167,0.06098135560750961,0.1168377548456192,-0.26838117837905884,2.778411388397217,3.348675467784156,1131.118968722616,0.6697162389755249,0.21002063155174255,0.12023401260375977,0.08740181475877762,0.0016459604958072305,0.553566038608551
37,0.014763387851417065,0.053780216723680496,0.09636470675468445,-0.17074386775493622,2.991995334625244,3.642809987876569,1456.7400072331689,0.48038461804389954,0.39761558175086975,0.12196499109268188,0.14051735401153564,0.003965000621974468,0.22574301064014435
38,0.017822526395320892,0.05983031168580055,0.11116492748260498,-0.29181092977523804,2.7508668899536133,3.3570050819591626,1033.7711301461868,0.7119800448417664,0.1892666220664978,0.09873276203870773,0.08559782058000565,0.0020269432570785284,0.569351077079773
39,0.01408378779888153,0.04619435593485832,0.08952069282531738,-0.15067607164382935,2.9585282802581787,3.2799667668414383,1273.846713774147,0.5922967195510864,0.30461642146110535,0.10308010131120682,0.14104899764060974,0.0030629970133304596,0.3380707800388336
40,0.026047930121421814,0.06282510608434677,0.12260983139276505,0.07653174549341202,2.196492910385132,2.4119039704528196,613.2103570401388,0.8623059988021851,0.1019229143857956,0.03576630726456642,0.028780177235603333,0.0012376612285152078,0.8140791058540344
41,0.031032757833600044,0.06431417167186737,0.12403217703104019,-0.1250283569097519,2.0091521739959717,2.07246072085028,622.7644575365987,0.88148033618927,0.0734754204750061,0.04499969258904457,0.040073834359645844,0.0012971695978194475,0.8253076672554016
42,0.015147242695093155,0.0532742403447628,0.10090085864067078,-0.15411518514156342,3.0545058250427246,3.517091619486861,1439.731968567431,0.5089519619941711,0.36504673957824707,0.1259240210056305,0.12485601752996445,0.0038259236607700586,0.2646719515323639
43,0.014885900542140007,0.05079277232289314,0.09439322352409363,-0.09075292944908142,2.7888541221618652,3.412139707348804,1460.2940828731078,0.46188583970069885,0.42581045627593994,0.11227753758430481,0.13938915729522705,0.0046933311969041824,0.20793989300727844
44,0.017540065571665764,0.0642850324511528,0.11638473719358444,-0.3797973394393921,2.8301336765289307,3.665039459791636,1065.712752910622,0.7041260004043579,0.18970611691474915,0.10613825917243958,0.09348469227552414,0.0016458194004371762,0.5749316215515137
45,0.014810938388109207,0.04961606487631798,0.09468096494674683,-0.02788211777806282,2.725396156311035,3.3499609256900094,1255.7095861525768,0.5640350580215454,0.36010903120040894,0.07544206827878952,0.12640158832073212,0.003095556516200304,0.3241739571094513
46,0.015119241550564766,0.05361077934503555,0.10587915778160095,-0.0076229749247431755,2.752873420715332,3.545864332029744,1351.5483429042474,0.5264342427253723,0.38294491171836853,0.09061108529567719,0.12699316442012787,0.0033058610279113054,0.2723601460456848
47,0.015359707176685333,0.05975539609789848,0.10968273878097534,-0.06330926716327667,2.7850561141967773,3.8903994331813467,1470.7905781212648,0.4845944941043854,0.4359126091003418,0.07949283719062805,0.11593613773584366,0.0028280215337872505,0.2853871285915375
48,0.014363959431648254,0.048911068588495255,0.09381215274333954,-0.11460858583450317,2.9381163120269775,3.4051243891237877,1284.332151959912,0.5568533539772034,0.3536265790462494,0.0894135981798172,0.1350547969341278,0.003436415921896696,0.3241542875766754
49,0.030606864020228386,0.0642993152141571,0.1240321695804596,-0.13181591033935547,2.051600694656372,2.1008135681447215,612.8522669121708,0.880931556224823,0.07604967802762985,0.043018314987421036,0.04391545429825783,0.0010924331145361066,0.8167544007301331
50,0.014717886224389076,0.057202164083719254,0.11233346164226532,-0.06106313690543175,3.059112787246704,3.88657468930849,1554.331549644181,0.4632774591445923,0.37368789315223694,0.16303187608718872,0.14210045337677002,0.003639127826318145,0.2175050526857376
51,0.01527716126292944,0.05403905361890793,0.10114605724811554,-0.08738473057746887,2.858876943588257,3.537244432085581,1402.8487827468853,0.5063477754592896,0.3926631808280945,0.10096858441829681,0.12110228836536407,0.004102142062038183,0.2630214989185333
52,0.025460347533226013,0.06428968906402588,0.1240321695804596,0.07315196841955185,2.2230405807495117,2.5250907898096084,627.5823381317474,0.8638758659362793,0.08627092093229294,0.04985300824046135,0.031912676990032196,0.001292206346988678,0.8111115097999573
53,0.025983816012740135,0.06427347660064697,0.1240321695804596,0.04319213330745697,2.2642083168029785,2.473596509714332,657.9883783935321,0.8496092557907104,0.10598929971456528,0.04439934343099594,0.029824286699295044,0.0018473585369065404,0.7976968884468079
54,0.015316851437091827,0.05803455412387848,0.11218009889125824,-0.07028825581073761,3.0852761268615723,3.7889349752097887,1517.75420662421,0.451060950756073,0.42245087027549744,0.12648740410804749,0.13292649388313293,0.004267173353582621,0.21313977241516113
55,0.014523009769618511,0.06254534423351288,0.11482836306095123,-0.016089240089058876,2.9124221801757812,4.306637895407074,1434.9660704958235,0.5028948187828064,0.36443495750427246,0.13251487910747528,0.14074143767356873,0.004304182715713978,0.24080252647399902
56,0.014372341334819794,0.048837628215551376,0.09570905566215515,-0.16702225804328918,2.950002431869507,3.3980286909715045,1424.8494278871524,0.5051449537277222,0.36716189980506897,0.1276925653219223,0.14456850290298462,0.0032752561382949352,0.2511497437953949
57,0.017882850021123886,0.06083238497376442,0.11380793154239655,-0.2947189509868622,2.7669315338134766,3.4017164433244833,1071.4041028171332,0.6957651376724243,0.19426463544368744,0.10996771603822708,0.08991990983486176,0.001276745810173452,0.5748080015182495
58,0.014516433700919151,0.04885557293891907,0.09374940395355225,-0.07228276878595352,2.8401331901550293,3.3655354987403068,1322.2865721733194,0.5496513247489929,0.3363330066204071,0.11397232860326767,0.13628196716308594,0.004029050935059786,0.2797852158546448
59,0.014633722603321075,0.05970305576920509,0.10906994342803955,-0.05350353568792343,3.142636775970459,4.079826943800059,1466.9635720529836,0.4916412830352783,0.3848332166671753,0.12352301180362701,0.13883176445960999,0.002991106826812029,0.2226097285747528
60,0.015766365453600883,0.058806464076042175,0.1171436756849289,-0.09904244542121887,3.101776361465454,3.729868132600053,1578.2076021857283,0.4144226014614105,0.4550817310810089,0.130461186170578,0.11881329119205475,0.003122032852843404,0.19869036972522736
61,0.01827789470553398,0.058135274797677994,0.10847488790750504,-0.3201484680175781,2.6747920513153076,3.1806329848752113,1075.263837201562,0.6957572102546692,0.19780467450618744,0.1064177080988884,0.08170846849679947,0.0021326595451682806,0.5708128213882446
62,0.030957218259572983,0.0642838329076767,0.12403217703104019,-0.10865326970815659,2.051755428314209,2.0765377679152905,650.5488519721285,0.8687100410461426,0.07922089844942093,0.052067141979932785,0.04039876535534859,0.0010787796927616,0.8079704642295837
63,0.015002629719674587,0.0511009655892849,0.09602072089910507,-0.10087672621011734,3.0565907955169678,3.4061338939042454,1537.2357494947735,0.4504816234111786,0.39828452467918396,0.15116894245147705,0.13701936602592468,0.004232720471918583,0.2181827276945114
64,0.030514664947986603,0.0643378272652626,0.1240321695804596,-0.13514691591262817,2.015204429626465,2.108423191695548,589.5413593464439,0.8928058743476868,0.06745466589927673,0.03973684832453728,0.04282405227422714,0.0008016583160497248,0.831600546836853
65,0.015097526833415031,0.054824456572532654,0.10672035068273544,-0.0693499967455864,2.928410053253174,3.6313534775483562,1307.3971715748519,0.5361121296882629,0.38555708527565,0.0783306285738945,0.12294802814722061,0.0024426549207419157,0.3039968013763428
66,0.015340499579906464,0.059228260070085526,0.10727669298648834,-0.16181251406669617,3.171790361404419,3.860908163890824,1451.9037258895564,0.500560462474823,0.38170674443244934,0.11772612482309341,0.1266530156135559,0.004625076428055763,0.2580465078353882
67,0.015065271407365799,0.05609958618879318,0.10192328691482544,-0.04740959778428078,3.005309581756592,3.723768704070003,1521.5708080239342,0.4600359797477722,0.3952617645263672,0.14465171098709106,0.13666358590126038,0.004301300272345543,0.21158774197101593
68,0.01808212324976921,0.06429193913936615,0.11204345524311066,-0.3406323492527008,2.8938019275665283,3.5555525337231173,1110.1290107409354,0.6938797235488892,0.18513667583465576,0.12091825902462006,0.08937880396842957,0.0010082104708999395,0.5666587948799133
69,0.015131725929677486,0.05433507636189461,0.10109422355890274,-0.11561115086078644,2.9857826232910156,3.590804949205281,1417.3422318203754,0.5143899917602539,0.36518269777297974,0.12042605131864548,0.12724776566028595,0.004011680372059345,0.26683637499809265
70,0.014824657700955868,0.05521705374121666,0.1036338061094284,-0.07099718600511551,3.162259578704834,3.724676471547244,1365.4503895157552,0.5263118147850037,0.3902915418148041,0.08294837921857834,0.12456374615430832,0.003216807497665286,0.30117306113243103
71,0.0149492546916008,0.052443839609622955,0.0936480164527893,-0.09445538371801376,2.7769317626953125,3.508124029459493,1397.106457689472,0.5073444247245789,0.3863894045352936,0.10624755173921585,0.12818852066993713,0.004363886546343565,0.26382333040237427
72,0.014607957564294338,0.049194782972335815,0.09457031637430191,-0.19141316413879395,2.7678780555725098,3.367670172400626,1293.5856159045331,0.5659048557281494,0.34068888425827026,0.0929398238658905,0.13533073663711548,0.004183638840913773,0.33653759956359863
73,0.015067502856254578,0.06100882589817047,0.10752677917480469,-0.22295892238616943,3.236539840698242,4.0490336372358104,1532.7870145387974,0.45163601636886597,0.4227997660636902,0.12551364302635193,0.13152185082435608,0.0045738439075648785,0.21998368203639984
74,0.013977683149278164,0.05046751722693443,0.09977550804615021,-0.12241686880588531,2.8460378646850586,3.610578139763463,1243.3765758322313,0.5937156677246094,0.3143976032733917,0.09186466038227081,0.1434287428855896,0.002556926803663373,0.3410542905330658
75,0.014435648918151855,0.048025257885456085,0.09295663237571716,-0.13467703759670258,2.923097848892212,3.3268513354976865,1220.5393373046065,0.5726696252822876,0.35062071681022644,0.07668998837471008,0.13611185550689697,0.0031613577157258987,0.3438347578048706
76,0.014277701266109943,0.04703779146075249,0.08688226342201233,-0.1721016764640808,2.898637056350708,3.294493320791671,1264.9684302308888,0.5530964732170105,0.36538225412368774,0.0814955085515976,0.13646981120109558,0.003059784881770611,0.3249710500240326
77,0.01782669499516487,0.062378060072660446,0.1083502247929573,-0.32806748151779175,2.744584321975708,3.499137674486499,1040.9892564349552,0.7036696076393127,0.1965756118297577,0.09971009194850922,0.09013602137565613,0.0018083632458001375,0.5745188593864441
78,0.015802452340722084,0.05226748064160347,0.1024048775434494,-0.04066720977425575,2.926130533218384,3.307555024456893,1487.9735884257293,0.4708774983882904,0.4201876223087311,0.10878048092126846,0.11515896022319794,0.003777227131649852,0.23981384932994843
79,0.014670507051050663,0.05213646590709686,0.10117541253566742,-0.01948961243033409,2.9493021965026855,3.55382848882576,1469.635305623319,0.4740913212299347,0.4091368615627289,0.11676997691392899,0.1393907070159912,0.0043314117938280106,0.21979336440563202
80,0.01815885119140148,0.06343703716993332,0.12318292260169983,-0.24611088633537292,2.7893190383911133,3.4934499158448067,1059.7416696903888,0.7057126760482788,0.17451681196689606,0.11970677971839905,0.08821868151426315,0.0018906923942267895,0.5815163850784302
81,0.03116823546588421,0.06432216614484787,0.1240321695804596,-0.11006811261177063,2.0568864345550537,2.0637089389673413,628.5228722014567,0.8699814677238464,0.08682870119810104,0.04318864271044731,0.03915669396519661,0.0007816761499270797,0.8145205974578857
82,0.030550193041563034,0.06431835144758224,0.1240321695804596,-0.12413150072097778,2.028618574142456,2.105333716155995,578.0106864613458,0.8944066762924194,0.06655172258615494,0.039040546864271164,0.044083867222070694,0.0016577072674408555,0.8300864696502686
83,0.030321210622787476,0.06430895626544952,0.12403217703104019,-0.13455574214458466,2.0519182682037354,2.1209231077006576,603.1374754455626,0.8868032097816467,0.06839671730995178,0.044799886643886566,0.043811578303575516,0.0013429243117570877,0.8253298401832581
84,0.01805337704718113,0.06429768353700638,0.12181469053030014,-0.2955262362957001,2.782649040222168,3.561532192309934,1155.2925177069717,0.6620650887489319,0.22554391622543335,0.11239016056060791,0.08727879077196121,0.0017426323611289263,0.5423129796981812
85,0.015041399747133255,0.052490316331386566,0.0986911803483963,0.002521561924368143,2.9379827976226807,3.489722845634828,1375.8273490481695,0.5223405361175537,0.3807004690170288,0.09685099869966507,0.12517033517360687,0.0021886005997657776,0.3111666440963745
86,0.014647681266069412,0.06243285536766052,0.10816125571727753,-0.10565856099128723,2.9286389350891113,4.262302969960213,1492.2398574492609,0.47784024477005005,0.3899975121021271,0.13216175138950348,0.13864286243915558,0.0038432790897786617,0.2286132425069809
87,0.01562621258199215,0.05342087149620056,0.10587245225906372,-0.07569864392280579,3.1408770084381104,3.4186704687701996,1557.652827325555,0.4384933412075043,0.43821173906326294,0.12311656773090363,0.12549778819084167,0.003192707197740674,0.20979873836040497
88,0.014507252722978592,0.053228214383125305,0.09956035763025284,-0.1941744089126587,2.954143524169922,3.6690761094377313,1331.2346621543245,0.5417212247848511,0.3497526943683624,0.10850042849779129,0.1345546692609787,0.0034746089950203896,0.28076377511024475
89,0.017827289178967476,0.06223660334944725,0.11040574312210083,-0.35202720761299133,2.7699713706970215,3.491086206162097,1039.5584608588126,0.7109310030937195,0.18343865871429443,0.10562823712825775,0.08870702981948853,0.0010100305080413818,0.5843240022659302
90,0.025860900059342384,0.06427360326051712,0.1240321695804596,0.06530720740556717,2.2027010917663574,2.485358325137357,617.0811010868034,0.8703851103782654,0.08702146261930466,0.04259118437767029,0.031061751767992973,0.0010492780711501837,0.8117417693138123
91,0.014965927228331566,0.05822232738137245,0.09986142069101334,-0.13870114088058472,3.009469509124756,3.890325436519771,1468.3963441125147,0.501399576663971,0.37641656398773193,0.12217922508716583,0.1307131052017212,0.0037091337144374847,0.25300464034080505
92,0.01795346476137638,0.05619689077138901,0.11051100492477417,-0.22812438011169434,2.7198498249053955,3.130141814696196,1158.9552495153978,0.6803966164588928,0.19327625632286072,0.12631043791770935,0.08568982034921646,0.0020643214229494333,0.5612263083457947
93,0.030592933297157288,0.06429994851350784,0.12403217703104019,-0.12811161577701569,2.021880865097046,2.1017908902962517,617.7093767687221,0.8826799392700195,0.07220186293125153,0.045118123292922974,0.04290461912751198,0.0013678654795512557,0.8203202486038208
94,0.014608468860387802,0.05964190885424614,0.11113843321800232,-0.16457873582839966,3.122804880142212,4.08269404686811,1333.2784943253546,0.554839551448822,0.3443470001220703,0.10079959779977798,0.12952953577041626,0.0034527687821537256,0.3169826865196228
95,0.014906704425811768,0.05930303782224655,0.11377494037151337,-0.16771480441093445,3.16678786277771,3.978279579729363,1292.3819763074493,0.5420191884040833,0.3759101629257202,0.08204175531864166,0.12587246298789978,0.0031383337918668985,0.31662043929100037
96,0.014847946353256702,0.055652767419815063,0.10565142333507538,0.007173269521445036,2.9961049556732178,3.7481794513528923,1346.4954281752173,0.5435912609100342,0.3742273151874542,0.08208127319812775,0.12835189700126648,0.003121248446404934,0.3062421381473541
97,0.02540406584739685,0.0642707422375679,0.1240321695804596,0.059412989765405655,2.2455673217773438,2.5299392082005556,632.2803247136482,0.8672960996627808,0.08710604906082153,0.045596156269311905,0.028530726209282875,0.0014286292716860771,0.8169874548912048
98,0.025379139930009842,0.06428365409374237,0.12403217703104019,0.04833022877573967,2.229046583175659,2.5329327261873256,632.049298410838,0.8677838444709778,0.0856996476650238,0.04651480168104172,0.030259108170866966,0.0016128545394167304,0.8179833292961121
99,0.018354065716266632,0.05944762006402016,0.11174117028713226,-0.302616685628891,2.8052804470062256,3.238934685086949,1103.2215676646313,0.6905419826507568,0.19319546222686768,0.11623825132846832,0.08730576932430267,0.0017647410277277231,0.5640420913696289
100,0.018037937581539154,0.05841943249106407,0.11324258148670197,-0.30374085903167725,2.8370282649993896,3.2386980065622626,1104.9448206220904,0.6869918704032898,0.1956028789281845,0.1173517182469368,0.0887627899646759,0.0013718270929530263,0.5624755620956421
101,0.018371740356087685,0.059747789055109024,0.11744430661201477,-0.20253422856330872,2.59712815284729,3.2521572749126495,1075.3348056575915,0.6893863677978516,0.21252650022506714,0.09808214753866196,0.08544393628835678,0.0014375195605680346,0.5715207457542419
102,0.030432822182774544,0.06434303522109985,0.1240321695804596,-0.12975889444351196,2.0628504753112793,2.1142644882736104,616.2164539374305,0.8780942559242249,0.0784076526761055,0.0434960275888443,0.04160689562559128,0.0012322876136749983,0.814131498336792
103,0.014398393221199512,0.047839462757110596,0.08743263781070709,-0.17025090754032135,2.834359884262085,3.3225556504007323,1262.4946834490324,0.5728684663772583,0.3479086756706238,0.07921000570058823,0.13725915551185608,0.002779007889330387,0.3420816957950592
104,0.030217783525586128,0.06432021409273148,0.12403217703104019,-0.11737198382616043,2.059093713760376,2.1285549959725354,628.2337797537273,0.8731177449226379,0.08282094448804855,0.04405484348535538,0.04255407303571701,0.000921966100577265,0.81297767162323
105,0.015262432396411896,0.05177171155810356,0.09688014537096024,-0.16062627732753754,2.965975046157837,3.3921009580938533,1446.263511478537,0.5063983201980591,0.3603894114494324,0.1331557035446167,0.12401395291090012,0.0035242189187556505,0.2527463734149933
106,0.031013282015919685,0.06430956721305847,0.1240321695804596,-0.10778506845235825,2.06626558303833,2.073613723886868,640.0533556318169,0.8617239594459534,0.09465552121400833,0.04361797496676445,0.03841515630483627,0.0013803590554744005,0.8056758046150208
107,0.01491936668753624,0.051602642983198166,0.09653580188751221,-0.16019485890865326,2.8372292518615723,3.458768998743671,1299.332388860633,0.5396580100059509,0.374965637922287,0.08529160916805267,0.12664659321308136,0.0026970456819981337,0.3177257180213928
108,0.014257806353271008,0.0456094928085804,0.0887242928147316,-0.09601226449012756,2.7572896480560303,3.1989137511969234,1251.9245300677967,0.5921825170516968,0.3130285143852234,0.09478814899921417,0.1372617781162262,0.00278464681468904,0.3501453697681427
109,0.015066897496581078,0.061340440064668655,0.11976668238639832,-0.07560127973556519,3.0858521461486816,4.071205772423725,1503.6497404630015,0.4567253291606903,0.43118390440940857,0.1120901107788086,0.13137780129909515,0.004254528786987066,0.21004009246826172
110,0.014768810011446476,0.06427077949047089,0.11219347268342972,-0.24239163100719452,3.102856397628784,4.351791338388565,1368.3499581842268,0.5407468676567078,0.35689303278923035,0.10230721533298492,0.1311333179473877,0.003667557379230857,0.2801930904388428
111,0.017907608300447464,0.06430332362651825,0.10904066264629364,-0.3242295980453491,2.674287796020508,3.5908381814069856,1026.3922125830804,0.7202327847480774,0.17424385249614716,0.10547763109207153,0.09004650264978409,0.0014843604294583201,0.5874543190002441
112,0.01482685748487711,0.06339673697948456,0.11385102570056915,-0.09512535482645035,3.2514896392822266,4.275804029267245,1445.6939376307027,0.476959228515625,0.4093432128429413,0.11367795616388321,0.1355593353509903,0.004877498839050531,0.226341113448143
113,0.01816662773489952,0.06004876643419266,0.11250555515289307,-0.31868308782577515,2.67206072807312,3.305443767944274,1073.743677347324,0.6923600435256958,0.20102064311504364,0.10661919414997101,0.08767277747392654,0.0015592067502439022,0.5739570260047913
114,0.014519424177706242,0.048984769731760025,0.09259260445833206,-0.15560579299926758,2.85040545463562,3.3737405236496665,1326.988711267137,0.5502630472183228,0.3571816682815552,0.0924752727150917,0.13428348302841187,0.003347565419971943,0.31290796399116516
115,0.03011823259294033,0.06429354101419449,0.1240321695804596,-0.13429288566112518,2.0434563159942627,2.13470497691588,594.1455270050835,0.8907992839813232,0.06429453939199448,0.04490118473768234,0.044663622975349426,0.0008861806127242744,0.8226312398910522
116,0.030122093856334686,0.06434182822704315,0.12403217703104019,-0.12451650202274323,2.117136240005493,2.136034384986023,616.7628636684935,0.8800047039985657,0.07306941598653793,0.04692557454109192,0.04404183477163315,0.0011787415714934468,0.8113949298858643
117,0.014496419578790665,0.04605109244585037,0.08902867883443832,-0.07413938641548157,2.5915563106536865,3.176721823783978,1339.0002923722493,0.5403087735176086,0.3589346408843994,0.10067667067050934,0.13375316560268402,0.002858556807041168,0.31581243872642517
118,0.015734408050775528,0.05976412817835808,0.11138894408941269,-0.07880089432001114,2.947779417037964,3.7983080127132003,1542.220845882237,0.45631343126296997,0.4015067219734192,0.14213694632053375,0.11467715352773666,0.0033151465468108654,0.23544351756572723
119,0.03012429177761078,0.06432458013296127,0.12403217703104019,-0.11896296590566635,2.0680692195892334,2.135305971861347,652.8485287191554,0.8677001595497131,0.07876529544591904,0.05353453755378723,0.0422346293926239,0.0012371897464618087,0.8050743937492371
120,0.014097599312663078,0.04665067791938782,0.08821903169155121,-0.0793759673833847,2.883533239364624,3.309122133594407,1318.1814677302757,0.5687939524650574,0.3239065408706665,0.10729911923408508,0.141489177942276,0.002258701017126441,0.326141893863678
121,0.014818147756159306,0.054389588534832,0.09875398129224777,-0.07139633595943451,2.776698589324951,3.6704714668912635,1498.4495132681802,0.4737100601196289,0.4085548520088196,0.117734894156456,0.13611744344234467,0.00358774047344923,0.22764305770397186
122,0.018418263643980026,0.06165967136621475,0.12066708505153656,-0.2885522246360779,2.70146107673645,3.3477461586353368,1043.010906908812,0.7105159163475037,0.19059987366199493,0.09887979924678802,0.08486317098140717,0.0013804096961393952,0.5772795677185059
123,0.014981064945459366,0.052854135632514954,0.1050758808851242,-0.04953799769282341,2.9651668071746826,3.528062645840577,1478.5689459821187,0.4677770137786865,0.4097193479537964,0.12249065190553665,0.13448376953601837,0.003809224348515272,0.21872955560684204
124,0.015165754593908787,0.05985509231686592,0.11091575026512146,-0.13867931067943573,3.1457359790802,3.946726946047218,1442.5381217181623,0.5033702850341797,0.37077271938323975,0.12585197389125824,0.12453536689281464,0.004080398473888636,0.25610703229904175
125,0.014644227921962738,0.052081119269132614,0.10031822323799133,-0.039060741662979126,2.712728977203369,3.5564264325241295,1300.6131948920722,0.5615333914756775,0.34586265683174133,0.0924587994813919,0.13097822666168213,0.004078767262399197,0.32100242376327515
126,0.01773296855390072,0.06428849697113037,0.11680299043655396,-0.36497190594673157,2.792508602142334,3.6253657571260667,1019.5107117214462,0.7203993201255798,0.17130455374717712,0.10828614979982376,0.09123091399669647,0.0014055705396458507,0.594049870967865
127,0.02552057057619095,0.06260901689529419,0.12236063182353973,0.09246525913476944,2.2748866081237793,2.453276532588621,652.7779146450538,0.85333651304245,0.09754250943660736,0.049117643386125565,0.03032061457633972,0.001799513236619532,0.8042005896568298
128,0.0184408538043499,0.06353561580181122,0.1232808381319046,-0.2783351540565491,2.8058040142059326,3.44537278330241,1101.1038482087,0.6879981160163879,0.19652847945690155,0.11543994396924973,0.08138398826122284,0.0021456347312778234,0.5663118958473206
129,0.014467122964560986,0.047904230654239655,0.0931573361158371,-0.12332881987094879,2.89013671875,3.311247907982518,1247.5452983985278,0.5684329271316528,0.35012972354888916,0.08134060353040695,0.12863756716251373,0.004589003976434469,0.3363993763923645
130,0.014530530199408531,0.06428328901529312,0.11327530443668365,-0.16749253869056702,3.093557596206665,4.424015375122773,1263.357812037688,0.5842990875244141,0.33034127950668335,0.08510078489780426,0.12943488359451294,0.0027893423102796078,0.354130357503891
131,0.014948416501283646,0.050233036279678345,0.09426489472389221,-0.04660628363490105,2.74110746383667,3.360425251196628,1358.0039656174692,0.5243220925331116,0.374299019575119,0.1013784185051918,0.12813407182693481,0.004142456222325563,0.2741439938545227
132,0.018382418900728226,0.05876995995640755,0.10807640850543976,-0.2819223701953888,2.7785093784332275,3.1970743497136977,1105.9386817346606,0.6707666516304016,0.22787949442863464,0.10133516788482666,0.08665386587381363,0.0014387944247573614,0.5425341129302979
133,0.014850661158561707,0.057163093239068985,0.09823917597532272,-0.17023225128650665,2.9872753620147705,3.8491951721802034,1546.8601174173953,0.4563586413860321,0.42360731959342957,0.12003102898597717,0.13655830919742584,0.003769712056964636,0.22672390937805176
134,0.014285876415669918,0.04579843208193779,0.08802138268947601,-0.17443600296974182,2.7922446727752686,3.205853861965127,1237.332603728253,0.5960451364517212,0.31628331542015076,0.08765681087970734,0.13875578343868256,0.004099564626812935,0.34584471583366394
135,0.025471514090895653,0.06427978724241257,0.1240321695804596,0.05816086381673813,2.227283477783203,2.523595064294378,629.3502140841582,0.8631871938705444,0.09398104250431061,0.04283161833882332,0.029747754335403442,0.0010463063372299075,0.8075786828994751
136,0.014237993396818638,0.05145622417330742,0.10087087750434875,-0.10586917400360107,2.8547067642211914,3.614008149574706,1266.0410312123192,0.5762245059013367,0.3375823199748993,0.08619286864995956,0.13942846655845642,0.0025746184401214123,0.33576861023902893
137,0.025566676631569862,0.0642564445734024,0.12403217703104019,0.05196745693683624,2.2382707595825195,2.5132888993301905,651.0784736094242,0.8512865304946899,0.10352563112974167,0.045187801122665405,0.030557937920093536,0.0018592310370877385,0.7965319156646729
138,0.01469934917986393,0.048992596566677094,0.0978921502828598,-0.15337079763412476,2.8077454566955566,3.332977260684247,1310.800842078852,0.5710362792015076,0.3276897966861725,0.10126730054616928,0.12992700934410095,0.002733017550781369,0.33258363604545593
139,0.018357617780566216,0.05518946424126625,0.10614337772130966,-0.2539547085762024,2.5056002140045166,3.006352180220502,1073.464988577499,0.7002012729644775,0.19078831374645233,0.10887152701616287,0.08406820148229599,0.0016948006814345717,0.5760834217071533
140,0.014283034950494766,0.05154293403029442,0.10078649967908859,-0.06592603027820587,3.0412850379943848,3.6086822027205274,1461.0789310487396,0.47755610942840576,0.38641273975372314,0.13602018356323242,0.14262902736663818,0.0038535366766154766,0.23192474246025085
141,0.014697966165840626,0.05333744361996651,0.1014493852853775,-0.01075740996748209,2.7968194484710693,3.6288996051915365,1290.640640814045,0.5584132671356201,0.3414413630962372,0.10012121498584747,0.13189642131328583,0.0035081070382148027,0.3177430331707001
142,0.014739234931766987,0.049549173563718796,0.09236115217208862,-0.11412070691585541,2.735518217086792,3.361719505098964,1287.2211435977717,0.5566765666007996,0.36843347549438477,0.07488585263490677,0.13056662678718567,0.0027699186466634274,0.33233627676963806
143,0.030474789440631866,0.06431346386671066,0.12403217703104019,-0.1369580179452896,2.063490390777588,2.110382550464861,595.1069642263068,0.88494473695755,0.07557196915149689,0.03948212414979935,0.04284362867474556,0.0006785817677155137,0.8173158168792725
144,0.026049766689538956,0.06264691054821014,0.12242838740348816,0.07609431445598602,2.195085048675537,2.404893344820741,613.2843840757796,0.862354576587677,0.10181505978107452,0.03582649677991867,0.028589613735675812,0.0012301135575398803,0.8143017292022705
145,0.014865010045468807,0.06288024038076401,0.11452259123325348,-0.2257111668586731,3.1838037967681885,4.230083947753621,1494.8445383199796,0.47478097677230835,0.3886682689189911,0.13654941320419312,0.1367478370666504,0.0036650870461016893,0.22894452512264252
146,0.014594150707125664,0.04841344803571701,0.09104545414447784,-0.07860052585601807,2.803335666656494,3.3173186301798014,1476.4044431959016,0.48453488945961,0.3875582218170166,0.127354234457016,0.1405276209115982,0.0037686843425035477,0.2304813414812088
147,0.01496368832886219,0.05260797590017319,0.09961475431919098,-0.07144434750080109,2.8033289909362793,3.515709144729138,1348.9032484470233,0.5397170186042786,0.36565491557121277,0.09462188929319382,0.12533581256866455,0.0036758293863385916,0.3181261718273163
148,0.014501604251563549,0.045843616127967834,0.0889977365732193,-0.07391101866960526,2.592623233795166,3.161278940560231,1339.2832937265607,0.5403575301170349,0.3585294485092163,0.1010231301188469,0.13375569880008698,0.0028408835642039776,0.3157292604446411
149,0.014915872365236282,0.05759185180068016,0.10407489538192749,-0.15398012101650238,2.991642475128174,3.86111186705014,1497.0205196290885,0.4685995578765869,0.4062977135181427,0.12510080635547638,0.1384616643190384,0.0045735533349215984,0.21737152338027954
150,0.015378734096884727,0.056118547916412354,0.10249677300453186,-0.11417238414287567,3.0162580013275146,3.649100606020049,1495.5293914186063,0.48952624201774597,0.36851760745048523,0.14192774891853333,0.12386078387498856,0.0037910889368504286,0.24500270187854767
151,0.014896289445459843,0.06427817791700363,0.10708071291446686,-0.13520465791225433,2.838073492050171,4.315046250143828,1354.7101361562925,0.5245673656463623,0.363004595041275,0.11241436004638672,0.12818458676338196,0.00352818937972188,0.2710929811000824
152,0.02607639506459236,0.06428152322769165,0.1240321695804596,0.0568852499127388,2.2594282627105713,2.465123076483479,634.6427183679086,0.8577290773391724,0.09808880090713501,0.04417983815073967,0.027741145342588425,0.0014178231358528137,0.8086503148078918
153,0.01805289275944233,0.058117546141147614,0.11307133734226227,-0.22868575155735016,2.7061634063720703,3.21929271460003,1054.7084261701311,0.6988345384597778,0.1999027580022812,0.10124821960926056,0.08744180202484131,0.0015352655900642276,0.5743340849876404
154,0.025903629139065742,0.0642707496881485,0.1240321695804596,0.04756409674882889,2.184319257736206,2.4811484653607647,619.4784936621726,0.8681328892707825,0.08945529162883759,0.042411740869283676,0.031019100919365883,0.002137755276635289,0.8149886131286621
155,0.015528572723269463,0.0573573112487793,0.10840722918510437,-0.08313390612602234,3.0339314937591553,3.6936627896996668,1490.2765852986734,0.4943184554576874,0.3722076416015625,0.13345620036125183,0.11973810940980911,0.0033149549271911383,0.25065913796424866
156,0.014919926412403584,0.057230811566114426,0.10020661354064941,-0.12235138565301895,2.9110312461853027,3.8358641980097232,1511.1181541215756,0.46909087896347046,0.40455853939056396,0.1263478696346283,0.14008073508739471,0.0041996268555521965,0.22072815895080566
157,0.014672833494842052,0.05066954717040062,0.09969856590032578,-0.18563511967658997,3.046942949295044,3.4532898628447746,1498.848260706058,0.4747595489025116,0.39988625049591064,0.1253388524055481,0.13919344544410706,0.00297743477858603,0.23307327926158905
158,0.03110632672905922,0.06431826949119568,0.12403217703104019,-0.11085522174835205,2.086099863052368,2.067690925043956,641.3805084910726,0.8730042576789856,0.07656482607126236,0.05043066293001175,0.04022826999425888,0.000852101540658623,0.8081058263778687
159,0.03017519786953926,0.06426979601383209,0.1240321695804596,-0.12489208579063416,2.090488910675049,2.129888138250791,617.9148099194376,0.8745716214179993,0.08509459346532822,0.04033108800649643,0.04494690150022507,0.0017708902014419436,0.8079277873039246
160,0.015526387840509415,0.05266886577010155,0.10183364152908325,-0.03784344345331192,3.0234720706939697,3.392216290597394,1580.9826281077287,0.43457016348838806,0.4541850686073303,0.110665462911129,0.12709392607212067,0.0038440260104835033,0.19967857003211975
161,0.030695630237460136,0.064311683177948,0.1240321695804596,-0.12864349782466888,2.002521276473999,2.0951413174559477,584.6891329256755,0.8976220488548279,0.05871330946683884,0.04365919530391693,0.04173261672258377,0.001411869190633297,0.8371238708496094
162,0.01802142895758152,0.059283651411533356,0.10515102744102478,-0.2966077923774719,2.5824294090270996,3.289619904602705,1050.0132093264015,0.6991201639175415,0.20168913900852203,0.09918732196092606,0.08781127631664276,0.0012738839723169804,0.5812352299690247
163,0.014765383675694466,0.048527978360652924,0.09200683236122131,-0.039975184947252274,2.805474281311035,3.2866046303455696,1465.7310157305326,0.4858544170856476,0.3828863799571991,0.1312449872493744,0.1392730474472046,0.004892714787274599,0.227597177028656
164,0.025818901136517525,0.06425752490758896,0.12403217703104019,0.06068684160709381,2.3074135780334473,2.488778455959001,671.6117270071148,0.8392685651779175,0.11607877910137177,0.044648151844739914,0.030979586765170097,0.0015577885787934065,0.7892701029777527
165,0.014512945897877216,0.04606205224990845,0.08727505803108215,-0.02487262897193432,2.672609806060791,3.17385957136876,1303.0436626974376,0.5708849430084229,0.33951398730278015,0.0895727351307869,0.13283492624759674,0.0028439301531761885,0.338507741689682
166,0.014347664080560207,0.04725731164216995,0.09170728921890259,-0.09216897934675217,2.772533416748047,3.293728607913648,1259.3534781188234,0.5807705521583557,0.3316035866737366,0.08751533180475235,0.14053975045681,0.003479032777249813,0.33924269676208496
167,0.015590822324156761,0.06291977316141129,0.11916360259056091,-0.16699433326721191,3.255519151687622,4.0356930410198,1585.2138776107001,0.4331241846084595,0.4275892376899719,0.13928626477718353,0.1232481449842453,0.0038547758013010025,0.19241756200790405
168,0.015438713133335114,0.056059159338474274,0.10707341134548187,-0.10393039882183075,2.7412242889404297,3.631077205120213,1461.1569358132706,0.5013841390609741,0.368308961391449,0.13029168546199799,0.12316253036260605,0.004341185092926025,0.25036320090293884
169,0.025817176327109337,0.0642772912979126,0.1240321695804596,0.06947662681341171,2.2444467544555664,2.489710357206202,662.9367676026329,0.8480902314186096,0.10160017758607864,0.050304971635341644,0.030823158100247383,0.0010543367825448513,0.7980538606643677
170,0.014450698159635067,0.05362270027399063,0.09114262461662292,-0.1857888549566269,2.7731783390045166,3.7107342273651134,1282.7337764191443,0.5577447414398193,0.35243046283721924,0.08980265259742737,0.13264626264572144,0.0035007477272301912,0.31650421023368835
171,0.015457120724022388,0.06427232176065445,0.1240321695804596,-0.021544048562645912,3.1105265617370605,4.158104404050409,1578.0680695657147,0.4444161057472229,0.4125955104827881,0.14291678369045258,0.13647989928722382,0.003633916610851884,0.21324525773525238
172,0.0249375831335783,0.06426920741796494,0.1240321695804596,0.06244732066988945,2.2210986614227295,2.577202733365514,600.1062392220912,0.8798011541366577,0.078984335064888,0.041214410215616226,0.03228425607085228,0.0025906458031386137,0.8240958452224731
173,0.018167439848184586,0.0642889067530632,0.1154007688164711,-0.28002485632896423,2.797762393951416,3.5386882954754193,1032.5918531320167,0.6963108777999878,0.20887550711631775,0.0947965681552887,0.09062622487545013,0.0016577168134972453,0.5623582601547241
174,0.030584974214434624,0.06431949138641357,0.1240321695804596,-0.11920137703418732,2.0611348152160645,2.102976805975364,645.8322736861469,0.865256667137146,0.08908345550298691,0.04564478248357773,0.04221363365650177,0.0012012739898636937,0.8015232086181641
175,0.015264004468917847,0.06170104444026947,0.10721572488546371,-0.22985698282718658,3.23418927192688,4.0422580170144276,1530.5629443476248,0.430793434381485,0.44036978483200073,0.12883667647838593,0.13211065530776978,0.0034568069968372583,0.19625991582870483
176,0.015032104216516018,0.05107620730996132,0.09575457870960236,-0.15478993952274323,2.850409507751465,3.3978082223808195,1577.0819883916056,0.45042556524276733,0.3867358863353729,0.16282738745212555,0.1311396062374115,0.004054638557136059,0.2213653326034546
177,0.013952190056443214,0.04815690219402313,0.08742502331733704,-0.10903820395469666,2.7097086906433105,3.4515658112277783,1246.1117487562717,0.595628023147583,0.2950991094112396,0.10912864655256271,0.14350691437721252,0.0034831108059734106,0.34798088669776917
178,0.030677393078804016,0.06431692093610764,0.1240321695804596,-0.12711788713932037,2.0790302753448486,2.0965575780443246,636.224525475525,0.8710400462150574,0.08060024678707123,0.04835279658436775,0.04120435193181038,0.0006016485276632011,0.8073455691337585
179,0.018890049308538437,0.06033967435359955,0.12009039521217346,-0.24668283760547638,2.8267767429351807,3.194257112030477,1175.5467912782624,0.6364824771881104,0.2568362355232239,0.106641486287117,0.0812331810593605,0.001498689060099423,0.5189765691757202
180,0.018254492431879044,0.05973561480641365,0.11147531867027283,-0.28700512647628784,2.704263687133789,3.2723788418691373,1068.2445920873752,0.6891461610794067,0.21582967042922974,0.09496903419494629,0.08377762138843536,0.0020263222977519035,0.5555906295776367
181,0.0306243896484375,0.06432244181632996,0.1240321695804596,-0.12947219610214233,2.0351412296295166,2.1003664906513952,591.2582583269462,0.8925290703773499,0.06696948409080505,0.040488313883543015,0.0412977896630764,0.0011706481454893947,0.8275076150894165
182,0.015261459164321423,0.055702365934848785,0.10417471826076508,-0.2440379112958908,2.988912582397461,3.6498715706962765,1408.9856656215666,0.5045710802078247,0.3809248208999634,0.1142900362610817,0.12737298011779785,0.004268381278961897,0.2481263428926468
183,0.014797207899391651,0.05798506736755371,0.10955516993999481,-0.10870816558599472,3.117751359939575,3.918649231522858,1364.7757585792551,0.5348391532897949,0.3518714904785156,0.11328362673521042,0.12985637784004211,0.004530441947281361,0.25959834456443787
184,0.025886215269565582,0.06428898870944977,0.1240321695804596,0.060658760368824005,2.2334249019622803,2.483522138616795,603.7855906500699,0.8768918514251709,0.0846095085144043,0.038498666137456894,0.030538396909832954,0.0016329314094036818,0.8248040676116943
185,0.030721517279744148,0.06432760506868362,0.1240321695804596,-0.11407612264156342,2.035753011703491,2.0938941420384642,600.8692720270056,0.8855693936347961,0.07414740324020386,0.04028048366308212,0.042546000331640244,0.0007973257452249527,0.8176051378250122
186,0.01791900023818016,0.0628340020775795,0.12257829308509827,-0.23984089493751526,2.751909017562866,3.506557354700628,1030.4288738027549,0.713229238986969,0.18423330783843994,0.10252699255943298,0.09042240679264069,0.0022144275717437267,0.586089551448822
187,0.014594163745641708,0.04778513312339783,0.09053948521614075,-0.02443719282746315,2.76747989654541,3.27426318855671,1321.1929584792201,0.5527109503746033,0.357832133769989,0.08945655077695847,0.1332552134990692,0.003210819326341152,0.3154698610305786
188,0.01567802019417286,0.061375271528959274,0.11611635982990265,-0.11120626330375671,3.2042036056518555,3.9147335419210805,1443.910852307202,0.4878246784210205,0.38826441764831543,0.12384691089391708,0.11424888670444489,0.004741010721772909,0.2460787147283554
189,0.014191176742315292,0.052291225641965866,0.10030525922775269,-0.14493975043296814,2.786097764968872,3.6847702334901493,1254.4680487229714,0.5760873556137085,0.3385636806488037,0.0853346511721611,0.13495615124702454,0.0034640347585082054,0.34674766659736633
190,0.025255056098103523,0.06426239013671875,0.1240321695804596,0.043931588530540466,2.2701473236083984,2.544535632173863,673.4208396805953,0.8388029932975769,0.11868774145841599,0.04250846803188324,0.03323828801512718,0.00265857158228755,0.7829522490501404
191,0.015285830944776535,0.05288083106279373,0.0980546623468399,-0.14749778807163239,2.9239790439605713,3.4594672183918576,1566.4128550059897,0.4558875858783722,0.4183390736579895,0.1256154328584671,0.1314585953950882,0.0034179878421127796,0.21339727938175201
192,0.030626360327005386,0.06431061774492264,0.1240321695804596,-0.11814023554325104,2.053569793701172,2.0998452658481805,616.239146254131,0.8808631896972656,0.07757189869880676,0.041564155369997025,0.039264705032110214,0.001525983912870288,0.8195772171020508
193,0.018083905801177025,0.06429291516542435,0.11596556007862091,-0.36600470542907715,2.8743886947631836,3.555256030900386,1068.653010989581,0.698765218257904,0.19126054644584656,0.10996747761964798,0.08685217797756195,0.0015605635708197951,0.5692253708839417
194,0.030644701793789864,0.06428306549787521,0.1240321695804596,-0.12185955792665482,2.019040107727051,2.097689379663158,614.4352831258675,0.8773267269134521,0.08175812661647797,0.04089878126978874,0.040175240486860275,0.0014590044738724828,0.8226533532142639
195,0.02674027718603611,0.06425348669290543,0.1240321695804596,0.052391525357961655,2.282597064971924,2.4028728738853915,620.7643200279782,0.871874988079071,0.0848093181848526,0.04331512376666069,0.0296480730175972,0.0013682524440810084,0.8204858899116516
196,0.017824873328208923,0.06204530596733093,0.10786201059818268,-0.3004131615161896,2.6888487339019775,3.4808273148095656,1064.6468450919824,0.698334276676178,0.19644440710544586,0.105205237865448,0.09182403236627579,0.001900055562146008,0.5594283938407898
197,0.030855070799589157,0.06430387496948242,0.1240321695804596,-0.12035078555345535,2.0295932292938232,2.0840618187223408,643.200028957383,0.8728387355804443,0.07607363164424896,0.051086097955703735,0.042199719697237015,0.0013448696117848158,0.8128765225410461
198,0.015244696289300919,0.05696514621376991,0.10830475389957428,-0.17604728043079376,3.032165050506592,3.7367189958394023,1385.8350706864335,0.5255665183067322,0.33919334411621094,0.13486912846565247,0.12689560651779175,0.0034566535614430904,0.26908060908317566
199,0.026732055470347404,0.06425085663795471,0.1240321695804596,0.07045581936836243,2.2540440559387207,2.403513516078912,606.0293652895007,0.8780582547187805,0.08070211857557297,0.041239168494939804,0.027863280847668648,0.0018520256271585822,0.8324294090270996
200,0.030192185193300247,0.06435343623161316,0.1240321695804596,-0.11933615058660507,2.0612778663635254,2.131460038995851,620.0291178659793,0.877495288848877,0.07869337499141693,0.04381049424409866,0.040527310222387314,0.0011767859105020761,0.8193594813346863
201,0.014516647905111313,0.0574958510696888,0.10362373292446136,-0.08438924700021744,2.8276052474975586,3.9606837226853053,1337.8294749545294,0.5472159385681152,0.34486645460128784,0.10780894011259079,0.13086210191249847,0.005223830230534077,0.2872765362262726
202,0.015017644502222538,0.053236231207847595,0.09593938291072845,-0.14624957740306854,3.005589723587036,3.5449121995412782,1344.347117532338,0.5213136076927185,0.4019719064235687,0.07668045163154602,0.12229388952255249,0.0032920895610004663,0.30657169222831726
203,0.026506569236516953,0.0642726719379425,0.1240321695804596,0.04175478219985962,2.1943235397338867,2.424782753362591,617.7795144464933,0.8708291053771973,0.08646084368228912,0.04271011799573898,0.026392167434096336,0.0022830748930573463,0.8220852613449097
204,0.015000758692622185,0.055657681077718735,0.10240539908409119,-0.14125090837478638,2.9143943786621094,3.710324405217084,1339.135315895344,0.5395159721374512,0.35960865020751953,0.1008123829960823,0.12521982192993164,0.0033007424790412188,0.3194039463996887
205,0.014549626037478447,0.053400106728076935,0.09899386763572693,-0.09274084866046906,3.0306689739227295,3.670204758998833,1317.0578556697617,0.5644452571868896,0.3575034439563751,0.07803782820701599,0.13443973660469055,0.0030041078571230173,0.315918892621994
206,0.014761787839233875,0.04608416557312012,0.08844240009784698,-0.038861602544784546,2.6231253147125244,3.1218552977381084,1277.4016893429375,0.5664604902267456,0.3351055681705475,0.09813852608203888,0.12770433723926544,0.0032345838844776154,0.330748051404953
207,0.025742344558238983,0.06426746398210526,0.12403217703104019,0.05612321197986603,2.234158515930176,2.496566069738179,639.6613363157675,0.8602758646011353,0.09754335135221481,0.04218006879091263,0.029041927307844162,0.0013873463030904531,0.8005586266517639
208,0.014909546822309494,0.048106975853443146,0.09127147495746613,-0.0630929172039032,2.8773889541625977,3.2265887369717365,1319.6276627182312,0.5405663251876831,0.37779152393341064,0.08152776956558228,0.12275829166173935,0.002501042326912284,0.3203498125076294
209,0.014436748810112476,0.04605627804994583,0.08870330452919006,-0.16724751889705658,2.8500916957855225,3.1902112208598297,1489.822490069045,0.482510507106781,0.3791080713272095,0.13831812143325806,0.14933645725250244,0.004917112644761801,0.2250228226184845
210,0.01489450503140688,0.04558420553803444,0.08685000240802765,-0.14089833199977875,2.741225242614746,3.06047132407919,1333.5328740869907,0.5476837158203125,0.3689073920249939,0.08338984847068787,0.128778338432312,0.0021818112581968307,0.3257407546043396
211,0.015416362322866917,0.058532312512397766,0.10697100311517715,-0.08541648089885712,2.8479175567626953,3.7967654938792323,1396.6334161051207,0.5030994415283203,0.3896717131137848,0.10715551674365997,0.11932932585477829,0.0037973385769873857,0.25275033712387085
212,0.02546836994588375,0.06425365060567856,0.1240321695804596,0.025473181158304214,2.273837089538574,2.5228803704235685,665.2653426451675,0.8508061766624451,0.09803218394517899,0.05116157606244087,0.030045485123991966,0.0014864768600091338,0.7988589406013489
213,0.030315542593598366,0.06430761516094208,0.1240321695804596,-0.12954534590244293,2.0561792850494385,2.1212754137674725,613.6954187473399,0.8828418254852295,0.06927918642759323,0.047878991812467575,0.04384786635637283,0.0014104625442996621,0.8198309540748596
214,0.014906782656908035,0.059757716953754425,0.10912829637527466,-0.08226755261421204,3.063872814178467,4.008760194947433,1485.143110418301,0.468441367149353,0.4218299388885498,0.10967861860990524,0.14067789912223816,0.0034111025743186474,0.21700425446033478
215,0.03073001466691494,0.06429323554039001,0.12403217703104019,-0.13064520061016083,2.051608085632324,2.0921967085007047,613.464868365402,0.8790207505226135,0.07497719675302505,0.04600052535533905,0.04287197068333626,0.0012314593186601996,0.8133371472358704
216,0.018084466457366943,0.059366244822740555,0.10242798179388046,-0.2868883013725281,2.7388644218444824,3.282720281486337,1038.7756281160362,0.7073884606361389,0.1890014111995697,0.10360894352197647,0.08777336031198502,0.0024034478701651096,0.5742121338844299
217,0.029988324269652367,0.06434059143066406,0.1240321695804596,-0.1362977921962738,2.055147171020508,2.1455213985941204,617.5133071752298,0.8796398639678955,0.07490231096744537,0.04543642699718475,0.043290745466947556,0.0009922042954713106,0.81922447681427
218,0.030694937333464622,0.06428920477628708,0.1240321695804596,-0.13347227871418,2.047105073928833,2.094456296677382,627.746802385969,0.8744950294494629,0.07952279597520828,0.045960407704114914,0.042512986809015274,0.001376862172037363,0.8061782717704773
219,0.031025206670165062,0.06428857147693634,0.1240321695804596,-0.1277526319026947,2.030212879180908,2.072139991147468,624.6905093286558,0.8737402558326721,0.08178060501813889,0.04445401579141617,0.039336271584033966,0.0012629225384443998,0.8139254450798035
220,0.01760707050561905,0.054431140422821045,0.10327862948179245,-0.3145938515663147,2.673375368118286,3.0914365000332498,1036.2349197006008,0.729094922542572,0.1499447375535965,0.12094870954751968,0.09200918674468994,0.0017941860714927316,0.5939579010009766
221,0.014919382520020008,0.049222297966480255,0.09717625379562378,-0.13468538224697113,2.8228960037231445,3.299218174554521,1405.0312943889114,0.519219160079956,0.3803274929523468,0.10045323520898819,0.12345866858959198,0.003420045366510749,0.29536259174346924
222,0.015421885997056961,0.06427503377199173,0.10635952651500702,-0.02003706991672516,2.9597327709198,4.1677803726528575,1452.1954588637093,0.4994092881679535,0.3896700143814087,0.11090751737356186,0.12032611668109894,0.003931106999516487,0.243343323469162
223,0.01845077984035015,0.06428772211074829,0.12134324014186859,-0.22325938940048218,2.623418092727661,3.4842821096739067,1082.7059501520102,0.6795949339866638,0.2190794199705124,0.10131938010454178,0.08697879314422607,0.0022610195446759462,0.5489503741264343
224,0.017911987379193306,0.06094392016530037,0.11836796998977661,-0.3330361545085907,2.8082621097564697,3.4024097310771255,1070.3114534211913,0.7015623450279236,0.1881788969039917,0.11025835573673248,0.08947966992855072,0.0013085381360724568,0.5727434158325195
225,0.014308806508779526,0.05299412086606026,0.10068605840206146,-0.13340455293655396,2.967100143432617,3.7036017525179887,1241.769330977811,0.5857608914375305,0.31443706154823303,0.0998016819357872,0.13902218639850616,0.002821216592565179,0.342316597700119
226,0.014740394428372383,0.05254315212368965,0.09826164692640305,-0.10462158918380737,2.8343982696533203,3.5645689384667865,1444.7447836906535,0.47868838906288147,0.4113779067993164,0.10969100147485733,0.14031609892845154,0.00404618913307786,0.2175430953502655
227,0.015153683722019196,0.05339344963431358,0.10097184032201767,-0.15384197235107422,3.0520834922790527,3.523463377634462,1439.1477318565237,0.5092343091964722,0.36466726660728455,0.12600621581077576,0.12538382411003113,0.003830844536423683,0.26441308856010437
228,0.03026663325726986,0.06430759280920029,0.1240321695804596,-0.12876810133457184,2.0314712524414062,2.1247025481973387,592.0271936793602,0.8939114809036255,0.06464830040931702,0.041435983031988144,0.04067309945821762,0.0011617484269663692,0.8265894055366516
229,0.015162999741733074,0.05578910559415817,0.09948854893445969,-0.16180047392845154,3.0511271953582764,3.679292128254194,1530.2476042735434,0.45103394985198975,0.4403151571750641,0.1085856631398201,0.12727715075016022,0.00399714196100831,0.21896691620349884
230,0.015105745755136013,0.06428200751543045,0.10848163813352585,-0.10611458122730255,2.799462080001831,4.255467327014878,1408.196418366337,0.5168672204017639,0.39309805631637573,0.08991793543100357,0.12263677269220352,0.002937547629699111,0.3037901818752289
231,0.015063622035086155,0.05690119415521622,0.10809326171875,-0.1004219725728035,3.039066791534424,3.7773912554964992,1395.8340541720474,0.5178483724594116,0.35133683681488037,0.13067202270030975,0.12644483149051666,0.004880536813288927,0.257488876581192
232,0.030550090596079826,0.06432157009840012,0.1240321695804596,-0.1341199427843094,2.060152769088745,2.1054461326065064,613.0771976097697,0.8706995248794556,0.09415837377309799,0.03512869402766228,0.042893122881650925,0.001201588660478592,0.8076368570327759
233,0.014743832871317863,0.053306397050619125,0.09931294620037079,-0.14970800280570984,3.136881113052368,3.615504700321449,1350.8100684640065,0.5494861602783203,0.3589034676551819,0.09154794365167618,0.12945394217967987,0.003483652835711837,0.31590360403060913
234,0.014944959431886673,0.05759957432746887,0.10732303559780121,-0.061693232506513596,3.1263463497161865,3.8541137957671463,1495.069182149877,0.47884947061538696,0.36569467186927795,0.15541867911815643,0.13772818446159363,0.0034174048341810703,0.2353920042514801
235,0.016312219202518463,0.058948639780282974,0.11518470197916031,-0.09107117354869843,3.158888578414917,3.613771924274292,1557.1516920819552,0.4411199390888214,0.3991522192955017,0.15972492098808289,0.10800545662641525,0.0036887144669890404,0.22059498727321625
236,0.025890789926052094,0.0642884373664856,0.1240321695804596,0.0602545291185379,2.232603073120117,2.4830620289152927,603.4686249177345,0.8770413994789124,0.08451440930366516,0.038444023579359055,0.030455434694886208,0.00163735868409276,0.82505863904953
237,0.025477109476923943,0.0642826110124588,0.1240321695804596,0.05769921466708183,2.227057695388794,2.523151657693352,629.4210517738361,0.8631976246833801,0.09392506629228592,0.042877260595560074,0.02987028658390045,0.001041107578203082,0.8074972033500671
238,0.01791379414498806,0.06354175508022308,0.10933905094861984,-0.30394667387008667,2.754110813140869,3.5470852552167895,1091.8614160035709,0.6979098916053772,0.18988552689552307,0.11220405995845795,0.0907355397939682,0.001542970654554665,0.5645951628684998
239,0.025522548705339432,0.0629262775182724,0.12268869578838348,0.06196194142103195,2.1989665031433105,2.4655169921428115,621.6531105879446,0.8693714737892151,0.08352214097976685,0.047106269747018814,0.0307023748755455,0.001639426569454372,0.814193069934845
240,0.015539610758423805,0.054401688277721405,0.10760872811079025,-0.03491208702325821,3.1066200733184814,3.5008398292557086,1564.2460601921891,0.4279640018939972,0.44466274976730347,0.1273544430732727,0.12748472392559052,0.0039951251819729805,0.20774269104003906
241,0.026053259149193764,0.06283700466156006,0.12261936068534851,0.07621360570192337,2.195845365524292,2.411867332962553,613.2348027599031,0.8623251914978027,0.1019119992852211,0.03575911745429039,0.028595445677638054,0.0012315077474340796,0.8142750263214111
242,0.014816955663263798,0.056160956621170044,0.10164222121238708,-0.18327324092388153,2.9424660205841064,3.7903168433325054,1281.3444292775584,0.562412679195404,0.35730719566345215,0.08026818931102753,0.13095879554748535,0.0030757272616028786,0.33672022819519043
243,0.024986878037452698,0.06428010761737823,0.1240321695804596,0.06973230093717575,2.269728183746338,2.5725545831878867,656.8420691578087,0.8513242602348328,0.10317569971084595,0.04549495875835419,0.03433884307742119,0.0012596026062965393,0.7913968563079834
244,0.015044846571981907,0.05583449453115463,0.11006611585617065,-0.13481496274471283,3.0486414432525635,3.71120398339085,1430.475212795508,0.5020963549613953,0.39312320947647095,0.10477543622255325,0.12795741856098175,0.004041284788399935,0.2547699511051178
245,0.015139762312173843,0.051086414605379105,0.09626254439353943,-0.12967272102832794,2.9156241416931152,3.3743207818346215,1425.4100971088483,0.5042608380317688,0.38032734394073486,0.11528103053569794,0.12784023582935333,0.004726029466837645,0.2549588978290558
246,0.014824938029050827,0.04801902547478676,0.09559272229671478,-0.09687940031290054,2.7869083881378174,3.2390709072408934,1320.4436927871764,0.5443204641342163,0.3659605383872986,0.0896814689040184,0.13175302743911743,0.0035485276021063328,0.3067774176597595
247,0.015520311892032623,0.0636138767004013,0.11220823228359222,-0.11210330575704575,2.876797914505005,4.098749892323932,1430.975895218251,0.501193642616272,0.38333261013031006,0.11539436876773834,0.11903651803731918,0.003855969989672303,0.255576491355896
248,0.017678631469607353,0.06429681926965714,0.11755643784999847,-0.30139145255088806,2.7635059356689453,3.63697944473573,1038.9995541991018,0.7201767563819885,0.17109881341457367,0.1087198331952095,0.0928097739815712,0.0016333042876794934,0.5917639136314392
249,0.018056901171803474,0.057940877974033356,0.11327888071537018,-0.28417283296585083,2.6853437423706055,3.2087941014652843,1091.6319448310505,0.6943778395652771,0.20194242894649506,0.10366799682378769,0.08735314756631851,0.0011784344678744674,0.5618756413459778
250,0.015359543263912201,0.049719829112291336,0.09351682662963867,-0.049403928220272064,2.9304349422454834,3.2370642964281884,1482.3143518508762,0.47561848163604736,0.39131712913513184,0.13304656744003296,0.1216546967625618,0.0039885337464511395,0.24533390998840332
251,0.014484968967735767,0.06239853799343109,0.11118077486753464,-0.04494579881429672,2.87559175491333,4.307813025220251,1268.712526099425,0.5650946497917175,0.3514758348464966,0.08342421054840088,0.1319839358329773,0.003040929790586233,0.3212280571460724
252,0.01490829885005951,0.059407949447631836,0.11381341516971588,-0.16689597070217133,3.168900489807129,3.9848912368301366,1291.927973726819,0.5421783924102783,0.37586355209350586,0.08192427456378937,0.12601254880428314,0.003149032359942794,0.3164340853691101
253,0.014300363138318062,0.052126675844192505,0.09534912556409836,-0.1570136547088623,2.9730451107025146,3.64512952128279,1250.12424482699,0.5681142210960388,0.3428369164466858,0.08887545019388199,0.13265962898731232,0.0029632907826453447,0.32563677430152893
254,0.025435494258999825,0.06266879290342331,0.12242722511291504,0.05917847156524658,2.247311592102051,2.463832322770194,653.5941678730652,0.8518868684768677,0.09967479109764099,0.04843016713857651,0.029844027012586594,0.002076095202937722,0.7953944802284241
255,0.01887252926826477,0.060425225645303726,0.1201762929558754,-0.24561737477779388,2.8291492462158203,3.2017555666855118,1176.6637463111929,0.6360678672790527,0.2571069002151489,0.10677965730428696,0.08156122267246246,0.001516966731287539,0.5180315375328064
256,0.01769476756453514,0.06308203935623169,0.11646848171949387,-0.3053065538406372,2.748206615447998,3.56501090633704,1079.832655653685,0.6870869994163513,0.21213890612125397,0.10075529664754868,0.08928722143173218,0.0016154274344444275,0.5589578151702881
257,0.031044447794556618,0.06427648663520813,0.1240321695804596,-0.12088789790868759,1.9988837242126465,2.070466418294868,596.8770477562157,0.8927125334739685,0.06217065081000328,0.04511682316660881,0.04288096725940704,0.0011108571197837591,0.8315415382385254
258,0.015584269538521767,0.06258302181959152,0.11643475294113159,-0.162281796336174,3.0191237926483154,4.015781532838657,1420.7990202983246,0.5047653913497925,0.380545049905777,0.11468538641929626,0.12155629694461823,0.0038770060054957867,0.24504931271076202
259,0.017932932823896408,0.05548332259058952,0.10380355268716812,-0.32955071330070496,2.68524432182312,3.09393466937888,1058.208230679259,0.7026304006576538,0.1886708289384842,0.10868439823389053,0.0877871960401535,0.0013408145168796182,0.5787985324859619
260,0.01779140532016754,0.05756218731403351,0.10002510994672775,-0.31282293796539307,2.5699644088745117,3.2353929481640327,1034.6457544765349,0.7112342119216919,0.18784008920192719,0.10092543810606003,0.09001412242650986,0.0014561822172254324,0.5911533832550049
261,0.01785309799015522,0.06429353356361389,0.11085754632949829,-0.3910377025604248,2.8911654949188232,3.6012536085034763,1054.0932070921083,0.706554651260376,0.1857120543718338,0.10773007571697235,0.09063192456960678,0.001920836279168725,0.5668365955352783
262,0.029879841953516006,0.06431406736373901,0.1240321695804596,-0.13540172576904297,2.106714963912964,2.152423277928974,647.8591116311864,0.8692034482955933,0.08104775100946426,0.049739692360162735,0.044599734246730804,0.0011371413711458445,0.797113299369812
263,0.014592479914426804,0.04762829467654228,0.09067633748054504,-0.02513897605240345,2.7681922912597656,3.2638931115602112,1321.1200286869478,0.5524899363517761,0.3582335114479065,0.08927591145038605,0.13338229060173035,0.0032319598831236362,0.3151264488697052
264,0.030001066625118256,0.06430184096097946,0.1240321695804596,-0.13396169245243073,2.053584098815918,2.143318494716442,582.4254839944571,0.898110568523407,0.06044455245137215,0.041444312781095505,0.0441431999206543,0.0012788817984983325,0.835220992565155
265,0.0181084293872118,0.06412267684936523,0.11228913813829422,-0.31545573472976685,2.8456547260284424,3.5410402235716663,1132.9689221673846,0.683456301689148,0.1992574781179428,0.11728546023368835,0.0867721438407898,0.0014194344403222203,0.5602282285690308
266,0.015535290353000164,0.05876116082072258,0.10505002737045288,-0.1805557757616043,3.110373020172119,3.7824308063603223,1595.9087387507025,0.4301856756210327,0.4318256974220276,0.1379862129688263,0.1282934844493866,0.003327462589368224,0.2063412368297577
267,0.02608821913599968,0.06423023343086243,0.1240321695804596,0.08296719193458557,2.2607293128967285,2.4620397848378905,656.7795911921855,0.8468988537788391,0.11203689128160477,0.0410638265311718,0.02784532867372036,0.0011687494115903974,0.8016708493232727
268,0.014441212639212608,0.05681363120675087,0.09653472900390625,-0.165199875831604,2.9151055812835693,3.9341316149967334,1274.9027072661602,0.5690253973007202,0.3517175614833832,0.07917960733175278,0.1411404013633728,0.004028418567031622,0.3195072412490845
269,0.025423411279916763,0.06429240852594376,0.12403217703104019,0.059755269438028336,2.322819709777832,2.528866319926261,650.002633276326,0.8595830202102661,0.09381130337715149,0.04660552367568016,0.031713392585515976,0.001588683226145804,0.8046764731407166
270,0.030658792704343796,0.06430286914110184,0.1240321695804596,-0.12803024053573608,2.054325819015503,2.097371209594105,642.2190312169386,0.8679227232933044,0.08804169297218323,0.04402996599674225,0.04028872027993202,0.0013362490572035313,0.8109633326530457
271,0.015030927956104279,0.057975079864263535,0.1024816632270813,-0.14804047346115112,3.0350022315979004,3.8570526071121214,1598.873769184464,0.4490709602832794,0.3847447335720062,0.16618013381958008,0.13666321337223053,0.003825428429991007,0.20961421728134155
272,0.030169904232025146,0.06428895145654678,0.1240321695804596,-0.12819311022758484,2.0208752155303955,2.1308967691774643,598.4197558353361,0.8878127336502075,0.06922608613967896,0.042956434190273285,0.04520129784941673,0.0016854361165314913,0.8180981278419495
273,0.014970852062106133,0.058093320578336716,0.09973425418138504,-0.13998134434223175,3.0104618072509766,3.880428470835052,1469.7935314056926,0.5008695125579834,0.3767498731613159,0.12237773835659027,0.13059002161026,0.003698904998600483,0.2526693046092987
274,0.014493451453745365,0.05977093055844307,0.09992388635873795,-0.17811669409275055,2.888777732849121,4.12399563658615,1217.4743173500374,0.5845682621002197,0.33343660831451416,0.08194482326507568,0.13721725344657898,0.004136130679398775,0.333323210477829
275,0.030336201190948486,0.0642959326505661,0.1240321695804596,-0.13684946298599243,2.084866523742676,2.119445748785146,649.1792383756499,0.8633553385734558,0.0867142304778099,0.04992043226957321,0.04100363329052925,0.0011700928444042802,0.799140453338623
276,0.01450048852711916,0.05359337106347084,0.09321937710046768,-0.13018818199634552,2.8150687217712402,3.69597003297808,1288.4343045939947,0.5632306933403015,0.3438251316547394,0.09286971390247345,0.13467247784137726,0.003414900042116642,0.327263206243515
277,0.014301521703600883,0.05215727537870407,0.0955379456281662,-0.1568068563938141,2.973903179168701,3.6469738294998892,1249.9182295412056,0.568401038646698,0.34244391322135925,0.08896716684103012,0.13271822035312653,0.0029719038866460323,0.3256804347038269
278,0.024935120716691017,0.06427489221096039,0.12403217703104019,0.06250990927219391,2.220712900161743,2.577685223130222,600.4762215192342,0.8796787858009338,0.07901833951473236,0.04130259528756142,0.03233565017580986,0.0025917550083249807,0.8238481879234314
279,0.01537815760821104,0.0563703253865242,0.10237009823322296,-0.11103158444166183,3.013845205307007,3.6656098096406633,1495.412070215032,0.4896412491798401,0.36814528703689575,0.14218291640281677,0.12409134209156036,0.0037859741132706404,0.24457062780857086
280,0.024950403720140457,0.06429097801446915,0.1240321695804596,0.07707054167985916,2.2687325477600098,2.576751011046585,642.4301988951681,0.861377477645874,0.08893784880638123,0.04967630282044411,0.033268317580223083,0.002316465135663748,0.8035611510276794
281,0.014707314781844616,0.06427786499261856,0.10744443535804749,-0.15935274958610535,2.986046314239502,4.370469112933901,1338.0277521692751,0.5418065786361694,0.34674856066703796,0.11139115691184998,0.13397720456123352,0.004398487042635679,0.2750476896762848
282,0.025173313915729523,0.0642884224653244,0.1240321695804596,0.0408620648086071,2.2545082569122314,2.553832311390675,635.2940082375726,0.8633239269256592,0.09060750156641006,0.046063389629125595,0.031196868047118187,0.002124735154211521,0.8076967000961304
283,0.014697910286486149,0.052645374089479446,0.09893510490655899,-0.11600957810878754,2.7299816608428955,3.581827148196836,1363.7258060042193,0.5337088108062744,0.37372446060180664,0.09256072342395782,0.13180211186408997,0.0030498062260448933,0.3130224049091339
284,0.02561797760426998,0.0642436221241951,0.12403217703104019,0.05600845813751221,2.2228572368621826,2.507755417468211,653.3856179104637,0.850615918636322,0.10804974287748337,0.04133228585124016,0.028850223869085312,0.002202786738052964,0.7980012893676758
285,0.014808092266321182,0.05488378927111626,0.10670022666454315,-0.07940418273210526,3.052711248397827,3.7063376078655983,1294.3057709123973,0.5583729147911072,0.36110857129096985,0.08050313591957092,0.1250528246164322,0.002806062577292323,0.3168626129627228
286,0.031766097992658615,0.06435438245534897,0.12403217703104019,-0.09720606356859207,2.011765480041504,2.025882513747703,654.3201865075746,0.8633121252059937,0.08704494684934616,0.04964234679937363,0.03794698417186737,0.0006009874632582068,0.807381808757782
287,0.01807521842420101,0.06428264081478119,0.1157335564494133,-0.3387652337551117,2.7607882022857666,3.5563963490010395,1121.551992185408,0.6921419501304626,0.18260841071605682,0.12524423003196716,0.08946322649717331,0.001500872545875609,0.5694013833999634
288,0.014511738903820515,0.042000751942396164,0.08060172200202942,-0.12731938064098358,2.747789144515991,2.8942604478946583,1221.1975108573902,0.5908504128456116,0.32890963554382324,0.0802084356546402,0.13928604125976562,0.004062287509441376,0.34271544218063354
289,0.01539794821292162,0.0608544759452343,0.11668631434440613,-0.1000240221619606,3.1377456188201904,3.9521158988062086,1450.8584231469324,0.5036906003952026,0.3781489431858063,0.11812522262334824,0.1254909336566925,0.004002793226391077,0.26303356885910034
290,0.030650345608592033,0.06433961540460587,0.12403217703104019,-0.13236601650714874,2.0859551429748535,2.0991481213337697,672.5242148611034,0.8601214289665222,0.08651163429021835,0.05335637181997299,0.04210987314581871,0.0011061772238463163,0.799750030040741
291,0.018121695145964622,0.06428665667772293,0.11680271476507187,-0.23430894315242767,2.760265350341797,3.5474968625377703,1073.1976904962512,0.6962543725967407,0.1918288767337799,0.11178073287010193,0.08731722831726074,0.0017955952789634466,0.572737991809845
292,0.01807917281985283,0.06428320705890656,0.11581572890281677,-0.33835598826408386,2.7590558528900146,3.5556497908334173,1121.1263876537703,0.6924285292625427,0.18222729861736298,0.12534144520759583,0.08937636017799377,0.0014988866169005632,0.5698196291923523
293,0.01512123178690672,0.05361458659172058,0.10603194683790207,-0.008143449202179909,2.752346992492676,3.5456494116173203,1351.8508528128464,0.5263039469718933,0.3829641342163086,0.09072127938270569,0.12725232541561127,0.0033023941796272993,0.2720533609390259
294,0.017734548076987267,0.0604933463037014,0.11068157106637955,-0.32523828744888306,2.7795026302337646,3.411045268122047,1025.5403613417013,0.7186756730079651,0.17408409714698792,0.10723572969436646,0.09204479306936264,0.0015053758397698402,0.589805543422699
295,0.03026503138244152,0.06431058049201965,0.12403217703104019,-0.12875491380691528,2.030766248703003,2.124913722283632,591.8963555276389,0.8939580321311951,0.06465519964694977,0.041382282972335815,0.040649618953466415,0.0011624312028288841,0.8266627192497253
296,0.017889615148305893,0.0607614703476429,0.1137387603521347,-0.2952025830745697,2.769010066986084,3.396466041361455,1070.4174198630765,0.6959691047668457,0.19430778920650482,0.10972119867801666,0.08996336907148361,0.0012765858555212617,0.5749490857124329
297,0.014786536805331707,0.050510190427303314,0.09493036568164825,-0.08758610486984253,2.86508846282959,3.4159581170943603,1251.9127588568049,0.5544424057006836,0.36232903599739075,0.08317352831363678,0.12675417959690094,0.003172664437443018,0.3346119225025177
298,0.01498564425855875,0.05791891738772392,0.10548776388168335,-0.0582905039191246,2.931140184402466,3.864960116798431,1437.484557914292,0.5062614679336548,0.3605513274669647,0.13315466046333313,0.12727274000644684,0.0037808313500136137,0.2644332945346832
299,0.030448084697127342,0.06429311633110046,0.1240321695804596,-0.11830486357212067,2.07035493850708,2.1115652090607426,659.1401817649397,0.8592461347579956,0.09049629420042038,0.05023379996418953,0.040376510471105576,0.0011362816439941525,0.7937148213386536
300,0.015086115337908268,0.05757344886660576,0.10255628079175949,-0.09150445461273193,2.83520245552063,3.816320343125002,1417.6601012430067,0.5197622776031494,0.3623797297477722,0.11782650649547577,0.13027416169643402,0.004285999573767185,0.2603916823863983
301,0.025973569601774216,0.06427150219678879,0.1240321695804596,0.043119367212057114,2.26393985748291,2.474496312202078,658.3317029713039,0.8494866490364075,0.1060272678732872,0.044483717530965805,0.029722394421696663,0.0018590734107419848,0.7977457046508789
302,0.03095964714884758,0.06430308520793915,0.1240321695804596,-0.11668253690004349,2.097670555114746,2.0769967078987115,662.0495046896372,0.8605851531028748,0.08959832787513733,0.049795471131801605,0.040443431586027145,0.0010713902302086353,0.8028026819229126
303,0.018171200528740883,0.06073099747300148,0.11820042878389359,-0.25713855028152466,2.729541540145874,3.3421565830833684,1105.0612625622782,0.6802497506141663,0.21273942291736603,0.10700752586126328,0.08721043914556503,0.001539392746053636,0.5552932620048523
304,0.014950652606785297,0.05038905516266823,0.09433871507644653,-0.04657170549035072,2.7395918369293213,3.3703582368323497,1357.0387222080572,0.5248181819915771,0.37385475635528564,0.10132701694965363,0.12795032560825348,0.004142609890550375,0.2746344804763794
305,0.017926281318068504,0.06428269296884537,0.12321703881025314,-0.3103054165840149,2.733893632888794,3.5859469024658632,1036.8799755417115,0.7165492177009583,0.17248213291168213,0.11095467954874039,0.09089557826519012,0.0020184796303510666,0.575925350189209
306,0.01514372043311596,0.05171182379126549,0.0982835441827774,-0.1338212937116623,2.9707887172698975,3.41473708632183,1371.83839567427,0.5291325449943542,0.34756341576576233,0.1232951357960701,0.12572045624256134,0.003525669453665614,0.26509594917297363
307,0.030752625316381454,0.0643446072936058,0.1240321695804596,-0.11984937638044357,2.053650140762329,2.0923289192236245,636.7497037668549,0.8663836717605591,0.09029094874858856,0.04332541674375534,0.043884843587875366,0.0015383351128548384,0.7965912222862244
308,0.01803431659936905,0.0642925277352333,0.11122041940689087,-0.307542622089386,2.6467771530151367,3.5650104830652496,1041.5121546395112,0.7068735957145691,0.19965563714504242,0.09346995502710342,0.08733153343200684,0.0010298100532963872,0.579778254032135
309,0.015209880657494068,0.059508997946977615,0.10863247513771057,-0.12378900498151779,3.011533737182617,3.912522345383715,1448.7672536284977,0.49668753147125244,0.4000450372695923,0.10325668752193451,0.12594757974147797,0.003801181213930249,0.2670660614967346
310,0.02530064433813095,0.06426580995321274,0.1240321695804596,0.059882279485464096,2.2647552490234375,2.5400859002557796,631.7825994236728,0.860597550868988,0.09595847874879837,0.04343369975686073,0.030464887619018555,0.0013549765571951866,0.8082032799720764
311,0.02564714290201664,0.06385956704616547,0.12362648546695709,0.04154883325099945,2.2851357460021973,2.4899290844070685,626.3960902905977,0.8588826656341553,0.10027816146612167,0.0408385694026947,0.03207102045416832,0.0011290214024484158,0.7972382307052612
312,0.015461642295122147,0.050646014511585236,0.09389825165271759,-0.18653033673763275,2.9725847244262695,3.275590881072672,1481.8715339015607,0.48241469264030457,0.4026831090450287,0.11489018052816391,0.12238360941410065,0.0038462653756141663,0.2518077790737152
313,0.01832938939332962,0.0642889142036438,0.11910688877105713,-0.25324752926826477,2.761997699737549,3.507422578055558,1109.9188276767427,0.6806156039237976,0.20568810403347015,0.11364980041980743,0.08466724306344986,0.0013855630531907082,0.5500409603118896
314,0.01546663511544466,0.062448274344205856,0.11456858366727829,-0.06274094432592392,2.9331657886505127,4.0376121809331815,1404.7140749571167,0.5112958550453186,0.37702539563179016,0.11165393143892288,0.11867428570985794,0.004331652075052261,0.2534402310848236
315,0.018445800989866257,0.06429228186607361,0.11349902302026749,-0.2791893482208252,2.83244252204895,3.4854697769920104,1069.5392193390621,0.6756309866905212,0.23082831501960754,0.09353120625019073,0.08409779518842697,0.0014879652298986912,0.5476055145263672
316,0.030735492706298828,0.06435635685920715,0.12403217703104019,-0.1283411979675293,2.0503382682800293,2.093877507417485,614.4097036175529,0.8858077526092529,0.06893155723810196,0.04526035487651825,0.03843945637345314,0.0009474058751948178,0.8202600479125977
317,0.015071039088070393,0.04946674779057503,0.09835924208164215,-0.16045638918876648,2.902568817138672,3.282238702867449,1395.90295666634,0.5048378109931946,0.395647794008255,0.09947196394205093,0.13214042782783508,0.004076244775205851,0.2522375285625458
318,0.014496637508273125,0.04564974829554558,0.08724643290042877,-0.15754680335521698,2.912571668624878,3.1489887407576145,1284.4272722983478,0.5541503429412842,0.3683808743953705,0.07746876031160355,0.13650716841220856,0.0029146114829927683,0.32501450181007385
319,0.014415064826607704,0.05717061832547188,0.112366683781147,-0.08193773031234741,2.932878017425537,3.9660326893555706,1272.2355785355553,0.548031747341156,0.3615593910217285,0.0903870090842247,0.13208217918872833,0.00392092764377594,0.31750252842903137
320,0.03047986328601837,0.06430956721305847,0.12403217703104019,-0.12621791660785675,2.0618882179260254,2.1099034010578537,622.842418817952,0.8822274208068848,0.0697297602891922,0.048040613532066345,0.04480154812335968,0.001965740229934454,0.8171903491020203
321,0.014667714014649391,0.06371370702981949,0.10373696684837341,-0.210304394364357,3.06280779838562,4.3438061965103465,1444.0094333063942,0.48469656705856323,0.3922048807144165,0.1229897066950798,0.13970303535461426,0.0033336998894810677,0.23413802683353424
322,0.014625508338212967,0.059649497270584106,0.10909255594015121,-0.05293620377779007,3.144850254058838,4.0784563440202435,1467.9765108416932,0.4913595914840698,0.38493308424949646,0.12370345741510391,0.13918526470661163,0.0030050964560359716,0.22187305986881256
323,0.014833769761025906,0.04726849123835564,0.09210793673992157,-0.07533004879951477,2.929666757583618,3.186546103699266,1473.240552148855,0.47056692838668823,0.3966463804244995,0.132768452167511,0.13976852595806122,0.004138663876801729,0.21674008667469025
324,0.014604966156184673,0.05817098170518875,0.10280521214008331,-0.19243304431438446,3.153646469116211,3.982959020865138,1512.9095242574788,0.4743577241897583,0.4034022390842438,0.12223677337169647,0.14527617394924164,0.004112550523132086,0.23137877881526947
325,0.01827482134103775,0.058234069496393204,0.10872592031955719,-0.320621132850647,2.6754698753356934,3.1865739427195825,1075.4258536787909,0.6956520676612854,0.19802239537239075,0.10630263388156891,0.08188728243112564,0.0021399217657744884,0.5704553127288818
326,0.015156852081418037,0.055774152278900146,0.09959779679775238,-0.1620943546295166,3.049805164337158,3.679797887821193,1529.5215143650562,0.4515224099159241,0.43988296389579773,0.10851772874593735,0.12726342678070068,0.0039980425499379635,0.21936443448066711
327,0.014258737675845623,0.04709773138165474,0.09224312007427216,-0.16586796939373016,2.972432851791382,3.3030786068906695,1417.574269151163,0.5010507702827454,0.38722288608551025,0.11172549426555634,0.1463915854692459,0.0035591833293437958,0.2331751137971878
328,0.015525111928582191,0.05975521728396416,0.1144208312034607,-0.014673005789518356,3.109618663787842,3.8489395474247172,1429.2124214539172,0.49264955520629883,0.38854488730430603,0.11878619343042374,0.11883587390184402,0.003516287077218294,0.25271058082580566
329,0.014369365759193897,0.04911896213889122,0.09678713977336884,-0.021510735154151917,2.9775919914245605,3.4183110763984352,1299.8855285064722,0.558250904083252,0.35450661182403564,0.08724167943000793,0.13609154522418976,0.002353230258449912,0.3183676600456238
330,0.025446074083447456,0.06425371766090393,0.1240321695804596,0.1074616014957428,2.258596420288086,2.525093554615388,648.3174667668626,0.8519923090934753,0.102192223072052,0.04581540450453758,0.02943621575832367,0.0015427136095240712,0.7966652512550354
331,0.03074239008128643,0.064285509288311,0.1240321695804596,-0.11599622666835785,2.041083812713623,2.0911031678487455,581.9094815369821,0.8859077095985413,0.0779423713684082,0.0361497588455677,0.042319536209106445,0.001071196049451828,0.8239182829856873
332,0.015377591364085674,0.04954428970813751,0.09591493755578995,-0.10729307681322098,2.861575126647949,3.221849802864851,1505.4999922818945,0.458559513092041,0.4269426465034485,0.1143486276268959,0.126280277967453,0.0037864441983401775,0.213114932179451
333,0.014511789195239544,0.04685783013701439,0.09259188175201416,-0.046692632138729095,2.957076072692871,3.228949201464194,1335.3690227634675,0.5630809664726257,0.3408322036266327,0.09592067450284958,0.12972509860992432,0.002670526271685958,0.33038824796676636
334,0.014458602294325829,0.05267199128866196,0.10056497156620026,-0.09928319603204727,2.85784912109375,3.642951802173142,1428.6883973589986,0.5031104683876038,0.3832419812679291,0.11364459991455078,0.14943113923072815,0.004030311014503241,0.23449577391147614
335,0.014716386795043945,0.057941000908613205,0.10615479946136475,-0.11446386575698853,2.890383005142212,3.9371757287725604,1306.6486720281457,0.5455964803695679,0.36679333448410034,0.08733817934989929,0.13071730732917786,0.0030769645236432552,0.31480056047439575
336,0.015673279762268066,0.06426891684532166,0.11054182052612305,-0.17323409020900726,3.0682260990142822,4.100540398439287,1498.4103507692273,0.47514835000038147,0.40265610814094543,0.1221952810883522,0.12070991843938828,0.004236874170601368,0.237686425447464
337,0.0303649865090847,0.0642734244465828,0.1240321695804596,-0.1340908259153366,2.0781328678131104,2.1166953071175105,627.7835070820393,0.8762158155441284,0.07685357332229614,0.046915147453546524,0.04143461212515831,0.0015893398085609078,0.8146083354949951
338,0.015174426138401031,0.06383129209280014,0.10942251980304718,-0.20216582715511322,3.1025147438049316,4.206504516639316,1421.7212036019532,0.5059013366699219,0.3825645446777344,0.11153338104486465,0.12968827784061432,0.003921424504369497,0.2519722282886505
339,0.030798818916082382,0.06433581560850143,0.1240321695804596,-0.11103390902280807,2.049193859100342,2.0889052850276006,616.5560191140708,0.8779269456863403,0.08077095448970795,0.041300855576992035,0.042909830808639526,0.0010781355667859316,0.8176646828651428
340,0.03048665262758732,0.06429347395896912,0.1240321695804596,-0.12388622760772705,2.0562446117401123,2.1089056493752665,624.8453664770382,0.8850863575935364,0.0652553141117096,0.049636777490377426,0.04152699559926987,0.0015233579324558377,0.8260921835899353
341,0.030659407377243042,0.06429696083068848,0.1240321695804596,-0.1282152533531189,2.0548906326293945,2.097136452686812,642.2979428510085,0.8678157925605774,0.08818280696868896,0.043995387852191925,0.04034242033958435,0.0013424925273284316,0.8108107447624207
342,0.015091124922037125,0.0642651841044426,0.1062096357345581,-0.17923055589199066,3.085376024246216,4.258475390813283,1402.1072200122255,0.5185667276382446,0.3482373058795929,0.13312052190303802,0.1269969940185547,0.0029817961622029543,0.2595600485801697
343,0.03073258139193058,0.06432747840881348,0.1240321695804596,-0.11375444382429123,2.0351784229278564,2.0931361927055936,600.4785014003621,0.8857555389404297,0.07400579005479813,0.04023567587137222,0.04244193807244301,0.0007909724954515696,0.8179095983505249
344,0.015192998573184013,0.05462746322154999,0.1056593805551529,-0.09142959862947464,3.110536813735962,3.595568245123983,1359.0148865986964,0.5165053606033325,0.4050329625606537,0.07845053821802139,0.12014751881361008,0.002801164984703064,0.2978500425815582
345,0.014609417878091335,0.04790852591395378,0.09342049062252045,-0.09268168359994888,2.9099254608154297,3.2792905446642995,1480.455213488092,0.47552603483200073,0.40842124819755554,0.11600211262702942,0.1408151239156723,0.004317662212997675,0.22783198952674866
346,0.014295514672994614,0.04959879815578461,0.09585206210613251,-0.13460606336593628,2.7696313858032227,3.469535675131111,1264.0406782934497,0.5665698051452637,0.33852383494377136,0.09489606320858002,0.13545078039169312,0.003575525712221861,0.3295646905899048
347,0.03062797710299492,0.06432707607746124,0.1240321695804596,-0.12178102135658264,1.997118592262268,2.1002717828553825,610.6108491590086,0.872098982334137,0.09106796979904175,0.036833081394433975,0.040590088814496994,0.0008561724680475891,0.8104910254478455
348,0.018253834918141365,0.06115579977631569,0.10958003997802734,-0.3013295829296112,2.605194568634033,3.3502987206368564,1023.4792369512999,0.7073349356651306,0.19348983466625214,0.09917333722114563,0.08569180220365524,0.0017157768597826362,0.5771993398666382
349,0.030631715431809425,0.06437093019485474,0.1240321695804596,-0.13079972565174103,2.0885612964630127,2.101447120584943,691.8708912872354,0.8507316708564758,0.09274688363075256,0.05652139335870743,0.04047749191522598,0.0010568408761173487,0.7909863591194153
350,0.025542084127664566,0.06427323818206787,0.1240321695804596,0.09663648158311844,2.2453103065490723,2.516366239274004,608.547541047582,0.8722808957099915,0.0877760797739029,0.03994171321392059,0.02863212116062641,0.001886046607978642,0.8224086761474609
351,0.014456886798143387,0.050102509558200836,0.09845918416976929,-0.09985537081956863,2.9571239948272705,3.4656499877393765,1465.3659955941914,0.47195783257484436,0.3985315263271332,0.12949517369270325,0.145524263381958,0.0032428670674562454,0.22780317068099976
352,0.014593680389225483,0.05281628668308258,0.09900752454996109,-0.17898885905742645,3.052610397338867,3.619120418620222,1393.8584657293952,0.5058205127716064,0.39170241355895996,0.1024184450507164,0.14988884329795837,0.004798585083335638,0.2358701229095459
353,0.018063563853502274,0.05974045395851135,0.11519230902194977,-0.2866456210613251,2.7672948837280273,3.3072351856868645,1086.6468580538574,0.6872879862785339,0.21126888692378998,0.10143369436264038,0.08549869060516357,0.0013819894520565867,0.5698332786560059
354,0.025171050801873207,0.06426534801721573,0.12403217703104019,0.07317011803388596,2.320791482925415,2.5531452191054345,669.3280438840912,0.8455619812011719,0.10616908967494965,0.048267707228660583,0.030548566952347755,0.001569108571857214,0.7950170040130615
355,0.01440688781440258,0.06079167127609253,0.11151033639907837,-0.12097682803869247,3.0859627723693848,4.219625505176726,1243.1448181123026,0.5796564817428589,0.3407245874404907,0.07960207015275955,0.13661283254623413,0.0033957939594984055,0.33897867798805237
356,0.014897738583385944,0.06002553924918175,0.11297301203012466,-0.0722811371088028,2.8487749099731445,4.029171199989604,1333.7685703216507,0.5430210828781128,0.37743738293647766,0.07944630831480026,0.12866654992103577,0.0027407947927713394,0.30796191096305847
357,0.014296939596533775,0.0466381199657917,0.08968279510736465,-0.10438228398561478,2.944253921508789,3.2621051272984873,1250.6587014642646,0.5761229395866394,0.3384622633457184,0.08534172177314758,0.13640350103378296,0.0032107846345752478,0.3384513258934021
358,0.018208535388112068,0.06319984793663025,0.11416592448949814,-0.2858167886734009,2.6819798946380615,3.4708913477149337,1054.42088321065,0.7172096371650696,0.16876520216464996,0.11395379155874252,0.08426430076360703,0.0014526558807119727,0.5916658043861389
359,0.01763957552611828,0.05926089361310005,0.11797580868005753,-0.34733524918556213,2.6522161960601807,3.359541930132903,1008.9016278676838,0.719533383846283,0.1739112287759781,0.10644519329071045,0.09297478199005127,0.002024189569056034,0.5908697247505188
360,0.014682815410196781,0.05963656306266785,0.1107797920703888,-0.09637037664651871,3.208704710006714,4.061657208956693,1470.063369455285,0.49250683188438416,0.37634027004241943,0.13098135590553284,0.14153754711151123,0.004681245423853397,0.2308148294687271
361,0.018177561461925507,0.059738241136074066,0.11895689368247986,-0.3324265480041504,2.8619940280914307,3.2863726665380653,1098.2396487541023,0.6944794654846191,0.19566944241523743,0.10983944684267044,0.08860813081264496,0.0016970672877505422,0.5656485557556152
362,0.030656013637781143,0.06426975131034851,0.1240321695804596,-0.1334863305091858,2.0425875186920166,2.0964810385210875,602.7903928356652,0.8897101879119873,0.06432229280471802,0.04596125707030296,0.04346846044063568,0.001470346236601472,0.8224067091941833
363,0.014647047966718674,0.05099588632583618,0.10046349465847015,-0.1299406886100769,2.9754130840301514,3.4816494380457033,1250.406425799446,0.5731514096260071,0.3478453457355499,0.07898090779781342,0.1301104575395584,0.0026954154018312693,0.34379133582115173
364,0.02982664294540882,0.06429101526737213,0.12403217703104019,-0.12266796827316284,2.0399787425994873,2.155489485789177,593.7967938322665,0.8938674926757812,0.060545120388269424,0.04558525234460831,0.0451890230178833,0.0006900018779560924,0.8263366222381592
365,0.018274299800395966,0.058095067739486694,0.10850420594215393,-0.3202054500579834,2.676016092300415,3.1790584794416494,1075.323444325656,0.6956782341003418,0.19793838262557983,0.1063639223575592,0.08190203458070755,0.0021429886110126972,0.5705127716064453
366,0.014938527718186378,0.05684332922101021,0.1020403504371643,-0.02596060186624527,2.7542412281036377,3.805149362075566,1305.75531105959,0.5480262041091919,0.36955568194389343,0.08240320533514023,0.1235344335436821,0.0030661511700600386,0.32494744658470154
367,0.014617139473557472,0.04680679738521576,0.09029445052146912,-0.1342267543077469,2.7897114753723145,3.2021858631565676,1393.5552293739968,0.5216397047042847,0.35623013973236084,0.122017040848732,0.13705912232398987,0.005987147800624371,0.26206427812576294
368,0.02537907473742962,0.06428740173578262,0.1240321695804596,0.04885267838835716,2.2297072410583496,2.5330868992807316,631.8632806456453,0.8678409457206726,0.08567788451910019,0.04648024961352348,0.030322769656777382,0.0016036522574722767,0.8180165886878967
369,0.014978383667767048,0.055895399302244186,0.10571669042110443,-0.031297650188207626,2.929414987564087,3.731737718723107,1585.0610585719364,0.4465993344783783,0.4049920439720154,0.1484084576368332,0.13739456236362457,0.0031141038052737713,0.21430817246437073
370,0.014663551934063435,0.05055598169565201,0.098782479763031,-0.10307196527719498,2.881791114807129,3.447730939920683,1318.999054371913,0.5535555481910706,0.3329673707485199,0.11347465962171555,0.1367391049861908,0.004392911214381456,0.28120315074920654
371,0.014454898424446583,0.055508002638816833,0.10156584531068802,-0.16029848158359528,2.941758394241333,3.8400825107909338,1255.04028364406,0.5734312534332275,0.33296093344688416,0.0936073437333107,0.13795755803585052,0.002371796639636159,0.34446650743484497
372,0.030124271288514137,0.06430628895759583,0.1240321695804596,-0.13748478889465332,2.053889274597168,2.1347002335615004,623.3208723355742,0.8796331286430359,0.07366114109754562,0.046696312725543976,0.04508368670940399,0.0014531734632328153,0.813203752040863
373,0.017627857625484467,0.0642957091331482,0.11046402156352997,-0.3630339801311493,2.7552576065063477,3.647392127591782,1058.8172718845228,0.7119685411453247,0.17218810319900513,0.11579529941082001,0.09348371624946594,0.00209012720733881,0.5811136364936829
374,0.026019304990768433,0.06426367163658142,0.1240321695804596,0.04451511800289154,2.2601571083068848,2.4698458185917005,647.717213230599,0.8613897562026978,0.08843894302845001,0.05017121881246567,0.030309773981571198,0.0015979728195816278,0.8132972717285156
375,0.014488397166132927,0.06278535723686218,0.10764381289482117,-0.13200335204601288,3.1173603534698486,4.3334922774819695,1424.6345572814587,0.5083102583885193,0.35755184292793274,0.13406887650489807,0.1391707956790924,0.004298762418329716,0.2410336583852768
376,0.014024238102138042,0.04167076200246811,0.08185476064682007,-0.1012580618262291,2.7348318099975586,2.9713387419701554,1209.750917426,0.6037489175796509,0.3066428005695343,0.08950500190258026,0.13923217356204987,0.003836011979728937,0.3452235758304596
377,0.02607041783630848,0.06428699940443039,0.1240321695804596,0.057202864438295364,2.260626792907715,2.4658983145422195,634.6550022837843,0.8576886057853699,0.09811767935752869,0.04419145733118057,0.027741938829421997,0.00142077193595469,0.8085691332817078
378,0.017665795981884003,0.06311903893947601,0.11770717054605484,-0.34288814663887024,2.7671377658843994,3.5729518783433623,1039.7610598484803,0.717997133731842,0.17689219117164612,0.10507089644670486,0.09120887517929077,0.0009551539551466703,0.5776746273040771
379,0.025529570877552032,0.06352563202381134,0.12328413128852844,0.08777057379484177,2.220099925994873,2.4883156997041675,650.8209746890054,0.8513341546058655,0.09982258826494217,0.04884214699268341,0.031321849673986435,0.001164942979812622,0.797024667263031
380,0.015014735981822014,0.05840008705854416,0.11489607393741608,-0.08633077144622803,3.0133299827575684,3.889518079129613,1520.867575499037,0.4605397582054138,0.4073205590248108,0.13212819397449493,0.13418644666671753,0.004591264761984348,0.21448484063148499
381,0.030744977295398712,0.06432383507490158,0.12403217703104019,-0.08640497177839279,2.025266647338867,2.092173770524661,600.5619150111997,0.8931241035461426,0.058007676154375076,0.048863641917705536,0.04019230976700783,0.0008492688066326082,0.8355828523635864
382,0.015307805500924587,0.06314733624458313,0.11620920896530151,-0.03886048123240471,2.9219117164611816,4.125172366257455,1421.1829773820848,0.501979649066925,0.40782156586647034,0.09016892313957214,0.1188059151172638,0.0037005844060331583,0.30608588457107544
383,0.01474208477884531,0.05235490947961807,0.09784168004989624,-0.10379830747842789,2.832787275314331,3.551391154064943,1444.1269205345238,0.4788952171802521,0.4113602042198181,0.10948403924703598,0.14036960899829865,0.004047348629683256,0.217770516872406
384,0.01455741934478283,0.050921354442834854,0.1003318727016449,-0.0685582384467125,2.9191060066223145,3.497965761190109,1436.8877236467104,0.49477460980415344,0.38643717765808105,0.11867230385541916,0.14538434147834778,0.004186475183814764,0.22288911044597626
385,0.024951577186584473,0.06428922712802887,0.1240321695804596,0.07706724107265472,2.2673044204711914,2.576559655716602,642.1378817463533,0.8615075349807739,0.08885297924280167,0.04963220655918121,0.033259253948926926,0.002322155050933361,0.8036920428276062
386,0.01462724432349205,0.0485282838344574,0.09153106808662415,-0.134982630610466,2.7804617881774902,3.317664131254101,1291.7257017656675,0.5585594177246094,0.3529968559741974,0.08831412345170975,0.13114018738269806,0.0028861623723059893,0.33743205666542053
387,0.03031637705862522,0.06435324996709824,0.1240321695804596,-0.12052061408758163,2.0800676345825195,2.1227223108002136,609.8439406810078,0.8732354640960693,0.08800803869962692,0.03874390944838524,0.042642999440431595,0.0009348868625238538,0.8126658797264099
388,0.014980447478592396,0.060067083686590195,0.11125300824642181,-0.20666873455047607,3.1689155101776123,4.009698893735887,1315.3454947964503,0.5337234735488892,0.38327908515930176,0.08299398422241211,0.12706834077835083,0.002724327379837632,0.30280300974845886
389,0.03059723787009716,0.06430105119943619,0.12403217703104019,-0.13195326924324036,2.052267074584961,2.10153123854936,612.8579506124269,0.8808553814888,0.07619990408420563,0.04294417425990105,0.04404543712735176,0.0010997425997629762,0.8164980411529541
390,0.014367331750690937,0.06427530944347382,0.1165740042924881,-0.12085389345884323,2.9793453216552734,4.473712346477212,1437.698664332813,0.5000842213630676,0.3609231114387512,0.13888993859291077,0.1481388956308365,0.0038022371008992195,0.24694988131523132
391,0.02499452978372574,0.06140325590968132,0.12115611135959625,0.08749277144670486,2.2332351207733154,2.456667776451034,607.8685066913581,0.8754292130470276,0.08165556192398071,0.04291153699159622,0.03146683797240257,0.0018538068979978561,0.820202112197876
392,0.026007676497101784,0.06425726413726807,0.1240321695804596,0.07299953699111938,2.2304625511169434,2.470703760943735,595.3463296370734,0.871957004070282,0.09326109290122986,0.034781649708747864,0.03137478977441788,0.0012699131621047854,0.8189293742179871
393,0.014947494491934776,0.0525800958275795,0.09390649944543839,-0.09536079317331314,2.7765254974365234,3.517652798094858,1397.8527777073223,0.507033109664917,0.3866269290447235,0.10632553696632385,0.1280229091644287,0.004351248499006033,0.2638437747955322
394,0.014981810003519058,0.05143127217888832,0.09874092787504196,-0.13194598257541656,2.9235055446624756,3.4329144584916493,1465.5868053681145,0.4775908291339874,0.39904356002807617,0.12336548417806625,0.13704709708690643,0.0043462407775223255,0.22727808356285095
395,0.025132225826382637,0.0599028542637825,0.11967071145772934,0.05181128904223442,2.2190232276916504,2.3835077193407908,632.783505613925,0.8632999658584595,0.09247195720672607,0.04422792047262192,0.029409609735012054,0.0018603444332256913,0.8137294054031372
396,0.014517958275973797,0.046147383749485016,0.08723625540733337,-0.024948060512542725,2.6733295917510986,3.1786414362877085,1302.2628755717828,0.5711248517036438,0.33943405747413635,0.08941188454627991,0.13315802812576294,0.0028555768076330423,0.33876660466194153
397,0.014956794679164886,0.05185351148247719,0.09792637825012207,-0.08454730361700058,2.8675527572631836,3.466886628539688,1387.3238318782314,0.5266034603118896,0.3785340189933777,0.09479661285877228,0.12420979142189026,0.0032081773970276117,0.31211182475090027
398,0.030936498194932938,0.06435956060886383,0.1240321695804596,-0.1288994401693344,2.0428409576416016,2.0803763955845804,623.9425920836281,0.8728870749473572,0.08437854796648026,0.042731959372758865,0.04065800458192825,0.0006574596045538783,0.8084862232208252
399,0.03117862343788147,0.0643455982208252,0.12403217703104019,-0.11307317018508911,2.047619104385376,2.063772903475356,613.9295588478685,0.8772701025009155,0.0797816663980484,0.04294796288013458,0.040238238871097565,0.0009819372789934278,0.8203954696655273
400,0.030742960050702095,0.06435926258563995,0.1240321695804596,-0.1286494880914688,2.0501370429992676,2.0934634295917998,614.2189212939139,0.8858780860900879,0.068913035094738,0.045207731425762177,0.03841899335384369,0.0009410619968548417,0.820321261882782
401,0.014188718982040882,0.050141844898462296,0.09654876589775085,-0.10627491027116776,2.863856554031372,3.533923320237332,1264.922803854109,0.5834040641784668,0.31682053208351135,0.09972581267356873,0.13570110499858856,0.0030368310399353504,0.3361932337284088
402,0.018453694880008698,0.06428085267543793,0.12115596234798431,-0.22374451160430908,2.6227951049804688,3.483359462152561,1082.3273710321878,0.6797692775726318,0.21885770559310913,0.1013660728931427,0.08679462224245071,0.002265636809170246,0.5492830872535706
403,0.015001524239778519,0.05120392143726349,0.09606769680976868,-0.10164588689804077,3.057687997817993,3.413247921706269,1538.0276808301608,0.45017725229263306,0.3985320031642914,0.1512092649936676,0.13680079579353333,0.004235927481204271,0.2183517962694168
404,0.014652122743427753,0.05116712674498558,0.10042956471443176,-0.13044239580631256,2.97751522064209,3.4921306378247885,1250.9237405149013,0.5729464888572693,0.34799715876579285,0.07903808355331421,0.12976758182048798,0.002687871688976884,0.3442686200141907
405,0.03126159682869911,0.06429766863584518,0.1240321695804596,-0.09002561867237091,2.0149762630462646,2.056762134900325,622.1522164459641,0.8858562111854553,0.06472067534923553,0.04941374808549881,0.03873291611671448,0.0016337691340595484,0.8299379944801331
406,0.030777854844927788,0.06427191197872162,0.1240321695804596,-0.12603966891765594,2.058163642883301,2.0882518388777647,643.5387568466009,0.870750367641449,0.08040562272071838,0.04884380102157593,0.04157264903187752,0.0008458549273200333,0.8082816004753113
407,0.018056374043226242,0.05879164859652519,0.11750581860542297,-0.3027472496032715,2.6836748123168945,3.2560052451574344,1103.064826173517,0.6901559233665466,0.18825474381446838,0.12158939242362976,0.08953467756509781,0.0015737549401819706,0.5648974776268005
408,0.014996778219938278,0.05125892162322998,0.10008701682090759,-0.10994166880846024,3.105254888534546,3.4179955766541266,1505.1276988483278,0.46193456649780273,0.4244093596935272,0.11361950635910034,0.1339610069990158,0.004557224456220865,0.20976199209690094
409,0.014986502937972546,0.05865345150232315,0.10339562594890594,-0.1346222460269928,2.857332468032837,3.9137517098665016,1365.2259781269663,0.5221086740493774,0.36592358350753784,0.11196491867303848,0.12888693809509277,0.004519348032772541,0.2790585160255432
410,0.015036323107779026,0.05491144582629204,0.10460823774337769,0.04073226451873779,2.95646071434021,3.651919783117173,1510.2236031726982,0.46887052059173584,0.4034975469112396,0.1274869292974472,0.13784259557724,0.0037801163271069527,0.22704696655273438
411,0.025244001299142838,0.06427895277738571,0.12403217703104019,0.07943877577781677,2.2220473289489746,2.5463060318025734,596.8564773914541,0.877732515335083,0.0819581001996994,0.04030703008174896,0.032423269003629684,0.0024024678859859705,0.8227338790893555
412,0.014691637828946114,0.051615700125694275,0.09920509159564972,-0.13292436301708221,2.973426342010498,3.5132706593464667,1338.988066486684,0.5421053767204285,0.363244891166687,0.09462475776672363,0.12962859869003296,0.0025801861193031073,0.3051442503929138
413,0.02544455975294113,0.06428444385528564,0.1240321695804596,0.07652156054973602,2.214008092880249,2.5264514095327812,625.3596108658704,0.8673014044761658,0.08658786118030548,0.046110671013593674,0.029117241501808167,0.001683406182564795,0.8123332262039185
414,0.030514586716890335,0.06433957815170288,0.12403217703104019,-0.1350216567516327,2.01552152633667,2.108485975790108,589.3647275784948,0.8929118514060974,0.06734716892242432,0.03973720595240593,0.042716022580862045,0.0008048465242609382,0.8318024277687073
415,0.0309503935277462,0.06436621397733688,0.1240321695804596,-0.12157133966684341,2.0812535285949707,2.0796573690591247,641.463133911756,0.8632989525794983,0.09053824841976166,0.04615960642695427,0.039549726992845535,0.0011222768807783723,0.799940824508667
416,0.030407089740037918,0.0642928034067154,0.12403217703104019,-0.1135825365781784,2.0496859550476074,2.1144017383533007,598.3572296369908,0.8911226391792297,0.0637674555182457,0.0451069250702858,0.043878067284822464,0.0014712716219946742,0.827543318271637
417,0.017844058573246002,0.05513164401054382,0.10386607050895691,-0.3083316385746002,2.6497716903686523,3.0896359021211857,1016.9530355758534,0.7275807857513428,0.16646935045719147,0.10594706982374191,0.08982578665018082,0.0014352925354614854,0.5905172228813171
418,0.014996343292295933,0.04936748743057251,0.09863100200891495,-0.07207252830266953,2.9250106811523438,3.2919683462195803,1317.9432943983272,0.5498473644256592,0.3644455373287201,0.08565052598714828,0.1264640837907791,0.003385590622201562,0.32429471611976624
419,0.030666247010231018,0.06436824053525925,0.1240321695804596,-0.13515371084213257,2.024662494659424,2.098993088775598,598.4012346143695,0.8893446326255798,0.06713467836380005,0.043519046157598495,0.04143331199884415,0.0010021727066487074,0.828073263168335
420,0.015388968400657177,0.06105957180261612,0.10864067077636719,-0.1560085564851761,3.2250940799713135,3.967749507890396,1521.9773347324967,0.43253979086875916,0.45891520380973816,0.10845641046762466,0.12726661562919617,0.00485518854111433,0.20960430800914764
421,0.015063360333442688,0.05010724812746048,0.09172891080379486,-0.08234309405088425,2.763450860977173,3.326432284361492,1383.3828222077746,0.5301128029823303,0.35911959409713745,0.11073126643896103,0.1329084187746048,0.0049514262937009335,0.25750672817230225
422,0.01406102441251278,0.05149278789758682,0.09582957625389099,-0.16251052916049957,2.8633275032043457,3.6620936272681353,1259.83672977829,0.5906059741973877,0.31213870644569397,0.09716711193323135,0.1400306075811386,0.004059708211570978,0.34207683801651
423,0.014596479013562202,0.04770786687731743,0.09055010229349136,-0.02431172877550125,2.7683520317077637,3.2684503454375258,1321.2755125844046,0.5526469349861145,0.358025461435318,0.08932604640722275,0.1328795850276947,0.003216389799490571,0.31559866666793823
424,0.025054587051272392,0.06299766898155212,0.12278445065021515,0.0789751261472702,2.3501291275024414,2.5144165756999928,663.2948361476094,0.8420477509498596,0.11266840994358063,0.04528099298477173,0.03062640316784382,0.0016090805875137448,0.7898127436637878
425,0.015201195143163204,0.05495264008641243,0.10390707105398178,-0.12468026578426361,2.9342293739318848,3.6150210273113013,1394.1059802741663,0.5204083323478699,0.3568543791770935,0.12267405539751053,0.12474998086690903,0.004145229235291481,0.25894856452941895
426,0.015549982897937298,0.05632271617650986,0.10113007575273514,-0.10189349204301834,2.8700006008148193,3.6220436088298857,1475.3226875299067,0.4818493723869324,0.3933304250240326,0.12471113353967667,0.12181442230939865,0.0041072857566177845,0.23889842629432678
427,0.026289207860827446,0.06427280604839325,0.12403217703104019,0.06896381080150604,2.2296979427337646,2.4448361619034893,650.6374729242461,0.8517516851425171,0.09917297959327698,0.049073636531829834,0.028649229556322098,0.0013983084354549646,0.8014611601829529
428,0.030156632885336876,0.06428966671228409,0.1240321695804596,-0.12886549532413483,2.021104335784912,2.131858253359974,598.5041995751328,0.8877415657043457,0.06931591778993607,0.042937152087688446,0.04537329450249672,0.0016841519391164184,0.8178628087043762
429,0.015033998526632786,0.0585370697081089,0.10198540985584259,-0.20984527468681335,3.058692693710327,3.893646098243033,1580.7509566875945,0.43923091888427734,0.43256720900535583,0.1281135529279709,0.13440020382404327,0.00483166566118598,0.20155763626098633
430,0.017986373975872993,0.056524720042943954,0.10942140221595764,-0.299759179353714,2.770362615585327,3.1426412080402555,1104.4471453180745,0.7005890607833862,0.17811377346515656,0.12127059698104858,0.08598797023296356,0.002259748289361596,0.5814834833145142
431,0.015073913149535656,0.05491434410214424,0.10419101268053055,0.009208355098962784,2.946725606918335,3.6430052073235437,1557.7580682912833,0.4392823874950409,0.4319354295730591,0.128775492310524,0.12926821410655975,0.0037273550406098366,0.2112187296152115
432,0.015278135426342487,0.05843399837613106,0.10862123966217041,-0.11237555742263794,2.927405595779419,3.824681267817194,1406.7680018996216,0.5001228451728821,0.38366082310676575,0.1161886677145958,0.12181805074214935,0.004662454593926668,0.25871649384498596
433,0.018017377704381943,0.061346445232629776,0.1121639609336853,-0.26795119047164917,2.702287197113037,3.4048487097156808,1010.1542358354108,0.7112966179847717,0.194554403424263,0.09413066506385803,0.08715248852968216,0.0013190202880650759,0.5916927456855774
434,0.01494334451854229,0.056884296238422394,0.10219357907772064,-0.025674572214484215,2.7549726963043213,3.8066643089190277,1305.1415281776547,0.5482386350631714,0.36943474411964417,0.08231352269649506,0.12402424961328506,0.0030517035629600286,0.3248784840106964
435,0.015880554914474487,0.06413968652486801,0.11013397574424744,-0.15921680629253387,3.104581832885742,4.038881945011153,1486.0355850247909,0.4732052683830261,0.40018436312675476,0.126598060131073,0.11774557828903198,0.004146335646510124,0.2326592355966568
436,0.015530643053352833,0.0527874156832695,0.10231554508209229,-0.037713512778282166,3.02445912361145,3.3989201540804563,1581.2235357732511,0.4342555105686188,0.4545656144618988,0.1106182336807251,0.1270240694284439,0.0038355947472155094,0.19938549399375916
437,0.015850918367505074,0.0632610097527504,0.12269891798496246,0.007959225215017796,3.2400219440460205,3.9909996557957577,1546.6911563256601,0.4225325584411621,0.4449600875377655,0.13246220350265503,0.12201131135225296,0.0031988986302167177,0.20597299933433533
438,0.02499062940478325,0.06427808105945587,0.1240321695804596,0.06922227889299393,2.2689032554626465,2.5720873218415563,656.4547788781395,0.8515104055404663,0.1030498817563057,0.04543307051062584,0.03413796424865723,0.0012579705798998475,0.7917705774307251
439,0.01421042438596487,0.048907339572906494,0.09725777804851532,-0.12188521772623062,2.8410491943359375,3.4416522857522027,1255.3324897197483,0.5993344783782959,0.3025335967540741,0.09798180311918259,0.1370159238576889,0.0024776863865554333,0.34670141339302063
440,0.025763332843780518,0.06427092105150223,0.1240321695804596,0.07083719223737717,2.2443203926086426,2.4946664097662774,630.68583571364,0.8634713888168335,0.09353534132242203,0.042992811650037766,0.02984705939888954,0.001698924577794969,0.8157225847244263
441,0.01470508985221386,0.06427031755447388,0.10750238597393036,-0.1576937735080719,2.987166404724121,4.370617126180111,1338.8314846410535,0.5414552092552185,0.3471779525279999,0.11131364852190018,0.13365930318832397,0.004409897141158581,0.2749204635620117
442,0.025377070531249046,0.06428973376750946,0.1240321695804596,0.04860525205731392,2.2297592163085938,2.5333788502424035,631.8711109599873,0.8678411245346069,0.08570830523967743,0.04644989222288132,0.030228521674871445,0.0016097122570499778,0.8180845975875854
443,0.015371638350188732,0.04918178543448448,0.09582218527793884,-0.10602039843797684,2.861677885055542,3.199514866981054,1506.378977025818,0.4581533670425415,0.4273024797439575,0.11440407484769821,0.12661591172218323,0.0038017951883375645,0.21210242807865143
444,0.030338190495967865,0.06429444253444672,0.1240321695804596,-0.13706853985786438,2.0848867893218994,2.1192576577984306,649.0504042149712,0.8633749485015869,0.08677244931459427,0.049842093139886856,0.04109816253185272,0.0011691469699144363,0.7990553379058838
445,0.014550447463989258,0.05528464913368225,0.09963162988424301,-0.12880882620811462,2.852104902267456,3.799515394059606,1296.3662848964782,0.566132128238678,0.35434189438819885,0.07940379530191422,0.1295817643404007,0.0033993178512901068,0.3244243264198303
446,0.017811166122555733,0.060119859874248505,0.10978619754314423,-0.35938122868537903,2.804898262023926,3.3754027926750076,1068.5213355949625,0.703148365020752,0.18742875754833221,0.10941708832979202,0.08789058029651642,0.0011799951316788793,0.5745652318000793
447,0.015614235773682594,0.06254158169031143,0.11783444881439209,-0.03720943629741669,3.196810007095337,4.005420604171886,1552.398230243341,0.42842620611190796,0.45336297154426575,0.11787621676921844,0.12148887664079666,0.0039846827276051044,0.20783333480358124
448,0.025045888498425484,0.06427773088216782,0.1240321695804596,0.03910072147846222,2.26772403717041,2.5663985082278975,638.1672832390705,0.8600702881813049,0.09648038446903229,0.043448831886053085,0.030055344104766846,0.0020038720685988665,0.8071874976158142
449,0.017663804814219475,0.0633133053779602,0.11762265861034393,-0.3424317240715027,2.765590190887451,3.5843526375137618,1040.433512884207,0.7177297472953796,0.17702719569206238,0.10519961267709732,0.09125462174415588,0.0009563679341226816,0.5774603486061096
450,0.025273211300373077,0.0636451318860054,0.12340904772281647,0.07200829684734344,2.2430386543273926,2.5182843259236947,616.1789960681645,0.8683783411979675,0.09169846028089523,0.039921119809150696,0.030949708074331284,0.0013813994592055678,0.8170865774154663
451,0.030617736279964447,0.06433907151222229,0.12403217703104019,-0.12012412399053574,2.0550546646118164,2.101366048809525,605.4419037683974,0.8792790174484253,0.08064139634370804,0.04007750377058983,0.04243616759777069,0.001062546274624765,0.8126825094223022
452,0.024755194783210754,0.060697704553604126,0.12046286463737488,0.0797271877527237,2.284271717071533,2.4519178735090406,603.6905846725534,0.8718902468681335,0.09146316349506378,0.03664639592170715,0.034125279635190964,0.0016946395626291633,0.8145257234573364
453,0.01439928449690342,0.04508387669920921,0.0896759033203125,-0.05905236303806305,2.6392581462860107,3.1309803418200093,1326.028942683837,0.5667148232460022,0.3397560715675354,0.09343758225440979,0.1393214762210846,0.004287775605916977,0.32106339931488037
454,0.01814049668610096,0.05750798434019089,0.10947620868682861,-0.2852146327495575,2.7075014114379883,3.1701438682813303,1035.260451160434,0.7087811827659607,0.19827647507190704,0.09292083233594894,0.0855674222111702,0.0012091685784980655,0.5773117542266846
455,0.024829989299178123,0.06425996124744415,0.1240321695804596,0.08556589484214783,2.2639272212982178,2.5879979435586455,636.3028697652937,0.8602297306060791,0.09430192410945892,0.04546467214822769,0.030172670260071754,0.0013471985002979636,0.8084545731544495
456,0.0305431317538023,0.06436025351285934,0.1240321695804596,-0.09037166088819504,2.0739939212799072,2.1071923478423256,627.1844571050954,0.8774366974830627,0.07464276254177094,0.047920480370521545,0.04024674370884895,0.0007523396052420139,0.8185356855392456
457,0.030595939606428146,0.06434395164251328,0.1240321695804596,-0.1080024242401123,2.0601186752319336,2.1030225731943766,621.2847420826427,0.8839496970176697,0.06654583662748337,0.049497295171022415,0.04128854721784592,0.0014139339327812195,0.8148558139801025
458,0.01421009935438633,0.0534295029938221,0.09890620410442352,-0.08575505763292313,3.0165698528289795,3.7599668839450917,1326.4935567416371,0.5767489671707153,0.32832154631614685,0.0947953313589096,0.13350650668144226,0.0029744855128228664,0.33195164799690247
459,0.015412908047437668,0.0642748773097992,0.12403217703104019,-0.03800201043486595,3.1396405696868896,4.170197934601603,1587.916361302907,0.44599491357803345,0.4149605929851532,0.1390438973903656,0.12457393109798431,0.003978928085416555,0.22455716133117676
460,0.015122555196285248,0.05149677023291588,0.09741245955228806,-0.04757710546255112,2.855553388595581,3.405295570827899,1433.9140169394918,0.5043007135391235,0.3706648349761963,0.12489213794469833,0.1370454877614975,0.004281308967620134,0.23021048307418823
461,0.03060751035809517,0.06429591774940491,0.1240321695804596,-0.1317349076271057,2.0521864891052246,2.1006582043122326,612.6688219995588,0.880937933921814,0.07611928135156631,0.04294155165553093,0.04406951367855072,0.001093320781365037,0.8165841698646545
462,0.018231965601444244,0.05560604855418205,0.10880881547927856,-0.20937789976596832,2.6081316471099854,3.0499206594996706,1146.5002726013488,0.6674596071243286,0.20900605618953705,0.12343370914459229,0.08648957312107086,0.001334556145593524,0.5454502701759338
463,0.026008257642388344,0.06426175683736801,0.1240321695804596,0.04376503825187683,2.2603306770324707,2.4708212952398307,648.19494914063,0.8612064719200134,0.08853662759065628,0.05025659501552582,0.03035135567188263,0.0016035992885008454,0.8131025433540344
464,0.018093634396791458,0.05911446735262871,0.10237106680870056,-0.2868701219558716,2.737537145614624,3.267141694862826,1038.130146193753,0.7075529098510742,0.18896637856960297,0.10347776859998703,0.0877898558974266,0.002405348001047969,0.5743810534477234
465,0.014934785664081573,0.05326681211590767,0.10373133420944214,-0.061440423130989075,3.0445199012756348,3.5666271555840723,1502.9103047637193,0.45695409178733826,0.42604565620422363,0.11699701845645905,0.14087581634521484,0.004318324849009514,0.2119711935520172
466,0.01436268724501133,0.048259615898132324,0.09253057092428207,-0.16519010066986084,2.824566602706909,3.3600687024313314,1266.9054934522508,0.5954746007919312,0.3012516498565674,0.10324306786060333,0.13793398439884186,0.00311240553855896,0.3513057827949524
467,0.014233778230845928,0.04586058482527733,0.08791249990463257,-0.1486661434173584,2.860455274581909,3.221954429686926,1240.6079841332826,0.5908505916595459,0.32281768321990967,0.08632832765579224,0.13645756244659424,0.0035214086528867483,0.3436262011528015
468,0.025486160069704056,0.06373043358325958,0.1234983429312706,0.0697491392493248,2.2797529697418213,2.5005898654978913,626.5561728442179,0.8696614503860474,0.08251616358757019,0.047814514487981796,0.03044917620718479,0.0012954527046531439,0.8137009739875793
469,0.025055749341845512,0.06048537790775299,0.12024962902069092,0.07959798723459244,2.2394754886627197,2.4140318886540966,611.4022995366192,0.8690248727798462,0.09221956133842468,0.03875557333230972,0.03254567086696625,0.0016995033947750926,0.8152230381965637
470,0.014582333154976368,0.052748993039131165,0.09926167130470276,-0.17940758168697357,3.054609775543213,3.6173218973201635,1394.4315778506991,0.5055885910987854,0.391834557056427,0.10251414775848389,0.14964458346366882,0.004823087714612484,0.23587556183338165
471,0.017996326088905334,0.06422200798988342,0.1129382997751236,-0.2526240944862366,2.598087787628174,3.568617709472792,1093.7640052214745,0.6852011680603027,0.20177124440670013,0.11279726028442383,0.09000591933727264,0.0014025423442944884,0.5455547571182251
472,0.01488774549216032,0.050797976553440094,0.0941518098115921,-0.08953707665205002,2.7853188514709473,3.4120664258250204,1459.7586739001176,0.4620736241340637,0.42567089200019836,0.11223360151052475,0.13998141884803772,0.004690584726631641,0.20749899744987488
473,0.031136944890022278,0.0643078163266182,0.1240321695804596,-0.10703685879707336,2.0408308506011963,2.065321968860217,679.2419664689467,0.8588480949401855,0.08517936617136002,0.055971723049879074,0.040036361664533615,0.0006215480389073491,0.793330729007721
474,0.01776500791311264,0.05636657029390335,0.10443674027919769,-0.25333353877067566,2.5854036808013916,3.1728986874880802,1025.8474297672358,0.7125189304351807,0.18612752854824066,0.1013481393456459,0.09013420343399048,0.0016818229341879487,0.5913469195365906
475,0.015160332433879375,0.05953839421272278,0.11080065369606018,-0.13625448942184448,3.147777557373047,3.927248592236856,1443.5621020867738,0.5028077960014343,0.37138548493385315,0.12580463290214539,0.12430470436811447,0.004105333238840103,0.25573840737342834
476,0.0154888816177845,0.05285028740763664,0.10487431287765503,-0.09771644324064255,2.755574941635132,3.412143543245965,1424.8200690543642,0.5026824474334717,0.3729097545146942,0.12439842522144318,0.12383420020341873,0.0050308434292674065,0.24627691507339478
477,0.014519481919705868,0.052298419177532196,0.10137879103422165,-0.051036521792411804,2.910147190093994,3.6019480215028015,1415.7517164752903,0.5053842663764954,0.38063135743141174,0.11386729031801224,0.13818131387233734,0.004883653484284878,0.24300090968608856
478,0.014381199143826962,0.06112850084900856,0.10867801308631897,-0.1464070826768875,2.9714224338531494,4.250584407698505,1319.9007544223,0.5654683113098145,0.33625516295433044,0.09825365245342255,0.13387827575206757,0.002889661816880107,0.32452255487442017
479,0.01469725277274847,0.052681535482406616,0.10031607002019882,-0.10515949875116348,3.000349283218384,3.5844478075864528,1436.4625470808985,0.49519017338752747,0.40341851115226746,0.10130055248737335,0.138104647397995,0.004042911808937788,0.23294298350811005
480,0.014598154462873936,0.05222442001104355,0.10163691639900208,-0.1344681680202484,3.018188953399658,3.577467284668302,1289.1633544539839,0.5637660622596741,0.34422898292541504,0.09195636957883835,0.1322373002767563,0.0036878585815429688,0.33742591738700867
481,0.018206605687737465,0.06113877519965172,0.11715918779373169,-0.26744771003723145,2.7785964012145996,3.35805455694973,1130.5249855958004,0.6698317527770996,0.21001869440078735,0.12011922150850296,0.08750230073928833,0.0016403895569965243,0.553566038608551
482,0.030523451045155525,0.0643206536769867,0.1240321695804596,-0.12930616736412048,2.0580034255981445,2.1072536516177447,668.789416739252,0.8610791563987732,0.08477204293012619,0.054131023585796356,0.042752645909786224,0.0012978683225810528,0.7986574172973633
483,0.0146499527618289,0.05328088626265526,0.10075554251670837,-0.11006712168455124,2.915266275405884,3.63693229085653,1492.2793921390678,0.479472815990448,0.3861619830131531,0.1343609243631363,0.14023251831531525,0.004998846910893917,0.22249408066272736
484,0.015175112523138523,0.05486132949590683,0.10588693618774414,-0.010896030813455582,3.0944437980651855,3.615217311149477,1510.9574285230913,0.4418262839317322,0.4567325711250305,0.10144096612930298,0.12580280005931854,0.0033426627051085234,0.22035472095012665
485,0.015434496104717255,0.049785126000642776,0.09400030970573425,0.07267177104949951,2.830049753189087,3.225575079331637,1569.6893772289213,0.44495126605033875,0.419552206993103,0.13545794785022736,0.13133488595485687,0.0037307371385395527,0.20488353073596954
486,0.014907382428646088,0.052332598716020584,0.10399599373340607,-0.1203235611319542,3.1110999584198,3.510515609497448,1308.2379993143813,0.5382448434829712,0.3677729368209839,0.09387268126010895,0.12323517352342606,0.003024035831913352,0.30741262435913086
487,0.014989390969276428,0.05572589114308357,0.09980908036231995,-0.09425446391105652,3.044651508331299,3.7176888142811513,1477.0153350476858,0.47427043318748474,0.4012790322303772,0.1244174912571907,0.13383568823337555,0.004006769508123398,0.22651061415672302
488,0.01558556966483593,0.05968061834573746,0.11122150719165802,-0.09641088545322418,3.0132272243499756,3.829222776281273,1406.3189519879984,0.5031476616859436,0.3717275857925415,0.12499913573265076,0.12217867374420166,0.0037478033918887377,0.24716787040233612
489,0.015059864148497581,0.051203422248363495,0.09653317928314209,-0.1556011289358139,2.9951705932617188,3.3999923067082722,1413.07137262118,0.5192621946334839,0.3539338707923889,0.12668468058109283,0.12950408458709717,0.005043664947152138,0.2545545697212219
490,0.014792046509683132,0.051743246614933014,0.09713079780340195,-0.10054303705692291,3.0137522220611572,3.4980451540334823,1390.5485712184054,0.5217846035957336,0.36491480469703674,0.11324220150709152,0.13319744169712067,0.004265694413334131,0.2633037269115448
491,0.014696464873850346,0.053124479949474335,0.10153175890445709,-0.011028195731341839,2.796975612640381,3.6147794998227627,1291.4051426495091,0.5580323338508606,0.34176284074783325,0.10017850250005722,0.13151662051677704,0.003524665255099535,0.317778617143631
492,0.015438427217304707,0.05982300266623497,0.1138065755367279,-0.04876096174120903,2.8728067874908447,3.8749415222364942,1496.2090578710513,0.48506656289100647,0.39153358340263367,0.12339352816343307,0.1220015361905098,0.003506632288917899,0.24757295846939087
493,0.030433766543865204,0.06431841850280762,0.1240321695804596,-0.12099602073431015,2.0550599098205566,2.113390020521776,584.678303395502,0.8903526663780212,0.07037942856550217,0.039267223328351974,0.040379174053668976,0.0009544484200887382,0.8270857334136963
494,0.018166912719607353,0.05975092202425003,0.11900834739208221,-0.3317415118217468,2.8608238697052,3.2889970323065687,1099.0038277347228,0.6941726207733154,0.1959702968597412,0.10984331369400024,0.08863629400730133,0.0016975775361061096,0.5653085708618164
495,0.02506183832883835,0.06426583230495453,0.1240321695804596,0.05768026039004326,2.2545154094696045,2.564290434690114,618.1528772106942,0.8616940379142761,0.10001356154680252,0.03829207643866539,0.030407177284359932,0.0014631091617047787,0.8060039281845093
496,0.025737464427947998,0.064268097281456,0.12403217703104019,0.05569640174508095,2.234097957611084,2.4970640545760596,639.8914793680748,0.8602386116981506,0.09746468812227249,0.04229632765054703,0.029260041192173958,0.0013934812741354108,0.8003019094467163
497,0.01432241965085268,0.04898948594927788,0.08943747729063034,-0.023614773526787758,2.6833102703094482,3.420475529980776,1280.5324745775854,0.5828132033348083,0.31619060039520264,0.10093364119529724,0.1394241601228714,0.0033997350838035345,0.3360412120819092
498,0.03011336550116539,0.06429261714220047,0.12403217703104019,-0.10617491602897644,2.10158109664917,2.135019320161253,642.8381188491213,0.8735846281051636,0.07282733917236328,0.05358802154660225,0.04655217006802559,0.0014598580310121179,0.8052933216094971
499,0.017887139692902565,0.05745925381779671,0.10861724615097046,-0.2913268804550171,2.608487844467163,3.2123220817347136,1102.4378476339332,0.6924842596054077,0.20108117163181305,0.10637155175209045,0.08732213079929352,0.0020905141718685627,0.5637462735176086
500,0.014719603583216667,0.05732952803373337,0.11261802911758423,-0.05966043844819069,3.065192699432373,3.8947739119282994,1556.5325004990532,0.4623372256755829,0.3741857707500458,0.16347409784793854,0.14198672771453857,0.003630830440670252,0.2165536731481552
501,0.014767126180231571,0.054073795676231384,0.10200516879558563,-0.1319824755191803,2.8277504444122314,3.661768377448892,1356.7135148194864,0.5234367847442627,0.3565079867839813,0.12005525082349777,0.13309700787067413,0.005355877336114645,0.2666564881801605
502,0.014887676574289799,0.059755053371191025,0.10884694755077362,-0.08279700577259064,3.0673625469207764,4.013725920831125,1487.3814460167673,0.46748799085617065,0.4224894046783447,0.1099763810634613,0.14048604667186737,0.003431388409808278,0.21626783907413483
503,0.014511117711663246,0.05075416713953018,0.09644276648759842,-0.08706208318471909,2.9676311016082764,3.497605638967365,1318.4929999158235,0.5547931790351868,0.3567550778388977,0.08833321183919907,0.1318604052066803,0.003278372809290886,0.3190164566040039
504,0.01826043240725994,0.05986630544066429,0.11164669692516327,-0.2856784164905548,2.7005722522735596,3.2784714021111743,1067.6856906616295,0.6894112229347229,0.21561945974826813,0.09490996599197388,0.08379000425338745,0.0020336664747446775,0.5558822751045227
505,0.015849946066737175,0.06342925876379013,0.1231890469789505,-0.04710881784558296,3.089725971221924,4.001859595781302,1465.5319046330685,0.46900737285614014,0.4247736930847168,0.10621406137943268,0.11543666571378708,0.004537877626717091,0.24118997156620026
506,0.01492725033313036,0.05616788566112518,0.10884255170822144,-0.1451062262058258,2.9272356033325195,3.762775086092066,1403.6902845504674,0.5305381417274475,0.35220712423324585,0.1172167956829071,0.12901782989501953,0.0037548786494880915,0.2760542035102844
507,0.014501969330012798,0.05052444338798523,0.09983532130718231,-0.05931762605905533,2.8724396228790283,3.4839711927908668,1329.3954203318988,0.5588133335113525,0.35609838366508484,0.08508238941431046,0.13106709718704224,0.002750229323282838,0.32602325081825256
508,0.025640705600380898,0.0642840787768364,0.1240321695804596,0.04764264076948166,2.248189926147461,2.50711036491033,632.1753895368001,0.8609544634819031,0.09542714059352875,0.043617866933345795,0.03125135600566864,0.002046336652711034,0.8040242195129395
509,0.014907244592905045,0.05234485864639282,0.10401308536529541,-0.12087499350309372,3.108773946762085,3.511370482764767,1307.920915483967,0.5384901165962219,0.3675183951854706,0.09386730939149857,0.1229659914970398,0.003018550109118223,0.30776453018188477
510,0.015056428499519825,0.054719675332307816,0.10578645765781403,-0.09292127192020416,3.045003890991211,3.634306457897277,1323.6062895928849,0.5244961977005005,0.403959184885025,0.07153554260730743,0.12121053785085678,0.0029367925599217415,0.3089464604854584
511,0.014461476355791092,0.047663792967796326,0.09280820190906525,-0.12258853763341904,2.8935494422912598,3.2959147317910915,1248.9211472483266,0.5681465268135071,0.35014045238494873,0.08161629736423492,0.12826548516750336,0.004586197901517153,0.3363807797431946
512,0.01771344430744648,0.05605686455965042,0.10408351570367813,-0.2793818414211273,2.5824639797210693,3.164650735538783,1084.3658279834121,0.6906576156616211,0.19975648820400238,0.10955985635519028,0.08906477689743042,0.0015282683307304978,0.5690379738807678
513,0.017797859385609627,0.060807421803474426,0.11056187748908997,-0.3127065896987915,2.7339818477630615,3.416558164810731,1062.6437270817314,0.7160872220993042,0.16995416581630707,0.11386933922767639,0.0926104411482811,0.0015840178821235895,0.5848770141601562
514,0.018271226435899734,0.05909375846385956,0.11606396734714508,-0.29539954662323,2.7356343269348145,3.2342524278784324,1044.526121238546,0.6980453133583069,0.2035704255104065,0.09836891293525696,0.08492457121610641,0.001967896008864045,0.5759119987487793
515,0.025375915691256523,0.06061093136668205,0.12036367505788803,0.06988445669412613,2.2388601303100586,2.388521939532512,610.9447404462754,0.8742024898529053,0.0862361267209053,0.03956124559044838,0.030754320323467255,0.0013638907112181187,0.8224374055862427
516,0.01450896542519331,0.050863880664110184,0.09669354557991028,-0.08676928281784058,2.9710874557495117,3.505686254671519,1319.2490047911897,0.5542920231819153,0.3573039472103119,0.08829304575920105,0.13187967240810394,0.0032710523810237646,0.31856852769851685
517,0.030239786952733994,0.06433002650737762,0.1240321695804596,-0.12691448628902435,2.1065568923950195,2.1273306788106914,659.890967819666,0.8674216866493225,0.0797613188624382,0.05280275642871857,0.039478182792663574,0.001251429901458323,0.8046857714653015
518,0.030317725613713264,0.06433267146348953,0.1240321695804596,-0.14009970426559448,2.0829617977142334,2.1219491290688617,608.99500881079,0.8824285268783569,0.07405570149421692,0.043507736176252365,0.04578365385532379,0.002069739857688546,0.8146393299102783
519,0.014348113909363747,0.05021508038043976,0.09314532577991486,-0.13297469913959503,2.8747880458831787,3.499768728778285,1270.9640949112809,0.5560786128044128,0.3539004921913147,0.0900050476193428,0.131637305021286,0.0035350052639842033,0.32574427127838135
520,0.015200132504105568,0.06426485627889633,0.11408170312643051,-0.21368782222270966,3.1657822132110596,4.227914214386646,1377.0732808366552,0.5169207453727722,0.3748112618923187,0.10826385021209717,0.12624941766262054,0.00480937073007226,0.25589513778686523
521,0.024991581216454506,0.06427621096372604,0.1240321695804596,0.06933187693357468,2.2694833278656006,2.571914534116575,656.6848643014733,0.8513893485069275,0.103151835501194,0.04545184224843979,0.034217506647109985,0.0012658943887799978,0.791589081287384
522,0.026099424809217453,0.0642789676785469,0.1240321695804596,0.05690034478902817,2.222914457321167,2.462849972593375,601.267160580653,0.8761302828788757,0.08427543193101883,0.03959378972649574,0.028716756030917168,0.0018232486909255385,0.8236572742462158
523,0.02612941712141037,0.06425995379686356,0.12403217703104019,0.06653007864952087,2.2556638717651367,2.459295341178883,651.2969719527061,0.8523428440093994,0.10296088457107544,0.044695764780044556,0.030259335413575172,0.0013131806626915932,0.7978949546813965
524,0.025666290894150734,0.06340786069631577,0.12317386269569397,0.04637932777404785,2.2607715129852295,2.470472299848193,642.4916737031109,0.8588777780532837,0.09598125517368317,0.045140184462070465,0.02985197678208351,0.0017043520929291844,0.8088951110839844
525,0.01501506008207798,0.05802903324365616,0.10223305225372314,-0.013122238218784332,3.0005948543548584,3.8647220139368645,1344.5160067709023,0.5251042246818542,0.39637336134910583,0.07851488888263702,0.12815681099891663,0.0030703353695571423,0.3036208152770996
526,0.02585083805024624,0.06426344066858292,0.1240321695804596,0.0582316629588604,2.2305068969726562,2.4859325852874954,601.4427262682782,0.868576169013977,0.09567360579967499,0.03573944792151451,0.028845887631177902,0.0017566806636750698,0.8196046352386475
527,0.03104894421994686,0.06438438594341278,0.12403217703104019,-0.13486386835575104,2.0382192134857178,2.073641715004805,626.7851262657992,0.8821238875389099,0.07029508799314499,0.0475810207426548,0.041602570563554764,0.0007317046984098852,0.8221486210823059
528,0.02611086331307888,0.06426209211349487,0.1240321695804596,0.0641203373670578,2.227412462234497,2.4611247564091454,650.1321601829949,0.8529383540153503,0.10286512225866318,0.044196490198373795,0.029352812096476555,0.0013646341394633055,0.8017470836639404
529,0.030522041022777557,0.06431769579648972,0.12403217703104019,-0.12932462990283966,2.0648880004882812,2.107254090458248,616.4007194825322,0.8781754970550537,0.08011990040540695,0.04170462489128113,0.042153507471084595,0.001028002006933093,0.8146395683288574
530,0.025449257344007492,0.06429815292358398,0.1240321695804596,0.07327407598495483,2.223526954650879,2.5265237429884246,628.0620936509682,0.8637358546257019,0.08624915033578873,0.05001469701528549,0.03186510130763054,0.0012947024079039693,0.8109966516494751
531,0.025829264894127846,0.06427980959415436,0.1240321695804596,0.07476997375488281,2.2376084327697754,2.488642625144141,627.0524978877442,0.8662037253379822,0.08925607800483704,0.04454021155834198,0.029721645638346672,0.001188009511679411,0.8080355525016785
532,0.014406684786081314,0.06077248230576515,0.1114150881767273,-0.12223315238952637,3.0856974124908447,4.218353021804206,1243.2551430908961,0.5796527862548828,0.34077757596969604,0.0795569196343422,0.13647595047950745,0.003390631638467312,0.3390304148197174
533,0.03029387816786766,0.06428259611129761,0.12403217703104019,-0.12882161140441895,2.070481300354004,2.121966548916784,636.870966728261,0.8711446523666382,0.07945191860198975,0.04939904063940048,0.04076917842030525,0.000950771092902869,0.8058856725692749
534,0.025402270257472992,0.06427668780088425,0.1240321695804596,0.0715729296207428,2.312601089477539,2.5303520963621193,632.017100672213,0.8572506308555603,0.10127067565917969,0.0414779894053936,0.03106948733329773,0.0012811098713427782,0.8057810664176941
535,0.015448319725692272,0.06323026865720749,0.10966359078884125,-0.061345599591732025,3.0433051586151123,4.0930191616862714,1476.632993913044,0.4428064823150635,0.44885697960853577,0.1083264872431755,0.1266118735074997,0.004118640907108784,0.21714866161346436
536,0.015571118332445621,0.0615234337747097,0.11068452894687653,-0.006868824362754822,3.0536444187164307,3.951124926111561,1465.1327793453256,0.4890241324901581,0.37948545813560486,0.1314336359500885,0.11875583976507187,0.0038793841376900673,0.23957513272762299
537,0.015011445619165897,0.050335004925727844,0.10058458894491196,-0.12799759209156036,2.844696283340454,3.353108434680628,1482.969790818337,0.4923851191997528,0.3657369017601013,0.14178058505058289,0.12864314019680023,0.0031731261406093836,0.2529428005218506
538,0.026739157736301422,0.06425721943378448,0.1240321695804596,0.05224425345659256,2.2819461822509766,2.403113069793704,620.5188593497306,0.8719290494918823,0.08478055894374847,0.04329007863998413,0.029637617990374565,0.001364926341921091,0.8205068707466125
539,0.017999617382884026,0.06093353405594826,0.11480996012687683,-0.3259008824825287,2.7596371173858643,3.3852682952308286,1050.5068108687728,0.7117462754249573,0.1777842491865158,0.11046415567398071,0.09299113601446152,0.0020047936122864485,0.5812495350837708
540,0.025493519380688667,0.06425638496875763,0.1240321695804596,0.03726731613278389,2.287130832672119,2.520498798408796,616.9795139576458,0.86823970079422,0.08991702646017075,0.04183588922023773,0.02950955554842949,0.0010738071287050843,0.8181817531585693
541,0.025540271773934364,0.06426654756069183,0.1240321695804596,0.04881500080227852,2.2886929512023926,2.5162828386095746,681.8771682648244,0.8411396741867065,0.10607779026031494,0.052779026329517365,0.031986527144908905,0.0019999647047370672,0.7859196662902832
542,0.02518039010465145,0.06425014138221741,0.1240321695804596,0.037368860095739365,2.2292771339416504,2.5515943602397644,652.7866286209078,0.8553588390350342,0.09870532155036926,0.04592651128768921,0.03214961662888527,0.002317246049642563,0.7992548942565918
543,0.03086320497095585,0.06436080485582352,0.1240321695804596,-0.11160067468881607,2.045149564743042,2.085357140138414,627.2174754838913,0.8797410726547241,0.07223989069461823,0.04801708087325096,0.040954556316137314,0.0010863874340429902,0.8160974979400635
544,0.01812049187719822,0.055467791855335236,0.09876176714897156,-0.31683626770973206,2.6621034145355225,3.0610533217407663,1095.5627547932536,0.6983387470245361,0.18445274233818054,0.11720681935548782,0.08900995552539825,0.001549500972032547,0.5753403902053833
545,0.026026397943496704,0.06423834711313248,0.1240321695804596,0.06721526384353638,2.2891221046447754,2.4681996813437532,636.701272114569,0.8549044132232666,0.10182870924472809,0.04326604679226875,0.03067883849143982,0.0009034124086610973,0.7974834442138672
546,0.015478775836527348,0.05408177524805069,0.10574150085449219,-0.11441107839345932,2.9948527812957764,3.4939310327715143,1510.196331918631,0.475298672914505,0.3907462954521179,0.1338815540075302,0.12174682319164276,0.0035447331611067057,0.23743146657943726
547,0.030558248981833458,0.06428460776805878,0.12403217703104019,-0.11894865334033966,2.0267114639282227,2.103674454782131,624.0953134342044,0.8796595931053162,0.0738367885351181,0.046503640711307526,0.04183341562747955,0.0007442671922035515,0.8200305104255676
548,0.014486029744148254,0.054841503500938416,0.10915423184633255,-0.10104858130216599,2.9588425159454346,3.785820163686068,1346.6116085021156,0.5359196662902832,0.37669551372528076,0.0873831957578659,0.13460366427898407,0.003412962192669511,0.29728835821151733
549,0.025288879871368408,0.0642697811126709,0.12403217703104019,0.0607435368001461,2.2640879154205322,2.541424588081282,632.1166630061728,0.8604124784469604,0.09606931358575821,0.04350718855857849,0.030572080984711647,0.0013579679653048515,0.8079572319984436
550,0.025274168699979782,0.06427555531263351,0.1240321695804596,0.06637030839920044,2.2429022789001465,2.54313232110941,605.3726383757157,0.8791981339454651,0.07658969610929489,0.04421059414744377,0.028605064377188683,0.0019777393899858,0.8232914209365845
551,0.025321880355477333,0.06387641280889511,0.12364546954631805,0.08060979098081589,2.246877670288086,2.5225777829155382,616.348067333229,0.8631481528282166,0.09871243685483932,0.038139089941978455,0.03205634653568268,0.001216792268678546,0.8040995001792908
552,0.015155662782490253,0.055894047021865845,0.09961774945259094,-0.16167251765727997,3.051901340484619,3.687997537313495,1528.8947015278545,0.4517093300819397,0.439685195684433,0.10853111743927002,0.12739591300487518,0.004000958986580372,0.2196788787841797
553,0.014959242194890976,0.05834323912858963,0.11251199245452881,-0.17803658545017242,3.1242454051971436,3.900146702926932,1460.4406950631906,0.5102105736732483,0.3505830466747284,0.13920633494853973,0.12757034599781036,0.004103460349142551,0.2596738934516907
554,0.02519685961306095,0.0642763003706932,0.1240321695804596,0.05409828573465347,2.2496235370635986,2.550964737479595,642.9665130206937,0.8598757982254028,0.09287911653518677,0.04724470153450966,0.031779706478118896,0.002037852071225643,0.8047723770141602
555,0.015080106444656849,0.05480729788541794,0.10418092459440231,0.01170013751834631,2.9475257396698,3.6344105449734894,1557.553333065814,0.43935349583625793,0.43198683857917786,0.12865573167800903,0.12903806567192078,0.0037122315261512995,0.2114730179309845
556,0.03061165101826191,0.06431613862514496,0.1240321695804596,-0.10571916401386261,2.036269426345825,2.101034621905072,641.5011586687484,0.8747844696044922,0.0764690414071083,0.04874631017446518,0.03969579562544823,0.001023928401991725,0.8080992698669434
557,0.01772865653038025,0.05936988443136215,0.11613187193870544,-0.25076669454574585,2.75020170211792,3.3488089932971343,1146.4176546727824,0.6775713562965393,0.2036336213350296,0.11876221001148224,0.0877062976360321,0.001970676239579916,0.5572850704193115
558,0.030511116608977318,0.06432997435331345,0.1240321695804596,-0.13496896624565125,2.0393550395965576,2.1084110154223974,598.573165143733,0.886155903339386,0.07354477792978287,0.04029923677444458,0.04004879295825958,0.0012975403806194663,0.8275104761123657
559,0.030744895339012146,0.06428281962871552,0.1240321695804596,-0.11580682545900345,2.0411877632141113,2.0908452905044146,581.9550129478696,0.8858819007873535,0.07797414064407349,0.03614385053515434,0.04217652603983879,0.0010726623004302382,0.8240250945091248
560,0.015069706365466118,0.06120523810386658,0.10785640776157379,-0.2230578064918518,3.234005928039551,4.06147516185608,1532.4257776210343,0.45181065797805786,0.42276453971862793,0.12537752091884613,0.13127095997333527,0.004586024675518274,0.22055299580097198
561,0.015575528144836426,0.059621453285217285,0.10791724920272827,-0.177451029419899,2.896665096282959,3.827892879584632,1408.0836229529534,0.4955219626426697,0.39783143997192383,0.10653527081012726,0.12087441980838776,0.0034884163178503513,0.24892279505729675
562,0.015600611455738544,0.06043025478720665,0.11917091906070709,-0.03387165069580078,3.046445846557617,3.873582452507292,1574.215323994392,0.4092710614204407,0.47404760122299194,0.11665304750204086,0.12819381058216095,0.003406903939321637,0.1944216638803482
563,0.015851931646466255,0.0547647662460804,0.10672691464424133,-0.08009415864944458,2.9326658248901367,3.4547692649705506,1456.4981177608727,0.47823721170425415,0.41543900966644287,0.10632305592298508,0.11388103663921356,0.003982740454375744,0.2432156354188919
564,0.015746325254440308,0.06385935842990875,0.1164005845785141,-0.17367476224899292,3.065896987915039,4.055508659574115,1515.2408773985328,0.47618141770362854,0.3983805179595947,0.1253022998571396,0.11609368771314621,0.003100140718743205,0.2423325628042221
565,0.014849938452243805,0.048016831278800964,0.09051821380853653,-0.07981251925230026,2.7752459049224854,3.233470053090504,1329.99671926122,0.5423888564109802,0.369284451007843,0.08829290419816971,0.13026395440101624,0.0030139856971800327,0.32391202449798584
566,0.017823589965701103,0.062253329902887344,0.10816074907779694,-0.32666459679603577,2.744845151901245,3.492749217143799,1041.1291223667145,0.7035581469535828,0.19666439294815063,0.09973883628845215,0.09032608568668365,0.001799196470528841,0.5742132067680359
567,0.018027063459157944,0.055490292608737946,0.10143221914768219,-0.3329625427722931,2.680640459060669,3.0781659326477886,1110.9930327747654,0.6981727480888367,0.18545959889888763,0.116340771317482,0.08815251290798187,0.0011809481075033545,0.5736656785011292
568,0.025937628000974655,0.06427069008350372,0.12403217703104019,0.052887409925460815,2.235809326171875,2.4778938952556007,619.5633743060347,0.8680691719055176,0.08892302960157394,0.04300561174750328,0.029568400233983994,0.0014334971783682704,0.8209184408187866
569,0.014295712113380432,0.0633399561047554,0.10740208625793457,-0.16662833094596863,3.076216459274292,4.4306961134898675,1272.2094063369054,0.5797469019889832,0.3113844096660614,0.10884605348110199,0.13972988724708557,0.00302554527297616,0.335621178150177
570,0.018228551372885704,0.06415029615163803,0.121610626578331,-0.32692477107048035,2.8590750694274902,3.5192207452941107,1109.3786705089008,0.692902684211731,0.1837916076183319,0.12327106297016144,0.08485102653503418,0.0013064085505902767,0.5760718584060669
571,0.01853213831782341,0.0628480389714241,0.11665216833353043,-0.31139227747917175,2.8032541275024414,3.3912999077709385,1153.4725677861381,0.6697293519973755,0.20399226248264313,0.1262511909008026,0.0791919156908989,0.0024865958839654922,0.5431876182556152
572,0.01816064678132534,0.0642881914973259,0.11410745978355408,-0.33153805136680603,2.7641677856445312,3.5399725718961568,1051.887148810603,0.7078574299812317,0.18820123374462128,0.10393936187028885,0.08778198063373566,0.00128114630933851,0.5705937147140503
573,0.025524578988552094,0.06428349763154984,0.1240321695804596,0.04904552176594734,2.262801170349121,2.518493944909447,625.0690722775475,0.8595914244651794,0.10141696780920029,0.03898895904421806,0.03110136091709137,0.0019643742125481367,0.8037337064743042
574,0.015586914494633675,0.06288504600524902,0.11936212331056595,-0.16604086756706238,3.256866455078125,4.0344768698683025,1587.8766484052867,0.43205100297927856,0.4283263385295868,0.13962185382843018,0.12277597188949585,0.003858840325847268,0.1920575350522995
575,0.014683189801871777,0.05560307949781418,0.1066969707608223,-0.08580339699983597,3.088085174560547,3.7868528735451736,1337.7193948588445,0.5467145442962646,0.34504279494285583,0.10811273008584976,0.12703758478164673,0.003176542231813073,0.31669852137565613
576,0.02558121271431446,0.06427866220474243,0.1240321695804596,0.05043967068195343,2.3388705253601074,2.512729279885208,645.4564227141551,0.8504020571708679,0.10880935192108154,0.04078729450702667,0.030037591233849525,0.00148485554382205,0.7986325621604919
577,0.03085479512810707,0.06430298089981079,0.12403217703104019,-0.12069005519151688,2.0299923419952393,2.084051462041638,642.8559927666817,0.8729738593101501,0.07596120983362198,0.051063504070043564,0.04236144572496414,0.0013485810486599803,0.8128175735473633
578,0.014281555078923702,0.051326047629117966,0.10052411258220673,-0.06615857779979706,3.0411417484283447,3.593869669085936,1462.0990534561897,0.4772115647792816,0.3864990770816803,0.13627824187278748,0.14262492954730988,0.0038277239073067904,0.23150256276130676
579,0.01606072671711445,0.058142248541116714,0.11001347005367279,-0.08326924592256546,2.913836717605591,3.6201505424745,1543.4806712594618,0.4735013246536255,0.3756990134716034,0.15068891644477844,0.11783727258443832,0.0035906240809708834,0.2374761998653412
580,0.017905928194522858,0.06291487067937851,0.11108273267745972,-0.28179046511650085,2.7295305728912354,3.5136335850553424,1062.2392704468275,0.7035239338874817,0.1910247802734375,0.10544142127037048,0.08787792921066284,0.0011182412272319198,0.5831519961357117
581,0.014902029186487198,0.05918294936418533,0.1137765496969223,-0.16674262285232544,3.1672720909118652,3.9714691616548126,1291.6789727734329,0.542167067527771,0.3758600056171417,0.08194474875926971,0.12622569501399994,0.003124808194115758,0.31651341915130615
582,0.014617197215557098,0.058033257722854614,0.10211183875799179,-0.1498875916004181,2.9394638538360596,3.970204195994534,1461.975800858114,0.49627527594566345,0.3646436333656311,0.13907788693904877,0.14288684725761414,0.0053142039105296135,0.23803377151489258
583,0.030291667208075523,0.06427759677171707,0.1240321695804596,-0.12892784178256989,2.0705862045288086,2.1219563891306454,637.3201183631332,0.8709598779678345,0.07955034077167511,0.04948420822620392,0.04084569960832596,0.0009533577249385417,0.805627703666687
584,0.02573831006884575,0.061217520385980606,0.12097520381212234,0.056545693427324295,2.2094969749450684,2.3784592003070655,603.5515104833032,0.8734745979309082,0.08799958974123001,0.038524407893419266,0.029148368164896965,0.0017143252771347761,0.824852466583252
585,0.01463419757783413,0.06426714360713959,0.1137673407793045,-0.11366169899702072,3.1826624870300293,4.391572770623997,1478.6197936673695,0.4719301760196686,0.3996770679950714,0.1283152550458908,0.13951212167739868,0.0028223658446222544,0.22177812457084656
586,0.025151647627353668,0.06428485363721848,0.1240321695804596,0.05652611702680588,2.275265693664551,2.555890357049596,616.3339901765025,0.8674539923667908,0.09245576709508896,0.040087658911943436,0.029347708448767662,0.0025021035689860582,0.8137329816818237
587,0.018055325374007225,0.059736113995313644,0.11505447328090668,-0.28685519099235535,2.7689504623413086,3.3085038765350827,1087.636482147634,0.6868749856948853,0.211588054895401,0.10153397172689438,0.08538071066141129,0.001375187304802239,0.5697212219238281
588,0.014369248412549496,0.049302034080028534,0.09678378701210022,-0.022065145894885063,2.977938652038574,3.431079529082338,1299.708943911007,0.5582852959632874,0.3546206057071686,0.0870940163731575,0.1363835632801056,0.002357246121391654,0.3178742229938507
589,0.030157243832945824,0.06433141231536865,0.12403217703104019,-0.11480139940977097,2.0374650955200195,2.133199329142786,609.2285938345246,0.8809794187545776,0.0761537030339241,0.04285338521003723,0.042332541197538376,0.0011810552095994353,0.8136410713195801
590,0.02988436631858349,0.06429009139537811,0.1240321695804596,-0.13458874821662903,2.0615313053131104,2.151295118921369,645.8651098536033,0.8725864887237549,0.07594218850135803,0.05146990343928337,0.0433826670050621,0.0016943057999014854,0.8070529699325562
591,0.0140443816781044,0.04579415172338486,0.09077459573745728,-0.0971483662724495,2.708981513977051,3.260674109385577,1264.0719790614205,0.6018165946006775,0.29477423429489136,0.10277866572141647,0.14142940938472748,0.002245076932013035,0.34985992312431335
592,0.015451156534254551,0.06306955963373184,0.10954487323760986,-0.06064590811729431,3.0379042625427246,4.081866589716276,1475.6657211738632,0.44315245747566223,0.44856196641921997,0.1082758828997612,0.126946821808815,0.004150620196014643,0.217119038105011
593,0.01468715537339449,0.05245611444115639,0.10480451583862305,0.058826424181461334,2.9766530990600586,3.5715639348793236,1522.8468446602333,0.4646592438220978,0.4127236604690552,0.12252746522426605,0.13992464542388916,0.004383689258247614,0.21570223569869995
594,0.015531004406511784,0.057496100664138794,0.10839719325304031,-0.08363781869411469,3.029742479324341,3.7020207550987503,1489.4195132612435,0.4946005940437317,0.3719709515571594,0.1334102749824524,0.12017904222011566,0.003320232266560197,0.2503218352794647
595,0.01498301699757576,0.04783996567130089,0.09552288055419922,0.0041628205217421055,2.8758888244628906,3.1929460986294287,1380.679878272923,0.5239185690879822,0.3491351306438446,0.12685100734233856,0.12923817336559296,0.003651371691375971,0.26327070593833923
596,0.030657168477773666,0.06430385261774063,0.1240321695804596,-0.12610378861427307,2.0190587043762207,2.09751440881643,559.831877929541,0.9037142992019653,0.060253728181123734,0.03603159263730049,0.03959985822439194,0.0011941664852201939,0.8405596017837524
597,0.025558877736330032,0.06427938491106033,0.1240321695804596,0.08803120255470276,2.237717390060425,2.514953339174867,651.2394889926516,0.85369873046875,0.10035223513841629,0.0459451787173748,0.029651498422026634,0.0019545070827007294,0.7984510660171509
598,0.031179917976260185,0.0643240362405777,0.12403217703104019,-0.11676014214754105,2.0277881622314453,2.062995684834381,634.7811758761432,0.8767215609550476,0.07207009196281433,0.05120832473039627,0.03797663748264313,0.0011559169506654143,0.8148534297943115
599,0.018145963549613953,0.05732657387852669,0.10427822172641754,-0.26150253415107727,2.571298122406006,3.15919150386407,1087.6847541720135,0.7071571946144104,0.17355939745903015,0.11924868822097778,0.08516227453947067,0.0017992217326536775,0.5776344537734985
600,0.03029545582830906,0.0643153265118599,0.1240321695804596,-0.11458075791597366,2.0976128578186035,2.1229364190532705,613.9142487425852,0.879720151424408,0.07798402011394501,0.04228698089718819,0.041436195373535156,0.0011251484975218773,0.8139941096305847
601,0.02554861269891262,0.06230846419930458,0.12206397950649261,0.05704987049102783,2.249748468399048,2.4388198659224143,609.1657987552283,0.8731926083564758,0.08653540909290314,0.04027197137475014,0.028530975803732872,0.0020935090724378824,0.8174223899841309
602,0.01787174865603447,0.06429176032543182,0.12320707738399506,-0.35455581545829773,2.841421604156494,3.597396178696037,1014.7899521808196,0.7136982679367065,0.18782682716846466,0.09847377985715866,0.09379324316978455,0.0016893510473892093,0.5790026783943176
603,0.030612079426646233,0.06431914865970612,0.1240321695804596,-0.10578147321939468,2.0368266105651855,2.10110354677894,641.3293108849256,0.8748131990432739,0.07645179331302643,0.048734813928604126,0.03976205736398697,0.0010251536732539535,0.8080581426620483
604,0.014794447459280491,0.051642902195453644,0.09699401259422302,-0.09869129210710526,3.0107908248901367,3.490694893074062,1390.2078963028462,0.5218265056610107,0.36508437991142273,0.11303502321243286,0.1329677700996399,0.004256999120116234,0.26340600848197937
605,0.01430322416126728,0.052024856209754944,0.09490805864334106,-0.2045556604862213,2.9529495239257812,3.6372817498728347,1239.1508865972285,0.5808917880058289,0.3324696123600006,0.08658815175294876,0.13509896397590637,0.0029447756242007017,0.34160685539245605
606,0.025470374152064323,0.06427756696939468,0.1240321695804596,0.06077704206109047,2.231534004211426,2.5236208381988567,591.3124938965295,0.878639280796051,0.08216502517461777,0.03919507935643196,0.029726024717092514,0.0021985452622175217,0.8233353495597839
607,0.01533924974501133,0.05001242086291313,0.09706595540046692,-0.06572090089321136,2.8869071006774902,3.260421578044772,1392.8217561841018,0.5219093561172485,0.3577195703983307,0.12027011811733246,0.12251695990562439,0.004332441836595535,0.26136520504951477
608,0.014651612378656864,0.05690108612179756,0.09851443767547607,-0.10186692327260971,2.962555408477783,3.8836057525520045,1263.512389404637,0.562001645565033,0.35994330048561096,0.07804121822118759,0.13273607194423676,0.0032099285162985325,0.3293118476867676
609,0.014873937703669071,0.053281303495168686,0.10360336303710938,0.05399126186966896,3.0944008827209473,3.582192191005558,1505.6536059384753,0.46742287278175354,0.41118815541267395,0.12130297720432281,0.13728691637516022,0.004116879776120186,0.21682427823543549
610,0.015260330401360989,0.046459611505270004,0.08953650295734406,-0.11238722503185272,2.7869198322296143,3.04446956784645,1500.2942170868905,0.4737548232078552,0.3795182406902313,0.14668098092079163,0.1267588585615158,0.0030328489374369383,0.23050083220005035
611,0.015496589243412018,0.06427331268787384,0.1240321695804596,-0.1604185551404953,3.136373281478882,4.1475780040469505,1460.6502754454405,0.48110151290893555,0.40329036116600037,0.1155865415930748,0.12167917937040329,0.003851474029943347,0.2397952675819397
612,0.01816977746784687,0.06011025235056877,0.11252601444721222,-0.31981080770492554,2.67431378364563,3.3082547352949843,1074.856370258887,0.6919136047363281,0.20132967829704285,0.10675644874572754,0.08753155916929245,0.001556077622808516,0.5736254453659058
613,0.0251682847738266,0.0642739087343216,0.1240321695804596,0.07032525539398193,2.294569969177246,2.5537659522435385,641.6892947001667,0.8540516495704651,0.10170777887105942,0.04424065351486206,0.02980692684650421,0.0010857469169422984,0.801719069480896
614,0.014656506478786469,0.04690711945295334,0.09027999639511108,-0.10184559971094131,2.742332935333252,3.20042975572967,1307.24205989863,0.5489360690116882,0.3683805763721466,0.08228617161512375,0.12691466510295868,0.003829479916021228,0.3187110424041748
615,0.01820291019976139,0.060739666223526,0.11591853946447372,-0.26213014125823975,2.682157278060913,3.3368107381524843,1053.0356151272792,0.7030340433120728,0.19840510189533234,0.0984945148229599,0.08401628583669662,0.0022754643578082323,0.5642170906066895
616,0.025540906935930252,0.06424461305141449,0.1240321695804596,0.05161324515938759,2.295034885406494,2.5153614634773036,632.3120174226043,0.8609523177146912,0.0950772687792778,0.043966904282569885,0.030503571033477783,0.001092448364943266,0.8091759085655212
617,0.025264553725719452,0.06426599621772766,0.12403217703104019,0.08615890145301819,2.2610714435577393,2.543721805375126,645.8923764160816,0.8545087575912476,0.09881017357110977,0.04666856676340103,0.031920794397592545,0.0017202988965436816,0.8012844920158386
618,0.014514247886836529,0.057201314717531204,0.104696124792099,-0.09143666923046112,2.8779726028442383,3.9410457337901743,1479.713308961354,0.5000547170639038,0.35465458035469055,0.14526474475860596,0.14999604225158691,0.004528703633695841,0.22500590980052948
619,0.01596827059984207,0.0627329871058464,0.11274057626724243,-0.15333928167819977,3.1543707847595215,3.9286024563322623,1483.128621888357,0.4730730354785919,0.42321306467056274,0.10368633270263672,0.11336493492126465,0.00393889332190156,0.2447863668203354
620,0.015144528821110725,0.05753391608595848,0.11302722990512848,-0.07292049378156662,3.1955552101135254,3.7989901674563855,1378.1025164907057,0.5126297473907471,0.40726691484451294,0.07984277606010437,0.12693078815937042,0.0032220438588410616,0.2928570508956909
621,0.018051277846097946,0.06429045647382736,0.1240321695804596,-0.2912184000015259,2.7767815589904785,3.56154600346829,1121.5438375768204,0.6653192639350891,0.22599638998508453,0.10867030173540115,0.08860347419977188,0.0015561104519292712,0.539801836013794
622,0.030113641172647476,0.06430082768201828,0.12403217703104019,-0.13450010120868683,2.0433714389801025,2.135272427244305,594.1089373134015,0.8908111453056335,0.06429291516542435,0.04488983750343323,0.04462132602930069,0.0008930210606195033,0.8226607441902161
623,0.01767156831920147,0.06134658306837082,0.10672396421432495,-0.29370683431625366,2.735006093978882,3.471484927471985,1028.871307988856,0.7189576029777527,0.1713508516550064,0.10963568091392517,0.08750320971012115,0.0010706055909395218,0.5933218598365784
624,0.01524055004119873,0.05414457246661186,0.10700398683547974,-0.06268405169248581,2.829744577407837,3.5526652461160455,1460.2755328328612,0.5037030577659607,0.35911691188812256,0.13705770671367645,0.12457548826932907,0.0040924870409071445,0.26258766651153564
625,0.030329592525959015,0.06433042883872986,0.1240321695804596,-0.13966810703277588,2.0826635360717773,2.1210449425441036,609.0676260929844,0.882401704788208,0.07407578825950623,0.0435122475028038,0.04570873826742172,0.002068682573735714,0.814669132232666
626,0.025328172370791435,0.06429073214530945,0.1240321695804596,0.06476598978042603,2.2794229984283447,2.5383091682095276,621.4764003332368,0.8716309070587158,0.08487170934677124,0.04349743202328682,0.03140506148338318,0.0014298296300694346,0.8216456174850464
627,0.017966795712709427,0.06430115550756454,0.11096398532390594,-0.320546418428421,2.7224860191345215,3.578888330015354,1020.6874115296644,0.7194061279296875,0.17878106236457825,0.10178482532501221,0.09332036972045898,0.0019120370270684361,0.578188955783844
628,0.0256522037088871,0.063871368765831,0.12363964319229126,0.05518247187137604,2.2414565086364746,2.489897924099719,624.3084304658915,0.8711594939231873,0.08153893053531647,0.04730035737156868,0.030894078314304352,0.0009764679707586765,0.8154734373092651
629,0.013923357240855694,0.04870837554335594,0.08790700137615204,-0.16991473734378815,2.8117542266845703,3.4983211805362058,1200.778570248098,0.6151023507118225,0.29413729906082153,0.09044740349054337,0.14289212226867676,0.0031987521797418594,0.3528578579425812
630,0.030290871858596802,0.06432498246431351,0.1240321695804596,-0.12712126970291138,2.072885751724243,2.123576461003514,642.6810565814985,0.8669142723083496,0.08842538297176361,0.04464193806052208,0.04241116717457771,0.00101096136495471,0.8052660822868347
631,0.014683833345770836,0.05942484736442566,0.11074239015579224,-0.09766332805156708,3.2072741985321045,4.046957355144183,1470.0966173660254,0.4925714433193207,0.3760327100753784,0.13124589622020721,0.14143377542495728,0.004653583746403456,0.23081816732883453
632,0.014462164603173733,0.05280803516507149,0.10056401044130325,-0.10185021162033081,2.8540797233581543,3.651461355226953,1428.4628593097743,0.5031036734580994,0.3835965096950531,0.11329738795757294,0.14928235113620758,0.004017265979200602,0.23510782420635223
633,0.01805875636637211,0.06202113628387451,0.11389419436454773,-0.4115872085094452,3.008291244506836,3.4344079416195017,1115.2589179765014,0.6787611246109009,0.21340301632881165,0.10782431066036224,0.08864138275384903,0.0013372646644711494,0.5531585216522217
634,0.025268789380788803,0.06427972763776779,0.1240321695804596,0.041971515864133835,2.30124568939209,2.5438388308422146,647.1186480235074,0.8663320541381836,0.07913658022880554,0.05452382192015648,0.033688995987176895,0.0008552817744202912,0.8053653240203857
635,0.015414737164974213,0.06426918506622314,0.11113063991069794,-0.10580973327159882,3.045405149459839,4.1693338247821705,1414.365714063135,0.5105096101760864,0.38336268067359924,0.10611278563737869,0.1220867931842804,0.004368920344859362,0.26108822226524353
636,0.02612851746380329,0.06427910923957825,0.1240321695804596,0.03929906338453293,2.2521116733551025,2.460113143662519,642.2748182202057,0.8559495210647583,0.09979967772960663,0.04424784332513809,0.031369950622320175,0.001256369985640049,0.7978018522262573
637,0.025544678792357445,0.0642613023519516,0.1240321695804596,0.07925131916999817,2.254375457763672,2.5156433898343598,633.9062984675776,0.8566750884056091,0.10086609423160553,0.04245798662304878,0.03050198033452034,0.0016232745256274939,0.8059183359146118
638,0.01540939137339592,0.06426405906677246,0.1240321695804596,-0.03823845461010933,3.1393637657165527,4.170447586499291,1587.7581514635135,0.44603005051612854,0.41493770480155945,0.13903214037418365,0.12461789697408676,0.003984800074249506,0.22452862560749054
639,0.025917116552591324,0.06426996737718582,0.1240321695804596,0.04706783965229988,2.1823482513427734,2.4798270766074078,619.2724478114193,0.8682680130004883,0.08932684361934662,0.04240511357784271,0.03095436468720436,0.002137313364073634,0.8153098225593567
640,0.030792677775025368,0.06435238569974899,0.12403217703104019,-0.11624156683683395,2.074502944946289,2.089860003986163,619.2940139085092,0.8723979592323303,0.08569806814193726,0.04190076142549515,0.03960014879703522,0.0011235509300604463,0.8129256367683411
641,0.030799582600593567,0.06435368955135345,0.1240321695804596,-0.1054452583193779,2.061607837677002,2.089433820704564,624.0793502885655,0.8787714838981628,0.07451972365379333,0.04670616611838341,0.039123985916376114,0.001422929810360074,0.8136112093925476
642,0.01421364862471819,0.054185230284929276,0.09811292588710785,-0.07114537060260773,2.775012969970703,3.812197115024109,1195.8410876982673,0.591003954410553,0.3288053572177887,0.08015476167201996,0.13947442173957825,0.002930945251137018,0.3492315709590912
643,0.03051011636853218,0.06433411687612534,0.1240321695804596,-0.11343805491924286,2.060631275177002,2.1086159127328097,627.3986001303598,0.8779538869857788,0.07351218909025192,0.04853047430515289,0.04415149241685867,0.0015609428519383073,0.8140097260475159
644,0.01443015318363905,0.05144963413476944,0.09110663086175919,-0.16838881373405457,2.815843105316162,3.5654253614949676,1263.7129433410187,0.5689741373062134,0.34203746914863586,0.0889786034822464,0.13470067083835602,0.0028763485606759787,0.33193185925483704
645,0.01437109149992466,0.06427710503339767,0.11650368571281433,-0.11969414353370667,2.9777626991271973,4.47266688332351,1438.7484939100764,0.4997256398200989,0.3610312342643738,0.13913822174072266,0.14793482422828674,0.0038059360813349485,0.24684855341911316
646,0.014369986951351166,0.049246881157159805,0.09686341881752014,-0.022172631695866585,2.9787254333496094,3.4270651268129515,1299.8163392148065,0.5583479404449463,0.3544599413871765,0.08719167113304138,0.13630326092243195,0.0023483752738684416,0.3180951476097107
647,0.01787327602505684,0.057496801018714905,0.10473540425300598,-0.2867208421230316,2.6479134559631348,3.2169145116369426,1053.004499636115,0.701117992401123,0.19905757904052734,0.09981617331504822,0.09058921784162521,0.001133323647081852,0.5779821872711182
648,0.025502385571599007,0.06425288319587708,0.1240321695804596,0.036259256303310394,2.2870991230010986,2.5194852070981733,617.4529975533167,0.8681002259254456,0.08998354524374008,0.041909292340278625,0.029289722442626953,0.001072693383321166,0.8183022141456604
649,0.014467811211943626,0.04749203473329544,0.09368625283241272,-0.09628638625144958,2.9484236240386963,3.2825998372723233,1298.1681155883778,0.5656126737594604,0.34761813282966614,0.0866616815328598,0.13130483031272888,0.002773828571662307,0.3330850899219513
650,0.026741236448287964,0.06425609439611435,0.1240321695804596,0.05218438804149628,2.2825427055358887,2.4028841941534567,620.4874349141828,0.8719711899757385,0.08474050462245941,0.04328743740916252,0.029673445969820023,0.0013617788208648562,0.820527195930481
651,0.014588993042707443,0.04811951518058777,0.09076116979122162,-0.07952144742012024,2.8053531646728516,3.2983438292434295,1479.4310956733248,0.483394593000412,0.38823387026786804,0.1278025209903717,0.14052316546440125,0.0037840199656784534,0.22895431518554688
652,0.02581147663295269,0.06427594274282455,0.1240321695804596,0.04299204796552658,2.20157790184021,2.4902078890858688,588.5751802530626,0.8831612467765808,0.07784941792488098,0.03898782655596733,0.0308550875633955,0.0019000864122062922,0.8310646414756775
653,0.015200048685073853,0.04778353124856949,0.09509480744600296,-0.13717623054981232,2.9095821380615234,3.1436433024289143,1290.4576378337174,0.528255820274353,0.3919272720813751,0.07981541007757187,0.12067552655935287,0.003410116070881486,0.30584245920181274
654,0.015473415143787861,0.05697460100054741,0.11068788170814514,-0.12353762239217758,2.850276231765747,3.6820960639538587,1432.9322538774363,0.5006016492843628,0.37009841203689575,0.1292145848274231,0.12182140350341797,0.0034661695826798677,0.24935996532440186
655,0.013977451249957085,0.04468701407313347,0.08691950887441635,-0.13834026455879211,2.6634442806243896,3.1970788715913847,1198.947106075658,0.6073493361473083,0.307036429643631,0.08560014516115189,0.14251893758773804,0.004132035654038191,0.36989331245422363
656,0.014400174841284752,0.04793033003807068,0.08749206364154816,-0.17041508853435516,2.833815097808838,3.3284547280167596,1262.687630085261,0.5728499889373779,0.3478741943836212,0.07926075160503387,0.13755449652671814,0.002794745611026883,0.3418348431587219
657,0.015291218645870686,0.052177079021930695,0.09983792901039124,-0.11142290383577347,2.9464404582977295,3.4122250310382305,1256.6141376754292,0.5510386824607849,0.3638967275619507,0.08504684269428253,0.1242789551615715,0.003335261717438698,0.31369563937187195
658,0.014964156784117222,0.058522190898656845,0.11266766488552094,-0.17856985330581665,3.1293423175811768,3.9108244947594226,1460.5413635668401,0.5101456642150879,0.3507269620895386,0.1391270011663437,0.12770138680934906,0.004090514034032822,0.2594718337059021
659,0.01428928878158331,0.05178886279463768,0.09592477977275848,-0.12516897916793823,2.8721272945404053,3.62431353880686,1302.5632356093217,0.5648441314697266,0.3353120684623718,0.09976452589035034,0.13701923191547394,0.003594863461330533,0.3267180025577545
660,0.024913940578699112,0.059746820479631424,0.11921501904726028,0.06710715591907501,2.317462682723999,2.3981280796790356,623.9372135066036,0.8613061308860779,0.0989479124546051,0.039745889604091644,0.031199222430586815,0.0014019424561411142,0.809746265411377
661,0.018179524689912796,0.06045126914978027,0.10841864347457886,-0.21912790834903717,2.5658936500549316,3.3252392555674133,1028.3100099364856,0.7116349935531616,0.19190996885299683,0.09635157138109207,0.08825621753931046,0.0016013155691325665,0.5877166986465454
662,0.014769816771149635,0.053151365369558334,0.09867726266384125,-0.049432843923568726,2.826197385787964,3.5986475790127592,1316.609688076179,0.563274085521698,0.33950644731521606,0.09716971963644028,0.1325305700302124,0.004130230285227299,0.32568567991256714
663,0.015018349513411522,0.05054998770356178,0.1009061187505722,-0.1265508085489273,2.845210552215576,3.365881693927439,1482.0685097265289,0.49267616868019104,0.36564144492149353,0.1415749192237854,0.12850482761859894,0.003175414400175214,0.25328582525253296
664,0.01853317581117153,0.06264639645814896,0.11650879681110382,-0.3106091618537903,2.801504373550415,3.380229977476736,1153.355386664369,0.6698583364486694,0.20385989546775818,0.12624821066856384,0.07922345399856567,0.002496583154425025,0.543285608291626
665,0.014576144516468048,0.05256377533078194,0.10400372743606567,-0.02264729142189026,3.1163251399993896,3.6061508081090663,1538.580884287759,0.48330146074295044,0.34817755222320557,0.1685137003660202,0.1375914365053177,0.003904367098584771,0.23542152345180511
666,0.014261331409215927,0.04650332033634186,0.09099552035331726,-0.05838380753993988,2.8370065689086914,3.2607979576878625,1259.7800506862768,0.5806484222412109,0.3368523120880127,0.08247252553701401,0.13647179305553436,0.003506291192024946,0.3421713709831238
667,0.03042534552514553,0.06435225158929825,0.12403217703104019,-0.11292186379432678,2.101738214492798,2.1150869604421807,642.558275677833,0.8680687546730042,0.08575116097927094,0.04617694392800331,0.04268038272857666,0.000658990116789937,0.8027361631393433
668,0.024896439164876938,0.06427799165248871,0.1240321695804596,0.093159519135952,2.263150215148926,2.581814661294541,644.1000162490011,0.8629689812660217,0.08555153012275696,0.05147736147046089,0.03416864201426506,0.001360588357783854,0.8045543432235718
669,0.014615151099860668,0.05193745717406273,0.10223859548568726,-0.06132792308926582,3.0176470279693604,3.5536722689787448,1389.021988178952,0.5070155262947083,0.3694039583206177,0.12357012927532196,0.141137957572937,0.004000816028565168,0.22372402250766754
670,0.0179168451577425,0.06428899616003036,0.12313687056303024,-0.31117331981658936,2.734741449356079,3.588187294718046,1037.3128156859127,0.7162786722183228,0.17269185185432434,0.1110149547457695,0.09099145233631134,0.002034571021795273,0.5754531025886536
671,0.025949601083993912,0.06427530944347382,0.1240321695804596,0.04456731677055359,2.2094831466674805,2.4769286137752164,623.9507843988212,0.863332986831665,0.09260381758213043,0.04405973106622696,0.028934983536601067,0.0017055069329217076,0.8158617615699768
672,0.03028945066034794,0.06433121860027313,0.1240321695804596,-0.1326424777507782,2.0557541847229004,2.1238819851680426,586.0583690965104,0.89471036195755,0.06295537948608398,0.042333800345659256,0.043148335069417953,0.0008473263587802649,0.8310443162918091
673,0.015229805372655392,0.05290108174085617,0.10248107463121414,0.01100505143404007,2.9328553676605225,3.473523163491293,1432.3860862527513,0.509341835975647,0.38680481910705566,0.10377057641744614,0.12536345422267914,0.00360292405821383,0.25172752141952515
674,0.025890685617923737,0.06423627585172653,0.12398962676525116,0.034042246639728546,2.2561545372009277,2.4810573500137694,658.9972509939934,0.848161518573761,0.10273939371109009,0.049098335206508636,0.029590215533971786,0.0010156037751585245,0.7979046702384949
675,0.03009800985455513,0.06429991126060486,0.1240321695804596,-0.12314213812351227,2.0707898139953613,2.136350927160626,616.9001951074802,0.8792335987091064,0.07457273453474045,0.0461915098130703,0.042144306004047394,0.001150607829913497,0.813740611076355
676,0.015089573338627815,0.057700015604496,0.10278111696243286,-0.09113715589046478,2.834868907928467,3.823833471352423,1418.16983214091,0.5195920467376709,0.3625907897949219,0.11778561025857925,0.1305994838476181,0.00429312139749527,0.26024171710014343
677,0.026135068386793137,0.06428199261426926,0.12403217703104019,0.03907550126314163,2.2516679763793945,2.4596068263702477,641.9995107781033,0.856053352355957,0.09973162412643433,0.04421141371130943,0.03144809603691101,0.0012534464476630092,0.7978245615959167
678,0.018336357548832893,0.06429143995046616,0.11541587114334106,-0.25331249833106995,2.792867422103882,3.506227437796231,1101.0221966991814,0.677196741104126,0.2143334448337555,0.10846969485282898,0.0845770314335823,0.0013880425831303,0.550495445728302
679,0.01429023128002882,0.0468674972653389,0.08697797358036041,-0.1716860681772232,2.900026798248291,3.279687805162289,1265.15897592532,0.5530484914779663,0.3654460310935974,0.08148167282342911,0.1360556185245514,0.0030615103896707296,0.3253496587276459
680,0.015423047356307507,0.058364175260066986,0.11525894701480865,0.026288582012057304,3.0725483894348145,3.784218119022619,1525.6498745550427,0.43956539034843445,0.43889671564102173,0.12147865444421768,0.13041730225086212,0.004187748767435551,0.19829221069812775
681,0.01434922032058239,0.050288185477256775,0.093046173453331,-0.13159917294979095,2.873154401779175,3.504593584197691,1271.3216500977326,0.5559183359146118,0.35416120290756226,0.08990659564733505,0.13158994913101196,0.0035396264865994453,0.32568490505218506
682,0.015028225257992744,0.05562669411301613,0.1066875234246254,-0.02661833167076111,3.12314510345459,3.701481256393176,1481.5982600846905,0.4637531340122223,0.4080382287502289,0.12819339334964752,0.13323603570461273,0.0031623123213648796,0.22046591341495514
683,0.018034646287560463,0.0613621324300766,0.11709362268447876,-0.27346229553222656,2.765263080596924,3.402458326504532,1061.0526061408175,0.701716959476471,0.1882743537425995,0.10999615490436554,0.08862203359603882,0.0012449222849681973,0.5754086375236511
684,0.018131928518414497,0.05295274034142494,0.09746573865413666,-0.22701406478881836,2.4760146141052246,2.920414134918223,989.2016417172811,0.7151902914047241,0.19484581053256989,0.08995381742715836,0.08924150466918945,0.0015328244771808386,0.5871168971061707
685,0.01479614432901144,0.056866131722927094,0.10399588942527771,-0.041573796421289444,2.977505683898926,3.8433074491970114,1473.8335258223665,0.4906971752643585,0.37955719232559204,0.12974543869495392,0.13446326553821564,0.004914718214422464,0.2346043735742569
686,0.015139942057430744,0.05752013996243477,0.11308108270168304,-0.07338268309831619,3.197643518447876,3.799231182024532,1379.0155301726516,0.512117862701416,0.40795546770095825,0.07967188209295273,0.12664127349853516,0.003222597064450383,0.29249098896980286
687,0.015356320887804031,0.06025834381580353,0.10474459081888199,-0.08111301064491272,2.993349313735962,3.924009158973528,1437.49953738955,0.5124076008796692,0.3542853593826294,0.13286754488945007,0.12176195532083511,0.003418098436668515,0.25673380494117737
688,0.018020296469330788,0.06269745528697968,0.11287318915128708,-0.3514830768108368,2.7179689407348633,3.479268800610847,1068.0767656227972,0.7030116319656372,0.1868799477815628,0.11010818183422089,0.08817775547504425,0.0012122995685786009,0.5817389488220215
689,0.025247672572731972,0.06427770853042603,0.1240321695804596,0.0760781466960907,2.2285079956054688,2.5458864908324834,650.5326307319496,0.857475757598877,0.09315869957208633,0.04936378449201584,0.03154255449771881,0.0017744520446285605,0.8052462339401245
690,0.024799490347504616,0.06244560703635216,0.12219814956188202,0.05425969511270523,2.2769083976745605,2.51801977213284,659.9208373613775,0.8420583605766296,0.11683047562837601,0.04111113026738167,0.032398346811532974,0.0018724239198490977,0.7850949764251709
691,0.030197633430361748,0.06429221481084824,0.12403217703104019,-0.11294495314359665,2.0461363792419434,2.1290481241512644,602.5588041096428,0.8814217448234558,0.07931739091873169,0.039260491728782654,0.04263245314359665,0.0007747996132820845,0.8168795108795166
692,0.025495298206806183,0.06367382407188416,0.12343743443489075,0.06976575404405594,2.279940366744995,2.4974732028193505,626.3615751599585,0.8697392344474792,0.08239591121673584,0.047858573496341705,0.0305518489331007,0.0012884674360975623,0.8136767148971558
693,0.025882767513394356,0.06427731364965439,0.12403217703104019,0.07050761580467224,2.2605414390563965,2.4834018855946307,603.1337038258129,0.8779017329216003,0.07857921719551086,0.04351907595992088,0.028348814696073532,0.0017234047409147024,0.828057587146759
694,0.01811184734106064,0.05974196270108223,0.1165718287229538,-0.2783617675304413,2.8226282596588135,3.298501890657235,1042.7586940708256,0.7180234789848328,0.17680343985557556,0.10513308644294739,0.0876288041472435,0.0015299193328246474,0.5930147767066956
695,0.017435476183891296,0.05799611285328865,0.10530148446559906,-0.2565176784992218,2.6773853302001953,3.3263280129707704,1046.2700181007308,0.7035814523696899,0.18905414640903473,0.10733254253864288,0.09192505478858948,0.001391352154314518,0.5696648955345154
696,0.018177218735218048,0.06335971504449844,0.12311254441738129,-0.24632075428962708,2.786186695098877,3.485666094684465,1058.155871481316,0.7063245177268982,0.17407990992069244,0.11953357607126236,0.08832889050245285,0.0018798273522406816,0.5821802616119385
697,0.025741862133145332,0.06427841633558273,0.12403217703104019,0.07360487431287766,2.2426207065582275,2.497038326155921,637.232073773735,0.8648362159729004,0.08653928339481354,0.04861989617347717,0.0324169360101223,0.0018899780698120594,0.8110039830207825
698,0.014438878744840622,0.0461268350481987,0.08879056572914124,-0.16904442012310028,2.8529932498931885,3.194627218646487,1489.9125415943927,0.4823317527770996,0.37952733039855957,0.13807623088359833,0.14883512258529663,0.0049164327792823315,0.22549910843372345
699,0.025575974956154823,0.06426545977592468,0.1240321695804596,0.08074085414409637,2.2269487380981445,2.512727662721869,629.6587026369148,0.8613559603691101,0.09644896537065506,0.04219317436218262,0.029846319928765297,0.0017619195859879255,0.810957133769989
700,0.025213681161403656,0.06428126990795135,0.1240321695804596,0.06576826423406601,2.1882524490356445,2.5494599338315473,639.1499999247596,0.8584426045417786,0.09660224616527557,0.04494625702500343,0.031119870021939278,0.001922879251651466,0.803496778011322
701,0.014938064850866795,0.05737097188830376,0.10709315538406372,-0.06059975177049637,3.122464895248413,3.8405892903279346,1496.2213780975117,0.4782494604587555,0.3661496639251709,0.1555607169866562,0.137961283326149,0.003413582220673561,0.23466339707374573
702,0.025707121938467026,0.06426315009593964,0.1240321695804596,0.06835413724184036,2.2901341915130615,2.4998189313942305,669.8227624623311,0.8478271961212158,0.10263288766145706,0.049539778381586075,0.030669765546917915,0.0013336618430912495,0.7943764328956604
703,0.013975081965327263,0.047628603875637054,0.08895831555128098,-0.1768837571144104,2.891146659851074,3.4081090894777875,1236.9929445714465,0.5990684628486633,0.30224862694740295,0.09867481887340546,0.14535388350486755,0.005056692752987146,0.3461739122867584
704,0.015309017151594162,0.05882605165243149,0.11042612791061401,-0.056654833257198334,2.865497589111328,3.8425753310011297,1419.0457889392194,0.49287858605384827,0.40638434886932373,0.10067246854305267,0.12394262105226517,0.003399272682145238,0.24103207886219025
705,0.014771309681236744,0.05375673994421959,0.10110132396221161,-0.025851981714367867,2.9437544345855713,3.6392670047981475,1480.9794099767325,0.48454931378364563,0.3712100386619568,0.14416666328907013,0.13338342308998108,0.005019525531679392,0.23363468050956726
706,0.015023695304989815,0.04790433123707771,0.09475603699684143,-0.20912888646125793,2.912574052810669,3.1885851158056084,1400.8947693498658,0.5332657098770142,0.3660838007926941,0.10051647573709488,0.12265170365571976,0.003103431314229965,0.31537407636642456
707,0.014817620627582073,0.05974685773253441,0.10562146455049515,-0.12287158519029617,2.9701592922210693,4.032149238406551,1279.4422159641306,0.5699629783630371,0.3369101285934448,0.09311647713184357,0.1271972358226776,0.0033562059979885817,0.3366711139678955
708,0.030609169974923134,0.0643186941742897,0.1240321695804596,-0.12918299436569214,2.0368154048919678,2.1012884120961837,592.0020780933637,0.892268180847168,0.06709272414445877,0.04062528908252716,0.04135804995894432,0.0011726010125130415,0.827203631401062
709,0.017771240323781967,0.05685778707265854,0.10498050600290298,-0.288303941488266,2.733320951461792,3.199427053685749,1072.7560422652898,0.7173094749450684,0.16232024133205414,0.12036634236574173,0.09328969568014145,0.002084915293380618,0.5824528932571411
710,0.029780318960547447,0.06428611278533936,0.1240321695804596,-0.09743211418390274,2.0396692752838135,2.1586777787150644,609.5719146534105,0.8802064061164856,0.07520891726016998,0.04458095133304596,0.0427209846675396,0.0017202370800077915,0.8215229511260986
711,0.014919204637408257,0.055970631539821625,0.10860250890254974,-0.1431959867477417,2.9252543449401855,3.751582801922957,1405.066680068772,0.5299203395843506,0.3526211380958557,0.11741901934146881,0.1287926435470581,0.0037437574937939644,0.27547580003738403
712,0.015192168764770031,0.05467385798692703,0.10359767079353333,-0.12270471453666687,2.934349536895752,3.5988184985223755,1395.9624274466998,0.5195991396903992,0.3574286103248596,0.12291347980499268,0.12483394145965576,0.004154639784246683,0.25806257128715515
713,0.014464502222836018,0.055903200060129166,0.11161360144615173,-0.09932755678892136,3.0046181678771973,3.8648547454337154,1473.9174105641403,0.4881596863269806,0.36922502517700195,0.142601877450943,0.14775176346302032,0.0036816950887441635,0.2261681705713272
714,0.015723736956715584,0.055869173258543015,0.10450997948646545,-0.10269220918416977,2.9201488494873047,3.553173994756266,1449.8523589491176,0.4972563087940216,0.37194564938545227,0.13074897229671478,0.12149086594581604,0.0037049660459160805,0.24968697130680084
715,0.014142165891826153,0.05734344944357872,0.10147415101528168,-0.17790596187114716,2.974677562713623,4.05478551716517,1283.3649502269545,0.5708564519882202,0.3405092656612396,0.08863429725170135,0.1383044719696045,0.0033341192174702883,0.3392914831638336
716,0.018005555495619774,0.06061869487166405,0.11453178524971008,-0.32601940631866455,2.756969690322876,3.3666661871689625,1049.1519826416045,0.7121312618255615,0.1776503026485443,0.11021270602941513,0.09337936341762543,0.0020096648950129747,0.5812915563583374
717,0.026177065446972847,0.06427958607673645,0.12403217703104019,0.0622834712266922,2.251002550125122,2.4555688338898305,643.3040382254937,0.8596324920654297,0.09236665815114975,0.04800079017877579,0.028456391766667366,0.0013992071617394686,0.8123891949653625
718,0.026021890342235565,0.06426315754652023,0.1240321695804596,0.05773460119962692,2.2128567695617676,2.4695806760720425,639.9821808023678,0.8551308512687683,0.10372652113437653,0.04113719239830971,0.02934698574244976,0.001065590069629252,0.8056734204292297
719,0.030145248398184776,0.06431588530540466,0.1240321695804596,-0.10750008374452591,2.0780282020568848,2.1335331012612913,649.4199943131914,0.8582140207290649,0.09685146808624268,0.04493291303515434,0.04655006527900696,0.001846213242970407,0.7862880825996399
720,0.014508584514260292,0.046811312437057495,0.09215863049030304,-0.04660670459270477,2.956068754196167,3.2264561982473774,1335.8007754281377,0.5630092024803162,0.3407904803752899,0.09603429585695267,0.12888066470623016,0.002675102325156331,0.3310049772262573
721,0.02568555437028408,0.06426859647035599,0.12403217703104019,0.04503948241472244,2.2318904399871826,2.5021300121210137,620.6302807937288,0.8668088316917419,0.09150860458612442,0.04168163239955902,0.03097415156662464,0.0023115049116313457,0.8136240839958191
722,0.018572505563497543,0.061393141746520996,0.1125088706612587,-0.2851686477661133,2.832810401916504,3.305592857857459,1119.643204260221,0.6527841687202454,0.2466021180152893,0.10058075189590454,0.08304256945848465,0.001453639823012054,0.533868670463562
723,0.015324215404689312,0.05714881792664528,0.10973186790943146,-0.10373467952013016,2.9822301864624023,3.729314448648904,1456.3017452012673,0.49890926480293274,0.3556477427482605,0.1454259306192398,0.1256183385848999,0.004337133374065161,0.25699618458747864
724,0.014166705310344696,0.04538322240114212,0.08521891385316849,-0.18824684619903564,2.781506299972534,3.2035128425237476,1199.8234601315073,0.5957842469215393,0.3159060776233673,0.08830510079860687,0.1433635950088501,0.0030982911121100187,0.35028892755508423
725,0.014740124344825745,0.052680570632219315,0.09941768646240234,-0.07094094157218933,2.8651654720306396,3.5739570030925774,1509.5196616739818,0.4755798876285553,0.38756275177001953,0.13641120493412018,0.13391757011413574,0.0037815847899764776,0.23531660437583923
726,0.014872441068291664,0.06270015239715576,0.11412017047405243,-0.22654059529304504,3.1864242553710938,4.215861545864038,1495.138391347593,0.4746703505516052,0.3887268304824829,0.13660097122192383,0.13655631244182587,0.0036637429147958755,0.22892378270626068
727,0.03063633292913437,0.06431277841329575,0.1240321695804596,-0.13812023401260376,2.078148603439331,2.0992322599431184,615.9070652257287,0.8788423538208008,0.07702746987342834,0.04412857070565224,0.03965363651514053,0.0018958842847496271,0.8142713308334351
728,0.014489083550870419,0.06239332631230354,0.1110808327794075,-0.045070745050907135,2.8748857975006104,4.3062300033634004,1268.768154529278,0.5650827884674072,0.35155507922172546,0.08335622400045395,0.13174115121364594,0.003031080821529031,0.3215559422969818
729,0.014763985760509968,0.05976114794611931,0.10997399687767029,-0.01880859211087227,3.0583338737487793,4.0477652113373015,1450.8941046512823,0.48571938276290894,0.3816409409046173,0.13263964653015137,0.14231720566749573,0.003417565952986479,0.23394736647605896
730,0.014914809726178646,0.04795281961560249,0.0909423977136612,-0.0634903833270073,2.8735835552215576,3.2151144059330528,1317.1849431982243,0.541486918926239,0.377036988735199,0.08135611563920975,0.12313833832740784,0.002512105042114854,0.32131227850914
731,0.02993752993643284,0.0643114447593689,0.1240321695804596,-0.13070283830165863,2.101863384246826,2.1481880734240577,630.9888055519369,0.8669746518135071,0.08963289111852646,0.0433894507586956,0.04391992464661598,0.0009760421235114336,0.8012523651123047
732,0.014837013557553291,0.0548991858959198,0.10271643102169037,0.0388188473880291,2.9623615741729736,3.700150685935805,1469.37985369879,0.48553895950317383,0.3774944841861725,0.1369536817073822,0.1354370415210724,0.003443242749199271,0.23274476826190948
733,0.014902640134096146,0.05976283550262451,0.11261540651321411,-0.005236129276454449,3.1983718872070312,4.010217985595808,1472.3564861188324,0.4717426896095276,0.4015830159187317,0.12666355073451996,0.13173747062683105,0.003995521459728479,0.2254001945257187
734,0.015454382635653019,0.05419604852795601,0.10793080925941467,-0.0035184472799301147,2.978444814682007,3.5068400855702726,1475.6856393665503,0.4921184480190277,0.38367271423339844,0.12420196831226349,0.12358053028583527,0.004349916707724333,0.2410510778427124
735,0.025118352845311165,0.06427765637636185,0.1240321695804596,0.07349927723407745,2.2793376445770264,2.5589916970133473,639.3512585396768,0.8601667881011963,0.0932256355881691,0.04660707339644432,0.03181111067533493,0.0012629018165171146,0.8093051910400391
736,0.01517536211758852,0.05517539009451866,0.10609813034534454,-0.010770332999527454,3.094972848892212,3.6358532773945162,1511.3046974712927,0.44191381335258484,0.4564744532108307,0.10161011666059494,0.1258493810892105,0.0033288307022303343,0.22050762176513672
737,0.015667572617530823,0.06425788998603821,0.11235874146223068,-0.19022789597511292,3.2466371059417725,4.101330279461235,1508.0744213854643,0.4833339750766754,0.3879152536392212,0.12866739928722382,0.11967783421278,0.004127392079681158,0.24507567286491394
738,0.014370742253959179,0.04930952936410904,0.09702577441930771,-0.022432655096054077,2.97591233253479,3.431244433257641,1299.760455648466,0.5583447217941284,0.354464054107666,0.08719098567962646,0.13652269542217255,0.0023477827198803425,0.3177836537361145
739,0.018130483105778694,0.06430187076330185,0.1121518462896347,-0.311828076839447,2.887928009033203,3.5466165123454667,1079.9470237313674,0.6996451020240784,0.18448999524116516,0.11583684384822845,0.08486142009496689,0.002089942339807749,0.5784274935722351
740,0.014346593990921974,0.052626803517341614,0.09180322289466858,-0.1495494842529297,2.817678689956665,3.668243734155562,1451.4145003787926,0.495717853307724,0.3749520182609558,0.12919552624225616,0.14512161910533905,0.004517121706157923,0.2346176952123642
741,0.015262369997799397,0.06148255243897438,0.12124849855899811,-0.09252063930034637,3.2052969932556152,4.028375176582069,1550.9012090788767,0.4498352110385895,0.4174940884113312,0.13214489817619324,0.13330791890621185,0.0047228592447936535,0.21117937564849854
742,0.0178267452865839,0.06428323686122894,0.11039802432060242,-0.3630731999874115,2.7651381492614746,3.6059996272006756,1041.5379304204628,0.7097174525260925,0.19256600737571716,0.09770000725984573,0.09256047010421753,0.0019597120117396116,0.5692846775054932
743,0.01449132151901722,0.06269757449626923,0.107711061835289,-0.1297129988670349,3.1160237789154053,4.3265601697998015,1424.3208492714646,0.508557140827179,0.357418954372406,0.13396161794662476,0.13954302668571472,0.004289119970053434,0.2407066822052002
744,0.015334359370172024,0.05721963569521904,0.10914731025695801,-0.1475062072277069,3.119664430618286,3.7314656784938562,1486.3462936969618,0.45432406663894653,0.42128580808639526,0.12423111498355865,0.12743696570396423,0.0045012556947767735,0.21170207858085632
745,0.01814693585038185,0.05692353472113609,0.10847204178571701,-0.3257371783256531,2.667515754699707,3.1368124727680398,1091.3847301944213,0.6858946681022644,0.21163223683834076,0.10247130692005157,0.08775125443935394,0.0015409240731969476,0.5626530051231384
746,0.03098285384476185,0.06434327363967896,0.12403217703104019,-0.10993260145187378,2.0483310222625732,2.0767381197352317,608.8883563714774,0.8768360614776611,0.08377157896757126,0.03939078375697136,0.04134712740778923,0.0007887695683166385,0.819305419921875
747,0.030405450612306595,0.06430589407682419,0.12403217703104019,-0.13336917757987976,2.054227828979492,2.114946260611624,632.9074716172013,0.8762838244438171,0.07455569505691528,0.04915950074791908,0.04443500563502312,0.0011196292471140623,0.8108932971954346
748,0.031161347404122353,0.06430107355117798,0.1240321695804596,-0.10356582701206207,2.035064220428467,2.06348822838797,620.9576242166622,0.8822138905525208,0.07034466415643692,0.04744074493646622,0.03904217109084129,0.0006945271161384881,0.8249716758728027
749,0.01840433105826378,0.06428562104701996,0.1240321695804596,-0.28879714012145996,2.876188039779663,3.4929615664929012,1137.834345984013,0.6781043410301208,0.2065631002187729,0.11528679728507996,0.08427921682596207,0.0011464894050732255,0.5607810020446777
750,0.014604206196963787,0.05229700729250908,0.10174879431724548,-0.13412678241729736,3.0206544399261475,3.5809551428957955,1288.376399192647,0.5642127990722656,0.34377139806747437,0.09197060018777847,0.1327383667230606,0.003669900121167302,0.33740654587745667
751,0.01494760811328888,0.056425485759973526,0.10658491402864456,-0.1220308467745781,3.0937705039978027,3.7748839365165496,1553.0897251690126,0.4587804973125458,0.41071826219558716,0.13042840361595154,0.13869920372962952,0.004471885040402412,0.21591274440288544
752,0.0181941706687212,0.06121999770402908,0.11720659583806992,-0.3300667405128479,2.7587802410125732,3.364813863481649,1094.8309460221562,0.6983153820037842,0.18215051293373108,0.11950697004795074,0.08646255731582642,0.002042119624093175,0.576001763343811
753,0.01499059610068798,0.05173390358686447,0.10008256137371063,0.027491044253110886,2.755483627319336,3.4510904860573954,1406.1847635776305,0.5161049962043762,0.36421993374824524,0.11967312544584274,0.12953577935695648,0.004545958247035742,0.2591053247451782
754,0.018045572564005852,0.05558484047651291,0.10369960218667984,-0.302188903093338,2.7180912494659424,3.0802480927816926,1124.3629322956624,0.6755952835083008,0.20658881962299347,0.11778966337442398,0.08411254733800888,0.0020460477098822594,0.5519150495529175
755,0.018160004168748856,0.062010638415813446,0.11725067347288132,-0.25801071524620056,2.8579251766204834,3.4146819480973187,1157.5764082381206,0.6683112382888794,0.21237558126449585,0.11930731683969498,0.08766279369592667,0.000963525497354567,0.535723865032196
756,0.017996547743678093,0.06428981572389603,0.10716743022203445,-0.3469565808773041,2.7146847248077393,3.572341575506208,1026.4876366743035,0.7216278910636902,0.17785227298736572,0.10050871968269348,0.08815594017505646,0.0012539320159703493,0.5854748487472534
757,0.025217672809958458,0.06428112834692001,0.12403217703104019,0.07142428308725357,2.2739319801330566,2.5490507720040823,630.9885279738548,0.8607867360115051,0.09673236310482025,0.042475949972867966,0.032146722078323364,0.001725181471556425,0.8079434633255005
758,0.014784606173634529,0.053303781896829605,0.09793879091739655,-0.0925736054778099,2.8393449783325195,3.605356900766229,1483.1113669291458,0.47761765122413635,0.39010220766067505,0.13227540254592896,0.13827002048492432,0.004482095595449209,0.24147479236125946
759,0.01795193739235401,0.05777875334024429,0.1062508076429367,-0.3021824359893799,2.6907382011413574,3.2185246680747994,1063.1941438238762,0.7161419987678528,0.17197342216968536,0.11188416928052902,0.09172791987657547,0.0022640901152044535,0.5823372602462769
760,0.029940437525510788,0.0643138512969017,0.1240321695804596,-0.13020013272762299,2.091830253601074,2.148059835129495,631.7777642985071,0.8699185848236084,0.08630935847759247,0.04376903176307678,0.04339922219514847,0.0010243034921586514,0.8074619770050049
761,0.02539757452905178,0.06427812576293945,0.1240321695804596,0.05033941939473152,2.2908899784088135,2.530876548344493,644.5644923712581,0.8611587882041931,0.08875638246536255,0.05007706582546234,0.03041316568851471,0.0012081037275493145,0.8129023909568787
762,0.014711219817399979,0.04927552491426468,0.09311366081237793,-0.10492873936891556,2.867276430130005,3.3495199937556217,1300.496081807061,0.5628640055656433,0.3445269465446472,0.09256398677825928,0.13234177231788635,0.0032750500831753016,0.326425164937973
763,0.014534604735672474,0.06428376585245132,0.11355437338352203,-0.16750122606754303,3.095721960067749,4.422807982542244,1262.4745634786348,0.584638774394989,0.33002492785453796,0.08506365120410919,0.1297668069601059,0.002785066142678261,0.3542315363883972
764,0.030182791873812675,0.0642668753862381,0.1240321695804596,-0.1249575987458229,2.090379238128662,2.1292554927587184,618.0325922381999,0.8745644092559814,0.08510132133960724,0.04033135250210762,0.04482559859752655,0.0017657108837738633,0.8080940246582031
765,0.030378608033061028,0.06431560218334198,0.1240321695804596,-0.16085684299468994,2.033486843109131,2.117134600480384,573.6712777352235,0.899010181427002,0.060108743607997894,0.040873415768146515,0.04081213101744652,0.001189718721434474,0.8331453800201416
766,0.015856750309467316,0.059433918446302414,0.10692894458770752,-0.2116076946258545,3.034238338470459,3.748177733937644,1457.084510489516,0.4715125858783722,0.42312008142471313,0.10529699921607971,0.11560007929801941,0.0031140518840402365,0.2444746047258377
767,0.01759556122124195,0.05890648439526558,0.11202878504991531,-0.3139318525791168,2.776329278945923,3.3478036677115988,1082.8662821869043,0.7059162259101868,0.17913171648979187,0.11482540518045425,0.09316147863864899,0.001679508714005351,0.5793766975402832
768,0.030263910070061684,0.06431084126234055,0.1240321695804596,-0.12902489304542542,2.0316214561462402,2.125001069304475,592.0304403160193,0.8939082026481628,0.06468126177787781,0.04140612855553627,0.04070502892136574,0.0011584858875721693,0.8265952467918396
769,0.030665583908557892,0.06437662243843079,0.1240321695804596,-0.12114688009023666,2.060187578201294,2.099311809235297,659.9284286144227,0.8683062195777893,0.07898502796888351,0.052704308182001114,0.04129678010940552,0.00037562596844509244,0.8004736304283142
770,0.030623849481344223,0.06430547684431076,0.1240321695804596,-0.12111151963472366,2.083390712738037,2.0998495594548046,640.7566752746917,0.8689978718757629,0.08229457587003708,0.04870747774839401,0.04187576845288277,0.00138208013959229,0.8071035742759705
771,0.017848599702119827,0.06428325921297073,0.11087384819984436,-0.39185336232185364,2.8925602436065674,3.6015855743425305,1054.4192263677398,0.706329345703125,0.18593834340572357,0.10772651433944702,0.09088735282421112,0.0019333903910592198,0.5663570165634155
772,0.029794806614518166,0.0643213763833046,0.1240321695804596,-0.12666578590869904,2.0974180698394775,2.1588116752469135,663.4285789618858,0.8694190382957458,0.07544870674610138,0.055131684988737106,0.044936809688806534,0.001341241761110723,0.8044975399971008
773,0.01843472570180893,0.06343024969100952,0.12317769229412079,-0.2781979441642761,2.806248664855957,3.4408024677765914,1101.992633814125,0.6876866221427917,0.19672314822673798,0.11556011438369751,0.08134778589010239,0.0021537954453378916,0.5659829378128052
774,0.0154146458953619,0.05827268585562706,0.11512190848588943,0.02518494240939617,3.073753595352173,3.780345409645792,1526.6494761824083,0.4392143189907074,0.43926486372947693,0.12146060168743134,0.130360946059227,0.004201110452413559,0.19774691760540009
775,0.030660752207040787,0.06427314877510071,0.1240321695804596,-0.12596304714679718,2.051243305206299,2.0962678390599,628.5394359539956,0.8737834692001343,0.08265137672424316,0.04356396943330765,0.041028741747140884,0.0011562660802155733,0.8083669543266296
776,0.02518916316330433,0.06428781896829605,0.12403217703104019,0.04008488357067108,2.2533092498779297,2.5522014585779726,634.9152083958692,0.8635275363922119,0.09048707038164139,0.045979343354701996,0.030994709581136703,0.0021213609725236893,0.8080678582191467
777,0.01813170686364174,0.06428726017475128,0.11820577085018158,-0.2968430817127228,2.7412197589874268,3.545571338356265,1144.7675326081412,0.6751181483268738,0.20130808651447296,0.12356377393007278,0.08678785711526871,0.0016292586224153638,0.5511773228645325
778,0.02971947006881237,0.06432244181632996,0.1240321695804596,-0.10474902391433716,2.1116957664489746,2.164319944643483,645.8341915868325,0.8699091672897339,0.08073194324970245,0.04935682564973831,0.04485328122973442,0.0010859131580218673,0.8045113682746887
779,0.03094029240310192,0.06435734778642654,0.1240321695804596,-0.12892763316631317,2.0433874130249023,2.080049759901246,623.8696683407254,0.8728839159011841,0.08439706265926361,0.04271657019853592,0.04060636833310127,0.0006559251341968775,0.8085352778434753
780,0.0144955450668931,0.05064723268151283,0.09945125132799149,-0.059392672032117844,2.8739280700683594,3.493986079467539,1330.7511350692716,0.5583760738372803,0.3563986122608185,0.08522053062915802,0.13127343356609344,0.0027577904984354973,0.3253045976161957
781,0.014726484194397926,0.05575048550963402,0.09640809893608093,-0.20534850656986237,3.089370012283325,3.785729490481932,1461.9576496973937,0.4928625822067261,0.3883032202720642,0.11882691085338593,0.14287109673023224,0.004022585693746805,0.23374629020690918
782,0.031140480190515518,0.06427756696939468,0.12403217703104019,-0.13307389616966248,2.045907497406006,2.0641161142694147,628.3874173008109,0.8637334108352661,0.09560743719339371,0.04064897075295448,0.0399528369307518,0.0013044445076957345,0.8020704388618469
783,0.029993770644068718,0.06430568546056747,0.1240321695804596,-0.13604289293289185,2.0839529037475586,2.14396803328027,603.3759273401417,0.8914468884468079,0.06297994405031204,0.04557294398546219,0.04165158420801163,0.0012556548463180661,0.8266640901565552
784,0.01805015280842781,0.06428508460521698,0.1240321695804596,-0.2908858060836792,2.7771284580230713,3.561470381106143,1121.6997839715887,0.6653072834014893,0.2259400337934494,0.1087387278676033,0.08837452530860901,0.0015599040780216455,0.540122389793396
785,0.015884658321738243,0.0549650602042675,0.10522370040416718,-0.1549004763364792,2.9084808826446533,3.460260780402639,1499.0651088201998,0.47063538432121277,0.37532782554626465,0.15398363769054413,0.11246461421251297,0.0037169281858950853,0.2375982701778412
786,0.015198598615825176,0.06293589621782303,0.11876776814460754,-0.09873250126838684,3.3639605045318604,4.140901263630426,1555.7352609580714,0.44846054911613464,0.41442635655403137,0.13703007996082306,0.13276280462741852,0.0036701057106256485,0.21313828229904175
787,0.014796815812587738,0.05466800928115845,0.10242819786071777,-0.10671336203813553,2.890366315841675,3.694579291238962,1403.9111447995915,0.5093926191329956,0.39608436822891235,0.09451950341463089,0.12633052468299866,0.0023068252485245466,0.2805294096469879
788,0.024939341470599174,0.06427565962076187,0.1240321695804596,0.06231413781642914,2.2203893661499023,2.577279744694091,600.6027343221834,0.8796347975730896,0.0790872722864151,0.041277386248111725,0.03234100714325905,0.002593600656837225,0.8238398432731628
789,0.013950388878583908,0.06046851724386215,0.10597319155931473,-0.18779326975345612,2.9455087184906006,4.334539901776969,1206.9963913895879,0.5981844067573547,0.31358644366264343,0.08816114068031311,0.14322592318058014,0.0032805667724460363,0.3438427746295929
790,0.025404978543519974,0.06427986919879913,0.1240321695804596,0.07634797692298889,2.2928853034973145,2.530207576682435,600.8497018438086,0.8728806376457214,0.08810663968324661,0.03901220113039017,0.03106861561536789,0.0010747816413640976,0.8216723203659058
791,0.017916273325681686,0.06293980777263641,0.12268766760826111,-0.24090391397476196,2.751984119415283,3.512996627423837,1030.0720157641836,0.7134004831314087,0.18410702049732208,0.10248314589262009,0.09031859785318375,0.0022184334229677916,0.58632493019104
792,0.018016383051872253,0.06429167091846466,0.12083201110363007,-0.28800517320632935,2.860764741897583,3.568511544730672,1140.2346970151277,0.681350827217102,0.1933622807264328,0.12528567016124725,0.08911222219467163,0.001234332099556923,0.5594568252563477
793,0.030285242944955826,0.06432384252548218,0.12403217703104019,-0.1266002357006073,2.0729968547821045,2.123933515747865,643.0034316943648,0.8667900562286377,0.08852173388004303,0.044670674949884415,0.04236294701695442,0.0010094322497025132,0.8052210807800293
794,0.014509249478578568,0.048839736729860306,0.09231524169445038,-0.15378449857234955,2.8501479625701904,3.36611047998045,1326.298958055298,0.550318717956543,0.3572777509689331,0.0923202633857727,0.13417655229568481,0.003365664277225733,0.3126940429210663
795,0.014386775903403759,0.05645531415939331,0.09833098202943802,-0.06211996078491211,2.9702162742614746,3.924111596268937,1405.28489753332,0.5176643133163452,0.35549622774124146,0.12678059935569763,0.1453203707933426,0.0038605451118201017,0.2501014173030853
796,0.029698682948946953,0.06431972235441208,0.12403217703104019,-0.135376438498497,2.084223508834839,2.165743257464115,595.7793366193581,0.8880780935287476,0.07117678970098495,0.04074404016137123,0.04643980786204338,0.0012181870406493545,0.8241422176361084
797,0.015269393101334572,0.05134671553969383,0.09711725264787674,0.008051191456615925,2.895780324935913,3.362721438604087,1432.8089850203687,0.4962960183620453,0.36574798822402954,0.1379420906305313,0.12512345612049103,0.004469594452530146,0.25330445170402527
798,0.014331984333693981,0.0514715351164341,0.09761592000722885,-0.07791182398796082,2.9799585342407227,3.591375340247546,1460.0935831160014,0.4768489897251129,0.4076504707336426,0.11543561518192291,0.14121443033218384,0.004776941612362862,0.23831048607826233
799,0.014715192839503288,0.04779035225510597,0.09455475211143494,-0.14544911682605743,2.881931781768799,3.2476877994805435,1312.7060662373895,0.5625873804092407,0.35515570640563965,0.08214914053678513,0.12864968180656433,0.0043815248645842075,0.32314276695251465
800,0.03006221354007721,0.06432401388883591,0.1240321695804596,-0.1289103925228119,2.07216215133667,2.139696526369994,640.2761362174318,0.8631728887557983,0.09267161786556244,0.044154856353998184,0.043168216943740845,0.0008661936735734344,0.8020654320716858
801,0.02554023452103138,0.06427329778671265,0.1240321695804596,0.09643670171499252,2.245105743408203,2.5165508065820448,608.4005747609821,0.8722947239875793,0.0877961665391922,0.03990854322910309,0.028694113716483116,0.0018812700873240829,0.8223509192466736
802,0.030534787103533745,0.06431781500577927,0.1240321695804596,-0.1107143983244896,2.0251238346099854,2.106378367256718,612.7428350942125,0.8788240551948547,0.07818979024887085,0.04298488423228264,0.03992794081568718,0.0006973225390538573,0.8203278183937073
803,0.01809750311076641,0.05937926843762398,0.1052711009979248,-0.2862876355648041,2.590419054031372,3.281075188710287,1107.4975125277529,0.6775652766227722,0.2138601690530777,0.10857293009757996,0.08476786315441132,0.0022561801597476006,0.5567575693130493
804,0.018600812181830406,0.06429837644100189,0.11425356566905975,-0.2900538146495819,2.772124767303467,3.4567510175901304,1103.3825772675589,0.6791216135025024,0.21885208785533905,0.1020200178027153,0.08355886489152908,0.0013089245185256004,0.5482187271118164
805,0.025408945977687836,0.06427792459726334,0.1240321695804596,0.07556094229221344,2.292562484741211,2.5297359698106914,600.4951931563779,0.8730199933052063,0.08801327645778656,0.03896624222397804,0.03125971928238869,0.0010750937508419156,0.8216420412063599
806,0.014731092378497124,0.04408153146505356,0.08804778009653091,-0.10024794936180115,2.723825693130493,2.9924142982367457,1402.8323050149506,0.5239525437355042,0.34827905893325806,0.12771238386631012,0.13578349351882935,0.005137188360095024,0.2700352370738983
807,0.031061828136444092,0.06433967500925064,0.1240321695804596,-0.11089964956045151,2.027961492538452,2.0713421864468793,615.3273578313623,0.875821053981781,0.0814267173409462,0.04275224730372429,0.03958110138773918,0.0009312035981565714,0.8186414241790771
808,0.01797584258019924,0.05631406232714653,0.10920511931180954,-0.29932764172554016,2.7696645259857178,3.1327634336342522,1105.0706806677897,0.700419545173645,0.17818646132946014,0.12135910242795944,0.08575132489204407,0.0022634377237409353,0.5816287994384766
809,0.02511373721063137,0.06427394598722458,0.1240321695804596,0.058912042528390884,2.2866315841674805,2.5593142687443686,652.3462209690922,0.8580846190452576,0.09329154342412949,0.04862269014120102,0.030398722738027573,0.001420292304828763,0.8043762445449829
810,0.014663223177194595,0.051657482981681824,0.09920509159564972,-0.0878102034330368,2.908398389816284,3.5229282371218833,1288.0862181589955,0.5613694787025452,0.35609838366508484,0.08247725665569305,0.13014964759349823,0.003040031064301729,0.31244486570358276
811,0.030351340770721436,0.06435038894414902,0.1240321695804596,-0.12790139019489288,2.0350918769836426,2.1201827434294023,594.062566151025,0.8893731236457825,0.06696277856826782,0.04365411400794983,0.03940822556614876,0.0012337352382019162,0.8227387070655823
812,0.025430534034967422,0.0642782524228096,0.1240321695804596,0.07605694234371185,2.299391508102417,2.5276013603134837,666.7193452709764,0.8456019163131714,0.10640529543161392,0.04799272492527962,0.031044013798236847,0.001129206269979477,0.7957776188850403
813,0.015027514658868313,0.05165518820285797,0.10226363688707352,-0.12544865906238556,3.0071094036102295,3.437374001757296,1519.870091678601,0.4525119364261627,0.4229823052883148,0.12449139356613159,0.13128790259361267,0.003978485241532326,0.21450507640838623
814,0.017964959144592285,0.058224670588970184,0.10491351038217545,-0.3403446674346924,2.840470790863037,3.241013247906865,1047.6110828889077,0.7054357528686523,0.18835198879241943,0.10620922595262527,0.0871540829539299,0.0017432736931368709,0.5756567716598511
815,0.014584928750991821,0.0575379952788353,0.10394709557294846,-0.032165948301553726,2.810819149017334,3.9450309464814834,1306.60999818352,0.5601019263267517,0.34786590933799744,0.09193506091833115,0.13003087043762207,0.0035821974743157625,0.3117482662200928
816,0.018254900351166725,0.05706511810421944,0.10828918218612671,-0.2987026572227478,2.637972593307495,3.126016412214829,1073.6024694505722,0.671488881111145,0.23969396948814392,0.08880317956209183,0.08608642965555191,0.0012541337637230754,0.5435994267463684
817,0.030111588537693024,0.06433866918087006,0.1240321695804596,-0.12499893456697464,2.1169841289520264,2.1366746924758107,616.7401600510569,0.8800112009048462,0.07305977493524551,0.04692884162068367,0.0441754013299942,0.0011799144558608532,0.8112377524375916
818,0.03012927807867527,0.06432279944419861,0.12403217703104019,-0.11910074949264526,2.068321943283081,2.1348934838100133,652.9301799606834,0.8677186965942383,0.07868789881467819,0.05359341576695442,0.04208674654364586,0.0012325732968747616,0.8052664399147034
819,0.015253612771630287,0.05410982668399811,0.1068505048751831,-0.06180643290281296,2.8303682804107666,3.547344979222753,1459.3692238100268,0.504097580909729,0.3586294651031494,0.13716308772563934,0.12525565922260284,0.004075443837791681,0.2621946930885315
820,0.02555949240922928,0.06426946818828583,0.12403217703104019,0.046889517456293106,2.2674036026000977,2.5145048718793905,693.2527573968849,0.8353899121284485,0.10914053022861481,0.05546528846025467,0.027993330731987953,0.0016730541829019785,0.7855460047721863
821,0.030619313940405846,0.06431273370981216,0.1240321695804596,-0.12098778784275055,2.065077543258667,2.100397606324008,629.9325398296687,0.8722895383834839,0.08251404017210007,0.04519631713628769,0.04310835525393486,0.0018895395332947373,0.8114344477653503
822,0.014887245371937752,0.04982525855302811,0.09435281157493591,-0.08511770516633987,2.7803854942321777,3.3468420318779173,1464.080224736376,0.4735656976699829,0.4096687138080597,0.11676185578107834,0.1391378492116928,0.0036575528793036938,0.22858726978302002
823,0.030929818749427795,0.06434063613414764,0.1240321695804596,-0.1162625178694725,2.0318660736083984,2.0802138109282566,603.5833214024134,0.8854392766952515,0.07294540852308273,0.04161430522799492,0.0409540981054306,0.0008992495713755488,0.8251494765281677
824,0.025421172380447388,0.06427828222513199,0.1240321695804596,0.07592523097991943,2.3000035285949707,2.5285333524602858,666.850236768612,0.8455618023872375,0.10641133040189743,0.04802698642015457,0.031172124668955803,0.00113029929343611,0.7955811023712158
825,0.03024168871343136,0.06433644890785217,0.1240321695804596,-0.11940664798021317,2.0561070442199707,2.1274092698781986,631.8718925292912,0.8819563984870911,0.06780336052179337,0.05023610219359398,0.04150230064988136,0.001379357185214758,0.8152822256088257
826,0.014639032073318958,0.06428462266921997,0.10544879734516144,-0.24076780676841736,2.9574713706970215,4.391316471120625,1239.3885059465006,0.5779625177383423,0.34860745072364807,0.07337456196546555,0.13849662244319916,0.004086635075509548,0.3322243094444275
827,0.0301603265106678,0.06428877264261246,0.12403217703104019,-0.12896478176116943,2.0214226245880127,2.131567528545878,598.3257761309156,0.8877851366996765,0.06930603086948395,0.04290296882390976,0.045368295162916183,0.0016899616457521915,0.8179019689559937
828,0.014794638380408287,0.049325745552778244,0.09839685261249542,-0.15140141546726227,2.970320701599121,3.3340284690407533,1303.9831977204515,0.5456498265266418,0.3702147305011749,0.08411528170108795,0.13235707581043243,0.0029857016634196043,0.32885292172431946
829,0.015314631164073944,0.06037771701812744,0.10939690470695496,-0.06587174534797668,3.001249074935913,3.942485872975049,1437.0136578162849,0.5051804780960083,0.3540405035018921,0.14064644277095795,0.12420134991407394,0.004423198290169239,0.25307348370552063
830,0.025562332943081856,0.06425987184047699,0.1240321695804596,0.05205671116709709,2.2378339767456055,2.5138500457312256,651.2856045692756,0.8512120246887207,0.10358584672212601,0.045202065259218216,0.030532106757164,0.001862288685515523,0.7964624166488647
831,0.025829678401350975,0.06375569105148315,0.12350554019212723,0.03435535728931427,2.245828151702881,2.468311453915749,638.9453560792825,0.8591853380203247,0.09702348709106445,0.04379003122448921,0.028831759467720985,0.0016834993148222566,0.8100747466087341
832,0.01461170893162489,0.05962890759110451,0.11116580665111542,-0.1643751710653305,3.121553897857666,4.080898946595195,1333.7376531890031,0.5546637177467346,0.34443140029907227,0.10089313238859177,0.1294480711221695,0.003460928564891219,0.3169020414352417
833,0.01800485886633396,0.05974847823381424,0.11744846403598785,-0.23797185719013214,2.800978899002075,3.318464125382028,1131.3034974881255,0.6779808402061462,0.2017006278038025,0.12024334818124771,0.08990264683961868,0.0012496268609538674,0.5485845804214478
834,0.018206177279353142,0.061166971921920776,0.117256298661232,-0.2680680453777313,2.778428792953491,3.3596823199084183,1131.2735027918302,0.6696333885192871,0.2100539654493332,0.12027865648269653,0.08742764592170715,0.0016521625220775604,0.553451657295227
835,0.015449495986104012,0.05407155677676201,0.10809580981731415,-0.0027356529608368874,2.9820680618286133,3.499891311787554,1477.7992985247959,0.4912797212600708,0.3840167224407196,0.12469545751810074,0.12331617623567581,0.004351181909441948,0.24035236239433289
836,0.0153925446793437,0.06427232921123505,0.114377960562706,-0.13524788618087769,3.1314404010772705,4.175549302988927,1564.35966229493,0.42136603593826294,0.46809130907058716,0.11054272949695587,0.12423378229141235,0.0033700692001730204,0.21005979180335999
837,0.017718549817800522,0.05618889257311821,0.10429036617279053,-0.27973413467407227,2.583211898803711,3.171190258104429,1084.2044223863936,0.6906387209892273,0.1997455507516861,0.10959643870592117,0.08938422054052353,0.0015255487523972988,0.5687210559844971
838,0.015554843470454216,0.055425748229026794,0.10378114879131317,-0.09805494546890259,2.9325947761535645,3.563246928890186,1469.1191103287792,0.48228001594543457,0.40146586298942566,0.11609166860580444,0.11865242570638657,0.003772498108446598,0.23620055615901947
839,0.015082662925124168,0.05478833615779877,0.10380345582962036,-0.1600169539451599,3.0844218730926514,3.6325373328407244,1515.8022306559903,0.4670213758945465,0.4057771563529968,0.12720076739788055,0.13620984554290771,0.0038652466610074043,0.21431995928287506
840,0.01843860186636448,0.06429386883974075,0.11383181065320969,-0.2773074805736542,2.83168888092041,3.4869167034588506,1069.4946265153014,0.6756889820098877,0.23074190318584442,0.09356030821800232,0.08422473073005676,0.001478657708503306,0.5475034713745117
841,0.014689028263092041,0.06010650470852852,0.10697318613529205,-0.172044038772583,2.9147112369537354,4.091931993586086,1312.379850461263,0.5482723116874695,0.3651261329650879,0.08652535080909729,0.13369014859199524,0.003893415443599224,0.30894896388053894
842,0.024953236803412437,0.06429953873157501,0.1240321695804596,0.07673563063144684,2.26960825920105,2.5768015282171746,642.5055496444656,0.8613483905792236,0.08894097059965134,0.04970526322722435,0.03318321332335472,0.0023161638528108597,0.8035910725593567
843,0.025692518800497055,0.06428859382867813,0.1240321695804596,0.047308214008808136,2.2607178688049316,2.502230097616282,633.6502295272975,0.8596044778823853,0.09465331584215164,0.04574138671159744,0.029573870822787285,0.001632272033020854,0.8094255924224854
844,0.02590322680771351,0.06426715105772018,0.1240321695804596,0.04731837287545204,2.182332754135132,2.4810480768404326,619.6087174072823,0.8680832386016846,0.08949454128742218,0.0424221009016037,0.03101530484855175,0.0021345256827771664,0.8149658441543579
845,0.014609088189899921,0.05399586260318756,0.10042594373226166,-0.015658050775527954,3.0212953090667725,3.6960460432309437,1510.396488143997,0.4687196910381317,0.40955621004104614,0.12170063704252243,0.13835406303405762,0.004167870152741671,0.2237057089805603
846,0.015410581603646278,0.05408068001270294,0.10453805327415466,-0.05768702179193497,2.8909316062927246,3.50932115348571,1513.705521285465,0.4755209982395172,0.4145837128162384,0.10985883325338364,0.12071017920970917,0.004260295536369085,0.24449943006038666
847,0.015080799348652363,0.059765446931123734,0.11391220986843109,-0.09612720459699631,3.220111846923828,3.963015855157666,1499.7169437550017,0.46431687474250793,0.4071257412433624,0.1285368651151657,0.13543421030044556,0.0033214986324310303,0.22068056464195251
848,0.030391082167625427,0.06427203118801117,0.1240321695804596,-0.13480564951896667,2.076979875564575,2.114831937586057,627.2578410811578,0.8764517903327942,0.07669392228126526,0.046838097274303436,0.04141777381300926,0.001581911463290453,0.8148757219314575
849,0.015111449174582958,0.05824831873178482,0.11080701649188995,-0.00861880462616682,2.9315757751464844,3.854581916994586,1367.804315515094,0.5342854857444763,0.34975022077560425,0.11595822125673294,0.12436404079198837,0.004497137852013111,0.2624175250530243
850,0.01806003600358963,0.06428192555904388,0.11297869682312012,-0.3864162862300873,2.9153976440429688,3.55934647875053,1118.420318415977,0.7041765451431274,0.17049524188041687,0.1252506822347641,0.08785298466682434,0.0014497482916340232,0.5829146504402161
851,0.018030550330877304,0.06202051788568497,0.10691067576408386,-0.2854066789150238,2.7369179725646973,3.4397462497877913,1053.7693200503547,0.6903852820396423,0.21321691572666168,0.09639724344015121,0.08665312081575394,0.0016958118649199605,0.5644813179969788
852,0.015483923256397247,0.052681636065244675,0.10486991703510284,-0.09861765801906586,2.757340908050537,3.402344172693874,1424.0781788593667,0.5031012296676636,0.37239956855773926,0.12449062615633011,0.12377560138702393,0.005010619293898344,0.24642573297023773
853,0.015083220787346363,0.05776117742061615,0.10419018566608429,-0.12094450742006302,2.8924560546875,3.829498900211269,1485.77364958352,0.4901822805404663,0.3940540850162506,0.11573756486177444,0.12275610119104385,0.004735610913485289,0.24963833391666412
854,0.026052767410874367,0.06282442808151245,0.12260664999485016,0.0765780657529831,2.1956236362457275,2.4114301213497282,613.3032191072542,0.8623709678649902,0.10180234909057617,0.035821735858917236,0.028568582609295845,0.0012315104249864817,0.8143264055252075
855,0.018400702625513077,0.06427926570177078,0.1240321695804596,-0.28912273049354553,2.8775827884674072,3.493304957233129,1138.9738174660044,0.677746593952179,0.20671875774860382,0.11549653857946396,0.08409640192985535,0.0011474204948171973,0.5606056451797485
856,0.025110507383942604,0.06256981194019318,0.12233036756515503,0.038085293024778366,2.3029325008392334,2.491778082417915,670.5979015533587,0.847022533416748,0.10269798338413239,0.05027325078845024,0.03248780220746994,0.001104450784623623,0.7905028462409973
857,0.015480070374906063,0.05415034294128418,0.1057836264371872,-0.11392676830291748,2.9949657917022705,3.4980682662506766,1511.7759634816891,0.4748442769050598,0.3908941447734833,0.13417939841747284,0.12210185825824738,0.003562640631571412,0.23640279471874237
858,0.014039014466106892,0.053943511098623276,0.10287351906299591,-0.08519846946001053,2.7991929054260254,3.8424001360645192,1233.960362631306,0.6021782159805298,0.2987099587917328,0.09902318567037582,0.14394409954547882,0.0034502495545893908,0.3395736813545227
859,0.015002711676061153,0.060123834758996964,0.10378693044185638,-0.1810321807861328,3.0801422595977783,4.00753117524248,1339.7301570469294,0.5166359543800354,0.40702080726623535,0.0763421431183815,0.12591314315795898,0.0025655655190348625,0.2939630150794983
860,0.014403612352907658,0.05068128928542137,0.09655845165252686,-0.1188114732503891,3.057265281677246,3.5186512966430734,1272.3909509687664,0.5650984048843384,0.3501257300376892,0.08465748280286789,0.1312868893146515,0.002358794678002596,0.3344087302684784
861,0.025568224489688873,0.06427069753408432,0.1240321695804596,0.05383540689945221,2.2297849655151367,2.5136941971660822,610.8508335559331,0.8658832311630249,0.09583012759685516,0.03828435763716698,0.030908353626728058,0.001784363528713584,0.8136821985244751
862,0.01459077000617981,0.053308192640542984,0.09705869853496552,-0.12440089136362076,3.002065420150757,3.6535558174319207,1479.7456725542067,0.4846978485584259,0.38985487818717957,0.12540902197360992,0.14366500079631805,0.003695813240483403,0.2252386212348938
863,0.030115734785795212,0.0643099844455719,0.1240321695804596,-0.13753044605255127,2.0543336868286133,2.135428037896315,623.510730474646,0.8796167969703674,0.0735659971833229,0.04680900648236275,0.045381732285022736,0.0014593121595680714,0.8128591775894165
864,0.015032288618385792,0.05799020081758499,0.10244089365005493,-0.1478797346353531,3.030339479446411,3.857709380513107,1598.351272357468,0.4492414593696594,0.38452762365341187,0.16622743010520935,0.13661731779575348,0.0038080490194261074,0.20990048348903656
865,0.0302872471511364,0.06433133035898209,0.1240321695804596,-0.13327091932296753,2.0558319091796875,2.1240401953943935,586.0690038342547,0.894679069519043,0.062993124127388,0.04232760891318321,0.043159402906894684,0.0008437989745289087,0.8310351371765137
866,0.014549321494996548,0.051979221403598785,0.09514691680669785,-0.12800227105617523,2.9027044773101807,3.5726216798427064,1336.8046199808623,0.5582228899002075,0.33961546421051025,0.10193391889333725,0.13393059372901917,0.002884317422285676,0.31762248277664185
867,0.014029935002326965,0.04168425500392914,0.08212799578905106,-0.10216833651065826,2.736431121826172,2.9710939497613076,1208.5791638695757,0.6043170094490051,0.3061720132827759,0.08942093700170517,0.13898520171642303,0.0038246626500040293,0.3460268974304199
868,0.01505820732563734,0.05889046937227249,0.10200880467891693,-0.1642625331878662,2.9297266006469727,3.9108552628371442,1388.604213041148,0.5107638239860535,0.3938480317592621,0.09538143873214722,0.13055235147476196,0.004231077153235674,0.25234779715538025
869,0.018178250640630722,0.06029156595468521,0.11267326772212982,-0.3197479248046875,2.672311782836914,3.316686910268975,1073.0042953855325,0.6924936771392822,0.2010803371667862,0.10642506927251816,0.08789671212434769,0.0015490131918340921,0.5738770961761475
870,0.014794579707086086,0.05778970941901207,0.10576342791318893,-0.12575937807559967,3.0715999603271484,3.9061406649779093,1491.9319583784572,0.4601779878139496,0.4186457097530365,0.1211114451289177,0.136008620262146,0.00438272301107645,0.2302323579788208
871,0.018036073073744774,0.06429305672645569,0.11117613315582275,-0.30781030654907227,2.647174835205078,3.56469262793589,1041.641134730248,0.7067347168922424,0.1997559517621994,0.09350889176130295,0.08728830516338348,0.0010293411323800683,0.5797533392906189
872,0.0147479809820652,0.049526605755090714,0.09226389229297638,-0.11369246989488602,2.732884168624878,3.358195661627248,1287.197818802106,0.5565539598464966,0.36863622069358826,0.07480522990226746,0.1307326704263687,0.0027677391190081835,0.33219537138938904
873,0.02519707940518856,0.06427448987960815,0.12403217703104019,0.05431045964360237,2.2490134239196777,2.5508706324044024,642.9351471431032,0.8599197864532471,0.09283215552568436,0.04724738746881485,0.03177736699581146,0.0020295975264161825,0.8048158288002014
874,0.018139809370040894,0.052831072360277176,0.09731137007474899,-0.2271314114332199,2.473816394805908,2.9124381232262992,988.7362242759848,0.7153194546699524,0.1948743313550949,0.08979764580726624,0.0892731174826622,0.001543471240438521,0.5871325731277466
875,0.014235648326575756,0.045961350202560425,0.08806765079498291,-0.14844805002212524,2.862931728363037,3.228609554334738,1240.3190641959254,0.5909550786018372,0.32274720072746277,0.08629405498504639,0.1364218294620514,0.0035344313364475965,0.34390130639076233
876,0.017879992723464966,0.05764387547969818,0.10868644714355469,-0.2915682792663574,2.609546422958374,3.223931707803483,1102.7806454742,0.6923672556877136,0.20115235447883606,0.10641685873270035,0.08715201914310455,0.0020960159599781036,0.5637564659118652
877,0.01451923418790102,0.049014613032341,0.0925305187702179,-0.15423627197742462,2.8523237705230713,3.3758401024903493,1326.2489119755755,0.5504404306411743,0.35711461305618286,0.09237227588891983,0.13393078744411469,0.003360759699717164,0.31345096230506897
878,0.01548081450164318,0.05701320990920067,0.11059755086898804,-0.12394802272319794,2.8509914875030518,3.682830118497078,1433.1113676557054,0.5007047057151794,0.3699192404747009,0.12928543984889984,0.1221296414732933,0.003462495282292366,0.2493409961462021
879,0.01507716067135334,0.05485452339053154,0.10437755286693573,0.009865895844995975,2.947566509246826,3.638252890089384,1557.0247729990072,0.4396018385887146,0.4317748546600342,0.12861831486225128,0.12923401594161987,0.003739353734999895,0.2113296240568161
880,0.016104770824313164,0.060463424772024155,0.11881819367408752,-0.15732191503047943,2.988222122192383,3.754379706974093,1515.461687058402,0.47803908586502075,0.4011598825454712,0.12075956910848618,0.11544234305620193,0.0039446186274290085,0.22470520436763763
881,0.03152207285165787,0.06430748105049133,0.1240321695804596,-0.10607197135686874,1.9938918352127075,2.0400778004378313,603.0606770917086,0.8924828171730042,0.05897919088602066,0.04853738471865654,0.04014412313699722,0.0014929398894309998,0.8305699229240417
882,0.015272531658411026,0.050236962735652924,0.09999336302280426,-0.11850136518478394,3.0160765647888184,3.289367071286875,1588.396849981363,0.4376944899559021,0.4383333921432495,0.12384723126888275,0.1296326220035553,0.003215233562514186,0.21209560334682465
883,0.024946071207523346,0.06429281830787659,0.1240321695804596,0.07681015133857727,2.2688281536102295,2.577272299531864,642.515755581286,0.8613789677619934,0.08889319002628326,0.04972079396247864,0.03326951339840889,0.002319043967872858,0.8036314249038696
884,0.01520150899887085,0.047878265380859375,0.09536314755678177,-0.1371329426765442,2.913888692855835,3.149573202322621,1290.1519189854014,0.5283915400505066,0.3918052315711975,0.07980254292488098,0.12129572033882141,0.0034050168469548225,0.3053484559059143
885,0.01808343082666397,0.06200667843222618,0.11084756255149841,-0.35098567605018616,2.81083083152771,3.4289222561334203,1117.3332423210836,0.6733759045600891,0.2071319818496704,0.11940813064575195,0.08864639699459076,0.0013911041896790266,0.5506777763366699
886,0.014835822395980358,0.05261372774839401,0.09484309703111649,-0.22063249349594116,2.9684743881225586,3.5463977891177008,1403.5621482987665,0.5202836394309998,0.3775140643119812,0.1021101176738739,0.13361197710037231,0.004388206172734499,0.2595512866973877
887,0.03153742477297783,0.06433527916669846,0.1240321695804596,-0.10894370824098587,2.0450687408447266,2.0399661553781274,622.9058395665747,0.8713962435722351,0.08565205335617065,0.04295168071985245,0.03798273578286171,0.0006690934533253312,0.8167760968208313
888,0.025513164699077606,0.06428027898073196,0.1240321695804596,0.04882962256669998,2.264087200164795,2.519494532974831,625.0454727032338,0.8595256209373474,0.10154236853122711,0.03892899304628372,0.031046995893120766,0.0019646254368126392,0.8036653995513916
889,0.01842779479920864,0.0642881691455841,0.11544124782085419,-0.24531328678131104,2.7545173168182373,3.4886523234378664,1177.9111435874045,0.6596776247024536,0.21283753216266632,0.1273707151412964,0.08423241227865219,0.001977446023374796,0.5265851020812988
890,0.014783278107643127,0.05094926431775093,0.09789697080850601,-0.1290726363658905,3.113466739654541,3.446411813626313,1453.6429361739936,0.49885880947113037,0.37484970688819885,0.12620599567890167,0.13603603839874268,0.003382768016308546,0.23335489630699158
891,0.01770079880952835,0.06322479248046875,0.11690109968185425,-0.30457308888435364,2.746506929397583,3.571860974029203,1079.1949861055336,0.6872884035110474,0.21208687126636505,0.10061025619506836,0.08948755264282227,0.0016125030815601349,0.5590465664863586
892,0.017825832590460777,0.055428002029657364,0.10462252795696259,-0.2647549510002136,2.6468374729156494,3.109420092737177,1066.9693003823065,0.7016924023628235,0.18528062105178833,0.11299923062324524,0.08923358470201492,0.0014510154724121094,0.5702924728393555
893,0.015195369720458984,0.06180024892091751,0.11069083213806152,-0.21067027747631073,3.0316624641418457,4.0670447678310095,1398.641924020247,0.5306057929992676,0.32661786675453186,0.14258676767349243,0.1284095197916031,0.0032870913855731487,0.2592429518699646
894,0.0184333473443985,0.063499815762043,0.1232457309961319,-0.27810338139533997,2.806088447570801,3.4448336795375587,1101.4424767402181,0.6877411603927612,0.19691376388072968,0.1153111681342125,0.0813101977109909,0.0021541158203035593,0.5659931898117065
895,0.024985410273075104,0.06427416205406189,0.1240321695804596,0.07885748893022537,2.2940828800201416,2.572467746137147,661.9066121947216,0.8507049083709717,0.10223289579153061,0.04706175625324249,0.032247159630060196,0.0015874981181696057,0.7914962768554688
896,0.015432228334248066,0.05694566294550896,0.1121310293674469,-0.06393728405237198,3.0687031745910645,3.690047976768326,1451.2482697779517,0.47989994287490845,0.4017719626426697,0.11827827990055084,0.121272012591362,0.0033468971960246563,0.2400660663843155
897,0.01580529846251011,0.06426367163658142,0.11084913462400436,-0.08922582119703293,3.0731863975524902,4.065957487923924,1550.061514515155,0.4603656530380249,0.40919485688209534,0.13043059408664703,0.11514238268136978,0.004421729128807783,0.22839348018169403
898,0.015405072830617428,0.06427071988582611,0.12403217703104019,-0.03814567252993584,3.1384224891662598,4.172049076841535,1588.2672019908414,0.4458683133125305,0.41497716307640076,0.1391543298959732,0.12369353324174881,0.003973864950239658,0.22505231201648712
899,0.024982742965221405,0.06427470594644547,0.1240321695804596,0.0792095959186554,2.2948360443115234,2.57276416898456,662.3819711656884,0.850529134273529,0.10239443928003311,0.04707629978656769,0.0321611687541008,0.0015873406082391739,0.7914363145828247
900,0.018038878217339516,0.05855265632271767,0.11347324401140213,-0.3028354346752167,2.83577036857605,3.245914497232382,1104.2020850523231,0.6873092651367188,0.19537203013896942,0.11726526916027069,0.08823677152395248,0.0013845680514350533,0.5633351802825928
901,0.015641309320926666,0.05821012333035469,0.10212106257677078,-0.18236331641674042,3.056891918182373,3.7215633379715354,1424.4416708415913,0.4848767817020416,0.3983553946018219,0.11676669120788574,0.1205936148762703,0.0044732606038451195,0.24593624472618103
902,0.030968818813562393,0.06428632140159607,0.12403217703104019,-0.10857003182172775,2.050837993621826,2.075840276199584,650.4315761128606,0.8687793612480164,0.07918769121170044,0.05203159153461456,0.04032603278756142,0.0010813932167366147,0.808060884475708
903,0.014904136769473553,0.05014214292168617,0.09289322793483734,-0.13073499500751495,2.8720600605010986,3.36431043903343,1330.1264566005757,0.5270488858222961,0.37828412652015686,0.09461093693971634,0.12577839195728302,0.0033661581110209227,0.30098429322242737
904,0.030309200286865234,0.06431017071008682,0.1240321695804596,-0.12997856736183167,2.056180953979492,2.121803614060857,613.709095788885,0.8828651309013367,0.06925150007009506,0.04788323864340782,0.04375673830509186,0.0014178688870742917,0.8199814558029175
905,0.015038568526506424,0.05685390532016754,0.101076640188694,-0.09020595997571945,3.0672478675842285,3.780539698055597,1504.808731472942,0.4520060122013092,0.4050341844558716,0.1427796483039856,0.13724085688591003,0.00337605900131166,0.20381619036197662
906,0.03052476793527603,0.06434185802936554,0.1240321695804596,-0.13509272038936615,2.014747142791748,2.1078574016905414,589.2670077193237,0.892939031124115,0.06735526770353317,0.039702292531728745,0.04269856587052345,0.0008019560482352972,0.8318787813186646
907,0.03037959709763527,0.06427253037691116,0.1240321695804596,-0.1338820457458496,2.0766704082489014,2.1156478859227024,627.5141783157073,0.876333475112915,0.07679110020399094,0.046861641108989716,0.04118042439222336,0.0015851776115596294,0.8150380253791809
908,0.025821009650826454,0.0642741248011589,0.1240321695804596,0.06900867819786072,2.244004487991333,2.4892181083481555,662.9356315839257,0.8480570316314697,0.10162844508886337,0.05031009763479233,0.03082398511469364,0.0010549490107223392,0.7980307340621948
909,0.017920581623911858,0.06429243087768555,0.12329203635454178,-0.3096961975097656,2.73427677154541,3.587630815972569,1037.5446271717215,0.7162678837776184,0.1727079153060913,0.11100772768259048,0.09096783399581909,0.00203944300301373,0.5755636692047119
910,0.01420868095010519,0.05409694463014603,0.09795768558979034,-0.07223208248615265,2.7739357948303223,3.807316443820791,1196.836999093132,0.5905640721321106,0.329071968793869,0.08032047003507614,0.13955621421337128,0.0029508876614272594,0.3486795127391815
911,0.014727591536939144,0.05102292075753212,0.10125575959682465,-0.10408226400613785,2.9757723808288574,3.4644443136607954,1302.8438613546684,0.5605173707008362,0.34699583053588867,0.09236188232898712,0.13252557814121246,0.0024565227795392275,0.32236674427986145
912,0.014765526168048382,0.05393345281481743,0.10185204446315765,-0.13079887628555298,2.823885679244995,3.652660406228745,1357.3076954864853,0.5233290791511536,0.35661089420318604,0.1200600117444992,0.1328093260526657,0.005367385223507881,0.2665629982948303
913,0.030340002849698067,0.06435177475214005,0.12403217703104019,-0.12762388586997986,2.0358996391296387,2.1210207220089115,594.4055381904597,0.8892511129379272,0.06704329699277878,0.04369833692908287,0.03930390998721123,0.0012401184067130089,0.8226402997970581
914,0.02587451972067356,0.06427575647830963,0.1240321695804596,0.07033655792474747,2.260774612426758,2.484133316085076,603.5168682541919,0.8777708411216736,0.07865267246961594,0.043576523661613464,0.028315389528870583,0.0017255755374208093,0.8279476165771484
915,0.015279456041753292,0.05032212659716606,0.10010520368814468,-0.11867333948612213,3.0179378986358643,3.293450136991803,1586.7938444296735,0.4383792579174042,0.43772050738334656,0.12377146631479263,0.12973371148109436,0.0032138724345713854,0.21252655982971191
916,0.014907144010066986,0.057981979101896286,0.1052669882774353,-0.03652312606573105,2.8723537921905518,3.889543098185056,1345.2448437187154,0.5328041315078735,0.35879752039909363,0.1083747148513794,0.1292581707239151,0.003830866888165474,0.26987969875335693
917,0.01799210160970688,0.05987245962023735,0.11803218722343445,-0.311294823884964,2.819979190826416,3.3277079529501985,1132.818017437218,0.6796569228172302,0.2025599479675293,0.11777135729789734,0.08919211477041245,0.0014739506877958775,0.5558638572692871
918,0.015657879412174225,0.05695907399058342,0.10394300520420074,-0.10044483840465546,3.0681231021881104,3.637725932584409,1479.042116898743,0.48295119404792786,0.3831839859485626,0.13382121920585632,0.11850020289421082,0.0039793034084141254,0.24611559510231018
919,0.014810629189014435,0.05482007563114166,0.10200686752796173,-0.204402357339859,3.1382298469543457,3.7014008606806685,1504.0551864133547,0.48538532853126526,0.3579544425010681,0.1566532701253891,0.14319729804992676,0.0038888389244675636,0.2225368767976761
920,0.015522700734436512,0.05887594446539879,0.11059261858463287,-0.14370080828666687,3.033686876296997,3.7928930969461963,1537.681761654348,0.4826492965221405,0.3455553948879242,0.17161910235881805,0.11798165738582611,0.002922679530456662,0.24587376415729523
921,0.025547221302986145,0.06223919615149498,0.12199556082487106,0.056857652962207794,2.2495198249816895,2.436241319981981,609.4461550990676,0.8730849027633667,0.08659058064222336,0.040324386209249496,0.028567880392074585,0.0020842247176915407,0.8173611760139465
922,0.030528053641319275,0.06431585550308228,0.1240321695804596,-0.10934998095035553,2.046339988708496,2.1067787765520998,609.9706106317497,0.8805017471313477,0.0738023966550827,0.04569137841463089,0.041910458356142044,0.0013561920495703816,0.8191471099853516
923,0.024844715371727943,0.060387808829545975,0.12015771865844727,0.07127135992050171,2.245955228805542,2.4306098066969084,636.2811707777147,0.8576295971870422,0.09794357419013977,0.044425953179597855,0.03427920490503311,0.0015472256345674396,0.7972626090049744
924,0.01465186569839716,0.053860072046518326,0.10466644167900085,-0.09039071947336197,2.924934148788452,3.675987287320983,1318.5251757363826,0.5457754731178284,0.3730175197124481,0.08120538294315338,0.1282234787940979,0.003184991655871272,0.3196670711040497
925,0.030846526846289635,0.0643484815955162,0.1240321695804596,-0.12347166240215302,2.0788774490356445,2.086085150334202,672.1176466663302,0.8666077852249146,0.07569069415330887,0.057698603719472885,0.04030589386820793,0.001032082480378449,0.8075687885284424
926,0.014698176644742489,0.04894253611564636,0.09788506478071213,-0.15418531000614166,2.807717800140381,3.3298372509234455,1310.751182848334,0.5710963606834412,0.32753509283065796,0.10135911405086517,0.13063423335552216,0.0027298536151647568,0.33200034499168396
927,0.03064965084195137,0.06434260308742523,0.1240321695804596,-0.13282433152198792,2.0863471031188965,2.099293183374791,672.2981389832405,0.860211968421936,0.08642909675836563,0.05334847420454025,0.04223153740167618,0.0011059875832870603,0.7997448444366455
928,0.015184318646788597,0.06398335099220276,0.10966554284095764,-0.20353858172893524,3.105487823486328,4.213778206078487,1422.1365015745228,0.5058026313781738,0.3827139437198639,0.11148326098918915,0.12934152781963348,0.003910420462489128,0.25223371386528015
929,0.030119970440864563,0.06430751085281372,0.1240321695804596,-0.13736170530319214,2.053708791732788,2.1350456162277958,623.4039998484064,0.8796010613441467,0.07364770770072937,0.04674353078007698,0.045410461723804474,0.0014557205140590668,0.8127737045288086
930,0.03096332959830761,0.06428606808185577,0.12403217703104019,-0.10857415944337845,2.051304817199707,2.076200102307257,650.7600630433082,0.8686804175376892,0.07921592891216278,0.052102524787187576,0.04032571241259575,0.0010806922800838947,0.8080007433891296
931,0.03113732859492302,0.06431739032268524,0.12403217703104019,-0.11887897551059723,2.0624501705169678,2.065603994400042,607.8110356370934,0.8826181292533875,0.07538866251707077,0.041990939527750015,0.04116597771644592,0.0011845336994156241,0.8208242654800415
932,0.03136419504880905,0.06434076279401779,0.1240321695804596,-0.10769930481910706,2.045156478881836,2.0514080687178198,631.2339825972217,0.8683985471725464,0.08548837900161743,0.04610650613903999,0.03920445963740349,0.0008654891862533987,0.8067630529403687
933,0.02607220783829689,0.06428247690200806,0.1240321695804596,0.05685014650225639,2.258342742919922,2.465555556254787,634.648203270543,0.8577192425727844,0.09807724505662918,0.044201064854860306,0.02764756977558136,0.0014167464105412364,0.8087784051895142
934,0.018129680305719376,0.06431226432323456,0.1183772087097168,-0.2960079312324524,2.7430360317230225,3.547346849762078,1145.4032614146672,0.6748864054679871,0.20147240161895752,0.12362391501665115,0.08657033741474152,0.0016163419932126999,0.5512279272079468
935,0.03020526096224785,0.0643034279346466,0.12403217703104019,-0.11123435944318771,2.0351126194000244,2.1288817207336033,567.0800984567464,0.8977075219154358,0.06585557013750076,0.036413487046957016,0.04377293214201927,0.0014430057490244508,0.8335219025611877
936,0.030322343111038208,0.06431271135807037,0.12403217703104019,-0.1346825659275055,2.051981210708618,2.120967733939325,603.1119426609016,0.8868170976638794,0.06837327033281326,0.04480934888124466,0.04379463195800781,0.0013441320043057203,0.8254105448722839
937,0.014589175581932068,0.06427069008350372,0.11071562767028809,-0.21235717833042145,3.0792994499206543,4.405368193573203,1494.3268794250553,0.4690569341182709,0.4001453220844269,0.1307923048734665,0.14463143050670624,0.0039023796562105417,0.21714922785758972
938,0.015890520066022873,0.054985642433166504,0.10521666705608368,-0.15450666844844818,2.9075210094451904,3.4602796007461447,1499.3448121528268,0.4705297350883484,0.3753453493118286,0.1540766954421997,0.11226469278335571,0.0037104508373886347,0.2377065271139145
939,0.015658242627978325,0.057084567844867706,0.10421408712863922,-0.09970656037330627,3.0645835399627686,3.645656105700055,1479.95800193349,0.48255258798599243,0.383460134267807,0.13394543528556824,0.11837951838970184,0.003986115101724863,0.24595601856708527
940,0.018169894814491272,0.0597400926053524,0.11889658123254776,-0.3322102427482605,2.8613057136535645,3.287861223853605,1098.7191245727593,0.6942570805549622,0.1959041804075241,0.10982672870159149,0.08863376826047897,0.0016913940198719501,0.5654123425483704
941,0.015716882422566414,0.059210360050201416,0.10630616545677185,-0.1858600378036499,2.982987880706787,3.7673094736281443,1465.9944453802048,0.47555357217788696,0.40063419938087463,0.1237998977303505,0.11552178859710693,0.0038727899082005024,0.24299290776252747
942,0.030672159045934677,0.06427612900733948,0.1240321695804596,-0.10795732587575912,2.024984836578369,2.0955854105015512,590.4238226308247,0.8887759447097778,0.0725584402680397,0.03865005820989609,0.04250083118677139,0.0008756280294619501,0.8257187008857727
943,0.014527049846947193,0.057457610964775085,0.10252869129180908,-0.17211958765983582,2.9411213397979736,3.955215378633424,1327.227035089497,0.5515803694725037,0.35590651631355286,0.09248112142086029,0.13412383198738098,0.0038391517009586096,0.3224170506000519
944,0.030495798215270042,0.06429862976074219,0.12403217703104019,-0.11651451885700226,2.0638861656188965,2.108442261610904,618.7177085950833,0.8782219886779785,0.07574143260717392,0.04603223130106926,0.04342127591371536,0.0009238607017323375,0.8104166388511658
945,0.014405893161892891,0.05696514993906021,0.11230931431055069,-0.08129776269197464,2.932438611984253,3.95429490521231,1273.5934720996484,0.547420859336853,0.361982524394989,0.0905747190117836,0.1319378912448883,0.003916527144610882,0.31692788004875183
946,0.015415484085679054,0.05827423185110092,0.11503276228904724,0.027139540761709213,3.074925422668457,3.7802401483750545,1526.5012162193905,0.43932992219924927,0.43897539377212524,0.12163682281970978,0.13054969906806946,0.004209861624985933,0.19791050255298615
947,0.0254812128841877,0.06425365060567856,0.1240321695804596,0.02523794211447239,2.2726449966430664,2.5216087984190656,664.5518140596954,0.8510680198669434,0.09792012721300125,0.05101196840405464,0.029994167387485504,0.0014834331814199686,0.7992164492607117
948,0.014947650954127312,0.056630585342645645,0.10668384283781052,-0.122603639960289,3.0937561988830566,3.788594309075724,1554.803585990088,0.45827022194862366,0.41066402196884155,0.13098877668380737,0.1382063329219818,0.004495610482990742,0.21572944521903992
949,0.02601650543510914,0.06426145881414413,0.1240321695804596,0.04387938231229782,2.2606658935546875,2.4700265364983878,647.847876214464,0.8613300323486328,0.08844053000211716,0.05022949352860451,0.03027481772005558,0.0015997118316590786,0.8132891058921814
950,0.031158585101366043,0.06432255357503891,0.1240321695804596,-0.11490064114332199,2.055698871612549,2.0643605402401453,612.6868679717358,0.8817023038864136,0.07447212189435959,0.043803609907627106,0.04015020653605461,0.0009594884468242526,0.8241736888885498
951,0.026082878932356834,0.06427233666181564,0.1240321695804596,0.07995638251304626,2.2289364337921143,2.4641580718920997,602.0232594284319,0.8793044686317444,0.07828760147094727,0.04240615293383598,0.02894314005970955,0.0012777093797922134,0.8302828669548035
952,0.015286944806575775,0.06056469678878784,0.10853441059589386,-0.1833028942346573,3.0464115142822266,3.9618574902405417,1461.4526834560306,0.49560287594795227,0.37768325209617615,0.12667331099510193,0.12409500032663345,0.004575228784233332,0.24760015308856964
953,0.014542784541845322,0.052475471049547195,0.09449209272861481,-0.15601550042629242,2.935915946960449,3.608350993232846,1329.8003098159058,0.5473777055740356,0.3686417043209076,0.08397385478019714,0.1335936188697815,0.00356581574305892,0.3191896080970764
954,0.031035227701067924,0.06434392184019089,0.1240321695804596,-0.13808146119117737,2.011337995529175,2.073254382338672,590.1774007164099,0.8891090750694275,0.0716351568698883,0.039253681898117065,0.039594247937202454,0.0014119764091446996,0.8337273001670837
955,0.014409364201128483,0.050749074667692184,0.0965358316898346,-0.11952532827854156,3.0572891235351562,3.5219510004609202,1271.0350556517938,0.5655993819236755,0.34983131289482117,0.08445565402507782,0.13109563291072845,0.002365394029766321,0.3349688947200775
956,0.030302753672003746,0.06432031095027924,0.12403217703104019,-0.1148623451590538,2.097599506378174,2.122589638036137,613.9409682131663,0.8796768188476562,0.07803885638713837,0.04227600246667862,0.041419364511966705,0.001128772390075028,0.8139774203300476
957,0.015582170337438583,0.06343584507703781,0.11676932871341705,-0.1622522622346878,3.1276485919952393,4.071053242214423,1528.5870892132677,0.4352225959300995,0.4667086899280548,0.09802519530057907,0.12488675117492676,0.0039185453206300735,0.20375050604343414
958,0.015193955972790718,0.0534212589263916,0.10628460347652435,-0.0942557081580162,3.0355937480926514,3.5159545689445357,1630.0869387917098,0.4281631410121918,0.4183827042579651,0.15342755615711212,0.1291588842868805,0.003423465183004737,0.2078777253627777
959,0.014410457573831081,0.057163167744874954,0.11231677234172821,-0.0820210874080658,2.934619426727295,3.96678366721086,1272.5535764534657,0.5478544235229492,0.3615913391113281,0.09053358435630798,0.1324457824230194,0.003914523404091597,0.31687724590301514
960,0.01545458473265171,0.0642704963684082,0.11454564332962036,-0.06033710390329361,2.979325771331787,4.158668607152018,1507.7770680019182,0.4801374673843384,0.38114553689956665,0.13871684670448303,0.11799658089876175,0.0035076288040727377,0.24699757993221283
961,0.014478052034974098,0.0581902414560318,0.10902079939842224,-0.1344577819108963,2.7886784076690674,4.019203779033572,1273.2869064913207,0.5739375948905945,0.34644171595573425,0.07925136387348175,0.13731969892978668,0.003537164768204093,0.33794790506362915
962,0.025332652032375336,0.06427381187677383,0.12403217703104019,0.05356113612651825,2.2868223190307617,2.5371923868094894,638.9192704129523,0.858553409576416,0.09792730957269669,0.043518438935279846,0.03147687390446663,0.001478769350796938,0.8022539019584656
963,0.015204894356429577,0.04795266315340996,0.09520429372787476,-0.13614094257354736,2.9106271266937256,3.153764967132364,1290.0349913933633,0.5285395383834839,0.39157646894454956,0.07988393306732178,0.12075179070234299,0.00340963713824749,0.3058505356311798
964,0.014470611698925495,0.04702772945165634,0.08816801011562347,-0.1176031082868576,2.8176207542419434,3.2498784727876067,1259.2891176536061,0.5589362978935242,0.3590070903301239,0.08201536536216736,0.12922434508800507,0.003909315913915634,0.32607725262641907
965,0.025870444253087044,0.06427312642335892,0.1240321695804596,0.06884187459945679,2.2338292598724365,2.4844229883375495,673.6582457895718,0.839532732963562,0.11264201253652573,0.0478179007768631,0.029707111418247223,0.0012267098063603044,0.7894049882888794
966,0.014786794781684875,0.04982771724462509,0.09382756054401398,-0.03474124148488045,2.805101156234741,3.369744287177951,1492.3562498015485,0.46297401189804077,0.4222770035266876,0.11464256048202515,0.1419866979122162,0.003969056531786919,0.21056914329528809
967,0.014668017625808716,0.06398776173591614,0.10406473278999329,-0.21123778820037842,3.0664560794830322,4.362400111857364,1444.103085940706,0.48469409346580505,0.39219632744789124,0.12299954891204834,0.13978102803230286,0.003313173772767186,0.23434263467788696
968,0.02514220029115677,0.05976598337292671,0.11932725459337234,0.05187764763832092,2.2183361053466797,2.377118258483169,632.556533417996,0.8633947968482971,0.09241367131471634,0.04419110715389252,0.029535846784710884,0.0018664812669157982,0.8136958479881287
969,0.017915591597557068,0.06271281838417053,0.12245447188615799,-0.24019144475460052,2.751506805419922,3.5004603693478624,1030.0215677012957,0.7132880687713623,0.1842876374721527,0.10241710394620895,0.09047100692987442,0.0022267040330916643,0.5861363410949707
970,0.025881217792630196,0.06428474187850952,0.1240321695804596,0.07648322731256485,2.2221734523773193,2.483837599571187,604.4009676118685,0.8759689331054688,0.08548291772603989,0.038547635078430176,0.02944681979715824,0.0011678868904709816,0.8265123963356018
971,0.015436836518347263,0.05975373834371567,0.1144697293639183,0.02700866013765335,2.98647403717041,3.870853867554096,1446.1636210523848,0.4965810775756836,0.3908906579017639,0.11248229444026947,0.12283212691545486,0.004504743963479996,0.2559971511363983
972,0.01803526096045971,0.06130288913846016,0.11703792214393616,-0.2728300094604492,2.7640748023986816,3.3990575057084467,1060.0510664855717,0.7020750045776367,0.18807704746723175,0.10983168333768845,0.08859387040138245,0.0012452980736270547,0.575758159160614
973,0.014518721029162407,0.04901044815778732,0.09225034713745117,-0.15504589676856995,2.8515079021453857,3.375672557931853,1325.4689909521308,0.5505021810531616,0.35732418298721313,0.09210210293531418,0.1344243288040161,0.003358294954523444,0.31309273838996887
974,0.015343787148594856,0.05765977501869202,0.10847146809101105,-0.06523352116346359,2.910520315170288,3.7578581126377584,1598.2483393076886,0.444366991519928,0.4065767228603363,0.1490357220172882,0.12689435482025146,0.004667548928409815,0.2069983184337616
975,0.03101968765258789,0.06429985165596008,0.1240321695804596,-0.12750943005084991,2.0365560054779053,2.0728723117404715,594.6758286473083,0.8800597786903381,0.08282986283302307,0.03709468990564346,0.04229380190372467,0.0014402021188288927,0.8156751394271851
976,0.015042247250676155,0.05884047970175743,0.11637210100889206,-0.07939966768026352,3.2033615112304688,3.9116814607073316,1529.0665662315723,0.4563346803188324,0.41539284586906433,0.12813159823417664,0.13130490481853485,0.004362364765256643,0.21624252200126648
977,0.014528286643326283,0.051141899079084396,0.10163494199514389,-0.13791316747665405,2.774932861328125,3.5201603830591264,1293.977677183351,0.5556005239486694,0.3455366790294647,0.09885057806968689,0.13607996702194214,0.004008939489722252,0.28696680068969727
978,0.015513511374592781,0.06426418572664261,0.12053938210010529,-0.3229362666606903,3.282825231552124,4.1424655044730025,1568.4071528372156,0.44190385937690735,0.4273993968963623,0.13069553673267365,0.1278764307498932,0.0032554231584072113,0.19828367233276367
979,0.01497897319495678,0.05397062748670578,0.0990179255604744,-0.1246599480509758,3.0301761627197266,3.603092600584523,1402.4444589764692,0.5065262317657471,0.37534022331237793,0.11812476068735123,0.1278221756219864,0.004038379527628422,0.2633433938026428
980,0.030063489452004433,0.06433553993701935,0.1240321695804596,-0.11721773445606232,2.05936336517334,2.139989106640111,613.8085439160809,0.8731480240821838,0.08585209399461746,0.0409986786544323,0.04287669062614441,0.0008090785122476518,0.8133216500282288
981,0.014257421717047691,0.04594356194138527,0.09105763584375381,-0.07501980662345886,2.772432804107666,3.2224312957810475,1221.8592119192353,0.6017555594444275,0.3109469711780548,0.0871385931968689,0.1420157104730606,0.0026192704681307077,0.3572203814983368
982,0.015242799185216427,0.06092005595564842,0.11818964034318924,-0.1625000238418579,3.3487019538879395,3.996644921408954,1425.7555106274178,0.5096691846847534,0.37022119760513306,0.12010199576616287,0.1274855136871338,0.0037393218372017145,0.25680574774742126
983,0.025392308831214905,0.06427452713251114,0.1240321695804596,0.05147216469049454,2.2915544509887695,2.531259664381793,644.3028134023523,0.8611912131309509,0.08881769329309464,0.049982767552137375,0.030585842207074165,0.0012057090643793344,0.8127413988113403
984,0.02542543038725853,0.06428009271621704,0.12403217703104019,0.09191974252462387,2.275913953781128,2.52818110587035,656.2210422224579,0.8546136021614075,0.09264381229877472,0.05274226516485214,0.03203478083014488,0.0020778877660632133,0.7993197441101074
985,0.0299253948032856,0.06430238485336304,0.1240321695804596,-0.119024358689785,2.070363759994507,2.1487564416077256,652.898136551012,0.868689775466919,0.07868371903896332,0.05262625962495804,0.04473908618092537,0.001327505917288363,0.8039126992225647
986,0.015051230788230896,0.05132107064127922,0.09918747842311859,-0.10556630790233612,2.7825145721435547,3.4097590662153205,1407.6706883089055,0.5263059139251709,0.3339771330356598,0.1397147923707962,0.13128475844860077,0.0033113567624241114,0.2691214084625244
987,0.01542076375335455,0.06427466869354248,0.10648757964372635,-0.018144894391298294,2.9598140716552734,4.168060007753666,1452.1830268267554,0.49944525957107544,0.3896418809890747,0.11089649796485901,0.12029420584440231,0.003934895154088736,0.24335724115371704
988,0.014575342647731304,0.057732414454221725,0.10380719602108002,-0.18391719460487366,2.9295878410339355,3.960964475798926,1297.2798649045794,0.5549143552780151,0.3422398567199707,0.10282470285892487,0.1393592804670334,0.004760096315294504,0.29213666915893555
989,0.01856854185461998,0.06300428509712219,0.12274815887212753,-0.2963026762008667,2.7908830642700195,3.3930658415191193,1124.1557496536363,0.6760780215263367,0.21219949424266815,0.111702561378479,0.08527129888534546,0.0016268440522253513,0.5566443800926208
990,0.014365592040121555,0.04979407787322998,0.09223546087741852,-0.18204809725284576,2.8879733085632324,3.4662043674005405,1248.2671566288132,0.5719053745269775,0.33552277088165283,0.09251213073730469,0.13624854385852814,0.0032939626835286617,0.3367598056793213
991,0.02547021582722664,0.05976552516222,0.11950087547302246,0.06631436198949814,2.1753275394439697,2.3464867971784744,617.7715115483963,0.8698755502700806,0.08875726908445358,0.041367124766111374,0.029854636639356613,0.0009475599508732557,0.8150717616081238
992,0.01464869175106287,0.04699059575796127,0.09137186408042908,-0.14916884899139404,2.9142329692840576,3.207835658863115,1250.0854863652078,0.5659220218658447,0.34782326221466064,0.08624245971441269,0.13449622690677643,0.003402039408683777,0.3373088538646698
993,0.02483297884464264,0.06426490843296051,0.1240321695804596,0.051119159907102585,2.271024465560913,2.58788560294839,640.5688416388416,0.8611916303634644,0.09202016144990921,0.046784523874521255,0.03086477518081665,0.0018866783939301968,0.8074513077735901
994,0.015117470175027847,0.05394301190972328,0.10611476004123688,-0.008283468894660473,2.7509384155273438,3.5682565456793207,1351.538825948427,0.5264610648155212,0.3827759623527527,0.09075091779232025,0.12669378519058228,0.0033188757952302694,0.2726099491119385
995,0.030760055407881737,0.06435106694698334,0.1240321695804596,-0.12782688438892365,2.0614070892333984,2.0920335185222863,612.3741622926201,0.8766005635261536,0.08261218667030334,0.04076306149363518,0.0397832877933979,0.0006550370017066598,0.820898175239563
996,0.018156619742512703,0.05736737698316574,0.1044577807188034,-0.26208722591400146,2.572877883911133,3.1595846470080375,1087.5937298916087,0.7071292400360107,0.17371253669261932,0.11912578344345093,0.08515973389148712,0.0018025590106844902,0.5774903893470764
997,0.024694660678505898,0.06427322328090668,0.1240321695804596,0.07417064905166626,2.3040616512298584,2.6027174098507473,630.432473522183,0.8621102571487427,0.09444791078567505,0.0434405580163002,0.02978641912341118,0.002806853735819459,0.8051534295082092
998,0.014905164949595928,0.052279308438301086,0.10410172492265701,-0.11932235956192017,3.1095402240753174,3.5074625884103945,1308.125158534611,0.5383716225624084,0.367560476064682,0.09395676106214523,0.12340378761291504,0.0030108506325632334,0.3070208430290222
999,0.014713169075548649,0.05273612588644028,0.09479297697544098,-0.0820387527346611,2.8271005153656006,3.5842805592777762,1252.7047539618131,0.586784839630127,0.3357495069503784,0.07739085704088211,0.13063769042491913,0.0034631940070539713,0.3333144187927246
1000,0.026107987388968468,0.06427031755447388,0.12403217703104019,0.0364917553961277,2.269803285598755,2.4617109160688737,658.7551010890551,0.8505714535713196,0.10338031500577927,0.046047478914260864,0.02940947748720646,0.0012124914210289717,0.7979633212089539
1001,0.014458375051617622,0.04780431091785431,0.09288673102855682,-0.12280238419771194,2.8934900760650635,3.3063404942728716,1249.9422530995162,0.5675761699676514,0.35071325302124023,0.08162282407283783,0.12832827866077423,0.004587128292769194,0.3357729911804199
1002,0.03042163886129856,0.06433852016925812,0.12403217703104019,-0.12064164131879807,2.06205415725708,2.114893298828573,628.0899836555992,0.8735095858573914,0.08280284702777863,0.04368390887975693,0.04145253077149391,0.0009561073966324329,0.8157804012298584
1003,0.025891700759530067,0.06426669657230377,0.1240321695804596,0.048736147582530975,2.1848983764648438,2.4821349963333996,619.76126909439,0.8680198192596436,0.08951538056135178,0.04246443882584572,0.0310959592461586,0.002136283554136753,0.8147827386856079
1004,0.030444221571087837,0.06431450694799423,0.1240321695804596,-0.1250196397304535,2.0363497734069824,2.112535766293321,624.6207293030901,0.8821470737457275,0.06939605623483658,0.048430703580379486,0.04291491582989693,0.0011074915528297424,0.8220597505569458
1005,0.025585860013961792,0.06427493691444397,0.1240321695804596,0.05468497797846794,2.21981143951416,2.512127279554334,635.8897316806875,0.8608084917068481,0.09381590038537979,0.04537055268883705,0.030716679990291595,0.0016350253717973828,0.8097180128097534
1006,0.030748257413506508,0.06428150087594986,0.1240321695804596,-0.11563076078891754,2.0403475761413574,2.090573784699192,582.0721163281117,0.8858864307403564,0.07790397852659225,0.03620953857898712,0.04216185584664345,0.0010723602026700974,0.8240200877189636
1007,0.01524079404771328,0.06422137469053268,0.10893196612596512,-0.11949794739484787,2.87442684173584,4.213781413571076,1390.5340825808269,0.5295014977455139,0.35087451338768005,0.11961515247821808,0.12668301165103912,0.004816462751477957,0.26315048336982727
1008,0.030779529362916946,0.06431879848241806,0.12403217703104019,-0.11715418100357056,2.085418224334717,2.089661531921259,599.5288079428101,0.8871864676475525,0.06993911415338516,0.04287262260913849,0.041918203234672546,0.000727084290701896,0.8232593536376953
1009,0.01432297844439745,0.048778992146253586,0.09079981595277786,-0.09782206267118454,2.829741954803467,3.40564585307522,1269.5019664791787,0.5614684820175171,0.3580527603626251,0.08007469028234482,0.13405831158161163,0.003887968836352229,0.32834237813949585
1010,0.02554379776120186,0.06426598876714706,0.1240321695804596,0.05958782508969307,2.2185184955596924,2.515913622767713,615.6472311201609,0.869554340839386,0.08628734946250916,0.04415826499462128,0.02986002527177334,0.0020530640613287687,0.8183237910270691
1011,0.014102487824857235,0.04392235726118088,0.08661910146474838,-0.10026232153177261,2.7297565937042236,3.114511269468939,1212.325570770382,0.5961402654647827,0.32614776492118835,0.07770603895187378,0.14028094708919525,0.002993296831846237,0.35249051451683044
1012,0.0148900356143713,0.05547019839286804,0.09644243866205215,-0.19785264134407043,2.9303598403930664,3.7253234193479683,1468.5353391446026,0.47443366050720215,0.419004887342453,0.1064811497926712,0.13586339354515076,0.005550140980631113,0.2133743315935135
1013,0.014748997986316681,0.05337934568524361,0.09940455853939056,-0.14957648515701294,3.1364541053771973,3.619184552818224,1348.7631257659377,0.5502546429634094,0.3583216071128845,0.09137385338544846,0.12942849099636078,0.00348173757083714,0.316728413105011
1014,0.0152876116335392,0.05869724601507187,0.10839201509952545,-0.10571110993623734,2.8015923500061035,3.8395301645717876,1409.3443841257515,0.5007783770561218,0.4045347273349762,0.09468693286180496,0.1250447779893875,0.00526792835444212,0.2506020665168762
1015,0.025040388107299805,0.06426509469747543,0.12403217703104019,0.08242546766996384,2.3280091285705566,2.566457613177902,660.4572487334615,0.8503034114837646,0.10105779021978378,0.04863439500331879,0.033284012228250504,0.0014641075395047665,0.7840650677680969
1016,0.014373852871358395,0.04828315228223801,0.09260116517543793,-0.1653461903333664,2.818558931350708,3.359096041332718,1265.510020929538,0.5960087776184082,0.30079665780067444,0.10316840559244156,0.13841894268989563,0.003099687397480011,0.35131028294563293
1017,0.014543331228196621,0.0456351600587368,0.08914703130722046,-0.014984602108597755,2.790644407272339,3.1378753147780505,1242.9336438157086,0.5871016979217529,0.3261638581752777,0.08648307621479034,0.13134056329727173,0.003643296891823411,0.3505605459213257
1018,0.014920390211045742,0.051552124321460724,0.09953001141548157,-0.04441302642226219,3.0316784381866455,3.4551458499953256,1494.6647566263334,0.4635721743106842,0.41685596108436584,0.11948102712631226,0.14084456861019135,0.004861527122557163,0.21446137130260468
1019,0.017609281465411186,0.06428312510251999,0.11331219971179962,-0.29383766651153564,2.7929673194885254,3.650525163399586,1139.2019006580663,0.6875120997428894,0.18409457802772522,0.12839312851428986,0.09289297461509705,0.002511506201699376,0.5553984642028809
1020,0.018124671652913094,0.061277084052562714,0.11253342032432556,-0.27747592329978943,2.638969898223877,3.3808658839528865,1122.1261998492055,0.6810963749885559,0.21189925074577332,0.10697375982999802,0.08577078580856323,0.0011712517589330673,0.5654218196868896
1021,0.014845278114080429,0.04788757860660553,0.09025997668504715,-0.08095303922891617,2.776655435562134,3.2257784755113077,1330.9543644083421,0.5418628454208374,0.36984074115753174,0.08826503157615662,0.13016848266124725,0.0030231778509914875,0.3236164152622223
1022,0.03126150742173195,0.0643162727355957,0.1240321695804596,-0.10257263481616974,1.9913777112960815,2.0573631292273458,611.9997381029542,0.8737003207206726,0.08832085877656937,0.0379728339612484,0.040041156113147736,0.001331350882537663,0.8122548460960388
1023,0.014866532757878304,0.05362971872091293,0.10445308685302734,-0.10394705832004547,2.928741455078125,3.6074126758900946,1294.5069146359724,0.5469873547554016,0.3676038384437561,0.08526843786239624,0.12333724647760391,0.002637228462845087,0.32822105288505554
1024,0.014689072035253048,0.053668513894081116,0.09563152492046356,0.045559417456388474,3.001290798187256,3.6536354210548967,1494.0738350411339,0.47123563289642334,0.40081530809402466,0.12781889736652374,0.13913480937480927,0.004300845321267843,0.220993310213089
1025,0.01781419850885868,0.06030874699354172,0.10988260060548782,-0.3604308068752289,2.8051769733428955,3.3854313995752228,1068.3025777484665,0.70323246717453,0.1874152272939682,0.10934502631425858,0.08784846216440201,0.0011804307578131557,0.5747681856155396
1026,0.01445692591369152,0.05031916871666908,0.09844948351383209,-0.19714024662971497,2.889111042022705,3.480627141177598,1287.1844118663969,0.557347297668457,0.35045185685157776,0.0921582579612732,0.1370224952697754,0.0036359478253871202,0.3225574195384979
1027,0.015067333355545998,0.05614441633224487,0.10180062055587769,-0.04828181117773056,3.0113515853881836,3.726234430716498,1521.3472057115896,0.46011829376220703,0.3951432406902313,0.14469097554683685,0.13704687356948853,0.004302229266613722,0.2111719399690628
1028,0.030337154865264893,0.06430412083864212,0.1240321695804596,-0.11829838901758194,2.044084072113037,2.1196490284640603,695.5488310879884,0.8641762733459473,0.06840239465236664,0.06741434335708618,0.039082348346710205,0.001345279160887003,0.8007563352584839
1029,0.02611297369003296,0.06427766382694244,0.1240321695804596,0.036256421357393265,2.268380880355835,2.4615221761976125,658.4739929423808,0.8506745100021362,0.10331422090530396,0.0460105799138546,0.029484504833817482,0.0012059378204867244,0.7980386018753052
1030,0.01853262074291706,0.06269647181034088,0.11673160642385483,-0.3107176721096039,2.8032546043395996,3.3830332297130545,1153.0480645676607,0.6699156761169434,0.2038588672876358,0.12619918584823608,0.07958685606718063,0.00250345841050148,0.5429556369781494
1031,0.030987462028861046,0.06434483081102371,0.1240321695804596,-0.1292182058095932,2.0109732151031494,2.0764795370791536,581.3548254672959,0.8918064832687378,0.06838680803775787,0.03979972004890442,0.03933272510766983,0.0011062106350436807,0.8355021476745605
1032,0.0259466003626585,0.0642780289053917,0.1240321695804596,0.062484029680490494,2.216492176055908,2.47731988023453,612.3829318185053,0.8774710893630981,0.07838209718465805,0.04414023831486702,0.03103042207658291,0.0011345220264047384,0.8218213319778442
1033,0.025402283295989037,0.06427688151597977,0.1240321695804596,0.0716431513428688,2.3124423027038574,2.5303584234728453,632.3369527451146,0.8570536375045776,0.10146386921405792,0.04148118570446968,0.031080177053809166,0.001279845368117094,0.805607259273529
1034,0.017981069162487984,0.06320849806070328,0.12295912206172943,-0.2918405830860138,2.81242036819458,3.5152802920670174,1162.361002911169,0.6798418164253235,0.18603752553462982,0.1340847611427307,0.08668527752161026,0.001205646782182157,0.554059624671936
1035,0.01559586450457573,0.06020968034863472,0.11916190385818481,-0.03250005096197128,3.042490005493164,3.860618327833571,1573.9664010972533,0.40941673517227173,0.47396576404571533,0.11658861488103867,0.12827156484127045,0.003411421552300453,0.19438102841377258
1036,0.01473734900355339,0.05544630065560341,0.10251396894454956,-0.02268475480377674,3.013169765472412,3.7622981337058783,1455.9961353704864,0.47945085167884827,0.3967399299144745,0.1237887516617775,0.13876517117023468,0.004030472133308649,0.23037868738174438
1037,0.014671744778752327,0.06395461410284042,0.10406613349914551,-0.21069079637527466,3.068995952606201,4.359032621062267,1443.7396973225832,0.48483940958976746,0.3919936716556549,0.12305065989494324,0.13984911143779755,0.003315284149721265,0.23453421890735626
1038,0.014075656421482563,0.04614729806780815,0.08968380093574524,-0.14947210252285004,2.9603235721588135,3.2785183640955213,1274.8051485752503,0.5917909741401672,0.30507275462150574,0.10312985628843307,0.14089417457580566,0.0030697714537382126,0.3379494249820709
1039,0.014447944238781929,0.05353444069623947,0.09099621325731277,-0.18743263185024261,2.7745823860168457,3.705332731616875,1283.4817233390238,0.5573101043701172,0.3529323935508728,0.08974199742078781,0.13266463577747345,0.003523280145600438,0.3159775733947754
1040,0.030279414728283882,0.06435270607471466,0.1240321695804596,-0.11904028803110123,2.0852794647216797,2.1252955729186453,627.9347859379232,0.8705110549926758,0.08660896122455597,0.042871877551078796,0.04338783398270607,0.001266809762455523,0.8036898374557495
1041,0.024729644879698753,0.06427327543497086,0.1240321695804596,0.06830666214227676,2.2866761684417725,2.5990375415837663,606.2008625587091,0.8722776770591736,0.08758373558521271,0.04013846442103386,0.03358723223209381,0.0012611165875568986,0.8140580058097839
1042,0.025471558794379234,0.06427180022001266,0.1240321695804596,0.03976210579276085,2.289048433303833,2.5232770689979187,633.7881084749598,0.8564093708992004,0.10179875046014786,0.04179063066840172,0.028768109157681465,0.001748318551108241,0.807814359664917
1043,0.015262773260474205,0.06178004667162895,0.1075696349143982,-0.22998666763305664,3.232999324798584,4.047760234214586,1530.8175909616875,0.43071624636650085,0.4405270516872406,0.12875667214393616,0.1319570243358612,0.003454245626926422,0.1965329349040985
1044,0.02595517225563526,0.06371218711137772,0.12351027876138687,0.023233860731124878,2.259000062942505,2.454700992981857,648.7853095813838,0.8480579257011414,0.110984206199646,0.0409567728638649,0.027877653017640114,0.0012737824581563473,0.7972177267074585
1045,0.017824221402406693,0.06204856559634209,0.10793475061655045,-0.3017136752605438,2.6901469230651855,3.481137503402136,1065.0148865459455,0.6983126401901245,0.19631747901439667,0.10534829646348953,0.09171771258115768,0.0019071403658017516,0.5594164729118347
1046,0.014677229337394238,0.04695362225174904,0.09014683216810226,-0.151941180229187,2.813103199005127,3.1990794154127458,1444.4978675943344,0.48948684334754944,0.39503225684165955,0.1154775321483612,0.14163246750831604,0.004352749325335026,0.2400963008403778
1047,0.014976327307522297,0.052754007279872894,0.09976211935281754,-0.07165172696113586,2.803952693939209,3.5224929445721425,1347.5316547231723,0.540170431137085,0.36542561650276184,0.09439639747142792,0.12519177794456482,0.003677742788568139,0.318700909614563
1048,0.025936217978596687,0.06426939368247986,0.1240321695804596,0.04518193379044533,2.209761381149292,2.4779786217496644,624.0402276926568,0.8632877469062805,0.09261750429868698,0.044090636074543,0.02907748892903328,0.0017119590193033218,0.815664529800415
1049,0.014506526291370392,0.04209192097187042,0.0808148980140686,-0.12774264812469482,2.7487070560455322,2.9015851295846327,1221.6093437412321,0.5905625820159912,0.32923179864883423,0.08018507063388824,0.13917598128318787,0.004046490881592035,0.3422299027442932
1050,0.015034847892820835,0.05340305715799332,0.10371991991996765,0.024621278047561646,2.931455135345459,3.551951940926613,1510.9970889623582,0.46822959184646606,0.4046954810619354,0.12687642872333527,0.13955143094062805,0.004145672079175711,0.21710310876369476
1051,0.0308951735496521,0.06427976489067078,0.1240321695804596,-0.10846587270498276,2.0237677097320557,2.0805762681761673,608.6706320685015,0.8850150108337402,0.07244151830673218,0.042532917112112045,0.04049874097108841,0.001670846133492887,0.8257275223731995
1052,0.014155209064483643,0.05410928651690483,0.10266323387622833,-0.11091773211956024,2.907055139541626,3.822570635770124,1211.109956263768,0.5979906320571899,0.3173886835575104,0.08461412042379379,0.13798710703849792,0.003485332941636443,0.34625187516212463
1053,0.014536533504724503,0.045553624629974365,0.0889347493648529,-0.013226824812591076,2.7883121967315674,3.1337336794934845,1244.2319185660087,0.5867016911506653,0.3264692425727844,0.08657031506299973,0.13085775077342987,0.0036552336532622576,0.3506769835948944
1054,0.014545000158250332,0.045629777014255524,0.08890551328659058,-0.013605291023850441,2.7905638217926025,3.137145171169757,1242.6612307706403,0.587192177772522,0.32616138458251953,0.08640465885400772,0.13128909468650818,0.0036422263365238905,0.3507145047187805
1055,0.018232591450214386,0.05886635556817055,0.10460156947374344,-0.3667336404323578,2.7235515117645264,3.228633500930541,1029.8732761387682,0.7068454027175903,0.20025473833084106,0.0928836315870285,0.0874287411570549,0.0015487098135054111,0.5809764266014099
1056,0.01496017724275589,0.05074678733944893,0.09470229595899582,-0.11546752601861954,2.8802831172943115,3.3921247397406153,1351.3218143150539,0.5385384559631348,0.371762216091156,0.08957044035196304,0.1259934902191162,0.002952269045636058,0.31585195660591125
1057,0.03015417605638504,0.06431175768375397,0.1240321695804596,-0.13818736374378204,2.125842332839966,2.1327645484779683,627.9068293556976,0.8716574311256409,0.08387364447116852,0.044467587023973465,0.041649557650089264,0.0014548832550644875,0.8109690546989441
1058,0.0306381918489933,0.06437040865421295,0.1240321695804596,-0.13092035055160522,2.0896260738372803,2.1009858861572157,691.5567416511227,0.8507981896400452,0.09274321049451828,0.05645868927240372,0.04045062139630318,0.001051879022270441,0.7910833954811096
1059,0.015850717201828957,0.054594580084085464,0.10646602511405945,-0.08106124401092529,2.930668354034424,3.444297149806048,1455.877219442543,0.47853487730026245,0.4151322841644287,0.10633240640163422,0.1136772409081459,0.003969849552959204,0.24403001368045807
1060,0.030655238777399063,0.0643460750579834,0.12403217703104019,-0.12242543697357178,2.0590763092041016,2.099023776103296,659.4919448399455,0.8620908856391907,0.09100912511348724,0.04689221456646919,0.04004673287272453,0.0006024137255735695,0.8031486868858337
1061,0.014695345424115658,0.05963902547955513,0.11122127622365952,-0.13211721181869507,2.9385831356048584,4.058361593707536,1360.6715442125235,0.5443544387817383,0.36154705286026,0.09407847374677658,0.13089042901992798,0.0030061332508921623,0.31606683135032654
1062,0.01463365089148283,0.06427013874053955,0.11394866555929184,-0.11380099505186081,3.183680295944214,4.391941506104572,1478.5410221533234,0.4721277356147766,0.3993626832962036,0.12843924760818481,0.13923893868923187,0.0028214179910719395,0.22207938134670258
1063,0.015083239413797855,0.05975533276796341,0.11393775045871735,-0.09777572005987167,3.2192981243133545,3.9617041886465505,1499.0224248712518,0.46457934379577637,0.4068814814090729,0.12851589918136597,0.1362805813550949,0.0033353851176798344,0.21990929543972015
1064,0.015862133353948593,0.0592348612844944,0.1066298633813858,-0.21161529421806335,3.0338492393493652,3.734356530675276,1457.974076381601,0.4710937440395355,0.42342936992645264,0.10540663450956345,0.11585744470357895,0.0031150185968726873,0.2440474033355713
1065,0.030845506116747856,0.06426680088043213,0.1240321695804596,-0.1245909258723259,2.0305094718933105,2.08350612355342,624.0283643064,0.8734661340713501,0.08340241014957428,0.04312754049897194,0.03958040848374367,0.0015186233213171363,0.8174746036529541
1066,0.015606441535055637,0.06251262128353119,0.1177050918340683,-0.03598092868924141,3.1960275173187256,4.005565339101036,1553.0088829383099,0.4281551241874695,0.4534895122051239,0.11801671236753464,0.12134409695863724,0.003990321420133114,0.207861989736557
1067,0.02559722028672695,0.06427012383937836,0.1240321695804596,0.0538133941590786,2.269078493118286,2.5108243440868394,634.5945864213679,0.8635187149047852,0.0907786563038826,0.04570263624191284,0.03198352828621864,0.0024747082497924566,0.8086007833480835
1068,0.030809037387371063,0.06435395777225494,0.1240321695804596,-0.10564880073070526,2.061270236968994,2.0888013137517074,623.5691668975041,0.8790037035942078,0.07434161007404327,0.04665325582027435,0.038945116102695465,0.0014230265514925122,0.8140494227409363
1069,0.025709379464387894,0.06427812576293945,0.1240321695804596,0.04562069848179817,2.227247953414917,2.5001819219120405,625.1655738656118,0.8655186295509338,0.08804399520158768,0.04643654450774193,0.030077284201979637,0.0010259844129905105,0.8154408931732178
1070,0.0254514217376709,0.06428423523902893,0.1240321695804596,0.076268769800663,2.2147066593170166,2.5257620536520147,625.341008939249,0.8672638535499573,0.08664267510175705,0.0460931658744812,0.029267193749547005,0.0016895217122510076,0.8121450543403625
1071,0.030660808086395264,0.06427223235368729,0.1240321695804596,-0.12618055939674377,2.0504889488220215,2.096234129592617,628.3005862766305,0.8738992214202881,0.0825536698102951,0.043545935302972794,0.04104834794998169,0.0011511316988617182,0.8085066676139832
1072,0.01406337320804596,0.05186549574136734,0.10088740289211273,-0.1336710900068283,2.8788371086120605,3.687984025625231,1199.0275068052167,0.6070400476455688,0.3017737865447998,0.09118110686540604,0.14448188245296478,0.0038562945555895567,0.334029883146286
1073,0.03042326308786869,0.06428037583827972,0.1240321695804596,-0.1351488083600998,2.063469886779785,2.11286920967392,630.8062482039086,0.8752503991127014,0.07883339375257492,0.045910950750112534,0.042359162122011185,0.0014039244269952178,0.8129153847694397
1074,0.025346659123897552,0.06426561623811722,0.1240321695804596,0.088584765791893,2.278282880783081,2.5354669395064495,640.3664683346828,0.8562571406364441,0.10094355046749115,0.042794980108737946,0.03066318854689598,0.001498442143201828,0.8031648397445679
1075,0.030515609309077263,0.06433793902397156,0.1240321695804596,-0.13544200360774994,2.0152461528778076,2.1083616050466687,589.4953646310594,0.8928462266921997,0.06740152835845947,0.039748288691043854,0.042767979204654694,0.0008071159245446324,0.8317002654075623
1076,0.01498758140951395,0.04784313216805458,0.09565766155719757,0.005104695912450552,2.8782601356506348,3.192184973520284,1380.0520258253114,0.5240449905395508,0.3491646647453308,0.12669876217842102,0.12967461347579956,0.0036600653547793627,0.26312366127967834
1077,0.015596133656799793,0.060195378959178925,0.11884187161922455,-0.033376991748809814,3.043823003768921,3.859634719729051,1573.0883032095198,0.4098034203052521,0.4736626446247101,0.11650822311639786,0.1286744326353073,0.003399351378902793,0.19449840486049652
1078,0.01766841858625412,0.058094341307878494,0.1116621121764183,-0.2636585831642151,2.6517930030822754,3.2880328831346213,1004.667890809025,0.7168123722076416,0.1890052706003189,0.09417463839054108,0.09066710621118546,0.0013572736643254757,0.5899638533592224
1079,0.025575485080480576,0.06337843835353851,0.12314574420452118,0.06682521849870682,2.2126519680023193,2.47809330503887,605.5439882302913,0.875756561756134,0.0822368711233139,0.042006414383649826,0.02858000062406063,0.0023902456741780043,0.8226523399353027
1080,0.030009081587195396,0.06430170685052872,0.12403217703104019,-0.1358306109905243,2.0829591751098633,2.1427415784634656,603.0976962121463,0.8915563821792603,0.06293202191591263,0.04551088437438011,0.04176275432109833,0.0012526565697044134,0.8266240358352661
1081,0.030134957283735275,0.06432976573705673,0.1240321695804596,-0.11484422534704208,2.0393903255462646,2.1347223136646916,609.8210938613396,0.8806678652763367,0.07641252875328064,0.04290587827563286,0.04234323650598526,0.0011813773307949305,0.8132708072662354
1082,0.025451043620705605,0.06427868455648422,0.12403217703104019,0.05390295758843422,2.215188503265381,2.5255814854548815,620.4168558904569,0.8686740398406982,0.08605720102787018,0.04526630789041519,0.030325325205922127,0.0018198925536125898,0.8142812848091125
1083,0.025565044954419136,0.06403682380914688,0.12380143254995346,0.04055175557732582,2.2679309844970703,2.5048586427606776,640.9294175489053,0.8636361956596375,0.08861373364925385,0.047749798744916916,0.030448874458670616,0.0011424766853451729,0.8141703605651855
1084,0.015049399808049202,0.05594262480735779,0.11007902026176453,-0.13510987162590027,3.0490007400512695,3.717266171220961,1429.963228802512,0.5021811127662659,0.39317476749420166,0.10463583469390869,0.12820793688297272,0.00404537096619606,0.2545044720172882
1085,0.03040560893714428,0.0643039345741272,0.1240321695804596,-0.13351497054100037,2.0542893409729004,2.114870802454378,632.7464331562178,0.8763604760169983,0.0744788646697998,0.04915976896882057,0.04432553052902222,0.001119223772548139,0.8110837936401367
1086,0.01497664675116539,0.050835464149713516,0.09834137558937073,-0.08459979295730591,2.902205467224121,3.3943154960481055,1380.8954205429097,0.5357372760772705,0.3623415231704712,0.10184947401285172,0.12350326776504517,0.00270526809617877,0.3123951852321625
1087,0.031775426119565964,0.0643564835190773,0.1240321695804596,-0.09723014384508133,2.012268543243408,2.025353909492466,654.1149903164112,0.8633922338485718,0.08698377758264542,0.04962313547730446,0.0378657765686512,0.0006018253625370562,0.8075277209281921
1088,0.03136080130934715,0.0643484815955162,0.12403217703104019,-0.10813338309526443,2.045301675796509,2.0518761927899187,631.4235504968485,0.8682662844657898,0.08561033755540848,0.04611773416399956,0.03928105905652046,0.0008724117651581764,0.806479275226593
1089,0.03079228848218918,0.06429660320281982,0.1240321695804596,-0.1210252046585083,2.0362775325775146,2.0880748515305085,628.3583031238802,0.8775668144226074,0.0758945494890213,0.04653610289096832,0.04390275850892067,0.0015743622789159417,0.810934841632843
1090,0.026181425899267197,0.06428419053554535,0.1240321695804596,0.06223186105489731,2.2499160766601562,2.455335732302086,643.1232835089774,0.8596898913383484,0.09233906120061874,0.04797084257006645,0.02847088873386383,0.0013955786125734448,0.8124610781669617
1091,0.014653895050287247,0.04987948387861252,0.09688962996006012,-0.07908011972904205,3.0225603580474854,3.403837935514008,1456.0063132373214,0.4857112765312195,0.3894211947917938,0.12486743181943893,0.13698650896549225,0.003668955061584711,0.24750462174415588
1092,0.03069942817091942,0.06431763619184494,0.1240321695804596,-0.1282166689634323,2.051058769226074,2.0950760330668277,632.0388036773007,0.8759253025054932,0.07629133015871048,0.047781046479940414,0.04144999012351036,0.0010733490344136953,0.8176637887954712
1093,0.030718008056282997,0.0643596351146698,0.1240321695804596,-0.12505026161670685,2.0109472274780273,2.0951760607215104,624.0046524188772,0.8728058338165283,0.08260250091552734,0.044590990990400314,0.04140383005142212,0.0009767961455509067,0.8128363490104675
1094,0.02514922432601452,0.059781771153211594,0.11953985691070557,0.0833294466137886,2.183250904083252,2.3770821070213235,625.8912649091686,0.8668854832649231,0.08817493915557861,0.044939324259757996,0.03180103749036789,0.0011929309694096446,0.8085939288139343
1095,0.014911671169102192,0.049294352531433105,0.09726689010858536,-0.1338954120874405,2.8263325691223145,3.3057564084613116,1406.8931634105809,0.5183555483818054,0.38117343187332153,0.10047075897455215,0.12354759126901627,0.003423949470743537,0.2945247292518616
1096,0.014896666631102562,0.04565618932247162,0.08684459328651428,-0.14078307151794434,2.7391529083251953,3.064859438022314,1333.9521423905292,0.5474808216094971,0.3690943121910095,0.08340831100940704,0.12897391617298126,0.002180754207074642,0.3254268765449524
1097,0.01472009439021349,0.06427095830440521,0.1107318103313446,-0.21026311814785004,3.2637953758239746,4.366205582402306,1494.164592212694,0.46856221556663513,0.4116128087043762,0.11972107738256454,0.14251461625099182,0.003967678640037775,0.22318695485591888
1098,0.014453859068453312,0.0535433292388916,0.09132686257362366,-0.18619762361049652,2.7732338905334473,3.7044313896798475,1282.4757363284516,0.5577400326728821,0.3527178168296814,0.08951658755540848,0.13269931077957153,0.0035080553498119116,0.316291481256485
1099,0.014688193798065186,0.05564926564693451,0.10665929317474365,-0.08668767660856247,3.0884146690368652,3.78870720309234,1336.8641916992096,0.5470580458641052,0.3447065055370331,0.10809191316366196,0.12733721733093262,0.003164090448990464,0.31662625074386597
1100,0.030660130083560944,0.06430435180664062,0.1240321695804596,-0.1285540759563446,2.0552384853363037,2.097328081429811,642.1442745582551,0.8678992986679077,0.08809476345777512,0.043999530375003815,0.04051144793629646,0.0013367703650146723,0.8106915354728699
1101,0.014827989041805267,0.06327096372842789,0.11403922736644745,-0.0946592390537262,3.250145673751831,4.266995581516684,1446.208943129761,0.47667598724365234,0.4095908999443054,0.11371339857578278,0.1352510005235672,0.004864848684519529,0.22622208297252655
1102,0.018176088109612465,0.060945358127355576,0.11704664677381516,-0.22526311874389648,2.771552801132202,3.3530514242925262,1097.2357347447273,0.6800102591514587,0.2102958858013153,0.10968396067619324,0.08464855700731277,0.0021166487131267786,0.554524838924408
1103,0.0142512246966362,0.051620353013277054,0.09872578084468842,-0.1520155668258667,2.885145425796509,3.622169610576636,1251.957633468389,0.584661066532135,0.3065299093723297,0.10848160088062286,0.1391052007675171,0.003841147990897298,0.3387410044670105
1104,0.014944178983569145,0.05976281315088272,0.11840388178825378,-0.05743961036205292,3.1019346714019775,3.999069685433491,1471.4798469273317,0.48731738328933716,0.37375444173812866,0.13866262137889862,0.1353292614221573,0.004856473300606012,0.22571782767772675
1105,0.015473592095077038,0.05401526764035225,0.09976936876773834,-0.030246462672948837,2.901801347732544,3.4908033832717185,1508.9325954637013,0.44489890336990356,0.4480275809764862,0.10707280039787292,0.12769600749015808,0.003651251783594489,0.21530866622924805
1106,0.018433809280395508,0.0642823576927185,0.12403217703104019,-0.3157007396221161,2.790492296218872,3.4871988047308307,1094.6456288604966,0.6749378442764282,0.22283196449279785,0.10218078643083572,0.08298080414533615,0.001542881946079433,0.5598351955413818
1107,0.01539754681289196,0.06426960229873657,0.11430931836366653,-0.13576817512512207,3.127722978591919,4.174015710135806,1562.2251439911415,0.42210039496421814,0.46762701869010925,0.1102723553776741,0.12451910972595215,0.0033924763556569815,0.21035440266132355
1108,0.02528216317296028,0.06427209824323654,0.12403217703104019,0.06557680666446686,2.2431905269622803,2.5421914177594775,605.3692018171789,0.8792158365249634,0.0765506848692894,0.04423229768872261,0.028643138706684113,0.001976302359253168,0.82328200340271
1109,0.017754755914211273,0.06185756251215935,0.11272484064102173,-0.3652171790599823,2.7516324520111084,3.483999600307841,1076.230270334185,0.6966126561164856,0.19017089903354645,0.11319441348314285,0.08961884677410126,0.0017695159185677767,0.5715488195419312
1110,0.03075183928012848,0.0643422082066536,0.1240321695804596,-0.11963243782520294,2.053511142730713,2.092304386038417,636.9046364131062,0.8663588166236877,0.09029728919267654,0.04334380850195885,0.04372251033782959,0.0015383840072900057,0.7967126369476318
1111,0.015403988771140575,0.05611521750688553,0.10413955897092819,-0.1334259808063507,2.9752206802368164,3.642901740383937,1494.6118572003236,0.4605300724506378,0.4119475185871124,0.1274718940258026,0.1319144070148468,0.0032893200404942036,0.21764852106571198
1112,0.03079778514802456,0.06432805210351944,0.1240321695804596,-0.14665144681930542,2.03289532661438,2.088723321896311,638.3969303977673,0.8757399916648865,0.07398469001054764,0.05027104541659355,0.038790274411439896,0.001163387205451727,0.8159484267234802
1113,0.026743873953819275,0.06425643712282181,0.12403217703104019,0.05255574733018875,2.282456398010254,2.402660034644784,620.3434367973881,0.8720480799674988,0.08469124883413315,0.04325999319553375,0.029693851247429848,0.0013658232055604458,0.8206342458724976
1114,0.017788531258702278,0.05991185083985329,0.1180637925863266,-0.3400111496448517,2.913212537765503,3.3680043599538876,1129.3946017081753,0.6861560940742493,0.19437947869300842,0.11945842951536179,0.09144964814186096,0.0010558838257566094,0.559262216091156
1115,0.01574655994772911,0.06390455365180969,0.11638574302196503,-0.17320570349693298,3.0647647380828857,4.058318379371958,1515.634737889072,0.47600436210632324,0.39837390184402466,0.12549379467964172,0.11613375693559647,0.0031034229323267937,0.24224504828453064
1116,0.018279295414686203,0.06428778916597366,0.1152472048997879,-0.29626044631004333,2.6855814456939697,3.5169730399348826,1086.980220090689,0.7056148052215576,0.17926184833049774,0.11506599932909012,0.08685854077339172,0.0014951344346627593,0.577415943145752
1117,0.025896254926919937,0.0642872154712677,0.1240321695804596,0.07112279534339905,2.224386215209961,2.4824908331419273,615.1006812910939,0.8672618865966797,0.09174367040395737,0.040993332862854004,0.0285173486918211,0.0015852934448048472,0.8140352964401245
1118,0.026430273428559303,0.06426720321178436,0.1240321695804596,0.04581470414996147,2.2389330863952637,2.431575419870938,632.0515555687897,0.8622340559959412,0.09288333356380463,0.044882308691740036,0.03040435165166855,0.001286773127503693,0.8064481019973755
1119,0.014978877268731594,0.054046906530857086,0.09939443320035934,-0.12502287328243256,3.032933235168457,3.608208115842687,1402.8415623246533,0.5061196088790894,0.37589123845100403,0.11797638237476349,0.12759239971637726,0.004034257493913174,0.26313114166259766
1120,0.030444858595728874,0.0643281564116478,0.1240321695804596,-0.12828563153743744,2.0587337017059326,2.1129398977914615,632.4288857479033,0.8724066615104675,0.08200068771839142,0.045592185109853745,0.04044241085648537,0.0012398697435855865,0.8152221441268921
1121,0.014679396525025368,0.05767962709069252,0.11327078938484192,-0.06499213725328445,3.0319461822509766,3.9292914384069717,1328.1844652967438,0.5449745655059814,0.37330591678619385,0.08109039813280106,0.1289505511522293,0.0031221096869558096,0.32076722383499146
1122,0.014946282841265202,0.059763047844171524,0.11842572689056396,-0.0561562217772007,3.104240655899048,3.998522473773423,1472.2963058527976,0.48701244592666626,0.3739908039569855,0.1387360394001007,0.13548779487609863,0.0048621222376823425,0.22546711564064026
1123,0.015320215374231339,0.05716804042458534,0.10818155854940414,-0.15389160811901093,2.9170682430267334,3.7315428683209415,1483.1004777200756,0.4530102610588074,0.42557263374328613,0.12141454219818115,0.13089808821678162,0.0042047034949064255,0.22085045278072357
1124,0.014692824333906174,0.047283824533224106,0.09103058278560638,-0.07569097727537155,2.7141966819763184,3.218157615952063,1329.6840648511322,0.5549787878990173,0.34575316309928894,0.09922625124454498,0.13278762996196747,0.005475447978824377,0.27424511313438416
1125,0.01474863849580288,0.05562982335686684,0.10207739472389221,-0.19452160596847534,3.159477949142456,3.7718616107463703,1486.5122414928662,0.4659256339073181,0.4279673993587494,0.10606355220079422,0.14032314717769623,0.004269637633115053,0.21797674894332886
1126,0.03022461198270321,0.06432519853115082,0.1240321695804596,-0.11782033741474152,2.059800863265991,2.12823901811657,627.9899770640387,0.8732344508171082,0.08270426094532013,0.044054821133613586,0.04252369701862335,0.0009224078385159373,0.8130813241004944
1127,0.024837873876094818,0.0642625242471695,0.12403217703104019,0.05203877389431,2.271087646484375,2.5872795942663838,640.3203228582287,0.8612779974937439,0.09200507402420044,0.046713802963495255,0.030670104548335075,0.0018775955541059375,0.8077263236045837
1128,0.015043171122670174,0.05887143686413765,0.11632272601127625,-0.07699961215257645,3.202312707901001,3.913499113993621,1530.2349106978272,0.4559135138988495,0.41570085287094116,0.12824833393096924,0.1308050900697708,0.004357024561613798,0.2163386046886444
1129,0.014739985577762127,0.052662353962659836,0.09920598566532135,-0.07071762531995773,2.862898826599121,3.57275478196787,1508.1624332162112,0.4762321412563324,0.3871147930622101,0.13619862496852875,0.13430824875831604,0.0037650105077773333,0.23537883162498474
1130,0.03045208379626274,0.06429842114448547,0.12403217703104019,-0.1238272413611412,2.0513858795166016,2.111462111182851,635.111629730998,0.871551513671875,0.08264090120792389,0.045802708715200424,0.043387845158576965,0.0012462054146453738,0.807986855506897
1131,0.015086445026099682,0.05585567280650139,0.10483238846063614,-0.13702449202537537,2.9245572090148926,3.7023747281860113,1420.2950406658017,0.5202955007553101,0.35122910141944885,0.1284508854150772,0.12704379856586456,0.003976862411946058,0.26383647322654724
1132,0.0151449553668499,0.060837432742118835,0.11716373264789581,-0.13204984366893768,3.287318706512451,4.017009708147843,1394.6573201121673,0.5247251391410828,0.37173470854759216,0.10345897078514099,0.12452995032072067,0.004497856833040714,0.26558172702789307
1133,0.015481095761060715,0.052748166024684906,0.10485145449638367,-0.09857281297445297,2.757553815841675,3.4072630797849612,1425.0519330017564,0.5025936961174011,0.37291350960731506,0.12448158860206604,0.12389432638883591,0.005024485755711794,0.2461489886045456
1134,0.014485862106084824,0.0489175021648407,0.09428207576274872,-0.0661604106426239,2.997629165649414,3.3769134210462948,1429.3341445913525,0.5080169439315796,0.3615429699420929,0.13043265044689178,0.1450021117925644,0.00550437206402421,0.24371404945850372
1135,0.030414802953600883,0.06433673948049545,0.12403217703104019,-0.12081268429756165,2.061816453933716,2.11531008688528,628.1542335082229,0.8734719753265381,0.08282039314508438,0.04370426386594772,0.041450828313827515,0.0009549568057991564,0.8157871961593628
1136,0.030714238062500954,0.0643593966960907,0.12403217703104019,-0.12524175643920898,2.011044502258301,2.0954254688991205,623.7860729439986,0.8728452324867249,0.08262861520051956,0.04452567547559738,0.04140934720635414,0.0009733506594784558,0.8128475546836853
1137,0.014886855147778988,0.05693863704800606,0.10138145089149475,-0.06616470962762833,2.8370118141174316,3.8247592576781493,1358.4385522417972,0.5276992321014404,0.38479554653167725,0.08718261122703552,0.1277201920747757,0.0020215471740812063,0.29873865842819214
1138,0.015285616740584373,0.06074681133031845,0.10830239951610565,-0.1833670437335968,3.0443389415740967,3.9741158212515777,1462.3807700457064,0.4950970709323883,0.3783438801765442,0.12651263177394867,0.12468349188566208,0.004561845678836107,0.24649198353290558
1139,0.015192972496151924,0.05127687752246857,0.0996222048997879,-0.04018241539597511,2.8036770820617676,3.3750391855235,1386.1158183429723,0.5152153968811035,0.3763522505760193,0.1084078773856163,0.13001073896884918,0.0043563819490373135,0.2500399649143219
1140,0.03076465055346489,0.06432335078716278,0.1240321695804596,-0.11727084964513779,2.0869083404541016,2.0908201337533963,600.127079471481,0.886963427066803,0.07005378603935242,0.04297982156276703,0.041970398277044296,0.0007302358280867338,0.8229532241821289
1141,0.015189852565526962,0.061760131269693375,0.1108422726392746,-0.2116304337978363,3.0355186462402344,4.065880889837651,1398.6953442409977,0.5306757688522339,0.3264634907245636,0.14267908036708832,0.12864233553409576,0.003286690916866064,0.2586975395679474
1142,0.031238028779625893,0.06427095085382462,0.1240321695804596,-0.09766704589128494,1.9816815853118896,2.057458596545184,660.4300245327456,0.8726878762245178,0.07257960736751556,0.05473192408680916,0.040676217526197433,0.0009175795712508261,0.816518247127533
1143,0.029863176867365837,0.06435937434434891,0.1240321695804596,-0.10971773415803909,2.1430654525756836,2.1551415855064304,608.8277752878073,0.8802147507667542,0.07705318927764893,0.04273196682333946,0.042636994272470474,0.0009999340400099754,0.8177033066749573
1144,0.015058568678796291,0.056844066828489304,0.10479042679071426,-0.1327524334192276,3.082470417022705,3.7748651971654903,1419.7945149427105,0.5240905284881592,0.3404446542263031,0.13546428084373474,0.12773250043392181,0.004341571591794491,0.2660698890686035
1145,0.014431754127144814,0.047729235142469406,0.09278857707977295,-0.13338308036327362,2.9219589233398438,3.307237271274448,1220.5233349920136,0.5726748704910278,0.350450336933136,0.07685640454292297,0.1359906792640686,0.0031306324526667595,0.3438144028186798
1146,0.015532253310084343,0.058635108172893524,0.1081346720457077,-0.0794157087802887,2.662801742553711,3.775054848677334,1478.8740542012524,0.48817408084869385,0.37113282084465027,0.14066359400749207,0.12199543416500092,0.003344918368384242,0.2444940209388733
1147,0.0253152959048748,0.0642847791314125,0.1240321695804596,0.08207318186759949,2.22560453414917,2.539365108368899,597.8936025839685,0.8751822710037231,0.08707915991544724,0.03773849830031395,0.03121723048388958,0.001944726682268083,0.8233219385147095
1148,0.030175194144248962,0.06429130584001541,0.12403217703104019,-0.12846897542476654,2.020860195159912,2.13060123260675,598.2253537324381,0.8878517746925354,0.06923358142375946,0.04290938377380371,0.04530707001686096,0.0016831420361995697,0.8180225491523743
1149,0.01507112942636013,0.054844439029693604,0.10431845486164093,0.00898334477096796,2.9501638412475586,3.639039747753012,1557.9912641521578,0.4390639364719391,0.43231332302093506,0.12861748039722443,0.1295027732849121,0.0037283236160874367,0.21088320016860962
1150,0.02618981897830963,0.06428304314613342,0.12403217703104019,0.06185536831617355,2.250214099884033,2.4545050577446923,643.2359267531311,0.8596410155296326,0.09237723052501678,0.04798142611980438,0.028564326465129852,0.0013989231083542109,0.812294602394104
1151,0.014951324090361595,0.05243288725614548,0.09363626688718796,-0.0961204320192337,2.774878740310669,3.5069059392833006,1397.1104137600948,0.5073449015617371,0.38646242022514343,0.1061742752790451,0.12849538028240204,0.0043532997369766235,0.2635267376899719
1152,0.025867538526654243,0.06427252292633057,0.1240321695804596,0.06851042062044144,2.2331862449645996,2.484678735768332,673.8871712728728,0.8394757509231567,0.11264064162969589,0.047878097742795944,0.029613209888339043,0.0012296471977606416,0.7894529104232788
1153,0.017797203734517097,0.059955962002277374,0.11807405948638916,-0.3425922691822052,2.9139444828033447,3.368841695205517,1127.6005407187213,0.6868663430213928,0.19392864406108856,0.1191982626914978,0.09180427342653275,0.0010558461071923375,0.5594764351844788
1154,0.030344022437930107,0.06435399502515793,0.12403217703104019,-0.12763865292072296,2.0364134311676025,2.1208129263243114,594.5458063440178,0.8892124891281128,0.06703121215105057,0.04374723508954048,0.0394117534160614,0.0012364774011075497,0.8225700855255127
1155,0.025897929444909096,0.06426952034235,0.12403217703104019,0.04729628562927246,2.184436798095703,2.4816470550892706,619.5363416092209,0.8680886030197144,0.08951883763074875,0.04239256680011749,0.03100624494254589,0.002131345449015498,0.8149588108062744
1156,0.015624810010194778,0.058145515620708466,0.10983091592788696,-0.07190226763486862,3.019284725189209,3.7213582487754207,1469.3134830681415,0.49327582120895386,0.3853972852230072,0.12130356580018997,0.12032780796289444,0.004042414482682943,0.24505746364593506
1157,0.014030473306775093,0.043839145451784134,0.08657947927713394,-0.09749887138605118,2.65976619720459,3.124566398447181,1193.5357581775,0.6089311242103577,0.30805936455726624,0.08288716524839401,0.14179208874702454,0.002003822475671768,0.35956987738609314
1158,0.014596603810787201,0.05836397781968117,0.10299181938171387,-0.19104281067848206,3.1526808738708496,3.9984628323302496,1515.3176454673735,0.47337526082992554,0.40398821234703064,0.1226344183087349,0.14490185678005219,0.004127053078263998,0.23067356646060944
1159,0.01533533725887537,0.04955965280532837,0.09540362656116486,-0.03532455861568451,2.752002716064453,3.2317289124772164,1417.401326549007,0.5104171633720398,0.3872835636138916,0.10227349400520325,0.12424342334270477,0.0034146022517234087,0.2576445937156677
1160,0.025362668558955193,0.06426805257797241,0.12403217703104019,0.05787723883986473,2.2285315990448,2.5339625609997705,596.7460994153575,0.8823877573013306,0.07697470486164093,0.04063626751303673,0.028763698413968086,0.0017626112094148993,0.8311923146247864
1161,0.018434682860970497,0.06428990513086319,0.11343824863433838,-0.3398451805114746,2.8265767097473145,3.48744296889907,1112.9714033582995,0.6900268197059631,0.1956598311662674,0.11428119987249374,0.08664550632238388,0.0017061978578567505,0.5614084005355835
1162,0.014828798361122608,0.06314536184072495,0.1138482317328453,-0.09322727471590042,3.247530221939087,4.258292566848704,1445.013863295988,0.4771406054496765,0.40933969616889954,0.11350227147340775,0.1356758028268814,0.004867056384682655,0.22661623358726501
1163,0.014481212943792343,0.05166449770331383,0.10268606245517731,-0.10371682047843933,2.981029510498047,3.567691318419093,1186.2882686785797,0.6031659245491028,0.31912755966186523,0.07768640667200089,0.13212686777114868,0.0030373043846338987,0.3552905321121216
1164,0.02590487338602543,0.06427799165248871,0.1240321695804596,0.03406830132007599,2.2557220458984375,2.4813088522826994,658.7903323467618,0.8482117652893066,0.10275004804134369,0.04903716966509819,0.029664738103747368,0.001013078959658742,0.7979077100753784
1165,0.015027748420834541,0.050939880311489105,0.0955226719379425,-0.15466660261154175,2.8484160900115967,3.3897213928252947,1577.998880685918,0.45008060336112976,0.3868139684200287,0.16309410333633423,0.13078156113624573,0.0040480587631464005,0.22142577171325684
1166,0.030097074806690216,0.06430383026599884,0.1240321695804596,-0.1067616418004036,2.0870423316955566,2.1365475109085463,648.9973921035253,0.8686529397964478,0.08122250437736511,0.05012447014451027,0.042085692286491394,0.0012476597912609577,0.8084831237792969
1167,0.030867494642734528,0.06432357430458069,0.1240321695804596,-0.1128310114145279,2.0210161209106445,2.083861195959973,644.631190601323,0.87103670835495,0.07903659343719482,0.049921613186597824,0.041383154690265656,0.0007512009469792247,0.8084221482276917
1168,0.01448756456375122,0.05475527048110962,0.10410070419311523,-0.08159784227609634,2.8741679191589355,3.7794668825380913,1243.0110779203562,0.5766691565513611,0.34904447197914124,0.07420266419649124,0.13631699979305267,0.0024066974874585867,0.339536190032959
1169,0.014609047211706638,0.04994998127222061,0.09819451719522476,-0.06836505979299545,2.7894086837768555,3.4191128651275204,1452.8325973858139,0.4898513853549957,0.38234370946884155,0.127768874168396,0.14770019054412842,0.00462144473567605,0.23393724858760834
1170,0.014764062128961086,0.05731751769781113,0.11242339015007019,-0.14781348407268524,3.2543652057647705,3.88223221991834,1552.5093876743929,0.4590473473072052,0.3939676284790039,0.14697401225566864,0.13716423511505127,0.004518130328506231,0.22291137278079987
1171,0.014329482801258564,0.05136233940720558,0.09747062623500824,-0.07870346307754517,2.979572296142578,3.584381942878638,1459.6415077082677,0.47692182660102844,0.4077276289463043,0.11528673022985458,0.14100733399391174,0.004781746305525303,0.23857516050338745
1172,0.025816498324275017,0.06427424401044846,0.12403217703104019,0.0689447671175003,2.2442421913146973,2.4896577065032215,662.9072557763545,0.8481013178825378,0.10161427408456802,0.05027905851602554,0.030778219923377037,0.0010558688081800938,0.7980738878250122
1173,0.029929250478744507,0.06429228186607361,0.1240321695804596,-0.0987488403916359,2.08709716796875,2.1481420628821057,657.4354643911481,0.8611827492713928,0.08683829754590988,0.051974162459373474,0.04427430033683777,0.0010858775349333882,0.7939971685409546
1174,0.015306803397834301,0.05623306706547737,0.10443100333213806,-0.008387570269405842,3.0608131885528564,3.6737302753728343,1583.7495312992498,0.43364056944847107,0.42678096890449524,0.13951535522937775,0.12413333356380463,0.0039107282646000385,0.21316207945346832
1175,0.025653358548879623,0.06429470330476761,0.1240321695804596,0.0605306476354599,2.2182202339172363,2.506287945874803,628.2135699757686,0.8701068758964539,0.08112578839063644,0.04876727983355522,0.03095465898513794,0.0013370290398597717,0.8167068362236023
1176,0.014349952340126038,0.05395806208252907,0.10275720804929733,-0.09008324891328812,2.876739501953125,3.7601561872710016,1251.1513166852203,0.5874654054641724,0.32511255145072937,0.08741219341754913,0.13501448929309845,0.003217817284166813,0.3396044969558716
1177,0.017951970919966698,0.06429404020309448,0.11502288281917572,-0.3280264139175415,2.7756731510162354,3.5814474347216865,1122.6535530256049,0.6870294213294983,0.1934467852115631,0.11951950937509537,0.08884786069393158,0.0014790321001783013,0.5612378120422363
1178,0.015430079773068428,0.05975273251533508,0.11428950726985931,0.02813112549483776,2.988068103790283,3.872483706516843,1445.2753429535023,0.4969486892223358,0.3905930817127228,0.1124119684100151,0.12297701090574265,0.004526558332145214,0.2561746835708618
1179,0.01474041398614645,0.055518876761198044,0.10295215249061584,-0.02300524152815342,3.010808229446411,3.7664394507243935,1454.6288977054005,0.47999948263168335,0.39640337228775024,0.12357643991708755,0.1389157772064209,0.00404109712690115,0.23066949844360352
1180,0.015044177882373333,0.0529865026473999,0.10388225317001343,-0.14180684089660645,2.9632928371429443,3.5220603650240023,1350.7820192595311,0.5204251408576965,0.3968558609485626,0.08266792446374893,0.12563271820545197,0.0023004452232271433,0.310578852891922
1181,0.015366881154477596,0.04912961646914482,0.09539969265460968,-0.10712705552577972,2.863227367401123,3.197110459309587,1506.600374756676,0.4579896032810211,0.427514910697937,0.11435391008853912,0.12623265385627747,0.0037985541857779026,0.21266797184944153
1182,0.026020638644695282,0.06426617503166199,0.1240321695804596,0.057569414377212524,2.2120041847229004,2.469815437919463,640.2146297937163,0.8551073670387268,0.10369347780942917,0.041194718331098557,0.02930663526058197,0.001063798787072301,0.8056791424751282
1183,0.025963881984353065,0.06426892429590225,0.1240321695804596,0.05655938386917114,2.2680208683013916,2.4753203058062776,656.8083817840036,0.8586846590042114,0.08939807116985321,0.051917288452386856,0.030275078490376472,0.0015470688231289387,0.8087103962898254
1184,0.015459051355719566,0.053159620612859726,0.1022619679570198,-0.038327332586050034,2.8476362228393555,3.4387375645629703,1370.851934089072,0.5160804986953735,0.4009215831756592,0.08291250467300415,0.11496508121490479,0.0024691070429980755,0.306999534368515
1185,0.031073471531271935,0.06432998180389404,0.1240321695804596,-0.11455243825912476,2.0226283073425293,2.0702540988084626,616.2051882736338,0.8800345659255981,0.07554657757282257,0.04441552236676216,0.03912271186709404,0.0009570314432494342,0.8251668810844421
1186,0.015449950471520424,0.06310994923114777,0.1095636785030365,-0.06126580014824867,3.0394866466522217,4.084799452489917,1476.2987120702114,0.4429842531681061,0.44866877794265747,0.10833415389060974,0.1267252266407013,0.004139882978051901,0.21692588925361633
1187,0.018188681453466415,0.06051364913582802,0.10771605372428894,-0.2913651168346405,2.6436350345611572,3.3269948284771504,1042.266240500293,0.7031466960906982,0.19570392370224,0.10113418847322464,0.0898539125919342,0.002430160064250231,0.5654558539390564
1188,0.030618024989962578,0.0643131285905838,0.1240321695804596,-0.1377912014722824,2.0788254737854004,2.1004989253737594,616.4247838660905,0.8786814212799072,0.07710624486207962,0.04421015456318855,0.03977839648723602,0.0018970562377944589,0.813995361328125
1189,0.014618026092648506,0.04687235876917839,0.09040044248104095,-0.13385982811450958,2.787635087966919,3.20647661106203,1394.560993894188,0.5212699770927429,0.35645708441734314,0.12215986847877502,0.13677918910980225,0.005988898687064648,0.2619500458240509
1190,0.03072391077876091,0.06431610882282257,0.1240321695804596,-0.10356555134057999,2.044672727584839,2.0933568413169006,657.3491575079692,0.8623072504997253,0.08729944378137589,0.05038485303521156,0.040877826511859894,0.0012866705656051636,0.7987110614776611
1191,0.02581302635371685,0.06378822773694992,0.12353815138339996,0.03378545492887497,2.2468457221984863,2.4711642432152794,639.5063844955423,0.8589237928390503,0.09721897542476654,0.04385438933968544,0.028817560523748398,0.0016847281949594617,0.8097565174102783
1192,0.01484425738453865,0.054050832986831665,0.09998895227909088,-0.1365213841199875,2.941028356552124,3.6411948124456703,1464.795978821728,0.4591433107852936,0.42589449882507324,0.11494425684213638,0.1336580365896225,0.003468829672783613,0.2035798579454422
1193,0.01789320632815361,0.055755797773599625,0.10738098621368408,-0.27367067337036133,2.7222845554351807,3.1160316797306504,1138.4296822873675,0.6896921992301941,0.18239054083824158,0.12791471183300018,0.09053318202495575,0.0015929385554045439,0.5635356903076172
1194,0.026132669299840927,0.06427034735679626,0.1240321695804596,0.043402306735515594,2.291066884994507,2.459387007768399,657.9054609925872,0.8527669906616211,0.09566762298345566,0.05156495422124863,0.02978072687983513,0.001471636351197958,0.80234694480896
1195,0.030273420736193657,0.06435465067625046,0.1240321695804596,-0.11910518258810043,2.0857629776000977,2.125780605862783,628.5128820630343,0.8702988028526306,0.08676821738481522,0.04292631521821022,0.04337209835648537,0.0012651719152927399,0.8035092353820801
1196,0.01807849481701851,0.06209808215498924,0.11072970181703568,-0.3517322540283203,2.8129477500915527,3.4349143985757715,1117.5269834145492,0.6733061671257019,0.20710738003253937,0.11948958039283752,0.08857949078083038,0.0013990094885230064,0.5506911277770996
1197,0.025068558752536774,0.06371470540761948,0.12345808744430542,0.09354396164417267,2.224238872528076,2.54161820924908,636.102539617355,0.8625915050506592,0.09225234389305115,0.04515364021062851,0.03262012079358101,0.001594827394001186,0.8063252568244934
1198,0.030926328152418137,0.06433038413524628,0.1240321695804596,-0.13816824555397034,2.0978362560272217,2.0801171033340458,630.5724922582581,0.8726458549499512,0.08323463052511215,0.044107865542173386,0.04110308736562729,0.0013124793767929077,0.8114525675773621
1199,0.015295885503292084,0.05046163871884346,0.09882774949073792,-0.03500521928071976,2.7947824001312256,3.2990335018318313,1418.7086568088296,0.5115927457809448,0.3554988205432892,0.13281169533729553,0.12891055643558502,0.0036750459112226963,0.25138843059539795
1200,0.01788502372801304,0.06105411425232887,0.11088237166404724,-0.3105381429195404,2.651437282562256,3.4137004891576996,1079.6046555789785,0.6959642767906189,0.19446802139282227,0.10955414921045303,0.09393107146024704,0.002312618773430586,0.5653586387634277
1201,0.017990058287978172,0.05633789300918579,0.10939295589923859,-0.29936131834983826,2.7696304321289062,3.1316125886986086,1104.7711737714085,0.7005791664123535,0.17802830040454865,0.12136226147413254,0.08581393212080002,0.002255192957818508,0.5816426873207092
1202,0.017583850771188736,0.05873936787247658,0.11167173832654953,-0.3149065375328064,2.775785446166992,3.340529252294436,1083.8950649000922,0.705644428730011,0.1791611611843109,0.11506935954093933,0.09294704347848892,0.0016862978227436543,0.5794252157211304
1203,0.014484714716672897,0.06283026188611984,0.10763302445411682,-0.13184337317943573,3.114565134048462,4.337694121753065,1425.341409460034,0.5081221461296082,0.35776111483573914,0.13405726850032806,0.1391208916902542,0.00431090546771884,0.24076434969902039
1204,0.015355714596807957,0.05491747334599495,0.10556979477405548,-0.07443292438983917,2.901449680328369,3.5763541316295675,1502.1274231181092,0.47434234619140625,0.39157891273498535,0.13407661020755768,0.13134831190109253,0.003814346855506301,0.21995346248149872
1205,0.014711480587720871,0.04919913783669472,0.09297266602516174,-0.10500796884298325,2.868670701980591,3.3442682767372274,1300.1113164949957,0.5630210041999817,0.34462133049964905,0.09232111275196075,0.1321534961462021,0.0032844094093889,0.3267934024333954
1206,0.014979357831180096,0.057820092886686325,0.1101154088973999,-0.0361541286110878,2.8450253009796143,3.8599847559867784,1370.0613092491692,0.5292267203330994,0.34066036343574524,0.13010120391845703,0.12996233999729156,0.004567279946058989,0.2566624879837036
1207,0.025490403175354004,0.059768129140138626,0.1190890371799469,0.06583430618047714,2.174086809158325,2.344730631627754,617.7724430401395,0.8699079155921936,0.08874347805976868,0.04134869948029518,0.029772112146019936,0.0009449756471440196,0.8152508735656738
1208,0.014592500403523445,0.04760899767279625,0.0904431864619255,-0.026558056473731995,2.766380786895752,3.262566136920456,1321.291353536589,0.5526134967803955,0.3579522967338562,0.0894329845905304,0.13341863453388214,0.0032309237867593765,0.3152798116207123
1209,0.025509217754006386,0.06274101138114929,0.12249032407999039,0.07649067044258118,2.1665103435516357,2.459542741910848,600.3255203059311,0.8738658428192139,0.08736640959978104,0.03876720368862152,0.0277996975928545,0.0020073880441486835,0.8212663531303406
1210,0.025389933958649635,0.0642765685915947,0.1240321695804596,0.07589247077703476,2.2942862510681152,2.531576832525234,600.7153697263444,0.872913658618927,0.08809008449316025,0.03899585083127022,0.031160378828644753,0.001074843225069344,0.8216489553451538
1211,0.01805514097213745,0.059730686247348785,0.11512541770935059,-0.28626444935798645,2.7694895267486572,3.3082370465130384,1087.2578680741672,0.6869246959686279,0.21161608397960663,0.10145527869462967,0.08549178391695023,0.0013904536608606577,0.5695500373840332
1212,0.018124300986528397,0.05892316624522209,0.1066889762878418,-0.27446624636650085,2.7126517295837402,3.2510586910782386,1112.6161892149833,0.6768213510513306,0.21234801411628723,0.11080949753522873,0.09019594639539719,0.001366711687296629,0.551881730556488
1213,0.014560527168214321,0.04789918661117554,0.0952281728386879,-0.03692266717553139,2.940460681915283,3.2896601925547007,1470.998521194262,0.48461976647377014,0.3876742720603943,0.12768401205539703,0.14085377752780914,0.004730916116386652,0.2302009016275406
1214,0.015303620137274265,0.05272607505321503,0.10039298981428146,-0.0741579607129097,2.844799757003784,3.445333494742686,1398.79847956585,0.5110983848571777,0.38478752970695496,0.10390052944421768,0.12181328982114792,0.004381784237921238,0.25270751118659973
1215,0.03100687637925148,0.06431036442518234,0.12403217703104019,-0.10799937695264816,2.066598892211914,2.074067817619388,640.0494676853765,0.8617545962333679,0.09461795538663864,0.04362397640943527,0.03844117373228073,0.0013791891979053617,0.8056980967521667
1216,0.014893353916704655,0.05347849801182747,0.1003430038690567,-0.03598851338028908,3.0330710411071777,3.59076258493087,1549.4143696590252,0.44981831312179565,0.43675467371940613,0.11336449533700943,0.13610437512397766,0.0033319878857582808,0.2109212726354599
1217,0.014812443405389786,0.06428159028291702,0.12154103070497513,-0.125381201505661,2.956510543823242,4.33970200049421,1346.5305870903098,0.5441815257072449,0.3707636594772339,0.08504792302846909,0.12860620021820068,0.002638423116877675,0.32359573245048523
1218,0.014698779210448265,0.05194918066263199,0.10044975578784943,-0.09535267949104309,2.9600179195404053,3.534251376615749,1464.83532106145,0.465345561504364,0.4124116599559784,0.12218134105205536,0.137919619679451,0.004708396270871162,0.23063986003398895
1219,0.014962615445256233,0.05068650096654892,0.0980905294418335,-0.05613040551543236,2.915705919265747,3.387542849617985,1284.6785533238653,0.5465186238288879,0.37238651514053345,0.08108238875865936,0.12766258418560028,0.003036235459148884,0.32085472345352173
1220,0.015592455863952637,0.06296301633119583,0.11921924352645874,-0.16652068495750427,3.2545039653778076,4.038043581878504,1586.4316001982847,0.43269404768943787,0.42773646116256714,0.13956902921199799,0.12342603504657745,0.0038636343088001013,0.19212119281291962
1221,0.017671281471848488,0.05592510104179382,0.10322567820549011,-0.3002682626247406,2.6903433799743652,3.1647450767914846,1047.8636465980912,0.6925945281982422,0.20108681917190552,0.10631115734577179,0.09131036698818207,0.001380962785333395,0.5657190680503845
1222,0.015682481229305267,0.05976623296737671,0.1128053218126297,-0.04332519322633743,2.9623069763183594,3.811018938245739,1576.1238586555244,0.41342467069625854,0.46565189957618713,0.1208859458565712,0.12488064169883728,0.00334864086471498,0.19067953526973724
1223,0.03075079806149006,0.06428078562021255,0.1240321695804596,-0.11570023000240326,2.040274143218994,2.0903778005886133,581.8295832888308,0.88594651222229,0.07790132611989975,0.036151960492134094,0.04218710958957672,0.0010708303889259696,0.8240797519683838
1224,0.030297372490167618,0.06428490579128265,0.1240321695804596,-0.1287253350019455,2.0704331398010254,2.1217980473396887,636.8963554872117,0.8711228370666504,0.07945999503135681,0.049410801380872726,0.04071478545665741,0.0009535279823467135,0.8059156537055969
1225,0.01788024604320526,0.06430014222860336,0.1240321695804596,-0.25654464960098267,2.8690452575683594,3.5961553364329766,1108.6573102995592,0.6885988712310791,0.20112164318561554,0.11009321361780167,0.08849869668483734,0.0015437219990417361,0.5486550331115723
1226,0.015467802993953228,0.05458652228116989,0.10335160791873932,-0.047743454575538635,3.040740489959717,3.5290417326222836,1527.3367435536547,0.43074896931648254,0.4565940499305725,0.11255823820829391,0.12528254091739655,0.003677848493680358,0.20040053129196167
1227,0.030708318576216698,0.06428133696317673,0.1240321695804596,-0.12992630898952484,2.0481319427490234,2.093287419874194,614.9253565568235,0.8852454423904419,0.06909383088350296,0.04566016420722008,0.04182445630431175,0.001165652764029801,0.8173482418060303
1228,0.01556788757443428,0.058574602007865906,0.11158975213766098,-0.10429379343986511,3.129148244857788,3.7625273001261323,1380.3427227739817,0.49437710642814636,0.42362114787101746,0.08200130611658096,0.11283422261476517,0.002033376833423972,0.29377472400665283
1229,0.014814646914601326,0.051267724484205246,0.09827058017253876,-0.16455970704555511,3.01527738571167,3.460610622465469,1483.19096683994,0.471284419298172,0.4144156575202942,0.11421382427215576,0.1391882449388504,0.0038177897222340107,0.2346992790699005
1230,0.01514323242008686,0.05121973156929016,0.09650982171297073,-0.12927722930908203,2.9162583351135254,3.3823512804285425,1424.7012420306658,0.5046301484107971,0.3800937831401825,0.11513566225767136,0.12750817835330963,0.004730204585939646,0.2555485665798187
1231,0.015285766683518887,0.058676671236753464,0.10827194154262543,-0.10630633682012558,2.8028297424316406,3.8386475763875163,1409.7746107692767,0.5006150603294373,0.40468451380729675,0.09470034390687943,0.12479059398174286,0.00527538126334548,0.25074198842048645
1232,0.01590803451836109,0.06426360458135605,0.1240321695804596,-0.12370386719703674,3.1570818424224854,4.039694816046769,1507.063674744471,0.47403764724731445,0.3957977890968323,0.13012726604938507,0.11507200449705124,0.00463512446731329,0.24578505754470825
1233,0.015419372357428074,0.058498602360486984,0.11538566648960114,0.02560565434396267,3.0732216835021973,3.793838101880472,1526.6479402505847,0.43917936086654663,0.4390733242034912,0.12168800085783005,0.1306544989347458,0.004203199874609709,0.19764605164527893
1234,0.01796325296163559,0.06428274512290955,0.11106991767883301,-0.3102886378765106,2.738535165786743,3.5785692745417927,1112.705835220792,0.6780080199241638,0.20585544407367706,0.11613453179597855,0.08794020116329193,0.001780318678356707,0.5595524311065674
1235,0.018570801243185997,0.061379656195640564,0.11253592371940613,-0.28521740436553955,2.831890106201172,3.305170056400062,1119.5725707463218,0.6527807116508484,0.24663564562797546,0.10055212676525116,0.0831274464726448,0.0014703646302223206,0.5337652564048767
1236,0.014490664936602116,0.05237835645675659,0.09852830320596695,-0.09604722261428833,2.971921443939209,3.614627533125754,1212.0685699270664,0.5895810723304749,0.3247937262058258,0.08559776097536087,0.13411052525043488,0.004303940571844578,0.33323389291763306
1237,0.01507882121950388,0.05976048856973648,0.1136460155248642,-0.09675727039575577,3.2183544635772705,3.963206917559004,1500.5485097791761,0.4638509452342987,0.4075358510017395,0.12859533727169037,0.13580237329006195,0.0033399448730051517,0.21973328292369843
1238,0.01817571185529232,0.060369376093149185,0.11279189586639404,-0.3195112645626068,2.671808958053589,3.3214311808233075,1073.6067914912396,0.6924630403518677,0.20090343058109283,0.10663264989852905,0.08763157576322556,0.0015524501213803887,0.5741287469863892
1239,0.01542914379388094,0.054191265255212784,0.1063765287399292,-0.08662502467632294,3.0161244869232178,3.5122665246785947,1432.5895346250911,0.5065848231315613,0.3740054666996002,0.119407057762146,0.12437140941619873,0.004451137967407703,0.25613653659820557
1240,0.013784612528979778,0.05361344292759895,0.0973733589053154,-0.13014453649520874,2.7901337146759033,3.889368874968124,1165.7451249666647,0.6119353771209717,0.30610325932502747,0.08187922090291977,0.14796936511993408,0.0037325830198824406,0.35970786213874817
1241,0.014606070704758167,0.059720154851675034,0.11143273115158081,-0.16435633599758148,3.124333620071411,4.088721467583441,1334.0248304530487,0.5545710921287537,0.3444063663482666,0.1010085716843605,0.12964987754821777,0.0034727039746940136,0.3166517913341522
1242,0.030405493453145027,0.06431351602077484,0.1240321695804596,-0.11161962896585464,2.0393495559692383,2.115193957229045,617.5777054597869,0.8812501430511475,0.0742683857679367,0.04448153078556061,0.04335101321339607,0.0010144209954887629,0.8174523711204529
1243,0.01548009179532528,0.05496329814195633,0.10974253714084625,-0.06796751916408539,2.9734513759613037,3.5505796002452463,1456.5736864435848,0.5019330382347107,0.36684292554855347,0.13119450211524963,0.12251203507184982,0.003914553672075272,0.252792090177536
1244,0.030411262065172195,0.06430929899215698,0.12403217703104019,-0.11148998141288757,2.039348602294922,2.1146540663858566,617.6776417219752,0.8812630772590637,0.07420609891414642,0.04453069716691971,0.043336693197488785,0.0010158315999433398,0.8175024390220642
1245,0.031097039580345154,0.06427981704473495,0.12403217703104019,-0.11001358181238174,2.014376640319824,2.067071911349911,616.5680605088788,0.8814694285392761,0.07300277054309845,0.045523397624492645,0.04335009679198265,0.0016670431941747665,0.8147760629653931
1246,0.018083691596984863,0.05926096439361572,0.10511346161365509,-0.2868998050689697,2.5921709537506104,3.2770390974937555,1108.994002586211,0.6769403219223022,0.21434783935546875,0.10870929807424545,0.08488131314516068,0.002266727853566408,0.5560033917427063
1247,0.02595815248787403,0.0642714574933052,0.1240321695804596,0.04356232285499573,2.2041218280792236,2.4759642474884416,621.2098059512514,0.872381865978241,0.0790373831987381,0.048580802977085114,0.02664235234260559,0.0017092425841838121,0.8248347640037537
1248,0.024945838376879692,0.0642656683921814,0.1240321695804596,0.07216747850179672,2.2571604251861572,2.576207999854914,635.8899611709406,0.8603444695472717,0.09631715714931488,0.04333812743425369,0.03201683610677719,0.0015341115649789572,0.8055611848831177
1249,0.014413057826459408,0.05123360455036163,0.09110467880964279,-0.21078503131866455,2.907533645629883,3.5546658567311518,1262.3877638818853,0.5848186612129211,0.32258039712905884,0.09194609522819519,0.13993801176548004,0.003306260332465172,0.32854101061820984
1250,0.018194226548075676,0.06428471952676773,0.11515453457832336,-0.32818886637687683,2.8445465564727783,3.5332482726523815,1048.0946221700947,0.7055107951164246,0.1947699785232544,0.09971790760755539,0.08462134003639221,0.0016408214578405023,0.5810177326202393
1251,0.03068162128329277,0.06429929286241531,0.1240321695804596,-0.11541985720396042,2.087122678756714,2.0956941051655855,640.5167893673977,0.8732438683509827,0.07712814211845398,0.04962479695677757,0.04060465097427368,0.0014016409404575825,0.812205970287323
1252,0.014800616540014744,0.04932374134659767,0.09822696447372437,-0.1514371633529663,2.9674370288848877,3.332546398314836,1303.4428994054354,0.5459848046302795,0.36993271112442017,0.08406460285186768,0.13226062059402466,0.0029875468462705612,0.32903435826301575
1253,0.02541925199329853,0.06427053362131119,0.12403217703104019,0.0648069977760315,2.2982802391052246,2.528419547346511,647.4345076717742,0.8586188554763794,0.0953516960144043,0.046028681099414825,0.030598722398281097,0.0014494304778054357,0.8066472411155701
1254,0.02586308866739273,0.06428254395723343,0.1240321695804596,0.03983047977089882,2.264333486557007,2.4854937003635262,667.5042712742207,0.8485339283943176,0.09948831051588058,0.0519774965941906,0.028873158618807793,0.0014056401560083032,0.8013110160827637
1255,0.025843799114227295,0.06427864730358124,0.12403217703104019,0.06146199256181717,2.2437429428100586,2.4871980708791357,642.6917240799186,0.8559911847114563,0.1018824651837349,0.042119815945625305,0.030298765748739243,0.0019477913156151772,0.8031845688819885
1256,0.015595793724060059,0.05175977572798729,0.09421850740909576,-0.09011140465736389,2.81087589263916,3.318829207443109,1467.4948498526917,0.4879763126373291,0.35440129041671753,0.1574442982673645,0.12303077429533005,0.004229512065649033,0.24483336508274078
1257,0.014393812976777554,0.05213594436645508,0.09355419874191284,-0.19044455885887146,3.03861141204834,3.6221079464452663,1456.8881655743041,0.48103466629981995,0.38773176074028015,0.1311938464641571,0.14114855229854584,0.003630687715485692,0.23737452924251556
1258,0.025288406759500504,0.061540715396404266,0.12129946053028107,0.0741799995303154,2.218982458114624,2.4335544733695302,634.9625213825274,0.8660206198692322,0.08454127609729767,0.04943632706999779,0.02895904704928398,0.002423877129331231,0.813493549823761
1259,0.018331265076994896,0.0642973855137825,0.11526799947023392,-0.2540646195411682,2.7927792072296143,3.5075258166969596,1100.6883622304267,0.6772689819335938,0.21440568566322327,0.10832526534795761,0.08455843478441238,0.0013824703637510538,0.5505152940750122
1260,0.01452198252081871,0.0460665225982666,0.08720611780881882,-0.025641731917858124,2.6705479621887207,3.172192400662475,1301.55298192007,0.5714215040206909,0.3391505777835846,0.08939483761787415,0.13297031819820404,0.002837586449459195,0.3390713632106781
1261,0.025377528741955757,0.06058470904827118,0.12033389508724213,0.07027341425418854,2.2384302616119385,2.387336831017802,610.5306071349227,0.8743008971214294,0.08617610484361649,0.03952288627624512,0.030903806909918785,0.0013620939571410418,0.8223687410354614
1262,0.0312504805624485,0.06432013213634491,0.1240321695804596,-0.10278017073869705,1.99198317527771,2.0582125771075557,612.220627671166,0.8736580610275269,0.08830227702856064,0.03803282603621483,0.04014904052019119,0.0013386557111516595,0.8120841383934021
1263,0.014678459614515305,0.051692262291908264,0.10004517436027527,-0.02812783792614937,2.8702855110168457,3.5216408019591463,1477.9038209143519,0.48391127586364746,0.36641716957092285,0.1496666520833969,0.14402516186237335,0.003525265958160162,0.23187457025051117
1264,0.01509135589003563,0.050074223428964615,0.0992337018251419,-0.08639384806156158,2.9735043048858643,3.3180731930594156,1402.7356719909192,0.5286515951156616,0.3446468114852905,0.12667371332645416,0.13098299503326416,0.003942486364394426,0.2535143196582794
1265,0.01777356117963791,0.056886427104473114,0.1050368994474411,-0.2890216112136841,2.736560106277466,3.200620659321995,1073.5096377369885,0.7170777320861816,0.16240350902080536,0.12051275372505188,0.09316451102495193,0.0020889248698949814,0.58241868019104
1266,0.030575253069400787,0.06429585814476013,0.1240321695804596,-0.1151520237326622,2.0742974281311035,2.1028724765324514,630.5988842385726,0.8764186501502991,0.07459969073534012,0.048981599509716034,0.04056506231427193,0.0010197856463491917,0.8132783770561218
1267,0.018051747232675552,0.06428908556699753,0.1240321695804596,-0.28984570503234863,2.776151657104492,3.561377451987926,1121.357802334628,0.6654329895973206,0.22593826055526733,0.10861633718013763,0.08816640079021454,0.0015592094277963042,0.5403155088424683
1268,0.030786439776420593,0.06431270390748978,0.1240321695804596,-0.12004436552524567,2.0217928886413574,2.088994517471229,629.3635234544067,0.8793221116065979,0.07002882659435272,0.05064614862203598,0.039680007845163345,0.001474827411584556,0.8214449286460876
1269,0.014786225743591785,0.06400995701551437,0.11115411669015884,-0.11076530814170837,3.2253291606903076,4.329026089631201,1515.1223651274017,0.47065213322639465,0.39684754610061646,0.132456973195076,0.13710716366767883,0.0049719731323421,0.232042595744133
1270,0.02533865161240101,0.061613403260707855,0.12135704606771469,0.06223880499601364,2.229991912841797,2.431597553049034,656.0374689281867,0.8538674116134644,0.09891093522310257,0.04722064360976219,0.030979745090007782,0.0014805536484345794,0.8000017404556274
1271,0.015275935642421246,0.060368891805410385,0.10779467225074768,-0.18454335629940033,3.0456910133361816,3.951894876659089,1463.0616115102337,0.4947562515735626,0.3786860406398773,0.12651564180850983,0.12346764653921127,0.00457331258803606,0.24724864959716797
1272,0.015037148259580135,0.054001327604055405,0.10689323395490646,-0.039416488260030746,3.077399730682373,3.5911947310927173,1504.3659764654421,0.46623310446739197,0.41308003664016724,0.12066230922937393,0.13429851830005646,0.0038426683750003576,0.22299480438232422
1273,0.014889477752149105,0.04895478114485741,0.09482873976230621,-0.09374049305915833,2.857935905456543,3.287877651350366,1519.5053394782663,0.47214552760124207,0.3956378698348999,0.13221333920955658,0.13467127084732056,0.0042389859445393085,0.2341475784778595
1274,0.014896034263074398,0.05976225435733795,0.11255346238613129,-0.005305683705955744,3.200885534286499,4.0119573638112485,1473.5012095350564,0.47127822041511536,0.40189307928085327,0.12681539356708527,0.13133151829242706,0.0039977324195206165,0.2253677099943161
1275,0.03051639348268509,0.06430118530988693,0.1240321695804596,-0.1359284222126007,2.0632381439208984,2.1071030344481607,630.8465617600808,0.8726649880409241,0.08132059127092361,0.04601048305630684,0.03980991616845131,0.0013011281844228506,0.8112846612930298
1276,0.0179482139647007,0.06202073395252228,0.11302436888217926,-0.30494779348373413,2.6003856658935547,3.4555379198757503,1076.3197466925224,0.6940534710884094,0.19344791769981384,0.11249129474163055,0.08916398137807846,0.0014958921819925308,0.5725181698799133
1277,0.02494058758020401,0.0642860159277916,0.1240321695804596,0.048670269548892975,2.3037619590759277,2.577566214848904,643.3398602496878,0.8584023118019104,0.09364515542984009,0.047951798886060715,0.03149183839559555,0.0011509375181049109,0.8054912686347961
1278,0.025188952684402466,0.06406376510858536,0.12384690344333649,0.034133944660425186,2.249392032623291,2.5433278591893056,647.1318663504871,0.8633670806884766,0.08898518234491348,0.04764634370803833,0.030299952253699303,0.0016122800298035145,0.8084703087806702
1279,0.01837126724421978,0.06311509013175964,0.12286901473999023,-0.25889021158218384,2.748335838317871,3.4355327419333173,1172.874496936718,0.6664384603500366,0.20502528548240662,0.12853626906871796,0.08646386861801147,0.0014151312643662095,0.5336188077926636
1280,0.014771825633943081,0.053382255136966705,0.09915904700756073,-0.04930810630321503,2.826258897781372,3.6137886038060048,1316.8755555206185,0.5631009936332703,0.33978357911109924,0.09706846624612808,0.13207659125328064,0.004134561866521835,0.32579857110977173
1281,0.014618508517742157,0.058291394263505936,0.10238108038902283,-0.15133631229400635,2.942575454711914,3.987506262268238,1461.7873545494933,0.49636754393577576,0.3645695447921753,0.13906121253967285,0.14281955361366272,0.005311525426805019,0.23846682906150818
1282,0.014997870661318302,0.05879903584718704,0.11625533550977707,-0.10893382877111435,3.2656469345092773,3.9204922599391288,1540.9488954244928,0.45379289984703064,0.4041156768798828,0.14209097623825073,0.13666261732578278,0.003823366016149521,0.22605788707733154
1283,0.015411950647830963,0.06426870822906494,0.1110653430223465,-0.10661294311285019,3.049074411392212,4.1700567107603534,1415.2661539464293,0.5100085139274597,0.38369983434677124,0.1062803566455841,0.12236523628234863,0.00436572078615427,0.26041069626808167
1284,0.030660293996334076,0.06427091360092163,0.1240321695804596,-0.12633416056632996,2.050170421600342,2.0962262660139532,628.3440040597898,0.8738967180252075,0.08256198465824127,0.04354006424546242,0.04095160961151123,0.0011537766549736261,0.8085697293281555
1285,0.01489668246358633,0.04939204454421997,0.09540880471467972,-0.11956740915775299,2.782120704650879,3.315640556992402,1284.8560419995113,0.547523558139801,0.3723938763141632,0.08006952702999115,0.13041161000728607,0.003059942740947008,0.32967036962509155
1286,0.01804305426776409,0.05960455536842346,0.11450397968292236,-0.32408058643341064,2.7840781211853027,3.303462622268455,1059.6953727598675,0.7045157551765442,0.19126521050930023,0.1042010560631752,0.08906669169664383,0.0016370913945138454,0.5823776125907898
1287,0.015121301636099815,0.05142923817038536,0.09753209352493286,-0.04839251935482025,2.858523368835449,3.401111849009396,1434.296471741408,0.5041670799255371,0.37070322036743164,0.12498987466096878,0.13668839633464813,0.004286426585167646,0.230490043759346
1288,0.018232479691505432,0.062065158039331436,0.11077915132045746,-0.3282351791858673,2.7505757808685303,3.40409856948003,1101.0608256857215,0.6881173253059387,0.19552259147167206,0.1162632629275322,0.08522715419530869,0.0008782680961303413,0.5707108378410339
1289,0.029946593567728996,0.06431181728839874,0.1240321695804596,-0.13018181920051575,2.1011300086975098,2.147550342939666,630.8014898826469,0.8670725226402283,0.08955270797014236,0.04337112978100777,0.043792903423309326,0.0009811357595026493,0.8014922738075256
1290,0.03084070421755314,0.06434900313615799,0.1240321695804596,-0.12375380098819733,2.0780797004699707,2.086495907491209,672.0103427891183,0.8666634559631348,0.07561565935611725,0.05771785229444504,0.040424201637506485,0.0010361815802752972,0.8075113892555237
1291,0.018403206020593643,0.062489986419677734,0.11282120645046234,-0.32049423456192017,2.892000675201416,3.395603263168075,1173.8188633902182,0.6633797883987427,0.2197970747947693,0.11682046204805374,0.08376444876194,0.0010344708571210504,0.5446979999542236
1292,0.014745142310857773,0.058037254959344864,0.10609298199415207,-0.1271272897720337,2.9604146480560303,3.936025419888445,1286.5284859131175,0.5464448928833008,0.36869195103645325,0.08473004400730133,0.12467947602272034,0.00273307622410357,0.32180580496788025
1293,0.014926458708941936,0.05309454724192619,0.10361362993717194,-0.061360884457826614,3.0435686111450195,3.5570759463905506,1503.4256029268006,0.4568413197994232,0.4262409508228302,0.11691324412822723,0.140468567609787,0.004293796606361866,0.21220488846302032
1294,0.017663460224866867,0.06148176267743111,0.10705171525478363,-0.2930360734462738,2.735875129699707,3.480731515300467,1028.958499295541,0.7188475131988525,0.17146183550357819,0.10964388400316238,0.0875801295042038,0.0010714870877563953,0.5930379033088684
1295,0.01435864344239235,0.05683283880352974,0.10219612717628479,-0.13959640264511108,2.875847578048706,3.958092491647143,1304.1513796315364,0.5587862730026245,0.3542153537273407,0.08698076009750366,0.13407158851623535,0.00301635405048728,0.3155803978443146
1296,0.030170651152729988,0.0642937645316124,0.1240321695804596,-0.12575295567512512,2.036843776702881,2.1310035439412047,609.0534276771725,0.8869887590408325,0.06550955027341843,0.047500696033239365,0.04062805697321892,0.0012922429013997316,0.8220573663711548
1297,0.015082043595612049,0.05415527522563934,0.10394280403852463,-0.10465807467699051,2.864502429962158,3.5907120198090725,1464.6137163879885,0.4809683859348297,0.3977813124656677,0.12125032395124435,0.1347278207540512,0.003466204972937703,0.22567322850227356
1298,0.018087776377797127,0.059291623532772064,0.10257608443498611,-0.2865179777145386,2.7389862537384033,3.27799406024695,1038.5872470767763,0.7074880003929138,0.18888401985168457,0.10362429916858673,0.08779320120811462,0.00239331042394042,0.5743311047554016
1299,0.014591952785849571,0.04710453376173973,0.09162631630897522,-0.12008485943078995,2.906557083129883,3.228117199240862,1255.3674323484438,0.5659877061843872,0.34988829493522644,0.08408129215240479,0.13331907987594604,0.004153252579271793,0.3274565637111664
1300,0.015031024813652039,0.05333354324102402,0.10349427163600922,0.024164484813809395,2.9287240505218506,3.5482306694773866,1510.7094187625194,0.46837636828422546,0.40458741784095764,0.12682856619358063,0.13921573758125305,0.004154558293521404,0.21752414107322693
1301,0.015483096241950989,0.055030811578035355,0.10973336547613144,-0.06700242310762405,2.97400164604187,3.5542510822465054,1455.7359733963303,0.5022592544555664,0.3666662573814392,0.13104155659675598,0.12258990854024887,0.003914817702025175,0.2530941069126129
1302,0.015570376068353653,0.06020726263523102,0.1199704259634018,-0.07562951743602753,3.3031318187713623,3.8667828167447915,1546.6811848544019,0.43967345356941223,0.44320276379585266,0.11711739003658295,0.12659798562526703,0.003005790524184704,0.21344541013240814
1303,0.014908158220350742,0.06427807360887527,0.11621874570846558,-0.09940413385629654,3.1861090660095215,4.311603932189245,1422.9015288257128,0.4860634207725525,0.4031387269496918,0.11076809465885162,0.13398855924606323,0.0037201165687292814,0.21751725673675537
1304,0.029702750965952873,0.06431920826435089,0.1240321695804596,-0.13513296842575073,2.083676815032959,2.165429334673819,595.6383481757322,0.8881369233131409,0.07116410881280899,0.04069755971431732,0.04628783464431763,0.00121897307690233,0.8243646621704102
1305,0.025318270549178123,0.06427988409996033,0.1240321695804596,0.08124138414859772,2.2259867191314697,2.5388734184100143,597.923088561023,0.8752055764198303,0.08705327659845352,0.037740983068943024,0.0313446968793869,0.001946236938238144,0.8231645822525024
1306,0.02555646188557148,0.06428524106740952,0.1240321695804596,0.08785786479711533,2.237868547439575,2.515420223375595,651.6051699891632,0.8535491228103638,0.10043730586767197,0.04601040482521057,0.02969556488096714,0.0019460920011624694,0.7982503175735474
1307,0.025545479729771614,0.0642632246017456,0.1240321695804596,0.049357444047927856,2.287764072418213,2.5156397640219423,681.5352410952103,0.8413347005844116,0.1059051975607872,0.052755746990442276,0.03192794322967529,0.0020057845395058393,0.7861438393592834
1308,0.017662009224295616,0.06429718434810638,0.11344209313392639,-0.2897112965583801,2.7110188007354736,3.64042298517315,1052.4130731243954,0.7134155035018921,0.1808253973722458,0.10575734823942184,0.09145074337720871,0.0015865274472162127,0.5858380198478699
1309,0.030698560178279877,0.06431920826435089,0.1240321695804596,-0.10470040887594223,2.024928569793701,2.0951864806924534,619.6393232455799,0.8809038400650024,0.07261542975902557,0.04647841304540634,0.0430527999997139,0.001717394101433456,0.8148975968360901
1310,0.014579621143639088,0.04866132140159607,0.09635446965694427,-0.08543691784143448,2.849231719970703,3.337625917631528,1511.4035092051413,0.4630231559276581,0.39721500873565674,0.13969004154205322,0.14301690459251404,0.004160844720900059,0.22719231247901917
1311,0.01433610636740923,0.05404189974069595,0.10296845436096191,-0.08964173495769501,2.877777099609375,3.769635795935614,1251.4501729265091,0.5874133110046387,0.32507944107055664,0.08749864995479584,0.1351231336593628,0.003226457629352808,0.33917850255966187
1312,0.014998499304056168,0.0485750176012516,0.09390109777450562,-0.10035844147205353,2.8594894409179688,3.2386585226480893,1535.7607776289858,0.4673907458782196,0.3897138833999634,0.14288780093193054,0.1370345801115036,0.003818947821855545,0.22108784317970276
1313,0.015584495849907398,0.06245553866028786,0.11632997542619705,-0.16215547919273376,3.020838737487793,4.007543090118723,1421.188598365036,0.5046263933181763,0.3807714879512787,0.11459623277187347,0.12130145728588104,0.003891194937750697,0.24543966352939606
1314,0.014597790315747261,0.049570973962545395,0.09530642628669739,-0.09786054491996765,3.0029194355010986,3.3957861352259098,1412.5282649770372,0.4823189973831177,0.3943548798561096,0.1233014166355133,0.14567901194095612,0.0037801945582032204,0.22106193006038666
1315,0.0255034938454628,0.05976102873682976,0.1193033903837204,0.06581901013851166,2.174147605895996,2.34324869747673,617.8308142548108,0.8698698878288269,0.08876341581344604,0.041366465389728546,0.02980446070432663,0.0009474976104684174,0.8151038289070129
1316,0.013954749330878258,0.04854366183280945,0.08786462247371674,-0.10873333364725113,2.7116355895996094,3.4786480701531635,1246.1751145898659,0.5956077575683594,0.29520994424819946,0.109037384390831,0.14335884153842926,0.003501736558973789,0.3481955826282501
1317,0.015635037794709206,0.05975666269659996,0.11539091169834137,0.018800653517246246,2.8757240772247314,3.8219711060116053,1427.0802456597553,0.50041663646698,0.4196295142173767,0.07995247840881348,0.11616172641515732,0.0023175054229795933,0.288965106010437
1318,0.015416891314089298,0.05838605761528015,0.11523060500621796,0.025501791387796402,3.0742220878601074,3.7871485516755725,1526.9120494641572,0.4391491413116455,0.43915483355522156,0.12162891775369644,0.13014622032642365,0.004212656058371067,0.19813866913318634
1319,0.0145095931366086,0.050885122269392014,0.09672443568706512,-0.0863504409790039,2.968336582183838,3.5069985620409097,1318.7725901651695,0.5546171069145203,0.3570358157157898,0.08823080360889435,0.13180670142173767,0.003270189743489027,0.318785160779953
1320,0.014852643013000488,0.05912218242883682,0.10564430803060532,-0.13815221190452576,2.9515175819396973,3.98058327888893,1392.2337487299196,0.521199643611908,0.37769073247909546,0.10104719549417496,0.13021187484264374,0.004327231086790562,0.25988349318504333
1321,0.015532036311924458,0.05870717763900757,0.10809047520160675,-0.07925914973020554,2.664355993270874,3.779747642629214,1478.4345012811616,0.48832324147224426,0.3710828423500061,0.14056310057640076,0.12209955602884293,0.0033261890057474375,0.24438971281051636
1322,0.01572217419743538,0.05608826130628586,0.10446561872959137,-0.1043764054775238,2.9172022342681885,3.5674621460349667,1449.2318224501546,0.4974016547203064,0.37207290530204773,0.13046658039093018,0.12139307707548141,0.003714146791025996,0.2497522532939911
1323,0.025466859340667725,0.06427355110645294,0.1240321695804596,0.06137045472860336,2.2308621406555176,2.523811446246592,591.1408249983338,0.8786803483963013,0.08214304596185684,0.03917620703577995,0.029796728864312172,0.002206143457442522,0.8232713341712952
1324,0.01734929159283638,0.05865440517663956,0.11298586428165436,-0.32659459114074707,2.730377674102783,3.380795397863824,1055.8218252452225,0.7050371766090393,0.18671077489852905,0.1082405149936676,0.09702015668153763,0.0012531756656244397,0.5725950002670288
1325,0.029886042699217796,0.06432494521141052,0.12403217703104019,-0.13364310562610626,2.0251212120056152,2.1523406714178908,582.7484116125212,0.8970896601676941,0.06205485388636589,0.04084844887256622,0.0429416261613369,0.0008956234669312835,0.832495391368866
1326,0.014673380181193352,0.05221765488386154,0.10138849914073944,-0.020517420023679733,2.9507575035095215,3.5586657086163043,1468.3189459825637,0.4747515916824341,0.4083893299102783,0.11685761064291,0.13974536955356598,0.004327808041125536,0.22023622691631317
1327,0.01800704561173916,0.05974302068352699,0.11746270954608917,-0.23815308511257172,2.7995753288269043,3.3177580580604267,1130.3612339013737,0.6783206462860107,0.20151938498020172,0.12008597701787949,0.09004875272512436,0.0012491170782595873,0.5487739443778992
1328,0.015012797899544239,0.058007460087537766,0.10225476324558258,-0.012904943898320198,3.002350330352783,3.863867379806325,1343.7874070692196,0.5253678560256958,0.3962843418121338,0.07834174484014511,0.12820442020893097,0.0030650512780994177,0.30375614762306213
1329,0.025408372282981873,0.06428658217191696,0.12403217703104019,0.054591428488492966,2.2465031147003174,2.530133825709291,603.5546342795112,0.8747468590736389,0.08719085901975632,0.03805462643504143,0.03039056807756424,0.0015897484263405204,0.8255069255828857
1330,0.013979542069137096,0.044981490820646286,0.08731074631214142,-0.13866004347801208,2.6621429920196533,3.217665542617102,1198.1171932402017,0.6076250672340393,0.306967556476593,0.08539034426212311,0.1428881585597992,0.004126228392124176,0.3698906898498535
1331,0.02546471171081066,0.06427383422851562,0.1240321695804596,0.06073286011815071,2.230621814727783,2.5240354163799585,591.110961651583,0.878699004650116,0.0821298137307167,0.039170533418655396,0.029841387644410133,0.002200524089857936,0.8232730031013489
1332,0.015531690791249275,0.057474616914987564,0.10822334885597229,-0.08494255691766739,3.0289242267608643,3.700473933183689,1489.0472449481488,0.49491041898727417,0.3716636598110199,0.1334104984998703,0.1199931800365448,0.0033107465133070946,0.25098851323127747
1333,0.02527461387217045,0.06428109109401703,0.12403217703104019,0.07277737557888031,2.2740273475646973,2.5433065532309795,650.784923228007,0.8523962497711182,0.09967195242643356,0.04793035611510277,0.03381766378879547,0.002329139970242977,0.7934976816177368
1334,0.0144154978916049,0.05190411955118179,0.10115400701761246,-0.10742523521184921,3.0932319164276123,3.6005776517652173,1419.3978607863112,0.508453905582428,0.35422438383102417,0.13699233531951904,0.14164361357688904,0.0035052322782576084,0.25613725185394287
1335,0.014985146000981331,0.05083237960934639,0.09833600372076035,-0.08422800153493881,2.901784896850586,3.392184474053529,1379.7637689005712,0.5362383127212524,0.36197441816329956,0.1017177626490593,0.12332534790039062,0.0027009453624486923,0.31269100308418274
1336,0.015245113521814346,0.054192397743463516,0.10721519589424133,-0.06237879768013954,2.834447145462036,3.5547388782880804,1459.074097545729,0.5040482878684998,0.3588411808013916,0.13701532781124115,0.12537357211112976,0.0040906998328864574,0.2626205086708069
1337,0.01432204619050026,0.06341929733753204,0.10711661726236343,-0.18483027815818787,3.1333518028259277,4.428089149382136,1253.7237214027036,0.5855189561843872,0.318672776222229,0.0957692414522171,0.1310119777917862,0.003232243238016963,0.339651882648468
1338,0.025340987369418144,0.0615725964307785,0.1213201954960823,0.06285659223794937,2.230971097946167,2.429763115807216,655.6525019595299,0.8540064096450806,0.09883785992860794,0.04715361446142197,0.030991140753030777,0.0014737318269908428,0.8000829815864563
1339,0.015059835277497768,0.056086186319589615,0.10182946175336838,-0.048396799713373184,3.008498430252075,3.7242230929091713,1520.9152561169126,0.4601994752883911,0.3951813280582428,0.14456985890865326,0.13686014711856842,0.004318235442042351,0.2116924673318863
1340,0.030431319028139114,0.06428397446870804,0.12403217703104019,-0.13433657586574554,2.0625452995300293,2.112428133895667,630.5229095857671,0.8753876090049744,0.07873133569955826,0.045874543488025665,0.04207157716155052,0.0014008712023496628,0.8133425116539001
1341,0.018052196130156517,0.06428685039281845,0.1240321695804596,-0.29056838154792786,2.776461601257324,3.5611650751935358,1121.742493089996,0.6652032732963562,0.22610591351985931,0.1086779534816742,0.08850181847810745,0.0015556642320007086,0.5397940278053284
1342,0.01390111818909645,0.0489853098988533,0.09409020841121674,-0.11208254843950272,2.794933795928955,3.523839537869106,1212.7308659735345,0.6058769822120667,0.29754212498664856,0.09574075788259506,0.14491590857505798,0.002912278287112713,0.35108473896980286
1343,0.02491227351129055,0.06426821649074554,0.1240321695804596,0.0879061222076416,2.244641065597534,2.5797812656094443,643.382024978968,0.8585472106933594,0.09647545963525772,0.04497740790247917,0.033381279557943344,0.0012812039349228144,0.8016409873962402
1344,0.031014828011393547,0.06432987749576569,0.12403217703104019,-0.1267922967672348,2.027254581451416,2.074165217684245,611.7259587654286,0.8799134492874146,0.0753994956612587,0.04468154534697533,0.040338270366191864,0.0012593669816851616,0.8233286738395691
1345,0.014585824683308601,0.05750628188252449,0.10392863303422928,-0.0313003771007061,2.8111958503723145,3.94261436203807,1306.170578553464,0.5604625940322876,0.3474274277687073,0.09201963245868683,0.12993013858795166,0.0035934236366301775,0.31209596991539
1346,0.014312289655208588,0.05539698526263237,0.10144723951816559,-0.19016961753368378,2.9657812118530273,3.8705886055486225,1224.1371187427806,0.5863702893257141,0.3391866385936737,0.07432669401168823,0.13171173632144928,0.0030270079150795937,0.3367946743965149
1347,0.015267174690961838,0.0602923184633255,0.10563032329082489,-0.07892889529466629,2.9517014026641846,3.9491470871208008,1428.9080116677283,0.506180465221405,0.37344637513160706,0.12037034332752228,0.12345506250858307,0.003579329466447234,0.24459224939346313
1348,0.03176237642765045,0.064356729388237,0.1240321695804596,-0.09719735383987427,2.0127270221710205,2.026193774663083,654.5837451008932,0.8632258176803589,0.08707182109355927,0.04970195144414902,0.03797542303800583,0.000605188135523349,0.8072301745414734
1349,0.018437985330820084,0.06299164146184921,0.11777448654174805,-0.27624306082725525,2.669365882873535,3.416405877769026,1111.5910623038592,0.6718528866767883,0.22549769282341003,0.10264614224433899,0.08400951325893402,0.0015796639490872622,0.5508415699005127
1350,0.025401633232831955,0.06426852941513062,0.1240321695804596,0.059947434812784195,2.2464094161987305,2.5300943771415683,632.4511784134354,0.8671907782554626,0.08718273043632507,0.045624542981386185,0.028675967827439308,0.0014345950912684202,0.8166871070861816
1351,0.014444678090512753,0.0568973682820797,0.09656853973865509,-0.16559264063835144,2.9167661666870117,3.93898485806415,1275.3284510529454,0.5690603852272034,0.35151979327201843,0.07933811843395233,0.1408572494983673,0.00403244886547327,0.3198261857032776
1352,0.018145665526390076,0.057088036090135574,0.10870185494422913,-0.32636758685112,2.670194149017334,3.1460976729656855,1091.901712439896,0.6856600642204285,0.21180157363414764,0.10253401100635529,0.08812713623046875,0.001538654207251966,0.5619991421699524
1353,0.015263855457305908,0.0465877465903759,0.08953842520713806,-0.11369094997644424,2.787466287612915,3.052161147465854,1499.404229187777,0.4739845395088196,0.37946629524230957,0.1464991271495819,0.1263609081506729,0.0030266421381384134,0.2313222885131836
1354,0.01806623861193657,0.06310172379016876,0.11143548786640167,-0.354143351316452,2.754514455795288,3.492798093842508,1060.9547532439992,0.6948255896568298,0.20268456637859344,0.10246452689170837,0.0898173451423645,0.0018642598297446966,0.5622080564498901
1355,0.01583089679479599,0.06360646337270737,0.10708211362361908,-0.16321496665477753,2.8814234733581543,4.017868614341452,1472.681830972223,0.4817585349082947,0.3966335356235504,0.12159977108240128,0.11451656371355057,0.004387790337204933,0.238358736038208
1356,0.016051238402724266,0.05834178254008293,0.11017343401908875,-0.08391034603118896,2.9184534549713135,3.634721575535646,1544.043887607122,0.4732864499092102,0.37583762407302856,0.15075920522212982,0.1178593784570694,0.0036010434851050377,0.23714536428451538
1357,0.029991047456860542,0.06429944932460785,0.1240321695804596,-0.13361656665802002,2.0522689819335938,2.143954772335076,582.4244897568304,0.8981209397315979,0.06043924018740654,0.04143917188048363,0.04397004842758179,0.0012812077766284347,0.8353928923606873
1358,0.018319878727197647,0.056146420538425446,0.10473480820655823,-0.25635504722595215,2.6434054374694824,3.0647812341686427,1172.8683610119813,0.6804429292678833,0.18477153778076172,0.1347818672657013,0.0865844115614891,0.0016127092530950904,0.5537535548210144
1359,0.01784723624587059,0.06310664862394333,0.108810655772686,-0.31768956780433655,2.772674798965454,3.5359339536399492,1088.1580161011848,0.686704158782959,0.19872277975082397,0.11456390470266342,0.09045352786779404,0.0015204568626359105,0.559763491153717
1360,0.014835436828434467,0.050175972282886505,0.09291087090969086,-0.15081889927387238,2.8192267417907715,3.3821701955775327,1289.2324807449731,0.5590690970420837,0.3578333258628845,0.08306988328695297,0.13025064766407013,0.002930843038484454,0.3367130160331726
1361,0.01431373693048954,0.04912679269909859,0.08957566320896149,-0.023258034139871597,2.6847457885742188,3.4321430479151798,1281.561840297436,0.582545816898346,0.3162218928337097,0.10116280615329742,0.13901817798614502,0.00341662741266191,0.3363592028617859
1362,0.015488368459045887,0.054989658296108246,0.10973449796438217,-0.06826036423444748,2.9735476970672607,3.550384176226224,1455.7591253760845,0.5022723078727722,0.3665999472141266,0.13109256327152252,0.12244844436645508,0.003905919147655368,0.2531036138534546
1363,0.015047190710902214,0.05498165264725685,0.10384123027324677,-0.025889471173286438,2.990527629852295,3.653948015942057,1508.7921333733661,0.46487462520599365,0.3980411887168884,0.1370704025030136,0.13650614023208618,0.0032456391490995884,0.21610143780708313
1364,0.01436016708612442,0.06427828967571259,0.11639845371246338,-0.11950956284999847,2.9818546772003174,4.476151933729631,1438.040128473638,0.499778151512146,0.361133337020874,0.13899150490760803,0.148237943649292,0.0038022594526410103,0.24656569957733154
1365,0.014205976389348507,0.04909887537360191,0.09727496653795242,-0.12192625552415848,2.8404150009155273,3.4562126547640557,1255.9912573739266,0.5987516045570374,0.30320069193840027,0.0979166179895401,0.1366867870092392,0.0024792503099888563,0.3465515971183777
1366,0.015082301571965218,0.05007079988718033,0.09890599548816681,-0.0864376574754715,2.9701576232910156,3.319838132459268,1403.4603981137982,0.5283454060554504,0.34480783343315125,0.12681789696216583,0.13050933182239532,0.003927909769117832,0.2537582516670227
1367,0.015517515130341053,0.0576985739171505,0.1055397242307663,-0.11522144824266434,2.898639440536499,3.718286944062034,1416.1502840301237,0.49838918447494507,0.41124871373176575,0.0903579369187355,0.12001475691795349,0.003313584951683879,0.24798575043678284
1368,0.024792512878775597,0.0642848089337349,0.1240321695804596,0.08464065194129944,2.267764091491699,2.5929121927037495,633.3361996367793,0.8628028631210327,0.09219416975975037,0.04500259459018707,0.03281378746032715,0.0018628345569595695,0.8041571974754333
1369,0.030607154592871666,0.06434796005487442,0.1240321695804596,-0.10834121704101562,2.0603628158569336,2.102382952898161,620.9954834292372,0.884063184261322,0.06647778302431107,0.04945329204201698,0.041188277304172516,0.0014149220660328865,0.8151148557662964
1370,0.015247234143316746,0.05241302773356438,0.09980671107769012,-0.08974941074848175,2.8840761184692383,3.437543310312501,1360.4432878842981,0.5202810764312744,0.39442047476768494,0.08514749258756638,0.11920681595802307,0.0025209628511220217,0.3006100356578827
1371,0.030097687616944313,0.06433798372745514,0.1240321695804596,-0.13918645679950714,2.0943543910980225,2.137638762955885,599.790843615097,0.8854779601097107,0.07318722456693649,0.04133310168981552,0.04365561529994011,0.0013138129143044353,0.8215890526771545
1372,0.030435511842370033,0.0643170028924942,0.1240321695804596,-0.12470981478691101,2.0370185375213623,2.113222318175168,624.6926640943584,0.8820887804031372,0.06943763792514801,0.0484449565410614,0.0431738942861557,0.0011113411746919155,0.821747899055481
1373,0.014350656419992447,0.05405787006020546,0.10294371098279953,-0.09161288291215897,2.8769514560699463,3.7669266460263415,1249.7361025665891,0.5880213975906372,0.3247011601924896,0.0872669592499733,0.13503499329090118,0.0032112516928464174,0.3401303291320801
1374,0.024737773463129997,0.06428582966327667,0.1240321695804596,0.09432318061590195,2.3119869232177734,2.5986910162505827,657.0849944472495,0.8556246757507324,0.09618481248617172,0.04819053038954735,0.031912662088871,0.0011563296429812908,0.7975320219993591
1375,0.014810960739850998,0.04729543626308441,0.09136959165334702,-0.08744301646947861,2.9636566638946533,3.1932726776215152,1461.6428838225695,0.47148647904396057,0.4104313552379608,0.11808191239833832,0.14359529316425323,0.004786862060427666,0.22042787075042725
1376,0.017874812707304955,0.06429623812437057,0.12317104637622833,-0.3542782962322235,2.8415589332580566,3.597030031788664,1014.581297601504,0.7138258814811707,0.18777254223823547,0.09840025752782822,0.09389755874872208,0.0016906732926145196,0.5790600776672363
1377,0.014389601536095142,0.0514349639415741,0.09696096926927567,-0.11152825504541397,2.9694907665252686,3.5744536642643805,1394.6488920233805,0.5159734487533569,0.36789005994796753,0.11581453680992126,0.14698651432991028,0.0043377806432545185,0.2543286681175232
1378,0.025741010904312134,0.061117056757211685,0.12087208032608032,0.05778960511088371,2.1673173904418945,2.3743067815801693,615.4873239449942,0.8688431978225708,0.09125141054391861,0.039904654026031494,0.03015029989182949,0.001201345701701939,0.8188576102256775
1379,0.025375360623002052,0.06050349399447441,0.1202566847205162,0.0698506310582161,2.2389705181121826,2.384340261838303,610.8754994657908,0.8741835355758667,0.08629856258630753,0.03951755538582802,0.030838534235954285,0.001366157317534089,0.8223006129264832
1380,0.014747658744454384,0.04940946027636528,0.0943322628736496,-0.026038136333227158,2.8981969356536865,3.3503257112994,1540.68195892478,0.4526311755180359,0.4153147041797638,0.1320522278547287,0.1392584890127182,0.003800611710175872,0.21649715304374695
1381,0.025561697781085968,0.06427096575498581,0.1240321695804596,0.04606163501739502,2.266965866088867,2.514346515747788,693.0471341830205,0.8354784846305847,0.10907485336065292,0.055443111807107925,0.027895024046301842,0.0016767072957009077,0.7857099175453186
1382,0.01540619507431984,0.056213006377220154,0.10403023660182953,-0.13223831355571747,2.9706649780273438,3.6487274179249702,1493.9913209280255,0.46087446808815,0.4116653800010681,0.12741240859031677,0.131837397813797,0.003288147272542119,0.21780797839164734
1383,0.01587659679353237,0.06412336975336075,0.11004301905632019,-0.15910080075263977,3.104051113128662,4.038861135243023,1486.2487906798913,0.473222017288208,0.3998977839946747,0.12686879932880402,0.11824965476989746,0.004159798379987478,0.2321481704711914
1384,0.014621923677623272,0.06386977434158325,0.1110515370965004,-0.11329948902130127,3.009443998336792,4.3680828696266945,1474.5358468973825,0.49121734499931335,0.3718065619468689,0.13684730231761932,0.14467452466487885,0.00410232599824667,0.23572982847690582
1385,0.029995521530508995,0.06430306285619736,0.1240321695804596,-0.13619676232337952,2.0837533473968506,2.1437554532482386,603.4087769602788,0.8914341330528259,0.06298860162496567,0.045577019453048706,0.04192884638905525,0.0012514800764620304,0.8263248801231384
1386,0.014201096259057522,0.04901432991027832,0.09387945383787155,-0.013112775050103664,2.6750218868255615,3.4514469173860656,1219.3780245778503,0.6027475595474243,0.3052009642124176,0.09188675880432129,0.14129534363746643,0.0026843552477657795,0.3495820462703705
1387,0.01523393951356411,0.05568483844399452,0.10401394963264465,-0.15385986864566803,2.9860267639160156,3.6553143978783766,1437.8460346506067,0.49666067957878113,0.37846460938453674,0.12482056021690369,0.12506654858589172,0.0043773772194981575,0.2532968819141388
1388,0.03069528378546238,0.06431373208761215,0.1240321695804596,-0.12852220237255096,2.0029451847076416,2.095231714911742,584.8319623949686,0.8975239396095276,0.0588565357029438,0.04361403360962868,0.04170750081539154,0.0014133576769381762,0.8370569944381714
1389,0.018201280385255814,0.06309007108211517,0.10969239473342896,-0.3129994571208954,2.659501791000366,3.4662435687632107,1039.004275461585,0.7136637568473816,0.1844838708639145,0.10185109823942184,0.08274205029010773,0.00235905684530735,0.5798102021217346
1390,0.018223203718662262,0.06429103016853333,0.11891719698905945,-0.28837403655052185,2.9242124557495117,3.527976263535118,1127.8346148225305,0.6741506457328796,0.20986154675483704,0.115977443754673,0.08669383823871613,0.0009969263337552547,0.5458472371101379
1391,0.014150002039968967,0.04769532009959221,0.09388510882854462,-0.10368229448795319,2.9459986686706543,3.3706935137887877,1220.8800852365207,0.5918287634849548,0.3242678642272949,0.08374079316854477,0.14272791147232056,0.003195393830537796,0.34153467416763306
1392,0.014657522551715374,0.052494414150714874,0.10015879571437836,-0.11409485340118408,2.996800422668457,3.5813974675406546,1491.7904778115533,0.4685640335083008,0.43467995524406433,0.09636297076940536,0.13684490323066711,0.004042177461087704,0.2191510647535324
1393,0.024791255593299866,0.0642758309841156,0.1240321695804596,0.08059690147638321,2.2672252655029297,2.592681550138761,628.0622536700323,0.8627785444259644,0.0937976986169815,0.04342065006494522,0.034756291657686234,0.002182635245844722,0.8002275228500366
1394,0.030095430091023445,0.06430564820766449,0.1240321695804596,-0.10697032511234283,2.087348461151123,2.1367246791634384,649.0437803376208,0.8686354756355286,0.08122869580984116,0.05013579502701759,0.04210652410984039,0.0012512161629274487,0.8083744049072266
1395,0.030594980344176292,0.06429433822631836,0.1240321695804596,-0.12186099588871002,2.0261011123657227,2.1014668910044003,620.5867338292809,0.8783472776412964,0.07722217589616776,0.04443030059337616,0.04125019535422325,0.0011610656511038542,0.8196216225624084
1396,0.015422038733959198,0.0551568828523159,0.10805366933345795,-0.056575674563646317,2.986205816268921,3.576497491689242,1553.7023783471159,0.4743659794330597,0.3780011534690857,0.14737634360790253,0.121062271296978,0.004122227896004915,0.24211929738521576
1397,0.014532920904457569,0.053604722023010254,0.10045061260461807,-0.05754891782999039,2.960404872894287,3.6885029769122317,1468.561206339358,0.4817979633808136,0.3848685324192047,0.13328100740909576,0.13906803727149963,0.003375506727024913,0.23570173978805542
1398,0.017931301146745682,0.05580059438943863,0.10410204529762268,-0.33032071590423584,2.6864428520202637,3.1119099461699613,1058.341912887838,0.7025760412216187,0.18865206837654114,0.108759805560112,0.08785375952720642,0.0013466544914990664,0.5786181688308716
1399,0.030911408364772797,0.06429877877235413,0.1240321695804596,-0.11203204095363617,2.00832462310791,2.080098648741935,596.1375243440152,0.889517605304718,0.06619825959205627,0.04428230971097946,0.040974803268909454,0.0007644267752766609,0.8243301510810852
1400,0.03063853271305561,0.06436869502067566,0.1240321695804596,-0.1302739381790161,2.0897107124328613,2.1009065813111256,691.6946309953241,0.8507346510887146,0.09279941022396088,0.0564657524228096,0.04059302434325218,0.0010491963475942612,0.7909218072891235
1401,0.014489449560642242,0.0548185333609581,0.10413238406181335,-0.08257234841585159,2.878109931945801,3.7833413289955877,1243.2429255552545,0.5767328143119812,0.34887048602104187,0.07431557029485703,0.13627861440181732,0.002401242731139064,0.3400880992412567
1402,0.014801881276071072,0.05469464883208275,0.10159285366535187,-0.2056054025888443,3.1416475772857666,3.6951146822672984,1504.272061211131,0.4853672385215759,0.3577101528644562,0.15691174566745758,0.14290723204612732,0.0038845196831971407,0.22332583367824554
1403,0.015964556485414505,0.05431939288973808,0.10568660497665405,-0.1314277946949005,2.988939046859741,3.4024993388299087,1541.530654865471,0.4553333520889282,0.3952808380126953,0.14936059713363647,0.11315439641475677,0.003334459848701954,0.22911900281906128
1404,0.014521369710564613,0.05719616264104843,0.1024499237537384,-0.17122292518615723,2.938668727874756,3.9387581045814306,1327.8120800135553,0.5513834953308105,0.35605472326278687,0.09252486377954483,0.13379698991775513,0.0038348434027284384,0.3223864734172821
1405,0.014751031994819641,0.05329190939664841,0.09943138062953949,-0.14933127164840698,3.1347341537475586,3.6127580369801264,1347.985946652032,0.550533652305603,0.35818254947662354,0.09123234450817108,0.12979720532894135,0.00349432579241693,0.31666138768196106
1406,0.01487036980688572,0.06280957907438278,0.11445041000843048,-0.2259778529405594,3.1889350414276123,4.223807469877112,1494.4342956268608,0.47471216320991516,0.3889375925064087,0.13634806871414185,0.13683366775512695,0.0036746535915881395,0.2289000302553177
1407,0.015373078174889088,0.05466474965214729,0.105854831635952,0.0005920364637859166,3.1821181774139404,3.555875344332971,1616.415958181828,0.41426926851272583,0.4600907266139984,0.12562766671180725,0.12835730612277985,0.00278141675516963,0.19424782693386078
1408,0.030544541776180267,0.06431935727596283,0.1240321695804596,-0.13418346643447876,2.0611071586608887,2.1057561689799393,613.369868920513,0.8706080913543701,0.09420838952064514,0.03517008200287819,0.04269808903336525,0.0012035906547680497,0.8077760934829712
1409,0.014908391050994396,0.06427957862615585,0.11657003313302994,-0.099533811211586,3.188305139541626,4.311637547068282,1422.385819503127,0.48625844717025757,0.40300488471984863,0.11070287227630615,0.13444872200489044,0.003707336960360408,0.2173367589712143
1410,0.014841444790363312,0.052860625088214874,0.09494642913341522,-0.22253289818763733,2.9714701175689697,3.5616899723250715,1401.9742475769763,0.5207809209823608,0.37730520963668823,0.10182718187570572,0.13402411341667175,0.004398263059556484,0.25954458117485046
1411,0.014990461058914661,0.05796593427658081,0.10548536479473114,-0.05884221941232681,2.9301769733428955,3.866854664769784,1436.4966341910992,0.5067331194877625,0.3599303662776947,0.13329888880252838,0.12725186347961426,0.003767707385122776,0.265110582113266
1412,0.01805088296532631,0.05838131532073021,0.11334265023469925,-0.22878053784370422,2.707963705062866,3.234263688354736,1055.3167286540952,0.6985984444618225,0.20005212724208832,0.10133995115756989,0.08757604658603668,0.0015373865608125925,0.5741369724273682
1413,0.018433181568980217,0.06343649327754974,0.12318384647369385,-0.27774855494499207,2.8090310096740723,3.4414294155741794,1101.8045154443216,0.6876909136772156,0.19677229225635529,0.11550555378198624,0.08115074783563614,0.0021521791350096464,0.5661775469779968
1414,0.014844316057860851,0.054175253957509995,0.0996953547000885,-0.13776682317256927,2.9433095455169678,3.6495621450455284,1465.561087947402,0.4590649902820587,0.4257686734199524,0.11514709144830704,0.1334371119737625,0.003494031960144639,0.20395022630691528
1415,0.025057261809706688,0.06053315848112106,0.12029846012592316,0.08001182973384857,2.238696813583374,2.4157930319128456,610.9596840749887,0.869228720664978,0.09205950796604156,0.03871160000562668,0.03236619010567665,0.0016972576268017292,0.8156774044036865
1416,0.014829124324023724,0.053862206637859344,0.10633371770381927,-0.17457738518714905,2.9727253913879395,3.632190644390809,1353.7062345841432,0.5310465097427368,0.3506779968738556,0.11827158182859421,0.12974883615970612,0.0047305878251791,0.2797003388404846
1417,0.030518580228090286,0.06433270871639252,0.1240321695804596,-0.1131257563829422,2.05989408493042,2.107984979428061,627.0074782822544,0.8781338930130005,0.0733739584684372,0.04848949983716011,0.04408906400203705,0.0015585204819217324,0.814251184463501
1418,0.015000752173364162,0.050823744386434555,0.09332934021949768,-0.19112180173397064,2.904165744781494,3.3880797306478283,1472.1333517870141,0.4706600606441498,0.38814669847488403,0.14109955728054047,0.13573890924453735,0.0038100378587841988,0.22422011196613312
1419,0.025554900988936424,0.06426874548196793,0.1240321695804596,0.0839490219950676,2.280629873275757,2.5149283696022575,668.1172788007609,0.8497397303581238,0.09858931601047516,0.05167084559798241,0.028859565034508705,0.001572363544255495,0.8010629415512085
1420,0.01826251484453678,0.060153815895318985,0.11279966682195663,-0.23243464529514313,2.7204251289367676,3.293840766405735,1097.4374609519828,0.6932094693183899,0.19504417479038239,0.11174459755420685,0.08442848175764084,0.0014601623406633735,0.5747053623199463
1421,0.025049583986401558,0.06427980959415436,0.12403217703104019,0.039457786828279495,2.268462657928467,2.566102879252736,638.5773112173823,0.8599320650100708,0.09653718024492264,0.043530456721782684,0.03017936460673809,0.0020021230448037386,0.8069243431091309
1422,0.03055289387702942,0.06431664526462555,0.12403217703104019,-0.13236425817012787,2.0684702396392822,2.1050917638566355,636.3904918272883,0.866227924823761,0.0911596491932869,0.04261224716901779,0.04105173796415329,0.001178684993647039,0.8070405721664429
1423,0.018237244337797165,0.05547818914055824,0.1087205559015274,-0.2084502875804901,2.607520580291748,3.042026970189582,1146.318108258857,0.6674638390541077,0.20915208756923676,0.12327205389738083,0.08652756363153458,0.0013270201161503792,0.5454440712928772
1424,0.017667995765805244,0.06130426377058029,0.10686182975769043,-0.2935085594654083,2.735434055328369,3.469791626606521,1028.1543455732656,0.719096839427948,0.1713912934064865,0.10946352034807205,0.08749262988567352,0.0010807435028254986,0.5934042930603027
1425,0.014371324330568314,0.049177445471286774,0.0967416986823082,-0.02187064290046692,2.976891279220581,3.4219146639995244,1299.6825778529885,0.5584381818771362,0.35438811779022217,0.08717331290245056,0.1359582245349884,0.0023453794419765472,0.31842145323753357
1426,0.025735557079315186,0.06115453690290451,0.12091150134801865,0.055235881358385086,2.2088871002197266,2.3762662961619307,604.0605288361951,0.8733425736427307,0.08796426653862,0.038691937923431396,0.02905646339058876,0.0017111526103690267,0.8248294591903687
1427,0.015647394582629204,0.05716247111558914,0.10462958365678787,-0.01734229177236557,2.9022204875946045,3.6531622443645873,1433.5773139482021,0.4785597324371338,0.41025638580322266,0.11114442348480225,0.11736895143985748,0.0032243335153907537,0.24188724160194397
1428,0.015387339517474174,0.06117527559399605,0.10880794376134872,-0.15656690299510956,3.22942852973938,3.9756889435336418,1522.7835954995971,0.4323641359806061,0.45900100469589233,0.10853978991508484,0.12726670503616333,0.004836925771087408,0.20931170880794525
1429,0.01843956485390663,0.05667265132069588,0.11142852902412415,-0.21964293718338013,2.6077001094818115,3.07342671948225,1110.1523266473876,0.6939013004302979,0.18436695635318756,0.12171466648578644,0.08337878435850143,0.0010992612224072218,0.565851092338562
1430,0.018023407086730003,0.06196773424744606,0.10686087608337402,-0.28560149669647217,2.7375714778900146,3.438180913620518,1053.862759694668,0.6903709769248962,0.21325115859508514,0.09637784957885742,0.08648940920829773,0.001701469998806715,0.5647251605987549
1431,0.0257672518491745,0.06427420675754547,0.1240321695804596,0.07546085864305496,2.216813802719116,2.494414504553003,665.1597435714483,0.8407924175262451,0.113027423620224,0.046178121119737625,0.03046356700360775,0.0016353087266907096,0.7905415296554565
1432,0.025628501549363136,0.0642593577504158,0.12403217703104019,0.05991967394948006,2.2709250450134277,2.507339636074248,660.4111577344293,0.8559389710426331,0.0945323258638382,0.049528103321790695,0.030366934835910797,0.0019542621448636055,0.805492103099823
1433,0.03004451096057892,0.0643073245882988,0.1240321695804596,-0.11529557406902313,2.0492849349975586,2.1404017749044195,645.7666151282169,0.8717886805534363,0.07784443348646164,0.05036662891507149,0.0428786464035511,0.001015384099446237,0.812856137752533
1434,0.014851504005491734,0.05557797849178314,0.10074985772371292,-0.07704423367977142,2.789179801940918,3.7422457999869563,1376.9847563608644,0.5359222888946533,0.3377881348133087,0.12628722190856934,0.1319795399904251,0.0037493600975722075,0.2716483473777771
1435,0.03030635043978691,0.06432877480983734,0.1240321695804596,-0.12164247781038284,2.076874256134033,2.122617005156198,603.3482356359654,0.8842730522155762,0.07414106279611588,0.04157933592796326,0.04293610900640488,0.0006069222581572831,0.8181756734848022
1436,0.01807945966720581,0.059196699410676956,0.10226544737815857,-0.28600841760635376,2.738229990005493,3.2742515814661837,1038.974463662168,0.7073073983192444,0.18902328610420227,0.10366718471050262,0.087720587849617,0.002400968922302127,0.5741780400276184
1437,0.01812584139406681,0.06428343802690506,0.11814650893211365,-0.2962389886379242,2.7418668270111084,3.546507807598971,1145.8802099174354,0.6746894121170044,0.20154769718647003,0.12375675141811371,0.08680245280265808,0.0016203193226829171,0.550774097442627
1438,0.01378283929079771,0.053655363619327545,0.09739857912063599,-0.12919670343399048,2.788750648498535,3.892910777190758,1166.3080587677357,0.6117163300514221,0.30619290471076965,0.08201391249895096,0.14851120114326477,0.003728449111804366,0.3590545356273651
1439,0.017855973914265633,0.057521507143974304,0.1049160286784172,-0.28756648302078247,2.6494274139404297,3.221415276306904,1054.0948876521998,0.7007504105567932,0.19920869171619415,0.10003753006458282,0.0903521478176117,0.0011467656586319208,0.5778154134750366
1440,0.02559240162372589,0.06426280736923218,0.12403217703104019,0.08099105209112167,2.226494550704956,2.5110112099501123,629.2209863359085,0.8615259528160095,0.09634906053543091,0.042122356593608856,0.029882879927754402,0.0017602996667847037,0.8111135363578796
1441,0.015072207897901535,0.0490700900554657,0.09403792768716812,-0.12197088450193405,2.7281250953674316,3.2556670120667546,1357.1097527596442,0.5401321649551392,0.3628899157047272,0.09691663086414337,0.12424071878194809,0.0028476836159825325,0.3148951828479767
1442,0.015150303952395916,0.04704517126083374,0.09120340645313263,0.06029628589749336,2.7674927711486816,3.105229532394209,1382.7620150706714,0.518602728843689,0.38063162565231323,0.1007586196064949,0.12404096871614456,0.0036352023016661406,0.2748353183269501
1443,0.030410977080464363,0.06430893391370773,0.1240321695804596,-0.12863171100616455,2.0185348987579346,2.1146618782237137,603.4149202024571,0.8777173757553101,0.08285289257764816,0.03942865505814552,0.04262574762105942,0.0014345840318128467,0.8136695623397827
1444,0.015404392965137959,0.06079115346074104,0.11688343435525894,-0.10073729604482651,3.1379871368408203,3.9463517708469635,1450.2246528290843,0.5041546821594238,0.3778151273727417,0.11797954887151718,0.12546879053115845,0.004017821978777647,0.2634122669696808
1445,0.015473738312721252,0.05503690987825394,0.10998642444610596,-0.06755092740058899,2.9758810997009277,3.556794664767612,1456.6923509558899,0.5020111203193665,0.3666096329689026,0.13134710490703583,0.1225968450307846,0.003913712687790394,0.2526127099990845
1446,0.01424991525709629,0.05180523172020912,0.09546706080436707,-0.07158565521240234,2.7537739276885986,3.6354764770109944,1274.953637375049,0.5764960646629333,0.33165132999420166,0.09183956682682037,0.1383526623249054,0.003847878659144044,0.3400106728076935
1447,0.014696023426949978,0.05587378144264221,0.1002732664346695,-0.003062464063987136,2.8465073108673096,3.8019660023389283,1460.9006480179094,0.4823967516422272,0.38104742765426636,0.1365298479795456,0.14477036893367767,0.004653613083064556,0.2357499748468399
1448,0.018438225612044334,0.06360103189945221,0.12332412600517273,-0.27783751487731934,2.806253671646118,3.4494117402738,1101.212805431068,0.6879009008407593,0.19675983488559723,0.11532182991504669,0.0811336562037468,0.0021474407985806465,0.5663328766822815
1449,0.01513864565640688,0.05761308968067169,0.11310763657093048,-0.07253498584032059,3.199193239212036,3.8056964265150994,1379.7202101506916,0.5118369460105896,0.40802648663520813,0.0798860490322113,0.12701520323753357,0.00322663108818233,0.29198792576789856
1450,0.01790895126760006,0.060944993048906326,0.11839403957128525,-0.33218100666999817,2.8064422607421875,3.4030464506183447,1069.8408634749114,0.7018061876296997,0.18793733417987823,0.11025591194629669,0.08938372135162354,0.001300572999753058,0.5731188058853149
1451,0.014998167753219604,0.0509965680539608,0.0935518890619278,-0.1916990429162979,2.908905267715454,3.400186535426193,1473.604162721838,0.4699844419956207,0.38869205117225647,0.14123383164405823,0.13541346788406372,0.003816273994743824,0.22419488430023193
1452,0.014932622201740742,0.05483509227633476,0.1023162305355072,-0.06300372630357742,2.911130428314209,3.6721676562787677,1408.3675606103975,0.5200290679931641,0.34992533922195435,0.12999233603477478,0.12506218254566193,0.003378609661012888,0.26957160234451294
1453,0.01809362880885601,0.0547688752412796,0.10886378586292267,-0.28891849517822266,2.772395610809326,3.026970201325549,1119.779924739096,0.6784449219703674,0.21018275618553162,0.11136234551668167,0.08483310788869858,0.001368028810247779,0.5588168501853943
1454,0.025762053206562996,0.06426795572042465,0.12403217703104019,0.0708618313074112,2.2445363998413086,2.494675218726644,631.0317651800747,0.8633886575698853,0.09352397918701172,0.04308663681149483,0.02993783913552761,0.0017055334756150842,0.8155785202980042
1455,0.014814660884439945,0.054272301495075226,0.09853779524564743,-0.07101430743932724,2.7777273654937744,3.6634184146877637,1498.283711291412,0.4737597107887268,0.40860509872436523,0.11763498187065125,0.1356833428144455,0.00358363869599998,0.22794990241527557
1456,0.030373431742191315,0.06427738070487976,0.1240321695804596,-0.1342073231935501,2.077195644378662,2.1162370208393906,627.8568976751707,0.8762199282646179,0.07686971873044968,0.0468963123857975,0.04122912883758545,0.0015814399812370539,0.8148257732391357
1457,0.014695695601403713,0.04902048408985138,0.09798172116279602,-0.152351513504982,2.8071484565734863,3.3357035567498623,1311.1933558826727,0.5709034204483032,0.32779526710510254,0.10129271447658539,0.12996625900268555,0.002738966140896082,0.33227866888046265
1458,0.014537080191075802,0.06428675353527069,0.11347551643848419,-0.16867394745349884,3.0924830436706543,4.422260363557295,1262.8069545268766,0.5845303535461426,0.33001548051834106,0.08517845720052719,0.12936462461948395,0.002790758153423667,0.35477426648139954
1459,0.02514525130391121,0.059815239161252975,0.11957775056362152,0.08373711258172989,2.1850128173828125,2.378788680054681,626.0921713540465,0.8667626976966858,0.08830258250236511,0.04493461549282074,0.03186166286468506,0.0011936238734051585,0.808515191078186
1460,0.029932325705885887,0.06430402398109436,0.1240321695804596,-0.1187160536646843,2.071065902709961,2.148313652964872,652.9875820129354,0.868638813495636,0.07873678207397461,0.05262400954961777,0.04473539814352989,0.0013205766445025802,0.8038791418075562
1461,0.014876938425004482,0.0541134811937809,0.10504376143217087,-0.01308849174529314,2.8533191680908203,3.637407082306129,1394.581668701637,0.5178642868995667,0.37861013412475586,0.10347199440002441,0.1306559145450592,0.004423366393893957,0.2586413621902466
1462,0.014902972616255283,0.05992618948221207,0.11288180202245712,-0.07073862850666046,2.8475329875946045,4.021089686015193,1333.4770326173548,0.5430953502655029,0.37749582529067993,0.07930240780115128,0.1288975030183792,0.002710674423724413,0.3079864978790283
1463,0.03055768832564354,0.0643409788608551,0.1240321695804596,-0.10497593134641647,2.062417984008789,2.1055577952457742,618.7178724811048,0.8775071501731873,0.07730409502983093,0.045186568051576614,0.041154805570840836,0.0013082370860502124,0.818680465221405
1464,0.0145108662545681,0.04969099536538124,0.09711931645870209,-0.08600160479545593,2.8635919094085693,3.424398963522515,1310.1144294760038,0.5463631749153137,0.3626287579536438,0.09100741893053055,0.13562124967575073,0.00332320062443614,0.3177788257598877
1465,0.030953368172049522,0.06434156745672226,0.1240321695804596,-0.11011935025453568,2.05816388130188,2.078661265456183,618.3108521397235,0.8802081942558289,0.07476748526096344,0.04502406716346741,0.03880956023931503,0.0011308867251500487,0.8220142126083374
1466,0.015159916132688522,0.059661999344825745,0.11086481809616089,-0.13816027343273163,3.148315191268921,3.9355098549816003,1442.5109804535573,0.5033239722251892,0.3710451126098633,0.1256261169910431,0.12430229038000107,0.0040887645445764065,0.2561577260494232
1467,0.030754629522562027,0.06431365758180618,0.1240321695804596,-0.12385253608226776,2.052401542663574,2.0911862239320294,618.4189701955248,0.8780655264854431,0.07948862016201019,0.04244178533554077,0.040477313101291656,0.0011828833958134055,0.8163468837738037
1468,0.017506159842014313,0.06197193264961243,0.10642777383327484,-0.31716692447662354,2.7758896350860596,3.540007243469893,1076.9555402723686,0.6961182355880737,0.19395588338375092,0.10983364284038544,0.09478974342346191,0.0013197880471125245,0.5619610548019409
1469,0.01630382239818573,0.05876694619655609,0.11485140025615692,-0.09095244109630585,3.155843734741211,3.6044888589740234,1557.160430309167,0.4411276578903198,0.3992292881011963,0.1596396118402481,0.10757938772439957,0.0037090624682605267,0.2209826111793518
1470,0.014904199168086052,0.05975373461842537,0.1091536432504654,-0.08168711513280869,3.0625476837158203,4.009187876552616,1486.2332048772591,0.46798208355903625,0.42225414514541626,0.10971307754516602,0.14071087539196014,0.003420961555093527,0.21652355790138245
1471,0.015020584687590599,0.05337371304631233,0.09603603929281235,-0.1474614441394806,3.0036652088165283,3.5533712004469553,1344.6234171106773,0.5212492942810059,0.40200918912887573,0.07671818882226944,0.12217885255813599,0.0033001776318997145,0.3069584369659424
1472,0.01840425282716751,0.05843126028776169,0.10558304190635681,-0.2893763482570648,2.6189935207366943,3.174878156332067,1119.3681258732752,0.6734263896942139,0.22127483785152435,0.10528701543807983,0.08703884482383728,0.002215687185525894,0.5435566306114197
1473,0.015392104163765907,0.059343595057725906,0.10804316401481628,-0.14008782804012299,2.9177939891815186,3.855456955233543,1431.864517283057,0.5009231567382812,0.3858119547367096,0.11325661092996597,0.12723994255065918,0.005082236602902412,0.24637319147586823
1474,0.029785342514514923,0.06431836634874344,0.1240321695804596,-0.12644238770008087,2.097395658493042,2.15939656612109,663.3551144629104,0.8694393634796143,0.07546060532331467,0.0550997331738472,0.0448322519659996,0.001342495554126799,0.8045806288719177
1475,0.014748684130609035,0.04956398904323578,0.09457705914974213,-0.025183428078889847,2.8994410037994385,3.360570244840446,1540.5577803018393,0.45263633131980896,0.4153907299041748,0.13197213411331177,0.13911446928977966,0.003781617619097233,0.21669669449329376
1476,0.014441892504692078,0.04806790128350258,0.0950324609875679,-0.06587833911180496,2.8053369522094727,3.328365812483181,1260.2311075475059,0.5664860606193542,0.3535008430480957,0.07991409301757812,0.13181650638580322,0.002959060948342085,0.3223462402820587
1477,0.014622609131038189,0.05047240108251572,0.09474927186965942,-0.1897425800561905,3.0166635513305664,3.4516686199271036,1488.069906894347,0.47774413228034973,0.39587217569351196,0.12638160586357117,0.13921447098255157,0.0036646018270403147,0.22527723014354706
1478,0.015472975559532642,0.052765924483537674,0.10533950477838516,-0.05707274377346039,2.8834495544433594,3.4101989159815655,1454.3567554107794,0.4910946786403656,0.38225477933883667,0.1266484558582306,0.12330648303031921,0.0034612687304615974,0.25085878372192383
1479,0.025112828239798546,0.06428039073944092,0.1240321695804596,0.07427497208118439,2.279900550842285,2.559663536224501,639.3763862316699,0.8601890206336975,0.09315796941518784,0.04665248095989227,0.03194008767604828,0.0012590504484251142,0.8091722726821899
1480,0.03057650662958622,0.06433571130037308,0.1240321695804596,-0.11785408109426498,2.0452938079833984,2.1040896554224715,609.721376457264,0.8848707675933838,0.06928970664739609,0.0458393469452858,0.040654271841049194,0.0012597170425578952,0.8258016705513
1481,0.029912646859884262,0.06429561227560043,0.1240321695804596,-0.1428196132183075,2.1252310276031494,2.1494457703667003,666.0665318855631,0.859093189239502,0.09175391495227814,0.04915042221546173,0.045623503625392914,0.0012638597982004285,0.7931870222091675
1482,0.01565024070441723,0.05718351900577545,0.10461852699518204,-0.01721397042274475,2.9006097316741943,3.653842779937676,1433.205345059294,0.4787197411060333,0.41016075015068054,0.11108601093292236,0.11728231608867645,0.0032213274389505386,0.24225381016731262
1483,0.014908824115991592,0.051011715084314346,0.09746207296848297,-0.23761628568172455,3.0208992958068848,3.4215787029224036,1442.4754652545425,0.5067304372787476,0.36877384781837463,0.1244925856590271,0.13139007985591888,0.004085996188223362,0.2613612413406372
1484,0.025453463196754456,0.06427853554487228,0.1240321695804596,0.0535341277718544,2.2155447006225586,2.5253355523952057,620.0616500923636,0.8688944578170776,0.08589544147253036,0.045208223164081573,0.03030877374112606,0.0018053653184324503,0.8145020008087158
1485,0.01478399708867073,0.05002975091338158,0.09301060438156128,-0.19335845112800598,2.974681854248047,3.38404767059487,1345.963616486623,0.5366986989974976,0.3540688157081604,0.1090191975235939,0.1328098475933075,0.005381062626838684,0.27926647663116455
1486,0.014332925900816917,0.0453888475894928,0.09044627845287323,-0.08884762227535248,2.8603365421295166,3.166753801729978,1257.6093624382718,0.5636724829673767,0.35931944847106934,0.07700799405574799,0.13248014450073242,0.002925391076132655,0.32543089985847473
1487,0.01529963780194521,0.05290043354034424,0.10067413747310638,-0.07417991757392883,2.8487439155578613,3.4576265282672773,1399.6548878954713,0.5107788443565369,0.38496458530426025,0.10404321551322937,0.12204807251691818,0.004378840792924166,0.252149373292923
1488,0.0148900356143713,0.05081562697887421,0.09444884210824966,-0.0898599699139595,2.785867929458618,3.412727027087575,1459.1217280242497,0.4624381363391876,0.42546817660331726,0.11207351088523865,0.13983798027038574,0.004691943526268005,0.20790867507457733
1489,0.014069556258618832,0.051992155611515045,0.10098814964294434,-0.13460673391819,2.879138946533203,3.695365699680112,1198.2552929400294,0.6072948575019836,0.30174195766448975,0.09095775336027145,0.1441890150308609,0.003857874544337392,0.33442771434783936
1490,0.015603216364979744,0.0606905072927475,0.11886560916900635,-0.1541036069393158,3.1708736419677734,3.8896151837689823,1472.9412030155029,0.4843371510505676,0.4053914248943329,0.110270194709301,0.1195661649107933,0.00355592486448586,0.23917242884635925
1491,0.01553689781576395,0.05588599666953087,0.10517473518848419,-0.11396513879299164,2.9930760860443115,3.5969855326737865,1573.2236764705556,0.4492171108722687,0.3984636664390564,0.1523122489452362,0.12715661525726318,0.0040780119597911835,0.20645378530025482
1492,0.014084327034652233,0.04730808734893799,0.09442650526762009,0.005617239512503147,2.8167147636413574,3.358917130309818,1279.929530710538,0.5870128273963928,0.3121274411678314,0.10077226907014847,0.1393274962902069,0.0028599079232662916,0.33228135108947754
1493,0.030381105840206146,0.06427278369665146,0.12403217703104019,-0.1342235505580902,2.077158212661743,2.115551159743427,627.6310459139819,0.8763256669044495,0.0767621397972107,0.04689780995249748,0.04124816879630089,0.0015815733931958675,0.8149290084838867
1494,0.01525843981653452,0.05546099320054054,0.10367748141288757,-0.24543306231498718,2.9855687618255615,3.6347748435463574,1408.7167423589383,0.5045636296272278,0.38099405169487,0.11423821747303009,0.12745073437690735,0.004253576975315809,0.24832014739513397
1495,0.015387953259050846,0.05286816135048866,0.10494440048933029,-0.029904741793870926,2.9205102920532227,3.4356850750087324,1497.6283012545837,0.49076592922210693,0.3824741542339325,0.12650872766971588,0.124671071767807,0.0033492392394691706,0.24673600494861603
1496,0.015155349858105183,0.05967600643634796,0.11092984676361084,-0.13625207543373108,3.1488356590270996,3.9376198498311283,1443.629862970021,0.5028148293495178,0.3715726137161255,0.12560813128948212,0.12426488846540451,0.0040879519656300545,0.25563549995422363
1497,0.014732424169778824,0.05975552648305893,0.11331199109554291,-0.013054288923740387,2.911374092102051,4.056055255426438,1378.3916440806906,0.5421682000160217,0.3226368725299835,0.1350828856229782,0.1322626769542694,0.0047059981152415276,0.2807183563709259
1498,0.015028391033411026,0.05458098649978638,0.10728652775287628,-0.07087347656488419,3.03073787689209,3.6318582857479824,1408.2664091193612,0.5172258019447327,0.35022762417793274,0.1324114352464676,0.13185103237628937,0.003919691778719425,0.2596360146999359
1499,0.015291349031031132,0.0562044158577919,0.11102822422981262,-0.11080683022737503,3.079970598220825,3.675569483114881,1395.7231072601603,0.515363335609436,0.37652987241744995,0.10806700587272644,0.12321052700281143,0.003783060470595956,0.26655060052871704
1500,0.031174564734101295,0.06431695073843002,0.12403217703104019,-0.11051219701766968,2.056581974029541,2.063122654155673,628.2251787334593,0.8701269626617432,0.08671557903289795,0.043155040591955185,0.039021819829940796,0.0007821249892003834,0.8148558139801025
1501,0.017891131341457367,0.06120065599679947,0.11254607141017914,-0.2877149283885956,2.805572271347046,3.420725879506818,1117.0649630325136,0.6958412528038025,0.18434259295463562,0.11973569542169571,0.09242270886898041,0.0016675237566232681,0.5651114583015442
1502,0.024964820593595505,0.06428483873605728,0.1240321695804596,0.07676858454942703,2.312411069869995,2.5750170521943967,643.6617368178227,0.8605530261993408,0.09030117839574814,0.0491446778178215,0.03011416085064411,0.001830887864343822,0.8049200177192688
1503,0.015135454945266247,0.05431573837995529,0.10149990022182465,-0.11528342217206955,2.9862911701202393,3.5886425992998907,1416.2128858784454,0.514889121055603,0.36494576930999756,0.12016352266073227,0.12766386568546295,0.003994673490524292,0.2671166956424713
1504,0.015670863911509514,0.06426922976970673,0.11053159832954407,-0.17344652116298676,3.0675899982452393,4.101192514243124,1498.2585821732948,0.47499537467956543,0.40276971459388733,0.1222347617149353,0.12108905613422394,0.004232135135680437,0.23718570172786713
1505,0.02602829597890377,0.06426100432872772,0.1240321695804596,0.09502008557319641,2.2258753776550293,2.4688901793011384,661.1209892092195,0.8446972370147705,0.11100294440984726,0.044299811124801636,0.028099803254008293,0.0012793103232979774,0.7956283688545227
1506,0.014551009982824326,0.05529234558343887,0.0997074693441391,-0.13095709681510925,2.8500258922576904,3.7998974397588055,1295.796894097808,0.5663255453109741,0.35407325625419617,0.07946784049272537,0.12947200238704681,0.0033923822920769453,0.32470494508743286
1507,0.014901896938681602,0.05008514225482941,0.09324696660041809,-0.12938638031482697,2.8729076385498047,3.3609910508413123,1330.1627374761206,0.5267935395240784,0.3787654936313629,0.09438912570476532,0.1258886605501175,0.0033539023716002703,0.30064520239830017
1508,0.017679739743471146,0.05680980160832405,0.10189370810985565,-0.3020032048225403,2.6827192306518555,3.213271373301169,1096.0713376436026,0.6921562552452087,0.19198809564113617,0.11585358530282974,0.09445147961378098,0.0025880313478410244,0.5609610080718994
1509,0.015312784351408482,0.059231288731098175,0.11086972057819366,-0.011348654516041279,3.141014575958252,3.8680939643600443,1507.4186959160484,0.45479342341423035,0.41413614153862,0.13107001781463623,0.12899677455425262,0.0037029567174613476,0.22080270946025848
1510,0.01808464713394642,0.05869165062904358,0.1027386263012886,-0.2958655059337616,2.5898568630218506,3.245385447174636,1092.692222229733,0.6845418214797974,0.20782528817653656,0.10762356221675873,0.08639634400606155,0.0016602682881057262,0.559217095375061
1511,0.015053542330861092,0.05316578596830368,0.10099534690380096,-0.13345806300640106,2.933779239654541,3.5317790853636715,1374.5852605708442,0.5235714912414551,0.3754544258117676,0.1009577065706253,0.12618830800056458,0.003979551140218973,0.26763439178466797
1512,0.017681019380688667,0.05900493636727333,0.10672292113304138,-0.3535919487476349,2.7151777744293213,3.337190865159152,1013.5222384430165,0.7265055179595947,0.1692860871553421,0.1042080968618393,0.09029588848352432,0.001611216925084591,0.5966898202896118
1513,0.018186436966061592,0.06096859648823738,0.10981879383325577,-0.2793813645839691,2.6949410438537598,3.3524211806117274,1099.797608944964,0.6832069754600525,0.2084285020828247,0.10833171010017395,0.08378109335899353,0.0026043453253805637,0.5673772692680359
1514,0.014003274962306023,0.05190671607851982,0.09166605770587921,-0.14148186147212982,2.7665467262268066,3.7067554707406245,1240.9341156977875,0.6036427021026611,0.3015226125717163,0.09483431279659271,0.14529387652873993,0.00289278500713408,0.35371333360671997
1515,0.0143077177926898,0.052918337285518646,0.10042120516300201,-0.13272687792778015,2.968316078186035,3.6985868779755684,1241.7059152170648,0.5858628749847412,0.31439077854156494,0.09974562376737595,0.13844968378543854,0.0028296527452766895,0.34278997778892517
1516,0.014576306566596031,0.058342646807432175,0.10664282739162445,-0.1663968861103058,3.1434147357940674,4.00256721665907,1480.8872374504053,0.47543808817863464,0.41055768728256226,0.11399079114198685,0.1454855352640152,0.004399219993501902,0.22399841248989105
1517,0.014365630224347115,0.04911697655916214,0.09681865572929382,-0.02107439748942852,2.979088306427002,3.4190617319732195,1300.3531711724215,0.5581808090209961,0.3546268939971924,0.08719226717948914,0.13631826639175415,0.0023488053120672703,0.3177248537540436
1518,0.014365438371896744,0.048536255955696106,0.09518638998270035,-0.16831780970096588,2.951542854309082,3.3786825501454523,1424.6170593239972,0.5050166249275208,0.36739224195480347,0.12759050726890564,0.1448661834001541,0.0032812226563692093,0.25058090686798096
1519,0.01546329166740179,0.060630396008491516,0.11051545292139053,-0.0470673143863678,3.0271034240722656,3.9209242966286215,1390.5134001954157,0.5037485361099243,0.38647693395614624,0.10975438356399536,0.12240974605083466,0.0034237743820995092,0.2569027841091156
1520,0.025660591199994087,0.06343463808298111,0.12320084124803543,0.04632500559091568,2.2613508701324463,2.4720645594682815,642.1554596330333,0.8589989542961121,0.09590254724025726,0.04509797319769859,0.029880555346608162,0.0017049694433808327,0.8089503049850464
1521,0.014850356616079807,0.050128526985645294,0.08851693570613861,-0.08308006823062897,2.682446002960205,3.3755773196713057,1259.0886712824938,0.5676735043525696,0.3490087389945984,0.0833105817437172,0.12679433822631836,0.003536178730428219,0.3209276795387268
1522,0.025828560814261436,0.06427863240242004,0.1240321695804596,0.07441030442714691,2.238325834274292,2.4886648877640694,626.854425573101,0.866235077381134,0.089277483522892,0.044487450271844864,0.02985001914203167,0.0011898743687197566,0.8078195452690125
1523,0.025036925449967384,0.06426296383142471,0.1240321695804596,0.06080029904842377,2.2646687030792236,2.5667274505121678,599.1116989721845,0.873015820980072,0.0877416729927063,0.03923962265253067,0.03116733953356743,0.0010300640715286136,0.8144446611404419
1524,0.01487055979669094,0.05809663608670235,0.10361361503601074,-0.07540814578533173,3.021622657775879,3.9068223978846732,1524.1499975841944,0.45675650238990784,0.42209920287132263,0.12114384025335312,0.13151060044765472,0.0038713880348950624,0.22145336866378784
1525,0.015515290200710297,0.05873877555131912,0.11009158194065094,-0.14408105611801147,3.02795147895813,3.7858638019444952,1537.5097817461055,0.4826135039329529,0.3457595109939575,0.1714640110731125,0.11783240735530853,0.002948111854493618,0.24586795270442963
1526,0.017891520634293556,0.06074348837137222,0.11372512578964233,-0.2954563498497009,2.7671568393707275,3.395099254534413,1070.623292696855,0.6959995627403259,0.19418075680732727,0.10981857031583786,0.08979300409555435,0.0012799634132534266,0.5750640034675598
1527,0.014432970434427261,0.046084366738796234,0.0886530727148056,-0.1693083792924881,2.8535611629486084,3.1929925267273638,1490.1113135549078,0.4823714792728424,0.3794901967048645,0.13806624710559845,0.14874783158302307,0.004920382518321276,0.2256557047367096
1528,0.015185733325779438,0.05496634915471077,0.10580730438232422,-0.010884587652981281,3.0910747051239014,3.619604530904003,1510.794775226368,0.44206514954566956,0.4565924108028412,0.10134172439575195,0.12557438015937805,0.0033324682153761387,0.22080187499523163
1529,0.029795246198773384,0.0642792358994484,0.1240321695804596,-0.14684614539146423,2.079291820526123,2.1573654893959993,664.2229741402705,0.867607831954956,0.07549748569726944,0.05687481164932251,0.04286208376288414,0.0018598049646243453,0.801047146320343
1530,0.01509167905896902,0.05586891621351242,0.1064135953783989,-0.08280359208583832,3.0478692054748535,3.701968216492612,1491.9953377581194,0.46664443612098694,0.41584160923957825,0.11751370131969452,0.13638664782047272,0.0027788702864199877,0.2245330512523651
1531,0.01403860840946436,0.04503945633769035,0.08499366790056229,-0.16729594767093658,2.7949516773223877,3.2082564753439526,1230.1836102589798,0.5844555497169495,0.3289947807788849,0.08653628081083298,0.13759426772594452,0.0024008825421333313,0.3534921407699585
1532,0.015400851145386696,0.053946603089571,0.10457577556371689,-0.05745590478181839,2.8906750679016113,3.50283257573253,1515.258453140856,0.4748254120349884,0.41526687145233154,0.10986888408660889,0.12055142968893051,0.004268872085958719,0.24375943839550018
1533,0.01574084535241127,0.06316046416759491,0.11203312873840332,-0.2001824676990509,3.0844812393188477,4.012520468216602,1461.057413801921,0.4938083291053772,0.4049285650253296,0.10120472311973572,0.11568866670131683,0.003439480671659112,0.2474132925271988
1534,0.01827120967209339,0.061598584055900574,0.1213546097278595,-0.261880099773407,2.7766342163085938,3.3713467886372124,1095.9565012427406,0.6972858309745789,0.18657958507537842,0.11607380956411362,0.08487065881490707,0.0013748799683526158,0.568976640701294
1535,0.014628449454903603,0.05060780793428421,0.09501063823699951,-0.1919994354248047,3.020244598388672,3.4595469661249996,1488.1324038249038,0.4776514172554016,0.39595547318458557,0.12638917565345764,0.13939401507377625,0.0036557926796376705,0.22511887550354004
1536,0.014797620475292206,0.05024731159210205,0.0933796614408493,-0.14625781774520874,2.9176242351531982,3.39563456655785,1397.455565759183,0.5340057015419006,0.327171266078949,0.13880540430545807,0.13298079371452332,0.003994356840848923,0.26687395572662354
1537,0.02990748919546604,0.06429268419742584,0.1240321695804596,-0.14217261970043182,2.1254167556762695,2.1497185462503774,666.300518903878,0.8590060472488403,0.0918232798576355,0.04916820302605629,0.045533522963523865,0.0012640500208362937,0.7931707501411438
1538,0.01456712931394577,0.051475416868925095,0.09530976414680481,-0.04624486714601517,2.7537593841552734,3.533669246425353,1313.6120216388938,0.562408447265625,0.33932778239250183,0.0982622429728508,0.13391195237636566,0.003912364598363638,0.337166428565979
1539,0.015352632850408554,0.05255301669239998,0.10249339044094086,-0.06298776715993881,2.9874770641326904,3.423062167970649,1464.4233176265072,0.47902312874794006,0.4091964364051819,0.11175961047410965,0.12437441200017929,0.0044166105799376965,0.2416931837797165
1540,0.018310580402612686,0.06395672261714935,0.12076956033706665,-0.3083438575267792,2.8432319164276123,3.492883415346608,1124.936034255093,0.6717228293418884,0.2138221561908722,0.11445493996143341,0.08731535077095032,0.0015564730856567621,0.5471341013908386
1541,0.01435242872685194,0.05039805546402931,0.09325695782899857,-0.13214264810085297,2.87187123298645,3.511465301076757,1270.7805855376826,0.5562177896499634,0.35382723808288574,0.08994049578905106,0.13150975108146667,0.003531313966959715,0.32614666223526
1542,0.02600235491991043,0.06426161527633667,0.1240321695804596,0.057454902678728104,2.212221145629883,2.471376745367748,640.0200864721064,0.8551288843154907,0.10371849685907364,0.041149646043777466,0.029254930093884468,0.0010669063776731491,0.8057230114936829
1543,0.025050252676010132,0.06427890807390213,0.1240321695804596,0.0396454855799675,2.267585277557373,2.5659983914211812,638.6209206917448,0.859865128993988,0.09662996977567673,0.04350453242659569,0.03008723258972168,0.0020024036057293415,0.8069515228271484
1544,0.015286041423678398,0.05853566154837608,0.10870128870010376,-0.11335212737321854,2.9271240234375,3.829353847875472,1404.559506882003,0.5010770559310913,0.3830021619796753,0.11588374525308609,0.12206339091062546,0.004663000348955393,0.2594525218009949
1545,0.03075222112238407,0.06431376188993454,0.1240321695804596,-0.12417593598365784,2.0523831844329834,2.091353389789142,618.5498064258894,0.8780534863471985,0.07950644940137863,0.04243471845984459,0.04050925746560097,0.001180972089059651,0.8163272738456726
1546,0.025252245366573334,0.06425829976797104,0.12403217703104019,0.06468478590250015,2.220262289047241,2.544656874373864,631.3691645456856,0.8610183000564575,0.09787677228450775,0.04110492020845413,0.031653132289648056,0.002043062122538686,0.8070108294487
1547,0.030864829197525978,0.06428993493318558,0.12403217703104019,-0.11304345726966858,2.0091657638549805,2.082951262087525,614.6369015031182,0.8835650086402893,0.06867914646863937,0.0477520152926445,0.03915875032544136,0.0014716817531734705,0.8273270726203918
1548,0.014724303968250751,0.05810212716460228,0.10631126165390015,-0.11571761220693588,2.890118360519409,3.946001609715397,1306.154000108206,0.5458604097366333,0.36654770374298096,0.0873287245631218,0.13054046034812927,0.0030711970757693052,0.31541207432746887
1549,0.030147112905979156,0.06433294713497162,0.1240321695804596,-0.1149173155426979,2.038515567779541,2.1339671010446355,609.4868052010436,0.8808196187019348,0.07629308849573135,0.042873628437519073,0.042495355010032654,0.0011808853596448898,0.8133082985877991
1550,0.025113357231020927,0.06427624821662903,0.1240321695804596,0.05924300104379654,2.2867069244384766,2.5594446661505392,652.7033247538916,0.8579530715942383,0.09338559955358505,0.04866059869527817,0.030338142067193985,0.0014261200558394194,0.8042953610420227
1551,0.017952412366867065,0.056152716279029846,0.11046239733695984,-0.22862686216831207,2.720388889312744,3.127864664001219,1158.9861558732227,0.68025803565979,0.19350235164165497,0.12622728943824768,0.0858292356133461,0.0020718593150377274,0.5609455704689026
1552,0.014987310394644737,0.04984145238995552,0.09567472338676453,-0.07781665772199631,2.84294056892395,3.3255768429563775,1361.4380177931948,0.5361055731773376,0.35323289036750793,0.11058457940816879,0.13223077356815338,0.0029183842707425356,0.26534491777420044
1553,0.015387768857181072,0.0557982362806797,0.10148713737726212,-0.1641712188720703,3.0176103115081787,3.626142086935103,1510.631967090785,0.4577525854110718,0.4248124361038208,0.11743488907814026,0.12775033712387085,0.0043612574227154255,0.21848325431346893
1554,0.025660300627350807,0.064085453748703,0.1238502636551857,0.055768415331840515,2.2417798042297363,2.497455297850179,623.9823762860119,0.8712713718414307,0.081523597240448,0.04720357432961464,0.03077390044927597,0.0009744773851707578,0.8157526254653931
1555,0.015552305616438389,0.05639675259590149,0.10111474245786667,-0.10274305939674377,2.8710267543792725,3.6262631395736786,1476.0939073935167,0.4814659357070923,0.3936921954154968,0.12473313510417938,0.12153942883014679,0.004117601551115513,0.23874616622924805
1556,0.030432846397161484,0.06434424966573715,0.1240321695804596,-0.11285396665334702,2.100482225418091,2.114302711744516,642.107698097595,0.8682378530502319,0.08564531803131104,0.046112723648548126,0.04272393509745598,0.0006536542787216604,0.8028582334518433
1557,0.015132548287510872,0.05069635435938835,0.09393882751464844,-0.19365772604942322,2.853208303451538,3.350153152848598,1397.173182914119,0.5139679908752441,0.37103497982025146,0.11499471962451935,0.1289522498846054,0.003113906132057309,0.26984068751335144
1558,0.017942264676094055,0.06429149210453033,0.11846736073493958,-0.2527002990245819,2.793661117553711,3.5832428771719047,1142.6525346342833,0.6866506934165955,0.19247828423976898,0.1208479180932045,0.08974727988243103,0.0016799619188532233,0.5648811459541321
1559,0.018414493650197983,0.058491725474596024,0.10556146502494812,-0.28999289870262146,2.618600368499756,3.1763960813981305,1119.513792899821,0.6734892725944519,0.22110314667224884,0.1053919568657875,0.08666354417800903,0.0022256001830101013,0.544094979763031
1560,0.01519832108169794,0.05336354300379753,0.10616876184940338,-0.09332605451345444,3.0312423706054688,3.5111472322128794,1629.6084600225724,0.42839914560317993,0.4180491268634796,0.15352176129817963,0.12902028858661652,0.0034264607820659876,0.20823371410369873
1561,0.014614592306315899,0.06427402794361115,0.11636853963136673,-0.1481751948595047,3.0866000652313232,4.397935063261142,1457.7573636772258,0.49125128984451294,0.3851791322231293,0.12345808744430542,0.14243347942829132,0.004637297708541155,0.2391277551651001
1562,0.014784087426960468,0.049884140491485596,0.09545458853244781,-0.10711117833852768,3.008991003036499,3.3741778607952493,1334.1740645769407,0.541123628616333,0.3699038326740265,0.08894354104995728,0.13223572075366974,0.0035705191548913717,0.3017604649066925
1563,0.018020877614617348,0.06270165741443634,0.11296375095844269,-0.35075220465660095,2.716214418411255,3.4793897806673693,1067.8188688423138,0.7031064629554749,0.18687061965465546,0.11002223193645477,0.08828852325677872,0.0012063283938914537,0.5816879272460938
1564,0.014638385735452175,0.04716227948665619,0.09154690057039261,-0.14894892275333405,2.9174277782440186,3.2218224287677946,1250.8121399493755,0.5654928088188171,0.3483373522758484,0.08616252988576889,0.1337617188692093,0.0034213310573250055,0.33750587701797485
1565,0.031133592128753662,0.06430643051862717,0.12403217703104019,-0.10661018639802933,2.0414342880249023,2.0654998707062453,679.5625558399412,0.8587601184844971,0.0852072536945343,0.05603170022368431,0.03980973735451698,0.0006203876109793782,0.7934382557868958
1566,0.01830977015197277,0.05806475132703781,0.10886140167713165,-0.2601732909679413,2.6823525428771973,3.1712441413476964,1095.7676033328694,0.6794834136962891,0.2176540046930313,0.10286156833171844,0.08541535586118698,0.0016038301400840282,0.5568286776542664
1567,0.014905507676303387,0.05976255238056183,0.11250697821378708,-0.0055295429192483425,3.1959667205810547,4.00942749984707,1472.0784621518342,0.4719473719596863,0.4013816714286804,0.1266566962003708,0.1319265067577362,0.003993382211774588,0.2255859076976776
1568,0.030423695221543312,0.06428248435258865,0.1240321695804596,-0.13453026115894318,2.0630316734313965,2.112908503795315,630.6830947689739,0.8752996325492859,0.0787903219461441,0.045904774218797684,0.0421757772564888,0.0013968761777505279,0.8131589293479919
1569,0.030957845970988274,0.06429069489240646,0.12403217703104019,-0.10685313493013382,2.0724687576293945,2.076717319111249,634.5135925606929,0.8742194771766663,0.07715699821710587,0.048605430871248245,0.04110480844974518,0.0011724192881956697,0.814702033996582
1570,0.0145926708355546,0.050662457942962646,0.09855155646800995,-0.15041446685791016,2.962048292160034,3.471774187906256,1324.4336555857026,0.5435217618942261,0.3620235323905945,0.09442092478275299,0.12839330732822418,0.003201702842488885,0.3162410259246826
1571,0.0142921581864357,0.04958866536617279,0.09600548446178436,-0.13381139934062958,2.771291732788086,3.4696415136075394,1264.4272365731586,0.5663370490074158,0.33876433968544006,0.09489074349403381,0.13536126911640167,0.0035742216277867556,0.32937705516815186
1572,0.024941110983490944,0.0642886534333229,0.12403217703104019,0.04835151508450508,2.30350399017334,2.57761787248769,643.225389114335,0.8584343194961548,0.09362205862998962,0.04794285073876381,0.03139805421233177,0.0011527668684720993,0.8056264519691467
1573,0.01821596920490265,0.06428855657577515,0.1136946901679039,-0.3303581774234772,2.8209939002990723,3.5292416148213115,1155.7217206846128,0.6604539155960083,0.21887549757957458,0.12043844163417816,0.08732859045267105,0.001339262817054987,0.5397669672966003
1574,0.025770673528313637,0.060810573399066925,0.12058782577514648,0.03975217044353485,2.244579315185547,2.3596811829499176,651.7662463193187,0.8533681035041809,0.10197127610445023,0.044655658304691315,0.029692815616726875,0.0015408055623993278,0.8014981746673584
1575,0.030184568837285042,0.0643131211400032,0.1240321695804596,-0.1180950254201889,2.0414364337921143,2.1306622428355086,659.1418789351886,0.8690919876098633,0.07785909622907639,0.053030986338853836,0.042054202407598495,0.0009560706093907356,0.8109989166259766
1576,0.01802727021276951,0.05567825585603714,0.10134671628475189,-0.3335376977920532,2.6813149452209473,3.088557235554678,1110.4465160273128,0.6983197927474976,0.18541058897972107,0.11622875183820724,0.08820515871047974,0.001189647358842194,0.5737757682800293
1577,0.018116265535354614,0.05839022621512413,0.11103124171495438,-0.28367796540260315,2.7239339351654053,3.223082930527277,1111.7619061411913,0.6814836859703064,0.20585723221302032,0.1126582995057106,0.08822717517614365,0.0013207581359893084,0.5583794116973877
1578,0.018148981034755707,0.05701613798737526,0.10863450169563293,-0.32515624165534973,2.666579246520996,3.141561384357971,1091.4072535204152,0.6859045624732971,0.21154429018497467,0.10254702717065811,0.08754557371139526,0.0015438845148310065,0.5627656579017639
1579,0.015587059780955315,0.05614713206887245,0.1031731516122818,-0.13127252459526062,3.0876667499542236,3.6021631311039397,1525.577902028653,0.46560972929000854,0.39333611726760864,0.14105354249477386,0.11874038726091385,0.004194112028926611,0.23822538554668427
1580,0.02532421238720417,0.06427374482154846,0.1240321695804596,0.05382092297077179,2.286350727081299,2.538035293507754,639.0360197840296,0.8585178852081299,0.09795047342777252,0.043530602008104324,0.03149400278925896,0.0014860817464068532,0.8021998405456543
1581,0.01499307993799448,0.05577364191412926,0.0997883528470993,-0.09404651075601578,3.043024778366089,3.719958950466968,1476.4593179880364,0.4746074378490448,0.40092626214027405,0.12443393468856812,0.13376957178115845,0.003981713205575943,0.22692304849624634
1582,0.030315130949020386,0.06429878622293472,0.12403217703104019,-0.1298733949661255,2.0595834255218506,2.1210129795890422,603.3338283415475,0.8905115127563477,0.06373655796051025,0.04575115442276001,0.043064314872026443,0.0009409418562427163,0.8236075639724731
1583,0.015455083921551704,0.05469560995697975,0.10344536602497101,-0.046273380517959595,3.040351152420044,3.539004396939519,1527.06905010696,0.4306030869483948,0.45681631565093994,0.1124846413731575,0.12509311735630035,0.0036922674626111984,0.2003334015607834
1584,0.017822446301579475,0.05714848265051842,0.10434822738170624,-0.3503492772579193,2.721160888671875,3.2065453687043632,1077.8262561420067,0.6992608308792114,0.19423526525497437,0.106503926217556,0.088440902531147,0.0017525600269436836,0.571922242641449
1585,0.015262139961123466,0.05139017850160599,0.09699519723653793,0.006216601002961397,2.8998444080352783,3.3671672929970904,1433.9015481863973,0.4957716166973114,0.3660227656364441,0.1381893903017044,0.1251963973045349,0.004462743178009987,0.2528005540370941
1586,0.015239810571074486,0.06427323818206787,0.10713163018226624,-0.22029057145118713,3.0553812980651855,4.2174565017128565,1429.8566828293865,0.5019093155860901,0.3992788791656494,0.09878358989953995,0.12637266516685486,0.0038112467154860497,0.2498738318681717
1587,0.014384157955646515,0.06112287938594818,0.10868819057941437,-0.14665734767913818,2.9696125984191895,4.249319255959993,1320.1114073777915,0.5654049515724182,0.3363199532032013,0.09824544936418533,0.1338782012462616,0.00288844620808959,0.32489439845085144
1588,0.015550937503576279,0.06426380574703217,0.11390501260757446,-0.26069560647010803,3.161757230758667,4.132471481421671,1469.5015853426908,0.4943331480026245,0.362120658159256,0.1435447782278061,0.12071166187524796,0.00428462540730834,0.24996989965438843
1589,0.014566807076334953,0.05562891811132431,0.10026432573795319,-0.176911398768425,3.0672519207000732,3.818882052600219,1425.7073673924774,0.5004154443740845,0.3888363838195801,0.11069498211145401,0.14334715902805328,0.004135894123464823,0.22848506271839142
1590,0.014831078238785267,0.05271521210670471,0.10233443975448608,-0.11160949617624283,3.1118557453155518,3.5543748913206428,1500.40309576234,0.4825388789176941,0.3688977360725403,0.1482946276664734,0.1406550258398056,0.003104305127635598,0.23019754886627197
1591,0.015197177417576313,0.05477677658200264,0.10370680689811707,-0.1235424056649208,2.933577299118042,3.6044046254961852,1395.4026132419806,0.5199857354164124,0.3570156991481781,0.12294016033411026,0.12493221461772919,0.0041680471040308475,0.25836896896362305
1592,0.029816938564181328,0.0642884373664856,0.1240321695804596,-0.12276427447795868,2.0399112701416016,2.1561045653948625,593.9063406069239,0.893816351890564,0.06056587025523186,0.04561464115977287,0.04521147906780243,0.0006886053015477955,0.826323390007019
1593,0.01781061850488186,0.05972824990749359,0.1135537251830101,-0.2865633964538574,2.668635845184326,3.353519131734177,1036.2106528027762,0.7155252695083618,0.18810652196407318,0.0963660180568695,0.0903739184141159,0.001113554579205811,0.5905588269233704
1594,0.017828991636633873,0.062389422208070755,0.10850432515144348,-0.3260480761528015,2.743886709213257,3.499324217325765,1041.494140759783,0.703482449054718,0.19666308164596558,0.09980864822864532,0.0904707983136177,0.0017990225460380316,0.5740281939506531
1595,0.03054691292345524,0.06431158632040024,0.1240321695804596,-0.13297568261623383,2.067517042160034,2.1053383194382858,636.4614545215014,0.8662556409835815,0.09110160171985626,0.04264256730675697,0.04096505790948868,0.0011763328220695257,0.8071730136871338
1596,0.015006223693490028,0.051060017198324203,0.09606710076332092,-0.10218964517116547,3.058450698852539,3.4025893681081385,1536.1118219969023,0.45088592171669006,0.3981572687625885,0.1508784145116806,0.13760291039943695,0.0042291865684092045,0.21835994720458984
1597,0.01834978349506855,0.05925801023840904,0.11144204437732697,-0.3023660182952881,2.806253433227539,3.229357460871683,1103.6444297435592,0.6902071237564087,0.19357536733150482,0.11618629097938538,0.08749140053987503,0.001761373016051948,0.5634521842002869
1598,0.015130490995943546,0.05854709446430206,0.11579400300979614,-0.05893651396036148,3.0806734561920166,3.869477499185515,1534.2600384089878,0.46125712990760803,0.4055999517440796,0.1331384927034378,0.13783793151378632,0.003814017167314887,0.22438213229179382
1599,0.014649826101958752,0.0555608756840229,0.10072672367095947,-0.11357711255550385,2.8048152923583984,3.7925962597468343,1321.645768678429,0.5512718558311462,0.33258527517318726,0.11613740026950836,0.1374070644378662,0.004255561623722315,0.2816567122936249
1600,0.014237111434340477,0.046037476509809494,0.0883101224899292,-0.14903709292411804,2.863304376602173,3.2336247924232473,1240.2319802672123,0.5910452604293823,0.3226906657218933,0.08626113831996918,0.13646405935287476,0.0035422358196228743,0.34380343556404114
1601,0.031174497678875923,0.0643022209405899,0.1240321695804596,-0.10424519330263138,2.0345473289489746,2.062654596744278,620.8736049370035,0.8822687268257141,0.07031722366809845,0.04741298407316208,0.039062414318323135,0.0006897164857946336,0.8250107169151306
1602,0.015612456947565079,0.06258920580148697,0.11777722090482712,-0.03720003738999367,3.1975317001342773,4.008927358947143,1553.1526199674606,0.4282574951648712,0.453141987323761,0.11827043443918228,0.12177188694477081,0.003977991174906492,0.2074221670627594
1603,0.03151733800768852,0.06430649012327194,0.1240321695804596,-0.10595451295375824,1.9945212602615356,2.0403528402539672,603.0625900683228,0.8925122022628784,0.058916471898555756,0.048570211976766586,0.04013410583138466,0.0015011499635875225,0.8306055665016174
1604,0.014612473547458649,0.05586962774395943,0.11167462170124054,-0.0583384707570076,3.1359472274780273,3.8234202825881356,1469.248887749901,0.49323710799217224,0.3702782690525055,0.1364835798740387,0.1390836387872696,0.004381311591714621,0.22977350652217865
1605,0.015259625390172005,0.05639961361885071,0.1079707145690918,-0.13629671931266785,2.948011875152588,3.6960025015737936,1465.2637582451498,0.48844197392463684,0.38164427876472473,0.12990936636924744,0.1264793425798416,0.004689237102866173,0.24467045068740845
1606,0.030164241790771484,0.0642879456281662,0.1240321695804596,-0.12866750359535217,2.020901918411255,2.1312634367525636,598.1648481576545,0.887868344783783,0.0692235603928566,0.04290313646197319,0.045358169823884964,0.0016872633714228868,0.8180117011070251
1607,0.01549062505364418,0.0597095862030983,0.11772240698337555,-0.17392326891422272,3.0596699714660645,3.854562743108743,1487.7505187206496,0.47300270199775696,0.4031357169151306,0.12386075407266617,0.12197831273078918,0.003448546165600419,0.24771571159362793
1608,0.025373470038175583,0.06426829844713211,0.1240321695804596,0.05707509443163872,2.228210926055908,2.5328935438434135,596.1273946074646,0.882626473903656,0.07686541229486465,0.04050739109516144,0.028565146028995514,0.0017653844552114606,0.8317171931266785
1609,0.015244824811816216,0.06058751046657562,0.11775091290473938,-0.16280974447727203,3.346585750579834,3.9743002107600565,1425.494050253531,0.5096204280853271,0.37027227878570557,0.12009595334529877,0.12754108011722565,0.003726502414792776,0.25693580508232117
1610,0.030115026980638504,0.06429015100002289,0.1240321695804596,-0.1055324599146843,2.1007790565490723,2.1348196380239464,642.6235044496055,0.8736410737037659,0.07281102240085602,0.05354789271950722,0.04641665518283844,0.0014572563813999295,0.8054068088531494
1611,0.03078322857618332,0.06431394070386887,0.1240321695804596,-0.12061620503664017,2.022430896759033,2.089252611778957,629.7377377228445,0.879202663898468,0.07007919251918793,0.05071550980210304,0.0396881066262722,0.0014753619907423854,0.8212742209434509
1612,0.014649800024926662,0.06089343875646591,0.11151809990406036,-0.13194653391838074,3.0592238903045654,4.156605458688788,1483.2184914490592,0.4671584665775299,0.3795241415500641,0.15302450954914093,0.14159166812896729,0.003167252754792571,0.22021466493606567
1613,0.025442780926823616,0.06425601243972778,0.12403217703104019,0.10762181878089905,2.258314609527588,2.525510580860245,648.0813621309267,0.8520933985710144,0.10210860520601273,0.04579789191484451,0.029462631791830063,0.0015408956678584218,0.7967492938041687
1614,0.014673285186290741,0.05184166505932808,0.09991752356290817,-0.02939096838235855,2.873485803604126,3.5330646407820594,1478.0149062726061,0.4838871657848358,0.3662140369415283,0.1498911827802658,0.14362508058547974,0.003517352044582367,0.23229201138019562
1615,0.015455263666808605,0.06324596703052521,0.10977627336978912,-0.06186068058013916,3.0414278507232666,4.092195926896977,1475.9457199902579,0.4431821405887604,0.4483855664730072,0.10842227935791016,0.12685880064964294,0.004125828389078379,0.21713607013225555
1616,0.03012269362807274,0.06433454155921936,0.12403217703104019,-0.11954052001237869,2.078387975692749,2.135749954882098,615.1250075842715,0.8770512342453003,0.08008764684200287,0.04285873845219612,0.04131384566426277,0.0013374914415180683,0.8187814950942993
1617,0.025525886565446854,0.06266362965106964,0.12241128832101822,0.09294085204601288,2.2753210067749023,2.454905121040514,652.7557617723332,0.8533899188041687,0.09747429192066193,0.049132391810417175,0.03033498302102089,0.0017961756093427539,0.8041620850563049
1618,0.015375839546322823,0.056939661502838135,0.1062396988272667,-0.08438193053007126,2.8802413940429688,3.7031904064550565,1470.8036550844226,0.4881307780742645,0.37487587332725525,0.13699333369731903,0.12091568857431412,0.0030049881897866726,0.245345339179039
1619,0.030600449070334435,0.06434266269207001,0.1240321695804596,-0.1078365296125412,2.0601329803466797,2.1026705373531347,621.1579062394114,0.8839849233627319,0.06651783734560013,0.04949137195944786,0.041272398084402084,0.0014103270368650556,0.814940333366394
1620,0.030625568702816963,0.0643410012125969,0.1240321695804596,-0.12005884200334549,2.0546789169311523,2.10089163844908,605.4291373402505,0.8793323040008545,0.08055373281240463,0.040111858397722244,0.042461883276700974,0.0010632447665557265,0.8127740621566772
1621,0.015194588340818882,0.06426448374986649,0.11390267312526703,-0.21425195038318634,3.1636385917663574,4.229432367904062,1378.1140387644548,0.5165873765945435,0.3749431371688843,0.10846278816461563,0.12609554827213287,0.0048075467348098755,0.25554341077804565
1622,0.0182124525308609,0.06428352743387222,0.1240321695804596,-0.29994699358940125,2.7762503623962402,3.5296469446613243,1102.0830506892246,0.6950551867485046,0.19152475893497467,0.11334013193845749,0.08616989105939865,0.0012858690461143851,0.5745763182640076
1623,0.017957357689738274,0.060106825083494186,0.1065465435385704,-0.30884838104248047,2.6463465690612793,3.347197628885848,1102.5302708268534,0.6912620663642883,0.19339525699615479,0.11527393758296967,0.08832838386297226,0.0014628684148192406,0.5694783926010132
1624,0.014590091072022915,0.05049287527799606,0.09197072684764862,-0.0715896487236023,2.844632148742676,3.460764914028358,1482.9485100207385,0.4796334207057953,0.39018797874450684,0.1299331933259964,0.13986478745937347,0.00451817037537694,0.23318052291870117
1625,0.025878677144646645,0.06427332013845444,0.1240321695804596,0.07030849158763885,2.26080060005188,2.483640093994009,603.2876536817976,0.8778652548789978,0.07861918956041336,0.04351552203297615,0.02829553559422493,0.0017229752847924829,0.828080415725708
1626,0.025481142103672028,0.05976593494415283,0.11917725205421448,0.06581375747919083,2.1747353076934814,2.3454967088462886,618.1234444849712,0.8697742223739624,0.0887744128704071,0.041451144963502884,0.02977706678211689,0.0009445888572372496,0.8150409460067749
1627,0.015532000921666622,0.0597546249628067,0.11449392139911652,-0.01501508243381977,3.1075785160064697,3.847194270739696,1429.6151520575536,0.49253007769584656,0.3885272443294525,0.11892403662204742,0.11870791018009186,0.003524258965626359,0.252628892660141
1628,0.01565796509385109,0.05686446279287338,0.10404457151889801,-0.09869884699583054,3.0680158138275146,3.631663657978935,1479.836095019468,0.48259514570236206,0.383388489484787,0.13397625088691711,0.11796293407678604,0.003968493081629276,0.24643650650978088
1629,0.03110000118613243,0.06433627754449844,0.12403217703104019,-0.1325250118970871,2.0154006481170654,2.0686905173211847,602.7524454413194,0.8774971961975098,0.08603252470493317,0.03646834194660187,0.04107720032334328,0.001218827092088759,0.8151715993881226
1630,0.031172454357147217,0.06431512534618378,0.1240321695804596,-0.1099836602807045,2.056232452392578,2.0632037698171946,628.2899758677537,0.8700491189956665,0.08678433299064636,0.04316471144556999,0.039072852581739426,0.000782428658567369,0.8147386312484741
1631,0.014875154010951519,0.05691549554467201,0.10596562176942825,-0.05379719287157059,2.8985345363616943,3.826212185698579,1433.7660037685534,0.4677615165710449,0.4121643602848053,0.12006402760744095,0.13949482142925262,0.003155681537464261,0.22498074173927307
1632,0.01499275304377079,0.05306386202573776,0.10146564245223999,-0.11572110652923584,2.805999279022217,3.5393007453187866,1329.3978893600272,0.5263478755950928,0.3879651427268982,0.08543526381254196,0.12590926885604858,0.003689270932227373,0.30650457739830017
1633,0.017803194001317024,0.05972261354327202,0.11356653273105621,-0.28608840703964233,2.6696724891662598,3.3546010640281363,1037.1148231087757,0.7151849269866943,0.1882987916469574,0.0965103879570961,0.09067461639642715,0.0011345441453158855,0.5897671580314636
1634,0.01559637114405632,0.05182693153619766,0.09432648122310638,-0.09190794080495834,2.814751625061035,3.323012196502234,1467.8600661648466,0.48780325055122375,0.3544442057609558,0.15758205950260162,0.12301158905029297,0.0042202407494187355,0.2445213943719864
1635,0.024984311312437057,0.06427428126335144,0.1240321695804596,0.02972261607646942,2.2854044437408447,2.5725856701434657,660.6512888790855,0.8515941500663757,0.09909245371818542,0.049311477690935135,0.0324757918715477,0.001961528090760112,0.7965584993362427
1636,0.018055541440844536,0.059081919491291046,0.11784923821687698,-0.301337867975235,2.6832656860351562,3.2722319450562707,1104.1013558196328,0.6897709965705872,0.18853703141212463,0.12169205397367477,0.08933434635400772,0.0015764764975756407,0.5646534562110901
1637,0.025361288338899612,0.06428752094507217,0.1240321695804596,0.06870658695697784,2.2899370193481445,2.5348681062046805,627.8689945880336,0.8577798008918762,0.10203875601291656,0.040181275457143784,0.028611233457922935,0.0021973990369588137,0.8000652194023132
1638,0.01817004196345806,0.06041909381747246,0.11287437379360199,-0.31951650977134705,2.6740362644195557,3.325203867754222,1073.7871809850717,0.6923202872276306,0.20109152793884277,0.10658775269985199,0.08767122030258179,0.0015573843847960234,0.5739682912826538
1639,0.02498737722635269,0.0642693042755127,0.1240321695804596,0.0795627236366272,2.2944679260253906,2.5720708376371584,661.9834240312621,0.8506593108177185,0.1022796556353569,0.047060832381248474,0.03236907348036766,0.0015838355757296085,0.7913668155670166
1640,0.014973077923059464,0.05780494958162308,0.11026284098625183,-0.03702196106314659,2.845620632171631,3.860592316075461,1372.1130323057687,0.5281949639320374,0.3415181040763855,0.1302722692489624,0.1293681263923645,0.00452796695753932,0.25611478090286255
1641,0.025654902681708336,0.0642881840467453,0.1240321695804596,0.04843859374523163,2.247704029083252,2.5058829823617375,631.8697965700483,0.8610525131225586,0.09541434049606323,0.04353287070989609,0.031259406358003616,0.0020466321147978306,0.8040827512741089
1642,0.014432349242269993,0.050072427839040756,0.09170518815517426,-0.14402812719345093,2.8298213481903076,3.469457882083212,1430.2702972802178,0.48400524258613586,0.40984341502189636,0.10614969581365585,0.14443017542362213,0.005220438353717327,0.23374193906784058
1643,0.025945166125893593,0.06368587166070938,0.12348062545061111,0.02277311496436596,2.2594757080078125,2.4546334122214573,649.3840071359917,0.8477596640586853,0.11119622737169266,0.04104319214820862,0.0279671810567379,0.0012744340347126126,0.7968371510505676
1644,0.017823638394474983,0.05977075546979904,0.1110946387052536,-0.2917097210884094,2.748425245285034,3.3534542243054863,1033.3578831340938,0.7120655179023743,0.18928997218608856,0.09861624240875244,0.08556921035051346,0.002036509569734335,0.5694419741630554
1645,0.015691149979829788,0.05708957463502884,0.11236681044101715,-0.05451963469386101,3.011855125427246,3.638329549126507,1514.3819460891184,0.4588240683078766,0.4282858073711395,0.11270056664943695,0.11850597709417343,0.003765495726838708,0.22584286332130432
1646,0.014058783650398254,0.05192180350422859,0.10095617175102234,-0.13421086966991425,2.880643367767334,3.693193151817552,1198.7385403498515,0.6069785356521606,0.30204638838768005,0.09096916019916534,0.1444498896598816,0.003853434696793556,0.33393236994743347
1647,0.029802965000271797,0.06430963426828384,0.1240321695804596,-0.1174258440732956,2.0513339042663574,2.157826721788907,601.1594117334828,0.8859100937843323,0.06924906373023987,0.04482227563858032,0.04571135714650154,0.0017377805197611451,0.8186302781105042
1648,0.014981476590037346,0.054621633142232895,0.10651545226573944,-0.11547935754060745,2.9061784744262695,3.645944564296835,1480.786258675778,0.46620726585388184,0.41419142484664917,0.1195806935429573,0.13069534301757812,0.0042708804830908775,0.2197922170162201
1649,0.017909634858369827,0.06092337891459465,0.11823365092277527,-0.33249932527542114,2.8044328689575195,3.4017097161934164,1069.4114661038316,0.7018455862998962,0.1879633069038391,0.11018984764814377,0.08962277323007584,0.001308802398853004,0.5729484558105469
1650,0.014977900311350822,0.057784684002399445,0.10990962386131287,-0.03784856200218201,2.8416852951049805,3.8579963010402745,1370.669873965665,0.528991162776947,0.34077441692352295,0.13022559881210327,0.12957428395748138,0.004550788551568985,0.2568131983280182
1651,0.025471093133091927,0.06425517052412033,0.1240321695804596,0.02554493211209774,2.2728426456451416,2.5226703143775815,665.0498373949716,0.85090571641922,0.0979628786444664,0.051131464540958405,0.029908308759331703,0.0014811138389632106,0.7991860508918762
1652,0.03123314119875431,0.06426865607500076,0.1240321695804596,-0.09725482016801834,1.9822661876678467,2.0577070895291927,660.5908646709269,0.8725768327713013,0.07269903272390366,0.05472368746995926,0.04068850725889206,0.0009146328084170818,0.8163864612579346
1653,0.015252476558089256,0.054420314729213715,0.1009378656744957,-0.1457730531692505,2.89438533782959,3.567965800070911,1461.1831219144246,0.4811510741710663,0.40695756673812866,0.11174653470516205,0.12461450695991516,0.004246032331138849,0.24927520751953125
1654,0.025502702221274376,0.06429221481084824,0.1240321695804596,0.056857362389564514,2.232431411743164,2.5209961772088065,648.8227095746428,0.8570945262908936,0.0948595404624939,0.04804573208093643,0.03001999668776989,0.0011675935238599777,0.8017888069152832
1655,0.03061666153371334,0.06431061029434204,0.1240321695804596,-0.11794690042734146,2.0539488792419434,2.1005102147216905,616.4528848791633,0.8807743787765503,0.0776459351181984,0.0415792278945446,0.039206650108098984,0.0015237255720421672,0.8195089101791382
1656,0.018210215494036674,0.06238071620464325,0.1114855483174324,-0.27530637383461,2.6572248935699463,3.425589127248141,1077.4421101772125,0.6986699104309082,0.185160294175148,0.116007499396801,0.08899615705013275,0.0018281108932569623,0.5616288781166077
1657,0.018001554533839226,0.060350894927978516,0.11199773848056793,-0.2902432084083557,2.7206759452819824,3.352537960606607,1086.8594601351874,0.6987572908401489,0.18729186058044434,0.11386869102716446,0.08558059483766556,0.0023713428527116776,0.5741954445838928
1658,0.01537379901856184,0.05315534025430679,0.10244517028331757,-0.06673111021518707,2.817354440689087,3.457527979042212,1449.1126110738546,0.4896140992641449,0.3856821060180664,0.12467703223228455,0.12144416570663452,0.0034537746105343103,0.2508770823478699
1659,0.017750194296240807,0.05858141928911209,0.11617754399776459,-0.28871968388557434,2.6703855991363525,3.3003255236602302,1067.7144209445191,0.7024120092391968,0.19014346599578857,0.10743599385023117,0.09150757640600204,0.0015896717086434364,0.5744955539703369
1660,0.0148934256285429,0.04880804568529129,0.09754159301519394,-0.10883130133152008,2.777653217315674,3.277153752221696,1446.9832510168083,0.509294331073761,0.3485618531703949,0.14214202761650085,0.13094766438007355,0.0036700726486742496,0.26276031136512756
1661,0.015401992946863174,0.054000191390514374,0.10470302402973175,-0.056847747415304184,2.891502618789673,3.506052208523196,1515.524648259903,0.47485601902008057,0.41513723134994507,0.10996595025062561,0.12018974125385284,0.004249908030033112,0.24417614936828613
1662,0.015342154540121555,0.055763520300388336,0.1067170798778534,-0.029753319919109344,3.078169584274292,3.6346603178142582,1336.563773233637,0.5201835036277771,0.39905285835266113,0.0807616338133812,0.1181439608335495,0.0025441322941333055,0.2994593679904938
1663,0.015198844484984875,0.05836125463247299,0.10651400685310364,-0.09495939314365387,2.8798351287841797,3.839848133605745,1408.039049968004,0.5224101543426514,0.3436356484889984,0.13390415906906128,0.12464810162782669,0.0038239075802266598,0.27445751428604126
1664,0.025705978274345398,0.06426017731428146,0.1240321695804596,0.0690065249800682,2.290231704711914,2.499814503302269,669.8606892841593,0.8478269577026367,0.10263217240571976,0.04954083636403084,0.030658775940537453,0.0013384133344516158,0.7943311333656311
1665,0.01498116459697485,0.04793500527739525,0.09547109156847,0.003046198282390833,2.871999979019165,3.199684841849684,1381.3728301816177,0.523495614528656,0.34964123368263245,0.1267705261707306,0.12952595949172974,0.0036742954980582,0.262675940990448
1666,0.014916458167135715,0.049401525408029556,0.09466491639614105,-0.20431113243103027,2.9686014652252197,3.3118803975571263,1401.8472850200512,0.5252958536148071,0.3733563721179962,0.10133729875087738,0.12388192117214203,0.003500176128000021,0.3097708523273468
1667,0.014722992666065693,0.04775168374180794,0.09466634690761566,-0.1472875475883484,2.8814187049865723,3.2433408629364546,1311.8334264236312,0.5628329515457153,0.35500016808509827,0.08206477761268616,0.12910780310630798,0.0043883174657821655,0.32309088110923767
1668,0.0182101521641016,0.06334736198186874,0.10993824899196625,-0.31262627243995667,2.6612141132354736,3.478683835672128,1038.8358572490747,0.713739812374115,0.18439480662345886,0.10186454653739929,0.08293192088603973,0.0023640859872102737,0.5797894597053528
1669,0.015312322415411472,0.06426355987787247,0.11355610191822052,-0.10586485266685486,3.0843758583068848,4.196852582531565,1441.3111042747041,0.49618396162986755,0.38230037689208984,0.12134968489408493,0.12548717856407166,0.004310906864702702,0.2514829635620117
1670,0.024633102118968964,0.06428192555904388,0.1240321695804596,0.09180080890655518,2.2513794898986816,2.6095749226376723,645.0769409959828,0.8607338070869446,0.090006522834301,0.04925817251205444,0.03316483646631241,0.0011670127278193831,0.8060422539710999
1671,0.025905773043632507,0.06428973376750946,0.1240321695804596,0.07119910418987274,2.2240488529205322,2.4816759436881517,615.0474235802998,0.8673785924911499,0.09157486259937286,0.04104526340961456,0.028706464916467667,0.001589474850334227,0.8139887452125549
1672,0.014331072568893433,0.057486604899168015,0.09849075973033905,-0.12090420722961426,2.9284005165100098,4.011326062219186,1260.0837459314491,0.5771700739860535,0.3185942769050598,0.10422847419977188,0.13505789637565613,0.0024120763409882784,0.3393920063972473
1673,0.025264116004109383,0.06427765637636185,0.12403217703104019,0.04183642938733101,2.3015434741973877,2.544227407891985,647.7469253189582,0.866102933883667,0.07921484112739563,0.05467689037322998,0.03373554348945618,0.0008509522886015475,0.8050215244293213
1674,0.014492467045783997,0.04985632374882698,0.09262658655643463,-0.1488410085439682,2.917996883392334,3.440154363496761,1295.204003651915,0.5617915987968445,0.3365044593811035,0.10170038044452667,0.1379978209733963,0.004154058638960123,0.28242728114128113
1675,0.018002670258283615,0.06429196894168854,0.10736083984375,-0.34739595651626587,2.715548276901245,3.5712462660107027,1025.0734923503833,0.7221131324768066,0.1775795817375183,0.10029717534780502,0.08833076804876328,0.0012540064053609967,0.5856920480728149
1676,0.015201442874968052,0.054100073873996735,0.10244159400463104,-0.11766433715820312,3.1152455806732178,3.558877556256419,1512.607662495039,0.4342977702617645,0.4518653154373169,0.11358468234539032,0.1333635449409485,0.00397520512342453,0.20750746130943298
1677,0.015384388156235218,0.05625716224312782,0.10907255858182907,-0.19908356666564941,3.009476661682129,3.656769555484096,1482.9570909542683,0.49201700091362,0.3634687662124634,0.1445106565952301,0.12019077688455582,0.004294396378099918,0.25455695390701294
1678,0.025339242070913315,0.06426224112510681,0.1240321695804596,0.06446748971939087,2.267735719680786,2.536075899299955,612.0487244551508,0.8717912435531616,0.08842001855373383,0.03978745639324188,0.030303871259093285,0.0013826802605763078,0.8176047801971436
1679,0.030971497297286987,0.06434045732021332,0.1240321695804596,-0.10982057452201843,2.0483288764953613,2.077408680005017,609.2292906648639,0.8766192197799683,0.08398856967687607,0.0393904410302639,0.04118464142084122,0.0007962907548062503,0.8191990852355957
1680,0.026060322299599648,0.06425976753234863,0.1240321695804596,0.03312145546078682,2.2624433040618896,2.465808626275893,661.6435367894411,0.844334065914154,0.11304529011249542,0.042619429528713226,0.028482360765337944,0.0009582936763763428,0.7962847352027893
1681,0.017949899658560753,0.062151432037353516,0.11323247849941254,-0.3051401972770691,2.602052688598633,3.4624946777487673,1076.6161466477395,0.6939509510993958,0.19352318346500397,0.11251641064882278,0.08896155655384064,0.0014908983139321208,0.5725987553596497
1682,0.014731758274137974,0.05564300715923309,0.10285080969333649,-0.02428954280912876,3.0140843391418457,3.7770784803833575,1456.4230320514696,0.4792287051677704,0.3968777358531952,0.12387493252754211,0.13905353844165802,0.004031924065202475,0.2297503501176834
1683,0.01476216223090887,0.05975429341197014,0.10993479192256927,-0.0184126328676939,3.060228109359741,4.0478008894123505,1450.2438057512402,0.4858158528804779,0.38184648752212524,0.1323372721672058,0.14242027699947357,0.0033949720673263073,0.23375163972377777
1684,0.014917958527803421,0.051632050424814224,0.09660398960113525,-0.16207215189933777,2.840014934539795,3.461066762259974,1299.3651775808403,0.5395528674125671,0.3751932978630066,0.08516833186149597,0.12682639062404633,0.002719294046983123,0.3175641894340515
1685,0.030767008662223816,0.06434158235788345,0.12403217703104019,-0.11954978853464127,2.052135944366455,2.0912524536319888,636.6643978886692,0.8664879202842712,0.09015808254480362,0.04335362836718559,0.04373253881931305,0.0015441947616636753,0.796899676322937
1686,0.01479265745729208,0.04977765679359436,0.09382227063179016,-0.034424297511577606,2.8042688369750977,3.365024636982404,1492.1895763494088,0.46332019567489624,0.4218282997608185,0.11473442614078522,0.1417483538389206,0.003967885859310627,0.2110482007265091
1687,0.015079839155077934,0.05585163086652756,0.10506884753704071,-0.1374320089817047,2.925302505493164,3.7037285536309277,1420.6693019351708,0.5201894640922546,0.3512020409107208,0.12858541309833527,0.12772619724273682,0.0039724381640553474,0.26320359110832214
1688,0.03074348159134388,0.06430962681770325,0.1240321695804596,-0.12365685403347015,2.053245782852173,2.0918134019576504,618.4624253023256,0.8780384659767151,0.07951179146766663,0.04244448244571686,0.04068857431411743,0.0011773946462199092,0.8161471486091614
1689,0.015102504752576351,0.055013108998537064,0.10688762366771698,-0.07018525153398514,2.9306113719940186,3.642648017409806,1306.8915741547692,0.5363037586212158,0.38549137115478516,0.07820487022399902,0.12327386438846588,0.002443842124193907,0.3041175603866577
1690,0.018240489065647125,0.06315886974334717,0.11998584866523743,-0.26119115948677063,2.5970139503479004,3.462564491148083,1075.3886836248187,0.7132692933082581,0.17237406969070435,0.11435265094041824,0.08513189852237701,0.0014743016799911857,0.5930148363113403
1691,0.015322357416152954,0.05381251126527786,0.10690908133983612,-0.11473045498132706,3.1369400024414062,3.512025584590283,1446.4593035506405,0.500541090965271,0.3760111331939697,0.12344662100076675,0.123160719871521,0.003671456128358841,0.24824920296669006
1692,0.01560008991509676,0.05943754315376282,0.1169358566403389,-0.016337482258677483,3.156670093536377,3.8100769593919406,1600.7985787952787,0.41211435198783875,0.44112685322761536,0.14653380215168,0.12199895828962326,0.0029492622707039118,0.19285614788532257
1693,0.017488786950707436,0.06132245808839798,0.1127244234085083,-0.3086598515510559,2.8612117767333984,3.506387164400276,1115.8948910285312,0.6821718811988831,0.2022562026977539,0.11555520445108414,0.09091690182685852,0.0015807843301445246,0.5531677603721619
1694,0.014509049244225025,0.05317438393831253,0.09942483901977539,-0.19358514249324799,2.9506614208221436,3.664911672679889,1330.7203894684365,0.5418094396591187,0.34981459379196167,0.10835009813308716,0.13467873632907867,0.0034730068873614073,0.280937522649765
1695,0.014655099250376225,0.0518159493803978,0.09911523759365082,-0.08780134469270706,2.907904624938965,3.5356941970578526,1289.8627816493513,0.5608625411987305,0.356211394071579,0.08286226540803909,0.130106121301651,0.0030363015830516815,0.31154176592826843
1696,0.01462142076343298,0.04679618030786514,0.09039133042097092,-0.13433222472667694,2.788954257965088,3.2005221012241285,1393.8491338232132,0.5215021371841431,0.35638511180877686,0.1219918504357338,0.13703447580337524,0.005983797367662191,0.26208239793777466
1697,0.015527091920375824,0.059082239866256714,0.11073677241802216,-0.14523322880268097,3.031883955001831,3.8051065946817397,1537.5721015595389,0.4826406240463257,0.3456145226955414,0.17157034575939178,0.11825259029865265,0.0029232657980173826,0.2458861619234085
1698,0.025315675884485245,0.06379324197769165,0.12356336414813995,0.08122339844703674,2.2473974227905273,2.5199106777262674,616.0808037366542,0.8632200956344604,0.09870675951242447,0.038073066622018814,0.032293807715177536,0.0012151594273746014,0.8039558529853821
1699,0.014982777647674084,0.054798323661088943,0.10077369213104248,-0.05853452533483505,3.049041509628296,3.657420869883788,1515.5084118031266,0.4660367965698242,0.4055212140083313,0.1283980906009674,0.1317153424024582,0.0035803085193037987,0.22811341285705566
1700,0.0146105932071805,0.055404357612133026,0.10047878324985504,0.10552051663398743,2.996340274810791,3.792067633579177,1491.5931612370575,0.4717542827129364,0.3967606723308563,0.13138186931610107,0.13918377459049225,0.004349826835095882,0.22868478298187256
1701,0.02584376372396946,0.06427734345197678,0.1240321695804596,0.060854922980070114,2.244455337524414,2.4871510255247364,642.8392564430485,0.8559086322784424,0.1019953042268753,0.042087167501449585,0.03013952635228634,0.0019519294146448374,0.8032486438751221
1702,0.03043331205844879,0.0643155574798584,0.1240321695804596,-0.124822236597538,2.0364818572998047,2.1133275719127655,624.4731001492306,0.8821487426757812,0.06940445303916931,0.04842064157128334,0.04315883293747902,0.0011083211284130812,0.8217921257019043
1703,0.014762042090296745,0.04861057549715042,0.09207247197628021,-0.040351029485464096,2.8047993183135986,3.2929438350409357,1465.7021687161475,0.48590582609176636,0.38266751170158386,0.13141363859176636,0.1393910050392151,0.004890173673629761,0.22764627635478973
1704,0.030808361247181892,0.06429675221443176,0.12403217703104019,-0.11045494675636292,2.045353412628174,2.0869903366971894,611.1236195107214,0.8813045024871826,0.07404669374227524,0.04463193193078041,0.04243071749806404,0.001327002071775496,0.8176348805427551
1705,0.018245872110128403,0.06428512185811996,0.11385586857795715,-0.29702135920524597,2.714972972869873,3.5232693436950933,1135.666369849429,0.686787486076355,0.1920327991247177,0.12110402435064316,0.08487264066934586,0.0013808829244226217,0.5670034885406494
1706,0.014300511218607426,0.052030183374881744,0.09503167867660522,-0.20557069778442383,2.952531576156616,3.6383442924434184,1240.6585067434587,0.580344557762146,0.33269137144088745,0.08691256493330002,0.1349351853132248,0.0029323671478778124,0.3414001166820526
1707,0.014583466574549675,0.05748632177710533,0.10376524180173874,-0.03146737813949585,2.808279514312744,3.9418831921270114,1307.116774296781,0.5600327253341675,0.34779760241508484,0.09208313375711441,0.13011616468429565,0.003596473718062043,0.3115180432796478
1708,0.014775965362787247,0.050040509551763535,0.09282983839511871,-0.19339393079280853,2.9727280139923096,3.386615244402386,1345.8396065887455,0.5367071628570557,0.35441672801971436,0.108668252825737,0.13272474706172943,0.0053957304917275906,0.2786870300769806
1709,0.014971292577683926,0.05975845083594322,0.11358389258384705,-0.08539219200611115,3.0089938640594482,3.9915358357919675,1400.0462660124333,0.5146934390068054,0.3720495402812958,0.11325214058160782,0.12893900275230408,0.003776799887418747,0.2635226249694824
1710,0.014568419195711613,0.049267224967479706,0.09758774191141129,-0.08531110733747482,2.989988327026367,3.3817824914456276,1274.0440180318044,0.5650045275688171,0.3509736955165863,0.08399941772222519,0.12905621528625488,0.002893268596380949,0.32936596870422363
1711,0.018309224396944046,0.058149553835392,0.10892277956008911,-0.260771244764328,2.683314800262451,3.175970350875248,1095.9064226614146,0.6794490218162537,0.21769848465919495,0.1028524860739708,0.08536816388368607,0.001598203438334167,0.5569518804550171
1712,0.014328130520880222,0.04893442243337631,0.0940321683883667,-0.1269330531358719,2.9129912853240967,3.4152691698787545,1285.22830740715,0.5719682574272156,0.34684646129608154,0.081171415746212,0.13316074013710022,0.004728293512016535,0.33670201897621155
1713,0.015000604093074799,0.058755215257406235,0.11626118421554565,-0.10961885005235672,3.265657663345337,3.9168566071692004,1540.1462515176686,0.4539966285228729,0.40387409925460815,0.14212919771671295,0.13717375695705414,0.0038350634276866913,0.22553248703479767
1714,0.01516158040612936,0.05589912459254265,0.09971033036708832,-0.16320255398750305,3.051184892654419,3.686892994760458,1529.8479011877855,0.45146822929382324,0.43984276056289673,0.10861824452877045,0.12750452756881714,0.004006559960544109,0.21912167966365814
1715,0.030432961881160736,0.0643405094742775,0.12403217703104019,-0.11321143805980682,2.0876550674438477,2.114171789239902,677.2332292508987,0.8558021783828735,0.09104657918214798,0.05314861610531807,0.0397624708712101,0.001063492614775896,0.7924942970275879
1716,0.026024101302027702,0.06426188349723816,0.1240321695804596,0.09505583345890045,2.2259955406188965,2.469321908524918,661.0557125415382,0.8447368144989014,0.11098291724920273,0.044280193746089935,0.0279978159815073,0.001286084996536374,0.7957276701927185
1717,0.015060742385685444,0.05708642676472664,0.1080324575304985,-0.10193972289562225,3.038494348526001,3.790412537378921,1397.006743073676,0.5175115466117859,0.35161685943603516,0.1307278722524643,0.1256808191537857,0.004888968076556921,0.25786349177360535
1718,0.015317220240831375,0.05890237167477608,0.11041252315044403,-0.05667863041162491,2.861823081970215,3.8455000806160324,1417.1019148313808,0.4936000406742096,0.4058809280395508,0.10044592618942261,0.12432291358709335,0.0034031348768621683,0.24150468409061432
1719,0.014585615135729313,0.057537417858839035,0.10411490499973297,-0.029985347762703896,2.8107919692993164,3.9448057088760713,1306.669452319705,0.5601369738578796,0.3477734327316284,0.09200761467218399,0.1302279531955719,0.0035887514241039753,0.31179413199424744
1720,0.01451902650296688,0.0468272864818573,0.09250868856906891,-0.04685179889202118,2.9562437534332275,3.2252359666857258,1334.6220080630314,0.5634207129478455,0.34051454067230225,0.09589850157499313,0.12958411872386932,0.002677745185792446,0.3308570981025696
1721,0.014708271250128746,0.0578538253903389,0.10330463945865631,-0.1075885146856308,2.8919546604156494,3.9334211616405335,1490.1021417059626,0.4729357659816742,0.3819229006767273,0.1451406329870224,0.13645686209201813,0.004000267945230007,0.23244979977607727
1722,0.014761218801140785,0.0488738939166069,0.09372486174106598,-0.24347124993801117,2.8082408905029297,3.310966023315015,1290.4020883266135,0.5458115935325623,0.36648043990135193,0.08770696818828583,0.1318238228559494,0.002193594351410866,0.32465511560440063
1723,0.02597033977508545,0.06427149474620819,0.1240321695804596,0.04313955456018448,2.202540397644043,2.474803768466365,620.6271854643549,0.8726024031639099,0.07892405241727829,0.048473257571458817,0.026679199188947678,0.001702061272226274,0.8251062035560608
1724,0.014842487871646881,0.05715157464146614,0.09817324578762054,-0.17278604209423065,2.989229440689087,3.850538746054183,1548.646451379103,0.4556638300418854,0.424021452665329,0.12031223624944687,0.1365063190460205,0.0037707395385950804,0.22602038085460663
1725,0.030050739645957947,0.06433496624231339,0.12403217703104019,-0.10581157356500626,2.107147693634033,2.1408779616785925,631.8516160143696,0.86891108751297,0.08726712316274643,0.04382168501615524,0.04182075336575508,0.0010092862648889422,0.8066821694374084
1726,0.030574960634112358,0.06428692489862442,0.1240321695804596,-0.10861741006374359,2.040092706680298,2.1026004143010133,630.4783582538063,0.87828528881073,0.07537303119897842,0.04633472114801407,0.04249057546257973,0.0015390811022371054,0.8128988742828369
1727,0.014490492641925812,0.04888592287898064,0.09425896406173706,-0.06565441191196442,2.9977428913116455,3.3736549945971994,1427.6699227966308,0.5085514187812805,0.3613634407520294,0.13008171319961548,0.14520949125289917,0.005496389698237181,0.24407005310058594
1728,0.03029678389430046,0.06432262808084488,0.1240321695804596,-0.11512594670057297,2.097749710083008,2.12308436113651,613.9508830234555,0.8796843886375427,0.07804510742425919,0.04226188361644745,0.0414152555167675,0.0011300938203930855,0.8139415979385376
1729,0.015702959150075912,0.058281395584344864,0.10894697159528732,-0.15296903252601624,3.0370044708251953,3.7114912561147198,1477.3921958357541,0.48449844121932983,0.39709287881851196,0.11840775609016418,0.12064583599567413,0.004843622446060181,0.23248711228370667
1730,0.017893614247441292,0.06132012605667114,0.11269481480121613,-0.28776299953460693,2.806471347808838,3.4269279087657054,1117.4725930111292,0.695801317691803,0.18425193428993225,0.1198650449514389,0.09270230680704117,0.0016708231996744871,0.5648477077484131
1731,0.014087988995015621,0.046241968870162964,0.0898457020521164,-0.14932139217853546,2.9596402645111084,3.2823683268947157,1273.2387961128632,0.5924688577651978,0.3045464754104614,0.10297851264476776,0.14104506373405457,0.0030683516524732113,0.3381308317184448
1732,0.025462089106440544,0.06427636742591858,0.1240321695804596,0.0952746719121933,2.2668697834014893,2.5243948819241115,622.0218146111662,0.8715168237686157,0.08280482143163681,0.04567824676632881,0.03038593754172325,0.0012961033498868346,0.8207718729972839
1733,0.014913767576217651,0.048001743853092194,0.09089012444019318,-0.06332272291183472,2.875122547149658,3.218619547646693,1318.1458328435428,0.5411269068717957,0.377388060092926,0.08138053864240646,0.12308429926633835,0.002494614105671644,0.321051687002182
1734,0.014457679353654385,0.04676920548081398,0.08947671949863434,-0.02748728357255459,2.899732828140259,3.2349040488131653,1281.7103997592449,0.5758004784584045,0.3268764019012451,0.09728720039129257,0.13403357565402985,0.002670083660632372,0.3416483998298645
1735,0.030578454956412315,0.06433439254760742,0.1240321695804596,-0.11792925000190735,2.045435905456543,2.1039124650741243,609.3005424610785,0.8849615454673767,0.06930309534072876,0.045734990388154984,0.040664058178663254,0.0012605390511453152,0.8258547782897949
1736,0.014790838584303856,0.056813012808561325,0.10371341556310654,-0.04177046939730644,2.974344253540039,3.841094775046129,1474.8534836951405,0.4903832674026489,0.37960493564605713,0.13001158833503723,0.13425800204277039,0.004913770593702793,0.23429839313030243
1737,0.017712946981191635,0.0630282387137413,0.11758430302143097,-0.35641467571258545,2.8111865520477295,3.5583146484381776,1059.1407681093876,0.7020781636238098,0.19198481738567352,0.10585832595825195,0.0915110856294632,0.0014708484522998333,0.5638965368270874
1738,0.015387484803795815,0.05708913505077362,0.10688523948192596,-0.08516044914722443,2.8846757411956787,3.7101017986370755,1470.8277737567075,0.4879806339740753,0.37498340010643005,0.13703574240207672,0.12136884033679962,0.002997669158503413,0.2449703961610794
1739,0.015453989617526531,0.06426940113306046,0.11428642272949219,-0.06137730926275253,2.97845458984375,4.158757881913749,1508.7918338636466,0.4796809256076813,0.3816888630390167,0.13862957060337067,0.11747143417596817,0.003521633567288518,0.24727104604244232
1740,0.01494043879210949,0.05342835187911987,0.09509941935539246,-0.15386387705802917,2.770902395248413,3.576089873863742,1386.0825611043172,0.509675920009613,0.38921108841896057,0.10096340626478195,0.12856537103652954,0.0034545257221907377,0.26290467381477356
1741,0.01820959337055683,0.061391040682792664,0.10702712833881378,-0.2818097174167633,2.7346901893615723,3.371357033083712,1077.2632299154582,0.6918818950653076,0.19298981130123138,0.11511808633804321,0.08527414500713348,0.0025346470065414906,0.5617303252220154
1742,0.014101499691605568,0.04890155792236328,0.08708330243825912,-0.1580227166414261,2.7233986854553223,3.4678267551929878,1218.758029814242,0.5974432826042175,0.32527607679367065,0.07727733254432678,0.1416075974702835,0.002831077203154564,0.34238457679748535
1743,0.018042927607893944,0.06428488343954086,0.11121128499507904,-0.3068339228630066,2.6471526622772217,3.5628854049080574,1041.4359078446578,0.7069995403289795,0.19953620433807373,0.09346357733011246,0.08690380305051804,0.001028378144837916,0.5802990198135376
1744,0.015350385569036007,0.05782931298017502,0.10855293273925781,-0.06520751118659973,2.906841516494751,3.767287324238812,1596.948914512805,0.4448729157447815,0.4063834547996521,0.1487242877483368,0.12717664241790771,0.004663732834160328,0.20708410441875458
1745,0.014919069595634937,0.04933435842394829,0.09736193716526031,-0.1342967450618744,2.8234829902648926,3.30679859788816,1405.3923525324938,0.5191150903701782,0.3803812563419342,0.10050361603498459,0.1234206035733223,0.0034172474406659603,0.29548898339271545
