样本编号,均方根_RMS,峰值_Peak,峰峰值_PeakToPeak,偏度_Skewness,峭度_Kurtosis,峰值因子_CrestFactor,频率重心_Hz,0到1kHz能量占比,1到3kHz能量占比,3到5kHz能量占比,一倍频能量占比,二倍频能量占比,三四倍频能量占比
0,0.014951761811971664,0.052251361310482025,0.09796199202537537,-0.08204735070466995,2.870065689086914,3.4946624995825197,1388.4365074079485,0.526075541973114,0.3789582848548889,0.09488628804683685,0.12383078038692474,0.003196191042661667,0.3120538890361786
1,0.03028981015086174,0.06429341435432434,0.1240321695804596,-0.10741259902715683,2.0299277305603027,2.122608693550118,619.9569300244003,0.8824187517166138,0.07033472508192062,0.04724237322807312,0.04482095316052437,0.0016402369365096092,0.8117311596870422
2,0.0145570645108819,0.04798484966158867,0.0929625853896141,-0.004324608016759157,2.9262776374816895,3.296327334568177,1501.7125041352401,0.4741753339767456,0.3944092094898224,0.13139691948890686,0.14030767977237701,0.003427969291806221,0.22775162756443024
3,0.02587657794356346,0.06426447629928589,0.1240321695804596,0.06954823434352875,2.2618789672851562,2.483499805768851,603.4971423912785,0.8777604103088379,0.07861752063035965,0.04362061247229576,0.028361018747091293,0.0017138099065050483,0.8279514908790588
4,0.030611857771873474,0.06428427994251251,0.1240321695804596,-0.12914888560771942,2.0595436096191406,2.0999797013129227,611.9325289029468,0.8815423250198364,0.07387969642877579,0.044574230909347534,0.04288284480571747,0.001126629300415516,0.8129153251647949
5,0.026031168177723885,0.06423339247703552,0.12403217703104019,0.05153618007898331,2.2102653980255127,2.4675570468456947,633.8557363274842,0.8625471591949463,0.08810260891914368,0.04934738948941231,0.030711805447936058,0.001245134393684566,0.8098137378692627
6,0.03056330978870392,0.06429065018892288,0.1240321695804596,-0.12102560698986053,2.0405478477478027,2.103523820924033,608.5025698614986,0.891231894493103,0.061364952474832535,0.04740297049283981,0.04053705185651779,0.001452541328035295,0.828797459602356
7,0.018045037984848022,0.057772696018218994,0.10658794641494751,-0.291236937046051,2.665705919265747,3.201583508082817,1049.3797919265867,0.7205309867858887,0.16768045723438263,0.11177028715610504,0.08831463754177094,0.002393262227997184,0.5870617032051086
8,0.015366785228252411,0.060154061764478683,0.1044621467590332,-0.08063849061727524,2.98880934715271,3.9145508228987693,1435.0690412832614,0.5130822062492371,0.3542789816856384,0.13224416971206665,0.12265417724847794,0.003423465648666024,0.25674736499786377
9,0.015488479286432266,0.0525050088763237,0.10460780560970306,-0.09943617880344391,2.7560577392578125,3.389939573921086,1424.6729146200819,0.5026240944862366,0.3730209469795227,0.12433890253305435,0.12407238781452179,0.005010991357266903,0.2466612160205841
10,0.030594635754823685,0.06416618078947067,0.1240321695804596,-0.1206723004579544,2.030555248260498,2.097301674109869,582.7426096988748,0.8933210968971252,0.06657618284225464,0.039521172642707825,0.04414190351963043,0.0016563445096835494,0.8273691534996033
11,0.015705525875091553,0.06428941339254379,0.11368268728256226,-0.05351310595870018,2.9969642162323,4.093426345590329,1492.9288736162462,0.4765518307685852,0.39922353625297546,0.12416195869445801,0.11765551567077637,0.003725220449268818,0.2441418468952179
12,0.014619480818510056,0.049653805792331696,0.0904521495103836,-0.1459137201309204,2.757500171661377,3.396413758145739,1319.4253540274317,0.5410963296890259,0.37461668252944946,0.08426695317029953,0.13413552939891815,0.0034216921776533127,0.30414775013923645
13,0.015510461293160915,0.05717749148607254,0.1052752435207367,-0.18221373856067657,3.023210287094116,3.686382397124297,1456.6855695899294,0.4804818034172058,0.4084806442260742,0.11102212220430374,0.12210917472839355,0.0034517659805715084,0.25014346837997437
14,0.014476312324404716,0.051151175051927567,0.09765461087226868,-0.13948100805282593,2.996201753616333,3.5334395875226825,1507.187816002589,0.4730941653251648,0.3990659713745117,0.12775318324565887,0.14315581321716309,0.004152919631451368,0.21977898478507996
15,0.01497937086969614,0.05477176979184151,0.10670822858810425,-0.1114780455827713,2.9109976291656494,3.6564799860180033,1480.7437907808408,0.4661785662174225,0.4141841232776642,0.11960060149431229,0.13057686388492584,0.004264823626726866,0.2195882797241211
16,0.01775655336678028,0.055786848068237305,0.10359425842761993,-0.2539297342300415,2.5866775512695312,3.141761067745499,1026.3447781185318,0.7121657729148865,0.18636435270309448,0.10146918147802353,0.09001371264457703,0.0016931401332840323,0.5913833379745483
17,0.01490037888288498,0.06434189528226852,0.1071077287197113,-0.13695615530014038,2.8442025184631348,4.318138201965818,1356.5358953014763,0.5237732529640198,0.36347538232803345,0.11271704733371735,0.12865634262561798,0.003514598123729229,0.27003833651542664
18,0.025357114151120186,0.061070870608091354,0.12082155048847198,0.06190352886915207,2.2626469135284424,2.4084314264517768,638.1616569608167,0.868538498878479,0.08000952005386353,0.051451876759529114,0.03107050433754921,0.001576147973537445,0.8162922859191895
19,0.015240030363202095,0.052621930837631226,0.09221996366977692,-0.16156408190727234,2.903563976287842,3.4528757213789376,1519.6756877895023,0.43667954206466675,0.4554167687892914,0.1078561544418335,0.12790055572986603,0.0037758557591587305,0.20686230063438416
20,0.017817454412579536,0.055662333965301514,0.104847751557827,-0.2653770446777344,2.64608097076416,3.1240340327672502,1068.238067603688,0.7011880278587341,0.18557392060756683,0.11318373680114746,0.08920705318450928,0.0014318242901936173,0.5697435736656189
21,0.015081177465617657,0.05544072762131691,0.10458517074584961,-0.13771894574165344,2.925612449645996,3.6761537846786525,1422.3731241105174,0.5196793079376221,0.3513951599597931,0.1289086788892746,0.1277964562177658,0.003951003309339285,0.2629178762435913
22,0.015094448812305927,0.0642886534333229,0.11218129098415375,-0.3125523626804352,3.2676572799682617,4.259092480187268,1543.2087850321525,0.4628444015979767,0.394448459148407,0.1426677703857422,0.1391034871339798,0.003394738771021366,0.20989207923412323
23,0.015524931252002716,0.05976250395178795,0.1168464720249176,-0.032708559185266495,2.8759777545928955,3.8494536934087313,1465.5000367449625,0.4917580187320709,0.3757131099700928,0.13252805173397064,0.12017670273780823,0.003937656991183758,0.24877896904945374
24,0.014829698018729687,0.05096977949142456,0.09692931920289993,-0.17830432951450348,3.0224881172180176,3.4370072420634243,1500.025456793618,0.4752500653266907,0.39063194394111633,0.13411788642406464,0.13956494629383087,0.004086608067154884,0.21855729818344116
25,0.03124021366238594,0.06421317905187607,0.1240321695804596,-0.09634403139352798,1.983082890510559,2.0554654249095297,661.0040321842229,0.8725916743278503,0.07262607663869858,0.0547218956053257,0.04053683578968048,0.0009282556129619479,0.8162359595298767
26,0.015554318204522133,0.05971980467438698,0.11680525541305542,-0.07367042452096939,3.053009510040283,3.839435704303973,1457.3086637567378,0.4978022873401642,0.36380892992019653,0.13831493258476257,0.12146423757076263,0.0043080272153019905,0.249785915017128
27,0.01567612774670124,0.06172095239162445,0.11671403050422668,-0.11400187015533447,3.201571226119995,3.9372575539693,1441.887808884944,0.4885264039039612,0.38761305809020996,0.12379179149866104,0.11538046598434448,0.0046967025846242905,0.2458602339029312
28,0.031157927587628365,0.0642680898308754,0.12403217703104019,-0.12556540966033936,2.0548529624938965,2.0626561136990116,622.2064849255731,0.8637100458145142,0.09656399488449097,0.039717622101306915,0.04316669702529907,0.0011677196016535163,0.8021080493927002
29,0.01767256297171116,0.06218123808503151,0.10919472575187683,-0.3056093752384186,2.6917049884796143,3.518518405114629,1056.0690895538125,0.7171465158462524,0.17634007334709167,0.10650810599327087,0.0900338888168335,0.0019335574470460415,0.5824259519577026
30,0.030593059957027435,0.06422524899244308,0.1240321695804596,-0.08843491226434708,2.0801563262939453,2.099340473968861,631.6465731463602,0.8763806819915771,0.07470113039016724,0.048417650163173676,0.03989886865019798,0.0007477791514247656,0.8162593245506287
31,0.014700459316372871,0.0491095632314682,0.09680874645709991,-0.11797269433736801,2.8181416988372803,3.340682231162053,1281.3996568373964,0.5430339574813843,0.3760024905204773,0.08041278272867203,0.12835080921649933,0.0034691840410232544,0.31937891244888306
32,0.030773494392633438,0.06427464634180069,0.1240321695804596,-0.12673881649971008,2.0586462020874023,2.0886365883459153,643.5894932146417,0.8706526756286621,0.08061479777097702,0.04872924089431763,0.04162432998418808,0.0008381573716178536,0.8079848289489746
33,0.018404275178909302,0.06424987316131592,0.1240321695804596,-0.2883603572845459,2.8753700256347656,3.4910298033064158,1139.8567510808937,0.67741858959198,0.20683814585208893,0.1156756654381752,0.0840471014380455,0.0011316847521811724,0.5603071451187134
34,0.03000989928841591,0.06416208297014236,0.1240321695804596,-0.13284873962402344,2.0521414279937744,2.138030599548579,620.0698053490928,0.8792371153831482,0.07493405789136887,0.04548541456460953,0.043073710054159164,0.0009608658729121089,0.8172465562820435
35,0.015391506254673004,0.05593020096421242,0.10189540684223175,-0.16237051784992218,3.020402431488037,3.6338354437271305,1511.496238552743,0.4574242830276489,0.4248650074005127,0.11771009862422943,0.12766911089420319,0.004318625666201115,0.21805280447006226
36,0.018056299537420273,0.059758495539426804,0.11503541469573975,-0.28591716289520264,2.7698566913604736,3.309564920114026,1087.8836364320991,0.6866475939750671,0.21184495091438293,0.1015053391456604,0.08524183928966522,0.0013706109020859003,0.5695069432258606
37,0.01826031319797039,0.06426923722028732,0.11272478103637695,-0.2821369171142578,2.705028533935547,3.519613082206671,1066.964368639807,0.6922667622566223,0.20646962523460388,0.10125816613435745,0.08548084646463394,0.001693357597105205,0.5660262107849121
38,0.014900285750627518,0.05381647124886513,0.10356234014034271,-0.13551834225654602,2.860518455505371,3.611774441506056,1348.184683388198,0.5442698001861572,0.3537072539329529,0.10196667164564133,0.12848377227783203,0.0045966110192239285,0.3153059184551239
39,0.025556225329637527,0.0642990991473198,0.12403217703104019,0.06274718791246414,2.2916574478149414,2.5159857653249054,662.3620609243843,0.8527945280075073,0.09389190375804901,0.053308505564928055,0.030968710780143738,0.0016558874631300569,0.7974324822425842
40,0.02977488748729229,0.06424926221370697,0.1240321695804596,-0.1440664529800415,2.0833921432495117,2.157833920916419,654.3908003762318,0.8728894591331482,0.0714455172419548,0.05566387623548508,0.045038335025310516,0.0009262193343602121,0.8068825006484985
41,0.014454122632741928,0.04982975497841835,0.09813565760850906,-0.0981316864490509,2.947291135787964,3.4474423831229295,1465.302074166639,0.47202423214912415,0.39824262261390686,0.12970943748950958,0.14587096869945526,0.0032683529425412416,0.22745095193386078
42,0.018087688833475113,0.06423794478178024,0.116243377327919,-0.3635830283164978,2.877243995666504,3.5514733457456877,1068.48061628835,0.6987876892089844,0.19138741493225098,0.10982418060302734,0.08732207864522934,0.0015591748524457216,0.5688255429267883
43,0.030752863734960556,0.06429044157266617,0.1240321695804596,-0.11923882365226746,2.0507001876831055,2.090551375138725,637.2612470657592,0.8662490844726562,0.09029228240251541,0.04345858469605446,0.04390775412321091,0.0015413248911499977,0.7964847087860107
44,0.025813447311520576,0.06425393372774124,0.1240321695804596,0.06013556942343712,2.305098533630371,2.4891651606941885,671.2809320712443,0.8394355177879333,0.11596211791038513,0.04459422454237938,0.030941549688577652,0.0015585945220664144,0.7895011901855469
45,0.015173337422311306,0.05977940559387207,0.1116408258676529,-0.13565099239349365,3.1823134422302246,3.939766442024216,1341.6072276208422,0.5118619203567505,0.3976379632949829,0.0903533473610878,0.12157272547483444,0.002637265482917428,0.2972458302974701
46,0.01497825887054205,0.059737492352724075,0.11353011429309845,-0.08516814559698105,3.011378765106201,3.9882801375680823,1400.298438170992,0.5148122310638428,0.37171950936317444,0.11346647143363953,0.1290186047554016,0.0037698158994317055,0.263744592666626
47,0.025904005393385887,0.06423211097717285,0.1240321695804596,0.05913597717881203,2.258537530899048,2.4796208153621575,652.2697576654098,0.8525162935256958,0.10368653386831284,0.043797120451927185,0.03132874518632889,0.0007927297265268862,0.7985303997993469
48,0.02537018060684204,0.0642923042178154,0.12403217703104019,0.032040443271398544,2.316382884979248,2.534168172139159,669.0421738747875,0.8447114825248718,0.10715692490339279,0.04811905696988106,0.02898414433002472,0.0021007766481488943,0.7869744896888733
49,0.025265127420425415,0.06427743285894394,0.1240321695804596,0.04268742352724075,2.299612045288086,2.544116710230212,647.0315385248507,0.8663721084594727,0.07905589044094086,0.05457181856036186,0.033521901816129684,0.0008530271588824689,0.8055367469787598
50,0.014437646605074406,0.04568731039762497,0.08878318965435028,-0.16565489768981934,2.8485727310180664,3.1644568982872023,1489.9025119450446,0.4828813970088959,0.3783749043941498,0.13870880007743835,0.14855287969112396,0.004948162939399481,0.2257753610610962
51,0.0307460967451334,0.06415310502052307,0.1240321695804596,-0.1232103779911995,2.006549835205078,2.0865446937940475,590.3553858429032,0.8961749076843262,0.05884946882724762,0.04436209425330162,0.04159350320696831,0.0014131054049357772,0.8343351483345032
52,0.025714576244354248,0.06312523037195206,0.12289892882108688,0.03701096773147583,2.181608200073242,2.4548423341549968,630.35804384494,0.8633851408958435,0.09559904783964157,0.0410139262676239,0.0311476681381464,0.0011728538665920496,0.8042718172073364
53,0.03102666698396206,0.06430415064096451,0.1240321695804596,-0.10953580588102341,2.0728724002838135,2.0725445846997137,644.0322316687843,0.8602489829063416,0.09690184891223907,0.04283786565065384,0.0363992378115654,0.001194812124595046,0.8035398125648499
54,0.03066396713256836,0.06438381969928741,0.1240321695804596,-0.12116704881191254,2.0615172386169434,2.0996572106550873,661.3163543229364,0.8676863312721252,0.07947046309709549,0.052837565541267395,0.041207633912563324,0.0003706027055159211,0.7997881174087524
55,0.015279112383723259,0.06027146801352501,0.10761823505163193,-0.18497222661972046,3.050950527191162,3.944696949397867,1462.4186288065846,0.495413213968277,0.3777591288089752,0.12679384648799896,0.12433582544326782,0.004568930249661207,0.24722565710544586
56,0.03102867864072323,0.0642833337187767,0.12403217703104019,-0.127536341547966,2.0266776084899902,2.071739324159845,612.015344552762,0.8798656463623047,0.07532211393117905,0.0448116771876812,0.04033129662275314,0.0012646979885175824,0.8231456875801086
57,0.017877358943223953,0.061971332877874374,0.10975562036037445,-0.26054075360298157,2.6913094520568848,3.4664702471556557,1099.1971496972853,0.6992921829223633,0.17581047117710114,0.12488351762294769,0.0889873281121254,0.0020542314741760492,0.5705726742744446
58,0.01449196133762598,0.06284826248884201,0.11151827126741409,-0.04245388135313988,2.879448175430298,4.336767192535224,1268.2689297645966,0.5654799342155457,0.35068660974502563,0.08382856845855713,0.13199327886104584,0.0030363379046320915,0.32168248295783997
59,0.01797705516219139,0.06424043327569962,0.1110292449593544,-0.3354940712451935,2.6331703662872314,3.573468106569201,1038.571730365799,0.7166457772254944,0.1793387085199356,0.10400406271219254,0.08707916736602783,0.001603320357389748,0.583468496799469
60,0.026094617322087288,0.06395767629146576,0.12380604445934296,0.08292891830205917,2.2625396251678467,2.450991156512536,656.8485892243749,0.8469700813293457,0.11188045144081116,0.0411471351981163,0.027819806709885597,0.0011674873530864716,0.8017773032188416
61,0.029984276741743088,0.06435734778642654,0.1240321695804596,-0.12570121884346008,2.0674397945404053,2.1463698570619205,607.0347404590066,0.8827816843986511,0.07417105883359909,0.043015673756599426,0.043141648173332214,0.0009118102607317269,0.8214940428733826
62,0.015326160006225109,0.059027694165706635,0.11165131628513336,-0.008841126225888729,3.135469436645508,3.8514340276937995,1508.3211472155301,0.45470359921455383,0.4139450490474701,0.131344735622406,0.1290067732334137,0.003683830611407757,0.220546692609787
63,0.025268366560339928,0.0642736628651619,0.12403217703104019,0.06035596504807472,2.323152780532837,2.543641382957427,685.787029852636,0.8430264592170715,0.10288579016923904,0.05408662557601929,0.0318363681435585,0.001252363552339375,0.7866060137748718
64,0.014828572981059551,0.06298774480819702,0.11345826089382172,-0.09249548614025116,3.249617338180542,4.247728010267958,1447.9808100318908,0.47607728838920593,0.4096434414386749,0.11424487084150314,0.13554853200912476,0.004892547614872456,0.2254388928413391
65,0.01799873262643814,0.060297511518001556,0.11853717267513275,-0.31034883856773376,2.8229806423187256,3.3500976299898535,1132.6351284604161,0.679491400718689,0.20288324356079102,0.11762525141239166,0.08886543661355972,0.00148972577881068,0.5559663772583008
66,0.025563810020685196,0.06412531435489655,0.12390249222517014,0.04045790433883667,2.2677247524261475,2.5084412026415666,641.129394551225,0.8635093569755554,0.08877051621675491,0.047711074352264404,0.030365271493792534,0.001127742463722825,0.8141531348228455
67,0.015298050828278065,0.05487801507115364,0.10225073993206024,-0.0016154951881617308,3.0121140480041504,3.587255375444677,1531.0892487951248,0.4376935362815857,0.45558497309684753,0.10669481754302979,0.12875723838806152,0.0044815316796302795,0.21410518884658813
68,0.014064489863812923,0.052313245832920074,0.10132140666246414,-0.13672073185443878,2.8855831623077393,3.719526718405859,1198.109031672689,0.607338547706604,0.30173030495643616,0.09092716127634048,0.144427090883255,0.003844604594632983,0.33419808745384216
69,0.018124479800462723,0.05633969232439995,0.10145413130521774,-0.3198011815547943,2.6260719299316406,3.1084860333400077,1016.5454996317977,0.7111048102378845,0.19064807891845703,0.09822006523609161,0.08672813326120377,0.0016019258182495832,0.5738127827644348
70,0.0175359807908535,0.06427747756242752,0.11656118929386139,-0.37983438372612,2.8284645080566406,3.6654623613803348,1066.545525471507,0.7041453719139099,0.18935537338256836,0.10649150609970093,0.0932934358716011,0.0016394000267609954,0.5750582814216614
71,0.018434112891554832,0.06314554810523987,0.11797379702329636,-0.2763606011867523,2.669651985168457,3.4254725721433057,1110.3957670615969,0.6724016070365906,0.2251165807247162,0.10246986150741577,0.08414768427610397,0.0015902880113571882,0.5511648654937744
72,0.015525932423770428,0.05976869538426399,0.11444515734910965,-0.016072150319814682,3.1101088523864746,3.8496042459200486,1429.1511731782853,0.4927111864089966,0.38833087682724,0.11893606930971146,0.11876834183931351,0.00353261805139482,0.2529085874557495
73,0.03175806626677513,0.0643010064959526,0.1240321695804596,-0.09788097441196442,2.01185941696167,2.0247141609248027,654.676322236455,0.8632045388221741,0.0870739072561264,0.04972156509757042,0.037948720157146454,0.000601750856731087,0.807222843170166
74,0.01803676038980484,0.06427117437124252,0.12226089835166931,-0.30813533067703247,2.918811082839966,3.563343581589521,1120.7436459490289,0.6968284845352173,0.1770452857017517,0.12612532079219818,0.08822574466466904,0.0017746275989338756,0.5673066973686218
75,0.014619172550737858,0.0636705607175827,0.11052808165550232,-0.11496719717979431,3.002955913543701,4.35527800853639,1473.512379699594,0.4914903938770294,0.37175267934799194,0.13662555813789368,0.14519597589969635,0.0041028899140655994,0.23578502237796783
76,0.030655885115265846,0.06414865702390671,0.1240321695804596,-0.12161709368228912,2.07055401802063,2.0925397123787426,632.2447923105915,0.8724774122238159,0.08166118711233139,0.045328859239816666,0.042827971279621124,0.0018720083171501756,0.8101248145103455
77,0.017909567803144455,0.061160456389188766,0.11089406907558441,-0.2522357106208801,2.7044570446014404,3.4149599285715664,1044.6886263451395,0.7018482089042664,0.19691681861877441,0.10121923685073853,0.08957242220640182,0.002293524332344532,0.5773377418518066
78,0.025499843060970306,0.06430703401565552,0.1240321695804596,0.05659234896302223,2.231790781021118,2.521859991819365,649.4164266139643,0.8569300174713135,0.09492216259241104,0.04814762994647026,0.029911519959568977,0.0011739939218387008,0.8017629384994507
79,0.014959553256630898,0.051289286464452744,0.09506429731845856,-0.11387305706739426,2.8809738159179688,3.4285306239536246,1349.629147032554,0.5393757820129395,0.3710390031337738,0.08952713012695312,0.12678800523281097,0.0029337722808122635,0.31594201922416687
80,0.01808152347803116,0.05953293666243553,0.10251157730817795,-0.28577861189842224,2.7374472618103027,3.2924734871746226,1039.5968096241704,0.7071143984794617,0.18917016685009003,0.10371515154838562,0.08735772222280502,0.002387463580816984,0.5744116306304932
81,0.014631524682044983,0.064297616481781,0.11432263255119324,-0.11344397813081741,3.1807947158813477,4.394457712003802,1478.0561411724543,0.47202685475349426,0.3996334373950958,0.12826460599899292,0.1394912600517273,0.0028322937432676554,0.2218477576971054
82,0.017664005979895592,0.05806703492999077,0.11207011342048645,-0.2648552358150482,2.648195505142212,3.2873083825261866,1004.187255801557,0.7171785235404968,0.18855537474155426,0.09425884485244751,0.09116041660308838,0.0013548058923333883,0.5898135900497437
83,0.014850843697786331,0.050198785960674286,0.08881610631942749,-0.08379063755273819,2.6819567680358887,3.3801975819580354,1258.2367601692117,0.568388819694519,0.3482562303543091,0.0833548828959465,0.12699706852436066,0.0035754309501498938,0.3212297856807709
84,0.015315881930291653,0.0604473240673542,0.10955378413200378,-0.06601803749799728,3.011979341506958,3.946708673945518,1437.849442398341,0.5047850012779236,0.35444605350494385,0.1405947208404541,0.12407876551151276,0.004439390264451504,0.2530737519264221
85,0.025704622268676758,0.06423988193273544,0.1240321695804596,0.06911277770996094,2.2889058589935303,2.4991568154073978,669.8391444397909,0.8478297591209412,0.10268617421388626,0.04948405548930168,0.030564308166503906,0.001317487913183868,0.7944837808609009
86,0.017881400883197784,0.06429582089185715,0.1240321695804596,-0.255927175283432,2.869828462600708,3.595681418264991,1108.9482995137578,0.6884762644767761,0.20125678181648254,0.11013263463973999,0.08827530592679977,0.001547622145153582,0.5487596392631531
87,0.01510887686163187,0.06425720453262329,0.10842712968587875,-0.10502680391073227,2.8000502586364746,4.252943823478226,1408.719537094631,0.5162113904953003,0.3939678370952606,0.08975560963153839,0.12249252945184708,0.002907434944063425,0.30336421728134155
88,0.014702394604682922,0.04931899160146713,0.09783312678337097,-0.12955094873905182,2.9566049575805664,3.3544870018931365,1258.7982099166484,0.5691627264022827,0.33803972601890564,0.09278777986764908,0.13212290406227112,0.0031147212721407413,0.33941933512687683
89,0.014973277226090431,0.05824628099799156,0.1001318097114563,-0.14113639295101166,3.016122341156006,3.890015533313533,1468.3215757030407,0.5015430450439453,0.376302570104599,0.12215433269739151,0.13132894039154053,0.003704531816765666,0.2528837025165558
90,0.014744262211024761,0.057991765439510345,0.1068289577960968,-0.12683390080928802,2.970470666885376,3.9331751297948876,1286.6665317720442,0.5466029047966003,0.36857378482818604,0.08461550623178482,0.12469632923603058,0.002732824767008424,0.321864515542984
91,0.025158457458019257,0.0642872154712677,0.1240321695804596,0.05543297156691551,2.2766776084899902,2.5552924131372317,616.8795398097532,0.8672930002212524,0.09246038645505905,0.040246475487947464,0.029405169188976288,0.0024902464356273413,0.8135311007499695
92,0.015068456530570984,0.05698097124695778,0.10489822924137115,-0.1320950984954834,3.083411455154419,3.781473645132329,1420.3087401897835,0.5240015387535095,0.33995917439460754,0.13603852689266205,0.12746919691562653,0.004356991965323687,0.26629239320755005
93,0.014660985209047794,0.045709967613220215,0.08796705305576324,-0.04919137805700302,2.780933141708374,3.1177964480786216,1297.4968288323023,0.5575811266899109,0.3540440499782562,0.08817651122808456,0.12971247732639313,0.003374142339453101,0.3247196674346924
94,0.0147269107401371,0.057844534516334534,0.10624798387289047,-0.11387524753808975,2.890115737915039,3.927811849552109,1306.428617951914,0.5457144975662231,0.36671537160873413,0.08716808259487152,0.13082852959632874,0.0030914912931621075,0.31474414467811584
95,0.03063065931200981,0.06415916979312897,0.12403217703104019,-0.1052803099155426,2.0630409717559814,2.094606228925622,625.0372716552541,0.883173942565918,0.06646968424320221,0.04999755695462227,0.04106724634766579,0.001380654633976519,0.8125737309455872
96,0.014575686305761337,0.05046657472848892,0.09189659357070923,-0.07030074298381805,2.847014904022217,3.4623806842686093,1484.961334269233,0.4792008101940155,0.390014111995697,0.1304788738489151,0.13958854973316193,0.004520466085523367,0.2329823225736618
97,0.03026774153113365,0.06430687755346298,0.1240321695804596,-0.11914782226085663,2.0845038890838623,2.1246011198156887,628.7212702070519,0.8702349662780762,0.08678640425205231,0.042975254356861115,0.04331517964601517,0.001264292630366981,0.8034969568252563
98,0.018265454098582268,0.06425246596336365,0.11632546782493591,-0.27300208806991577,2.6817140579223633,3.517704274586478,1103.5803050116238,0.6798627972602844,0.2102394700050354,0.10989435762166977,0.08946504443883896,0.002478605369105935,0.5435262322425842
99,0.015671564266085625,0.06430793553590775,0.11215824633836746,-0.1930478811264038,3.2579448223114014,4.103479042674202,1510.2576941345897,0.48229795694351196,0.3883689045906067,0.1292484849691391,0.11953974515199661,0.0041181351989507675,0.24427950382232666
100,0.025549544021487236,0.06422862410545349,0.1240321695804596,0.048338379710912704,2.2655985355377197,2.5138853377940196,693.1383652275632,0.8355979919433594,0.10882817208766937,0.05557318776845932,0.027918510138988495,0.0016681512352079153,0.7857889533042908
101,0.015428978018462658,0.05427076667547226,0.10623776912689209,-0.08564136177301407,3.0158462524414062,3.5174569959859427,1434.6296484968586,0.5058364868164062,0.3743681311607361,0.11979487538337708,0.1241297796368599,0.004436352290213108,0.25562426447868347
102,0.02978934906423092,0.06426972150802612,0.1240321695804596,-0.12553568184375763,2.097630023956299,2.157473174969086,663.6343758734496,0.8694432973861694,0.07534364610910416,0.05521313101053238,0.04474391043186188,0.00134556763805449,0.8046726584434509
103,0.014651917852461338,0.0536891333758831,0.10451070219278336,-0.08692516386508942,2.9215636253356934,3.664307561156555,1317.8818698609257,0.5456503033638,0.3735869824886322,0.08076252043247223,0.12814119458198547,0.003187299706041813,0.31964170932769775
104,0.025742653757333755,0.06424972414970398,0.1240321695804596,0.056181587278842926,2.23378324508667,2.4958469609569374,640.4096374090094,0.8601027727127075,0.09743165969848633,0.04246554523706436,0.029035931453108788,0.0013852764386683702,0.8004844784736633
105,0.03017362579703331,0.0641593337059021,0.12403217703104019,-0.1250288039445877,2.09087872505188,2.126338217864555,621.4297281141177,0.8738488554954529,0.08482355624437332,0.04096933454275131,0.04495905339717865,0.0017683027544990182,0.8061118125915527
106,0.01799979992210865,0.061013057827949524,0.11467811465263367,-0.32658618688583374,2.756408452987671,3.3896520010547033,1049.0986565711496,0.7122631669044495,0.177444726228714,0.11029205471277237,0.0932948961853981,0.0019711677450686693,0.5815192461013794
107,0.030445724725723267,0.06412746757268906,0.1240321695804596,-0.1325235515832901,2.064957618713379,2.1062880962200308,633.1704021782856,0.8749282956123352,0.07843399047851562,0.046380870044231415,0.042083967477083206,0.001390183693729341,0.8116589188575745
108,0.014817518182098866,0.05146289989352226,0.09837852418422699,-0.16287264227867126,3.0145349502563477,3.4731119785108002,1483.0741828418145,0.4714093804359436,0.4140610694885254,0.11439792811870575,0.13929513096809387,0.003776850178837776,0.2346651554107666
109,0.015016375109553337,0.058158691972494125,0.10737170279026031,-0.0984254851937294,3.028400182723999,3.8730180582410236,1410.345414007987,0.4976268410682678,0.40090763568878174,0.1014542207121849,0.12493938952684402,0.004886469338089228,0.25321802496910095
110,0.015319451689720154,0.05691777914762497,0.10768461227416992,-0.15438534319400787,2.9064977169036865,3.7153927109612703,1484.2196221959762,0.45242956280708313,0.4259726107120514,0.12158902734518051,0.13088728487491608,0.00416285777464509,0.22042663395404816
111,0.014658377505838871,0.04746808484196663,0.09176953881978989,-0.1506710797548294,2.922020673751831,3.238290514746286,1251.9456043680539,0.5649824738502502,0.34867629408836365,0.08627746999263763,0.134137362241745,0.003377629444003105,0.3368355333805084
112,0.015361295081675053,0.052469704300165176,0.1021306961774826,-0.06538225710391998,2.816127300262451,3.415708377306165,1449.4973199522485,0.489498108625412,0.385487824678421,0.12499246001243591,0.12163868546485901,0.0034746460150927305,0.2505611479282379
113,0.024987636134028435,0.06425612419843674,0.12403217703104019,0.06940001994371414,2.270915985107422,2.571516723359059,656.9130483466042,0.8513235449790955,0.10317551344633102,0.04549819603562355,0.03434878960251808,0.0012611302081495523,0.7913964986801147
114,0.025968804955482483,0.0642479732632637,0.1240321695804596,0.05658884346485138,2.2688992023468018,2.474044276235582,656.8414597616696,0.8586845397949219,0.08941929787397385,0.051896002143621445,0.03024475835263729,0.001542546902783215,0.8087231516838074
115,0.01426406018435955,0.046785179525613785,0.09110906720161438,-0.05621696636080742,2.8358778953552246,3.2799342485692464,1258.9532533522074,0.5808781981468201,0.3367534875869751,0.08236241340637207,0.13684096932411194,0.0035282098688185215,0.34202340245246887
116,0.015333512797951698,0.05534212291240692,0.10045911371707916,-0.16958333551883698,2.9222331047058105,3.609226642194506,1424.848022395043,0.5007179379463196,0.37549254298210144,0.12376575171947479,0.12669305503368378,0.0033268274273723364,0.2558039128780365
117,0.014396635815501213,0.05148954316973686,0.09685641527175903,-0.11361165344715118,2.972216844558716,3.576498275431841,1396.9646627949999,0.515259861946106,0.368394672870636,0.11602003872394562,0.1466345638036728,0.0043355925008654594,0.25328129529953003
118,0.014523527584969997,0.062450483441352844,0.11468546092510223,-0.01693827472627163,2.906587600708008,4.2999528228721235,1437.2689299094939,0.5020837187767029,0.36454543471336365,0.13320448994636536,0.14069634675979614,0.004306102637201548,0.24006006121635437
119,0.014869955368340015,0.05587046220898628,0.10886520892381668,-0.10818164050579071,3.1047134399414062,3.757271681136594,1407.8108815706564,0.479360431432724,0.40799108147621155,0.11264851689338684,0.135572612285614,0.003277677809819579,0.22455154359340668
120,0.025563564151525497,0.06427813321352005,0.12403217703104019,0.05297895893454552,2.2293014526367188,2.5144433237088277,610.5757262062376,0.8660758137702942,0.09567815065383911,0.03824590519070625,0.030970394611358643,0.0017987743485718966,0.8137773275375366
121,0.01565440557897091,0.056955575942993164,0.10473369061946869,-0.01761586219072342,2.9035322666168213,3.6383097174807584,1433.5051671493895,0.4785800576210022,0.41038814187049866,0.11101308465003967,0.1176777184009552,0.003231943352147937,0.24144023656845093
122,0.030783824622631073,0.06420119851827621,0.1240321695804596,-0.12637530267238617,2.0547196865081787,2.0855497750267338,620.8762807211506,0.8835874795913696,0.06992457062005997,0.04596687853336334,0.03802848979830742,0.0009224294917657971,0.8166370391845703
123,0.02995218336582184,0.06414911895990372,0.12403217703104019,-0.12764279544353485,2.0892765522003174,2.1417176228615764,635.0482663355097,0.8696954846382141,0.08562871813774109,0.04404926300048828,0.04314276948571205,0.0010024885414168239,0.805718183517456
124,0.01492628175765276,0.04895702004432678,0.09730678796768188,-0.08119051903486252,2.9243834018707275,3.2799206685178923,1301.28210837283,0.5457946062088013,0.38453179597854614,0.06960532069206238,0.129598930478096,0.002890815958380699,0.2915019392967224
125,0.01643647626042366,0.06434157490730286,0.1240321695804596,-0.154872328042984,3.252178907394409,3.9145601456141947,1536.1542937489953,0.45137226581573486,0.44356411695480347,0.1050478145480156,0.10437320917844772,0.0019657716620713472,0.2361549288034439
126,0.017342673614621162,0.05838778614997864,0.1124696359038353,-0.3254539370536804,2.7314417362213135,3.366711929433227,1055.5857678671964,0.7051923871040344,0.18654856085777283,0.10825611650943756,0.09673378616571426,0.001259436015971005,0.5729783773422241
127,0.02583296224474907,0.06424542516469955,0.12398618459701538,0.06407437473535538,2.2540571689605713,2.4869554081151275,665.8939952302773,0.8449313640594482,0.10912840813398361,0.04593999311327934,0.02917199209332466,0.000920774124097079,0.7961083650588989
128,0.025517761707305908,0.06425487995147705,0.1240321695804596,0.05310137942433357,2.2949225902557373,2.5180453006018313,632.6057997475966,0.8608579039573669,0.09512156248092651,0.04401989281177521,0.030506404116749763,0.0010976782068610191,0.8091387152671814
129,0.024930739775300026,0.06428152322769165,0.12403217703104019,0.062396734952926636,2.220280170440674,2.5784041630726002,600.2499523209101,0.8798155784606934,0.07887811213731766,0.04130607098340988,0.0323992595076561,0.002579539781436324,0.8239659667015076
130,0.018305877223610878,0.06413394212722778,0.12100601941347122,-0.3093385398387909,2.843719005584717,3.5034618303352607,1124.8762670480378,0.6716824769973755,0.21367290616035461,0.1146441102027893,0.08742232620716095,0.0015697022899985313,0.547093391418457
131,0.025063684210181236,0.06423835456371307,0.1240321695804596,0.0578075610101223,2.255448579788208,2.563005263809361,618.1724243909516,0.8617367744445801,0.09996747970581055,0.038291044533252716,0.03038937598466873,0.0014534759102389216,0.806082010269165
132,0.0145843755453825,0.05223686993122101,0.10373437404632568,-0.023089682683348656,3.1196537017822266,3.5817008253176676,1540.0448465396478,0.4828442633152008,0.3481350541114807,0.1690206676721573,0.13753269612789154,0.003934068139642477,0.23495188355445862
133,0.030353380367159843,0.0643152967095375,0.1240321695804596,-0.12614622712135315,2.035578966140747,2.1188841548931108,594.9357265507351,0.8890573978424072,0.06715560704469681,0.04377703741192818,0.039259739220142365,0.0012238678755238652,0.8225595951080322
134,0.015155857428908348,0.04962644353508949,0.09723980724811554,-0.1068478599190712,2.873049020767212,3.2744068598294804,1588.746766510565,0.434373676776886,0.41430041193962097,0.15132056176662445,0.1314305067062378,0.004530765116214752,0.20546023547649384
135,0.03044332191348076,0.06423337757587433,0.1240321695804596,-0.12765705585479736,2.057669162750244,2.1099332640608086,633.3996063459915,0.8726598024368286,0.08129116892814636,0.045814964920282364,0.040488485246896744,0.0012350683100521564,0.814460277557373
136,0.014392306096851826,0.05712669715285301,0.10493482649326324,-0.1122913658618927,2.9649722576141357,3.969252513423103,1225.3393136449847,0.5902732610702515,0.30718785524368286,0.10245800018310547,0.1392366886138916,0.0034159559290856123,0.3392579257488251
137,0.030480287969112396,0.06416699290275574,0.12403217703104019,-0.11838676035404205,2.09747314453125,2.1051964130284797,638.4679627278033,0.8623366951942444,0.09346723556518555,0.04359665885567665,0.041965410113334656,0.0009418437839485705,0.8022210597991943
138,0.025547273457050323,0.06423778086900711,0.1240321695804596,0.07875154912471771,2.255012035369873,2.514467188621447,633.3408603718221,0.8568365573883057,0.10087116062641144,0.04229208081960678,0.03058924898505211,0.00162859249394387,0.8059454560279846
139,0.014259204268455505,0.051808539777994156,0.09877344965934753,-0.1543721705675125,2.8908674716949463,3.633340177962994,1250.7421336354344,0.5850666761398315,0.3062271773815155,0.10851971805095673,0.1393694430589676,0.0038313111290335655,0.33884328603744507
140,0.015452837571501732,0.06395360827445984,0.11037895083427429,-0.06099402531981468,3.041398763656616,4.138632013337476,1475.8736155057984,0.44287464022636414,0.44891098141670227,0.10820698738098145,0.12710832059383392,0.004169400315731764,0.2169255167245865
141,0.01542552188038826,0.05503604933619499,0.10790445655584335,-0.05185060575604439,2.974459648132324,3.567856553534115,1553.5496237221794,0.4745869040489197,0.37761566042900085,0.14751532673835754,0.12124226987361908,0.004116758704185486,0.24208208918571472
142,0.030825965106487274,0.06412103027105331,0.1240321695804596,-0.12066039443016052,2.056992530822754,2.080098061730403,626.1133447513006,0.8759953379631042,0.07977873831987381,0.043519869446754456,0.04032304883003235,0.0011641663732007146,0.8122442364692688
143,0.018876422196626663,0.06015251204371452,0.1199236512184143,-0.24638327956199646,2.8257758617401123,3.186647947049919,1177.0836629316655,0.6359886527061462,0.257034569978714,0.10691740363836288,0.08118696510791779,0.0014997152611613274,0.5184042453765869
144,0.014980792999267578,0.05310202017426491,0.10551470518112183,-0.05171714350581169,2.969959020614624,3.5446735145006296,1478.400497879139,0.4677373766899109,0.40992245078086853,0.12232550233602524,0.13445886969566345,0.0038262242451310158,0.21839888393878937
145,0.015369967557489872,0.06406756490468979,0.10825860500335693,-0.14079944789409637,3.049013376235962,4.168360451047337,1463.2085993673566,0.5009391903877258,0.37071406841278076,0.12822149693965912,0.12466881424188614,0.004293467849493027,0.257652223110199
146,0.018258363008499146,0.0632074698805809,0.1229892373085022,-0.30996307730674744,2.8199119567871094,3.4618366305728734,1152.687682261407,0.6574378609657288,0.2300977110862732,0.11245707422494888,0.08558617532253265,0.0012945716734975576,0.5421264171600342
147,0.018400663509964943,0.06289512664079666,0.11299752444028854,-0.32181698083877563,2.8950321674346924,3.4180901467665827,1174.451133268221,0.663052499294281,0.21991530060768127,0.11703196913003922,0.08367084711790085,0.001051122322678566,0.5445774793624878
148,0.014610562473535538,0.05868925154209137,0.10377836227416992,-0.1899866759777069,3.1526544094085693,4.016905690275765,1514.5311528740037,0.4737516939640045,0.40388694405555725,0.12235888093709946,0.14465035498142242,0.004074028227478266,0.23165570199489594
149,0.017812415957450867,0.060126613825559616,0.10987213253974915,-0.359782338142395,2.804459810256958,3.3755451234583,1068.8985392110635,0.7029848098754883,0.18758472800254822,0.10940036922693253,0.08794007450342178,0.0011883509578183293,0.5742310285568237
150,0.01788688637316227,0.061567068099975586,0.11272034794092178,-0.2894785702228546,2.8055496215820312,3.4420226534736447,1116.5947781278876,0.6961202621459961,0.18408535420894623,0.11975011974573135,0.09258553385734558,0.001663858536630869,0.5651490092277527
151,0.03102865070104599,0.06427709758281708,0.12403217703104019,-0.11576434969902039,2.063974618911743,2.071540209725547,698.476714484224,0.8530186414718628,0.08856049180030823,0.05842020735144615,0.03984364867210388,0.0012701373780146241,0.7937119603157043
152,0.01460866630077362,0.05277673527598381,0.10333917289972305,-0.070974200963974,3.0033981800079346,3.6127004468283492,1349.9312105033875,0.5454935431480408,0.3634122312068939,0.09081067144870758,0.12981738150119781,0.0031165406107902527,0.3208138644695282
153,0.015453091822564602,0.060245390981435776,0.11038272082805634,-0.04569331184029579,3.025402307510376,3.898597877323609,1390.3313810095226,0.5039402842521667,0.38657116889953613,0.10946560651063919,0.12222907692193985,0.003370558377355337,0.2567330598831177
154,0.025207359343767166,0.06426027417182922,0.1240321695804596,0.05410122498869896,2.2500369548797607,2.549266398472203,643.2853605241753,0.8597519993782043,0.09294836223125458,0.04729972779750824,0.03180563077330589,0.002036669524386525,0.8047009706497192
155,0.030668001621961594,0.06419804692268372,0.12403217703104019,-0.11745992302894592,2.0509212017059326,2.093323448718539,607.5944827161181,0.8803249597549438,0.07709532231092453,0.04233725741505623,0.04017292708158493,0.0015598810277879238,0.820989727973938
156,0.025481276214122772,0.06426046788692474,0.1240321695804596,0.039482906460762024,2.2888827323913574,2.521870072142897,634.0958218570746,0.8564134836196899,0.10167495906352997,0.04191048443317413,0.028866654261946678,0.0017408578423783183,0.8077495098114014
157,0.030623560771346092,0.06426939368247986,0.1240321695804596,-0.12010117620229721,2.0824198722839355,2.0986910751579506,640.8748356245231,0.8690658807754517,0.08217091858386993,0.04876316338777542,0.04181250184774399,0.0013877562014386058,0.8071734309196472
158,0.01825512759387493,0.061223916709423065,0.11004442721605301,-0.30065611004829407,2.6047844886779785,3.3537928667565975,1024.8913119377503,0.706805944442749,0.19374237954616547,0.09943607449531555,0.0855250135064125,0.0017064379062503576,0.5769972801208496
159,0.02991335839033127,0.06432322412729263,0.1240321695804596,-0.14281834661960602,2.1249465942382812,2.1503177037431263,665.792411581249,0.8591486811637878,0.09179208427667618,0.0490591935813427,0.045561060309410095,0.0012668869458138943,0.7933540344238281
160,0.015225641429424286,0.05241720378398895,0.1024063229560852,0.011171124875545502,2.93869948387146,3.4426926460547986,1431.9076107885674,0.5096348524093628,0.3870398700237274,0.10321644693613052,0.1252831667661667,0.003571624169126153,0.25184008479118347
161,0.018247513100504875,0.06425357609987259,0.11366911232471466,-0.29638251662254333,2.715383529663086,3.521223727444459,1136.2443203596954,0.6865440011024475,0.19220128655433655,0.12122848629951477,0.08465629816055298,0.0013925452949479222,0.5669375658035278
162,0.014802845194935799,0.05022444576025009,0.0954052060842514,-0.04954502359032631,2.9720935821533203,3.3928913729395402,1364.416117972958,0.5257893204689026,0.3735923171043396,0.10058844089508057,0.13121168315410614,0.003303701989352703,0.27570921182632446
163,0.030658414587378502,0.06428661197423935,0.1240321695804596,-0.09527187794446945,2.021461248397827,2.0968668092383385,610.5895774197878,0.8837453722953796,0.07304342091083527,0.043210454285144806,0.04156351834535599,0.0006871825898997486,0.8241466283798218
164,0.014698855578899384,0.05124805122613907,0.10237801820039749,-0.06829109787940979,3.056060552597046,3.486533420752874,1500.5359550322853,0.46769770979881287,0.4080735445022583,0.12414540350437164,0.14063921570777893,0.004174844827502966,0.21820397675037384
165,0.017928162589669228,0.053856126964092255,0.10045105218887329,-0.3270772397518158,2.614717721939087,3.0039959026320893,1027.1519036275126,0.7174656391143799,0.18071778118610382,0.10181550681591034,0.0901685506105423,0.001178590813651681,0.5869561433792114
166,0.024796217679977417,0.06425352394580841,0.1240321695804596,0.08037500083446503,2.266273021697998,2.5912631019972427,627.5327527537903,0.8629694581031799,0.09368879348039627,0.04334144666790962,0.03477480635046959,0.0021767534781247377,0.8003779053688049
167,0.03091130591928959,0.06425172835588455,0.1240321695804596,-0.10461059212684631,2.02826189994812,2.078583432274563,651.945907204459,0.8631020784378052,0.09012250602245331,0.04677543044090271,0.041243430227041245,0.0013104809913784266,0.8060355186462402
168,0.017952045425772667,0.06230093911290169,0.11331124603748322,-0.3056271970272064,2.602691173553467,3.4704089496113677,1077.0528122035305,0.6937426328659058,0.19370898604393005,0.11254635453224182,0.08896549046039581,0.0015151118859648705,0.5724002718925476
169,0.014728795737028122,0.0641150027513504,0.11059807986021042,-0.20815113186836243,3.2620575428009033,4.353037674751137,1494.0721330793547,0.46890249848365784,0.4112178087234497,0.1197873055934906,0.14222140610218048,0.003945567179471254,0.2237490564584732
170,0.025956204161047935,0.06352465599775314,0.12328105419874191,0.05591222271323204,2.238959312438965,2.447378499612675,640.5099460580366,0.8602408170700073,0.09793058782815933,0.0418277345597744,0.028735807165503502,0.0015213775914162397,0.8094930648803711
171,0.026079611852765083,0.064264215528965,0.1240321695804596,0.06869476288557053,2.255545139312744,2.4641553673923737,627.8127892336582,0.8697668313980103,0.08324451744556427,0.046987876296043396,0.029337212443351746,0.0009417198016308248,0.8163267374038696
172,0.030958369374275208,0.0641905888915062,0.1240321695804596,-0.10622718930244446,2.071791410446167,2.0734486404433103,635.1539494570699,0.8741100430488586,0.07717358320951462,0.04868904501199722,0.04103769734501839,0.0011787143303081393,0.8142350912094116
173,0.014698938466608524,0.05274602025747299,0.0988037958741188,-0.11710857599973679,2.7294681072235107,3.5884237745268024,1365.3758795611695,0.5332368612289429,0.37385252118110657,0.09288091212511063,0.13207851350307465,0.0030410485342144966,0.3122219145298004
174,0.014649607241153717,0.05525580048561096,0.10055643320083618,-0.11428612470626831,2.804197311401367,3.771828116088627,1320.4384460637839,0.5517727732658386,0.33229705691337585,0.11591663211584091,0.13789814710617065,0.004245894495397806,0.2819778025150299
175,0.014910888858139515,0.051424022763967514,0.10222525894641876,-0.1298314779996872,2.945687770843506,3.4487563585082692,1550.7449665304434,0.4648025333881378,0.3781283497810364,0.15698853135108948,0.13512472808361053,0.003311567474156618,0.21549642086029053
176,0.02567794919013977,0.0642658993601799,0.1240321695804596,0.06645862758159637,2.248929977416992,2.502766045753957,649.6190844930939,0.8534823060035706,0.0995139479637146,0.04700338840484619,0.030756143853068352,0.0018292934400960803,0.802149772644043
177,0.014262071810662746,0.04915200546383858,0.0945194810628891,-0.13415580987930298,2.9656219482421875,3.4463439893525667,1414.3510064231757,0.503364622592926,0.39350900053977966,0.10310032963752747,0.1477910280227661,0.005235785152763128,0.24070507287979126
178,0.014774161390960217,0.06389614939689636,0.1110520288348198,-0.10900228470563889,3.2167019844055176,4.324857953133454,1515.1578981894993,0.4706023931503296,0.3971061706542969,0.13224901258945465,0.13729046285152435,0.005024963058531284,0.23168571293354034
179,0.018082469701766968,0.0630296841263771,0.11123162508010864,-0.3290078341960907,2.829148769378662,3.4856789566047137,1030.1545844559007,0.711645245552063,0.18805567920207977,0.10028983652591705,0.08936767280101776,0.0017650615191087127,0.585289478302002
180,0.01534621324390173,0.057470496743917465,0.10586920380592346,0.023093275725841522,2.9760639667510986,3.7449301548712763,1570.4170847166647,0.44344785809516907,0.40344834327697754,0.15305829048156738,0.13026683032512665,0.0036933193914592266,0.20672468841075897
181,0.018083274364471436,0.0582953579723835,0.10229653865098953,-0.2958175539970398,2.591409683227539,3.223716943856906,1092.7543940325022,0.6848156452178955,0.2072988599538803,0.1078546866774559,0.08628857135772705,0.0016529322601854801,0.5596163868904114
182,0.015568910166621208,0.058564163744449615,0.11153385043144226,-0.10613512992858887,3.1270158290863037,3.7616097153830323,1380.8303539578276,0.49416089057922363,0.4237203598022461,0.08210785686969757,0.11260252445936203,0.0020171888172626495,0.2937683165073395
183,0.01533377356827259,0.061416931450366974,0.10805252194404602,-0.11255525052547455,2.9106826782226562,4.005337053720462,1427.2928299479995,0.51267009973526,0.34184595942497253,0.14544352889060974,0.12005233019590378,0.0048828707076609135,0.25192996859550476
184,0.03124832920730114,0.06425127387046814,0.12403217703104019,-0.09065403789281845,2.0148274898529053,2.0561506966394782,622.511743244257,0.8856642842292786,0.06488728523254395,0.04944179207086563,0.03871135786175728,0.0016412627883255482,0.8297843933105469
185,0.018150584772229195,0.06422755867242813,0.11395307630300522,-0.33510640263557434,2.7667348384857178,3.538594457141632,1051.7488390509914,0.7080378532409668,0.18798860907554626,0.10396815091371536,0.08807423710823059,0.0013076611794531345,0.57058185338974
186,0.025438688695430756,0.06241561472415924,0.12217389047145844,0.05928519740700722,2.2467169761657715,2.453570444176104,653.7175395533521,0.8518155217170715,0.09973754733800888,0.048444006592035294,0.02974904514849186,0.0020680581219494343,0.7954248785972595
187,0.015972193330526352,0.06295720487833023,0.11315047740936279,-0.15461868047714233,3.1589694023132324,3.9416756090764054,1482.85258998754,0.47367382049560547,0.4222750961780548,0.10402656346559525,0.11355093866586685,0.003984999842941761,0.24557580053806305
188,0.018158774822950363,0.06356705725193024,0.12335538864135742,-0.24682053923606873,2.7853922843933105,3.500624787091308,1060.0840326367136,0.7055642604827881,0.1746319979429245,0.11972156912088394,0.0881543830037117,0.0018842814024537802,0.5812917351722717
189,0.018032124266028404,0.06426693499088287,0.11120259761810303,-0.30762824416160583,2.6479153633117676,3.5640246284457153,1041.056922007254,0.7071018815040588,0.19939444959163666,0.09349726140499115,0.0870465561747551,0.0010326928459107876,0.580237627029419
190,0.01554171834141016,0.05864270403981209,0.10820770263671875,-0.16176749765872955,2.9000532627105713,3.773244550429677,1460.1574991646296,0.4889104664325714,0.38365647196769714,0.12739793956279755,0.11987482011318207,0.003703329712152481,0.2378428876399994
191,0.01439116895198822,0.04788477346301079,0.09128299355506897,-0.14361156523227692,2.9040262699127197,3.3273720584781175,1406.0052534061226,0.5082758069038391,0.382650762796402,0.1090710237622261,0.1470899134874344,0.004059861414134502,0.2410556972026825
192,0.01498915534466505,0.050139669328927994,0.09558485448360443,-0.07787225395441055,2.8416695594787598,3.3450630254111466,1361.712142512556,0.5359095335006714,0.35367152094841003,0.11030188202857971,0.13195465505123138,0.00288930325768888,0.26544052362442017
193,0.025773674249649048,0.06428263336420059,0.1240321695804596,0.0640990361571312,2.230837821960449,2.4941198813584675,607.2388526157952,0.8707859516143799,0.09263163059949875,0.03656920790672302,0.028355354443192482,0.0014960105763748288,0.8195209503173828
194,0.014859763905405998,0.06002447381615639,0.10639244318008423,-0.19045902788639069,3.0619969367980957,4.039396197289515,1465.8930221489406,0.477360337972641,0.41036683320999146,0.11223550885915756,0.13987378776073456,0.00449713971465826,0.22570568323135376
195,0.015136000700294971,0.05134362354874611,0.09606942534446716,-0.13002288341522217,2.9211907386779785,3.392152561432781,1427.175023408215,0.5036386251449585,0.38050612807273865,0.11570310592651367,0.12757572531700134,0.004706532694399357,0.2545287609100342
196,0.015585165470838547,0.06245562806725502,0.11605878174304962,-0.16239690780639648,3.0165743827819824,4.007376641596046,1420.3955913310647,0.5044822692871094,0.3815080225467682,0.113987036049366,0.12128057330846786,0.003863329766318202,0.2455330640077591
197,0.01561800017952919,0.058296795934438705,0.11017931252717972,-0.07204782217741013,3.0148420333862305,3.7326671315522684,1470.7213739576448,0.49292677640914917,0.38522401452064514,0.12181166559457779,0.1203061193227768,0.004069232847541571,0.24472098052501678
198,0.025324616581201553,0.06376509368419647,0.12351253628730774,0.07985427975654602,2.247727632522583,2.5179095398037084,615.9918423327931,0.8633034229278564,0.09856068342924118,0.038135167211294174,0.03216374292969704,0.0012121940962970257,0.8042749762535095
199,0.025236640125513077,0.06422384828329086,0.1240321695804596,0.055686742067337036,2.297651529312134,2.5448652420184357,639.5308375177588,0.8575051426887512,0.10235252976417542,0.040140241384506226,0.029794376343488693,0.0014867314603179693,0.8049501180648804
200,0.015275095589458942,0.0585235059261322,0.10842353850603104,-0.11395547538995743,2.932689666748047,3.831302107378423,1405.6277014433408,0.5003819465637207,0.38380739092826843,0.11577264964580536,0.12196138501167297,0.004664805252104998,0.2587941884994507
201,0.026223914697766304,0.06427587568759918,0.1240321695804596,0.05305089056491852,2.271540403366089,2.4510404501362655,630.8727036252852,0.8625627160072327,0.09246408194303513,0.04497053846716881,0.028944065794348717,0.00146200112067163,0.8156810402870178
202,0.014859369955956936,0.055274222046136856,0.10342060029506683,-0.11236236989498138,2.900805950164795,3.719822725071751,1326.3254745622535,0.5157213807106018,0.3990775942802429,0.08472573757171631,0.12306780368089676,0.0037317483220249414,0.30591240525245667
203,0.02498663403093815,0.06427357345819473,0.1240321695804596,0.0794702097773552,2.292212963104248,2.5723181992436297,662.0400261501271,0.8507224321365356,0.10212806612253189,0.0471474714577198,0.032244566828012466,0.0015922668389976025,0.791567862033844
204,0.03013276867568493,0.06414162367582321,0.12403217703104019,-0.12257050722837448,2.0669658184051514,2.128633593681435,622.0847883690432,0.878585934638977,0.07366471737623215,0.047123704105615616,0.041868917644023895,0.0011393900495022535,0.8114174008369446
205,0.014720466919243336,0.05701279267668724,0.11237278580665588,-0.060606952756643295,3.0680298805236816,3.8730288234460972,1556.7277351237403,0.46224141120910645,0.3744127154350281,0.1633458435535431,0.14232364296913147,0.003643973497673869,0.21654386818408966
206,0.01378579530864954,0.05356595292687416,0.09723439812660217,-0.1323278397321701,2.7854623794555664,3.8855903285739344,1164.7514441133114,0.6123009920120239,0.30566340684890747,0.08201626688241959,0.1482761800289154,0.0037054221611469984,0.3597005605697632
207,0.014989068731665611,0.05109143629670143,0.09402479231357574,-0.18917632102966309,2.9067397117614746,3.4085797595522456,1473.1504365796798,0.470082551240921,0.3886362314224243,0.1412358582019806,0.13558955490589142,0.003835398703813553,0.22414730489253998
208,0.015458647161722183,0.05049397051334381,0.09330040216445923,-0.1868039220571518,2.97501277923584,3.2663900004851456,1484.3500417891912,0.48147785663604736,0.4031687378883362,0.11533205956220627,0.12208952009677887,0.0038986930157989264,0.2510417103767395
209,0.03108077496290207,0.06420788168907166,0.1240321695804596,-0.13281475007534027,2.0428242683410645,2.06583914859408,632.1348065076185,0.8808931112289429,0.07032585889101028,0.048265423625707626,0.04139309376478195,0.0007232797215692699,0.819163978099823
210,0.015398730523884296,0.061484627425670624,0.10955964028835297,-0.15770064294338226,3.2267682552337646,3.992837417754124,1524.0324884762279,0.4322625696659088,0.4585041403770447,0.10915911942720413,0.12731221318244934,0.004787173587828875,0.2094070017337799
211,0.01766122691333294,0.06325510889291763,0.11769990622997284,-0.34017205238342285,2.76212477684021,3.581580668191464,1040.466663022993,0.7176877856254578,0.17708227038383484,0.10513675212860107,0.09146939963102341,0.0009523695334792137,0.5772482752799988
212,0.02557283639907837,0.0642402395606041,0.1240321695804596,0.07060158997774124,2.2947540283203125,2.512049838961439,657.1645639806483,0.8588351011276245,0.0907294899225235,0.05043421685695648,0.029891617596149445,0.0015999901806935668,0.8107479810714722
213,0.030271241441369057,0.06428037583827972,0.1240321695804596,-0.1193637102842331,2.0409114360809326,2.123480001989938,584.8157670592966,0.8925439715385437,0.06840129941701889,0.03905315324664116,0.04200926795601845,0.001385182491503656,0.8269104957580566
214,0.018081584945321083,0.059333112090826035,0.10521999001502991,-0.28852659463882446,2.5957891941070557,3.2814110193862223,1109.5004998945005,0.6767982840538025,0.21446636319160461,0.10872203856706619,0.08452368527650833,0.0022570949513465166,0.5561577677726746
215,0.015329180285334587,0.05617528036236763,0.10063694417476654,0.024444585666060448,2.7568862438201904,3.6645978006042417,1441.3950144035152,0.5025045871734619,0.36207377910614014,0.13541121780872345,0.12545688450336456,0.004553588107228279,0.2522074580192566
216,0.015889635309576988,0.05509622022509575,0.10577540099620819,-0.15606984496116638,2.9067885875701904,3.4674313883353114,1499.481595905486,0.47046202421188354,0.3754185438156128,0.15407897531986237,0.11244339495897293,0.0037224285770207644,0.23757070302963257
217,0.02516670525074005,0.06433064490556717,0.1240321695804596,0.07479307055473328,2.3209025859832764,2.5561806466946755,669.4078545478164,0.8456268310546875,0.1059638112783432,0.04840858280658722,0.030695468187332153,0.0015692831948399544,0.7949475646018982
218,0.030381400138139725,0.06415845453739166,0.1240321695804596,-0.1348612904548645,2.0551083087921143,2.1117675368337507,608.0028781147242,0.8856741786003113,0.06837936490774155,0.04545167088508606,0.043834514915943146,0.0013604712439700961,0.8222677111625671
219,0.026130281388759613,0.06429122388362885,0.12403217703104019,0.03964480012655258,2.2516891956329346,2.460410698402368,641.8808635231351,0.8561750650405884,0.09954474121332169,0.04427965357899666,0.031382061541080475,0.001250628149136901,0.7979835867881775
220,0.030710581690073013,0.06431225687265396,0.1240321695804596,-0.10823766142129898,2.0448338985443115,2.094139978187008,621.085237751394,0.8801844120025635,0.07176513224840164,0.04803716391324997,0.04132399335503578,0.0006742387195117772,0.8218107223510742
221,0.026093611493706703,0.06424866616725922,0.1240321695804596,0.06280281394720078,2.215695381164551,2.4622374016832653,656.9884309561893,0.8488063216209412,0.10712619870901108,0.04406695440411568,0.02849775366485119,0.0011957032838836312,0.7957557439804077
222,0.025452231988310814,0.06426229327917099,0.1240321695804596,0.07394144684076309,2.222606658935547,2.5248195642000772,627.734552684867,0.8638316988945007,0.08627006411552429,0.049896545708179474,0.031804271042346954,0.0012931196251884103,0.8112285137176514
223,0.014781738631427288,0.05342620611190796,0.09825845062732697,-0.09267570078372955,2.8424410820007324,3.614338437476141,1483.4053331827722,0.4774017035961151,0.39021673798561096,0.1323620229959488,0.13823527097702026,0.004498044960200787,0.2412220537662506
224,0.024921752512454987,0.06162070855498314,0.12138035148382187,0.09013716876506805,2.295625686645508,2.4725672290387597,644.4360822610247,0.8631384372711182,0.08591824769973755,0.05094240605831146,0.030958086252212524,0.0010525817051529884,0.8029614686965942
225,0.017947718501091003,0.064268097281456,0.1108877956867218,-0.31095024943351746,2.7405190467834473,3.580850528381556,1112.5779624687336,0.6781746745109558,0.20562389492988586,0.11619794368743896,0.08785635232925415,0.0018028093036264181,0.5598627328872681
226,0.015143641270697117,0.0513543076813221,0.09819266200065613,-0.1330772340297699,2.9713850021362305,3.3911466047007677,1372.405953180041,0.5289060473442078,0.34772801399230957,0.12336189299821854,0.12538665533065796,0.003496250370517373,0.26534780859947205
227,0.01812661439180374,0.06424940377473831,0.11656196415424347,-0.23370414972305298,2.7558791637420654,3.544478984461947,1072.638729047756,0.6962541937828064,0.19210366904735565,0.11155876517295837,0.08736798912286758,0.0017949938774108887,0.5726832151412964
228,0.030170824378728867,0.06429722905158997,0.1240321695804596,-0.12354517728090286,2.072512626647949,2.1311061389091477,630.7875928898873,0.8767210245132446,0.07292681187391281,0.05034878849983215,0.04201464727520943,0.001626653946004808,0.8127027750015259
229,0.01435886137187481,0.04996461793780327,0.09222416579723358,-0.18314766883850098,2.893280267715454,3.4797061299157717,1249.4584794830832,0.5713555216789246,0.33594462275505066,0.09259095042943954,0.13567079603672028,0.003284220350906253,0.33688265085220337
230,0.014989676885306835,0.051458053290843964,0.09852032363414764,-0.13358880579471588,2.9272689819335938,3.432899433466189,1466.1295503144431,0.47697824239730835,0.3997790515422821,0.12324271351099014,0.13707958161830902,0.0043297321535646915,0.22686949372291565
231,0.014646103605628014,0.06269838660955429,0.10867494344711304,-0.11077010631561279,2.936933755874634,4.280891921396792,1490.8622812025542,0.4781002998352051,0.3903333842754364,0.13156600296497345,0.13824781775474548,0.003893790766596794,0.22911496460437775
232,0.014852702617645264,0.058822352439165115,0.1115928590297699,-0.1337115615606308,3.1350817680358887,3.9603804068171926,1326.7158605277896,0.5445735454559326,0.36902913451194763,0.08639710396528244,0.12456101924180984,0.0032326942309737206,0.3141445219516754
233,0.015040832571685314,0.0478297621011734,0.09249375015497208,-0.1152464970946312,2.716094970703125,3.179994316806235,1348.296963293033,0.5350302457809448,0.3730698227882385,0.0918995812535286,0.12198184430599213,0.0026844125241041183,0.31553202867507935
234,0.01547959540039301,0.06428945064544678,0.11285409331321716,-0.16436360776424408,3.0129337310791016,4.153173838100534,1495.1302479979738,0.48696789145469666,0.390957236289978,0.12207426130771637,0.12211968749761581,0.004332699812948704,0.23678798973560333
235,0.02563781477510929,0.06371182948350906,0.1235019713640213,0.042301613837480545,2.2845089435577393,2.4850725399139404,626.5750922856913,0.8587436676025391,0.10044597834348679,0.04080524668097496,0.03203066438436508,0.001132602570578456,0.7972127199172974
236,0.014861748553812504,0.04883645102381706,0.09513181447982788,-0.04628904163837433,2.9913671016693115,3.2860501470402643,1499.043068001136,0.4483426511287689,0.4366857707500458,0.11493042856454849,0.13017570972442627,0.0048568109050393105,0.21060070395469666
237,0.01526835560798645,0.05162539705634117,0.0968458503484726,0.009694870561361313,2.9026708602905273,3.381202165998555,1432.4789843938722,0.4965411424636841,0.36538392305374146,0.13803355395793915,0.12530380487442017,0.004475160967558622,0.2535730004310608
238,0.03061910904943943,0.06412972509860992,0.12403217703104019,-0.12543250620365143,2.0231893062591553,2.094434720258118,619.8691282921095,0.8824904561042786,0.07188767194747925,0.04524125158786774,0.042765408754348755,0.0013894867151975632,0.818939745426178
239,0.015639811754226685,0.06409894675016403,0.11292937397956848,-0.09467127919197083,3.0427234172821045,4.098447459173717,1460.8270193617698,0.494895339012146,0.3761652410030365,0.12893295288085938,0.12565311789512634,0.003758491249755025,0.24903392791748047
240,0.024804649874567986,0.06426363438367844,0.1240321695804596,0.05905894562602043,2.3092639446258545,2.590789819894884,630.5832627595346,0.865321159362793,0.09369662404060364,0.04098210111260414,0.031866688281297684,0.0013887389795854688,0.8105394840240479
241,0.014152436517179012,0.05407251790165901,0.10285241901874542,-0.11238715797662735,2.910872459411621,3.820721458965887,1211.883982326711,0.5977009534835815,0.3177172839641571,0.08457700908184052,0.13780106604099274,0.003534722374752164,0.3460455536842346
242,0.015714284032583237,0.05681176483631134,0.10670343041419983,-0.054073821753263474,2.7889647483825684,3.61529451261655,1443.0663743854952,0.48420584201812744,0.4062225818634033,0.10956992208957672,0.1206851452589035,0.00447328295558691,0.2440926432609558
243,0.015058154240250587,0.05711087957024574,0.10812413692474365,-0.10521920770406723,3.037489414215088,3.7926879121609165,1398.6029090942434,0.5171976089477539,0.35154300928115845,0.13109682500362396,0.1256728172302246,0.004850627388805151,0.25754666328430176
244,0.015151800587773323,0.04724409058690071,0.09117773920297623,0.05886412039399147,2.7643566131591797,3.118051238207693,1384.503749727709,0.5180186033248901,0.380581259727478,0.10138971358537674,0.1238156333565712,0.0036116610281169415,0.27471843361854553
245,0.014316401444375515,0.05303522199392319,0.1007198616862297,-0.13414856791496277,2.9657230377197266,3.70450788183609,1240.7362067904342,0.5859914422035217,0.3146011531352997,0.0994049459695816,0.1387307494878769,0.002780118491500616,0.3427930474281311
246,0.014613318257033825,0.04864153638482094,0.09607122838497162,-0.05224816873669624,3.055269479751587,3.3285757229080906,1516.9060674113662,0.48117610812187195,0.36608606576919556,0.1526934802532196,0.14478673040866852,0.0033461537677794695,0.2305396944284439
247,0.03000601939857006,0.06414879113435745,0.1240321695804596,-0.1345173865556717,2.0559611320495605,2.1378640825406054,585.9735934544636,0.897667646408081,0.060059934854507446,0.0417606495320797,0.04385785013437271,0.0012841132702305913,0.8333031535148621
248,0.02559554949402809,0.06430192291736603,0.1240321695804596,0.058496709913015366,2.279996395111084,2.512230609851006,634.4194272436708,0.8608349561691284,0.09384600818157196,0.04531443491578102,0.02868526056408882,0.0019362529274076223,0.8096103072166443
249,0.015244984067976475,0.060985855758190155,0.11768989264965057,-0.16446612775325775,3.340548515319824,4.0003882904867245,1424.0845499804477,0.5101169943809509,0.3700583577156067,0.11982464045286179,0.12741674482822418,0.0037505824584513903,0.25733137130737305
250,0.01782204769551754,0.061918120831251144,0.10733380913734436,-0.30064019560813904,2.688701868057251,3.4742427966540603,1064.684905272994,0.6982564926147461,0.1964845508337021,0.10525161772966385,0.09185311198234558,0.0018956199055537581,0.5593538284301758
251,0.01819690316915512,0.06430456042289734,0.12197964638471603,-0.31279394030570984,2.7845053672790527,3.5338189043267394,1062.7461131480272,0.7032444477081299,0.1912369728088379,0.10549068450927734,0.08604064583778381,0.0012039556168019772,0.5804610848426819
252,0.014797523617744446,0.05691300705075264,0.10416670143604279,-0.04110753908753395,2.975534439086914,3.846116993431205,1473.057327231998,0.49065062403678894,0.37993717193603516,0.12941214442253113,0.1347026824951172,0.0049586170352995396,0.23449820280075073
253,0.015799809247255325,0.05195581167936325,0.10221461951732635,-0.037767861038446426,2.922576665878296,3.2883822116460304,1489.7694739486358,0.47021743655204773,0.42064157128334045,0.10896416753530502,0.11519563943147659,0.0037667197175323963,0.23942478001117706
254,0.017549773678183556,0.06034989655017853,0.1073717474937439,-0.33903566002845764,2.7732458114624023,3.4387848899591114,981.6152912206735,0.7286024689674377,0.17727570235729218,0.09402710944414139,0.09447620809078217,0.001936298911459744,0.5856025815010071
255,0.025398368015885353,0.06425759941339493,0.12403217703104019,0.05873643979430199,2.246361494064331,2.52998930367003,632.764903979627,0.8671219944953918,0.08716738969087601,0.045710284262895584,0.028546566143631935,0.001429181662388146,0.8168325424194336
256,0.013897263444960117,0.04898762330412865,0.09376566112041473,-0.11322633922100067,2.7921996116638184,3.5249834253065964,1211.0890222526739,0.6063318252563477,0.2975268065929413,0.09538596123456955,0.14506354928016663,0.002934396034106612,0.35115617513656616
257,0.014460122212767601,0.05539068207144737,0.10138015449047089,-0.1594540923833847,2.9361157417297363,3.830581875629616,1255.1217961875632,0.5732652544975281,0.3334386646747589,0.09329067915678024,0.13786767423152924,0.002368430607020855,0.3443431556224823
258,0.018160419538617134,0.061800990253686905,0.1170833557844162,-0.2591819167137146,2.8603084087371826,3.4030596109780085,1159.420156302266,0.6678940653800964,0.21230627596378326,0.11978524178266525,0.08754540234804153,0.0009534608107060194,0.5353949069976807
259,0.02570335939526558,0.06425018608570099,0.1240321695804596,0.07470598816871643,2.23345685005188,2.499680492933381,656.8361722177932,0.8478923439979553,0.10831496864557266,0.043792352080345154,0.03071572631597519,0.0010126389097422361,0.7918045520782471
260,0.014843313954770565,0.04961381107568741,0.09493368864059448,0.10274375975131989,2.953441858291626,3.3425023026208565,1519.4244546018397,0.46905970573425293,0.3877755105495453,0.1431623250246048,0.1395859569311142,0.0051171910017728806,0.21369513869285583
261,0.025682033970952034,0.06428852677345276,0.1240321695804596,0.043405111879110336,2.2332348823547363,2.5032490356357213,603.3207726205037,0.8673698902130127,0.09684140235185623,0.03578115999698639,0.030365629121661186,0.0016681259730830789,0.8173196315765381
262,0.02504241093993187,0.06428912281990051,0.1240321695804596,0.04026133567094803,2.267934799194336,2.5672098014660327,638.0818279484115,0.8599328994750977,0.09675747156143188,0.04330867901444435,0.03032573312520981,0.001990840071812272,0.8068323135375977
263,0.015624026767909527,0.05354304239153862,0.10585657507181168,-0.07635912299156189,3.137582778930664,3.4269681679043638,1558.3659328929014,0.4380994439125061,0.43824729323387146,0.12342821061611176,0.1258896142244339,0.0032242832239717245,0.2093953639268875
264,0.015210306271910667,0.05442699417471886,0.10224297642707825,-0.13450120389461517,3.0104055404663086,3.578297057150817,1412.5086534999841,0.5064013004302979,0.37660640478134155,0.11697736382484436,0.12518826127052307,0.004060065373778343,0.25781306624412537
265,0.0310057420283556,0.06428872048854828,0.1240321695804596,-0.11291739344596863,2.046318292617798,2.0734456355755344,621.0804034472754,0.8741784691810608,0.08188782632350922,0.04393170028924942,0.03995905816555023,0.0015458720736205578,0.8093891143798828
266,0.0149542773142457,0.05044826120138168,0.0991847887635231,-0.12184746563434601,3.035914897918701,3.3735004465879674,1339.4713883743127,0.5337313413619995,0.3815228044986725,0.0846952572464943,0.13090290129184723,0.0030389451421797276,0.31241410970687866
267,0.02554352954030037,0.062370769679546356,0.12214189767837524,0.058005593717098236,2.2507245540618896,2.4417443790883095,609.7585081085463,0.8728603720664978,0.0868426188826561,0.040294099599123,0.02865656465291977,0.0020809401758015156,0.8170402646064758
268,0.02508499100804329,0.06427819281816483,0.1240321695804596,0.07247664779424667,2.2518410682678223,2.5624164184468774,641.777271161992,0.8564075231552124,0.09757376462221146,0.04601588100194931,0.03284044191241264,0.001451420714147389,0.800488293170929
269,0.02602330408990383,0.06429193913936615,0.1240321695804596,0.0936000794172287,2.2246062755584717,2.470552506122338,661.3295527958719,0.8446388840675354,0.11109577864408493,0.04425803944468498,0.02793940156698227,0.0012792565394192934,0.795773446559906
270,0.03071693331003189,0.06420942395925522,0.1240321695804596,-0.1188134029507637,2.0695228576660156,2.090359194034341,630.7876038997367,0.875690758228302,0.07494927942752838,0.0493597611784935,0.03843686729669571,0.0010789779480546713,0.813230574131012
271,0.014430654235184193,0.05498553439974785,0.10938955843448639,-0.009042882360517979,3.001354455947876,3.810328589390922,1274.8080341168788,0.5713409185409546,0.3465014100074768,0.0821511447429657,0.13328999280929565,0.003213543212041259,0.32967451214790344
272,0.015857962891459465,0.06359045952558517,0.10963674634695053,-0.15799348056316376,3.1022861003875732,4.010001786283832,1485.9199550851454,0.4736558198928833,0.39971765875816345,0.1266249120235443,0.11823994666337967,0.004164655692875385,0.23241488635540009
273,0.025083689019083977,0.061236683279275894,0.12103879451751709,0.06672022491693497,2.2685301303863525,2.4412949478940273,634.4469717960974,0.8622528314590454,0.09235493838787079,0.04539225623011589,0.03058370016515255,0.00089185283286497,0.8045108318328857
274,0.025111284106969833,0.06036881357431412,0.12010270357131958,0.081131711602211,2.2753920555114746,2.40405123508416,642.1969146988657,0.8581939935684204,0.09685087949037552,0.044952791184186935,0.03221787139773369,0.0011947827879339457,0.8044118285179138
275,0.015703095123171806,0.05849830433726311,0.10863706469535828,-0.15457968413829803,3.0280699729919434,3.725272239306285,1477.9117986020558,0.48436012864112854,0.39739513397216797,0.11824477463960648,0.12015371024608612,0.004821574781090021,0.23281368613243103
276,0.025586597621440887,0.06429029256105423,0.1240321695804596,0.08019831776618958,2.228097915649414,2.512655004378856,629.8696189087925,0.8611933588981628,0.09667868167161942,0.042128127068281174,0.029810264706611633,0.0017557168612256646,0.8108339309692383
277,0.025888364762067795,0.06429556012153625,0.1240321695804596,0.06984874606132507,2.2291553020477295,2.483569770048202,622.5417146892839,0.8669087290763855,0.09093499928712845,0.042154308408498764,0.0299890898168087,0.0011836858466267586,0.8141545057296753
278,0.026009729132056236,0.06423164904117584,0.12403217703104019,0.04416064918041229,2.2610387802124023,2.469523950541364,647.8466888300197,0.8612754344940186,0.0885893926024437,0.05013514682650566,0.030300334095954895,0.0015917826676741242,0.8132443428039551
279,0.014619394205510616,0.05823809653520584,0.10185956954956055,-0.15304207801818848,2.9450135231018066,3.983619000387172,1462.59246017757,0.49585261940956116,0.3651190400123596,0.13902272284030914,0.14285416901111603,0.005353843327611685,0.23817279934883118
280,0.015450289472937584,0.05372094735503197,0.10739044845104218,-0.003387278411537409,2.9816081523895264,3.4770188251586793,1476.8537957847138,0.49178972840309143,0.3831711411476135,0.12502095103263855,0.12334540486335754,0.004399701952934265,0.24086105823516846
281,0.025520434603095055,0.0642646849155426,0.1240321695804596,0.04860679432749748,2.264732599258423,2.5181657723505455,625.693112731433,0.8593465685844421,0.1015951931476593,0.03905830532312393,0.03100534901022911,0.0019677404779940844,0.8035358190536499
282,0.015310783870518208,0.05367831140756607,0.10666834563016891,-0.14746610820293427,2.993422746658325,3.5059152985250366,1454.4279426536832,0.5135030746459961,0.35636672377586365,0.13011573255062103,0.12645943462848663,0.004517785739153624,0.26062461733818054
283,0.017668696120381355,0.06302844732999802,0.10903970152139664,-0.31991836428642273,2.739689350128174,3.5672381763205285,1048.6013982681145,0.7103466391563416,0.18091456592082977,0.10872916877269745,0.08875265717506409,0.0025417932774871588,0.5833392143249512
284,0.014614728279411793,0.05215073376893997,0.10180492699146271,-0.055415213108062744,3.0221517086029053,3.568368345160266,1389.5322271141756,0.5066152811050415,0.36965420842170715,0.12372913956642151,0.1410132199525833,0.004035749938338995,0.22307278215885162
285,0.030459146946668625,0.06416783481836319,0.12403217703104019,-0.12921082973480225,2.0614891052246094,2.1066852242647807,619.3396750414416,0.8778412342071533,0.07761155813932419,0.044117096811532974,0.041379280388355255,0.0012343848356977105,0.8124355673789978
286,0.014698187820613384,0.049211535602808,0.09806821495294571,-0.1544797718524933,2.812357187271118,3.348136260066254,1310.6124457626308,0.5712432861328125,0.3275764584541321,0.10118026286363602,0.12995560467243195,0.002727361163124442,0.33244702219963074
287,0.014045409858226776,0.05744525417685509,0.10079115629196167,-0.23337289690971375,3.0635101795196533,4.0899663842218095,1245.4618192965477,0.5861616134643555,0.3263271152973175,0.08750847727060318,0.14006605744361877,0.00264370022341609,0.33738553524017334
288,0.014617073349654675,0.06431439518928528,0.11646708846092224,-0.148183211684227,3.0772664546966553,4.39995022576833,1457.9645851416362,0.49118462204933167,0.38538333773612976,0.12332310527563095,0.14200744032859802,0.004667075350880623,0.2396281361579895
289,0.01785135269165039,0.06424041837453842,0.11077100783586502,-0.3914724886417389,2.887343168258667,3.5986302820058533,1054.9207475783292,0.7061731219291687,0.18602359294891357,0.1077997237443924,0.09058553725481033,0.0019008807139471173,0.5665745139122009
290,0.015270182862877846,0.06117063760757446,0.1067195013165474,-0.23106753826141357,3.2268829345703125,4.005887693216547,1530.1500615633772,0.4309476315975189,0.44044405221939087,0.12860773503780365,0.1319771707057953,0.0034926373045891523,0.19668912887573242
291,0.018059542402625084,0.05926106125116348,0.11785697937011719,-0.30186301469802856,2.6861801147460938,3.2814265127375566,1103.857278574804,0.6897023916244507,0.18869861960411072,0.12159878760576248,0.08944762498140335,0.001569874119013548,0.564315915107727
292,0.014286687597632408,0.04718196764588356,0.08712355047464371,-0.16990624368190765,2.8995611667633057,3.3025127287307696,1265.2717076695083,0.5527170300483704,0.36569613218307495,0.081586554646492,0.13624632358551025,0.003114778781309724,0.3249138295650482
293,0.01789119653403759,0.05759118124842644,0.10866774618625641,-0.2921209931373596,2.6148815155029297,3.2189675595839313,1103.518014350696,0.6921406984329224,0.20119300484657288,0.1066150888800621,0.08710098266601562,0.0020910524763166904,0.5634139776229858
294,0.018227631226181984,0.06423491984605789,0.1240321695804596,-0.3147136867046356,2.896233320236206,3.5240410037628735,1137.5778408537228,0.6766784191131592,0.2069421112537384,0.11637894809246063,0.08560402691364288,0.0014618206769227982,0.5367565155029297
295,0.030837683007121086,0.06424608081579208,0.1240321695804596,-0.10983635485172272,2.037745952606201,2.08336277400844,624.1454530267863,0.8702622056007385,0.09013944119215012,0.039577826857566833,0.0414854995906353,0.0006225240649655461,0.8067674040794373
296,0.03090730495750904,0.06419635564088821,0.1240321695804596,-0.10709192603826523,2.048698902130127,2.0770609319404416,633.7124434500946,0.878434419631958,0.07182586938142776,0.04908408224582672,0.0407644547522068,0.0010787196224555373,0.8130711317062378
297,0.015250639989972115,0.05594534054398537,0.10567827522754669,-0.15759100019931793,3.2542481422424316,3.6683929708591374,1533.0976998895471,0.4722723662853241,0.3849792778491974,0.14266645908355713,0.13098140060901642,0.004262044094502926,0.22102195024490356
298,0.014288170263171196,0.051338326185941696,0.10037987679243088,-0.06667366623878479,3.0383167266845703,3.593065118679116,1463.4207212972783,0.4765000641345978,0.3865325152873993,0.13696612417697906,0.14229758083820343,0.0038266244810074568,0.2310025691986084
299,0.014761953614652157,0.047146473079919815,0.09200894832611084,-0.13060401380062103,2.9582858085632324,3.1937827680158963,1344.0495255967253,0.5413863658905029,0.3713216185569763,0.08713158965110779,0.12999656796455383,0.004396270494908094,0.30025386810302734
300,0.014348692260682583,0.057280123233795166,0.09808717668056488,-0.12242172658443451,2.9277350902557373,3.9920100166033023,1257.1780409056234,0.5780524611473083,0.3180483877658844,0.10389605909585953,0.13505856692790985,0.002416480565443635,0.34026792645454407
301,0.025340339168906212,0.06427379697561264,0.1240321695804596,0.08919335156679153,2.278583288192749,2.536422126975443,640.7303085153443,0.8561733365058899,0.10081248730421066,0.043012164533138275,0.030640723183751106,0.0014963429421186447,0.8030872941017151
302,0.015268790535628796,0.056039176881313324,0.10739845037460327,-0.139735147356987,2.9455137252807617,3.6701778537651117,1466.2955676432396,0.487970769405365,0.381936639547348,0.13007786870002747,0.1267823874950409,0.00466733705252409,0.24398601055145264
303,0.01468560378998518,0.05256535857915878,0.10479781776666641,0.06009281799197197,2.9751479625701904,3.5793801417566673,1522.8204516876897,0.4643022119998932,0.41349998116493225,0.12214833498001099,0.13970568776130676,0.004320397041738033,0.21572622656822205
304,0.02474081702530384,0.0642564445734024,0.1240321695804596,0.07023850828409195,2.2873032093048096,2.5971836138267586,606.5113178919243,0.8721290826797485,0.08771906793117523,0.04015059396624565,0.03346310928463936,0.001251674722880125,0.8139625787734985
305,0.0257522314786911,0.06428585946559906,0.1240321695804596,0.04804655537009239,2.288123369216919,2.496321901901845,639.3841393227168,0.8588663339614868,0.09672892838716507,0.044398874044418335,0.030299104750156403,0.0013611047761514783,0.8092876076698303
306,0.018510429188609123,0.06425787508487701,0.11533958464860916,-0.2665879726409912,2.730104923248291,3.471441662786962,1082.0689712020119,0.6873775720596313,0.20872510969638824,0.10386375337839127,0.08425850421190262,0.0014108390314504504,0.5707630515098572
307,0.015396378003060818,0.05700499936938286,0.10677380859851837,-0.0834488570690155,2.8788130283355713,3.7024941420863855,1472.1460822059494,0.487651526927948,0.37472033500671387,0.1376267820596695,0.1212117001414299,0.002991075161844492,0.24468599259853363
308,0.02532903663814068,0.06430340558290482,0.1240321695804596,0.06743577122688293,2.250575065612793,2.5387229091665287,623.619349473837,0.8697658777236938,0.08489628881216049,0.04533224552869797,0.028625160455703735,0.0013137448113411665,0.8107484579086304
309,0.014868873171508312,0.06243359297513962,0.11355507373809814,-0.22593630850315094,3.182156562805176,4.198945828025201,1493.9740344779805,0.4752158224582672,0.388295978307724,0.13648584485054016,0.13708694279193878,0.0037040244787931442,0.229217529296875
310,0.014518299140036106,0.0573263019323349,0.10345828533172607,-0.0836356058716774,2.834923505783081,3.9485549495465055,1339.4676778246037,0.5465380549430847,0.34525465965270996,0.10813035070896149,0.13067315518856049,0.005233511794358492,0.28655654191970825
311,0.014908719807863235,0.04798753187060356,0.0911947637796402,-0.06496124714612961,2.8753163814544678,3.218756035784841,1318.4644425429913,0.541076123714447,0.37732595205307007,0.08140920102596283,0.12348789721727371,0.002508514793589711,0.32031965255737305
312,0.018442513421177864,0.06426456570625305,0.1240321695804596,-0.31754425168037415,2.791937828063965,3.4845882573127116,1095.3792543598984,0.6748571991920471,0.2225854992866516,0.10244908928871155,0.08282479643821716,0.0015495733823627234,0.55983567237854
313,0.015317704528570175,0.05411937087774277,0.10697555541992188,-0.11222627013921738,3.136115550994873,3.533125395731954,1445.8999905902954,0.5009978413581848,0.37534046173095703,0.1236601322889328,0.12376932799816132,0.003669598139822483,0.24821676313877106
314,0.03081800974905491,0.06419893354177475,0.1240321695804596,-0.116642527282238,2.0722575187683105,2.083162866857759,624.2164173624302,0.8713981509208679,0.085535928606987,0.04249020293354988,0.039485715329647064,0.0011148006888106465,0.8099836707115173
315,0.015525863505899906,0.05510026961565018,0.10465016961097717,-0.15148305892944336,3.0379812717437744,3.548934305081509,1541.5057831635727,0.4252309203147888,0.4620896279811859,0.11265317350625992,0.13286007940769196,0.004195373971015215,0.19285252690315247
316,0.017881091684103012,0.05974588915705681,0.11614367365837097,-0.3592243790626526,2.7362914085388184,3.3412886757262115,1055.4360347437573,0.6954057812690735,0.2008371353149414,0.10372623801231384,0.0875338762998581,0.0019086048705503345,0.5659249424934387
317,0.014351795427501202,0.05022094398736954,0.09305664896965027,-0.1309029906988144,2.8764395713806152,3.499279531788466,1271.7095226985516,0.555853009223938,0.3540726900100708,0.09007418155670166,0.13166023790836334,0.0035117052029818296,0.32567599415779114
318,0.030100775882601738,0.0641496405005455,0.1240321695804596,-0.13566389679908752,2.1007447242736816,2.131162357695001,638.7060300117433,0.8681894540786743,0.08193807303905487,0.049220599234104156,0.04222850129008293,0.0011147080222144723,0.8075290322303772
319,0.018439466133713722,0.06426235288381577,0.11374220252037048,-0.2759392559528351,2.8288745880126953,3.485044112141453,1069.9672642766006,0.6755400896072388,0.23090282082557678,0.0935373455286026,0.08431211113929749,0.001477674231864512,0.5471579432487488
320,0.017767243087291718,0.05649249628186226,0.10834084451198578,-0.3518024981021881,2.6906399726867676,3.179587063740337,1010.5120546103994,0.7097732424736023,0.20177286863327026,0.08843249082565308,0.0868784710764885,0.0019140838412567973,0.5736286640167236
321,0.01823969930410385,0.05871594697237015,0.10480986535549164,-0.36460602283477783,2.720797300338745,3.219129108994697,1030.789575912896,0.706466794013977,0.20046761631965637,0.09306342154741287,0.08717498928308487,0.0015259706415235996,0.5808091759681702
322,0.030714230611920357,0.06425336003303528,0.1240321695804596,-0.1274901032447815,2.0479815006256104,2.0919736145370424,615.8989524259961,0.8849446177482605,0.06922467797994614,0.04578408971428871,0.041827552020549774,0.0011720698093995452,0.8166958093643188
323,0.015193265862762928,0.061722032725811005,0.11089450120925903,-0.2141493558883667,3.042543411254883,4.062459860787578,1399.11676873677,0.5305136442184448,0.3263314664363861,0.14299792051315308,0.128398135304451,0.0032963731791824102,0.25915682315826416
324,0.018183806911110878,0.05986527353525162,0.10720828920602798,-0.2908287048339844,2.640634775161743,3.2922299397811923,1041.4254385946097,0.7035900354385376,0.19534572958946228,0.10105723887681961,0.0898209735751152,0.002409977838397026,0.5660346150398254
325,0.014484894461929798,0.05848648399114609,0.10920624434947968,-0.1349712610244751,2.7910640239715576,4.037756998563334,1274.3514286865075,0.5734885931015015,0.3465346395969391,0.07959989458322525,0.1374165117740631,0.0035381056368350983,0.3371984362602234
326,0.015087893232703209,0.05766117572784424,0.10282836854457855,-0.09138484299182892,2.8367130756378174,3.8216850314821413,1418.2713622620786,0.5195299983024597,0.36279141902923584,0.11766579002141953,0.13010363280773163,0.004295921418815851,0.26042962074279785
327,0.0305019523948431,0.06427087634801865,0.12403217703104019,-0.13524794578552246,2.0384981632232666,2.1071069652832346,598.8848522529339,0.8860706090927124,0.07356473058462143,0.040364351123571396,0.04011522978544235,0.0013113664463162422,0.8273823261260986
328,0.031265947967767715,0.0642700046300888,0.1240321695804596,-0.10208247601985931,1.9921066761016846,2.055591108073538,612.9560936816476,0.873338520526886,0.0884828269481659,0.03817646950483322,0.04006356745958328,0.0013421342009678483,0.811829686164856
329,0.014838609844446182,0.0572415329515934,0.09812336415052414,-0.17292539775371552,2.9960081577301025,3.857607521715401,1547.8422374102697,0.4554651081562042,0.4249413311481476,0.11959212273359299,0.13660375773906708,0.003750245552510023,0.22582046687602997
330,0.014905832707881927,0.0522812083363533,0.10386870056390762,-0.12003770470619202,3.1105024814605713,3.507432919544343,1308.927477521364,0.5382176637649536,0.36732980608940125,0.09440859407186508,0.12312310934066772,0.002988706110045314,0.3074134588241577
331,0.024942167103290558,0.06425096839666367,0.1240321695804596,0.0718579813838005,2.256504774093628,2.575997832426165,636.3545370008293,0.8602081537246704,0.09631706774234772,0.043474528938531876,0.03212198615074158,0.001529947156086564,0.8052869439125061
332,0.015086670406162739,0.05813487991690636,0.10469678044319153,-0.12160593271255493,2.8953449726104736,3.853393648031543,1484.2841685196686,0.49073633551597595,0.3937177062034607,0.1155325397849083,0.12251801788806915,0.004757726099342108,0.24989251792430878
333,0.014645184390246868,0.05032673850655556,0.0976206362247467,-0.07994790375232697,3.0218253135681152,3.4364018343555194,1455.3464534541035,0.4859098792076111,0.38930147886276245,0.12478581070899963,0.1374765932559967,0.003711655968800187,0.24728697538375854
334,0.014889849349856377,0.049235034734010696,0.09506058692932129,-0.09007319808006287,2.8562638759613037,3.306617385701017,1520.9820272722925,0.4715128242969513,0.39582833647727966,0.13265180587768555,0.13476908206939697,0.004191169980913401,0.23352433741092682
335,0.014951594173908234,0.058998674154281616,0.1028432548046112,-0.17770440876483917,2.950756311416626,3.9459788343702638,1360.1638156774764,0.5433200597763062,0.3470616340637207,0.10949985682964325,0.12876276671886444,0.00535607198253274,0.2731231451034546
336,0.025811420753598213,0.06431584805250168,0.1240321695804596,0.07833274453878403,2.236557960510254,2.4917593132119253,634.896230244161,0.864768385887146,0.09127115458250046,0.043959081172943115,0.029447205364704132,0.0014913727063685656,0.8160330653190613
337,0.030219951644539833,0.06434661895036697,0.1240321695804596,-0.11015848070383072,2.0466599464416504,2.1292760393898216,605.0924678886249,0.886732816696167,0.06769991666078568,0.045551396906375885,0.042959168553352356,0.0007976890192367136,0.8233919143676758
338,0.014750802889466286,0.05338418111205101,0.09987117350101471,-0.14844025671482086,3.1415610313415527,3.6190695183483323,1347.94207180388,0.5504243969917297,0.35818684101104736,0.0913807600736618,0.12982206046581268,0.0035007877741008997,0.31676751375198364
339,0.014619294553995132,0.04832545295357704,0.09295350313186646,-0.07582999765872955,2.842564821243286,3.3055940402449284,1339.20659341818,0.551392138004303,0.32854336500167847,0.11999393254518509,0.1338675171136856,0.005373556632548571,0.2759331166744232
340,0.014599773101508617,0.04950030893087387,0.09490750730037689,-0.09917724132537842,3.003856897354126,3.3904848098199856,1410.5246523679423,0.48295122385025024,0.394180029630661,0.12282414734363556,0.14648185670375824,0.0038126984145492315,0.22080104053020477
341,0.014400159940123558,0.060669440776109695,0.11126820743083954,-0.1199243888258934,3.0863473415374756,4.2131088143577955,1243.3156452882706,0.5794945955276489,0.3410498797893524,0.07945287227630615,0.13647717237472534,0.0034051735419780016,0.3387409448623657
342,0.01810646615922451,0.05959038436412811,0.1169271469116211,-0.2774096131324768,2.819396734237671,3.2911106914409207,1042.2347217671265,0.7181656360626221,0.176718607544899,0.1051119938492775,0.08800264447927475,0.0015507149510085583,0.5928465723991394
343,0.018043071031570435,0.05987202376127243,0.1152215301990509,-0.3234575092792511,2.785098075866699,3.318283437070912,1060.8815201559996,0.7043581008911133,0.19095060229301453,0.1046762615442276,0.08916892111301422,0.001644474919885397,0.5820672512054443
344,0.014045659452676773,0.04385020211338997,0.08648347854614258,-0.09653449058532715,2.6625864505767822,3.121975316147308,1193.1349983377834,0.6088691353797913,0.3081423044204712,0.08269698172807693,0.14177559316158295,0.001990315970033407,0.35945436358451843
345,0.014685223810374737,0.05073456093668938,0.09977902472019196,-0.18327759206295013,3.0571978092193604,3.454803385249866,1499.9351168665255,0.47424012422561646,0.40041300654411316,0.1253211498260498,0.13974060118198395,0.002928799716755748,0.23246720433235168
346,0.018408212810754776,0.05856366828083992,0.10538409650325775,-0.28976917266845703,2.615633964538574,3.1813880510683483,1120.1684596825246,0.6732966303825378,0.22109539806842804,0.10558528453111649,0.08701921254396439,0.002152855508029461,0.5435861349105835
347,0.018361367285251617,0.05523762106895447,0.10569390654563904,-0.2550472319126129,2.5019116401672363,3.008360990105272,1073.176057936586,0.7004157304763794,0.19054009020328522,0.10884979367256165,0.08407091349363327,0.0017081290716305375,0.5763862133026123
348,0.01581287756562233,0.06364907324314117,0.11593686044216156,-0.1325700879096985,3.182391881942749,4.025141722306826,1469.037227039306,0.4791257083415985,0.4043765664100647,0.1164604127407074,0.11350027471780777,0.004678951110690832,0.23453152179718018
349,0.025184407830238342,0.06422906368970871,0.1240321695804596,0.03868350014090538,2.2283804416656494,2.550350364404439,652.4884051122618,0.855444610118866,0.098670594394207,0.04587915167212486,0.032124992460012436,0.0022972971200942993,0.7994067668914795
350,0.025318583473563194,0.06429515033960342,0.12403217703104019,0.045657992362976074,2.287837266921997,2.5394450050572064,648.9966976838032,0.8511107563972473,0.10497161746025085,0.04391229897737503,0.032433610409498215,0.0011641229502856731,0.7953652739524841
351,0.018224604427814484,0.06191764771938324,0.11045925319194794,-0.328595370054245,2.7502455711364746,3.3974755370540026,1101.8119977361637,0.6880496144294739,0.19536635279655457,0.11639799922704697,0.08520226180553436,0.0008843272225931287,0.5706505179405212
352,0.015156480483710766,0.05973191559314728,0.11049462109804153,-0.13498345017433167,3.1431355476379395,3.9410149113049284,1443.6694101464486,0.5029827952384949,0.371141642332077,0.12587043642997742,0.12394032627344131,0.004106171894818544,0.25606095790863037
353,0.01451167743653059,0.05358293652534485,0.10009510815143585,-0.13966864347457886,2.8565917015075684,3.692401292407923,1322.9467288783264,0.5474138855934143,0.35041481256484985,0.1019778698682785,0.13981644809246063,0.004940313287079334,0.2775992751121521
354,0.014488663524389267,0.051561854779720306,0.10306116193532944,-0.104561448097229,2.986593008041382,3.558772324953622,1186.8306459362975,0.6031165719032288,0.31882816553115845,0.07800372689962387,0.13244113326072693,0.003042716532945633,0.35509833693504333
355,0.01505668181926012,0.054703570902347565,0.10563193261623383,-0.09214682132005692,3.037844657897949,3.6331757259251494,1322.723517969044,0.5247321128845215,0.4039665460586548,0.0713009387254715,0.12110881507396698,0.002924068830907345,0.3094502091407776
356,0.02525932528078556,0.06422735750675201,0.12403217703104019,0.064387746155262,2.220506191253662,2.542718651042758,631.4568129599483,0.8609970211982727,0.09785636514425278,0.041144948452711105,0.03162791207432747,0.002033450175076723,0.8070696592330933
357,0.030692216008901596,0.06412816792726517,0.12403217703104019,-0.1229519471526146,2.0525455474853516,2.0893951712895813,630.9150550575362,0.8731284737586975,0.08271490037441254,0.04388553276658058,0.04096251726150513,0.0011495425133034587,0.8069380521774292
358,0.014518387615680695,0.04966170713305473,0.09765777736902237,-0.08509673178195953,2.863243579864502,3.4206076076930625,1310.09334341292,0.546418309211731,0.3624473214149475,0.0911315307021141,0.1357966959476471,0.003331552492454648,0.31748753786087036
359,0.031125539913773537,0.0641382709145546,0.1240321695804596,-0.10936710983514786,2.0771610736846924,2.0606315935458452,645.6106421370342,0.8717884421348572,0.077080637216568,0.050648283213377,0.04011634364724159,0.0008472624467685819,0.8053062558174133
360,0.014979837462306023,0.053048763424158096,0.10022798180580139,-0.06944092363119125,2.799880027770996,3.5413443940299154,1349.9702871273505,0.5393280982971191,0.3660925626754761,0.0945393517613411,0.12481247633695602,0.0036864853464066982,0.3182031214237213
361,0.015375255607068539,0.054592788219451904,0.10629934072494507,0.002087782369926572,3.1886813640594482,3.550691423354485,1614.9133591269735,0.41457268595695496,0.4600542485713959,0.12537284195423126,0.12876272201538086,0.002780273789539933,0.19431397318840027
362,0.031053464859724045,0.06411784142255783,0.12403217703104019,-0.11910442262887955,2.000196695327759,2.06475643571913,600.0959648944506,0.8923167586326599,0.061730533838272095,0.045431092381477356,0.04272502288222313,0.0011202150490134954,0.8295301198959351
363,0.01596970669925213,0.05399100482463837,0.10583052039146423,-0.13084615767002106,2.995973587036133,3.3808388493312758,1541.6657302818153,0.45546671748161316,0.3950093984603882,0.14952024817466736,0.1132204607129097,0.0033261473290622234,0.22952955961227417
364,0.018192840740084648,0.057074859738349915,0.11225327849388123,-0.2937766909599304,2.7696022987365723,3.1372153777754197,1105.2288312391638,0.7000731825828552,0.17638979852199554,0.12352786213159561,0.08590470254421234,0.0012819772819057107,0.5700356960296631
365,0.025649363175034523,0.06390900164842606,0.12367718666791916,0.05545251816511154,2.241283893585205,2.4916408727113906,623.8697330682606,0.8714666366577148,0.08126354217529297,0.04726376757025719,0.03078830987215042,0.000969860702753067,0.8157947659492493
366,0.015003512613475323,0.05753472074866295,0.10867419093847275,-0.08289951831102371,2.822969675064087,3.834750050008536,1394.1057078767471,0.5191831588745117,0.3446961045265198,0.13607752323150635,0.13018839061260223,0.0045030927285552025,0.25817063450813293
367,0.025575419887900352,0.06425308436155319,0.1240321695804596,0.05262012407183647,2.260711431503296,2.5122983177077307,636.8231266101827,0.8563953042030334,0.09704054147005081,0.04655899852514267,0.030757373198866844,0.0011684877099469304,0.8040081858634949
368,0.03070255182683468,0.06417421251535416,0.1240321695804596,-0.11263242363929749,2.0537478923797607,2.0901914888121564,630.163875978369,0.8808791637420654,0.06968973577022552,0.04908111318945885,0.039746928960084915,0.001392433070577681,0.8248987197875977
369,0.03031202033162117,0.06430251151323318,0.1240321695804596,-0.1301099807024002,2.0599262714385986,2.1213535359116973,602.9619526451,0.8906337022781372,0.06371340155601501,0.04565140977501869,0.04309220239520073,0.0009369532926939428,0.8237002491950989
370,0.031097939237952232,0.06431737542152405,0.1240321695804596,-0.13251712918281555,2.0160553455352783,2.068219856219999,602.941133360334,0.877382218837738,0.08612588047981262,0.03649167716503143,0.04108556732535362,0.0012217628536745906,0.8150481581687927
371,0.015374872833490372,0.06427296996116638,0.11388382315635681,-0.03763796016573906,3.091010570526123,4.180390345537243,1568.362972315521,0.4299846589565277,0.44298839569091797,0.126918226480484,0.1269526481628418,0.003726853523403406,0.20350846648216248
372,0.029980961233377457,0.06423819065093994,0.1240321695804596,-0.14142131805419922,2.0445499420166016,2.14263279114886,623.0047067881379,0.8753163814544678,0.07847485691308975,0.04618072137236595,0.04157362878322601,0.0011448905570432544,0.8093354105949402
373,0.014022004790604115,0.04821513593196869,0.09141033887863159,-0.07168708741664886,2.8015198707580566,3.4385336939007627,1189.8151711489072,0.618634045124054,0.2928079068660736,0.08840791136026382,0.14300765097141266,0.003641207003965974,0.3493184447288513
374,0.029930004850029945,0.06426960229873657,0.12403217703104019,-0.11840677261352539,2.0708889961242676,2.147330166454181,653.9625545036861,0.8683130145072937,0.07881542295217514,0.05287150293588638,0.044913146644830704,0.001307457103393972,0.8033954501152039
375,0.02556142397224903,0.06426314264535904,0.1240321695804596,0.051793601363897324,2.239962339401245,2.5140673975210763,651.1551200996528,0.8513025641441345,0.10350824147462845,0.045185450464487076,0.03060709498822689,0.0018529928056523204,0.7965249419212341
376,0.015231426805257797,0.05231161415576935,0.09545409679412842,-0.1839333325624466,3.0228350162506104,3.4344526498513743,1435.895024939995,0.4969744086265564,0.3883522152900696,0.1146710142493248,0.12921731173992157,0.004242618102580309,0.2514842450618744
377,0.018607839941978455,0.0597434937953949,0.11943934857845306,-0.25444620847702026,2.7979495525360107,3.2106624937914257,1159.6279231984802,0.6602146625518799,0.22962579131126404,0.11014632880687714,0.08128514885902405,0.0016373239923268557,0.5487586855888367
378,0.017953472211956978,0.05776509642601013,0.10655779391527176,-0.3021529018878937,2.6905643939971924,3.2174888367455297,1063.6714863458803,0.7160188555717468,0.17200800776481628,0.11196565628051758,0.0916564017534256,0.002237569075077772,0.5822805762290955
379,0.030995720997452736,0.06430359184741974,0.12403217703104019,-0.12917859852313995,2.009334087371826,2.0745957756759292,581.3357416637564,0.8918124437332153,0.0683913454413414,0.03978700563311577,0.03946723788976669,0.0010995250195264816,0.8353355526924133
380,0.01542277354747057,0.06426554173231125,0.1240321695804596,-0.03684991970658302,3.1391584873199463,4.166925068979196,1587.956299958518,0.44596678018569946,0.4145713448524475,0.13946188986301422,0.12498529255390167,0.0040085394866764545,0.22375020384788513
381,0.018282795324921608,0.05975862964987755,0.11471787095069885,-0.2622135579586029,2.7677998542785645,3.268571823103599,1121.5451703287383,0.682473361492157,0.205677330493927,0.11184325814247131,0.08524305373430252,0.0015762551920488477,0.5637178421020508
382,0.014652574434876442,0.06063760444521904,0.110807865858078,-0.1295332908630371,3.0590336322784424,4.138358396375006,1482.4561720939676,0.46763017773628235,0.379085898399353,0.1530267894268036,0.14258159697055817,0.0031844296026974916,0.2199866622686386
383,0.01744285598397255,0.06427156925201416,0.1101720780134201,-0.3707667589187622,2.716494560241699,3.684692994506502,952.3306808298165,0.743164598941803,0.16158266365528107,0.09521079063415527,0.09006935358047485,0.002888410585001111,0.6003649830818176
384,0.0302434079349041,0.06415387988090515,0.1240321695804596,-0.11469506472349167,2.0614519119262695,2.1212516796013428,630.4267435694552,0.8736748099327087,0.08133430033922195,0.04453971982002258,0.04268722981214523,0.0009236360783688724,0.8114672303199768
385,0.02981596812605858,0.06419384479522705,0.1240321695804596,-0.1174958273768425,2.0533065795898438,2.1530021940481574,600.6743349223634,0.8865737915039062,0.06860678642988205,0.0446791835129261,0.0459684282541275,0.0017221210291609168,0.818117082118988
386,0.015849867835640907,0.054239366203546524,0.10712086409330368,-0.08167999982833862,2.936302900314331,3.4220705663020583,1457.6193391978431,0.47816622257232666,0.41484951972961426,0.10698425024747849,0.11400380730628967,0.004018006846308708,0.2431863248348236
387,0.015377341769635677,0.05977276340126991,0.11112640798091888,-0.14183300733566284,2.9884979724884033,3.887067367873101,1481.9939777390664,0.47670307755470276,0.3908543884754181,0.13243478536605835,0.1225414052605629,0.00399291655048728,0.24299918115139008
388,0.014555462636053562,0.05766189098358154,0.10533580183982849,-0.06474800407886505,3.0454607009887695,3.9615292499733243,1340.311078464435,0.5461194515228271,0.3629331886768341,0.09090734273195267,0.12969204783439636,0.0035909356083720922,0.31361159682273865
389,0.025245213881134987,0.06427909433841705,0.1240321695804596,0.07953102141618729,2.2207298278808594,2.5461893346803754,597.0244048608427,0.8776734471321106,0.08194343000650406,0.04038265347480774,0.03221479430794716,0.0024033912923187017,0.8229048252105713
390,0.014863220043480396,0.05331173166632652,0.10367659479379654,-0.10407722741365433,2.9247961044311523,3.5868224723029893,1293.9152501567005,0.547149658203125,0.3675834536552429,0.08522450178861618,0.12335678935050964,0.0026417244225740433,0.3281655013561249
391,0.025442205369472504,0.06422855705022812,0.12403217703104019,0.10826978832483292,2.258390426635742,2.524488585599185,648.5843189548257,0.8519043326377869,0.10220786929130554,0.04588676616549492,0.029301676899194717,0.0015388448955491185,0.796772837638855
392,0.030404167249798775,0.06425893306732178,0.1240321695804596,-0.11333633959293365,2.048388719558716,2.113490974354299,597.712157598664,0.8913185000419617,0.06366351991891861,0.04501199722290039,0.04381601884961128,0.001470015849918127,0.8278554081916809
393,0.025742163881659508,0.06426584720611572,0.12403217703104019,0.07400672137737274,2.244562864303589,2.49652078586162,637.5278390908604,0.8647589087486267,0.08649991452693939,0.048740047961473465,0.03241386264562607,0.0018847117898985744,0.8108848929405212
394,0.015052013099193573,0.05601445585489273,0.11004886031150818,-0.13648872077465057,3.054824113845825,3.721392977938105,1432.0329519319719,0.5015792846679688,0.39306482672691345,0.10535410046577454,0.12845179438591003,0.004024802707135677,0.2535730302333832
395,0.015568835660815239,0.06427830457687378,0.10848744213581085,-0.16563546657562256,3.1094202995300293,4.128652005398539,1401.5434628073826,0.5001838207244873,0.38221848011016846,0.11750736087560654,0.12109250575304031,0.004836211446672678,0.24729833006858826
396,0.02554151602089405,0.06271134316921234,0.1224507987499237,0.06299800425767899,2.1972403526306152,2.4552709837370856,622.3300931901529,0.8692353367805481,0.0834682509303093,0.04729462414979935,0.030690545216202736,0.0016410918906331062,0.8141194581985474
397,0.014333713799715042,0.05102086812257767,0.10045962035655975,-0.19252635538578033,3.028257369995117,3.5595009661789447,1265.0790398870788,0.567415177822113,0.3418468236923218,0.09057820588350296,0.14008992910385132,0.0033729332499206066,0.32270172238349915
398,0.015216456726193428,0.05892845615744591,0.1109110414981842,-0.053221821784973145,2.968738555908203,3.8726792454996755,1500.132872935093,0.45643121004104614,0.4121337831020355,0.131434828042984,0.13374875485897064,0.003105148673057556,0.2225113958120346
399,0.030539439991116524,0.06423388421535492,0.1240321695804596,-0.11762820184230804,2.0629754066467285,2.1033091710894602,629.7151178746307,0.8773819208145142,0.07359281182289124,0.048847123980522156,0.04420469328761101,0.001568553620018065,0.8125700354576111
400,0.01527170930057764,0.04660194367170334,0.08974461257457733,-0.11262264847755432,2.790815830230713,3.051521133059358,1499.1250617836438,0.4739965796470642,0.379668265581131,0.1462882161140442,0.12653544545173645,0.003023189725354314,0.23119845986366272
401,0.030532164499163628,0.06415542215108871,0.1240321695804596,-0.11749216914176941,2.0542407035827637,2.1012405507884937,626.359499693831,0.8777207732200623,0.07633744925260544,0.045715801417827606,0.03938604146242142,0.0014505881117656827,0.8153682947158813
402,0.015820253640413284,0.0635039210319519,0.12176421284675598,-0.11133945733308792,3.1508736610412598,4.0140899426362715,1587.1480801520995,0.4064891040325165,0.48259490728378296,0.11082115024328232,0.12362224608659744,0.0033336947672069073,0.19676607847213745
403,0.01564694754779339,0.0638660117983818,0.11285223066806793,-0.1095985695719719,3.1050779819488525,4.081691435292555,1471.8180024770377,0.49031251668930054,0.3949654698371887,0.11471593379974365,0.11756167560815811,0.003466179594397545,0.24654556810855865
404,0.014493141323328018,0.050604045391082764,0.09944957494735718,-0.05679323896765709,2.863182306289673,3.4915857272528905,1329.6354030438795,0.5588200688362122,0.35599198937416077,0.08518724143505096,0.1312367171049118,0.002757433569058776,0.32592302560806274
405,0.02518751099705696,0.06427523493766785,0.1240321695804596,0.07183030992746353,2.293304920196533,2.5518692554665776,642.1019078043755,0.8539394736289978,0.10168170183897018,0.04437807574868202,0.029783573001623154,0.00108767906203866,0.8015829920768738
406,0.015173852443695068,0.05497216433286667,0.1062563881278038,-0.010088982991874218,3.08528208732605,3.6228218597239286,1510.597062740716,0.4423058331012726,0.45616766810417175,0.10152507573366165,0.125548854470253,0.003343678079545498,0.22097495198249817
407,0.014889618381857872,0.05689731985330582,0.10147513449192047,-0.06816509366035461,2.8344390392303467,3.821274554545373,1357.7659499391254,0.5278658866882324,0.3846851587295532,0.08726081252098083,0.1279270052909851,0.002022690139710903,0.29880884289741516
408,0.03052966296672821,0.06426709145307541,0.1240321695804596,-0.10859137028455734,2.046311140060425,2.105070452988944,610.1173263681737,0.8803858757019043,0.07388833165168762,0.04572157934308052,0.04202615097165108,0.001332876505330205,0.8190126419067383
409,0.015370824374258518,0.05156506970524788,0.09637217223644257,-0.14959067106246948,2.8130245208740234,3.354736769242451,1460.4269835966047,0.49821844696998596,0.3729046583175659,0.12887689471244812,0.12164948880672455,0.0028771446086466312,0.2608199119567871
410,0.0179339200258255,0.05543079972267151,0.10403886437416077,-0.32979217171669006,2.684661626815796,3.090835670046387,1057.6343959977241,0.7027255892753601,0.18867766857147217,0.10859623551368713,0.08798118680715561,0.0013509083073586226,0.5787606239318848
411,0.030307484790682793,0.06432807445526123,0.1240321695804596,-0.11977769434452057,2.0797359943389893,2.122514451377853,609.7738727012965,0.8732529282569885,0.08799488097429276,0.03873774781823158,0.04258524626493454,0.0009216757025569677,0.8127833604812622
412,0.015506480820477009,0.05891508236527443,0.1134975254535675,-0.11360257863998413,2.971515655517578,3.799384466633784,1558.936896352784,0.435416042804718,0.41185346245765686,0.15273046493530273,0.12815406918525696,0.003781487699598074,0.2093992531299591
413,0.01810920611023903,0.05810921639204025,0.11064942181110382,-0.28462666273117065,2.723896026611328,3.208821857517885,1111.5639893014097,0.681731104850769,0.2055388242006302,0.11272728443145752,0.08836004883050919,0.001302935415878892,0.5585930347442627
414,0.014826576225459576,0.06220405921339989,0.1083856150507927,-0.09119487553834915,2.8859565258026123,4.195443254282147,1462.6430842321113,0.48395204544067383,0.39545148611068726,0.12059619277715683,0.14066849648952484,0.003943100105971098,0.2251494973897934
415,0.015493103303015232,0.05180473253130913,0.10164085775613785,-0.10671351104974747,3.023026704788208,3.343728594250274,1460.3245800408824,0.4908287823200226,0.3642804026603699,0.14487846195697784,0.11944901198148727,0.0036047545727342367,0.24183200299739838
416,0.018044695258140564,0.05811098963022232,0.1127544641494751,-0.23068703711032867,2.7066211700439453,3.2203918545416346,1055.3951101999255,0.698596179485321,0.19986183941364288,0.10153983533382416,0.0877169668674469,0.0015269509749487042,0.573945939540863
417,0.01396984327584505,0.050096381455659866,0.09940086305141449,-0.12430509924888611,2.842987060546875,3.5860374710641443,1242.7520654691666,0.5940277576446533,0.31406182050704956,0.09190937131643295,0.14376038312911987,0.002532107522711158,0.34137269854545593
418,0.014237976633012295,0.05125508829951286,0.10047928243875504,-0.10812578350305557,2.8529365062713623,3.599885687203088,1266.128362015976,0.5763503909111023,0.3373264670372009,0.08630802482366562,0.13907307386398315,0.002540440298616886,0.33608123660087585
419,0.014446203596889973,0.05340912565588951,0.09089289605617523,-0.1854574829339981,2.7730023860931396,3.697104591803656,1283.1061678838025,0.5576236844062805,0.3526204228401184,0.08975572139024734,0.1327485591173172,0.0034825580660253763,0.31643497943878174
420,0.031152943149209023,0.06428153812885284,0.1240321695804596,-0.11163126677274704,2.0566329956054688,2.0634178228011675,613.4486138733995,0.8815069794654846,0.07454105466604233,0.043878402560949326,0.04006663337349892,0.0009485859773121774,0.8239212036132812
421,0.030282940715551376,0.06431247293949127,0.12403217703104019,-0.11495719850063324,2.0995168685913086,2.1237195403661966,641.7773200220599,0.8679359555244446,0.08625372499227524,0.04580561816692352,0.03950703144073486,0.001076216227374971,0.8076122403144836
422,0.01469341479241848,0.04484064504504204,0.0896151065826416,0.02642052248120308,2.6860077381134033,3.0517511194965516,1477.3201290971367,0.4828259348869324,0.3620035648345947,0.15515458583831787,0.1461413949728012,0.003871225519105792,0.23196649551391602
423,0.01556573249399662,0.0643080621957779,0.1140366941690445,-0.26300162076950073,3.1624534130096436,4.131386827857204,1472.2952003554838,0.49347013235092163,0.3623310923576355,0.14419375360012054,0.12044668197631836,0.004264352843165398,0.24939079582691193
424,0.015310744754970074,0.057820629328489304,0.11227363348007202,-0.07150815427303314,3.08135724067688,3.7764739893494386,1519.0447348299679,0.45037683844566345,0.4231196939945221,0.12650273740291595,0.13246269524097443,0.004284777212888002,0.21300867199897766
425,0.01498442329466343,0.05772613361477852,0.10496780276298523,-0.05889470502734184,2.920929431915283,3.852409430497386,1437.915839759787,0.5062249302864075,0.36027073860168457,0.13346578180789948,0.12692275643348694,0.0037526877131313086,0.26503270864486694
426,0.015368211083114147,0.056875668466091156,0.10645373165607452,-0.12257685512304306,3.031684398651123,3.7008646064786648,1480.4940439376117,0.4852597117424011,0.37418943643569946,0.14054806530475616,0.11985127627849579,0.003701115259900689,0.24726338684558868
427,0.015317496843636036,0.05845755711197853,0.1079130619764328,-0.08615600317716599,2.8559439182281494,3.816391000756074,1408.127438039369,0.5094987154006958,0.3829869329929352,0.10745551437139511,0.12664958834648132,0.0043443660251796246,0.25503823161125183
428,0.01499372348189354,0.05573252961039543,0.0997171625494957,-0.09474817663431168,3.04691481590271,3.7170573189495673,1477.0981767921721,0.4744138717651367,0.4009104073047638,0.12462072819471359,0.1340194195508957,0.003984951414167881,0.22651830315589905
429,0.030782267451286316,0.064128078520298,0.1240321695804596,-0.1180185079574585,2.0846288204193115,2.0832798824745113,606.1405408388581,0.8861016035079956,0.06903449445962906,0.04421650618314743,0.04189643636345863,0.0007092968444339931,0.8201537728309631
430,0.015224440023303032,0.0575006827712059,0.10898922383785248,-0.1569029688835144,3.145907163619995,3.7768668456387613,1490.6028862708908,0.4505186975002289,0.4222097396850586,0.12724724411964417,0.1297617405653,0.0031102043576538563,0.22385215759277344
431,0.025195270776748657,0.06425624340772629,0.1240321695804596,0.09103045612573624,2.2968311309814453,2.5503295429741737,674.416343916851,0.8375693559646606,0.11634792387485504,0.0460827574133873,0.031144553795456886,0.001263928133994341,0.7809125781059265
432,0.015579428523778915,0.05994081497192383,0.1197301521897316,-0.0764760822057724,3.2940454483032227,3.8474334842634694,1545.1308856508113,0.4402186870574951,0.4429362118244171,0.11683660000562668,0.12694096565246582,0.0030226395465433598,0.21341542899608612
433,0.015270223841071129,0.05343971028923988,0.09911087155342102,-0.051879480481147766,2.8783257007598877,3.4996022875583304,1450.0969098331136,0.5072135329246521,0.3536392152309418,0.13914240896701813,0.12350038439035416,0.004003917332738638,0.26418301463127136
434,0.017606019973754883,0.06425727158784866,0.11338195204734802,-0.2926271855831146,2.7928271293640137,3.6497329708807897,1141.0541744161098,0.6869892477989197,0.18412621319293976,0.12888114154338837,0.0922224223613739,0.002518202643841505,0.5554460883140564
435,0.01525984425097704,0.04867169260978699,0.09522292017936707,-0.06318191438913345,2.785187244415283,3.1895274818077626,1382.9891820676555,0.5272657871246338,0.3515014350414276,0.12108701467514038,0.1254289150238037,0.004236138425767422,0.2609984576702118
436,0.025549763813614845,0.0634440928697586,0.12317319214344025,0.07590033113956451,2.2377541065216064,2.4831577047091,636.5915308963167,0.8596816062927246,0.09735342860221863,0.04295874387025833,0.027794841676950455,0.002109527587890625,0.8075949549674988
437,0.015352476388216019,0.058445341885089874,0.10551930218935013,-0.014119982719421387,2.8241357803344727,3.806899968668469,1454.8342202085557,0.4961813986301422,0.3725077211856842,0.13118042051792145,0.12111885100603104,0.004622930195182562,0.2565804719924927
438,0.025324614718556404,0.0642932578921318,0.1240321695804596,0.06398941576480865,2.278820514678955,2.5387654897858205,620.4645667895659,0.8720372319221497,0.08457314223051071,0.04338931664824486,0.03153173252940178,0.0014276441652327776,0.8219929933547974
439,0.02572496421635151,0.06431176513433456,0.1240321695804596,0.0450579971075058,2.226958990097046,2.4999749111781555,625.0676783082857,0.8654048442840576,0.0883384719491005,0.04625634476542473,0.030084025114774704,0.0010314034298062325,0.8153575658798218
440,0.015205041505396366,0.053771600127220154,0.10211879014968872,-0.11675622314214706,3.114419937133789,3.5364323145451353,1513.1756696924692,0.4340856373310089,0.452081561088562,0.11363433301448822,0.13337214291095734,0.003954779822379351,0.20767000317573547
441,0.014706991612911224,0.057993434369564056,0.10361295938491821,-0.1101921796798706,2.8946359157562256,3.943256098324591,1490.7102942357185,0.4726443290710449,0.3818560838699341,0.14549629390239716,0.1371825933456421,0.0039720251224935055,0.23135793209075928
442,0.01553543470799923,0.05589570105075836,0.10527103394269943,-0.11414825171232224,2.989086627960205,3.5979489533292295,1572.9631441877832,0.44928497076034546,0.39834192395210266,0.15234126150608063,0.12737883627414703,0.004110358189791441,0.20637010037899017
443,0.015194191597402096,0.06427653878927231,0.11422604322433472,-0.21611715853214264,3.168666124343872,4.230336202686294,1380.0017641649397,0.5160663723945618,0.37496545910835266,0.10895820707082748,0.1256507784128189,0.004812709055840969,0.2555275857448578
444,0.018056193366646767,0.058314625173807144,0.11518804728984833,-0.27762410044670105,2.737285852432251,3.229619000331253,1110.1776523121084,0.6874549388885498,0.19165293872356415,0.12089131027460098,0.08812998235225677,0.0016343871830031276,0.5653508305549622
445,0.0144848907366395,0.06036616116762161,0.09990661591291428,-0.17762786149978638,2.891566038131714,4.167526166473456,1216.99270987786,0.5851020812988281,0.3329126536846161,0.08195151388645172,0.13766899704933167,0.004134842194616795,0.33335691690444946
446,0.01498707290738821,0.04790033772587776,0.09260381758213043,-0.06521501392126083,2.790684223175049,3.196110275747582,1356.9240424545617,0.5329568386077881,0.35915607213974,0.1078423336148262,0.13301166892051697,0.004317185375839472,0.2596244812011719
447,0.01801297627389431,0.059204526245594025,0.1050662100315094,-0.2958405315876007,2.5818586349487305,3.286770900159941,1051.2453391900046,0.6986246109008789,0.2021498680114746,0.0992060974240303,0.08711060136556625,0.0012850284110754728,0.5813904404640198
448,0.026017967611551285,0.06422828882932663,0.1240321695804596,0.07355590164661407,2.2281641960144043,2.468612836551552,595.079660490303,0.8721835613250732,0.09295377135276794,0.03486265614628792,0.03154514729976654,0.0012716122437268496,0.8189425468444824
449,0.014933369122445583,0.05766131356358528,0.10587160289287567,-0.12834642827510834,3.1586122512817383,3.861239422057563,1470.992660407525,0.45637011528015137,0.4266418218612671,0.11687485128641129,0.12998811900615692,0.005205637775361538,0.22014851868152618
450,0.015733735635876656,0.06308047473430634,0.11213025450706482,-0.2020057737827301,3.078916311264038,4.009249690611212,1461.7191053768713,0.49375399947166443,0.40500447154045105,0.10111436992883682,0.11555598676204681,0.0034388876520097256,0.24744313955307007
451,0.014662664383649826,0.05135522410273552,0.0984337329864502,-0.0871211513876915,2.904423236846924,3.502448310587993,1288.016114205556,0.5612022876739502,0.3566342890262604,0.08214378356933594,0.13006022572517395,0.0030227038078010082,0.31195390224456787
452,0.015118983574211597,0.05378440022468567,0.10631432384252548,-0.010364233516156673,2.753676414489746,3.557408469764339,1350.923446972421,0.5268250703811646,0.382385790348053,0.09078602492809296,0.12726987898349762,0.003331165062263608,0.27252820134162903
453,0.014501217752695084,0.04760764166712761,0.09310790151357651,-0.08089414983987808,2.9434568881988525,3.2830099151498233,1496.3666729513864,0.4713681936264038,0.37603285908699036,0.15235592424869537,0.1417212039232254,0.003631886327639222,0.23499663174152374
454,0.014412402175366879,0.05703014135360718,0.1120583564043045,-0.08132492750883102,2.933103322982788,3.957018452282984,1273.93912992568,0.5473418235778809,0.3619627356529236,0.09065700322389603,0.13190588355064392,0.0039011386688798666,0.31674355268478394
455,0.018028784543275833,0.055737197399139404,0.10152697563171387,-0.3343394696712494,2.683323621749878,3.091567113815005,1111.2954774719603,0.6981635093688965,0.18528856337070465,0.1164705902338028,0.08827199041843414,0.0011855200864374638,0.5736099481582642
456,0.0150687787681818,0.059747159481048584,0.11141766607761383,-0.04453962296247482,3.0336902141571045,3.9649636109358526,1307.3686541776317,0.5189124345779419,0.39487460255622864,0.08619283884763718,0.11921292543411255,0.0035799986217170954,0.3066428303718567
457,0.015751320868730545,0.059714216738939285,0.11114214360713959,-0.07782941311597824,2.946519136428833,3.791060904212334,1541.6338381472497,0.4566861689090729,0.4009094834327698,0.14233054220676422,0.11425910890102386,0.00328718195669353,0.23627769947052002
458,0.030744705349206924,0.06428453326225281,0.1240321695804596,-0.08684958517551422,2.0257911682128906,2.090913948597011,600.768973768434,0.8930071592330933,0.05815914273262024,0.0488276444375515,0.04020914435386658,0.000851291639264673,0.835444450378418
459,0.015701137483119965,0.05662807077169418,0.10298371315002441,-0.11731930822134018,2.91123104095459,3.6066221844734163,1523.129163322279,0.45979130268096924,0.3938042223453522,0.14631499350070953,0.11906169354915619,0.004378093406558037,0.24614758789539337
460,0.01805700734257698,0.06424103677272797,0.1196703240275383,-0.351978063583374,2.8527324199676514,3.557679052258846,1068.7476362633033,0.689065158367157,0.21672971546649933,0.09416933357715607,0.08647498488426208,0.001692297519184649,0.5600665211677551
461,0.03128008916974068,0.06427241116762161,0.1240321695804596,-0.09764827787876129,2.017181396484375,2.054738745046222,625.7709412910028,0.8792362809181213,0.07526431977748871,0.04547140747308731,0.040381573140621185,0.0012657949700951576,0.8174436092376709
462,0.02552807703614235,0.06335492432117462,0.12313205003738403,0.08779112994670868,2.2188966274261475,2.481774253070284,651.6696197007599,0.851009726524353,0.09996500611305237,0.049025170505046844,0.031341105699539185,0.0011553080985322595,0.7965942621231079
463,0.014130337163805962,0.0489032156765461,0.09371709823608398,-0.19811663031578064,2.930582046508789,3.4608668644049043,1294.4510739663244,0.5660569071769714,0.35609757900238037,0.07784096151590347,0.1374203860759735,0.0026347015518695116,0.33326810598373413
464,0.014290344901382923,0.05173289403319359,0.09582364559173584,-0.12539196014404297,2.8776228427886963,3.620129142199157,1303.1806539653005,0.5643611550331116,0.3356066942214966,0.10000487416982651,0.137216717004776,0.003610488260164857,0.32617807388305664
465,0.018008999526500702,0.06041261926293373,0.11205172538757324,-0.28843775391578674,2.7177841663360596,3.354579424064088,1087.4869029264019,0.6988556385040283,0.1869119256734848,0.1141805499792099,0.08534233272075653,0.002334763528779149,0.5744878053665161
466,0.030841058120131493,0.06422010809183121,0.1240321695804596,-0.12443859875202179,2.030975341796875,2.0822926321010127,624.3723853308459,0.8733986616134644,0.0833515152335167,0.043247662484645844,0.0395902581512928,0.0015221248613670468,0.8173909187316895
467,0.030207272619009018,0.06426268070936203,0.12403217703104019,-0.11099641770124435,2.033287763595581,2.1273910265832816,567.2849633405335,0.8977870941162109,0.06569130718708038,0.0364963635802269,0.04355054721236229,0.0014430047012865543,0.833713173866272
468,0.01789805479347706,0.06426416337490082,0.10916642844676971,-0.32418057322502136,2.6767220497131348,3.59056691427335,1027.439514067344,0.719976544380188,0.1742461919784546,0.10574174672365189,0.08988109230995178,0.001476264907978475,0.5871837139129639
469,0.014297779649496078,0.04960109293460846,0.09543238580226898,-0.1337624341249466,2.771574020385742,3.4691465491208273,1265.3219556716908,0.5659666061401367,0.3389597237110138,0.09507352858781815,0.1354111135005951,0.003629495156928897,0.3289259970188141
470,0.014809115789830685,0.054136909544467926,0.10158547013998032,-0.20289529860019684,3.135500431060791,3.655647663852268,1503.8686541358002,0.4854702055454254,0.357636421918869,0.15686804056167603,0.14339633285999298,0.0038632513023912907,0.22246070206165314
471,0.015075990930199623,0.05766499415040016,0.11065858602523804,-0.07471256703138351,3.0245888233184814,3.824955481437906,1522.8973124439967,0.46623194217681885,0.3953767716884613,0.13838018476963043,0.135916605591774,0.004071870353072882,0.22108094394207
472,0.018077529966831207,0.06424632668495178,0.11303186416625977,-0.4106086492538452,2.8778159618377686,3.5539327994077463,1106.7679346335349,0.7000062465667725,0.179932102560997,0.12000177800655365,0.08654050529003143,0.0009208462433889508,0.5776574015617371
473,0.026081247255206108,0.06428639590740204,0.1240321695804596,0.07885408401489258,2.228217601776123,2.4648512885864733,601.7483323201348,0.879420816898346,0.07824581861495972,0.04233338311314583,0.029125122353434563,0.00126941769849509,0.8302792906761169
474,0.014923565089702606,0.05707099661231041,0.10363467037677765,-0.15630678832530975,2.992884874343872,3.8242200349208573,1497.3870354745509,0.4689735770225525,0.40535926818847656,0.1256665587425232,0.13862217962741852,0.004550501704216003,0.2177719920873642
475,0.014823450706899166,0.05132642015814781,0.09608808159828186,-0.06264325231313705,3.0884554386138916,3.4625149818049334,1541.6296804181293,0.45547065138816833,0.3968707025051117,0.1476561725139618,0.13496851921081543,0.0043784803710877895,0.2233065664768219
476,0.014879675582051277,0.05365424603223801,0.10074588656425476,-0.03685378655791283,3.038954973220825,3.6058747203704478,1549.1394871139291,0.4500848650932312,0.4364311397075653,0.11345460265874863,0.13617825508117676,0.003363186027854681,0.21082042157649994
477,0.015195674262940884,0.05104745924472809,0.09925151616334915,-0.04147065803408623,2.806696653366089,3.3593415045664,1386.6453350404215,0.5148590207099915,0.376674085855484,0.10844825953245163,0.13010865449905396,0.004391167312860489,0.2493627965450287
478,0.014647509902715683,0.05051421374082565,0.09629608690738678,-0.1398116797208786,2.8168368339538574,3.4486553737035903,1261.2015355781123,0.5583484768867493,0.3639202117919922,0.07763517647981644,0.12916786968708038,0.002579203573986888,0.3175719976425171
479,0.015234248712658882,0.05400604382157326,0.10395953059196472,0.0196070559322834,2.8941032886505127,3.54504149411398,1411.5985765446608,0.5223286747932434,0.33991414308547974,0.13766834139823914,0.12582279741764069,0.003279862692579627,0.2655722498893738
480,0.017918944358825684,0.06428796052932739,0.12279389798641205,-0.3117441236972809,2.7321534156799316,3.5877091439304403,1037.391217232426,0.7164580225944519,0.17239375412464142,0.11112252622842789,0.09120964258909225,0.002039111452177167,0.5755366086959839
481,0.015202043578028679,0.049601029604673386,0.09913300722837448,-0.1316705048084259,2.8872666358947754,3.2627869632671187,1349.2910230329196,0.5184365510940552,0.38965901732444763,0.09190443903207779,0.12388530373573303,0.0032999475952237844,0.30005893111228943
482,0.01818198151886463,0.0642552450299263,0.1143869012594223,-0.35123202204704285,2.8385708332061768,3.5340067285694117,1055.5408663991607,0.7079944610595703,0.19200094044208527,0.09994010627269745,0.08163676410913467,0.0023202572483569384,0.568570613861084
483,0.030643774196505547,0.06430989503860474,0.1240321695804596,-0.12184149026870728,2.061286687850952,2.098628407327178,660.373242105408,0.8616780042648315,0.09132042527198792,0.04698987305164337,0.04002537950873375,0.0006031433586031199,0.8025053143501282
484,0.014492307789623737,0.04964398220181465,0.09267450869083405,-0.1509145051240921,2.9139106273651123,3.4255401499223894,1292.881851826988,0.562445878982544,0.3362574577331543,0.10129369050264359,0.138681560754776,0.004159989766776562,0.2825227379798889
485,0.014604701660573483,0.05992503464221954,0.10298187285661697,-0.17677688598632812,2.9697511196136475,4.103133088975632,1336.0322728270828,0.5498918294906616,0.3236827254295349,0.12641945481300354,0.13867038488388062,0.004796186927706003,0.27596116065979004
486,0.01804487034678459,0.06426899135112762,0.12201061844825745,-0.29386723041534424,2.7810654640197754,3.561621120709137,1156.832762113948,0.6617853045463562,0.22552207112312317,0.11269161105155945,0.08739952743053436,0.0017543041612952948,0.5419188737869263
487,0.018146557733416557,0.06387188285589218,0.11147881299257278,-0.34333646297454834,2.760768413543701,3.5197795521711255,1073.7892669558169,0.6907042264938354,0.2009386569261551,0.10835209488868713,0.09043319523334503,0.002431359374895692,0.5543203949928284
488,0.030937468633055687,0.06427673250436783,0.12403217703104019,-0.11069351434707642,2.040994644165039,2.0776338641233427,631.6518656036066,0.8688673973083496,0.08595894277095795,0.04517357423901558,0.04009846970438957,0.0006703223334625363,0.8010560274124146
489,0.025512289255857468,0.06429773569107056,0.1240321695804596,0.07223179191350937,2.24910831451416,2.5202652354605113,617.3137879050604,0.8708945512771606,0.0851830244064331,0.04391525685787201,0.03291706368327141,0.0016479336190968752,0.8131886124610901
490,0.030093969777226448,0.06433190405368805,0.1240321695804596,-0.12636175751686096,2.0918021202087402,2.137700826038358,614.2241488396462,0.8769334554672241,0.07883432507514954,0.04421740770339966,0.042339522391557693,0.0012906803749501705,0.8152527213096619
491,0.014519769698381424,0.048906560987234116,0.09213057160377502,-0.15713882446289062,2.8498148918151855,3.3682738776027312,1325.9485017153033,0.5508661270141602,0.3565424084663391,0.09239651262760162,0.13424602150917053,0.003341247793287039,0.31340187788009644
492,0.0147779555991292,0.053987640887498856,0.10059964656829834,-0.0801195576786995,2.847851514816284,3.6532550474726593,1375.7115547970739,0.5268793702125549,0.37687864899635315,0.09623996913433075,0.12562210857868195,0.003469158662483096,0.3081870377063751
493,0.014378922991454601,0.05641215294599533,0.09812692552804947,-0.06164203956723213,2.9652750492095947,3.9232530124542593,1405.031875055085,0.5177750587463379,0.35575392842292786,0.12635177373886108,0.14525581896305084,0.003898431546986103,0.25001615285873413
494,0.014674239791929722,0.05033523216843605,0.09892460703849792,-0.10174030065536499,2.879098653793335,3.4301764778771267,1317.430594581378,0.5544440746307373,0.332189679145813,0.11335896700620651,0.13672973215579987,0.004374367184937,0.2822021543979645
495,0.030158597975969315,0.06414927542209625,0.1240321695804596,-0.1380167007446289,2.0485429763793945,2.1270642445343118,598.4610919064156,0.8901429176330566,0.06385486572980881,0.04542502015829086,0.04429413378238678,0.0008920179097913206,0.820217490196228
496,0.01560970488935709,0.0605681948363781,0.11909227073192596,-0.15521979331970215,3.172811508178711,3.880162710429853,1472.80092773513,0.4846673011779785,0.4047349989414215,0.11059755086898804,0.12001602351665497,0.0035433543380349874,0.23913469910621643
497,0.014799632132053375,0.0509246364235878,0.09825585782527924,-0.12587730586528778,3.1154544353485107,3.440939339961913,1453.6443683838056,0.49911126494407654,0.3745797574520111,0.126145601272583,0.1356082409620285,0.0033731681760400534,0.23388993740081787
498,0.014144397340714931,0.04778428375720978,0.09415918588638306,-0.10654140263795853,2.9472968578338623,3.3783188214236204,1223.3082163574882,0.5910067558288574,0.3247015178203583,0.08421526104211807,0.14219772815704346,0.0031957339961081743,0.34156501293182373
499,0.030293818563222885,0.0643182247877121,0.1240321695804596,-0.1317257285118103,2.0547680854797363,2.123146827837418,586.8363261626293,0.8944024443626404,0.06308993697166443,0.042501892894506454,0.043044377118349075,0.0008429852896369994,0.8307937979698181
500,0.015087710693478584,0.05596707761287689,0.10622377693653107,-0.08344181627035141,3.0441410541534424,3.7094479570951937,1492.1695227750054,0.46673890948295593,0.41583606600761414,0.11742497235536575,0.1363988220691681,0.00278515019454062,0.22485889494419098
501,0.017842890694737434,0.05976174399256706,0.11862354725599289,-0.24769076704978943,2.7179884910583496,3.349330834988739,1047.3628612564562,0.7003539204597473,0.20699173212051392,0.09261823445558548,0.08898831903934479,0.0016491713467985392,0.5685084462165833
502,0.030131811276078224,0.06427539139986038,0.1240321695804596,-0.11857200413942337,2.0690481662750244,2.133140646900167,652.4459199572511,0.8678153157234192,0.07874753326177597,0.05343715846538544,0.04215046763420105,0.0012368002207949758,0.8052488565444946
503,0.015078399330377579,0.05976048484444618,0.11372478306293488,-0.09410524368286133,3.2223312854766846,3.9633175598478063,1501.570672310329,0.4632020890712738,0.4082958996295929,0.1284831166267395,0.13484053313732147,0.003300886135548353,0.2200067788362503
504,0.015517140738666058,0.06427867710590363,0.12074388563632965,-0.32723721861839294,3.2908897399902344,4.14243050213431,1569.3346352262845,0.4417462646961212,0.4270802140235901,0.13117091357707977,0.1279345452785492,0.003242844482883811,0.1986990123987198
505,0.014861037954688072,0.051796432584524155,0.09997502714395523,-0.19720186293125153,3.0093088150024414,3.485384583430058,1498.7646696424354,0.4562574326992035,0.4141065776348114,0.12960746884346008,0.1391208916902542,0.004666252993047237,0.20909202098846436
506,0.01409697625786066,0.04407845810055733,0.08701497316360474,-0.100005142390728,2.7314248085021973,3.126802322083205,1212.1191304859312,0.5961301326751709,0.32622838020324707,0.07763974368572235,0.1400749832391739,0.0029877389315515757,0.3524669110774994
507,0.015229785814881325,0.06419021636247635,0.12399055063724518,-0.15445391833782196,3.319016695022583,4.214781293610843,1577.1348807462655,0.4407331943511963,0.43022722005844116,0.128883495926857,0.12851984798908234,0.003192343283444643,0.21380206942558289
508,0.0143039021641016,0.05219816416501999,0.09449218213558197,-0.204529270529747,2.950528144836426,3.649225474456342,1240.1563023837887,0.580542802810669,0.3326549232006073,0.08670037239789963,0.13475380837917328,0.0029302453622221947,0.34198465943336487
509,0.015259494073688984,0.054284799844026566,0.10051043331623077,-0.14688624441623688,2.8995652198791504,3.5574442755654063,1464.9129630855819,0.47980406880378723,0.4076319932937622,0.11238504946231842,0.1239112988114357,0.004252346698194742,0.2487904131412506
510,0.018279364332556725,0.06426146626472473,0.11479745805263519,-0.29752328991889954,2.6846797466278076,3.515519746316091,1087.8010669988255,0.7053281664848328,0.17942464351654053,0.11520704627037048,0.08688989281654358,0.0014867743011564016,0.5773707032203674
511,0.02554171532392502,0.06425756216049194,0.12403217703104019,0.09642411768436432,2.2460074424743652,2.5157888318403527,608.9238424488026,0.8720965385437012,0.08797071129083633,0.03993261232972145,0.02852626144886017,0.0018882444128394127,0.8223427534103394
512,0.031078416854143143,0.06413760036230087,0.1240321695804596,-0.12213581800460815,2.010662317276001,2.0637344772498216,627.5495502187163,0.8807071447372437,0.07302618771791458,0.04538284242153168,0.04015304148197174,0.0012981741456314921,0.8228129744529724
513,0.01791263557970524,0.060897909104824066,0.11804736405611038,-0.3326018452644348,2.804180383682251,3.399717971732804,1069.2974559203556,0.7017806172370911,0.18810206651687622,0.1101146787405014,0.08974999934434891,0.0013010601978749037,0.5727917551994324
514,0.018001614138484,0.053340934216976166,0.1064426451921463,-0.26084890961647034,2.596444606781006,2.9631195182647736,1090.516942603849,0.7149749398231506,0.16171447932720184,0.12327007949352264,0.08725909143686295,0.0010321532608941197,0.586323082447052
515,0.014753080904483795,0.05552675575017929,0.10830602794885635,-5.736902676289901e-05,2.9041810035705566,3.7637396626449537,1442.475618664059,0.47892409563064575,0.3974485993385315,0.1235179528594017,0.14665758609771729,0.0037279087118804455,0.2135605812072754
516,0.01522812806069851,0.05501020699739456,0.10361805558204651,-0.15213638544082642,2.9821760654449463,3.6124076954511013,1438.5635233822013,0.4965274930000305,0.3783074617385864,0.12507176399230957,0.12478235363960266,0.00439019501209259,0.2536683678627014
517,0.03152548521757126,0.06433498859405518,0.1240321695804596,-0.10651567578315735,1.9940102100372314,2.0407295287609486,602.9743741066502,0.8924397230148315,0.05905304476618767,0.048502542078495026,0.040174443274736404,0.0014923872658982873,0.8304977416992188
518,0.014926336705684662,0.05141673982143402,0.0967751294374466,-0.16004666686058044,2.8350510597229004,3.4446991805033695,1300.4936827528732,0.5393480062484741,0.37510234117507935,0.08551430702209473,0.12718772888183594,0.002670606132596731,0.31699317693710327
519,0.014433629810810089,0.04815657436847687,0.09310585260391235,-0.1338549703359604,2.92546010017395,3.336414678522066,1220.7251821316734,0.5725618600845337,0.350599467754364,0.0768362283706665,0.13600409030914307,0.00311256549321115,0.34368696808815
520,0.025903036817908287,0.06427041441202164,0.12403217703104019,0.034281764179468155,2.257023811340332,2.481192257932728,658.9203007663724,0.8481869101524353,0.10275313258171082,0.049059901386499405,0.02959403209388256,0.0010068772826343775,0.7978837490081787
521,0.014635329134762287,0.050633907318115234,0.09480367600917816,-0.19064998626708984,3.018021821975708,3.4597040386600053,1487.1951942419555,0.4780270755290985,0.39552804827690125,0.12643861770629883,0.13945302367210388,0.0037023143377155066,0.22538217902183533
522,0.014585561119019985,0.060011595487594604,0.10247457027435303,-0.18730023503303528,2.911832332611084,4.114452299351262,1232.0144906981513,0.5848007202148438,0.3259265124797821,0.0892157331109047,0.13003475964069366,0.0032577398233115673,0.3461681604385376
523,0.02673393487930298,0.06423306465148926,0.1240321695804596,0.07008384168148041,2.25406813621521,2.402679027202048,606.3025884285164,0.8780921101570129,0.08051521331071854,0.04138755798339844,0.027865607291460037,0.0018531635869294405,0.8324323892593384
524,0.015066724270582199,0.06146317347884178,0.1200789213180542,-0.07497948408126831,3.084035873413086,4.079398572041922,1504.398182636282,0.45637083053588867,0.43150022625923157,0.11212494969367981,0.13109461963176727,0.004231564700603485,0.2100370079278946
525,0.017966844141483307,0.06425795704126358,0.11097408086061478,-0.31891852617263794,2.719622850418091,3.5764743397157392,1021.4058991496239,0.7191194295883179,0.1790734827518463,0.10176946967840195,0.09326156973838806,0.0019171906169503927,0.5779719948768616
526,0.014538809657096863,0.058368053287267685,0.11217577755451202,-0.13551868498325348,3.05393123626709,4.014637694548928,1513.9351331800801,0.4738687574863434,0.4003237187862396,0.12579695880413055,0.14166952669620514,0.003939772490411997,0.22791196405887604
527,0.025039583444595337,0.0642842948436737,0.1240321695804596,0.06141795963048935,2.2610623836517334,2.5673068796590477,599.4575202840978,0.872732400894165,0.08806779980659485,0.039197564125061035,0.0310707725584507,0.0010346721392124891,0.8142645359039307
528,0.030267393216490746,0.06430637091398239,0.1240321695804596,-0.10877181589603424,2.0950655937194824,2.124608830760536,626.3725711711202,0.8691074848175049,0.08703398704528809,0.04385518282651901,0.042120881378650665,0.001011399901472032,0.8041881918907166
529,0.01527448184788227,0.0537354052066803,0.09855888038873672,-0.10935793817043304,2.783083200454712,3.517985470034943,1457.3264967631326,0.49802252650260925,0.3584213852882385,0.14354608952999115,0.12602384388446808,0.004022620618343353,0.2492201030254364
530,0.018260793760418892,0.06141627952456474,0.12119977921247482,-0.2601318657398224,2.774219274520874,3.363286411696082,1097.5018267671783,0.6965827345848083,0.1872982531785965,0.1160639151930809,0.0846560150384903,0.0013843801571056247,0.5685073137283325
531,0.015651481226086617,0.05682562291622162,0.10403679311275482,-0.10023435205221176,3.065899133682251,3.6306865843392897,1479.8302421867643,0.4825427234172821,0.3838516175746918,0.13353751599788666,0.11847186833620071,0.0039949496276676655,0.2461588978767395
532,0.014942639507353306,0.05229502171278,0.09363406896591187,-0.09217677265405655,2.7753517627716064,3.499717816490573,1396.8726802949795,0.5074816346168518,0.3862684369087219,0.10621854662895203,0.12806184589862823,0.004396770149469376,0.26414433121681213
533,0.03018523007631302,0.06426933407783508,0.1240321695804596,-0.1177624985575676,2.080169200897217,2.129164956279045,619.9810474983182,0.8847625255584717,0.06500151008367538,0.05023520812392235,0.04194165766239166,0.0009263618849217892,0.8241755366325378
534,0.014498025178909302,0.048388563096523285,0.09410086274147034,-0.06950157135725021,2.991874933242798,3.3375968448156605,1428.5427057730387,0.5081823468208313,0.36164841055870056,0.13016904890537262,0.1448420137166977,0.005466087255626917,0.24448074400424957
535,0.02588394470512867,0.06421876698732376,0.12403217703104019,0.06617843359708786,2.230837821960449,2.4810270504139336,650.6853990633998,0.8633625507354736,0.08469456434249878,0.05193598195910454,0.029164860025048256,0.0009262152016162872,0.8158021569252014
536,0.014706430956721306,0.04935946315526962,0.09323877096176147,-0.10859834402799606,2.869990348815918,3.356318286684946,1301.6032759932955,0.5627017021179199,0.3447096049785614,0.09249724447727203,0.13190102577209473,0.003269272856414318,0.3268803358078003
537,0.014830161817371845,0.052535105496644974,0.10193557292222977,-0.11058038473129272,3.115124225616455,3.5424499165992667,1503.0237686910425,0.4815492331981659,0.3695365786552429,0.1487135887145996,0.13996222615242004,0.00309566967189312,0.23043739795684814
538,0.015074362978339195,0.059394143521785736,0.11086364090442657,-0.046154022216796875,3.1835663318634033,3.940076512897486,1529.7387951791864,0.45848456025123596,0.41342470049858093,0.12808652222156525,0.1300075352191925,0.004845207091420889,0.21593981981277466
539,0.015955083072185516,0.06363844126462936,0.11978279799222946,-0.14002150297164917,3.322932004928589,3.988599806890483,1501.5392997506447,0.4604646861553192,0.41220271587371826,0.1273280680179596,0.10917209833860397,0.005300875753164291,0.23325210809707642
540,0.014301023446023464,0.046862442046403885,0.09001608937978745,-0.1060078889131546,2.9471046924591064,3.276859325488175,1250.4498018726017,0.5762612223625183,0.338156133890152,0.08547364920377731,0.13629381358623505,0.003172131022438407,0.3386140763759613
541,0.014260714873671532,0.04737292602658272,0.09259548783302307,-0.16735737025737762,2.9722087383270264,3.321918041480642,1418.6766391366025,0.5004180073738098,0.3881494402885437,0.11142786592245102,0.14618279039859772,0.003560445038601756,0.2328161895275116
542,0.014781618490815163,0.064316526055336,0.11212297528982162,-0.24222604930400848,3.101994752883911,4.351115278137449,1370.749612448267,0.5398532152175903,0.3575148582458496,0.10257108509540558,0.13161534070968628,0.003649891121312976,0.27939924597740173
543,0.01860842853784561,0.06287682056427002,0.11707872152328491,-0.23780137300491333,2.6429190635681152,3.378943065128413,1153.8119929312809,0.6643821001052856,0.21509751677513123,0.12047320604324341,0.0839598998427391,0.0016051324782893062,0.5446893572807312
544,0.014814729802310467,0.05978593975305557,0.10573578625917435,-0.12392738461494446,2.971318006515503,4.035574090571394,1278.820029513286,0.5699415802955627,0.3374328017234802,0.09262461215257645,0.1271057277917862,0.0033918856643140316,0.33676761388778687
545,0.015053536742925644,0.05485166981816292,0.10368356108665466,-0.02300381101667881,2.994119882583618,3.643772938628292,1508.355890941547,0.465140700340271,0.3976150155067444,0.13720183074474335,0.13665199279785156,0.0032750151585787535,0.21636934578418732
546,0.01454425323754549,0.053091563284397125,0.10023356229066849,-0.05788574367761612,2.956895589828491,3.6503464573686553,1464.6100749496377,0.4830625653266907,0.38424938917160034,0.1326608508825302,0.1399115025997162,0.0033425891306251287,0.23655006289482117
547,0.01792760193347931,0.06425792723894119,0.11737507581710815,-0.3079410493373871,2.6194591522216797,3.5843013178107754,1108.1072376376828,0.6760035753250122,0.21379531919956207,0.11018527299165726,0.09047831594944,0.001757413730956614,0.5475573539733887
548,0.015376119874417782,0.049485448747873306,0.09556300938129425,-0.11000718176364899,2.865109443664551,3.2183313572487835,1507.542294986739,0.45777052640914917,0.4275607466697693,0.11450831592082977,0.12623648345470428,0.0038150979671627283,0.21249385178089142
549,0.02533041499555111,0.06431956589221954,0.12403217703104019,0.05367637798190117,2.289473533630371,2.53922274471133,639.7716206422647,0.8582693338394165,0.09796831756830215,0.043761324137449265,0.03147400915622711,0.0014883639523759484,0.8019894361495972
550,0.01783677563071251,0.055012524127960205,0.10388857126235962,-0.3068894147872925,2.6487693786621094,3.0842191023669034,1018.0012156659368,0.7273364663124084,0.16646866500377655,0.10617950558662415,0.08948779851198196,0.0014293264830484986,0.5905768871307373
551,0.01500099990516901,0.055818963795900345,0.10280166566371918,-0.1431763768196106,2.9186227321624756,3.721016208589226,1339.7814968045418,0.5393640398979187,0.3595787286758423,0.10104500502347946,0.12505193054676056,0.003302608849480748,0.319679856300354
552,0.01785392500460148,0.058128923177719116,0.10856893658638,-0.3276120722293854,2.6624069213867188,3.2558063932430428,1069.1737190726374,0.7029622793197632,0.1934823989868164,0.10354636609554291,0.08944954723119736,0.0017243875190615654,0.5780386924743652
553,0.014546711929142475,0.053152915090322495,0.09875065088272095,-0.09284928441047668,3.032731771469116,3.653947046286349,1316.264535271173,0.5647456049919128,0.35705435276031494,0.07816697657108307,0.1340923309326172,0.0030443586874753237,0.316484272480011
554,0.015519930049777031,0.0573074109852314,0.10534496605396271,-0.11828749626874924,2.8996574878692627,3.6925044634696795,1418.422698444509,0.49785804748535156,0.4111150801181793,0.09102681279182434,0.11943668872117996,0.0033454210497438908,0.24796633422374725
555,0.017822299152612686,0.06216095760464668,0.11027077585458755,-0.3505779206752777,2.7674498558044434,3.4878192240447436,1039.636324651783,0.71104896068573,0.18341025710105896,0.10550247877836227,0.08881346881389618,0.0010112856980413198,0.584355890750885
556,0.03043658658862114,0.06424690037965775,0.1240321695804596,-0.11451736837625504,2.046046733856201,2.110844466427977,607.1850660793525,0.8843737840652466,0.07223144918680191,0.043392688035964966,0.04126691818237305,0.0007294565439224243,0.8260772228240967
557,0.015352660790085793,0.057985153049230576,0.10816922783851624,-0.07008638978004456,2.9043900966644287,3.776879710838037,1599.0924355525342,0.4439203143119812,0.4068315625190735,0.14922486245632172,0.12665726244449615,0.004639530088752508,0.2070225030183792
558,0.014302144758403301,0.05717337504029274,0.1047116219997406,-0.04589517414569855,2.868509531021118,3.9975385511814707,1462.679498690533,0.5076680779457092,0.35061946511268616,0.1416391283273697,0.14618448913097382,0.0037689851596951485,0.2378908097743988
559,0.017846979200839996,0.06052419915795326,0.11371344327926636,-0.2322557121515274,2.739555597305298,3.391285352745484,1105.3396714176095,0.6893588900566101,0.19504030048847198,0.11554700136184692,0.08843876421451569,0.0014959789114072919,0.5677905082702637
560,0.030555546283721924,0.06428426504135132,0.12403217703104019,-0.11834836006164551,2.028818368911743,2.1038493124076165,624.4722211588874,0.8794777989387512,0.07397297024726868,0.046547699719667435,0.04181786999106407,0.0007408236851915717,0.8197636008262634
561,0.025841670110821724,0.06428923457860947,0.12403217703104019,0.06079889461398125,2.2438464164733887,2.487812680079034,643.3587089333638,0.8557403087615967,0.10201448947191238,0.04224356263875961,0.030239736661314964,0.0019399053417146206,0.802961528301239
562,0.014923817478120327,0.05978460982441902,0.10622850060462952,-0.0349251814186573,3.075775623321533,4.005986397787477,1360.692272893289,0.537100076675415,0.3729345202445984,0.08993873000144958,0.1248878613114357,0.0024657398462295532,0.31462928652763367
563,0.014388365671038628,0.05796729028224945,0.10244743525981903,-0.20633983612060547,2.9566290378570557,4.028761264727873,1264.8681950296093,0.583016037940979,0.3197968900203705,0.09701794385910034,0.14014042913913727,0.003500976599752903,0.3378472626209259
564,0.015071611851453781,0.050477202981710434,0.09217660129070282,-0.08202727884054184,2.770936965942383,3.3491575735804484,1382.279656254324,0.5306751728057861,0.35858067870140076,0.11068756878376007,0.1327318549156189,0.00497078150510788,0.25853434205055237
565,0.01518184132874012,0.05474225431680679,0.10529133677482605,-0.09286386519670486,3.0689260959625244,3.6057717326797976,1460.9341019041037,0.4967540204524994,0.37170499563217163,0.1315300166606903,0.1292240172624588,0.003764854744076729,0.25654616951942444
566,0.014539566822350025,0.052298422902822495,0.09893923997879028,-0.14110755920410156,2.8845298290252686,3.596972560340181,1302.0106414799234,0.5579983592033386,0.3546924889087677,0.08720003813505173,0.13310250639915466,0.0038951749447733164,0.3298681676387787
567,0.01771123893558979,0.0634671300649643,0.11826387047767639,-0.35780322551727295,2.813166856765747,3.5834381938039943,1059.7441721662346,0.7016745209693909,0.1923820972442627,0.10579327493906021,0.09144893288612366,0.0014789343113079667,0.5634283423423767
568,0.015250291675329208,0.052545152604579926,0.09932057559490204,-0.09134215116500854,2.8847620487213135,3.4455178772834922,1362.5430208086054,0.5194563269615173,0.39500436186790466,0.08535409718751907,0.11932327598333359,0.0025042265187948942,0.29979947209358215
569,0.018218843266367912,0.06429062783718109,0.11881664395332336,-0.289887398481369,2.9220187664031982,3.528798557279054,1127.236747749477,0.6744913458824158,0.2095005214214325,0.11598403751850128,0.0868174210190773,0.0009919102303683758,0.5460683107376099
570,0.014929882250726223,0.05205380544066429,0.09797246009111404,-0.09445682168006897,2.926732301712036,3.4865516393905733,1407.4149201728212,0.5182091593742371,0.3923325836658478,0.08918049186468124,0.1225934773683548,0.004061765503138304,0.30444571375846863
571,0.014733480289578438,0.052890121936798096,0.09931270778179169,-0.07187172025442123,2.8650054931640625,3.589791474497681,1506.2759962784185,0.47680822014808655,0.38677680492401123,0.1360270082950592,0.1344263255596161,0.0038411677815020084,0.23580621182918549
572,0.02575083263218403,0.06424271315336227,0.1240321695804596,0.07532455027103424,2.25268292427063,2.4947819772854785,633.8603698594084,0.8522672057151794,0.11165646463632584,0.03607303276658058,0.030267713591456413,0.0014379644999280572,0.8027329444885254
573,0.01395909208804369,0.048661697655916214,0.08784843981266022,-0.10790736973285675,2.7074387073516846,3.4860216800281836,1245.734756764736,0.5958474278450012,0.29489001631736755,0.10921093076467514,0.14374691247940063,0.0035191953647881746,0.34787994623184204
574,0.01606026478111744,0.05888096243143082,0.11081966757774353,-0.08189910650253296,2.91733455657959,3.6662510382140634,1544.1952123730114,0.4735133945941925,0.37515169382095337,0.15120260417461395,0.11772625148296356,0.0035999747924506664,0.2379404604434967
575,0.015044955536723137,0.05696475878357887,0.10109968483448029,-0.09222576767206192,3.061241388320923,3.7863029000483017,1502.7788190894078,0.45254239439964294,0.40477168560028076,0.14246992766857147,0.13770127296447754,0.003432607278227806,0.20389926433563232
576,0.02590378187596798,0.06425363570451736,0.1240321695804596,0.060228824615478516,2.2311747074127197,2.480473160625541,603.8982148270392,0.87690669298172,0.08459974825382233,0.03849075734615326,0.030502092093229294,0.001630597747862339,0.82485431432724
577,0.017672551795840263,0.05587237700819969,0.10312570631504059,-0.30030906200408936,2.6919307708740234,3.1615342057273987,1045.9964195262103,0.693248450756073,0.20067286491394043,0.10604874789714813,0.0911194309592247,0.0014025992713868618,0.5663682222366333
578,0.025628123432397842,0.06430802494287491,0.12403217703104019,0.04855607822537422,2.228015422821045,2.5092756053715006,590.3032364255799,0.8793802857398987,0.08474386483430862,0.03587588295340538,0.03149038553237915,0.0012833267683163285,0.822601854801178
579,0.02606450766324997,0.06422069668769836,0.12403217703104019,0.0325760543346405,2.261866331100464,2.4639136681558482,661.2531015544754,0.8445509672164917,0.1129356250166893,0.04251069203019142,0.028446299955248833,0.0009628406260162592,0.7965050935745239
580,0.030118484050035477,0.06422213464975357,0.1240321695804596,-0.10653286427259445,2.090188980102539,2.1323163058582164,650.7173765678762,0.8684178590774536,0.08100415766239166,0.05040360614657402,0.04186620935797691,0.0012396260863170028,0.8077383637428284
581,0.014861839823424816,0.053272794932127,0.09607149660587311,-0.08510629832744598,2.7706072330474854,3.5845356672849733,1360.0722094031414,0.5417413115501404,0.3496533930301666,0.10859736055135727,0.13150723278522491,0.0036378803197294474,0.2856437563896179
582,0.0152970552444458,0.05444981902837753,0.10794231295585632,-0.15304914116859436,3.0235342979431152,3.5594967890691374,1432.2802816457656,0.49301037192344666,0.3949735760688782,0.11186525225639343,0.1275549978017807,0.003600458847358823,0.249795600771904
583,0.014771846123039722,0.04618452116847038,0.08851556479930878,-0.04084812104701996,2.6187593936920166,3.1265233052563164,1277.0947180666751,0.5663156509399414,0.3351402282714844,0.09824737161397934,0.12765860557556152,0.0031984311062842607,0.33084210753440857
584,0.01486302725970745,0.05784301832318306,0.10300460457801819,-0.07644125074148178,3.0239381790161133,3.891738695528023,1522.554198223912,0.4570974111557007,0.4220567047595978,0.12084484100341797,0.1317058503627777,0.0038908941205590963,0.22173091769218445
585,0.01545773446559906,0.05244831368327141,0.10158674418926239,-0.041876114904880524,2.843205451965332,3.3930142736376583,1369.1449027382362,0.5166293978691101,0.4006096422672272,0.08271767944097519,0.11514297127723694,0.0024603137280792,0.30732250213623047
586,0.014904536306858063,0.060201238840818405,0.11317717283964157,-0.0707758441567421,2.8498857021331787,4.039121888621167,1334.4360369163212,0.5429048538208008,0.37758126854896545,0.07944774627685547,0.12869863212108612,0.0027066098991781473,0.3078497350215912
587,0.014586420729756355,0.061982765793800354,0.10467773675918579,-0.24264484643936157,3.0301454067230225,4.24934717967554,1310.4290163912326,0.5572328567504883,0.35298871994018555,0.08977370709180832,0.12927791476249695,0.0030881683342158794,0.32226550579071045
588,0.01821078173816204,0.05738483741879463,0.11235687136650085,-0.23956052958965302,2.638540029525757,3.1511462956798453,1122.2396703023817,0.6782084107398987,0.2130390852689743,0.1087479218840599,0.08681830763816833,0.0015828938921913505,0.5641263127326965
589,0.02496987394988537,0.06432760506868362,0.12403217703104019,0.07597295939922333,2.310286045074463,2.576208642270809,644.1660964477334,0.8604140281677246,0.09031353890895844,0.049253854900598526,0.029977906495332718,0.001836610957980156,0.8049721717834473
590,0.014820525422692299,0.05809137225151062,0.10161164402961731,-0.09136960655450821,2.841743230819702,3.91965673218609,1234.4495465840337,0.5603950619697571,0.3735020160675049,0.06594722718000412,0.12781499326229095,0.003036227310076356,0.3265189230442047
591,0.017765896394848824,0.056846849620342255,0.10509663820266724,-0.2866741120815277,2.73032546043396,3.199773788708184,1074.5227932053722,0.7167999744415283,0.16246266663074493,0.12071556597948074,0.09304298460483551,0.0020868293941020966,0.5822274088859558
592,0.014326884411275387,0.060760777443647385,0.1068389043211937,-0.11031350493431091,2.779339075088501,4.241032152921334,1270.2657506465569,0.5735094547271729,0.33577415347099304,0.09064093977212906,0.14043958485126495,0.0026540751568973064,0.3341636061668396
593,0.014492075890302658,0.0456848070025444,0.08891957998275757,-0.07499262690544128,2.5927393436431885,3.1523991003912624,1341.7466194692772,0.5397523045539856,0.3582827150821686,0.10189881175756454,0.13331852853298187,0.0028117108158767223,0.31537169218063354
594,0.0251755490899086,0.06427454203367233,0.1240321695804596,0.07188593596220016,2.2171010971069336,2.553054227400473,625.8622767372316,0.8620747923851013,0.09735820442438126,0.04056704416871071,0.031327538192272186,0.001886118552647531,0.8065838813781738
595,0.015344460494816303,0.048900965601205826,0.09484431892633438,-0.039061810821294785,2.7436683177948,3.1868807387877056,1416.6123305573271,0.5106784701347351,0.3870925307273865,0.10221194475889206,0.12478183954954147,0.0034516057930886745,0.2575155198574066
596,0.014854282140731812,0.058894962072372437,0.10576526820659637,-0.14289698004722595,2.9484102725982666,3.9648474096847917,1391.2716992766418,0.5216670036315918,0.3771580457687378,0.1010805293917656,0.13055364787578583,0.004348027054220438,0.26039084792137146
597,0.03113004006445408,0.06427755951881409,0.1240321695804596,-0.11804646998643875,2.06058669090271,2.0648081205055946,607.4253246186627,0.8826650381088257,0.07552359253168106,0.04180913046002388,0.04111200198531151,0.001180266379378736,0.8209366202354431
598,0.01539989560842514,0.060808178037405014,0.11661770939826965,-0.1018129289150238,3.1415414810180664,3.948609755522551,1450.2675731507913,0.5041252970695496,0.37765413522720337,0.11816523224115372,0.1257399022579193,0.004008402116596699,0.26325151324272156
599,0.02511490136384964,0.06428871303796768,0.1240321695804596,0.07300630956888199,2.2792468070983887,2.559783616269543,639.6931794575215,0.8600457310676575,0.09328237175941467,0.04666756093502045,0.0317816361784935,0.001258494216017425,0.809245765209198
600,0.014486918225884438,0.05618545413017273,0.10164028406143188,-0.21835635602474213,3.0103983879089355,3.878357926111936,1243.506599492257,0.5856989026069641,0.3226221799850464,0.09167765825986862,0.13306324183940887,0.0025901414919644594,0.34654349088668823
601,0.01489634532481432,0.05105779692530632,0.09447137266397476,-0.0903969258069992,2.7876341342926025,3.427538487364867,1459.860342401648,0.4622141718864441,0.4253866672515869,0.11238593608140945,0.1399427205324173,0.0046856217086315155,0.2075750231742859
602,0.014859736897051334,0.054022710770368576,0.09942267835140228,-0.15109926462173462,3.0836522579193115,3.6355092382189462,1462.6877208445767,0.47000083327293396,0.41454118490219116,0.11534979194402695,0.144415020942688,0.003780265571549535,0.22187818586826324
603,0.01792929694056511,0.06155344843864441,0.11245840787887573,-0.3083767592906952,2.765885591506958,3.433121144641559,1035.6385604394984,0.7026044726371765,0.19851143658161163,0.09887241572141647,0.08861194550991058,0.002183685079216957,0.5581133961677551
604,0.015000668354332447,0.05147140100598335,0.09970623254776001,-0.11105462908744812,3.1041722297668457,3.431273846387402,1504.7393907261076,0.46227210760116577,0.42390409111976624,0.11378514021635056,0.13386476039886475,0.004558471031486988,0.21030019223690033
605,0.01834981143474579,0.058462098240852356,0.11120977997779846,-0.31748685240745544,2.6763014793395996,3.1859781472722415,1049.4227220250348,0.7032723426818848,0.18582040071487427,0.11090724170207977,0.08730217069387436,0.001617730245925486,0.5625791549682617
606,0.025207161903381348,0.06138857081532478,0.12112902104854584,0.1038706973195076,2.2647907733917236,2.435362261256973,614.3029444501167,0.8681223392486572,0.09228897094726562,0.03958502039313316,0.030543053522706032,0.0020874147303402424,0.8117484450340271
607,0.015140185132622719,0.05473600700497627,0.10631288588047028,-0.03658214211463928,2.8585586547851562,3.615279900601792,1417.0917948940464,0.5236294865608215,0.3438216745853424,0.13248449563980103,0.1263967603445053,0.003593487199395895,0.2678197920322418
608,0.029893338680267334,0.0642796978354454,0.1240321695804596,-0.13568252325057983,2.1065616607666016,2.1503017284491643,648.2927253608846,0.8690568804740906,0.08114086836576462,0.04979587718844414,0.04454505816102028,0.0011434027692303061,0.797048032283783
609,0.03074551559984684,0.06415896862745285,0.12403217703104019,-0.13178473711013794,2.05542254447937,2.086774847441026,638.5524066198336,0.8744460344314575,0.07586073875427246,0.04917752370238304,0.041217442601919174,0.0010599222732707858,0.8145479559898376
610,0.015675067901611328,0.05974944680929184,0.11231857538223267,-0.04464329779148102,2.9573934078216553,3.8117504294407625,1574.7045872715526,0.41386204957962036,0.46576061844825745,0.12032899260520935,0.12509630620479584,0.003371685743331909,0.19092752039432526
611,0.02582806721329689,0.06431100517511368,0.1240321695804596,0.07520231604576111,2.237215995788574,2.489965843805568,626.0438875656238,0.8666205406188965,0.0889916718006134,0.044385503977537155,0.02972269617021084,0.0011798556661233306,0.8084505200386047
612,0.013972597196698189,0.04469865560531616,0.08688876032829285,-0.13832485675811768,2.6637678146362305,3.1990226994219593,1199.996767452249,0.6071165204048157,0.3070391118526459,0.08575984835624695,0.14237825572490692,0.004187356680631638,0.36974963545799255
613,0.01409984566271305,0.04645513743162155,0.08820199966430664,-0.07743965834379196,2.8819565773010254,3.294726661524894,1319.8173820481231,0.5683740377426147,0.32396751642227173,0.10764172673225403,0.14114946126937866,0.002279625739902258,0.3260596990585327
614,0.01426030695438385,0.04549446702003479,0.08869881927967072,-0.0965360477566719,2.7553763389587402,3.1902866580903972,1250.8216710016643,0.5926818251609802,0.3125426471233368,0.09477122873067856,0.13760757446289062,0.002771796891465783,0.3506507873535156
615,0.015359603799879551,0.055219002068042755,0.10557962208986282,-0.07733245193958282,2.9003639221191406,3.5950798460622204,1503.0036032720259,0.47390562295913696,0.3917843997478485,0.13430623710155487,0.13146664202213287,0.0038050285074859858,0.21972297132015228
616,0.014511867426335812,0.04176734760403633,0.08073246479034424,-0.1261245161294937,2.748541831970215,2.8781511279078895,1222.9636630251084,0.590095579624176,0.3292979896068573,0.08059565722942352,0.13904055953025818,0.004063388332724571,0.34205517172813416
617,0.030201949179172516,0.06427284330129623,0.1240321695804596,-0.1417049765586853,2.080472469329834,2.1281024915931965,608.8029562288738,0.8775066137313843,0.08274456858634949,0.0397484190762043,0.045727089047431946,0.0017232036916539073,0.8068855404853821
618,0.015338840894401073,0.05903336778283119,0.10719700157642365,-0.16381840407848358,3.1744534969329834,3.848619865437858,1451.8271341925906,0.5005640983581543,0.381573885679245,0.11786023527383804,0.12658612430095673,0.004636063706129789,0.25829264521598816
619,0.015118631534278393,0.05121631547808647,0.10129226744174957,-0.10313589870929718,2.882150411605835,3.3876290561468054,1373.1173058194372,0.5210112929344177,0.3716592490673065,0.1073184385895729,0.12579531967639923,0.0037152639124542475,0.26570284366607666
620,0.014822635799646378,0.047847259789705276,0.09556445479393005,-0.09392037987709045,2.7850112915039062,3.2279859286307753,1320.9944635324573,0.543985903263092,0.36639177799224854,0.08961466699838638,0.13130345940589905,0.0035176612436771393,0.3066136837005615
621,0.014327852055430412,0.04581574350595474,0.09098432213068008,-0.0889895036816597,2.865551233291626,3.197670057277874,1258.7265243836,0.5632132291793823,0.3596912622451782,0.07707902044057846,0.1321011334657669,0.0029362384229898453,0.3253997564315796
622,0.014615598134696484,0.055782750248909,0.10142168402671814,0.10564325004816055,3.003126382827759,3.816658732061584,1492.8058654228082,0.47124871611595154,0.39697012305259705,0.1317286491394043,0.13919652998447418,0.004380783066153526,0.22821038961410522
623,0.030651871114969254,0.06419036537408829,0.1240321695804596,-0.12781764566898346,2.0365495681762695,2.0941744512505758,594.6310914521557,0.8916231989860535,0.06727875024080276,0.04074489325284958,0.04100407287478447,0.0011517644161358476,0.8254011273384094
624,0.018103351816534996,0.057963475584983826,0.11072449386119843,-0.29455509781837463,2.727165937423706,3.2018090444908727,1038.6883064959081,0.7169786691665649,0.16760563850402832,0.11540798842906952,0.0909958928823471,0.0018457616679370403,0.5893008708953857
625,0.015031586401164532,0.06302061676979065,0.11660498380661011,-0.05801556259393692,3.1504335403442383,4.1925459551438795,1430.8533715714386,0.5050302743911743,0.40104785561561584,0.09369315207004547,0.11917680501937866,0.0039886292070150375,0.29714587330818176
626,0.03015810437500477,0.0642724335193634,0.1240321695804596,-0.13810212910175323,2.1255221366882324,2.131182806386917,627.7970244449149,0.8718113303184509,0.08371011912822723,0.04447729140520096,0.041576601564884186,0.0014599552378058434,0.8112369775772095
627,0.018309999257326126,0.05800728127360344,0.10865199565887451,-0.2586580812931061,2.680793046951294,3.1680657358424376,1096.5647015001193,0.6791163682937622,0.21795718371868134,0.10290193557739258,0.08529654145240784,0.0015990196261554956,0.5565909147262573
628,0.014692150056362152,0.04693354666233063,0.09080608189105988,-0.07702519744634628,2.708305835723877,3.1944641512024643,1329.0898044043647,0.5552868843078613,0.34525632858276367,0.09943953156471252,0.1331174075603485,0.0054765851236879826,0.2745407521724701
629,0.025253701955080032,0.06423749029636383,0.1240321695804596,0.0433642715215683,2.2723488807678223,2.5436860864233863,674.4706855000992,0.838388204574585,0.1189313679933548,0.042678117752075195,0.03316732868552208,0.0026627422776073217,0.7826072573661804
630,0.030959464609622955,0.06418884545564651,0.12403217703104019,-0.1150418147444725,2.103227138519287,2.0733189757300177,662.7155460347909,0.8604027628898621,0.08988940715789795,0.04964252933859825,0.04041281342506409,0.0010817901929840446,0.8019322752952576
631,0.030149005353450775,0.0643048882484436,0.1240321695804596,-0.11313430964946747,2.039213180541992,2.1329024786202617,609.7283246167937,0.8807542324066162,0.07630768418312073,0.04293372482061386,0.042350661009550095,0.0011798085179179907,0.8134351968765259
632,0.031009329482913017,0.06429922580718994,0.1240321695804596,-0.12235165387392044,2.022599697113037,2.0735445389280995,603.7494639341924,0.8816936612129211,0.07975887507200241,0.03854742646217346,0.039991606026887894,0.0013256967067718506,0.8219568133354187
633,0.015000537969172001,0.05393150448799133,0.10272369533777237,-0.13395212590694427,2.9540231227874756,3.595304688087326,1509.0376784164507,0.4492166042327881,0.4352843165397644,0.11541160196065903,0.13706298172473907,0.005000744946300983,0.20407216250896454
634,0.03117198310792446,0.06428142637014389,0.12403217703104019,-0.1041984036564827,2.033107280731201,2.0621538945894105,621.5316042786392,0.8820594549179077,0.07033120840787888,0.04760916158556938,0.0389668345451355,0.0006904210895299911,0.8249267935752869
635,0.030899768695235252,0.06429591774940491,0.1240321695804596,-0.10803324729204178,2.0242230892181396,2.0807896130704227,608.6243598786124,0.8848446011543274,0.07272566854953766,0.04242483898997307,0.04054178670048714,0.0016619012458249927,0.8255300521850586
636,0.017839310690760612,0.05776357650756836,0.1050504818558693,-0.3504656255245209,2.719486713409424,3.2379937490660695,1078.8426195214024,0.6988090872764587,0.19460663199424744,0.10657437145709991,0.08867298066616058,0.0017426727572456002,0.571325421333313
637,0.031142812222242355,0.0641266480088234,0.1240321695804596,-0.11528541892766953,2.023508071899414,2.0591155207545677,611.686413326987,0.8849112391471863,0.06902512907981873,0.04560815915465355,0.039528146386146545,0.0008340320200659335,0.826054036617279
638,0.029811931774020195,0.06424757093191147,0.12403217703104019,-0.12249995768070221,2.0403294563293457,2.155095866204328,594.3181139081934,0.8936368823051453,0.06070093810558319,0.0456598624587059,0.04508912190794945,0.0006944308406673372,0.8262427449226379
639,0.017644964158535004,0.059694159775972366,0.11832049489021301,-0.3459661900997162,2.6505491733551025,3.3830706164237108,1009.2661779914498,0.7191261053085327,0.17439286410808563,0.10633523017168045,0.09302961826324463,0.0020287048537284136,0.5904334783554077
640,0.03059404343366623,0.06428112834692001,0.1240321695804596,-0.121928870677948,2.0261287689208984,2.1010994667701497,621.3415232845974,0.8780650496482849,0.07731439918279648,0.04461073875427246,0.04131121560931206,0.0011621688026934862,0.8193007707595825
641,0.014511866495013237,0.04665689915418625,0.09235792607069016,-0.04865938052535057,2.956315279006958,3.2150860240482526,1335.0711090418285,0.5632448196411133,0.3403887152671814,0.09625416249036789,0.12942416965961456,0.002680698409676552,0.33100035786628723
642,0.014890800230205059,0.04549193009734154,0.0869506299495697,-0.13885794579982758,2.7458341121673584,3.0550359544820807,1334.8252900406353,0.5473743677139282,0.3690524697303772,0.08357010036706924,0.12889426946640015,0.0021715995389968157,0.3252902925014496
643,0.015542687848210335,0.05751420930027962,0.1083826869726181,-0.0851447805762291,3.0356764793395996,3.70040303570799,1489.6943806440272,0.49475622177124023,0.37149152159690857,0.13373610377311707,0.12029986828565598,0.0033109309151768684,0.25037431716918945
644,0.025964947417378426,0.06421632319688797,0.1240321695804596,0.04358652979135513,2.2044615745544434,2.4731928843204427,621.1099143331176,0.872355580329895,0.07914182543754578,0.04850194975733757,0.026699531823396683,0.001685228431597352,0.8248857855796814
645,0.014692150987684727,0.05198002979159355,0.10055176913738251,-0.09438163042068481,2.9578583240509033,3.5379455214982727,1464.2468773904975,0.4652647376060486,0.4132186472415924,0.12148623913526535,0.13813264667987823,0.0047522238455712795,0.23061205446720123
646,0.014970029704272747,0.05406353622674942,0.09922915697097778,-0.12568439543247223,3.0311038494110107,3.6114514995055185,1402.6039390076219,0.5062164068222046,0.37606531381607056,0.11771246790885925,0.12741971015930176,0.004029545467346907,0.26323339343070984
647,0.025532063096761703,0.06429511308670044,0.12403217703104019,0.05258411169052124,2.272029399871826,2.518210645199954,621.1045480516441,0.8741387128829956,0.07945802807807922,0.04640159010887146,0.029309917241334915,0.0017701189499348402,0.8171014785766602
648,0.018432974815368652,0.06424427032470703,0.11365857720375061,-0.34244033694267273,2.828313112258911,3.4852904083424194,1114.4357417354784,0.6892891526222229,0.1962038278579712,0.11447473615407944,0.08641902357339859,0.0017264863708987832,0.5609703063964844
649,0.014960733242332935,0.05654306337237358,0.10888957232236862,-0.18975509703159332,2.98846435546875,3.779431292083982,1331.105190188262,0.5275962352752686,0.3617922067642212,0.11053070425987244,0.13087360560894012,0.004171872045844793,0.2725318968296051
650,0.03074430674314499,0.06427435576915741,0.1240321695804596,-0.11595209687948227,2.0395805835723877,2.090610021037406,582.2179310438016,0.8858420848846436,0.07798998802900314,0.036166541278362274,0.04206273332238197,0.0010632838821038604,0.8241020441055298
651,0.030611280351877213,0.06427367031574249,0.1240321695804596,-0.11304973065853119,2.0569913387298584,2.099672721128154,614.5563411709855,0.8835688233375549,0.07185930758714676,0.04456910863518715,0.04304719343781471,0.0010032866848632693,0.8226654529571533
652,0.03037058748304844,0.06417092680931091,0.1240321695804596,-0.11719665676355362,2.0616676807403564,2.1129300459866127,626.4104036120593,0.8769049048423767,0.0761336088180542,0.04654347896575928,0.04083207622170448,0.0008886786527000368,0.814702570438385
653,0.03080490045249462,0.06421436369419098,0.1240321695804596,-0.10887150466442108,2.0423905849456787,2.0845502744322704,612.8729235572208,0.8809086680412292,0.07389527559280396,0.04517293721437454,0.04246051236987114,0.0013295217650011182,0.8168807625770569
654,0.015403947792947292,0.06428030878305435,0.11432944238185883,-0.13327661156654358,3.129890203475952,4.172976281334331,1563.3799294247958,0.42186376452445984,0.46744251251220703,0.11069376021623611,0.12427200376987457,0.003383186412975192,0.21057818830013275
655,0.018292156979441643,0.06424853950738907,0.1240321695804596,-0.3069097697734833,2.862046241760254,3.512354479358829,1126.076980440346,0.6812078952789307,0.19989822804927826,0.11888836324214935,0.0913444235920906,0.0025277899112552404,0.546542763710022
656,0.02490220032632351,0.06426969915628433,0.1240321695804596,0.07520053535699844,2.22670841217041,2.580884352045209,614.223425545357,0.8753620386123657,0.07973095029592514,0.04490125924348831,0.03325184807181358,0.0023272281978279352,0.8138302564620972
657,0.030801478773355484,0.06407114118337631,0.1240321695804596,-0.11151205748319626,2.0475685596466064,2.080131984985094,618.8455027892065,0.8842054605484009,0.06872577965259552,0.046642597764730453,0.041523564606904984,0.0009734085761010647,0.824776291847229
658,0.03041948936879635,0.06417248398065567,0.12403217703104019,-0.11489560455083847,2.0581488609313965,2.109584523281736,630.2107248284514,0.8738123774528503,0.08185969293117523,0.04357760027050972,0.04114346206188202,0.000942976912483573,0.8144829273223877
659,0.025691702961921692,0.060691915452480316,0.12044791132211685,0.06454113870859146,2.2235543727874756,2.362315784985954,603.1241407094948,0.8783573508262634,0.08063282072544098,0.041009142994880676,0.03104633465409279,0.0011595467803999782,0.8242735266685486
660,0.031137336045503616,0.0642545223236084,0.1240321695804596,-0.13435672223567963,2.0461626052856445,2.063584444977703,628.274647925496,0.8638032674789429,0.09554872661828995,0.04063825681805611,0.040006473660469055,0.0013150543672963977,0.8020609617233276
661,0.030707556754350662,0.06409244239330292,0.1240321695804596,-0.10236945003271103,2.0277981758117676,2.087187948684165,595.4537526601579,0.8877185583114624,0.07239443063735962,0.03946145996451378,0.04248049482703209,0.0008681526524014771,0.8226005434989929
662,0.01785401441156864,0.05459000542759895,0.10513526201248169,-0.2546590268611908,2.6331450939178467,3.0575759695348617,1073.7866184082097,0.6941731572151184,0.20043686032295227,0.10538043826818466,0.08704420924186707,0.002392380964010954,0.5670440196990967
663,0.015066503547132015,0.05308545380830765,0.10591840744018555,-0.17588935792446136,3.0612730979919434,3.5234089740010925,1519.842756708709,0.44273704290390015,0.44899609684944153,0.10825575143098831,0.13373394310474396,0.0034498153254389763,0.20881520211696625
664,0.026133472099900246,0.06429199129343033,0.1240321695804596,0.06703101098537445,2.2554121017456055,2.4601396647640863,651.9438903042285,0.852057695388794,0.10314036160707474,0.04479591175913811,0.030126454308629036,0.0013121665688231587,0.7977429628372192
665,0.030543765053153038,0.06429516524076462,0.12403217703104019,-0.11202254146337509,2.025773525238037,2.1050176730593466,612.7380924715616,0.878843367099762,0.0782058984041214,0.042945947498083115,0.03990555554628372,0.0006938547012396157,0.8203508257865906
666,0.014912853017449379,0.049641203135252,0.09482511878013611,-0.20730632543563843,2.9659616947174072,3.328752927011255,1401.9944091198656,0.5254189372062683,0.37318652868270874,0.10138891637325287,0.12392348796129227,0.003467595437541604,0.3099854588508606
667,0.025534553453326225,0.06428269296884537,0.1240321695804596,0.05956171825528145,2.2187299728393555,2.517478642570669,615.924203992763,0.8694571852684021,0.0863458514213562,0.04419296979904175,0.02981005609035492,0.0020414760801941156,0.8183022737503052
668,0.025773026049137115,0.06427344679832458,0.1240321695804596,0.07524418085813522,2.218262195587158,2.493826168230744,664.973450729474,0.8409329056739807,0.1128309890627861,0.04623020067811012,0.030434438958764076,0.0016444630455225706,0.7906961441040039
669,0.018077557906508446,0.064266137778759,0.11597716808319092,-0.3386598527431488,2.7623846530914307,3.555023201008047,1121.5464619208626,0.6921543478965759,0.18252360820770264,0.12532122433185577,0.08934430778026581,0.0015040758298709989,0.5694544315338135
670,0.01843578927218914,0.056866586208343506,0.11174550652503967,-0.21872836351394653,2.609018325805664,3.0845756243831466,1110.7746091644751,0.6934012770652771,0.18488089740276337,0.12165725976228714,0.08340541273355484,0.0011058889795094728,0.5654264688491821
671,0.014745231717824936,0.04929410666227341,0.09434501826763153,-0.026275120675563812,2.9029784202575684,3.34305405315134,1539.5689998779967,0.45288580656051636,0.41531097888946533,0.1318003088235855,0.1397777795791626,0.003815773408859968,0.21675574779510498
672,0.014794264920055866,0.04914095625281334,0.09320221841335297,0.09286460280418396,2.816596031188965,3.321622028200516,1406.6248683578551,0.529655933380127,0.36330851912498474,0.1070299819111824,0.1296275109052658,0.0034865315537899733,0.3066438138484955
673,0.014590372331440449,0.06425340473651886,0.11051937937736511,-0.21168777346611023,3.082178831100464,4.403822141924157,1496.1430157804914,0.4683103561401367,0.40065354108810425,0.1310257464647293,0.1443861871957779,0.003880230477079749,0.21666671335697174
674,0.018253684043884277,0.06426515430212021,0.11435459554195404,-0.27839115262031555,2.6695613861083984,3.520667616690285,1114.8414743898359,0.6961509585380554,0.18287743628025055,0.12097027152776718,0.0827641487121582,0.0015920852310955524,0.5738807916641235
675,0.014538039453327656,0.0461035892367363,0.087879478931427,-0.09508189558982849,2.7532589435577393,3.1712384177780084,1314.9045686133306,0.5440967082977295,0.3820320963859558,0.07383856177330017,0.13055355846881866,0.002810969715937972,0.3048604428768158
676,0.03043200448155403,0.06430187821388245,0.12403217703104019,-0.13233892619609833,2.063749313354492,2.112968872975332,609.6613216785297,0.8820368051528931,0.07578327506780624,0.04217987135052681,0.04027971625328064,0.0012739950325340033,0.824870765209198
677,0.030595747753977776,0.06426438689231873,0.1240321695804596,-0.13017208874225616,2.0464046001434326,2.100435243713344,636.1533346970508,0.8747343420982361,0.07787501811981201,0.04738554731011391,0.04222431033849716,0.0009983486961573362,0.8138207793235779
678,0.015287769958376884,0.05038035288453102,0.09862419962882996,-0.03644396737217903,2.7881884574890137,3.2954677509148285,1417.0429993761072,0.5122703313827515,0.3552188575267792,0.1324138641357422,0.1291280835866928,0.0036148647777736187,0.25172045826911926
679,0.02994702383875847,0.06427466869354248,0.1240321695804596,-0.1299401819705963,2.1011128425598145,2.146279010477486,630.893062389576,0.8671488165855408,0.08940976858139038,0.04343479871749878,0.04382434859871864,0.0009818205144256353,0.8015080690383911
680,0.015288334339857101,0.05516958236694336,0.10339999198913574,-0.10671176016330719,2.884197950363159,3.6086064797462045,1387.3492104678046,0.5164412260055542,0.3801071345806122,0.10345166176557541,0.12225984036922455,0.0037705041468143463,0.25970926880836487
681,0.025445125997066498,0.06425672769546509,0.1240321695804596,0.06169387325644493,2.2767176628112793,2.52530593483199,658.8846344643458,0.8554357290267944,0.09504225105047226,0.049519266933202744,0.027744876220822334,0.0018100433517247438,0.8041183948516846
682,0.014607313089072704,0.05206173285841942,0.10124222934246063,-0.13471108675003052,3.017086982727051,3.564086874662881,1288.1019024947054,0.5643764138221741,0.3436756134033203,0.09194594621658325,0.13265272974967957,0.0036726822145283222,0.3374193608760834
683,0.014395895414054394,0.04537857696413994,0.08978025615215302,-0.059184152632951736,2.6394269466400146,3.1521885687420075,1326.2455256376118,0.5667759776115417,0.33967381715774536,0.0933842733502388,0.13928841054439545,0.004294279497116804,0.3211347758769989
684,0.014595665968954563,0.0508173443377018,0.09496563673019409,-0.0050399452447891235,2.814042806625366,3.4816735627076008,1242.8222564722967,0.5790997743606567,0.3396730422973633,0.08098462969064713,0.12964117527008057,0.0027859213296324015,0.34236210584640503
685,0.015589731745421886,0.06291177868843079,0.11944477260112762,-0.16644935309886932,3.2545952796936035,4.0354625539256075,1587.735590607075,0.4320165514945984,0.4284944236278534,0.13948747515678406,0.12274162471294403,0.0038741477765142918,0.1923113763332367
686,0.014353275299072266,0.04614937677979469,0.08479991555213928,-0.16198526322841644,2.6726901531219482,3.215250583228369,1287.8539116601296,0.563813328742981,0.34310081601142883,0.09308487176895142,0.1364588737487793,0.005107811652123928,0.32017961144447327
687,0.014163830317556858,0.045151468366384506,0.08514145016670227,-0.18723255395889282,2.7823054790496826,3.18780071145225,1200.3049612977516,0.5959433913230896,0.3155163526535034,0.08852680027484894,0.1430981308221817,0.0031432451214641333,0.3505944609642029
688,0.014833236113190651,0.05198986828327179,0.09892703592777252,-0.12466416507959366,3.011207342147827,3.504957912288213,1409.0732551737724,0.5063977241516113,0.3805583715438843,0.1130269318819046,0.13140268623828888,0.005026316270232201,0.25010496377944946
689,0.03030053898692131,0.06430982798337936,0.1240321695804596,-0.11450500041246414,2.098038673400879,2.1223988130711193,614.4816974687176,0.8793585896492004,0.07833906263113022,0.0422954224050045,0.041251372545957565,0.0011295919539406896,0.8138111233711243
690,0.014588295482099056,0.05280127376317978,0.09895336627960205,-0.18065842986106873,3.057387113571167,3.619427219879904,1393.5681720055627,0.5058106184005737,0.3920084536075592,0.10210128873586655,0.14954900741577148,0.004773695021867752,0.23645363748073578
691,0.018001049757003784,0.05411301180720329,0.10058847069740295,-0.30711281299591064,2.675776243209839,3.0061031181330464,1114.1586642858508,0.6813217997550964,0.2020142823457718,0.11663603037595749,0.08475558459758759,0.002082569757476449,0.5602362751960754
692,0.014004438184201717,0.05202211067080498,0.09201757609844208,-0.14182104170322418,2.767338752746582,3.7146874428547925,1240.908179503409,0.6038287878036499,0.30127230286598206,0.09489618241786957,0.14480334520339966,0.0028821276500821114,0.3542695939540863
693,0.018080616369843483,0.05550755560398102,0.1091383546590805,-0.29585278034210205,2.675245761871338,3.07000350350288,1101.2337485641049,0.6789777874946594,0.21720951795578003,0.10379548370838165,0.08719594031572342,0.0014745515072718263,0.5588729977607727
694,0.0304888729006052,0.06424219906330109,0.1240321695804596,-0.10940805077552795,2.0896921157836914,2.107070316132244,673.9264363346518,0.8569337725639343,0.08811219036579132,0.05494334548711777,0.03893052041530609,0.0016203339910134673,0.7943081855773926
695,0.015344200655817986,0.050589270889759064,0.0974213033914566,-0.06389433145523071,2.887218475341797,3.296963590428571,1393.069319243961,0.5216057896614075,0.3576951324939728,0.12055385857820511,0.12244773656129837,0.004317931365221739,0.26145821809768677
696,0.015026969835162163,0.0643339604139328,0.10917152464389801,-0.21324974298477173,3.2479724884033203,4.281233083939129,1497.713220199087,0.45135584473609924,0.4268842041492462,0.12175992131233215,0.13306459784507751,0.0035948751028627157,0.20311108231544495
697,0.030990108847618103,0.06428736448287964,0.12403217703104019,-0.10133074969053268,2.0485613346099854,2.074447843888303,626.2957091901505,0.8744966387748718,0.07930059731006622,0.04619980230927467,0.04005453363060951,0.0006720523233525455,0.8096537590026855
698,0.014479574747383595,0.04771098494529724,0.09396228194236755,-0.09471354633569717,2.9484453201293945,3.295054293678299,1297.9932454139853,0.5654615163803101,0.34792596101760864,0.08641237020492554,0.13129647076129913,0.002789872232824564,0.3328617215156555
699,0.029695330187678337,0.0643056109547615,0.1240321695804596,-0.13511402904987335,2.0849153995513916,2.165512575417623,596.2566013986473,0.8879036903381348,0.0712631344795227,0.040831808000802994,0.046349991112947464,0.001220254460349679,0.824070394039154
700,0.02513706125319004,0.0600186251103878,0.1198047548532486,0.08277171850204468,2.186105251312256,2.387654805924596,625.7535952489133,0.8669403791427612,0.08817895501852036,0.04487962648272514,0.031668830662965775,0.0011999350972473621,0.8087413907051086
701,0.015815647318959236,0.06429289281368256,0.11130694299936295,-0.08755692094564438,3.071180820465088,4.065144569362355,1550.034051371861,0.4604189395904541,0.4088716506958008,0.13070005178451538,0.11523234099149704,0.004340025596320629,0.2285168617963791
702,0.014671710319817066,0.06374892592430115,0.10380406677722931,-0.2096102088689804,3.058011770248413,4.3450234860383325,1443.5314268163797,0.4847757816314697,0.39220866560935974,0.12294095009565353,0.14004908502101898,0.003319243434816599,0.23436377942562103
703,0.030651861801743507,0.0642489418387413,0.1240321695804596,-0.12182339280843735,2.018165111541748,2.0960861122305685,614.230223689002,0.8773943781852722,0.0817476436495781,0.040846746414899826,0.040184199810028076,0.0014710568357259035,0.8226974606513977
704,0.02478834241628647,0.062381234019994736,0.12211605906486511,0.05371721833944321,2.2760095596313477,2.516555281102313,659.8873000621377,0.8419604897499084,0.11695469915866852,0.04108200967311859,0.032452292740345,0.0018787016160786152,0.7849414348602295
705,0.01853545568883419,0.06285492330789566,0.11662416160106659,-0.3098604381084442,2.801835060119629,3.3910643665679383,1154.09758303539,0.6694175004959106,0.2041906863451004,0.12633661925792694,0.07937552779912949,0.002515234285965562,0.5427281260490417
706,0.03102908469736576,0.06424841284751892,0.12403217703104019,-0.12863922119140625,2.031301498413086,2.070586788881425,624.4983958061466,0.8738178610801697,0.08173561096191406,0.04441792145371437,0.039407141506671906,0.0012621713103726506,0.8139289021492004
707,0.01524251140654087,0.05705825239419937,0.10830552875995636,-0.1779833436012268,3.0375096797943115,3.7433629451621178,1387.4060067806317,0.5249793529510498,0.33974024653434753,0.1349143236875534,0.12567824125289917,0.0034770341590046883,0.2695715129375458
708,0.014635066501796246,0.051160018891096115,0.10159085690975189,-0.024284595623612404,3.0273852348327637,3.4957148217482468,1460.7203164044172,0.4724099040031433,0.42240652441978455,0.10518360882997513,0.13691571354866028,0.003748397808521986,0.23249447345733643
709,0.017743531614542007,0.06055276468396187,0.11075606942176819,-0.32635369896888733,2.778446912765503,3.4126669930197084,1025.7823126052274,0.7183588743209839,0.1745750606060028,0.1070542186498642,0.091844841837883,0.0014913142658770084,0.5899451375007629
710,0.014515950344502926,0.050778649747371674,0.09661422669887543,-0.08589886873960495,2.970027208328247,3.498127820690914,1320.7035056525929,0.5537647008895874,0.3573535084724426,0.08881604671478271,0.13151948153972626,0.00326190865598619,0.3186090290546417
711,0.014704426750540733,0.052490364760160446,0.10018017888069153,-0.10559069365262985,2.9961061477661133,3.569698135608074,1435.7824236904135,0.4957613945007324,0.40263524651527405,0.10157358646392822,0.13859865069389343,0.004034238867461681,0.2330431193113327
712,0.014807360246777534,0.05503343418240547,0.10696612298488617,-0.07868316024541855,3.053542137145996,3.7166269518340074,1295.4279490254462,0.5580183863639832,0.3613435626029968,0.08063654601573944,0.12507960200309753,0.002806933131068945,0.31642669439315796
713,0.02602846547961235,0.06425916403532028,0.1240321695804596,0.0649164691567421,2.315873146057129,2.4688033984632933,680.5720678249792,0.8433674573898315,0.10505057871341705,0.051580674946308136,0.027215564623475075,0.0016567996935918927,0.7951313257217407
714,0.02594083920121193,0.06432916224002838,0.1240321695804596,0.06126335263252258,2.215331554412842,2.4798412163374866,612.4667814624983,0.8774468898773193,0.07844049483537674,0.04410465061664581,0.03092327155172825,0.0011356635950505733,0.8219007849693298
715,0.01781553588807583,0.059747740626335144,0.11108569800853729,-0.29265180230140686,2.748561143875122,3.3536875342027406,1033.3816326520882,0.7122098207473755,0.18910649418830872,0.09861073642969131,0.08584620803594589,0.0020179376006126404,0.5691972970962524
716,0.02545405738055706,0.06428518146276474,0.12403217703104019,0.05041773244738579,2.2401106357574463,2.5255376971587675,650.4403878249664,0.8496187329292297,0.10575995594263077,0.04462083801627159,0.03002925030887127,0.002132800407707691,0.7980768084526062
717,0.017825093120336533,0.0577707514166832,0.10794857144355774,-0.2352696806192398,2.552295446395874,3.2409789403866816,1081.8502434388827,0.692468523979187,0.19548439979553223,0.11202287673950195,0.0897878035902977,0.001609174651093781,0.5676883459091187
718,0.01515804510563612,0.05255909264087677,0.10246379673480988,-0.06645281612873077,2.9052202701568604,3.4674057420416733,1367.9455646030863,0.5115825533866882,0.40851184725761414,0.07989603281021118,0.12502233684062958,0.0032142894342541695,0.30727294087409973
719,0.014396177604794502,0.052389245480298996,0.09342778474092484,-0.18996240198612213,3.0348260402679443,3.639108026787067,1457.759298026993,0.48084673285484314,0.3875567317008972,0.13157011568546295,0.1407720148563385,0.003587079234421253,0.237834170460701
720,0.014548336155712605,0.051950156688690186,0.09543175995349884,-0.12948784232139587,2.9021120071411133,3.570865845351008,1338.435256911331,0.5577373504638672,0.33968648314476013,0.10223429650068283,0.13359856605529785,0.0028756854590028524,0.31758108735084534
721,0.015300574712455273,0.05454086512327194,0.10765310376882553,-0.13477201759815216,3.0367774963378906,3.5646285283198473,1471.4251394261985,0.4950779974460602,0.3712507486343384,0.13367106020450592,0.1280672550201416,0.005271898116916418,0.23560790717601776
722,0.014718671329319477,0.05319562926888466,0.09733269363641739,-0.1998918354511261,3.0834197998046875,3.614159734602214,1561.1304351725973,0.4542498290538788,0.42513853311538696,0.12058841437101364,0.13292662799358368,0.00490702735260129,0.23116546869277954
723,0.01519789732992649,0.05495461821556091,0.10582967847585678,-0.0891178771853447,3.1132090091705322,3.615935613917638,1359.455658691423,0.5164430737495422,0.40494048595428467,0.07861486077308655,0.12022116780281067,0.0027944627217948437,0.29792070388793945
724,0.015044781379401684,0.053401581943035126,0.10390883684158325,-0.13949359953403473,2.961191177368164,3.5495086696706353,1351.2599847420347,0.5205663442611694,0.3962875008583069,0.08314147591590881,0.1257314383983612,0.00229885196313262,0.31061139702796936
725,0.014986338093876839,0.05475863441824913,0.10098081827163696,-0.058972157537937164,3.0460755825042725,3.6539035801526905,1513.187676401029,0.46707087755203247,0.4049399495124817,0.12796814739704132,0.13224858045578003,0.0035707189235836267,0.22864431142807007
726,0.026019465178251266,0.06424811482429504,0.1240321695804596,0.05845373496413231,2.209834575653076,2.46923272179816,640.4692180510343,0.8550669550895691,0.1036602258682251,0.041270434856414795,0.029169265180826187,0.0010622720001265407,0.8058027625083923
727,0.03046565130352974,0.06427273154258728,0.12403217703104019,-0.12046478688716888,2.0244929790496826,2.109678565546734,630.782624937564,0.8749817609786987,0.0795321986079216,0.04548495262861252,0.04268041253089905,0.0015619383193552494,0.8091154098510742
728,0.015052370727062225,0.05133834481239319,0.0994262844324112,-0.10595975071191788,2.783324956893921,3.4106484446787375,1407.0505687510956,0.5265449285507202,0.3338836431503296,0.13957089185714722,0.13180994987487793,0.003302965546026826,0.26916348934173584
729,0.01455160602927208,0.05535119026899338,0.09995539486408234,-0.12836270034313202,2.848524570465088,3.803785654576194,1296.0346041336456,0.5661386251449585,0.3538297116756439,0.0798654556274414,0.12959985435009003,0.003408614546060562,0.32446056604385376
730,0.03153669834136963,0.06432073563337326,0.1240321695804596,-0.10831844061613083,2.0451276302337646,2.039551982743806,623.3877816514773,0.8711965680122375,0.08577075600624084,0.043026819825172424,0.03788302093744278,0.0006672171293757856,0.8165894150733948
731,0.015539511106908321,0.05843939259648323,0.11046270281076431,-0.1412489116191864,3.030421018600464,3.7606969865829583,1539.3864386033756,0.4820742905139923,0.3452017605304718,0.17257189750671387,0.11757653951644897,0.0029165626037865877,0.24623040854930878
732,0.018216436728835106,0.06314218789339066,0.11385992169380188,-0.28592807054519653,2.680291175842285,3.4662205803386126,1054.3940436175415,0.7172465920448303,0.1686832159757614,0.11403463780879974,0.08457185328006744,0.0014428149443119764,0.5914266109466553
733,0.026234570890665054,0.06425958126783371,0.12403217703104019,0.03772062063217163,2.2142410278320312,2.449423759709732,637.0700005670549,0.8515466451644897,0.10920949280261993,0.03924177214503288,0.028774719685316086,0.0011703124037012458,0.799670934677124
734,0.015570315532386303,0.06334394216537476,0.11676056683063507,-0.1620997190475464,3.129596710205078,4.0682503851351575,1528.2115410709282,0.43546855449676514,0.4662870764732361,0.09818311780691147,0.12497067451477051,0.003918852657079697,0.20388464629650116
735,0.01487004105001688,0.05630488693714142,0.103111132979393,-0.1161993071436882,3.070849657058716,3.7864647948158177,1475.0797942285578,0.4676797688007355,0.399781733751297,0.13252133131027222,0.1370668113231659,0.003273271955549717,0.219776913523674
736,0.016121316701173782,0.06430656462907791,0.1240321695804596,-0.0949009582400322,3.1155834197998047,3.9889151622712604,1495.041282129542,0.4685247838497162,0.4255777895450592,0.10566834360361099,0.11024404317140579,0.0029299668967723846,0.24795423448085785
737,0.015423226170241833,0.04930312559008598,0.09347885847091675,0.07177724689245224,2.830873727798462,3.196680450813634,1570.3782915444754,0.44482871890068054,0.4196328818798065,0.13550350069999695,0.13085637986660004,0.0037480287719517946,0.20513981580734253
738,0.014760403893887997,0.054214224219322205,0.09668973088264465,-0.17281557619571686,2.9886765480041504,3.672949914202438,1457.8516926641425,0.4798566997051239,0.3978785276412964,0.12225116044282913,0.1402333378791809,0.0039879619143903255,0.22566251456737518
739,0.03059551678597927,0.06429603695869446,0.1240321695804596,-0.13928067684173584,2.037426710128784,2.101485567521361,605.2701656292289,0.8836414217948914,0.07335586845874786,0.04300275444984436,0.0405527725815773,0.001132793608121574,0.8234752416610718
740,0.015599231235682964,0.05863330885767937,0.10892803221940994,-0.10493741929531097,3.0508618354797363,3.7587306687138518,1426.5390890674503,0.4807109236717224,0.42774027585983276,0.09149110317230225,0.11874013394117355,0.004125887993723154,0.25193366408348083
741,0.015065238811075687,0.05574266240000725,0.10143701732158661,-0.044587142765522,3.005574941635132,3.7000848838404194,1524.142580059541,0.4588758647441864,0.39596420526504517,0.14511898159980774,0.13571880757808685,0.004318642895668745,0.21144996583461761
742,0.015302770771086216,0.05931161344051361,0.11045581102371216,-0.05688425898551941,2.8662304878234863,3.8758741357286697,1418.731874862868,0.49290236830711365,0.4064383804798126,0.10058100521564484,0.1238822191953659,0.003399650100618601,0.2408015877008438
743,0.01526507455855608,0.05529740825295448,0.10374332964420319,-0.24331998825073242,2.9839518070220947,3.6224787528690965,1409.373116632681,0.5045708417892456,0.3806803524494171,0.11449482291936874,0.12743131816387177,0.004269850440323353,0.2479393184185028
744,0.014617095701396465,0.059761617332696915,0.11161543428897858,-0.16313767433166504,3.1311428546905518,4.0884741093197485,1334.515410142752,0.5545072555541992,0.3442753553390503,0.10121732205152512,0.1297658085823059,0.0034428765065968037,0.31666532158851624
745,0.014369572512805462,0.0571199432015419,0.10296642780303955,-0.14036346971988678,2.8801181316375732,3.975062107565436,1304.3224308641004,0.5586934089660645,0.35407575964927673,0.08720952272415161,0.13422934710979462,0.002974556526169181,0.31531044840812683
746,0.01445863489061594,0.052251026034355164,0.09922957420349121,-0.05818818509578705,2.790807008743286,3.613828444112225,1268.9471987043423,0.5730795860290527,0.3435899317264557,0.0831458568572998,0.13188979029655457,0.002671626163646579,0.3458581864833832
747,0.014901116490364075,0.04915963113307953,0.09550931304693222,-0.1193930059671402,2.7873733043670654,3.2990568969492946,1286.4071810393564,0.546746015548706,0.37318626046180725,0.08006761968135834,0.13027523458003998,0.0030712925363332033,0.32896968722343445
748,0.030659573152661324,0.06431686878204346,0.1240321695804596,-0.1391599476337433,2.011730432510376,2.0977744360528656,604.410215136791,0.8853595852851868,0.07084329426288605,0.04379332438111305,0.044198401272296906,0.001143603934906423,0.8238736391067505
749,0.01805206574499607,0.06250643730163574,0.11456014215946198,-0.41309794783592224,3.0083014965057373,3.4625642395247542,1116.3753226774975,0.6781903505325317,0.2139599770307541,0.10782308876514435,0.0884576067328453,0.00134493678342551,0.5529123544692993
750,0.014894903637468815,0.050131745636463165,0.09439206123352051,-0.08525430411100388,2.780585765838623,3.3656978825286763,1462.8675145708944,0.47397786378860474,0.40924692153930664,0.11677442491054535,0.13971444964408875,0.003673852887004614,0.22827835381031036
751,0.025856561958789825,0.06432687491178513,0.12403217703104019,0.057244621217250824,2.22135591506958,2.487835583548247,628.3118794736763,0.871388852596283,0.08087039738893509,0.04773857444524765,0.029706358909606934,0.0013782392488792539,0.8173100352287292
752,0.030435236170887947,0.06427962332963943,0.1240321695804596,-0.12163511663675308,2.0352277755737305,2.1120132916534575,624.6627258999097,0.8821670413017273,0.06935533881187439,0.048475902527570724,0.043050266802310944,0.0011106618912890553,0.8216273188591003
753,0.030623197555541992,0.06431760638952255,0.1240321695804596,-0.12209007143974304,1.9991511106491089,2.100290352461331,611.1446710000791,0.8719485998153687,0.09106772392988205,0.03698340058326721,0.040432050824165344,0.0008614414255134761,0.8105285167694092
754,0.01441307831555605,0.052223462611436844,0.10125161707401276,-0.10804031789302826,3.093021869659424,3.6233385724025844,1419.8441124672324,0.5082907676696777,0.35409510135650635,0.1373005211353302,0.14172279834747314,0.0035455829929560423,0.2558116316795349
755,0.015571466647088528,0.05746878683567047,0.10966850817203522,-0.1491275280714035,3.0622007846832275,3.6906470106157303,1479.3336722093463,0.48303520679473877,0.38495567440986633,0.13200576603412628,0.12130383402109146,0.005015104543417692,0.2441246509552002
756,0.0305401012301445,0.06426763534545898,0.1240321695804596,-0.1118294820189476,2.0398447513580322,2.104368772684993,628.5174868822534,0.8753356337547302,0.07744187861680984,0.047218337655067444,0.04206979647278786,0.0014305143849924207,0.8095996379852295
757,0.014511583372950554,0.04472542181611061,0.08770844340324402,-0.10354459285736084,2.6878225803375244,3.0820497435446153,1260.5733515157142,0.5680295825004578,0.3358989357948303,0.09592533111572266,0.13434645533561707,0.0019262456335127354,0.34391888976097107
758,0.01485526468604803,0.058709170669317245,0.11486291885375977,-0.07113458961248398,3.0955095291137695,3.9520783982061554,1519.8067490209999,0.4635462462902069,0.39210906624794006,0.14428609609603882,0.13363194465637207,0.003938607405871153,0.22281359136104584
759,0.030652394518256187,0.06433230638504028,0.1240321695804596,-0.134492427110672,2.0253007411956787,2.0987693586100096,598.6777757563461,0.889293372631073,0.06709142029285431,0.04361240565776825,0.04149378091096878,0.0010118690552189946,0.8279435634613037
760,0.014949861913919449,0.05632460117340088,0.10998373478651047,-0.11414492130279541,3.0486252307891846,3.7675666500431593,1417.3833523650471,0.5100055932998657,0.36711883544921875,0.12286334484815598,0.13042084872722626,0.0031599218491464853,0.2555890381336212
761,0.014394355937838554,0.057046785950660706,0.10712429881095886,-0.09526301175355911,2.9693517684936523,3.9631357035390686,1273.4197239113726,0.5773107409477234,0.3347731828689575,0.08791506290435791,0.13772743940353394,0.0033463819418102503,0.34591159224510193
762,0.015246598049998283,0.0588340125977993,0.1065593808889389,-0.1721738874912262,3.124595880508423,3.8588288614289987,1462.566246201218,0.49799248576164246,0.38018617033958435,0.12181918323040009,0.12427260726690292,0.003292986424639821,0.25133711099624634
763,0.025133293122053146,0.06309569627046585,0.12283727526664734,0.056525588035583496,2.2808399200439453,2.5104428600561,639.2078637471466,0.8617866635322571,0.09041916579008102,0.047794125974178314,0.030839471146464348,0.001369077479466796,0.8106634616851807
764,0.02547936700284481,0.06424779444932938,0.1240321695804596,0.10710716992616653,2.317347288131714,2.521561640037386,636.104455871816,0.8578080534934998,0.09753601998090744,0.04465313255786896,0.02970188483595848,0.001677701249718666,0.8051496744155884
765,0.025942854583263397,0.06426293402910233,0.1240321695804596,0.04430284723639488,2.208662509918213,2.477095718991672,624.4125167041677,0.8631412386894226,0.0927254855632782,0.04411971941590309,0.028970031067728996,0.001702600158751011,0.8157078623771667
766,0.030057812109589577,0.06433068960905075,0.1240321695804596,-0.10622630268335342,2.106666326522827,2.1402319427762544,631.7967623882873,0.8688878417015076,0.08729953318834305,0.043811455368995667,0.0418059416115284,0.0010104402899742126,0.8065770268440247
767,0.015083109959959984,0.050054796040058136,0.09889267385005951,-0.08382813632488251,2.9743564128875732,3.3185991595643274,1402.381508004546,0.5290530323982239,0.34412306547164917,0.12677890062332153,0.1306367814540863,0.00390761811286211,0.25421419739723206
768,0.014944018796086311,0.05976226180791855,0.1181967556476593,-0.05550979822874069,3.1010823249816895,3.9990756582540308,1471.9983863402838,0.48743945360183716,0.37334105372428894,0.13892728090286255,0.135455921292305,0.0048660822212696075,0.22545106709003448
769,0.014974827878177166,0.05109008774161339,0.09861215949058533,-0.0858999565243721,2.902080535888672,3.411731216801183,1379.2939550468489,0.5368103384971619,0.3612779676914215,0.10189728438854218,0.12318340688943863,0.0027211771812289953,0.31343865394592285
770,0.025188762694597244,0.06426434218883514,0.1240321695804596,0.0840950608253479,2.225133180618286,2.551310001426467,597.0948657212133,0.875998318195343,0.08124706894159317,0.04275447502732277,0.03371051698923111,0.0012743094703182578,0.8122544884681702
771,0.030730148777365685,0.06430082023143768,0.12403217703104019,-0.12510158121585846,2.0100245475769043,2.092434393832355,623.6773074837367,0.8728870749473572,0.08262304216623306,0.04448756203055382,0.04135381057858467,0.0009744578856043518,0.8128660321235657
772,0.014863980002701283,0.0556606650352478,0.10115379095077515,-0.07693932950496674,2.788179874420166,3.744667647654782,1379.009191421689,0.5355669856071472,0.33723849058151245,0.12718923389911652,0.13158375024795532,0.0036889470648020506,0.2720084488391876
773,0.02510329894721508,0.06275510787963867,0.12251646816730499,0.03769293054938316,2.3018856048583984,2.4998749371186033,670.0515649207018,0.8472368717193604,0.10259449481964111,0.05016804486513138,0.03235156834125519,0.0010990386363118887,0.7908552885055542
774,0.02483462169766426,0.06428574025630951,0.12403217703104019,0.08540913462638855,2.2634518146514893,2.5885532317074573,636.0313081489772,0.8604274392127991,0.09409397840499878,0.045478347688913345,0.030102478340268135,0.001348563120700419,0.8088021874427795
775,0.01814323104918003,0.06264838576316833,0.12241744995117188,-0.20775778591632843,2.6750197410583496,3.45298946973101,1132.2893147708025,0.6891422867774963,0.1843816190958023,0.12637920677661896,0.08424090594053268,0.0015815021470189095,0.572770357131958
776,0.017718855291604996,0.05797506123781204,0.10505715012550354,-0.2663853168487549,2.633596181869507,3.2719416847434872,1059.2030084359558,0.7084882855415344,0.18289963901042938,0.10861117392778397,0.09130223840475082,0.0010698548285290599,0.5846526622772217
777,0.015126096084713936,0.058075912296772,0.107153981924057,-0.11243607848882675,2.9298453330993652,3.83945149942705,1367.8465592907621,0.5275713205337524,0.3537363111972809,0.11846272647380829,0.12851352989673615,0.0038722632452845573,0.2600138783454895
778,0.014371809549629688,0.04926029592752457,0.0968591719865799,-0.02442823350429535,2.9771740436553955,3.4275639232476656,1299.8507304204525,0.5583896636962891,0.35446107387542725,0.08712612092494965,0.13580211997032166,0.002362146507948637,0.31857559084892273
779,0.014628870412707329,0.04889683425426483,0.09162783622741699,-0.13666968047618866,2.778721570968628,3.342488713855052,1293.291701743731,0.558190107345581,0.3530425727367401,0.08847645670175552,0.13068899512290955,0.0028761979192495346,0.3376936614513397
780,0.03072706237435341,0.06426138430833817,0.1240321695804596,-0.13029567897319794,2.0521445274353027,2.091361143585372,614.0582199546172,0.878803551197052,0.07507771253585815,0.046114787459373474,0.04277210310101509,0.0012308014556765556,0.813254714012146
781,0.018108397722244263,0.06430014222860336,0.11239664256572723,-0.3153693675994873,2.843492031097412,3.550846585728927,1132.9068028103866,0.6835891604423523,0.19894897937774658,0.11745910346508026,0.08731573820114136,0.0014169615460559726,0.5598788857460022
782,0.015039758756756783,0.05489868298172951,0.10760851204395294,-0.07013914734125137,3.0309393405914307,3.650236939699276,1406.6663532404425,0.5174221396446228,0.35061919689178467,0.13182736933231354,0.13160762190818787,0.0038995298091322184,0.26033371686935425
783,0.018122566863894463,0.061446644365787506,0.11273950338363647,-0.2789987623691559,2.639235019683838,3.3906148518517467,1122.4197261038437,0.6812348365783691,0.21155928075313568,0.10719724744558334,0.08556878566741943,0.0011715985601767898,0.5658160448074341
784,0.025874679908156395,0.06429847329854965,0.12403217703104019,0.07559072226285934,2.2244155406951904,2.4849958926756055,605.3961362373444,0.8756471276283264,0.08562556654214859,0.038727376610040665,0.029243703931570053,0.001171886338852346,0.8264012932777405
785,0.014196328818798065,0.05010834336280823,0.09648002684116364,-0.10704003274440765,2.8612258434295654,3.5296691136744878,1264.9295338969448,0.5833472609519958,0.3169455826282501,0.09967318922281265,0.13588236272335052,0.003055914770811796,0.33614104986190796
786,0.01449679583311081,0.05374559015035629,0.09313514828681946,-0.13035623729228973,2.820164918899536,3.7074116767164145,1289.8218719497697,0.5628723502159119,0.343915730714798,0.09304488450288773,0.13483299314975739,0.0034212362952530384,0.32691484689712524
787,0.014878878369927406,0.053905289620161057,0.09529860317707062,-0.13696704804897308,2.837649345397949,3.6229404042638946,1397.2682004133037,0.5214847922325134,0.37165942788124084,0.10680850595235825,0.12773649394512177,0.0040635038167238235,0.2688063085079193
788,0.02476450614631176,0.06039854884147644,0.12016335129737854,0.08008066564798355,2.283505916595459,2.4389159421227884,603.5283323267269,0.87201327085495,0.09128350019454956,0.03670259565114975,0.03416435047984123,0.0016782846068963408,0.8145869374275208
789,0.015288609080016613,0.05601984262466431,0.11064872145652771,-0.0969216451048851,3.1786208152770996,3.6641556028940783,1520.2113801882635,0.45033738017082214,0.40379366278648376,0.1457054615020752,0.125911682844162,0.00415409542620182,0.2240445911884308
790,0.014471825212240219,0.05567028000950813,0.11132373660802841,-0.10064863413572311,2.9991490840911865,3.8468043380302577,1477.6081740740603,0.4867270290851593,0.37036266922950745,0.1429027020931244,0.1468719244003296,0.0036587396170943975,0.2258254438638687
791,0.014835257083177567,0.050062134861946106,0.09249149262905121,-0.15132565796375275,2.8206520080566406,3.3745377365478557,1288.9338763219394,0.5587584376335144,0.3585570752620697,0.08267570286989212,0.12980447709560394,0.0029567647725343704,0.3368312418460846
792,0.015235712751746178,0.05331316217780113,0.0993228405714035,-0.03703146427869797,2.7830610275268555,3.4992233735958065,1410.951137448264,0.5176787972450256,0.3484719395637512,0.13384512066841125,0.12309177219867706,0.004578677471727133,0.2592044472694397
793,0.015078369528055191,0.054568711668252945,0.10434824228286743,0.008382648229598999,2.950984239578247,3.61900612417689,1558.0084350265024,0.43891775608062744,0.4324796795845032,0.12860187888145447,0.12902145087718964,0.0037838665302842855,0.2110651284456253
794,0.01793765462934971,0.06427307426929474,0.12174327671527863,-0.28222784399986267,2.7450220584869385,3.5831370150558914,1124.9078615368226,0.6724586486816406,0.21685342490673065,0.11068099737167358,0.08761022984981537,0.0015370019245892763,0.5532386302947998
795,0.015373557806015015,0.05828144773840904,0.10517668724060059,-0.0034894568379968405,2.9807775020599365,3.7910188695433265,1557.523262144933,0.43932193517684937,0.42128580808639526,0.13937082886695862,0.1313820630311966,0.003982073627412319,0.21007633209228516
796,0.014818891882896423,0.0642639547586441,0.1214706152677536,-0.1272450089454651,2.9527106285095215,4.336623498041662,1345.7668990025497,0.5443549156188965,0.37068790197372437,0.08493868261575699,0.1289779245853424,0.0026564558502286673,0.32363590598106384
797,0.018132375553250313,0.06140647083520889,0.10646963119506836,-0.2717146873474121,2.6455719470977783,3.3865651332604862,1057.1767238366688,0.7001090049743652,0.19592249393463135,0.10395652055740356,0.0859593078494072,0.0015769510064274073,0.5756191611289978
798,0.01567782275378704,0.06426060199737549,0.11043410003185272,-0.17267712950706482,3.066549301147461,4.098821819997568,1498.4338662696841,0.47484493255615234,0.4030754864215851,0.1220758929848671,0.12051432579755783,0.004201434087008238,0.23767715692520142
799,0.024804960936307907,0.06429452449083328,0.12403217703104019,0.05400502309203148,2.28762149810791,2.5920026503299627,653.6041894605227,0.8545515537261963,0.09767602384090424,0.047766976058483124,0.033891353756189346,0.001847308361902833,0.7971933484077454
800,0.014822298660874367,0.05411326512694359,0.09846267104148865,-0.07000961899757385,2.774155378341675,3.650801158536408,1499.1025335487195,0.4733649790287018,0.4088550806045532,0.11777926981449127,0.13606365025043488,0.0035192188806831837,0.22743690013885498
801,0.014903035946190357,0.04664192721247673,0.09208042174577713,-0.03576066717505455,2.801480531692505,3.1296929952899997,1457.4050156108665,0.46770232915878296,0.4254506826400757,0.10675960779190063,0.13671305775642395,0.003555530682206154,0.21663258969783783
802,0.014319309964776039,0.06328784674406052,0.10689924657344818,-0.18246139585971832,3.1281955242156982,4.419755344029988,1254.1906537011444,0.5853772759437561,0.31870734691619873,0.0958130955696106,0.13086681067943573,0.003226957516744733,0.3395216763019562
803,0.018259678035974503,0.06424489617347717,0.117277130484581,-0.33797869086265564,2.7010128498077393,3.5184024627042163,1071.2310532357976,0.6940820813179016,0.19829270243644714,0.10757563263177872,0.08684886991977692,0.001566882710903883,0.5635808110237122
804,0.0178240854293108,0.056285299360752106,0.10510475188493729,-0.31836840510368347,2.6403799057006836,3.1578225755715907,1015.4029349044007,0.7313456535339355,0.15813226997852325,0.11031541973352432,0.09361694753170013,0.0026798099279403687,0.579789400100708
805,0.01453992910683155,0.04789724200963974,0.08994516730308533,-0.1092623844742775,2.885143756866455,3.2941867635270072,1263.0321670194871,0.5805444717407227,0.33576831221580505,0.08366665244102478,0.12716731429100037,0.0022449984680861235,0.3499077260494232
806,0.014086738228797913,0.046637147665023804,0.08974212408065796,-0.14698122441768646,2.9592201709747314,3.3107130198793264,1274.9225529190642,0.5918526649475098,0.3046966791152954,0.1034252718091011,0.14128117263317108,0.0030365819111466408,0.3376709818840027
807,0.015189510770142078,0.05467592552304268,0.10336244106292725,-0.12401535362005234,2.932525157928467,3.5995843675833985,1396.0217605774526,0.519474983215332,0.3573688268661499,0.12312250584363937,0.12490241229534149,0.004157803487032652,0.2579914629459381
808,0.030956102535128593,0.06418520212173462,0.1240321695804596,-0.11550723761320114,2.033656120300293,2.07342646080283,608.007952140287,0.8843457102775574,0.07310924679040909,0.04192415997385979,0.040676672011613846,0.0008916865917854011,0.8223742842674255
809,0.01395498402416706,0.06042008101940155,0.105780690908432,-0.18436840176582336,2.9444055557250977,4.3296417187176415,1206.9581015903857,0.5983036160469055,0.3132137060165405,0.0884489044547081,0.14352771639823914,0.0032633161172270775,0.3437470495700836
810,0.015529685653746128,0.05880139023065567,0.10444346070289612,-0.181547150015831,3.1084909439086914,3.786386378830855,1597.1177490793832,0.4297463595867157,0.4317781627178192,0.13847307860851288,0.12846826016902924,0.003330010222271085,0.20630620419979095
811,0.015415641479194164,0.06425134092569351,0.1110251247882843,-0.10241320729255676,3.0485267639160156,4.167931708079932,1414.436566299368,0.5103943347930908,0.38319867849349976,0.1063828244805336,0.12258562445640564,0.004327584058046341,0.2605668008327484
812,0.030558856204152107,0.06431849300861359,0.1240321695804596,-0.10507945716381073,2.0624618530273438,2.1047415052717104,619.4022750005782,0.8772788643836975,0.07740731537342072,0.045307666063308716,0.04102200269699097,0.0013091290602460504,0.8185268640518188
813,0.030969295650720596,0.06431441009044647,0.12403217703104019,-0.11082557588815689,2.0493321418762207,2.0767152993637197,609.0571901043776,0.8768059611320496,0.08372301608324051,0.03946887329220772,0.04136686399579048,0.0007973171304911375,0.8192339539527893
814,0.01439038384705782,0.04610832780599594,0.09074267745018005,-0.017306923866271973,2.8043930530548096,3.2041068739260137,1262.6495056954448,0.582625687122345,0.3294205367565155,0.08787504583597183,0.13651171326637268,0.004809409845620394,0.34013837575912476
815,0.01521212887018919,0.05935748666524887,0.10883915424346924,-0.12424024939537048,3.0114221572875977,3.901984210616845,1448.9133287101836,0.49651557207107544,0.4002240002155304,0.1032245084643364,0.125221848487854,0.003837552620097995,0.26730895042419434
816,0.015252119861543179,0.05752982199192047,0.10547953844070435,-0.12709930539131165,3.0720436573028564,3.7719230185965635,1449.6617859384062,0.5125818848609924,0.35606318712234497,0.13131988048553467,0.12635762989521027,0.0038614633958786726,0.26074960827827454
817,0.015371926128864288,0.06428107619285583,0.11085407435894012,-0.1761130541563034,2.97622013092041,4.181719040919131,1493.1736742885985,0.4712608754634857,0.3916124999523163,0.1370900273323059,0.12016917765140533,0.0035616473760455847,0.24561572074890137
818,0.014374147169291973,0.06427261233329773,0.10958153754472733,-0.12735246121883392,2.849623680114746,4.471403525499885,1268.3884525090289,0.5834049582481384,0.33200427889823914,0.08445089310407639,0.1334751844406128,0.003078517969697714,0.3463495373725891
819,0.030483143404126167,0.06425309181213379,0.12403217703104019,-0.12464721500873566,2.057141065597534,2.1078236899062297,625.3103214234787,0.8848475813865662,0.065390944480896,0.049733974039554596,0.04178952798247337,0.0015314151532948017,0.8255822658538818
820,0.025360116735100746,0.06424543261528015,0.1240321695804596,0.0623423233628273,2.2552590370178223,2.5333255869372717,632.9464465366892,0.864907443523407,0.08895695954561234,0.04613320529460907,0.0314694382250309,0.0015297946520149708,0.8105546236038208
821,0.018014023080468178,0.06288590282201767,0.11281076073646545,-0.3520652949810028,2.717158555984497,3.4909416146308363,1068.3836100099072,0.7030124068260193,0.18686340749263763,0.11012402921915054,0.08807609230279922,0.0012155575677752495,0.5817834734916687
822,0.02469337172806263,0.06430542469024658,0.1240321695804596,0.07550498843193054,2.306767463684082,2.6041573178345234,631.4611962744672,0.8616956472396851,0.09457191824913025,0.04373019561171532,0.029953651130199432,0.0028109427075833082,0.8046088218688965
823,0.018049251288175583,0.06423057615756989,0.1129002571105957,-0.33191636204719543,2.7497270107269287,3.558628284824754,1061.4509396449555,0.691547691822052,0.2107694447040558,0.09766644984483719,0.08542478829622269,0.002535997424274683,0.5554710030555725
824,0.01468771044164896,0.046819671988487244,0.08962352573871613,-0.15467147529125214,2.8131983280181885,3.1876766750885928,1442.5297044615627,0.4901253879070282,0.3943817913532257,0.1154562383890152,0.14189660549163818,0.004347969312220812,0.24069422483444214
825,0.01459202729165554,0.05083348974585533,0.09864144027233124,-0.15032848715782166,2.9618630409240723,3.4836482091450613,1323.6722298978,0.5439724922180176,0.3615211248397827,0.09444808214902878,0.12858814001083374,0.0032109001185745,0.31634455919265747
826,0.01811341941356659,0.0642489343881607,0.1240321695804596,-0.36014172434806824,2.942497968673706,3.5470350968902373,1138.4558585864695,0.6825304627418518,0.20061852037906647,0.11683154851198196,0.08791971951723099,0.001198055106215179,0.5379796624183655
827,0.02505592815577984,0.06051279231905937,0.12028568983078003,0.08072716742753983,2.2392804622650146,2.4151087894417245,610.9051303251152,0.8692457675933838,0.09208883345127106,0.038664527237415314,0.03242115676403046,0.0017100757686421275,0.8156945109367371
828,0.017993861809372902,0.06387577205896378,0.11265036463737488,-0.25418826937675476,2.5972070693969727,3.5498645444826846,1093.0138637289833,0.6855521202087402,0.20155499875545502,0.11274100095033646,0.089928038418293,0.001398970023728907,0.5459305644035339
829,0.030655940994620323,0.06417836248874664,0.1240321695804596,-0.12144680321216583,2.0597310066223145,2.0935048934859157,610.0195329532658,0.878583550453186,0.0799265205860138,0.040950313210487366,0.04241032525897026,0.0010645976290106773,0.8100196719169617
830,0.018235230818390846,0.06421328336000443,0.12181808054447174,-0.32743921875953674,2.8596558570861816,3.5213858270289498,1108.926241070848,0.6928831338882446,0.18411241471767426,0.12299656867980957,0.08457278460264206,0.0013219283428043127,0.5764666795730591
831,0.015356546267867088,0.05262775719165802,0.1024952381849289,-0.059879451990127563,2.9914767742156982,3.427056857071585,1464.6945830805612,0.4788992404937744,0.40928637981414795,0.11179221421480179,0.12449570000171661,0.004402284510433674,0.2411571741104126
832,0.026570526883006096,0.06351352483034134,0.12333095818758011,0.054943423718214035,2.1435933113098145,2.3903750613456136,617.1565524919931,0.8719766139984131,0.0842512845993042,0.043771371245384216,0.02803499810397625,0.0014254820998758078,0.8262780904769897
833,0.01529749482870102,0.06425246596336365,0.11511099338531494,-0.15483662486076355,3.071162223815918,4.200195305090973,1474.0049401141885,0.46152403950691223,0.43472787737846375,0.10374622046947479,0.12839730083942413,0.0043122656643390656,0.2123187631368637
834,0.030527887865900993,0.06431528925895691,0.1240321695804596,-0.1351211816072464,2.01509952545166,2.1067716685597815,589.4778729460807,0.892756462097168,0.06753083318471909,0.03971139341592789,0.04270334541797638,0.0008004647679626942,0.8316826820373535
835,0.014277865178883076,0.05089826136827469,0.10133154690265656,-0.11695165932178497,2.8704092502593994,3.5648369505539415,1205.875327907286,0.6103928685188293,0.2948860824108124,0.0946936309337616,0.1430835872888565,0.0032579887192696333,0.3524231016635895
836,0.02528809756040573,0.06199217960238457,0.12174671143293381,0.05798175558447838,2.297903299331665,2.451437062509439,635.9910462254907,0.8639293909072876,0.08973396569490433,0.04633334279060364,0.033384665846824646,0.0015847195172682405,0.8066585659980774
837,0.03019724041223526,0.06419176608324051,0.1240321695804596,-0.10886496305465698,2.0845727920532227,2.1257494130193986,651.7622736414054,0.8578887581825256,0.0967554897069931,0.04511582478880882,0.04638679325580597,0.001839308999478817,0.785050630569458
838,0.030560385435819626,0.06413573771715164,0.1240321695804596,-0.1305842250585556,2.068218946456909,2.09865604770416,620.8573984204527,0.8772138357162476,0.08008020371198654,0.04219508171081543,0.04217301309108734,0.0010297492844983935,0.8117846846580505
839,0.018063491210341454,0.05975789949297905,0.11691682785749435,-0.32825109362602234,2.8400208950042725,3.3082142756245867,1067.394483628984,0.7062229514122009,0.18547607958316803,0.10830025374889374,0.08828705549240112,0.0013749285135418177,0.5808399319648743
840,0.014673094265162945,0.048789575695991516,0.09053707122802734,-0.09511147439479828,2.751795768737793,3.325104767336176,1287.1628003309459,0.5598248839378357,0.3693625032901764,0.07077043503522873,0.13305260241031647,0.003639326663687825,0.3222105801105499
841,0.030538246035575867,0.06429270654916763,0.1240321695804596,-0.1343165636062622,2.0594592094421387,2.105317590020194,613.3846541579201,0.8706344366073608,0.09417339414358139,0.0351857915520668,0.042867615818977356,0.0012074162950739264,0.8077016472816467
842,0.015606878325343132,0.052067458629608154,0.09488384425640106,-0.08891120553016663,2.8071506023406982,3.3361866185451414,1468.7276973772157,0.4875545799732208,0.3543916642665863,0.15788109600543976,0.1230771392583847,0.004225639626383781,0.24451427161693573
843,0.017890816554427147,0.06425870954990387,0.11294345557689667,-0.3336581587791443,2.787153959274292,3.5917147409580426,1046.409707096867,0.705278754234314,0.1951053887605667,0.09957852959632874,0.09285108000040054,0.0018310066079720855,0.5711403489112854
844,0.014609470032155514,0.049740251153707504,0.09835954010486603,-0.06911281496286392,2.788583517074585,3.404658145766021,1453.2334791828291,0.48993679881095886,0.38187703490257263,0.1281593143939972,0.14783252775669098,0.004678863566368818,0.23406320810317993
845,0.01856737956404686,0.06310335546731949,0.12054980546236038,-0.27197781205177307,2.7003631591796875,3.398613964143423,1113.7172845088544,0.6927262544631958,0.1914057731628418,0.11583191156387329,0.0824262723326683,0.002109328517690301,0.5643370151519775
846,0.0305300485342741,0.06420908123254776,0.1240321695804596,-0.1250825673341751,2.1113855838775635,2.103143765341914,678.9400189021698,0.844223141670227,0.10850244015455246,0.047134287655353546,0.0430619940161705,0.0013215820072218776,0.7813939452171326
847,0.015594088472425938,0.05971423536539078,0.11846014857292175,-0.03251165896654129,3.037806510925293,3.829286685602078,1573.5040383371568,0.4095866084098816,0.473602831363678,0.11678475141525269,0.12809544801712036,0.003356215311214328,0.1947469860315323
848,0.0261952243745327,0.06425429880619049,0.1240321695804596,0.04772462695837021,2.201594114303589,2.452901257307281,616.4735169960637,0.8689374923706055,0.08806853741407394,0.042993560433387756,0.029116801917552948,0.0013955900212749839,0.8194023966789246
849,0.030785664916038513,0.06425684690475464,0.1240321695804596,-0.11970331519842148,2.0348587036132812,2.0872327129498283,628.3823752131526,0.8776511549949646,0.07574186474084854,0.04660327360033989,0.04369358718395233,0.0015780796529725194,0.8112437725067139
850,0.014808821491897106,0.05555121228098869,0.10561975836753845,0.045445770025253296,2.9669551849365234,3.75122438390072,1387.912477334453,0.5342909693717957,0.36643317341804504,0.09921696037054062,0.12504690885543823,0.002494793152436614,0.3169648051261902
851,0.030775252729654312,0.06426850706338882,0.12403217703104019,-0.10988660901784897,2.037139654159546,2.088317767066552,649.4799407938839,0.8726375102996826,0.07712708413600922,0.05023305118083954,0.03937055915594101,0.001028519938699901,0.8132885694503784
852,0.015555784106254578,0.05575371906161308,0.10419489443302155,-0.09784895926713943,2.933058738708496,3.584114993959825,1469.3963726832083,0.482562780380249,0.40119224786758423,0.11606098711490631,0.1181429773569107,0.0037865315098315477,0.2364838421344757
853,0.03088366612792015,0.06424436718225479,0.1240321695804596,-0.12208763509988785,2.0612986087799072,2.0802053394203397,632.8353072017765,0.8622230291366577,0.09449220448732376,0.043284375220537186,0.03862588480114937,0.0011720400070771575,0.8018946647644043
854,0.01470104418694973,0.060129862278699875,0.10690602660179138,-0.17321878671646118,2.917253255844116,4.090176283395407,1313.4918449431266,0.5479196310043335,0.3650577664375305,0.08697689324617386,0.13371150195598602,0.0038764886558055878,0.30881062150001526
855,0.0302358940243721,0.06419213116168976,0.1240321695804596,-0.12399489432573318,2.0670886039733887,2.1230439261304355,624.6561817815364,0.8767097592353821,0.07830304652452469,0.044468797743320465,0.04028552398085594,0.0011567083420231938,0.816969096660614
856,0.03062640316784382,0.06429945677518845,0.12403217703104019,-0.138177290558815,2.0793721675872803,2.0994779054107195,616.930441320571,0.8784916996955872,0.0771854892373085,0.04432196170091629,0.03979447856545448,0.0018897483823820949,0.8138254880905151
857,0.014408037066459656,0.0511464923620224,0.09086348861455917,-0.21053467690944672,2.9068307876586914,3.5498584659763277,1263.496250462922,0.5843913555145264,0.3228763937950134,0.09188127517700195,0.13979560136795044,0.003302257740870118,0.32863089442253113
858,0.017653310671448708,0.05431583151221275,0.09818436950445175,-0.28390583395957947,2.618511915206909,3.076807094149358,1047.6431929301878,0.7124252319335938,0.18263837695121765,0.1047837883234024,0.0920020192861557,0.0016369129298254848,0.5827026963233948
859,0.01419232040643692,0.0491277314722538,0.09374423325061798,-0.012638112530112267,2.676076889038086,3.4615714740001478,1217.8184601239695,0.6031924486160278,0.3050914704799652,0.09162111580371857,0.14157496392726898,0.0026920598465949297,0.3499639630317688
860,0.02548092044889927,0.064278744161129,0.1240321695804596,0.05777810513973236,2.226430892944336,2.5226225358504704,630.2062951886916,0.8627583384513855,0.09427522122859955,0.04296528175473213,0.029752323403954506,0.0010294638341292739,0.8072187900543213
861,0.014314129948616028,0.0555928535759449,0.10160958766937256,-0.1889941692352295,2.964233636856079,3.8837745480601957,1223.847455622743,0.5864619016647339,0.3389723002910614,0.07440465688705444,0.13175727427005768,0.0030036158859729767,0.3368821144104004
862,0.014143449254333973,0.05138242617249489,0.09889013320207596,-0.03560902923345566,2.8402583599090576,3.6329487414901167,1260.8242790906406,0.5847037434577942,0.32314616441726685,0.09200197458267212,0.14031103253364563,0.002462052972987294,0.33546051383018494
863,0.014383089728653431,0.04925471916794777,0.09220600128173828,-0.07100429385900497,2.8415825366973877,3.424488068540652,1289.4102743715855,0.5703508257865906,0.33345818519592285,0.09614947438240051,0.1415139138698578,0.004176251124590635,0.32514798641204834
864,0.015006599947810173,0.05113469436764717,0.09577903896570206,-0.10289078950881958,3.05349063873291,3.4074803447866606,1539.960566932627,0.44959142804145813,0.39856863021850586,0.15180851519107819,0.1368875503540039,0.004213751293718815,0.2179659754037857
865,0.025408660992980003,0.06430172920227051,0.1240321695804596,0.08481746912002563,2.276196002960205,2.5307012131613438,649.1416433854943,0.8569022417068481,0.0963812991976738,0.04671640321612358,0.031337764114141464,0.0012345362920314074,0.7997110486030579
866,0.031197771430015564,0.0642697885632515,0.1240321695804596,-0.11065515130758286,2.0176117420196533,2.060076268760565,634.3710311217965,0.8823786377906799,0.06287553161382675,0.054737549275159836,0.04040748253464699,0.001279955031350255,0.8233556151390076
867,0.02473428100347519,0.0643094852566719,0.1240321695804596,0.09433389455080032,2.3132050037384033,2.600014338198727,656.359127137812,0.8558850288391113,0.0960489958524704,0.04805886000394821,0.03196008503437042,0.001169157912954688,0.7976883053779602
868,0.03061092086136341,0.06435605138540268,0.1240321695804596,-0.10611385852098465,2.035881757736206,2.1023886107434753,641.5851575714141,0.8746926188468933,0.07659215480089188,0.04870900139212608,0.039731502532958984,0.0010151867754757404,0.8079520463943481
869,0.0182269886136055,0.06425616145133972,0.11343042552471161,-0.3616454005241394,2.96435809135437,3.5253306407318714,1107.3600510456306,0.6873216032981873,0.2028304636478424,0.109847791492939,0.08328418433666229,0.001720960601232946,0.5629327297210693
870,0.01507352665066719,0.05519595742225647,0.10368286073207855,-0.15921178460121155,3.0818824768066406,3.661781260469101,1515.0332449463363,0.46760571002960205,0.4051353335380554,0.12725305557250977,0.13649362325668335,0.0038700238801538944,0.2143055498600006
871,0.014095036312937737,0.04874824360013008,0.08681797981262207,-0.15830405056476593,2.725160837173462,3.4585397663662536,1220.8558431377976,0.5967831611633301,0.3254235088825226,0.07779251784086227,0.14146991074085236,0.0028328995686024427,0.34186869859695435
872,0.018191872164607048,0.06128033995628357,0.11697472631931305,-0.33094239234924316,2.759840726852417,3.3685559901931454,1094.0863112707225,0.6986105442047119,0.1819753348827362,0.1194024607539177,0.0864407941699028,0.0020429007709026337,0.5763680338859558
873,0.014695504680275917,0.055978111922740936,0.10033483803272247,-0.0027171249967068434,2.8495569229125977,3.809199693159549,1462.9996905686066,0.48179543018341064,0.381132036447525,0.1370583325624466,0.1445416957139969,0.004613050259649754,0.23578386008739471
874,0.031181782484054565,0.06427876651287079,0.1240321695804596,-0.10968397557735443,2.0563604831695557,2.061420527953449,628.4323063610383,0.8700565099716187,0.08677315711975098,0.043168455362319946,0.039142072200775146,0.0007794548873789608,0.8146205544471741
875,0.014355839230120182,0.052846767008304596,0.09243647754192352,-0.1500599980354309,2.8185675144195557,3.681203596495067,1450.3880916640546,0.49620741605758667,0.3742224872112274,0.1294887661933899,0.14532312750816345,0.0045142280869185925,0.2348470538854599
876,0.017897779121994972,0.06302119046449661,0.11125217378139496,-0.2833675444126129,2.729759454727173,3.521173774210194,1062.9789420560146,0.7032855153083801,0.19111531972885132,0.1055704653263092,0.08815290033817291,0.001121301669627428,0.5827406048774719
877,0.015596532262861729,0.059471309185028076,0.11669394373893738,-0.01741074025630951,3.157958984375,3.8131110287142045,1600.0483991614128,0.41244736313819885,0.4406043291091919,0.14673906564712524,0.1226334348320961,0.002984897466376424,0.19284048676490784
878,0.018055034801363945,0.05781853571534157,0.11298663914203644,-0.2839568257331848,2.684751033782959,3.202349723954639,1093.7048579393265,0.6938114166259766,0.20202365517616272,0.1041463240981102,0.08699321746826172,0.0011623452883213758,0.5616846084594727
879,0.017992019653320312,0.06426367163658142,0.12335985898971558,-0.3358553946018219,2.7689783573150635,3.5717875408806696,1064.2863847174783,0.6976533532142639,0.1890978366136551,0.11324795335531235,0.08639857918024063,0.0020375766325742006,0.56959068775177
880,0.015194075182080269,0.049791693687438965,0.09682688117027283,-0.09674275666475296,2.860269069671631,3.2770466834918466,1419.84079365296,0.5051721334457397,0.37223321199417114,0.12257805466651917,0.1276896446943283,0.00388217531144619,0.25067421793937683
881,0.018254827708005905,0.0609913244843483,0.11315173655748367,-0.3094651401042938,2.8532371520996094,3.34110655310423,1101.5369808979508,0.6905739903450012,0.19340655207633972,0.11600511521100998,0.08482993394136429,0.002369010355323553,0.5642809271812439
882,0.02545599639415741,0.06422523409128189,0.1240321695804596,0.06009354442358017,2.2585325241088867,2.5229903828671074,612.6298998477329,0.8716462254524231,0.08871717751026154,0.03963544964790344,0.031414542347192764,0.0011851717717945576,0.8134675025939941
883,0.01456466130912304,0.05084206536412239,0.09993301331996918,-0.0698857381939888,2.919848918914795,3.4907825373725005,1438.0075796651124,0.4943658113479614,0.3867563009262085,0.1186813935637474,0.1451156586408615,0.0042160749435424805,0.22277255356311798
884,0.015051429159939289,0.052698276937007904,0.09960325062274933,-0.10615285485982895,2.9146227836608887,3.501214162025744,1413.4323240378685,0.520500123500824,0.3508221507072449,0.1286357045173645,0.12358027696609497,0.004930044524371624,0.26568907499313354
885,0.01485579926520586,0.05581925809383392,0.10112722218036652,-0.22173835337162018,3.0455079078674316,3.757405245829634,1525.696692992594,0.46381518244743347,0.4145159125328064,0.1216244027018547,0.13683781027793884,0.003688439028337598,0.2272644191980362
886,0.014365321025252342,0.0478932186961174,0.09234780073165894,-0.1614544540643692,2.816305160522461,3.333946983056869,1265.4236154437367,0.5961354374885559,0.3004319667816162,0.10342638939619064,0.1377090960741043,0.003105707233771682,0.3520326316356659
887,0.015222840942442417,0.06426576524972916,0.11372965574264526,-0.2333313375711441,3.0948736667633057,4.221666999510567,1455.9544777496953,0.5095953345298767,0.3741801083087921,0.11621483415365219,0.1275799721479416,0.003181229578331113,0.25439998507499695
888,0.02543935552239418,0.06425180286169052,0.12403217703104019,0.0550285205245018,2.2374765872955322,2.5256851653574395,594.8815057416929,0.8787030577659607,0.08183828741312027,0.03945840895175934,0.0320020467042923,0.0016124113462865353,0.8232589960098267
889,0.01855272427201271,0.057685501873493195,0.10875438153743744,-0.2720610797405243,2.652677059173584,3.1092739278944643,1124.3852422670338,0.6709733009338379,0.21399691700935364,0.11502870917320251,0.08709198236465454,0.0023141116835176945,0.5428435206413269
890,0.015011397190392017,0.0489138700067997,0.09419269859790802,-0.10201965272426605,2.866760492324829,3.258448856103039,1536.099566333625,0.4671759307384491,0.38948854804039,0.143313929438591,0.13722366094589233,0.0037946051452308893,0.22097979485988617
891,0.031538523733615875,0.06424465775489807,0.1240321695804596,-0.12554213404655457,2.0220119953155518,2.037021716535983,646.9760629052863,0.8654564619064331,0.0826273113489151,0.05191633105278015,0.038178615272045135,0.0006736298091709614,0.8081932663917542
892,0.014811006374657154,0.05020807310938835,0.09749747812747955,-0.10047075152397156,2.857489824295044,3.3899163794776674,1328.5403482371075,0.5505796670913696,0.3394368290901184,0.10995401442050934,0.13427884876728058,0.0040853628888726234,0.2810891270637512
893,0.014345734380185604,0.054053761065006256,0.10302609205245972,-0.09087297320365906,2.874025821685791,3.7679326571038168,1250.406047096432,0.5878604650497437,0.324785977602005,0.08735291659832001,0.13485096395015717,0.0032346751540899277,0.3400885760784149
894,0.03016948327422142,0.06429317593574524,0.1240321695804596,-0.14103832840919495,2.072960376739502,2.1310665267028304,621.1969960492204,0.8810492157936096,0.07265106588602066,0.04628799855709076,0.04186628758907318,0.000726589176338166,0.8201744556427002
895,0.014359848573803902,0.0486937090754509,0.09334040433168411,-0.11675301194190979,2.9384570121765137,3.3909625733024735,1284.474608450008,0.5567898750305176,0.35367196798324585,0.08948379755020142,0.13514292240142822,0.0034162772353738546,0.3241540193557739
896,0.014656627550721169,0.04673873633146286,0.08979871869087219,-0.10397088527679443,2.718127727508545,3.1889147872884442,1369.0864063450233,0.53294837474823,0.37257394194602966,0.09442755579948425,0.12992656230926514,0.0038607455790042877,0.30697599053382874
897,0.015180379152297974,0.06295905262231827,0.10853005945682526,-0.20359274744987488,3.1101152896881104,4.147396582557707,1423.1976603573314,0.505458652973175,0.3827210068702698,0.11182021349668503,0.1298256665468216,0.0038966804277151823,0.25162309408187866
898,0.025894787162542343,0.06424879282712936,0.1240321695804596,0.047979068011045456,2.184488534927368,2.4811477468942553,619.0508441139821,0.8683229684829712,0.0892951712012291,0.04238099232316017,0.031035343185067177,0.002131690504029393,0.8152086734771729
899,0.015001666732132435,0.059771258383989334,0.11269735544919968,0.015523675829172134,3.1989269256591797,3.9843078404067938,1508.5722794397284,0.46404504776000977,0.41038358211517334,0.12557034194469452,0.1373932808637619,0.0038441251963377,0.233053058385849
900,0.014674395322799683,0.0535566471517086,0.09574317932128906,0.046176373958587646,2.9983949661254883,3.6496663726135075,1495.0470820686817,0.4706629514694214,0.4011988043785095,0.12806926667690277,0.13891248404979706,0.004310154356062412,0.220584899187088
901,0.015338725410401821,0.04950794205069542,0.09814736247062683,-0.05759598687291145,2.9084784984588623,3.227643804999234,1412.485205353366,0.519672155380249,0.3487605154514313,0.13144604861736298,0.12499582767486572,0.003957546781748533,0.25612616539001465
902,0.014964653179049492,0.05858498439192772,0.1127576231956482,-0.17820391058921814,3.1300206184387207,3.9148908890205205,1459.4805509676644,0.5106480121612549,0.3504764437675476,0.13887423276901245,0.12776799499988556,0.00414089672267437,0.259905606508255
903,0.014741320163011551,0.059753190726041794,0.11273963749408722,-0.011755070649087429,2.90097975730896,4.053449084697254,1377.904411003334,0.5425913333892822,0.32200291752815247,0.13527438044548035,0.13263468444347382,0.004711766727268696,0.2806350588798523
904,0.017698999494314194,0.052911315113306046,0.10468478500843048,-0.2831195890903473,2.6581335067749023,2.9895088209542187,1049.0645126728416,0.6968448758125305,0.20133554935455322,0.10181029886007309,0.08938785642385483,0.0017083734273910522,0.5713240504264832
905,0.01813204027712345,0.06427408754825592,0.11201119422912598,-0.3119645118713379,2.8892486095428467,3.54477965867986,1080.091320477203,0.6994677186012268,0.18475723266601562,0.11576826125383377,0.08474445343017578,0.002095287898555398,0.5783012509346008
906,0.014733334071934223,0.05620908737182617,0.09687110781669617,-0.20471395552158356,3.0914318561553955,3.8150962364373937,1459.5732492640857,0.4937378466129303,0.387538343667984,0.11872366815805435,0.14324352145195007,0.004044914618134499,0.23400738835334778
907,0.025381609797477722,0.06428346782922745,0.1240321695804596,0.0495578907430172,2.2300219535827637,2.5326789096364917,631.8389550693414,0.8679289221763611,0.08563975989818573,0.04643140360713005,0.030314991250634193,0.0016003624768927693,0.8181719183921814
908,0.015578890219330788,0.05971042066812515,0.11140894889831543,-0.0962693840265274,3.010782241821289,3.8327775485702933,1407.095367185646,0.502752423286438,0.3720053732395172,0.12510274350643158,0.12180329114198685,0.003748266026377678,0.2473720908164978
909,0.0183853842318058,0.05977211147546768,0.11847018450498581,-0.28716206550598145,2.7576661109924316,3.251066755994897,1133.16326218194,0.6835307478904724,0.19597864151000977,0.12048175185918808,0.08344098180532455,0.001481016632169485,0.5656771063804626
910,0.015136278234422207,0.053920116275548935,0.10089203715324402,-0.11873411387205124,2.984764337539673,3.562310063075086,1415.5278596410694,0.5156040787696838,0.3640226423740387,0.12037160992622375,0.12754859030246735,0.00400445656850934,0.26805543899536133
911,0.014652091078460217,0.052600547671318054,0.10044639557600021,-0.037617187947034836,2.716545343399048,3.5899686526693264,1301.7184689587714,0.5612987279891968,0.3458994925022125,0.09258398413658142,0.1310175359249115,0.004035088233649731,0.3208988606929779
912,0.01573275402188301,0.05579325556755066,0.10450196266174316,-0.1016680896282196,2.919922351837158,3.546312075203131,1450.3004938253325,0.49703434109687805,0.37206387519836426,0.13086234033107758,0.12103622406721115,0.0037306963931769133,0.24994756281375885
913,0.014818355441093445,0.055193956941366196,0.1031918078660965,-0.07115978002548218,3.160632371902466,3.7247019183100885,1365.3472445728169,0.5266106724739075,0.38968974351882935,0.08332882821559906,0.12431938201189041,0.003285614075139165,0.3015731871128082
914,0.018378404900431633,0.0597766637802124,0.11755988001823425,-0.20190206170082092,2.600022077560425,3.252549070542893,1075.3973991630367,0.6894800066947937,0.21235762536525726,0.09816223382949829,0.08549315482378006,0.0014358492335304618,0.5715243220329285
915,0.025857124477624893,0.06424669176340103,0.1240321695804596,0.05270068347454071,2.2399725914001465,2.4846804530221966,636.8631086171839,0.8541513681411743,0.1057269424200058,0.040119513869285583,0.027284573763608932,0.0023017972707748413,0.7983572483062744
916,0.014727078378200531,0.06302480399608612,0.11148880422115326,-0.22316746413707733,3.2300639152526855,4.279518474288683,1478.4767070982675,0.48078280687332153,0.38938629627227783,0.1297658234834671,0.1350104659795761,0.003847081447020173,0.2374192625284195
917,0.030697572976350784,0.06429125368595123,0.1240321695804596,-0.10862661153078079,2.0049147605895996,2.094343215126045,621.1709485151089,0.8793420791625977,0.07516869902610779,0.045460015535354614,0.04197356104850769,0.0006679618381895125,0.8184858560562134
918,0.025690313428640366,0.06429606676101685,0.1240321695804596,0.04884716868400574,2.260176420211792,2.5027357854978463,634.0721473653899,0.8594674468040466,0.09468191117048264,0.04585013538599014,0.029374191537499428,0.001639487803913653,0.8095030188560486
919,0.025670181959867477,0.062121570110321045,0.12189935147762299,0.08460471034049988,2.2174994945526123,2.419989472806283,662.1617597839175,0.852790117263794,0.09601815789937973,0.05119159072637558,0.03066006675362587,0.0011562507133930922,0.8016362190246582
920,0.01479385420680046,0.05766643211245537,0.10576674342155457,-0.1263878345489502,3.064483880996704,3.8979992165969284,1491.0912826159188,0.4605029821395874,0.41828882694244385,0.12117595225572586,0.13599739968776703,0.004342305473983288,0.2307506948709488
921,0.017970357090234756,0.06281188130378723,0.12257349491119385,-0.292199045419693,2.8116629123687744,3.4953051286011694,1163.2729896195383,0.6796002984046936,0.1860729604959488,0.13432279229164124,0.08680524677038193,0.0012089727679267526,0.553604006767273
922,0.030312616378068924,0.06434352695941925,0.1240321695804596,-0.12106331437826157,2.076537847518921,2.1226649047638433,603.2896314610125,0.8842995166778564,0.07415603846311569,0.0415349081158638,0.04300573840737343,0.0006025993498042226,0.8180084824562073
923,0.025861555710434914,0.06425581127405167,0.1240321695804596,0.06469492614269257,2.2055094242095947,2.48460734501136,617.1888861715074,0.8702547550201416,0.08716011047363281,0.042585115879774094,0.031137902289628983,0.0010431405389681458,0.8115886449813843
924,0.015184991993010044,0.053230226039886475,0.09966492652893066,-0.19045816361904144,2.938250780105591,3.5054497269991294,1388.4565176282506,0.5238121151924133,0.3530389368534088,0.12301715463399887,0.12789714336395264,0.004845005925744772,0.25815415382385254
925,0.01404543686658144,0.05387446656823158,0.10249795019626617,-0.08373913913965225,2.7929153442382812,3.835727366557059,1232.737235624269,0.602353572845459,0.29884713888168335,0.09875860810279846,0.14455600082874298,0.0034363940358161926,0.3391754925251007
926,0.01834137551486492,0.06424447149038315,0.11565801501274109,-0.2550383508205414,2.794588088989258,3.502707386085246,1099.4049679673392,0.6778008341789246,0.21405203640460968,0.10814650356769562,0.08490767329931259,0.0014115511439740658,0.5505920052528381
927,0.0140678770840168,0.0514206700026989,0.09604226797819138,-0.16458038985729218,2.8662827014923096,3.655183343723215,1260.0480404592154,0.5908749103546143,0.311594158411026,0.09750760346651077,0.14010493457317352,0.0040380265563726425,0.34224849939346313
928,0.018512222915887833,0.0626835823059082,0.12246044725179672,-0.2548317611217499,2.698946475982666,3.3860645794581976,1090.4195486741532,0.6906629800796509,0.20321594178676605,0.10612095147371292,0.08312571048736572,0.0012558700982481241,0.5726744532585144
929,0.01508526224642992,0.05424351990222931,0.103890560567379,-0.10207726061344147,2.86753249168396,3.595795619096432,1463.174932208953,0.4815947413444519,0.39713209867477417,0.12127278745174408,0.13440638780593872,0.003425903618335724,0.2263517826795578
930,0.014329623430967331,0.051484931260347366,0.09757374227046967,-0.07828852534294128,2.9786133766174316,3.5929019003731724,1459.1962157038174,0.47696030139923096,0.4079432785511017,0.11505378037691116,0.141484797000885,0.004862155299633741,0.23803046345710754
931,0.01819073222577572,0.06321484595537186,0.1203426718711853,-0.28972363471984863,2.689209461212158,3.475112775412263,1080.149360287769,0.7040671706199646,0.17778882384300232,0.11814037710428238,0.08794572949409485,0.0016548822168260813,0.5791559815406799
932,0.030424706637859344,0.06435398757457733,0.1240321695804596,-0.11284296959638596,2.0877504348754883,2.1151884334813107,677.2610194988155,0.8558933138847351,0.09089995920658112,0.05319833382964134,0.03967365249991417,0.0010610782774165273,0.7926536202430725
933,0.014885762706398964,0.04984789714217186,0.09296073019504547,-0.05439785495400429,2.847439765930176,3.3486962087199585,1345.1952049523934,0.5596736669540405,0.30973899364471436,0.13058455288410187,0.13124985992908478,0.004146429244428873,0.2762773334980011
934,0.03087400458753109,0.06433681398630142,0.1240321695804596,-0.12942619621753693,2.0404086112976074,2.0838506323925636,602.3379744780177,0.881122887134552,0.07811517268419266,0.040756288915872574,0.04183042049407959,0.0006734197959303856,0.8151605725288391
935,0.014577833004295826,0.0477619469165802,0.09299395978450775,-0.05960358679294586,2.8521358966827393,3.276340653595721,1275.4492918402343,0.5700918436050415,0.3431885242462158,0.0866929367184639,0.1353376805782318,0.003555712290108204,0.32416731119155884
936,0.015086360275745392,0.06088010594248772,0.10719000548124313,-0.22577214241027832,3.2336697578430176,4.035440280206638,1533.6794980761476,0.4516216218471527,0.4222932755947113,0.1260647028684616,0.13160231709480286,0.004549792036414146,0.22009402513504028
937,0.02505423314869404,0.06370165199041367,0.12340979278087616,0.09325848519802094,2.2252750396728516,2.5425504588310095,637.1665919097854,0.8622593879699707,0.09243282675743103,0.045307792723178864,0.03245191276073456,0.0016024898504838347,0.8060863614082336
938,0.014700284227728844,0.05441013351082802,0.10746556520462036,-0.05375270918011665,3.01397967338562,3.7012980609241555,1454.7572748696336,0.49057379364967346,0.3789517283439636,0.13047297298908234,0.14438462257385254,0.0038956275675445795,0.22295545041561127
939,0.014451541006565094,0.056571364402770996,0.09658759087324142,-0.1635289341211319,2.918442964553833,3.914555850698345,1275.773795506574,0.5687745809555054,0.35168176889419556,0.0793701633810997,0.14112913608551025,0.00406158110126853,0.31952595710754395
940,0.014523731544613838,0.05193779245018959,0.10127372294664383,-0.0533926784992218,2.9153475761413574,3.576063925931954,1416.1581317338082,0.5051576495170593,0.3806885778903961,0.11412058770656586,0.13846349716186523,0.004858872853219509,0.24247418344020844
941,0.0144881596788764,0.06288538873195648,0.10794945061206818,-0.13155625760555267,3.1174187660217285,4.340467673013179,1424.4114107832263,0.5085636973381042,0.35739201307296753,0.13390310108661652,0.13948816061019897,0.0043276106007397175,0.2407989352941513
942,0.01481546089053154,0.05808347463607788,0.10950996726751328,-0.10771151632070541,3.1162710189819336,3.9204635658198232,1365.2228311311405,0.5346119999885559,0.35206180810928345,0.1133170872926712,0.12966859340667725,0.004495897796005011,0.2597697675228119
943,0.014287257567048073,0.045709844678640366,0.08783411234617233,-0.17558327317237854,2.7901344299316406,3.199343503183253,1235.0430185925582,0.5970664620399475,0.315372496843338,0.0874752327799797,0.13912712037563324,0.004089898895472288,0.34637975692749023
944,0.017344066873192787,0.06424420326948166,0.11351902782917023,-0.2929634749889374,2.7176198959350586,3.7041026038174603,1039.0085174055062,0.7259796857833862,0.1652657836675644,0.10875126719474792,0.09280272573232651,0.0015939687145873904,0.5920776128768921
945,0.015438218601047993,0.05616150423884392,0.10716263949871063,-0.10382964462041855,2.7410011291503906,3.637822839961191,1461.5814827692523,0.5014423727989197,0.3682093322277069,0.13032273948192596,0.1229415014386177,0.004320825915783644,0.2505307197570801
946,0.018216321244835854,0.060769904404878616,0.11598159372806549,-0.2612414062023163,2.6815922260284424,3.336014093337878,1054.672127705123,0.7023793458938599,0.19894355535507202,0.098588727414608,0.08381720632314682,0.0022820562589913607,0.5638587474822998
947,0.014809075742959976,0.05007068067789078,0.0952269434928894,-0.0274884644895792,2.7298309803009033,3.3810807334355477,1257.6389308612204,0.5634254217147827,0.36053943634033203,0.07547756284475327,0.12627065181732178,0.0030482844449579716,0.3240543007850647
948,0.03049616515636444,0.0643027201294899,0.1240321695804596,-0.11752012372016907,2.0627856254577637,2.1085510193717454,618.6398430961118,0.8784343004226685,0.07538993656635284,0.04617449641227722,0.043433938175439835,0.0009256713092327118,0.8106480836868286
949,0.03082418255507946,0.0642600953578949,0.1240321695804596,-0.1195540800690651,2.038069248199463,2.084729911036063,633.162856462102,0.8704730272293091,0.0837671086192131,0.045727577060461044,0.040451955050230026,0.0009092702530324459,0.8116528391838074
950,0.01759381592273712,0.05911528319120407,0.11225771903991699,-0.3141759932041168,2.777702569961548,3.3600035062005658,1082.3485916603506,0.7060019373893738,0.17912662029266357,0.11480367928743362,0.09332142770290375,0.0016783068422228098,0.5793696045875549
951,0.030458951368927956,0.0642443597316742,0.1240321695804596,-0.12122581154108047,2.0618896484375,2.109211146221616,647.9619238438336,0.8677474856376648,0.08553744852542877,0.046705491840839386,0.040855154395103455,0.0013207780430093408,0.8068686723709106
952,0.017615385353565216,0.05456937476992607,0.1035766452550888,-0.3142969310283661,2.6780009269714355,3.097824638606832,1037.206221921275,0.7289004921913147,0.149854838848114,0.12119371443986893,0.09214199334383011,0.0017788311233744025,0.5936633348464966
953,0.03101346828043461,0.06425575911998749,0.1240321695804596,-0.1269685924053192,2.0365676879882812,2.0718662787693596,595.0182279119456,0.8798084855079651,0.08312603831291199,0.03705395385622978,0.04227370396256447,0.0014305416261777282,0.8154480457305908
954,0.014301477000117302,0.05215710401535034,0.09601199626922607,-0.15808463096618652,2.9759843349456787,3.6469732469783067,1250.8103196555828,0.5683791637420654,0.3419974148273468,0.08934628963470459,0.13275359570980072,0.002998937387019396,0.32557711005210876
955,0.015468902885913849,0.053741455078125,0.09946268796920776,-0.0299456175416708,2.8945837020874023,3.474160738547812,1508.2100479261449,0.4450559914112091,0.4482916593551636,0.10664670169353485,0.12769316136837006,0.0036969417706131935,0.21536493301391602
956,0.025977302342653275,0.0642598420381546,0.1240321695804596,0.043170325458049774,2.2645459175109863,2.4736918864038415,658.3884270028798,0.8494544625282288,0.10606163740158081,0.044472839683294296,0.02982913888990879,0.001836294075474143,0.7974795699119568
957,0.014588183723390102,0.04675358906388283,0.09142214059829712,-0.11969058960676193,2.9065983295440674,3.2048944506858055,1255.666821718276,0.5659483671188354,0.3497510850429535,0.08429200202226639,0.13298457860946655,0.004171925596892834,0.32747119665145874
958,0.0179629884660244,0.06007060781121254,0.10643123090267181,-0.30981260538101196,2.6455159187316895,3.344132181651584,1102.2809138188709,0.6912959218025208,0.19325940310955048,0.11537543684244156,0.08850950747728348,0.0014651701785624027,0.5693974494934082
959,0.02566966600716114,0.06423164904117584,0.12403217703104019,0.058961171656847,2.2428781986236572,2.5022393754852406,630.8965282921772,0.8640331625938416,0.09031009674072266,0.045656636357307434,0.031194202601909637,0.0017968746833503246,0.8115520477294922
960,0.014731736853718758,0.044109903275966644,0.08785487711429596,-0.10027600824832916,2.7283530235290527,2.994209285094425,1404.047076569797,0.5235169529914856,0.34846577048301697,0.12798142433166504,0.13507607579231262,0.005097381770610809,0.2704007625579834
961,0.015304039232432842,0.05227324366569519,0.10033228993415833,-0.07782255113124847,2.8538243770599365,3.415650134475629,1399.2056283450845,0.511073112487793,0.3847569525241852,0.10392037779092789,0.12209801375865936,0.004356651566922665,0.2525530159473419
962,0.030574345961213112,0.06425122916698456,0.12403217703104019,-0.12672491371631622,2.059889316558838,2.1014751794328737,591.0402600406838,0.8866283893585205,0.07397963851690292,0.03939035162329674,0.0395209975540638,0.0013162773102521896,0.8262673616409302
963,0.02604511007666588,0.06297414004802704,0.12277024984359741,0.07695873081684113,2.197493076324463,2.417887267907093,614.0855825076696,0.862054169178009,0.10200844705104828,0.03593546524643898,0.028689146041870117,0.0012265003751963377,0.8138637542724609
964,0.014691360294818878,0.05545179545879364,0.10604722797870636,-0.08893070369958878,3.0820653438568115,3.7744493595038353,1338.4154272389808,0.546127438545227,0.3457731604576111,0.10802806168794632,0.12653426826000214,0.0031101680360734463,0.3168357312679291
965,0.018308503553271294,0.05827682465314865,0.10897654294967651,-0.24145014584064484,2.5190939903259277,3.1830468547252146,1126.3137439722786,0.6832594871520996,0.20239906013011932,0.1141815036535263,0.08639082312583923,0.0013803765177726746,0.5649329423904419
966,0.030484458431601524,0.06412818282842636,0.1240321695804596,-0.1221584677696228,2.0484840869903564,2.103635298957604,638.7345880872635,0.871408998966217,0.08166375011205673,0.046362362802028656,0.043188802897930145,0.0012515222188085318,0.8064699769020081
967,0.015040978789329529,0.059270553290843964,0.10295169055461884,-0.21098312735557556,3.0661354064941406,3.9406048048516276,1581.8543098611142,0.43867719173431396,0.43266892433166504,0.1285620778799057,0.13405929505825043,0.004851102828979492,0.2013290524482727
968,0.014565965160727501,0.05150387063622475,0.09519451856613159,-0.04523792117834091,2.755927562713623,3.535905109230432,1313.3046125195299,0.5625687837600708,0.3393450975418091,0.09807856380939484,0.13405001163482666,0.003916395828127861,0.33711427450180054
969,0.017734281718730927,0.06426895409822464,0.11683207750320435,-0.365568608045578,2.7903668880462646,3.6239953280272896,1020.3799213028973,0.7201299667358398,0.17147067189216614,0.10839851200580597,0.09118587523698807,0.0013888769317418337,0.5939102172851562
970,0.018019355833530426,0.06109452620148659,0.11190497875213623,-0.26841938495635986,2.7022979259490967,3.3904944639814136,1009.5106536148894,0.7114713788032532,0.1946927160024643,0.09383446723222733,0.08704675734043121,0.0013204410206526518,0.5920157432556152
971,0.014909672550857067,0.06427860260009766,0.11666242778301239,-0.10003163665533066,3.1976709365844727,4.311201495306579,1421.542605358721,0.4860502779483795,0.4036366045475006,0.11028657853603363,0.13445988297462463,0.0037035970017313957,0.21710094809532166
972,0.025824343785643578,0.06421942263841629,0.12391336262226105,0.035172171890735626,2.2471280097961426,2.4867784896679836,639.6065831766313,0.8589041829109192,0.09715268015861511,0.04393719881772995,0.028919141739606857,0.001672930782660842,0.8096850514411926
973,0.015447817742824554,0.06429339945316315,0.11462081968784332,-0.060369666665792465,2.9779069423675537,4.161972941379709,1510.5691310958234,0.4792903661727905,0.38114219903945923,0.1395639181137085,0.11719480156898499,0.0035127701703459024,0.24716058373451233
974,0.015849748626351357,0.0627402514219284,0.12203574180603027,0.00405013095587492,3.23213529586792,3.958438262778487,1547.1584932473388,0.4226421117782593,0.4447064995765686,0.13258056342601776,0.12187498807907104,0.0031484034843742847,0.20614223182201385
975,0.014901801012456417,0.0597272589802742,0.11405536532402039,-0.1652829945087433,3.167360782623291,4.008056403809185,1292.4723128056853,0.5417311191558838,0.3762379586696625,0.08202885836362839,0.1258944571018219,0.003125538118183613,0.31645333766937256
976,0.015198609791696072,0.05844682455062866,0.10651761293411255,-0.09274744242429733,2.877652406692505,3.845537542434716,1410.3740845909592,0.521521270275116,0.34413033723831177,0.13429437577724457,0.12425297498703003,0.0038425144739449024,0.27434042096138
977,0.026171676814556122,0.06425351649522781,0.1240321695804596,0.08400121331214905,2.1777331829071045,2.4550783256285786,608.985008548951,0.8720248341560364,0.08319369703531265,0.04477420821785927,0.027190357446670532,0.0019061232451349497,0.8206444382667542
978,0.02492276206612587,0.06428765505552292,0.1240321695804596,0.08752679079771042,2.2451446056365967,2.579475536554632,643.2050817247475,0.8586506843566895,0.09640448540449142,0.04494263976812363,0.03334067761898041,0.0012821181444451213,0.8018103837966919
979,0.025953372940421104,0.06423511356115341,0.1240321695804596,0.07663913071155548,2.2060375213623047,2.475019863743235,608.9263516342543,0.876783549785614,0.0786396935582161,0.044576600193977356,0.029223227873444557,0.0009189997217617929,0.8281232118606567
980,0.03080575168132782,0.06427207589149475,0.1240321695804596,-0.11031253635883331,2.049838066101074,2.0863660966391997,616.5615224971887,0.8778885006904602,0.08083841949701309,0.041270509362220764,0.04293094575405121,0.0010811496758833528,0.8175386190414429
981,0.03108576498925686,0.06422819942235947,0.1240321695804596,-0.10980767756700516,2.015214204788208,2.066161133319073,616.8781502696819,0.8813627362251282,0.07304714620113373,0.04558765888214111,0.043448831886053085,0.0016648325836285949,0.8146021366119385
982,0.03012969344854355,0.0642760843038559,0.1240321695804596,-0.11837676167488098,2.0779318809509277,2.1333135835416095,615.4816109837144,0.8769524097442627,0.08007873594760895,0.042967598885297775,0.04117196053266525,0.0013274778611958027,0.818891704082489
983,0.018766285851597786,0.06426644325256348,0.12063726782798767,-0.18341924250125885,2.691152572631836,3.424569131971694,1168.6354959753287,0.6507014632225037,0.23223590850830078,0.11704506725072861,0.08038876950740814,0.001243901439011097,0.5261967778205872
984,0.03037736378610134,0.06428959965705872,0.1240321695804596,-0.13208213448524475,2.100492000579834,2.1163653339911277,664.0746037686515,0.8551066517829895,0.09823626279830933,0.04665644094347954,0.04111587256193161,0.001532835653051734,0.795933187007904
985,0.014979168772697449,0.0575711689889431,0.11012949049472809,-0.03956498205661774,2.842151165008545,3.84341546975789,1372.2431078669763,0.5284126400947571,0.3411013185977936,0.13046887516975403,0.129502072930336,0.004528294783085585,0.2569544315338135
986,0.014619988389313221,0.04616188630461693,0.09156662225723267,-0.11938758939504623,2.873335599899292,3.157450270973023,1417.9617976763298,0.49424469470977783,0.39417538046836853,0.11155581474304199,0.14275233447551727,0.0034802649170160294,0.23583240807056427
987,0.02528179995715618,0.06431317329406738,0.12403217703104019,0.084229476749897,2.2684199810028076,2.54385262918431,608.8294979402057,0.8732097744941711,0.08861064910888672,0.03817910701036453,0.030292203649878502,0.0015826262533664703,0.8216662406921387
988,0.025213060900568962,0.06426209211349487,0.1240321695804596,0.07281491160392761,2.2665138244628906,2.548762023158242,627.5099509144821,0.8623493909835815,0.09497552365064621,0.042669184505939484,0.031174436211586,0.0015471038641408086,0.8017179369926453
989,0.0178252924233675,0.06223105639219284,0.10798812657594681,-0.3273959755897522,2.7441818714141846,3.4911660864043865,1040.2677821962968,0.7040465474128723,0.19612446427345276,0.09981904923915863,0.09078385680913925,0.0018067735945805907,0.574100136756897
990,0.014660857617855072,0.057462409138679504,0.10861195623874664,-0.08591000735759735,3.057063341140747,3.9194439119835733,1491.6070030726803,0.47245362401008606,0.39950525760650635,0.12802167236804962,0.14126664400100708,0.0051991380751132965,0.22865881025791168
991,0.024832135066390038,0.06046251580119133,0.12022315710783005,0.07219300419092178,2.2458834648132324,2.4348496670587014,635.7986150379015,0.85784912109375,0.0978257805109024,0.044324763119220734,0.03418993577361107,0.0015562596963718534,0.7976058125495911
992,0.018864039331674576,0.06042838096618652,0.12014180421829224,-0.16816414892673492,2.7604708671569824,3.2033638130470803,1223.7334343039124,0.6274938583374023,0.2541380226612091,0.11818777024745941,0.0796009972691536,0.0014601679285988212,0.5082072019577026
993,0.014902357943356037,0.05036793649196625,0.09328123927116394,-0.13033491373062134,2.8692479133605957,3.379863554481462,1330.931780932528,0.5265246033668518,0.37881413102149963,0.0945286750793457,0.12569236755371094,0.0033653234131634235,0.3004523515701294
994,0.031208079308271408,0.0642646998167038,0.1240321695804596,-0.10772879421710968,2.0657832622528076,2.059232776866592,630.524059367458,0.8674854636192322,0.08993959426879883,0.04257497191429138,0.03890635818243027,0.0006430125213228166,0.8066219687461853
995,0.015396380797028542,0.05600741505622864,0.10891318321228027,-0.20023028552532196,3.0033345222473145,3.637700040739458,1483.2506949008766,0.4916794002056122,0.36396682262420654,0.14435313642024994,0.12047494202852249,0.00427279993891716,0.25423717498779297
996,0.025259418413043022,0.06430407613515854,0.1240321695804596,0.08763694018125534,2.260751724243164,2.5457465045754404,645.946336056881,0.8546276092529297,0.09864899516105652,0.04671446979045868,0.03194908797740936,0.0017212708480656147,0.8012945652008057
997,0.014662351459264755,0.05695417895913124,0.09894362092018127,-0.10415986180305481,2.962404251098633,3.8843823320889643,1262.5471129900411,0.5624563097953796,0.35955867171287537,0.07793938368558884,0.13326774537563324,0.0031965351663529873,0.32954105734825134
998,0.018100731074810028,0.05462527275085449,0.108854740858078,-0.2882934808731079,2.7703208923339844,3.0178489764900256,1119.709020530217,0.6785411238670349,0.2101142257452011,0.11134117841720581,0.08496270328760147,0.0013694671215489507,0.5589942336082458
999,0.03110901638865471,0.06419801712036133,0.1240321695804596,-0.12356609851121902,2.0333685874938965,2.0636466391689052,616.1274031096647,0.8762766122817993,0.08206778019666672,0.041273877024650574,0.04229778051376343,0.0016454505966976285,0.8130075931549072
1000,0.015502937138080597,0.06430138647556305,0.1240321695804596,-0.16301555931568146,3.1406288146972656,4.147690589125129,1459.2476266458839,0.48132872581481934,0.4036414325237274,0.11500503122806549,0.12250442057847977,0.0038129009772092104,0.2394663691520691
1001,0.026233501732349396,0.06261544674634933,0.12241895496845245,0.06798463314771652,2.168584108352661,2.3868505006615,586.2488737913268,0.878871500492096,0.0848778635263443,0.03624194860458374,0.030182475224137306,0.001154278521426022,0.8260043859481812
1002,0.014642095193266869,0.049407877027988434,0.09481002390384674,-0.0038189003244042397,2.669156551361084,3.3743720671433795,1297.6112234353095,0.5517429709434509,0.36087754368782043,0.08737897127866745,0.12982997298240662,0.002973224502056837,0.31390053033828735
1003,0.025505855679512024,0.06424624472856522,0.12403217703104019,0.06156216934323311,2.2768895626068115,2.518882155271236,661.2309646783942,0.8533137440681458,0.0979200229048729,0.04876295104622841,0.03035642020404339,0.001146092894487083,0.7950348258018494
1004,0.018124261870980263,0.06427805125713348,0.11858361959457397,-0.29502061009407043,2.7423095703125,3.5465196713200244,1145.9754769122785,0.6747905015945435,0.2015315145254135,0.12365029007196426,0.08657117187976837,0.001607595244422555,0.5512054562568665
1005,0.018246836960315704,0.06322548538446426,0.11997292190790176,-0.264340341091156,2.593764066696167,3.4650107039650635,1074.7154997729137,0.7134478688240051,0.17226360738277435,0.11427430808544159,0.08493857830762863,0.001478687860071659,0.5933499932289124
1006,0.030759736895561218,0.06430260092020035,0.12403217703104019,-0.1272728443145752,2.06168270111084,2.090479549172901,612.7589879367844,0.876496434211731,0.08264713734388351,0.04083025082945824,0.039742011576890945,0.0006563071510754526,0.8208632469177246
1007,0.01857287809252739,0.06177220493555069,0.11282336711883545,-0.28581225872039795,2.8345344066619873,3.325936057108897,1120.0773720082511,0.6525812149047852,0.24686458706855774,0.10054424405097961,0.08297886699438095,0.0014603760791942477,0.5337176322937012
1008,0.014769342727959156,0.053792279213666916,0.10203762352466583,-0.02752382680773735,2.941951274871826,3.6421579619919777,1482.9750504708572,0.4837144613265991,0.37163856625556946,0.14459620416164398,0.13312196731567383,0.005022883880883455,0.2331998348236084
1009,0.031172417104244232,0.06427863240242004,0.12403217703104019,-0.1122422069311142,2.047978639602661,2.0620355548754112,614.2744232590741,0.8770702481269836,0.07998529076576233,0.04294421151280403,0.040299661457538605,0.0009720827220007777,0.820065438747406
1010,0.014493200927972794,0.052215397357940674,0.098082534968853,-0.09820348769426346,2.970012664794922,3.602751222027075,1211.2117529323273,0.5901895761489868,0.323944628238678,0.08585526794195175,0.13439789414405823,0.004302642773836851,0.3334300220012665
1011,0.025179360061883926,0.06431587040424347,0.1240321695804596,0.04040488228201866,2.2553131580352783,2.5543091740067454,635.3184149214248,0.8633689284324646,0.0905521810054779,0.04607895389199257,0.03116573765873909,0.0021119683515280485,0.8077560067176819
1012,0.014747937209904194,0.05533723160624504,0.10193611681461334,-0.19308726489543915,3.1563491821289062,3.752201464848271,1485.2661478373284,0.4663538634777069,0.42744895815849304,0.10619186609983444,0.14083975553512573,0.004227706231176853,0.21777912974357605
1013,0.018117619678378105,0.06426157057285309,0.1240321695804596,-0.2583411931991577,2.8613924980163574,3.546910229382787,1113.6553079813202,0.6858335137367249,0.19333484768867493,0.1207476556301117,0.08586528152227402,0.0013816168066114187,0.5605117678642273
1014,0.015374845825135708,0.05978608876466751,0.10996280610561371,-0.062198951840400696,2.7924959659576416,3.8885650913674272,1471.7328018326534,0.4845432937145233,0.435440331697464,0.08001581579446793,0.11567319929599762,0.0028350416105240583,0.28546765446662903
1015,0.01780245453119278,0.06059154123067856,0.1103593111038208,-0.31124886870384216,2.7320070266723633,3.4035498375299222,1061.5929580136924,0.7165647149085999,0.16962067782878876,0.1137053519487381,0.09242920577526093,0.0015853639924898744,0.5854565501213074
1016,0.014657269231975079,0.04665585234761238,0.09048650413751602,-0.10232730209827423,2.741713762283325,3.1831203757005935,1307.0000514730773,0.5489272475242615,0.3683134913444519,0.08238674700260162,0.12715843319892883,0.0038184048607945442,0.3185732662677765
1017,0.01492359023541212,0.05640297755599022,0.10816598683595657,-0.14361853897571564,2.925809621810913,3.7794509673933816,1407.2167497648231,0.5293619632720947,0.3528865575790405,0.11772182583808899,0.12813957035541534,0.003752889344468713,0.2757735848426819
1018,0.014980251900851727,0.055454056710004807,0.10530504584312439,-0.03239135071635246,2.9231576919555664,3.7018106953962544,1585.4063325966818,0.4464625120162964,0.40519842505455017,0.14833901822566986,0.13749773800373077,0.003068741410970688,0.21429631114006042
1019,0.015431408770382404,0.060005541890859604,0.10785120725631714,-0.1328805685043335,2.8593990802764893,3.8885329771148354,1490.0932695583656,0.48249712586402893,0.3849584758281708,0.1325245201587677,0.11596842855215073,0.0040910146199166775,0.2529700696468353
1020,0.01514341589063406,0.060189660638570786,0.11348225176334381,-0.14484143257141113,3.018371343612671,3.974642251740732,1320.265480543307,0.5293212532997131,0.3883451223373413,0.0823293998837471,0.1256774365901947,0.0027845113072544336,0.313606858253479
1021,0.014850231818854809,0.053830116987228394,0.0994294285774231,-0.15336348116397858,2.937769651412964,3.6248671158962886,1358.2063662276198,0.528367817401886,0.37023624777793884,0.10136459767818451,0.13457834720611572,0.004197833128273487,0.2589224576950073
1022,0.0146332997828722,0.05320717394351959,0.09488847851753235,-0.11275336891412735,2.846118450164795,3.6360338904667846,1432.1335499898623,0.49359792470932007,0.3830968737602234,0.1232607364654541,0.14190036058425903,0.0034197138156741858,0.24461975693702698
1023,0.025943823158740997,0.06380880624055862,0.12365055084228516,0.02265150472521782,2.260002374649048,2.4594989661961466,649.0529956523611,0.8479878306388855,0.11102043092250824,0.04099094867706299,0.027887437492609024,0.001270279404707253,0.797131359577179
1024,0.03071846067905426,0.06425325572490692,0.1240321695804596,-0.10388047248125076,2.0442922115325928,2.0916821449528906,657.5330008096107,0.8625451326370239,0.08680573850870132,0.050625696778297424,0.04093053936958313,0.0012879950227215886,0.7985708713531494
1025,0.01542509812861681,0.05347486212849617,0.10585491359233856,-0.11416474729776382,3.017353057861328,3.466743723712349,1555.1299946015497,0.43620765209198,0.44080302119255066,0.12282869964838028,0.12664534151554108,0.0027829273603856564,0.20540189743041992
1026,0.015031692571938038,0.05310039222240448,0.1035962700843811,0.02556215412914753,2.9284896850585938,3.5325624153598345,1511.8944060128213,0.46763816475868225,0.4053102433681488,0.12695695459842682,0.13912664353847504,0.0041539017111063,0.21723365783691406
1027,0.014987597241997719,0.05851731449365616,0.10333247482776642,-0.13834519684314728,2.854966163635254,3.9043826401857538,1364.3728453691597,0.5222017168998718,0.3666667640209198,0.11112554371356964,0.12895318865776062,0.004505183547735214,0.27912789583206177
1028,0.017891716212034225,0.06084652990102768,0.1135832667350769,-0.29399409890174866,2.7651681900024414,3.400821317336825,1070.0558143548387,0.6963222622871399,0.19377045333385468,0.10990238189697266,0.09015557169914246,0.0012739462545141578,0.5751075744628906
1029,0.014932862482964993,0.0529484860599041,0.10340837389230728,-0.05851927027106285,3.0524299144744873,3.5457693470867047,1504.2238544106058,0.45590895414352417,0.42727211117744446,0.11680891364812851,0.1406363844871521,0.0043070511892437935,0.21166981756687164
1030,0.026100439950823784,0.064256452023983,0.1240321695804596,0.037295322865247726,2.2693428993225098,2.4618915291308356,658.940072528873,0.8504613041877747,0.10338795930147171,0.04615045711398125,0.029405562207102776,0.0012031563092023134,0.7979655861854553
1031,0.030624963343143463,0.06415683776140213,0.1240321695804596,-0.10365468263626099,2.0425968170166016,2.0949196588563788,633.3155132539835,0.8775134682655334,0.07572859525680542,0.0465710274875164,0.042384661734104156,0.0015296292258426547,0.8110156059265137
1032,0.030858613550662994,0.06429135054349899,0.1240321695804596,-0.12950575351715088,2.0482311248779297,2.0834166912866467,613.6690074548362,0.8796740174293518,0.07635761052370071,0.04396722838282585,0.04053022339940071,0.0008689781534485519,0.8224311470985413
1033,0.025448041036725044,0.06430532038211823,0.12403217703104019,0.05433447286486626,2.2163267135620117,2.5269261506923,620.5339299276897,0.8686628937721252,0.08602099120616913,0.04531554505228996,0.03023088537156582,0.0018020020797848701,0.8143479228019714
1034,0.025462212041020393,0.06426999717950821,0.1240321695804596,0.061149682849645615,2.29370379447937,2.5241325095181506,625.5409509201597,0.8736264109611511,0.07700672745704651,0.049366239458322525,0.02892429567873478,0.0020234056282788515,0.8206411600112915
1035,0.026042675599455833,0.0642278715968132,0.1240321695804596,0.07901100814342499,2.2028932571411133,2.4662547190692266,633.5252723564342,0.8666942715644836,0.08547159284353256,0.04783269390463829,0.029230816289782524,0.0009586569503881037,0.8177069425582886
1036,0.030646897852420807,0.06430090218782425,0.1240321695804596,-0.13125565648078918,2.0877952575683594,2.0981210723305552,673.2239963020193,0.8600090146064758,0.08635112643241882,0.05363967642188072,0.04217197373509407,0.0011118429247289896,0.7993066310882568
1037,0.015568616800010204,0.04819776862859726,0.09367839246988297,-0.11226820200681686,2.680440664291382,3.0958285661877065,1423.1134377304572,0.4944124221801758,0.4062809348106384,0.09923698753118515,0.11906857788562775,0.004214694257825613,0.25145867466926575
1038,0.014925776980817318,0.061368077993392944,0.11847279965877533,-0.11497576534748077,3.0681891441345215,4.111549976135376,1372.1497326880728,0.5325454473495483,0.3440406322479248,0.12336947023868561,0.1279849112033844,0.0037758152466267347,0.2639337182044983
1039,0.014756688848137856,0.04905754700303078,0.0939173549413681,-0.24419261515140533,2.8075900077819824,3.3244278241928855,1291.1551892049918,0.5455094575881958,0.3666236698627472,0.08780829608440399,0.13205605745315552,0.0022166359703987837,0.32442808151245117
1040,0.017720984295010567,0.05927007645368576,0.11584670841693878,-0.24962633848190308,2.7485239505767822,3.3446266563775993,1146.9430572006074,0.6771988272666931,0.2039443552494049,0.11885115504264832,0.08773711323738098,0.0019844898488372564,0.5569453835487366
1041,0.01767011731863022,0.061442289501428604,0.10736902058124542,-0.29189667105674744,2.733492374420166,3.477186279525755,1027.7125840105134,0.7191189527511597,0.17147225141525269,0.10939376056194305,0.08758958429098129,0.0010847831144928932,0.593411922454834
1042,0.015416804701089859,0.060433030128479004,0.10993130505084991,-0.11780962347984314,2.9487204551696777,3.9199452348440835,1453.3208215586735,0.487638920545578,0.3972763121128082,0.11500731110572815,0.12519051134586334,0.004142037592828274,0.2539031505584717
1043,0.030729195103049278,0.0642983466386795,0.1240321695804596,-0.11284954100847244,2.0343589782714844,2.0924188356045397,601.0910902185346,0.8855519890785217,0.07406507432460785,0.04036767780780792,0.04249759763479233,0.000792498467490077,0.81742262840271
1044,0.01843077316880226,0.06353472918272018,0.12331371009349823,-0.279046893119812,2.8091835975646973,3.447209110403361,1101.3798532208193,0.687854528427124,0.19671206176280975,0.1154237613081932,0.08099890500307083,0.0021290944423526525,0.5665016770362854
1045,0.030250824987888336,0.06428424268960953,0.1240321695804596,-0.147150456905365,2.062944173812866,2.1250409770054954,620.8131957107105,0.8798443675041199,0.07425624132156372,0.0458943210542202,0.04453874006867409,0.0010317696724087,0.8183369636535645
1046,0.030853839591145515,0.06427831202745438,0.1240321695804596,-0.11362716555595398,2.021684408187866,2.083316464892031,644.5631104305522,0.871118426322937,0.07895059138536453,0.04992776736617088,0.041358839720487595,0.0007534033502452075,0.8085281848907471
1047,0.03072468377649784,0.06412868201732635,0.1240321695804596,-0.13313890993595123,2.044712543487549,2.087203971950818,631.313928159246,0.8735454678535461,0.07968151569366455,0.046499624848365784,0.04257380589842796,0.0013774811523035169,0.8033798336982727
1048,0.025494718924164772,0.06424804031848907,0.1240321695804596,0.036872509866952896,2.2853870391845703,2.5200528982915174,617.0254043127528,0.8682541251182556,0.08991371840238571,0.04183204844594002,0.02940296195447445,0.0010762823512777686,0.8183164000511169
1049,0.02526991441845894,0.06355097889900208,0.12332694232463837,0.0718318298459053,2.2432749271392822,2.514886985531896,616.601223089538,0.8680986166000366,0.09199143201112747,0.03990981727838516,0.030952047556638718,0.0013787494972348213,0.8168033957481384
1050,0.03006967343389988,0.06435409188270569,0.12403217703104019,-0.11740409582853317,2.060340404510498,2.1401659722720554,613.8408982922542,0.8730071783065796,0.08605256676673889,0.04094032943248749,0.04289507120847702,0.000812875630799681,0.8131825923919678
1051,0.014815647155046463,0.04455423355102539,0.08721011877059937,-0.05771832913160324,2.661306858062744,3.0072418087280255,1271.6351435222637,0.5654565095901489,0.35040122270584106,0.08411621302366257,0.13309015333652496,0.0036036032252013683,0.3210214376449585
1052,0.014763358980417252,0.05977435037493706,0.10965555906295776,-0.015169724822044373,3.055487871170044,4.048831329657124,1450.675351039438,0.4857414960861206,0.381555438041687,0.13270263373851776,0.1422846019268036,0.003440908621996641,0.23371034860610962
1053,0.017634740099310875,0.06425631791353226,0.11034233868122101,-0.36182093620300293,2.753767251968384,3.6437348975956563,1058.8843259695616,0.712053120136261,0.1720636487007141,0.11583659797906876,0.09356386959552765,0.0020597719121724367,0.5810678005218506
1054,0.017804861068725586,0.05974013730883598,0.11356434226036072,-0.28867605328559875,2.6716365814208984,3.355271185486241,1036.0068472773357,0.7153763771057129,0.18834325671195984,0.09626288712024689,0.09076202660799026,0.0011001430684700608,0.5900546312332153
1055,0.03064550831913948,0.06426095217466354,0.12403217703104019,-0.12362011522054672,2.0167508125305176,2.0969125884080317,643.5544194039894,0.8642440438270569,0.08630935102701187,0.04944586008787155,0.04358853027224541,0.0017674198606982827,0.802112340927124
1056,0.030303221195936203,0.06425962597131729,0.1240321695804596,-0.10607016831636429,2.068852186203003,2.1205542986240102,622.8347914582537,0.8816779255867004,0.06827782839536667,0.05004400759935379,0.045334793627262115,0.002102898433804512,0.8113654255867004
1057,0.014473137445747852,0.04982089251279831,0.09254821389913559,-0.12648552656173706,2.7049357891082764,3.442300793183801,1342.3046065879685,0.5457078218460083,0.3495640754699707,0.10467325896024704,0.14196965098381042,0.00512584438547492,0.2754151523113251
1058,0.014579104259610176,0.05792204290628433,0.10398070514202118,-0.030917469412088394,2.8106279373168945,3.9729493575800885,1307.2711451863747,0.5600120425224304,0.3478858172893524,0.09205620735883713,0.12978734076023102,0.003613146021962166,0.31166955828666687
1059,0.017703866586089134,0.06297183781862259,0.11624739319086075,-0.3071098029613495,2.748279571533203,3.556953929179852,1079.91714246456,0.6868155598640442,0.21252965927124023,0.10065309703350067,0.08936099708080292,0.0016209506429731846,0.558706521987915
1060,0.03052198700606823,0.06428428739309311,0.12403217703104019,-0.13034296035766602,2.0578718185424805,2.1061632513704387,669.176201357152,0.8609804511070251,0.08475548774003983,0.054249487817287445,0.042743440717458725,0.0012930514058098197,0.7986471652984619
1061,0.01483853068202734,0.052975788712501526,0.09540241211652756,-0.21876174211502075,2.965116500854492,3.570150565722553,1402.4669921699535,0.5204894542694092,0.37784457206726074,0.10155188292264938,0.13460318744182587,0.004406973719596863,0.25859034061431885
1062,0.030241530388593674,0.06430426985025406,0.1240321695804596,-0.1264052838087082,2.1073246002197266,2.126356339174608,660.2237605958848,0.8672568202018738,0.07987714558839798,0.05285867676138878,0.039607226848602295,0.0012416285462677479,0.8044116497039795
1063,0.018167471513152122,0.06081632897257805,0.11832834780216217,-0.258205384016037,2.73355770111084,3.3475395255307414,1107.3010059595877,0.6796877384185791,0.21284477412700653,0.10744268447160721,0.08690626174211502,0.0015381420962512493,0.5550170540809631
1064,0.015204347670078278,0.06144190579652786,0.1081559956073761,-0.18066957592964172,3.2762391567230225,4.0410747718826965,1488.5290897449886,0.45027345418930054,0.4195927083492279,0.13003142178058624,0.12858594954013824,0.002904387889429927,0.2133779078722
1065,0.015295328572392464,0.052161987870931625,0.09996698796749115,-0.11290223151445389,2.9416563510894775,3.4103214991845205,1255.9617232107075,0.5513454675674438,0.3634175956249237,0.08523685485124588,0.12440166622400284,0.003331888234242797,0.31381580233573914
1066,0.030334047973155975,0.0642554759979248,0.1240321695804596,-0.11759268492460251,2.043464422225952,2.118262490145372,695.4388847753511,0.86420738697052,0.06835493445396423,0.06742409616708755,0.03916974738240242,0.0013417633017525077,0.8007038831710815
1067,0.01795167848467827,0.05596977844834328,0.11005562543869019,-0.2291041761636734,2.721296548843384,3.1178019644790096,1158.3778224565137,0.6803901791572571,0.19343304634094238,0.12617669999599457,0.08599735051393509,0.0020783913787454367,0.5608851313591003
1068,0.014434009790420532,0.05450309067964554,0.10562050342559814,-0.18717074394226074,3.0027740001678467,3.7760186855382187,1268.9591453646497,0.5554190278053284,0.354018896818161,0.09056203067302704,0.13487766683101654,0.0032914606854319572,0.3308020234107971
1069,0.014546255581080914,0.05267087370157242,0.09467935562133789,-0.15596719086170197,2.9338228702545166,3.620923158153226,1332.2478803854815,0.5465214252471924,0.369281530380249,0.08417826890945435,0.13336893916130066,0.0035313793923705816,0.31867337226867676
1070,0.014512073248624802,0.048566702753305435,0.09347134083509445,-0.0739508792757988,2.8432791233062744,3.3466412357421835,1325.4544495589682,0.548365592956543,0.33775410056114197,0.11383730173110962,0.13590961694717407,0.004071044735610485,0.2788517475128174
1071,0.030384818091988564,0.0643317922949791,0.1240321695804596,-0.160138338804245,2.0333123207092285,2.117234735389907,574.0460029384635,0.8989270329475403,0.060065560042858124,0.04098769277334213,0.040746059268713,0.0011886385036632419,0.8331183195114136
1072,0.025387553498148918,0.060022592544555664,0.11977295577526093,0.06568901985883713,2.237781524658203,2.3642527251224834,641.007870704512,0.8575783371925354,0.09651998430490494,0.045901551842689514,0.032098188996315,0.002265326213091612,0.8014287948608398
1073,0.025626959279179573,0.06419435888528824,0.1240321695804596,0.05611070245504379,2.2236387729644775,2.5049541845152694,653.5217046368675,0.850442111492157,0.10829026252031326,0.04126409441232681,0.02895071543753147,0.0021847328171133995,0.7977578043937683
1074,0.025513965636491776,0.06425119936466217,0.1240321695804596,0.05885235220193863,2.2246813774108887,2.5182756878157564,598.1895750536718,0.8831449151039124,0.07421838492155075,0.042636387050151825,0.03126617148518562,0.001690349425189197,0.8298104405403137
1075,0.015485967509448528,0.055746205151081085,0.11108702421188354,-0.06920488178730011,2.985837936401367,3.599788331821605,1456.413407747535,0.5024844408035278,0.3659455180168152,0.13152089715003967,0.1229572743177414,0.003940782509744167,0.2528414726257324
1076,0.02504453808069229,0.06425625085830688,0.12403217703104019,0.08306746929883957,2.3281726837158203,2.565679217109562,660.7685817795162,0.8501880168914795,0.10111311078071594,0.048694610595703125,0.03325754031538963,0.0014652671525254846,0.7840120792388916
1077,0.014045772142708302,0.046163175255060196,0.09152629226446152,-0.09852060675621033,2.7118136882781982,3.286624244131615,1265.1630054029574,0.6013767123222351,0.29512619972229004,0.10282465070486069,0.14120790362358093,0.0022606044076383114,0.3499630093574524
1078,0.015476672910153866,0.05280912667512894,0.1049310490489006,-0.060015346854925156,2.8777785301208496,3.4121756645170156,1455.303106529085,0.4908365309238434,0.38272207975387573,0.12643970549106598,0.12342605739831924,0.0034539594780653715,0.25089210271835327
1079,0.01550674345344305,0.059559836983680725,0.11756446957588196,-0.17320498824119568,3.052494525909424,3.8408991003598123,1487.5647589425753,0.47318872809410095,0.40248289704322815,0.12432795017957687,0.12237276136875153,0.0034924710635095835,0.24789723753929138
1080,0.015300573781132698,0.06309093534946442,0.11676532030105591,-0.03810729831457138,2.931619644165039,4.123435908210128,1421.4094240662591,0.5016969442367554,0.40821218490600586,0.09007363021373749,0.11886125057935715,0.003694270271807909,0.3056342601776123
1081,0.03060407005250454,0.06429086625576019,0.12403217703104019,-0.08800058811903,2.0143444538116455,2.1007292867700813,594.1213287865397,0.8910926580429077,0.06439996510744095,0.044490717351436615,0.04269084334373474,0.0006890514050610363,0.826615035533905
1082,0.025456992909312248,0.06424268335103989,0.1240321695804596,0.061465900391340256,2.2316465377807617,2.523577061021066,591.2398209529063,0.8785578608512878,0.08234863728284836,0.03908981382846832,0.02973524108529091,0.002194288419559598,0.8231935501098633
1083,0.017724519595503807,0.06428438425064087,0.1224144995212555,-0.2812078595161438,2.9655344486236572,3.626861867856835,1119.7032520209314,0.6985069513320923,0.17508549988269806,0.12639953196048737,0.08915857970714569,0.0013797522988170385,0.5767654776573181
1084,0.014504099264740944,0.046090371906757355,0.0876830667257309,-0.15663175284862518,2.9136621952056885,3.1777479636825157,1283.7329969952018,0.5544010400772095,0.36806872487068176,0.07752785831689835,0.13667605817317963,0.0029341098852455616,0.32481440901756287
1085,0.015378773212432861,0.05479248985648155,0.10762126743793488,-0.05497031658887863,3.2228543758392334,3.562864806967963,1622.4491633799428,0.43550390005111694,0.40739235281944275,0.15710340440273285,0.12916682660579681,0.0039855861105024815,0.20570942759513855
1086,0.014461862854659557,0.047889918088912964,0.09327691793441772,-0.12068959325551987,2.893716812133789,3.311462608025739,1248.0803885393734,0.568138837814331,0.35050103068351746,0.08133526146411896,0.12883666157722473,0.004549155943095684,0.33552438020706177
1087,0.02559858188033104,0.06425358355045319,0.1240321695804596,0.05392346531152725,2.267003059387207,2.5100446520169584,635.4544501428315,0.8631894588470459,0.09096774458885193,0.04584220051765442,0.031946174800395966,0.0024744172114878893,0.8082271218299866
1088,0.015202921815216541,0.05224929377436638,0.10102838277816772,0.0065553681924939156,2.9238970279693604,3.436792901127301,1564.8247972958961,0.44154196977615356,0.41034406423568726,0.14781861007213593,0.13373088836669922,0.004279398825019598,0.21598374843597412
1089,0.025368420407176018,0.06425486505031586,0.12403217703104019,0.06408797949552536,2.2214481830596924,2.5328681887346476,637.9449610274652,0.8519784212112427,0.10886221379041672,0.039159201085567474,0.03020457923412323,0.0015999634051695466,0.8025903701782227
1090,0.031164908781647682,0.06432097405195236,0.12403217703104019,-0.11374608427286148,2.02639102935791,2.063890977526803,634.927607614815,0.8766527771949768,0.07219186425209045,0.051128506660461426,0.03794429451227188,0.0011494236532598734,0.8146063089370728
1091,0.02543502300977707,0.06423796713352203,0.1240321695804596,0.08454467356204987,2.2184624671936035,2.525571418052336,629.842080781266,0.8656917810440063,0.08975657820701599,0.044550810009241104,0.02757861278951168,0.0017652090173214674,0.8116334080696106
1092,0.018205784261226654,0.06329479068517685,0.11015674471855164,-0.3133089542388916,2.6586380004882812,3.476630820925459,1039.040515193675,0.7136138677597046,0.1844765990972519,0.10190259665250778,0.08304449915885925,0.0023536852095276117,0.5795595049858093
1093,0.014189450070261955,0.05193855240941048,0.10000644624233246,-0.14309316873550415,2.785862445831299,3.6603640133032482,1254.4340954438449,0.5762471556663513,0.33822962641716003,0.0854731872677803,0.13518871366977692,0.003425396280363202,0.34654828906059265
1094,0.015056190080940723,0.05151103809475899,0.09654240310192108,-0.15814636647701263,2.9988625049591064,3.4212531732409746,1413.9551025301387,0.5193524360656738,0.35299086570739746,0.127521812915802,0.12985172867774963,0.005141325294971466,0.2543860673904419
1095,0.01446712575852871,0.04723893478512764,0.08842956274747849,-0.11898806691169739,2.8223202228546143,3.2652605341467997,1260.2334089666344,0.558732807636261,0.3589704930782318,0.08223830163478851,0.12886959314346313,0.003949835430830717,0.32631582021713257
1096,0.0178714357316494,0.06427006423473358,0.1227274090051651,-0.35652798414230347,2.84035325050354,3.5962451588217026,1013.8100229099191,0.7141101956367493,0.1876041144132614,0.0982728973031044,0.094040147960186,0.0016997854690998793,0.5791265964508057
1097,0.015582071617245674,0.056024160236120224,0.10288002341985703,-0.1310097724199295,3.092153310775757,3.59542438314295,1525.1919761715633,0.46572327613830566,0.39331984519958496,0.14095689356327057,0.11849379539489746,0.0041631367057561874,0.23848243057727814
1098,0.01519683375954628,0.051087021827697754,0.10123762488365173,-0.014316537417471409,2.905163288116455,3.361688535432221,1411.855245493983,0.5223740935325623,0.3457361161708832,0.13183775544166565,0.12710250914096832,0.0047218226827681065,0.26356834173202515
1099,0.03045569360256195,0.06422947347164154,0.1240321695804596,-0.13473469018936157,2.0495777130126953,2.108947978913525,626.4119693138662,0.8786381483078003,0.07161707431077957,0.049743980169296265,0.041537296026945114,0.0012620595516636968,0.8206855058670044
1100,0.014404388144612312,0.05259660258889198,0.09885570406913757,-0.17982399463653564,3.06052565574646,3.6514291379265083,1393.9307683778009,0.51500403881073,0.3721773028373718,0.11279681324958801,0.1436830461025238,0.00409734295681119,0.24700771272182465
1101,0.014308121055364609,0.049669299274683,0.09893181920051575,-0.13076388835906982,2.857659101486206,3.471406139144235,1253.4470568895508,0.5787329077720642,0.33595213294029236,0.08528153598308563,0.13386115431785583,0.0024166854564100504,0.34820622205734253
1102,0.026027871295809746,0.06420478224754333,0.1240321695804596,0.06736437231302261,2.288236141204834,2.466770390685502,637.278673433889,0.8547314405441284,0.10184720158576965,0.04342063516378403,0.030579453334212303,0.0009065641206689179,0.7973395586013794
1103,0.01457093097269535,0.049260031431913376,0.09750598669052124,-0.08434094488620758,2.989443778991699,3.3807058396503047,1277.127674186789,0.5638167858123779,0.3516432046890259,0.08453129976987839,0.12855300307273865,0.0028612762689590454,0.3285622000694275
1104,0.02565983682870865,0.06344576925039291,0.12325021624565125,0.04766403138637543,2.2606313228607178,2.47257103275638,642.9096775989814,0.8586848974227905,0.09612680226564407,0.045188382267951965,0.029801998287439346,0.0017167702317237854,0.8087133169174194
1105,0.02520470879971981,0.0642300471663475,0.1240321695804596,0.05466732010245323,2.307734489440918,2.5483352207787933,665.4189303345041,0.8448759317398071,0.10703607648611069,0.048085037618875504,0.029424894601106644,0.00188048358540982,0.7937957048416138
1106,0.014661470428109169,0.05603489652276039,0.10014542937278748,-0.14697904884815216,2.9982118606567383,3.821915188773127,1484.8035422954001,0.4786573350429535,0.39868441224098206,0.12260232120752335,0.13888435065746307,0.004023494198918343,0.2234870195388794
1107,0.014514894224703312,0.053589969873428345,0.09981079399585724,-0.19347308576107025,2.954646110534668,3.6920675438702117,1334.8883335730698,0.5401185750961304,0.35066166520118713,0.10920347273349762,0.13474047183990479,0.003467172384262085,0.27981579303741455
1108,0.014318006113171577,0.048884399235248566,0.09146812558174133,-0.09746763110160828,2.83929705619812,3.414190414883543,1267.2792500243163,0.5620874166488647,0.35767412185668945,0.07998180389404297,0.134481281042099,0.0038762539625167847,0.32850009202957153
1109,0.030483562499284744,0.06429219990968704,0.12403217703104019,-0.1258038729429245,2.061789035797119,2.109077635170971,623.1293767787641,0.8821000456809998,0.06986239552497864,0.04803736135363579,0.044968195259571075,0.001977377338334918,0.8169438242912292
1110,0.025265200063586235,0.06348464637994766,0.12325873970985413,0.05820213630795479,2.267354965209961,2.512730800376005,610.3749101619568,0.8744328022003174,0.0847049355506897,0.04085856303572655,0.03248995915055275,0.0015916087431833148,0.8211458325386047
1111,0.01535026729106903,0.05877102166414261,0.10363288223743439,-0.07850555330514908,2.958111047744751,3.828664383877382,1409.3118303510776,0.5081098675727844,0.37264007329940796,0.11921782046556473,0.12889578938484192,0.0036166622303426266,0.2542846202850342
1112,0.024981511756777763,0.062049750238657,0.12177370488643646,0.08759750425815582,2.2340304851531982,2.483826873261118,608.699578585916,0.875152051448822,0.08170925825834274,0.04313674569129944,0.03149387985467911,0.0018496683333069086,0.8199754357337952
1113,0.030113181099295616,0.06431711465120316,0.12403217703104019,-0.12404917925596237,2.1163363456726074,2.1358459087064623,616.6262461926552,0.8801897168159485,0.07281456142663956,0.04699570685625076,0.04416089877486229,0.001175222685560584,0.8114018440246582
1114,0.018483957275748253,0.05975335091352463,0.11813345551490784,-0.21443897485733032,2.7541964054107666,3.2327141866255493,1185.9819499643622,0.6454073786735535,0.23304802179336548,0.12154225260019302,0.08351357281208038,0.0021340162493288517,0.5278881788253784
1115,0.02573377639055252,0.06098522990942001,0.12076267600059509,0.05573546513915062,2.166241407394409,2.3698515515755894,616.2677276043728,0.8684544563293457,0.0914703905582428,0.04007454961538315,0.030080044642090797,0.0012124007334932685,0.8185203075408936
1116,0.01764078438282013,0.06241932138800621,0.12220029532909393,-0.2641778886318207,2.6974244117736816,3.538352945646584,1035.92799881949,0.7219123244285583,0.17099665105342865,0.10694001615047455,0.09194439649581909,0.0017262472538277507,0.5909864902496338
1117,0.025608649477362633,0.06428774446249008,0.1240321695804596,0.08538977801799774,2.165841817855835,2.510391831354026,646.9873775329942,0.8581770658493042,0.09717102348804474,0.04464828222990036,0.028108324855566025,0.00231054425239563,0.8064370155334473
1118,0.016308890655636787,0.05906933546066284,0.1150435134768486,-0.09059765189886093,3.1553001403808594,3.6219100798634027,1557.2932672519346,0.44092464447021484,0.39954206347465515,0.15951716899871826,0.10757790505886078,0.003721813904121518,0.22094979882240295
1119,0.03101160377264023,0.06428075581789017,0.1240321695804596,-0.10729492455720901,2.0658183097839355,2.0727968887738926,640.8824911027717,0.8614513874053955,0.09471042454242706,0.04383232444524765,0.0383688248693943,0.0013784798793494701,0.8054674863815308
1120,0.025685174390673637,0.06424213945865631,0.1240321695804596,0.044825609773397446,2.2323837280273438,2.5011369780491615,620.6377591631855,0.8668055534362793,0.09146557748317719,0.041728533804416656,0.03090403415262699,0.0023161110002547503,0.8138055205345154
1121,0.014596951194107533,0.048014719039201736,0.09097373485565186,-0.0236258115619421,2.7733306884765625,3.289366279123743,1320.165682273513,0.5533009767532349,0.3569788932800293,0.08967369049787521,0.1335095465183258,0.003180885687470436,0.31582051515579224
1122,0.014836880378425121,0.04742501676082611,0.08931316435337067,-0.08028856664896011,2.77396821975708,3.1964277899410867,1331.0466073528733,0.5418221354484558,0.36984777450561523,0.08824020624160767,0.129937082529068,0.0030131509993225336,0.3238259255886078
1123,0.018030984327197075,0.06411595642566681,0.10839568823575974,-0.24498620629310608,2.6270089149475098,3.555876665335541,1115.5204323348805,0.6763308644294739,0.2160971760749817,0.1075507402420044,0.08703428506851196,0.001087849261239171,0.5543603301048279
1124,0.014359553344547749,0.06429668515920639,0.11635570973157883,-0.11902766674757004,2.9826040267944336,4.47762431128416,1439.99450693068,0.49917903542518616,0.36136236786842346,0.1393814980983734,0.14776937663555145,0.003797460813075304,0.2462746500968933
1125,0.014448268339037895,0.04983951523900032,0.09122909605503082,-0.14086464047431946,2.8238720893859863,3.4495147837813205,1430.1741520467585,0.48386114835739136,0.40996047854423523,0.1061784029006958,0.14431333541870117,0.005144425667822361,0.23404447734355927
1126,0.01477694883942604,0.04970308393239975,0.09297974407672882,-0.19122342765331268,2.9691994190216064,3.36355525549527,1349.6029201083907,0.5351166725158691,0.35518524050712585,0.1094893291592598,0.13262441754341125,0.005409098695963621,0.2775334119796753
1127,0.01771114207804203,0.056713398545980453,0.1053040474653244,-0.3202575147151947,2.624103307723999,3.2021310818284623,1029.8713935343526,0.7096481323242188,0.1855592429637909,0.10478220134973526,0.08674904704093933,0.002298703184351325,0.5826562643051147
1128,0.030580174177885056,0.06427738815546036,0.1240321695804596,-0.11863502860069275,2.061631441116333,2.1019300864493604,646.0097457230256,0.865230143070221,0.08911079168319702,0.04564177617430687,0.042009372264146805,0.0011991915525868535,0.8016543984413147
1129,0.030515890568494797,0.0642583817243576,0.1240321695804596,-0.12116409093141556,2.0178706645965576,2.105735094901457,626.2918249707395,0.8729367256164551,0.08382687717676163,0.04323611035943031,0.03986898064613342,0.001106054405681789,0.8128077983856201
1130,0.014424974098801613,0.04983752965927124,0.09883607923984528,-0.13418863713741302,3.028177499771118,3.4549476009081124,1470.746780349757,0.49843108654022217,0.3633911907672882,0.13816167414188385,0.15008293092250824,0.0036413022316992283,0.23200085759162903
1131,0.014678839594125748,0.04992656037211418,0.09374502301216125,-0.020089078694581985,2.8557677268981934,3.401260709238405,1316.8394824406978,0.5353589653968811,0.3833467364311218,0.08120578527450562,0.13399124145507812,0.002693614922463894,0.3102681338787079
1132,0.014519449323415756,0.046226177364587784,0.08756345510482788,-0.024294301867485046,2.672420024871826,3.1837417750309798,1303.0526040655918,0.5708444714546204,0.33943796157836914,0.08971690386533737,0.1324618011713028,0.0028347643092274666,0.3388560116291046
1133,0.026192935183644295,0.06425121426582336,0.12403217703104019,0.06837095320224762,2.292717695236206,2.452997871864734,692.6836429602519,0.8381605744361877,0.10707111656665802,0.054767269641160965,0.03019602783024311,0.0018633983563631773,0.7813047170639038
1134,0.014968427829444408,0.0642017349600792,0.11472825706005096,-0.08280045539140701,3.054302930831909,4.2891435017309405,1482.184197173421,0.4702392816543579,0.40188494324684143,0.1278584748506546,0.13837900757789612,0.00376056763343513,0.2191033661365509
1135,0.03030978888273239,0.06418931484222412,0.1240321695804596,-0.13273006677627563,2.070722818374634,2.117775055723838,638.0633234066385,0.8707613348960876,0.07965490967035294,0.04950813204050064,0.04072941094636917,0.0009368881583213806,0.8048988580703735
1136,0.030258627608418465,0.06433138251304626,0.1240321695804596,-0.11806472390890121,2.0688462257385254,2.126050901694634,637.5396131745701,0.8737931251525879,0.07990073412656784,0.046306077390909195,0.04154105857014656,0.0007853794377297163,0.8115399479866028
1137,0.03013228252530098,0.06419063359498978,0.1240321695804596,-0.13377083837985992,2.0499658584594727,2.130294428872454,625.3913718545409,0.8791641592979431,0.07371518760919571,0.046878382563591,0.04511014744639397,0.0014494890347123146,0.8115265965461731
1138,0.02554476633667946,0.06427864730358124,0.1240321695804596,0.08810659497976303,2.2379674911499023,2.5163137706516383,650.9264590335786,0.8539090156555176,0.1001289114356041,0.04596118628978729,0.029803160578012466,0.001953577622771263,0.7984915971755981
1139,0.014728672802448273,0.055361367762088776,0.10249336063861847,-0.022939912974834442,3.0126755237579346,3.7587478859010015,1455.8928772870397,0.47986674308776855,0.39601123332977295,0.12410614639520645,0.13894346356391907,0.004011863376945257,0.2306853085756302
1140,0.014480198733508587,0.04885084927082062,0.09641643613576889,-0.09981872886419296,2.8277359008789062,3.373631133556294,1443.8696979429192,0.4977400600910187,0.37177377939224243,0.13036391139030457,0.14938458800315857,0.004101413767784834,0.24252375960350037
1141,0.015093605034053326,0.055219437927007675,0.10718097537755966,-0.06694409996271133,2.930055618286133,3.6584658071260168,1307.9047913105353,0.5360819697380066,0.3854310214519501,0.07846923917531967,0.12328900396823883,0.0024435636587440968,0.3036807179450989
1142,0.025823181495070457,0.06431068480014801,0.1240321695804596,0.06928839534521103,2.2453231811523438,2.490424536184058,663.6004294224292,0.8479264974594116,0.10159242898225784,0.05046272650361061,0.03069963864982128,0.001047843019478023,0.79802006483078
1143,0.030773600563406944,0.06428954005241394,0.1240321695804596,-0.12128142267465591,2.021714925765991,2.089113359285357,629.3933270798099,0.879339873790741,0.0699828714132309,0.05067180469632149,0.03964928910136223,0.0014759601326659322,0.8214969038963318
1144,0.01455150917172432,0.05139660835266113,0.09314636141061783,-0.2865389585494995,2.9959425926208496,3.5320465899853266,1448.023197686619,0.5010244846343994,0.3701547384262085,0.1287274807691574,0.14703358709812164,0.004598486237227917,0.2429102212190628
1145,0.01511707529425621,0.055301815271377563,0.11019818484783173,-0.061001136898994446,3.113118886947632,3.6582350878897496,1531.7731774984252,0.45191746950149536,0.4233568608760834,0.12465967237949371,0.13626137375831604,0.003834218718111515,0.2175452709197998
1146,0.018005723133683205,0.0642637237906456,0.12121862173080444,-0.28766387701034546,2.8633899688720703,3.5690720839119616,1138.890061509133,0.6819124817848206,0.19300594925880432,0.12507903575897217,0.08902119100093842,0.0012336637591943145,0.5601441264152527
1147,0.025565141811966896,0.06429304927587509,0.1240321695804596,0.05008576065301895,2.338897705078125,2.514871607059305,645.5776917543993,0.8503066301345825,0.10895835608243942,0.040733702480793,0.02998749539256096,0.0014672190882265568,0.7986313700675964
1148,0.01797499507665634,0.056671351194381714,0.10956059396266937,-0.30129480361938477,2.77329158782959,3.1527881342691737,1105.0999647837734,0.7004621028900146,0.1781410425901413,0.12132320553064346,0.08599773794412613,0.002273377263918519,0.5813345909118652
1149,0.030449891462922096,0.064194455742836,0.1240321695804596,-0.1106536015868187,2.0985147953033447,2.108199821299706,646.2813238572162,0.8674413561820984,0.0854455828666687,0.04633437469601631,0.04260711371898651,0.0006465879851020873,0.8002248406410217
1150,0.025725020095705986,0.06117129698395729,0.12090499699115753,0.05530829355120659,2.2091522216796875,2.377891125215879,604.1273375919536,0.8732795119285583,0.088141068816185,0.03856658935546875,0.028999628499150276,0.0017115481896325946,0.8248252868652344
1151,0.017880937084555626,0.053343407809734344,0.10625927150249481,-0.22868745028972626,2.627415657043457,2.983255718338476,1120.0720400706487,0.7025058269500732,0.16879472136497498,0.12862825393676758,0.08641970157623291,0.002443707315251231,0.5689257383346558
1152,0.014912423677742481,0.053482815623283386,0.09738724678754807,-0.12082930654287338,2.8659048080444336,3.5864603082276045,1509.7709816916358,0.4668768644332886,0.4061198830604553,0.12699653208255768,0.13192377984523773,0.0038802940398454666,0.2207665741443634
1153,0.01408822275698185,0.04721629619598389,0.09434716403484344,0.00867733359336853,2.818328857421875,3.35147285836554,1281.4567942497847,0.58646160364151,0.31246063113212585,0.10096926242113113,0.13921542465686798,0.0028330550994724035,0.33187636733055115
1154,0.014740503393113613,0.054213158786296844,0.10747960954904556,-0.1457185298204422,3.122215747833252,3.677836321922765,1493.9430220661939,0.48186448216438293,0.38650235533714294,0.13161422312259674,0.14041657745838165,0.00383756379596889,0.232370525598526
1155,0.015203558839857578,0.04794378951191902,0.09558592736721039,-0.13883180916309357,2.9105939865112305,3.1534583457575964,1291.110795840169,0.5281567573547363,0.39190420508384705,0.07991521805524826,0.1208430826663971,0.003429973032325506,0.3055180311203003
1156,0.01460543554276228,0.05060196667909622,0.09964301437139511,-0.1419687420129776,2.860999584197998,3.4645982673695355,1348.7204815715147,0.5421517491340637,0.37497377395629883,0.08285000920295715,0.1313011348247528,0.00263429107144475,0.32543042302131653
1157,0.014860204420983791,0.054242633283138275,0.10180294513702393,-0.1283271461725235,2.97269606590271,3.6501942868896986,1497.7141215850259,0.458783894777298,0.4273635447025299,0.11385056376457214,0.1327228993177414,0.005120815243571997,0.21902711689472198
1158,0.015456587076187134,0.06424981355667114,0.1240321695804596,-0.016539808362722397,3.0993945598602295,4.156791744246016,1579.8014994522982,0.4440840780735016,0.41253846883773804,0.14330171048641205,0.13657070696353912,0.0035835541784763336,0.2126263529062271
1159,0.015299513004720211,0.05304420739412308,0.0982208400964737,-0.14813780784606934,2.929830551147461,3.46705201494262,1569.9154896178995,0.4551023840904236,0.4179361164569855,0.1268005073070526,0.13186945021152496,0.003394303610548377,0.21272121369838715
1160,0.030476631596684456,0.06427744776010513,0.12403217703104019,-0.15223315358161926,2.0485355854034424,2.109073227271901,609.4958150176252,0.8808967471122742,0.07644487917423248,0.04265846684575081,0.041019339114427567,0.00114110775757581,0.8163003921508789
1161,0.026499733328819275,0.06428403407335281,0.1240321695804596,0.042646411806344986,2.195918560028076,2.42583701780184,618.3700396203991,0.8706842660903931,0.08638646453619003,0.04292835667729378,0.026282884180545807,0.0022657967638224363,0.8220790028572083
1162,0.01799917034804821,0.06426352262496948,0.10754036903381348,-0.3484572172164917,2.7166717052459717,3.5703602654312188,1026.70058055292,0.7216163277626038,0.17776064574718475,0.10061796754598618,0.08835553377866745,0.0012543596094474196,0.585175096988678
1163,0.01824452541768551,0.05554315447807312,0.10882382094860077,-0.20773833990097046,2.6060290336608887,3.0443737616319386,1146.6035398368167,0.6673591732978821,0.20920443534851074,0.12323266267776489,0.08644137531518936,0.0013207055162638426,0.5452498197555542
1164,0.025358250364661217,0.06425698101520538,0.1240321695804596,0.06982270628213882,2.2907328605651855,2.5339674499869576,628.257503168383,0.8577746748924255,0.10183296352624893,0.04039176180958748,0.028680458664894104,0.002197118941694498,0.7998961210250854
1165,0.030899882316589355,0.06420328468084335,0.1240321695804596,-0.08167029172182083,2.023711681365967,2.077784116488252,638.2604431539587,0.8758854866027832,0.07362773269414902,0.05003691092133522,0.0407559908926487,0.0007495295139960945,0.8092334866523743
1166,0.02589966543018818,0.0643245279788971,0.1240321695804596,0.0706687644124031,2.223571538925171,2.483604591333369,615.5697438429017,0.8671400547027588,0.0918264389038086,0.04103286191821098,0.0284835584461689,0.0015840483829379082,0.8139755129814148
1167,0.030155809596180916,0.06425923854112625,0.1240321695804596,-0.12811744213104248,2.0205612182617188,2.130907423793174,598.4229390681922,0.8878327012062073,0.06918930262327194,0.042973946779966354,0.04531250149011612,0.0016889595426619053,0.8179275393486023
1168,0.030652405694127083,0.06429030001163483,0.12403217703104019,-0.1264578253030777,2.0183799266815186,2.097398183068394,559.2116096516387,0.9040775299072266,0.05988844111561775,0.0360335111618042,0.039681170135736465,0.0011926117585971951,0.840812087059021
1169,0.015268300659954548,0.059970464557409286,0.1051413044333458,-0.07850123941898346,2.9570817947387695,3.9277759777662142,1430.0688792758044,0.5055087804794312,0.3742668628692627,0.12021472305059433,0.12295563519001007,0.0035890908911824226,0.24475236237049103
1170,0.01511335652321577,0.05141647160053253,0.1015872210264206,-0.12220605462789536,2.9387404918670654,3.402055097300798,1453.3953003859326,0.5041731595993042,0.35417261719703674,0.14160801470279694,0.12813808023929596,0.0034303152933716774,0.2513636648654938
1171,0.015277314931154251,0.050400733947753906,0.10013406723737717,-0.11705583333969116,3.0192744731903076,3.2990570772142163,1587.7523254892737,0.4378829896450043,0.4382844865322113,0.12374622374773026,0.12973564863204956,0.003211235161870718,0.2121114581823349
1172,0.03032025508582592,0.06430632621049881,0.1240321695804596,-0.13982191681861877,2.084005355834961,2.1209032056738786,609.6679073415332,0.8821479082107544,0.07427650690078735,0.04356221854686737,0.045734625309705734,0.0020629437640309334,0.8144023418426514
1173,0.018005305901169777,0.061304718255996704,0.12108118832111359,-0.26700007915496826,2.6999497413635254,3.40481403587867,1066.4331881603398,0.7154691219329834,0.1705830842256546,0.11394775658845901,0.08465509861707687,0.0023086057044565678,0.5805600881576538
1174,0.015131725929677486,0.05814953148365021,0.11062033474445343,-0.12984749674797058,2.925830602645874,3.8428882303346543,1354.7125303853727,0.53617262840271,0.35704290866851807,0.10655339062213898,0.12597686052322388,0.004057242535054684,0.26189544796943665
1175,0.01512924674898386,0.05364381521940231,0.10534422844648361,-0.027470124885439873,3.0357882976531982,3.5457029755602036,1414.3837242364864,0.5121283531188965,0.3551057279109955,0.13273555040359497,0.13279351592063904,0.004671634174883366,0.25093019008636475
1176,0.014438841491937637,0.04853066802024841,0.09507756680250168,-0.06568550318479538,2.806809425354004,3.361119245196081,1261.327275923304,0.5662421584129333,0.35362061858177185,0.08007614314556122,0.1316775232553482,0.0029189852066338062,0.32249629497528076
1177,0.031088735908269882,0.06424487382173538,0.1240321695804596,-0.12336433678865433,2.02946138381958,2.066500034264152,594.758476519416,0.8823784589767456,0.08030589669942856,0.037309058010578156,0.03941115736961365,0.0008289803517982364,0.8223905563354492
1178,0.03054908663034439,0.06430128216743469,0.12403217703104019,-0.11270889639854431,2.051522731781006,2.104851216777768,629.4809926531823,0.8696706891059875,0.085467629134655,0.04485776275396347,0.0428008958697319,0.001139567350037396,0.8107540607452393
1179,0.014327272772789001,0.06425488740205765,0.10558971762657166,-0.17637112736701965,2.9778313636779785,4.484795425938188,1266.8437918599632,0.5654281973838806,0.3517615497112274,0.08250567317008972,0.13519945740699768,0.0033732943702489138,0.3250259459018707
1180,0.014844302088022232,0.053856268525123596,0.09983959794044495,-0.13600370287895203,2.9364004135131836,3.6280768339356135,1465.8454248502699,0.4590783417224884,0.425580769777298,0.11531378328800201,0.13347549736499786,0.0034747181925922632,0.20395272970199585
1181,0.03032095730304718,0.0642419159412384,0.1240321695804596,-0.13022425770759583,2.0547802448272705,2.1187298045059917,622.6514806312443,0.878966748714447,0.07242605835199356,0.04860711097717285,0.046853531152009964,0.001873474451713264,0.8117846846580505
1182,0.030575277283787727,0.06440145522356033,0.1240321695804596,-0.11705014109611511,2.046217203140259,2.106324486404652,609.9564436680473,0.8846753239631653,0.0694834515452385,0.045840661972761154,0.04079528525471687,0.0012566044460982084,0.8254284262657166
1183,0.02558729238808155,0.0642201229929924,0.1240321695804596,0.08815949410200119,2.250549077987671,2.5098444187238824,662.4040146795516,0.8477743268013,0.10556112229824066,0.04666459932923317,0.0302446112036705,0.0010229145409539342,0.7928604483604431
1184,0.014521599747240543,0.05084332823753357,0.10156180709600449,-0.13587598502635956,2.7740626335144043,3.5012208791730273,1293.3641744722593,0.5557181239128113,0.3456209897994995,0.09864862263202667,0.1361592561006546,0.004050207789987326,0.2866409420967102
1185,0.030678441748023033,0.06430564075708389,0.1240321695804596,-0.1269708275794983,2.0791635513305664,2.0961182214912117,636.540562393095,0.8710188269615173,0.08055263757705688,0.048428528010845184,0.041160572320222855,0.0005990035715512931,0.8072834610939026
1186,0.026741385459899902,0.06426467001438141,0.1240321695804596,0.0525067001581192,2.281785726547241,2.4031914916430352,620.3936352196873,0.8720912933349609,0.08456016331911087,0.04334154725074768,0.029668495059013367,0.0013648633612319827,0.8207013607025146
1187,0.025124777108430862,0.06430646777153015,0.1240321695804596,0.05808985233306885,2.286834716796875,2.559484109707465,653.49425518947,0.857593834400177,0.0936107486486435,0.048795610666275024,0.03029772825539112,0.0014268519589677453,0.8040289282798767
1188,0.03031279146671295,0.06428615748882294,0.1240321695804596,-0.12879237532615662,2.0561892986297607,2.1207600612202286,613.8894657665957,0.8828703165054321,0.06918551027774811,0.047944117337465286,0.04373171180486679,0.0013970882864668965,0.8199700117111206
1189,0.015390917658805847,0.058521538972854614,0.11002501845359802,-0.1659439653158188,3.0451889038085938,3.8023424116995015,1485.6303435301302,0.4939624071121216,0.3540371358394623,0.1518341451883316,0.12190327048301697,0.003567471168935299,0.24268056452274323
1190,0.015489399433135986,0.05584932491183281,0.10906221717596054,-0.1230890303850174,2.8478097915649414,3.605648182120635,1432.4647799920624,0.5009419322013855,0.3696259558200836,0.12936283648014069,0.12245958298444748,0.003461012849584222,0.24950170516967773
1191,0.01492130383849144,0.056780554354190826,0.10009700804948807,-0.11988046765327454,2.913367509841919,3.8053346386468374,1513.9255873414515,0.4676186442375183,0.40578189492225647,0.1265980452299118,0.13942019641399384,0.004230758640915155,0.22006264328956604
1192,0.01556206401437521,0.061549752950668335,0.11127711832523346,0.0027186765801161528,2.98101806640625,3.955115008514141,1563.2804094437586,0.4293374717235565,0.45171454548835754,0.11884792149066925,0.1249706894159317,0.0033945010509341955,0.20456412434577942
1193,0.03070807084441185,0.06418000906705856,0.12403217703104019,-0.11000441014766693,2.0591795444488525,2.0900045916315784,646.6312564389268,0.8641698956489563,0.08943820744752884,0.04560615122318268,0.04047268629074097,0.0010848514502868056,0.8026791214942932
1194,0.015574735589325428,0.06184545159339905,0.11082862317562103,-0.009780812077224255,3.0537919998168945,3.970882923483827,1463.7539102744286,0.4896644353866577,0.37889033555984497,0.13137918710708618,0.11933577060699463,0.0038916324265301228,0.23941273987293243
1195,0.014822968281805515,0.05647549778223038,0.10196071863174438,-0.18366946280002594,2.9382176399230957,3.809999232592392,1281.9973528202138,0.5622267723083496,0.35729798674583435,0.08046259731054306,0.13095805048942566,0.003046139609068632,0.3367525041103363
1196,0.014032243750989437,0.044955261051654816,0.08481338620185852,-0.16800609230995178,2.7966675758361816,3.203711526553352,1230.5690761982642,0.5843803882598877,0.329163134098053,0.08640522509813309,0.13713355362415314,0.0024069875944405794,0.35378527641296387
1197,0.014668051153421402,0.05186992511153221,0.1001160591840744,-0.02884436771273613,2.878974676132202,3.536251991860351,1478.8251549473266,0.48333102464675903,0.3668588697910309,0.14978723227977753,0.1437699943780899,0.0035373144783079624,0.23192714154720306
1198,0.015005621127784252,0.04964950308203697,0.09884040057659149,-0.0719456672668457,2.928194761276245,3.308726953447981,1320.1242315930006,0.5491281151771545,0.3647957742214203,0.08606360852718353,0.12613867223262787,0.003375896019861102,0.32398122549057007
1199,0.02504330687224865,0.06424397975206375,0.1240321695804596,0.054640065878629684,2.2766833305358887,2.565315358599443,637.840294253557,0.8554553985595703,0.10045845061540604,0.04408068209886551,0.03067801147699356,0.0016028183745220304,0.7985461354255676
1200,0.01460560318082571,0.047564662992954254,0.09346400201320648,-0.09486948698759079,2.9102883338928223,3.2566038116207836,1478.443517165612,0.47587689757347107,0.4085453748703003,0.11555206030607224,0.1412087082862854,0.004308185074478388,0.22798950970172882
1201,0.01468100305646658,0.05959703400731087,0.11044485121965408,-0.09495868533849716,3.2098917961120605,4.059466085118792,1471.2835440379765,0.49207231402397156,0.37655559182167053,0.13125202059745789,0.14160385727882385,0.0046495902352035046,0.23008084297180176
1202,0.01494642160832882,0.053132303059101105,0.09479951113462448,-0.15097829699516296,2.7686455249786377,3.5548510839503242,1387.127832233447,0.509189784526825,0.38924187421798706,0.10146552324295044,0.12877124547958374,0.003449090989306569,0.26259201765060425
1203,0.01460488885641098,0.06011718884110451,0.10343040525913239,-0.1260460913181305,3.00211501121521,4.11623733860865,1289.8935250180687,0.5642997622489929,0.3429925739765167,0.09264711290597916,0.1373613327741623,0.004384090192615986,0.27659714221954346
1204,0.026103658601641655,0.06424753367900848,0.1240321695804596,0.05690918490290642,2.2240846157073975,2.4612463201808317,601.8806063397014,0.8759921789169312,0.08421235531568527,0.0397922620177269,0.02878890186548233,0.0018271255539730191,0.8233920335769653
1205,0.01779169961810112,0.05760155990719795,0.1000807136297226,-0.31196537613868713,2.569060802459717,3.2375524059183802,1034.2051912405398,0.7112700343132019,0.18797540664672852,0.10075235366821289,0.09035171568393707,0.001467665540985763,0.5908285975456238
1206,0.017863605171442032,0.056947048753499985,0.1040806695818901,-0.2873166799545288,2.648444652557373,3.1878810690101633,1055.9352795347418,0.6998911499977112,0.1998196244239807,0.10028532147407532,0.09052640199661255,0.0011340226046741009,0.5767001509666443
1207,0.018207302317023277,0.06070554628968239,0.11673931777477264,-0.2677758038043976,2.7776288986206055,3.3341318350929128,1131.3272195158934,0.6695864200592041,0.2101527601480484,0.12017006427049637,0.0873679667711258,0.0016460878541693091,0.5534461736679077
1208,0.018576605245471,0.06317789852619171,0.12295272946357727,-0.2978213131427765,2.794182538986206,3.4009388522800004,1124.7986483159495,0.6757614612579346,0.21240916848182678,0.11178616434335709,0.08562096208333969,0.0016162366373464465,0.5560635924339294
1209,0.030475445091724396,0.06418762356042862,0.1240321695804596,-0.12005239725112915,2.0598738193511963,2.106207911488471,588.4643684557791,0.8899199366569519,0.06987626105546951,0.03957303240895271,0.04054955765604973,0.0009589348337613046,0.8246627449989319
1210,0.026431245729327202,0.06421611458063126,0.1240321695804596,0.04604514688253403,2.240149736404419,2.429553084096589,632.6482030023916,0.8619700074195862,0.09312816709280014,0.04490168020129204,0.03041738085448742,0.001287749968469143,0.8061345815658569
1211,0.01481311209499836,0.05403754115104675,0.09821756184101105,-0.1609015315771103,3.081775426864624,3.6479532998096023,1558.8731554358192,0.45872050523757935,0.41060686111450195,0.13066555559635162,0.14136244356632233,0.004301489796489477,0.2155681848526001
1212,0.014218096621334553,0.0534842275083065,0.09920429438352585,-0.08731431514024734,3.019547462463379,3.7617009455605044,1326.559695374789,0.5764760375022888,0.32869765162467957,0.09477189928293228,0.13358983397483826,0.002947781002148986,0.3317719101905823
1213,0.031208869069814682,0.06427176296710968,0.1240321695804596,-0.12386573106050491,2.0179286003112793,2.059406985279519,643.4211042732859,0.8660456538200378,0.08512435853481293,0.048830073326826096,0.04112144932150841,0.001144298119470477,0.7993934750556946
1214,0.01449532900005579,0.05285812169313431,0.10200643539428711,-0.14263872802257538,2.945328712463379,3.646562398775792,1502.1534759379597,0.4761490523815155,0.38344520330429077,0.1404057890176773,0.13817507028579712,0.003492468036711216,0.23404474556446075
1215,0.017971649765968323,0.06034835800528526,0.11793370544910431,-0.34769830107688904,2.7718122005462646,3.3579754105939026,1076.0638050593998,0.7027212381362915,0.18907110393047333,0.10819167643785477,0.08890649676322937,0.0017882917309179902,0.575558066368103
1216,0.015008081682026386,0.05059158802032471,0.10066456347703934,-0.1290634572505951,2.8403940200805664,3.370956334648819,1484.2285967663033,0.49174168705940247,0.3664456903934479,0.14166900515556335,0.1286517083644867,0.0031926610972732306,0.25237852334976196
1217,0.015645839273929596,0.057643841952085495,0.10162524878978729,-0.18459537625312805,3.053572654724121,3.684292094477296,1424.3305082346683,0.48474791646003723,0.3986494243144989,0.11659719794988632,0.12081983685493469,0.004454110283404589,0.24571916460990906
1218,0.026111070066690445,0.06428901851177216,0.12403217703104019,0.06362344324588776,2.2276840209960938,2.4621364940275923,650.0859869437213,0.8530483841896057,0.10268321633338928,0.04426445811986923,0.029285980388522148,0.0013644070131704211,0.8018956780433655
1219,0.030257361009716988,0.06436648219823837,0.1240321695804596,-0.1479872763156891,2.0549099445343018,2.1272999378709905,642.570362988283,0.8834412693977356,0.058880772441625595,0.05762618035078049,0.04403059557080269,0.0012466931948438287,0.8218077421188354
1220,0.014467332512140274,0.052851904183626175,0.10087484121322632,-0.09839125722646713,2.863280773162842,3.6531892894299807,1430.0217984521,0.5026740431785583,0.38341614603996277,0.11390803754329681,0.1495673507452011,0.004006987903267145,0.23454859852790833
1221,0.018084172159433365,0.0642772987484932,0.11222191154956818,-0.34316486120224,2.899257183074951,3.5543401256224754,1109.3655044783718,0.6940038800239563,0.18523120880126953,0.12074246257543564,0.08938778936862946,0.0010137904901057482,0.566695511341095
1222,0.03054843656718731,0.06429316848516464,0.1240321695804596,-0.1329752504825592,2.067185401916504,2.104630406916425,636.189836959592,0.8664028644561768,0.0909372940659523,0.04265930876135826,0.041022416204214096,0.001173202646896243,0.8072648048400879
1223,0.025428665801882744,0.06428910791873932,0.1240321695804596,0.05862944573163986,2.3212883472442627,2.52821396203379,650.065128466805,0.8594942688941956,0.09395639598369598,0.04654751345515251,0.0316750705242157,0.0015978277660906315,0.8045665621757507
1224,0.018207423388957977,0.062226150184869766,0.11194520443677902,-0.2719704508781433,2.6545045375823975,3.417625264824107,1076.8609745293586,0.6986421942710876,0.18537603318691254,0.11587540805339813,0.0891941711306572,0.0018261828226968646,0.5613908767700195
1225,0.017999859526753426,0.06425628066062927,0.11765514314174652,-0.31472331285476685,2.813746929168701,3.569821228968732,1112.4221157434724,0.6880998015403748,0.19477578997612,0.11711685359477997,0.08937260508537292,0.001630512299016118,0.5533309578895569
1226,0.01775311306118965,0.05843265354633331,0.11615487933158875,-0.2886054515838623,2.671082019805908,3.29140322272731,1068.0210956756289,0.7024071216583252,0.1899433434009552,0.10761652141809464,0.09139147400856018,0.001580597017891705,0.5745984315872192
1227,0.01769319735467434,0.06426074355840683,0.1240321695804596,-0.2874772846698761,2.752533435821533,3.6319463501489704,1085.2152305076245,0.6979155540466309,0.19598594307899475,0.10586592555046082,0.09545303881168365,0.002724523190408945,0.5643025040626526
1228,0.03053341805934906,0.06418957561254501,0.1240321695804596,-0.1339304894208908,2.0657799243927,2.1022728436650895,634.2602661961198,0.8720463514328003,0.08111481368541718,0.04651610553264618,0.0399390272796154,0.001281959586776793,0.8091955184936523
1229,0.014299011789262295,0.06293703615665436,0.10717940330505371,-0.1665906459093094,3.0714471340179443,4.401495507508765,1273.9642441292015,0.5792287588119507,0.31183406710624695,0.10890691727399826,0.13939158618450165,0.003033130196854472,0.3354870676994324
1230,0.02492584101855755,0.0642886608839035,0.1240321695804596,0.0507599376142025,2.3061609268188477,2.5791972609253477,665.7807793250263,0.8466121554374695,0.10185672342777252,0.051530733704566956,0.03187482804059982,0.0011688771191984415,0.7940734028816223
1231,0.014751412905752659,0.05233174189925194,0.09801367670297623,-0.10492507368326187,2.827798843383789,3.5475748818132784,1444.5539260597695,0.4789089560508728,0.4107968807220459,0.11007174104452133,0.14073286950588226,0.004001811146736145,0.21759246289730072
1232,0.014412553049623966,0.047883909195661545,0.09417042881250381,-0.009354826994240284,2.7986714839935303,3.3223752257819785,1280.2594713689098,0.5710001587867737,0.34039604663848877,0.08846711367368698,0.13531085848808289,0.002775689586997032,0.3320159912109375
1233,0.030629094690084457,0.06423628330230713,0.1240321695804596,-0.12232189625501633,2.056220054626465,2.0972308829292654,648.399470079369,0.8747748136520386,0.06896298378705978,0.05625883862376213,0.04252190887928009,0.0009240831714123487,0.8058203458786011
1234,0.030199453234672546,0.06427175551652908,0.1240321695804596,-0.1430349349975586,2.0584158897399902,2.1282423564082698,660.3985968245096,0.863921582698822,0.08515482395887375,0.05092347785830498,0.04336482658982277,0.0008081675041466951,0.7981725335121155
1235,0.025771846994757652,0.06077536568045616,0.12057897448539734,0.03948335722088814,2.2434115409851074,2.3582076088865693,651.9698574969743,0.8532603979110718,0.10199795663356781,0.04474116489291191,0.02972915582358837,0.0015480313450098038,0.8012356162071228
1236,0.015458626672625542,0.05612518638372421,0.10982584208250046,-0.14030922949314117,3.0434491634368896,3.6306709236649843,1623.322465636361,0.42590445280075073,0.43469464778900146,0.1393526792526245,0.13004040718078613,0.0032168400939553976,0.21351724863052368
1237,0.01464882493019104,0.05359872430562973,0.10155947506427765,-0.110787034034729,2.91971492767334,3.658909472766279,1492.9525063615035,0.47915413975715637,0.38637736439704895,0.1344643086194992,0.14015789330005646,0.0049981954507529736,0.22253936529159546
1238,0.025313865393400192,0.064290851354599,0.12403217703104019,0.08148960024118423,2.224759578704834,2.5397484877525307,598.1112594741519,0.8752275109291077,0.08693158626556396,0.037836991250514984,0.03138449043035507,0.0019269072217866778,0.8231381773948669
1239,0.014353250153362751,0.04690856114029884,0.09156119078397751,-0.09147273749113083,2.770629644393921,3.2681490697799007,1259.7098495472353,0.5805624127388,0.331592857837677,0.0877935141324997,0.14038307964801788,0.0034486278891563416,0.3393556475639343
1240,0.015475600026547909,0.05382615327835083,0.1051698625087738,-0.1109020784497261,2.990685224533081,3.4781302943042993,1511.0840093405945,0.4752776026725769,0.3905150294303894,0.13414275646209717,0.12179035693407059,0.0035680592991411686,0.23723505437374115
1241,0.014768277294933796,0.05372028797864914,0.09958943724632263,-0.04981987923383713,2.828554153442383,3.637545998235024,1317.2406990033471,0.5631386637687683,0.33967819809913635,0.09711849689483643,0.1322745978832245,0.0040809959173202515,0.3257054388523102
1242,0.01835044100880623,0.0595998540520668,0.11170261353254318,-0.3019460141658783,2.8100461959838867,3.247870392881427,1104.728869919046,0.6897027492523193,0.19404685497283936,0.11618395149707794,0.08723907172679901,0.00177888257894665,0.5632463693618774
1243,0.030750462785363197,0.06428410857915878,0.12403217703104019,-0.12258067727088928,2.0372474193573,2.0905086543174445,611.2322022896702,0.8821178674697876,0.07397989928722382,0.043898485600948334,0.04183324798941612,0.0004995593335479498,0.8152386546134949
1244,0.015469119884073734,0.06270928680896759,0.11464956402778625,-0.06233176961541176,2.9369235038757324,4.053836758319795,1404.9825919045222,0.5107259154319763,0.37782639265060425,0.11140177398920059,0.11919897049665451,0.00432000495493412,0.25274819135665894
1245,0.014787634834647179,0.050318144261837006,0.09451861679553986,-0.08474653214216232,2.865034818649292,3.4027175286030005,1252.7584435739325,0.5542711615562439,0.36217743158340454,0.08353330194950104,0.1269797831773758,0.0031606543343514204,0.33421167731285095
1246,0.014497811906039715,0.0558030791580677,0.11034424602985382,-0.10124648362398148,2.9638445377349854,3.849069053721917,1345.9410630867762,0.5361811518669128,0.3765527009963989,0.08726073056459427,0.1352066844701767,0.0033462787978351116,0.2969844937324524
1247,0.014810072258114815,0.04719160124659538,0.09109094738960266,-0.08901194483041763,2.95845103263855,3.1864531395214124,1460.2719147911916,0.4721737802028656,0.40994879603385925,0.11784940958023071,0.14384905993938446,0.00479848263785243,0.22086910903453827
1248,0.014906675554811954,0.05590340495109558,0.09681914746761322,-0.19802230596542358,2.937288999557495,3.7502261816719713,1468.922523187549,0.47435250878334045,0.4192962348461151,0.10627537965774536,0.1363375186920166,0.005528232082724571,0.21306218206882477
1249,0.014767504297196865,0.057769808918237686,0.11342824250459671,-0.14981292188167572,3.2562355995178223,3.9119547725671877,1552.1532802908305,0.45919594168663025,0.3932616114616394,0.14753654599189758,0.13807439804077148,0.004480448085814714,0.22215536236763
1250,0.014286885969340801,0.05781266465783119,0.10858521610498428,-0.11482024937868118,2.861211061477661,4.046554636038166,1290.450006944649,0.5666612982749939,0.35027801990509033,0.08303157985210419,0.13836026191711426,0.003020887030288577,0.3196399509906769
1251,0.0149196432903409,0.055367834866046906,0.09843085706233978,-0.1121559590101242,2.912477970123291,3.7110696137206864,1439.1330906126395,0.5020179152488708,0.37736454606056213,0.12048524618148804,0.12745006382465363,0.0045388913713395596,0.2562202215194702
1252,0.031041136011481285,0.06431961804628372,0.12403217703104019,-0.13827697932720184,2.0104787349700928,2.0720768086716137,589.9705248727232,0.8891708850860596,0.07158675789833069,0.039240844547748566,0.03968723863363266,0.0014008573489263654,0.8336923718452454
1253,0.014700462110340595,0.05141450837254524,0.09924045205116272,-0.13143011927604675,2.9748973846435547,3.497475656420473,1338.3387788782647,0.5422718524932861,0.36322152614593506,0.09449988603591919,0.12968111038208008,0.0025675988290458918,0.30521541833877563
1254,0.018201878294348717,0.06430407613515854,0.11518611013889313,-0.32858017086982727,2.8442533016204834,3.5328263980091945,1049.291514990096,0.704929530620575,0.1951127052307129,0.09994789958000183,0.08465693891048431,0.0016184397973120213,0.5806419253349304
1255,0.025806354358792305,0.06423494219779968,0.1240321695804596,0.06518758833408356,2.242776393890381,2.4891133905330385,624.2480339760783,0.8648445010185242,0.09153062105178833,0.04362446069717407,0.030330732464790344,0.0012289235601201653,0.8179710507392883
1256,0.03093057870864868,0.06413830816745758,0.1240321695804596,-0.11369941383600235,2.0051002502441406,2.0736213431224897,601.5726773584538,0.8886808156967163,0.06557656824588776,0.04506219923496246,0.040720678865909576,0.0007538309437222779,0.8218483328819275
1257,0.015145684592425823,0.05159395560622215,0.10076120495796204,-0.10607064515352249,2.8217358589172363,3.406511953155103,1394.773362179053,0.5179908275604248,0.3573125898838043,0.12467482686042786,0.1296842247247696,0.005589151289314032,0.26144927740097046
1258,0.014322225004434586,0.0491044856607914,0.08971987664699554,-0.026013117283582687,2.6810760498046875,3.4285514745201,1282.0574884874304,0.5820911526679993,0.31667834520339966,0.1012178361415863,0.13919322192668915,0.003411589888855815,0.33570578694343567
1259,0.014447817578911781,0.04659077897667885,0.08920502662658691,-0.024775119498372078,2.902775526046753,3.2247624057392987,1281.2888997657394,0.5757941007614136,0.32739293575286865,0.09681209176778793,0.13392749428749084,0.0026728115044534206,0.34149792790412903
1260,0.015856366604566574,0.06359663605690002,0.12332933396100998,-0.04438051953911781,3.0814249515533447,4.010795009909373,1464.734846976172,0.4693213403224945,0.424527645111084,0.10613618791103363,0.11548969149589539,0.004584234207868576,0.24142220616340637
1261,0.018141839653253555,0.05764491856098175,0.10941515117883682,-0.28415700793266296,2.7066636085510254,3.177457174111131,1035.5917166292,0.708641529083252,0.19831548631191254,0.09298044443130493,0.08557301759719849,0.0012120610335841775,0.5772691965103149
1262,0.017661944031715393,0.06426554173231125,0.11330196261405945,-0.29114440083503723,2.711477518081665,3.6386448520769603,1052.603118250617,0.7135155200958252,0.18061640858650208,0.10584919154644012,0.09120094031095505,0.0016060811467468739,0.5862071514129639
1263,0.018413878977298737,0.061592016369104385,0.12089286744594574,-0.28854501247406006,2.7082183361053467,3.344869184906248,1044.199121373212,0.7100620865821838,0.19086268544197083,0.09905500710010529,0.08487745374441147,0.0013908547116443515,0.5768423676490784
1264,0.014212096109986305,0.048849642276763916,0.09731334447860718,-0.12384011596441269,2.8429183959960938,3.437187723421172,1257.5734563618803,0.5983350872993469,0.3033558130264282,0.0980999618768692,0.1367061734199524,0.0024844687432050705,0.34628862142562866
1265,0.03093254379928112,0.06432149559259415,0.12403217703104019,-0.13861431181430817,2.098048686981201,2.0794117680036903,630.7281953146019,0.8726105690002441,0.08328622579574585,0.044095877557992935,0.04103124886751175,0.0013146636774763465,0.8115108013153076
1266,0.018062522634863853,0.06425836682319641,0.11311337351799011,-0.38576582074165344,2.913736581802368,3.5575521824182457,1118.4835234925235,0.7039982676506042,0.17073585093021393,0.12522046267986298,0.08807387948036194,0.0014385681133717299,0.5824075937271118
1267,0.015289032831788063,0.05841206759214401,0.10825029015541077,-0.10717666894197464,2.7969202995300293,3.8205207766233933,1408.0400686017888,0.5012136697769165,0.40444275736808777,0.09433762729167938,0.12506580352783203,0.00525877857580781,0.25112485885620117
1268,0.014073202386498451,0.04372245818376541,0.08406904339790344,-0.12447595596313477,2.736478567123413,3.106788133922175,1257.17075861604,0.5905107259750366,0.29883280396461487,0.11056400835514069,0.14152231812477112,0.003119725501164794,0.33386528491973877
1269,0.014411614276468754,0.04768944904208183,0.08703132718801498,-0.16976727545261383,2.830549716949463,3.3090983510875627,1261.8580193042287,0.5729073882102966,0.3482419550418854,0.07880261540412903,0.13743989169597626,0.0028059170581400394,0.34204408526420593
1270,0.014998518861830235,0.060243383049964905,0.10358475148677826,-0.18113291263580322,3.0868616104125977,4.016622147888336,1339.823849257143,0.5167690515518188,0.4069614112377167,0.07623971998691559,0.12608212232589722,0.002592783886939287,0.2936318814754486
1271,0.02494519203901291,0.06425657123327255,0.12403217703104019,0.07782565802335739,2.268409252166748,2.5759100643604147,642.5720751539432,0.8614398837089539,0.08884242177009583,0.04969809204339981,0.03325112164020538,0.0023182181175798178,0.803629457950592
1272,0.018019333481788635,0.05875251442193985,0.10966948419809341,-0.3746480643749237,2.89520001411438,3.2605265049374865,1068.5916005666074,0.6822303533554077,0.2160421758890152,0.101726233959198,0.0864267647266388,0.00138075219001621,0.5652321577072144
1273,0.017504166811704636,0.06178262457251549,0.10638749599456787,-0.3156605362892151,2.775009870529175,3.529595280574753,1076.32919120509,0.6964927315711975,0.1935628056526184,0.1099061518907547,0.09468713402748108,0.001313250744715333,0.5623367428779602
1274,0.014580011367797852,0.048574503511190414,0.0907989889383316,-0.08054732531309128,2.8003060817718506,3.331582005151445,1476.818886888989,0.48422330617904663,0.38779744505882263,0.12757717072963715,0.14059823751449585,0.0037666051648557186,0.22964699566364288
1275,0.015544122084975243,0.05621543526649475,0.10070040076971054,-0.10682901740074158,2.868600368499756,3.616507574732406,1474.3574759992114,0.4819957911968231,0.39380934834480286,0.12404095381498337,0.12130250781774521,0.004143815487623215,0.23944878578186035
1276,0.025285322219133377,0.061772897839546204,0.12150214612483978,0.07498688250780106,2.2189857959747314,2.4430338400180514,635.0846468328564,0.8659394979476929,0.08462804555892944,0.04942982271313667,0.028992168605327606,0.0024278315249830484,0.813284158706665
1277,0.01821371167898178,0.0642426609992981,0.1240321695804596,-0.3006792366504669,2.7766592502593994,3.527159215433587,1103.3249424687663,0.694749653339386,0.19141821563243866,0.11370129883289337,0.08628811687231064,0.0012844816083088517,0.5739566683769226
1278,0.017906753346323967,0.05877469480037689,0.11162877082824707,-0.2511301636695862,2.6508984565734863,3.2822641637134264,1095.0785626605211,0.686867892742157,0.19890767335891724,0.1141667291522026,0.08994422852993011,0.0014533089706674218,0.5548043251037598
1279,0.02597086690366268,0.06428509205579758,0.1240321695804596,0.052683938294649124,2.220067262649536,2.475277097671936,631.6372539280784,0.8694521188735962,0.08072547614574432,0.04981711134314537,0.029483336955308914,0.0013332971138879657,0.8177260756492615
1280,0.014247799292206764,0.05175566300749779,0.09564432501792908,-0.07133767753839493,2.757490396499634,3.63253734435847,1275.5090035907183,0.5763549208641052,0.3316941261291504,0.09194808453321457,0.13811947405338287,0.003831063862890005,0.33989793062210083
1281,0.02478655055165291,0.06427967548370361,0.12403217703104019,0.084408238530159,2.2671074867248535,2.593328803342656,633.0449598421337,0.8628316521644592,0.09225469827651978,0.04491289705038071,0.032775603234767914,0.001861784141510725,0.8042069673538208
1282,0.018369128927588463,0.06070872023701668,0.11815732717514038,-0.33196938037872314,2.866257429122925,3.304931903577298,1140.1726453985461,0.6741079688072205,0.20854060351848602,0.11735045164823532,0.08704916387796402,0.0018144233617931604,0.5467522740364075
1283,0.014409047551453114,0.0501888208091259,0.09723256528377533,-0.09370849281549454,2.8910231590270996,3.4831463097351874,1458.8639652657541,0.4891073405742645,0.36788782477378845,0.14300481975078583,0.14888690412044525,0.0045498209074139595,0.2247413694858551
1284,0.014795931987464428,0.05503447726368904,0.10300014168024063,-0.10926244407892227,2.8912148475646973,3.719568142554074,1403.230338350116,0.5094907283782959,0.39619529247283936,0.09431308507919312,0.1260894238948822,0.002307554939761758,0.28064215183258057
1285,0.015393196605145931,0.05881763994693756,0.10737071931362152,-0.14056546986103058,2.9142520427703857,3.8210153129242737,1431.2467222594144,0.5012210011482239,0.38552600145339966,0.11324531584978104,0.12738539278507233,0.005094010848551989,0.24670769274234772
1286,0.015430791303515434,0.05566298961639404,0.10622912645339966,-0.07549748569726944,2.960646867752075,3.607267347339839,1498.921617954104,0.44549858570098877,0.44361138343811035,0.11071363836526871,0.13172878324985504,0.0032020597718656063,0.20495323836803436
1287,0.02990514598786831,0.06432395428419113,0.12403217703104019,-0.12613797187805176,2.0482726097106934,2.1509326290577095,617.6246270788229,0.8770302534103394,0.08026537299156189,0.04270179569721222,0.043820273131132126,0.000952028320170939,0.8150439262390137
1288,0.014739999547600746,0.04968786984682083,0.09273324906826019,-0.11423317342996597,2.736398458480835,3.370954638294928,1287.481541979943,0.556515634059906,0.3685598373413086,0.07488280534744263,0.13061407208442688,0.0027722714003175497,0.3324160575866699
1289,0.015418696217238903,0.058523718267679214,0.11512506008148193,0.026590988039970398,3.0726304054260254,3.7956333946349514,1525.3008422494859,0.4396806061267853,0.43916767835617065,0.12111576646566391,0.13121894001960754,0.004225254058837891,0.198076993227005
1290,0.01529223844408989,0.056285105645656586,0.11034542322158813,-0.11029903590679169,3.083544969558716,3.6806322271105376,1397.1166789638182,0.5146518349647522,0.37719738483428955,0.10812239348888397,0.12320902198553085,0.003775187535211444,0.26598623394966125
1291,0.03065919131040573,0.06427837908267975,0.12403217703104019,-0.12859442830085754,2.053759813308716,2.096545157691981,642.5476712277143,0.8678556084632874,0.08800403028726578,0.044136472046375275,0.04038587957620621,0.0013427447993308306,0.8107686042785645
1292,0.015452351421117783,0.054264869540929794,0.10824687778949738,-0.025524962693452835,2.900784969329834,3.511754817021412,1447.4359454540765,0.4942283034324646,0.37710556387901306,0.12865149974822998,0.1187577098608017,0.003747610840946436,0.24834789335727692
1293,0.015460105612874031,0.05512075126171112,0.10406716167926788,-0.044700633734464645,3.0456089973449707,3.5653541210122968,1527.4228028388047,0.4305076599121094,0.45685604214668274,0.11259496957063675,0.12557196617126465,0.003667318494990468,0.1998719722032547
1294,0.015115329064428806,0.0632615014910698,0.12068082392215729,-0.035158317536115646,3.0235137939453125,4.185254665461372,1523.0621095788194,0.46631574630737305,0.3866026997566223,0.1469418853521347,0.13432009518146515,0.0035090625751763582,0.22267207503318787
1295,0.015585935674607754,0.059492528438568115,0.10766291618347168,-0.17835991084575653,2.891730785369873,3.8170649280732567,1407.5325214804243,0.49568694829940796,0.39745426177978516,0.10670574009418488,0.12094885110855103,0.0034773091319948435,0.2493969053030014
1296,0.01823149435222149,0.059780146926641464,0.11834726482629776,-0.2961617410182953,2.685802459716797,3.2789493701638546,1038.4946307943094,0.700512707233429,0.20510432124137878,0.09434951841831207,0.08557891845703125,0.0018292496679350734,0.5813376903533936
1297,0.03085334226489067,0.06426741182804108,0.1240321695804596,-0.11945147067308426,2.0369949340820312,2.0829967552361643,601.2000128604348,0.8842095136642456,0.07258415967226028,0.04320633411407471,0.04176805913448334,0.0010831835679709911,0.8226435780525208
1298,0.014800102449953556,0.04917383939027786,0.09810202568769455,-0.15059180557727814,2.9664061069488525,3.322533715779085,1304.4058241187058,0.5457291603088379,0.36991092562675476,0.08428741991519928,0.13248257339000702,0.0029672833625227213,0.32866135239601135
1299,0.018412725999951363,0.06206739321351051,0.12183846533298492,-0.2839089334011078,2.7415106296539307,3.3708964772681447,1120.8108060777809,0.6845204830169678,0.20226913690567017,0.1132073774933815,0.08180011063814163,0.0024875474628061056,0.563652515411377
1300,0.03025880455970764,0.06427141278982162,0.1240321695804596,-0.12174324691295624,2.055804491043091,2.12405657536388,633.6149565387535,0.881756603717804,0.06758753210306168,0.050446443259716034,0.04151517152786255,0.0013850177638232708,0.8145022392272949
1301,0.01492308359593153,0.05148792266845703,0.0996909886598587,-0.045622121542692184,3.021911382675171,3.4502200791158155,1494.7992009863347,0.463379830121994,0.41695547103881836,0.11954814940690994,0.14142636954784393,0.004818885587155819,0.21422646939754486
1302,0.029774779453873634,0.06421144306659698,0.1240321695804596,-0.1460760086774826,2.0794854164123535,2.1565715764214217,662.8239512220318,0.8682534694671631,0.07516611367464066,0.0565108023583889,0.04252536594867706,0.001850987784564495,0.801314115524292
1303,0.031065478920936584,0.06432150304317474,0.1240321695804596,-0.11087894439697266,2.025489091873169,2.0705138074583087,614.9962735617117,0.8758799433708191,0.08151787519454956,0.04260214790701866,0.03957430645823479,0.0009382266434840858,0.8186655640602112
1304,0.02542204223573208,0.06430914252996445,0.1240321695804596,0.09146113693714142,2.2754712104797363,2.5296607538887947,656.0561940264904,0.8547488451004028,0.09249195456504822,0.05275854095816612,0.03221513330936432,0.00205702381208539,0.7992402911186218
1305,0.014796639792621136,0.04951215535402298,0.09353490173816681,-0.033421456813812256,2.801131248474121,3.3461756212628613,1492.0937987857446,0.46341657638549805,0.42158398032188416,0.1148616373538971,0.1421973556280136,0.003923795185983181,0.21072496473789215
1306,0.025220811367034912,0.06427624821662903,0.1240321695804596,0.06540185213088989,2.188267707824707,2.5485400639447047,639.1496915861015,0.8584802150726318,0.09653425961732864,0.044983480125665665,0.031139953061938286,0.001935815205797553,0.8035564422607422
1307,0.0150836780667305,0.06430678069591522,0.10713841021060944,-0.17679043114185333,3.0896949768066406,4.263335534420542,1402.1696833562098,0.5181357860565186,0.3491884768009186,0.1325950175523758,0.12707965075969696,0.003010164014995098,0.2593323290348053
1308,0.0182119719684124,0.06126781925559044,0.10670217871665955,-0.28137046098709106,2.7354190349578857,3.364150755255485,1077.6321092024975,0.691741406917572,0.19324706494808197,0.11500998586416245,0.08514313399791718,0.0025334518868476152,0.5617794394493103
1309,0.02548455074429512,0.05975578725337982,0.11911989748477936,0.06643462926149368,2.1750636100769043,2.3447848012157624,618.1000425089651,0.8699185848236084,0.08853058516979218,0.04154669865965843,0.02981228567659855,0.000950606947299093,0.8151753544807434
1310,0.014991494826972485,0.052997808903455734,0.10155250877141953,-0.11552722752094269,2.807236909866333,3.535191754498533,1329.7056186546788,0.5261632800102234,0.3880566358566284,0.08541561663150787,0.1257588118314743,0.0037095958832651377,0.3064005374908447
1311,0.02622370980679989,0.06425394862890244,0.1240321695804596,0.03178205341100693,2.249945640563965,2.4502234466380104,642.8073816238219,0.8535460233688354,0.1004951149225235,0.045958589762449265,0.027720412239432335,0.0010551869636401534,0.8042774200439453
1312,0.01838018372654915,0.05606016516685486,0.10498376935720444,-0.28543999791145325,2.657625436782837,3.050032904884898,1093.0310561038054,0.6998820900917053,0.1871536821126938,0.11296337097883224,0.08507800847291946,0.0014420021325349808,0.5785838961601257
1313,0.014984345063567162,0.05186152085661888,0.10024325549602509,0.026183724403381348,2.7573721408843994,3.4610468881455216,1406.5233778222798,0.5159153342247009,0.3643493056297302,0.1197279840707779,0.12994420528411865,0.004556701984256506,0.25875091552734375
1314,0.01481953077018261,0.05363576486706734,0.09857773780822754,-0.23802709579467773,2.9089620113372803,3.619262019507731,1363.8342126248738,0.5279741287231445,0.3796721398830414,0.09231767803430557,0.13215817511081696,0.004765108227729797,0.27077174186706543
1315,0.018037788569927216,0.058212269097566605,0.1131843775510788,-0.3041926622390747,2.833218574523926,3.227239795425447,1104.5024727992031,0.6874348521232605,0.19514144957065582,0.11738837510347366,0.08817648142576218,0.0013856975128874183,0.5634926557540894
1316,0.01524547953158617,0.06425974518060684,0.11198198050260544,-0.11380219459533691,2.934814453125,4.215003210837418,1453.7947948546912,0.49410900473594666,0.3919176757335663,0.11386968195438385,0.12607699632644653,0.004290560260415077,0.25487229228019714
1317,0.03095085360109806,0.06431859731674194,0.1240321695804596,-0.1204950362443924,2.0813326835632324,2.078087995362493,642.3433940105655,0.8629361391067505,0.09073714166879654,0.04631803184747696,0.039555903524160385,0.0011147588957101107,0.7996360659599304
1318,0.01398271881043911,0.04776814579963684,0.08901907503604889,-0.1793610155582428,2.896566152572632,3.4162273048470544,1237.5147416126545,0.5990718603134155,0.30202725529670715,0.09889021515846252,0.14548848569393158,0.005031908396631479,0.34618398547172546
1319,0.024912426248192787,0.05974803864955902,0.11946042627096176,0.06809615343809128,2.317619800567627,2.398322750739502,624.4563325255046,0.8611955642700195,0.09886974841356277,0.03993438184261322,0.03144914284348488,0.0014083560090512037,0.8094595670700073
1320,0.014979854226112366,0.048083703964948654,0.09590872377157211,0.00591512443497777,2.8766682147979736,3.2098913137566387,1381.0507421652576,0.5235856175422668,0.34969887137413025,0.1266285628080368,0.12942612171173096,0.003684809198603034,0.2629009783267975
1321,0.015072939917445183,0.049475930631160736,0.09829717874526978,-0.15944410860538483,2.9077274799346924,3.2824340108073833,1395.875774593216,0.5051083564758301,0.39512398838996887,0.09971081465482712,0.13218767940998077,0.004091384820640087,0.25242751836776733
1322,0.025670109316706657,0.06425657123327255,0.1240321695804596,0.07964428514242172,2.229428768157959,2.503167027378019,606.1224283832574,0.8724671602249146,0.08768651634454727,0.03983490914106369,0.029383983463048935,0.0016278752591460943,0.8200569748878479
1323,0.0257896538823843,0.06423351168632507,0.12403217703104019,0.05940470099449158,2.3478381633758545,2.4906697847429933,685.8394356243864,0.8435987830162048,0.10110200941562653,0.055284686386585236,0.031021255999803543,0.0018694897880777717,0.7865015864372253
1324,0.02530510164797306,0.06426964700222015,0.1240321695804596,0.0605621337890625,2.2646617889404297,2.5397901140155414,631.7891229297913,0.8605716228485107,0.09592701494693756,0.043484944850206375,0.0305953286588192,0.0013591235037893057,0.8081153035163879
1325,0.015110156498849392,0.05839458853006363,0.11102332919836044,-0.004841560497879982,2.923077344894409,3.8645919074792947,1368.579723609923,0.5342192053794861,0.3495015501976013,0.11627901345491409,0.12385565787553787,0.0045043183490633965,0.2628776431083679
1326,0.01590069569647312,0.06425036489963531,0.1240321695804596,-0.12103642523288727,3.1503725051879883,4.040726652598336,1507.198790681009,0.47415292263031006,0.39550694823265076,0.13029415905475616,0.11472426354885101,0.00460856081917882,0.24601228535175323
1327,0.025827446952462196,0.06429235637187958,0.1240321695804596,0.05027766153216362,2.236410140991211,2.4893035880676204,628.2266790773617,0.8617534041404724,0.09937170147895813,0.038872599601745605,0.02848614938557148,0.0023271122481673956,0.8081759214401245
1328,0.025371763855218887,0.06427358835935593,0.1240321695804596,0.056481704115867615,2.22637677192688,2.5332723701667983,596.5984582633716,0.882395327091217,0.07702669501304626,0.04057701304554939,0.02873729169368744,0.0017585224704816937,0.831369936466217
1329,0.014933090656995773,0.05479692295193672,0.1022062823176384,-0.06570442765951157,2.9157350063323975,3.6694964362649376,1411.2422657873453,0.5185592174530029,0.35105645656585693,0.13029079139232635,0.1251300424337387,0.0033911564387381077,0.2686246931552887
1330,0.014681410975754261,0.052290741354227066,0.10162968188524246,-0.021932164207100868,2.9558815956115723,3.5616972671782943,1470.692983027898,0.47356918454170227,0.4094010293483734,0.1170230582356453,0.13911758363246918,0.004326284397393465,0.22005492448806763
1331,0.02580745331943035,0.06434723734855652,0.12403217703104019,0.05329924449324608,2.2406845092773438,2.4933586646310557,636.5743844210572,0.8668304681777954,0.08394815772771835,0.04921922832727432,0.030290978029370308,0.001964172348380089,0.815760612487793
1332,0.025945544242858887,0.06423601508140564,0.12403217703104019,0.05228817090392113,2.23551344871521,2.4758014122833374,619.6294175845891,0.8679410815238953,0.08908263593912125,0.04297627881169319,0.0294289942830801,0.0014165068278089166,0.8208461999893188
1333,0.015049721114337444,0.05857601761817932,0.10204143822193146,-0.1652367264032364,2.9219934940338135,3.892166317851793,1390.6060155502025,0.5099118947982788,0.39407554268836975,0.09599673002958298,0.13036507368087769,0.004203949123620987,0.25157225131988525
1334,0.01815040409564972,0.05687926709651947,0.10865018516778946,-0.32687875628471375,2.6692304611206055,3.133774145944139,1091.9639947517103,0.6856815218925476,0.21161745488643646,0.10267657041549683,0.08795348554849625,0.001545455539599061,0.5622341632843018
1335,0.02518930658698082,0.0642925277352333,0.1240321695804596,0.08368521183729172,2.297032594680786,2.552373861927218,651.4442145361583,0.8559396266937256,0.09696967899799347,0.047090694308280945,0.03151495382189751,0.0012911652447655797,0.8008216023445129
1336,0.014937466010451317,0.04979633539915085,0.09780873358249664,-0.09135392308235168,2.894975185394287,3.333653469803789,1328.832808686619,0.5245134830474854,0.38698872923851013,0.08847451955080032,0.12254277616739273,0.0035553835332393646,0.3076297640800476
1337,0.030949248000979424,0.06431133300065994,0.1240321695804596,-0.10931415110826492,2.057842254638672,2.0779610863742723,619.9608811602396,0.8796985745429993,0.07495260238647461,0.04527021571993828,0.038887541741132736,0.0011458588996902108,0.8211312294006348
1338,0.025400301441550255,0.0643024668097496,0.1240321695804596,0.07599033415317535,2.294424533843994,2.531563137358321,601.0112480923949,0.8727899193763733,0.0881778746843338,0.039028894156217575,0.031166087836027145,0.0010782526805996895,0.8215101361274719
1339,0.03044966049492359,0.06428144872188568,0.1240321695804596,-0.11811891943216324,2.0704264640808105,2.1110727566401364,659.0477837177756,0.8592917919158936,0.09049534797668457,0.05017593502998352,0.04034287855029106,0.0011343517107889056,0.793840229511261
1340,0.02505522035062313,0.0630897581577301,0.12285567820072174,0.08008167892694473,2.3475754261016846,2.518028469609648,662.9268076195515,0.8420186042785645,0.11292007565498352,0.0450601801276207,0.03073364496231079,0.0016005325596779585,0.789794921875
1341,0.014621982350945473,0.05632215365767479,0.1118462085723877,-0.06005549058318138,3.1369521617889404,3.851882207352073,1469.7775126205186,0.4930182993412018,0.37087932229042053,0.13610197603702545,0.13894334435462952,0.004410169553011656,0.22963479161262512
1342,0.015260476619005203,0.05156577005982399,0.09634186327457428,-0.16065561771392822,2.9686081409454346,3.3790405990482366,1445.2442265241891,0.5065938234329224,0.360463410615921,0.1328953057527542,0.12432420998811722,0.00350378081202507,0.25246161222457886
1343,0.030397018417716026,0.06417287141084671,0.12403217703104019,-0.1330936700105667,2.0750412940979004,2.11115677619665,629.7137574813229,0.8757068514823914,0.07674283534288406,0.04747443646192551,0.041146617382764816,0.0015739335212856531,0.8136963248252869
1344,0.025685856118798256,0.06424236297607422,0.1240321695804596,0.05183737352490425,2.274970769882202,2.501079297355295,661.612483455061,0.851728618144989,0.09864326566457748,0.04962187632918358,0.030912529677152634,0.0009342044941149652,0.7986308336257935
1345,0.01536615751683712,0.05357642471790314,0.10253660380840302,-0.06212599202990532,2.8302741050720215,3.4866507554482196,1431.0562735936278,0.5037128329277039,0.3658543527126312,0.13043253123760223,0.12299875169992447,0.0032283668406307697,0.2504585087299347
1346,0.015027712099254131,0.05744349956512451,0.11067033559083939,-0.11047869175672531,3.1271581649780273,3.8225046621802856,1346.0530541192697,0.5311400294303894,0.37694051861763,0.09184954315423965,0.1272406280040741,0.0028496738523244858,0.29128655791282654
1347,0.015246721915900707,0.06382252275943756,0.10834930837154388,-0.1202387660741806,2.8691506385803223,4.185983262978745,1392.3400007873297,0.5290977358818054,0.35076695680618286,0.12011364847421646,0.12635718286037445,0.004824603907763958,0.2632533013820648
1348,0.01836128905415535,0.06142706051468849,0.12060098350048065,-0.2702639102935791,2.7162461280822754,3.345465578705731,1107.0504409061762,0.6801612377166748,0.2176777571439743,0.10213569551706314,0.0879724994301796,0.0019200558308511972,0.5492453575134277
1349,0.014897509478032589,0.0515580028295517,0.09799553453922272,-0.23667117953300476,3.025514602661133,3.4608471236159777,1442.54541267719,0.5067373514175415,0.3688238859176636,0.1244145929813385,0.13121987879276276,0.004107820801436901,0.26135098934173584
1350,0.01814897172152996,0.05738014727830887,0.10446621477603912,-0.26046788692474365,2.571390151977539,3.1616197410830558,1088.3002945406577,0.7069430947303772,0.17374081909656525,0.11926770955324173,0.08515151590108871,0.001812455360777676,0.577299177646637
1351,0.014653931371867657,0.052558913826942444,0.09991678595542908,-0.11603418737649918,2.995619535446167,3.586676673282187,1489.1535214641046,0.46934980154037476,0.43499770760536194,0.09532268345355988,0.13685816526412964,0.004070626106113195,0.21961046755313873
1352,0.01503040548413992,0.05358026549220085,0.09641025960445404,-0.14678648114204407,3.008173942565918,3.5647917513053087,1344.6839358068696,0.5214177966117859,0.4017004668712616,0.07679805904626846,0.12226580083370209,0.0033044961746782064,0.3067384362220764
1353,0.02549363486468792,0.06370982527732849,0.12350042164325714,0.06994699686765671,2.279541015625,2.4990483159024155,626.2628484426672,0.8696798086166382,0.08260904997587204,0.04771018400788307,0.030463406816124916,0.0012964337365701795,0.813730776309967
1354,0.025482557713985443,0.06428041309118271,0.1240321695804596,0.054376181215047836,2.2485365867614746,2.5225259493234287,641.5289801879841,0.8624346852302551,0.08632931113243103,0.05123506486415863,0.028479889035224915,0.0014339026529341936,0.8119458556175232
1355,0.015407237224280834,0.0593617744743824,0.11349975317716599,-0.16712453961372375,2.979121685028076,3.852850034461671,1470.792928730859,0.4868219792842865,0.3925403356552124,0.12061259895563126,0.12070392817258835,0.00422223936766386,0.25374922156333923
1356,0.01512911543250084,0.04686124622821808,0.09314393997192383,0.03920675814151764,2.921321153640747,3.0974214212452806,1509.829920490194,0.4510699510574341,0.43542659282684326,0.11347608268260956,0.1292412430047989,0.0041901422664523125,0.22052627801895142
1357,0.015389465726912022,0.05313807353377342,0.1050882637500763,-0.02993755042552948,2.9171159267425537,3.4528861802782655,1498.4284979698082,0.49054664373397827,0.38283559679985046,0.12637223303318024,0.12480645626783371,0.003316248068585992,0.24668551981449127
1358,0.014528040774166584,0.057700954377651215,0.10241072624921799,-0.1688915342092514,2.9376602172851562,3.9716955142555754,1327.2038599881369,0.5514461398124695,0.355909526348114,0.09262989461421967,0.13424095511436462,0.0037736038211733103,0.3223947584629059
1359,0.0257218349725008,0.06429953128099442,0.1240321695804596,0.0760645791888237,2.2280819416046143,2.4998034295468115,615.6831565434862,0.8728001713752747,0.08453091979026794,0.0426684208214283,0.029830601066350937,0.0011326269013807178,0.8228638768196106
1360,0.01819165050983429,0.06081899628043175,0.1096421629190445,-0.2808275520801544,2.694559097290039,3.34323684616798,1100.8221307722374,0.6829550266265869,0.2083827704191208,0.10857303440570831,0.0839020386338234,0.0025949557311832905,0.5670481324195862
1361,0.03036431036889553,0.06412937492132187,0.1240321695804596,-0.1328345239162445,2.0863633155822754,2.111998400098771,654.3904162717494,0.8625720143318176,0.08617416769266129,0.05046392232179642,0.04097520560026169,0.0011715624714270234,0.7967073917388916
1362,0.030787989497184753,0.06430264562368393,0.1240321695804596,-0.14615796506404877,2.031944990158081,2.0885626723848008,638.4333764202137,0.8757233023643494,0.07397675514221191,0.05029341205954552,0.03874332830309868,0.0011530093615874648,0.8159606456756592
1363,0.014369250275194645,0.048782505095005035,0.0961950272321701,-0.16443844139575958,2.951916456222534,3.3949234759883327,1425.4653269801981,0.5047703385353088,0.36763325333595276,0.1275857537984848,0.14443029463291168,0.003270113840699196,0.25100448727607727
1364,0.017957083880901337,0.0642746314406395,0.11534471064805984,-0.3287622034549713,2.7799108028411865,3.579346839573484,1123.052120347085,0.6867830157279968,0.1938202828168869,0.1193947046995163,0.08849916607141495,0.0014916573418304324,0.5614759922027588
1365,0.015045455656945705,0.05885711684823036,0.11646437644958496,-0.07947104424238205,3.20408296585083,3.9119530964253073,1528.9332922589365,0.4563756287097931,0.4155644476413727,0.1278926432132721,0.13115523755550385,0.004398552235215902,0.21654772758483887
1366,0.01501983031630516,0.05414189398288727,0.1022488921880722,-0.16642794013023376,3.1910860538482666,3.604694116983962,1484.1091403024263,0.46722978353500366,0.4090433418750763,0.12372364103794098,0.1311044842004776,0.00328911398537457,0.22762149572372437
1367,0.017897769808769226,0.06426754593849182,0.1154354065656662,-0.2530323266983032,2.647806406021118,3.5908130801532803,1045.6353639003125,0.700828492641449,0.19852356612682343,0.10061606019735336,0.09127894788980484,0.0018093507969751954,0.5716508030891418
1368,0.02490217052400112,0.06428907066583633,0.1240321695804596,0.09262187778949738,2.262439489364624,2.5816653452473877,644.4575639169282,0.8627627491950989,0.08573660254478455,0.05149950087070465,0.03429879993200302,0.0013744037132710218,0.8041984438896179
1369,0.015308124013245106,0.06429146975278854,0.1140405684709549,-0.10257542133331299,3.0933802127838135,4.199826816986952,1443.1086457315494,0.49585583806037903,0.3824172914028168,0.12150486558675766,0.12507838010787964,0.004320355597883463,0.2510782480239868
1370,0.031189115718007088,0.06428300589323044,0.12403217703104019,-0.11826860904693604,2.0472681522369385,2.0610717685097906,641.7446767702729,0.8681952357292175,0.08398386836051941,0.04779747873544693,0.03828790783882141,0.0014722507912665606,0.8151687979698181
1371,0.029885323718190193,0.06429866701364517,0.12403217703104019,-0.13411445915699005,2.025986433029175,2.1515131513317765,582.7540025046626,0.8970586657524109,0.06212490051984787,0.040810391306877136,0.04309682920575142,0.0009044838370755315,0.8322511315345764
1372,0.015029636211693287,0.05541706085205078,0.1059064120054245,-0.031176632270216942,3.120098114013672,3.6871857753448665,1482.0695944039498,0.4637896716594696,0.40782931447029114,0.12834621965885162,0.13357408344745636,0.0031578082125633955,0.22040504217147827
1373,0.018272021785378456,0.06021207943558693,0.11276529729366302,-0.23240700364112854,2.7188174724578857,3.2953156546953233,1096.5780780024058,0.6934657692909241,0.1949029117822647,0.11162235587835312,0.08478885889053345,0.0014574743108823895,0.5747883915901184
1374,0.017722520977258682,0.05612053722143173,0.1040475070476532,-0.27879786491394043,2.5817623138427734,3.166622699461227,1085.7071267033039,0.6902094483375549,0.19991134107112885,0.1098414734005928,0.08927308022975922,0.0015083515318110585,0.5684634447097778
1375,0.017872489988803864,0.056995365768671036,0.10105039924383163,-0.31891775131225586,2.6762290000915527,3.1889997309376876,1110.1359007362282,0.6966975331306458,0.18372873961925507,0.11954954266548157,0.0892711877822876,0.001727069029584527,0.5705729722976685
1376,0.014938673004508018,0.04652443155646324,0.09079823642969131,-0.07150499522686005,2.8276050090789795,3.114361733422325,1509.0824661394395,0.47668448090553284,0.38276737928390503,0.14053495228290558,0.1353762149810791,0.003268876112997532,0.23005174100399017
1377,0.018046926707029343,0.060884080827236176,0.11136709153652191,-0.29512518644332886,2.708921194076538,3.373653686981948,1065.8430302970078,0.6992219686508179,0.19845402240753174,0.10226184874773026,0.089990995824337,0.0015028275083750486,0.5735357403755188
1378,0.015088866464793682,0.061814211308956146,0.10861959308385849,-0.2029673308134079,3.1452901363372803,4.096676940516929,1535.897024189656,0.4509316086769104,0.423629492521286,0.12535175681114197,0.12812477350234985,0.00323473266325891,0.22273185849189758
1379,0.014641853980720043,0.06424367427825928,0.10557283461093903,-0.24156242609024048,2.963305711746216,4.387673470754848,1240.3498721810988,0.5774542689323425,0.3492448329925537,0.07326231151819229,0.13816413283348083,0.00412779301404953,0.332345187664032
1380,0.014772282913327217,0.057103388011455536,0.107622891664505,-0.09501621872186661,2.924494504928589,3.865576386712211,1260.4943580496881,0.5702294111251831,0.3472553491592407,0.08250277489423752,0.12834423780441284,0.0036179390735924244,0.3402922749519348
1381,0.018035439774394035,0.06190210580825806,0.10692958533763885,-0.2826298773288727,2.735323429107666,3.4322482057083987,1054.3618602419979,0.6901898384094238,0.21325965225696564,0.09654482454061508,0.08672291040420532,0.0017037069192156196,0.5643362402915955
1382,0.014786980114877224,0.05443090200424194,0.10326144099235535,-0.062231361865997314,2.8534095287323,3.6810019069274227,1356.5173056134831,0.5289081335067749,0.3784717619419098,0.0926169902086258,0.13412906229496002,0.004650697577744722,0.2640942931175232
1383,0.014376066625118256,0.04640956223011017,0.09113655239343643,-0.11738362163305283,2.8354177474975586,3.2282517490419713,1266.8301303160142,0.5855046510696411,0.32798171043395996,0.08642205595970154,0.13603825867176056,0.0027134798001497984,0.34391912817955017
1384,0.01493554376065731,0.05187756568193436,0.09372269362211227,-0.216617614030838,2.8999171257019043,3.4734299942339564,1403.0129442968557,0.5155206918716431,0.36143064498901367,0.12296399474143982,0.13187053799629211,0.004956251010298729,0.24647386372089386
1385,0.015070315450429916,0.04900381714105606,0.09409015625715256,-0.12272174656391144,2.730869770050049,3.251678261081551,1358.5111828992794,0.539616584777832,0.36319422721862793,0.0970427393913269,0.124310702085495,0.0028535309247672558,0.3146613538265228
1386,0.01805293932557106,0.06425568461418152,0.1240321695804596,-0.2901236414909363,2.7786219120025635,3.5592921159164015,1121.2640263225567,0.665510892868042,0.2256716936826706,0.10877788811922073,0.08877386897802353,0.0015670094871893525,0.5398951768875122
1387,0.02496582455933094,0.06426960974931717,0.12403217703104019,0.054308898746967316,2.333256721496582,2.574303508141981,661.4464149657322,0.8529391288757324,0.09851301461458206,0.048547327518463135,0.0329132080078125,0.002357489662244916,0.7917445302009583
1388,0.015739047899842262,0.060386914759874344,0.12012410163879395,-0.012844487093389034,2.9758987426757812,3.8367577975693683,1477.4647927036276,0.48128876090049744,0.38722261786460876,0.13147391378879547,0.11978168040513992,0.0035708292853087187,0.24823737144470215
1389,0.030489632859826088,0.06429396569728851,0.1240321695804596,-0.12283317744731903,2.0561270713806152,2.108715640846406,645.7315947445152,0.8641539812088013,0.09028737992048264,0.04555818438529968,0.04388507828116417,0.0012654134770855308,0.7986456751823425
1390,0.014185803011059761,0.04645497351884842,0.08894266188144684,-0.09738226979970932,2.7166426181793213,3.2747510648044176,1193.15631922048,0.6034145355224609,0.311467707157135,0.08501263707876205,0.14127881824970245,0.003207824658602476,0.3563463091850281
1391,0.017846718430519104,0.06256874650716782,0.10815908014774323,-0.3176918625831604,2.7674643993377686,3.5058964339721475,1088.0294026828594,0.6866790652275085,0.19892241060733795,0.11439622193574905,0.0904926210641861,0.0015250970609486103,0.5597934722900391
1392,0.014826836995780468,0.047599907964468,0.09261879324913025,-0.07254382222890854,2.9190895557403564,3.210388566003926,1473.5084957238005,0.4702449142932892,0.39708632230758667,0.13263855874538422,0.13978320360183716,0.0041155158542096615,0.21640802919864655
1393,0.02531393989920616,0.06427346915006638,0.1240321695804596,0.046641767024993896,2.309248685836792,2.539054347266698,616.8902273796805,0.8622411489486694,0.09850117564201355,0.0392533577978611,0.03022700361907482,0.0017664529150351882,0.8098945021629333
1394,0.025337431579828262,0.06425098329782486,0.1240321695804596,0.06560070812702179,2.2805299758911133,2.5358127990542183,649.127541779488,0.8533766269683838,0.09896677732467651,0.04765056073665619,0.032975878566503525,0.002139490097761154,0.7946547269821167
1395,0.014707647264003754,0.059769149869680405,0.10616932809352875,-0.07826352119445801,3.0489673614501953,4.06381447642538,1330.1243411693233,0.5657777190208435,0.3371427059173584,0.09706025570631027,0.1281488537788391,0.003647226607427001,0.322208970785141
1396,0.01503698155283928,0.05754606053233147,0.10155124217271805,-0.1492471992969513,3.0309932231903076,3.826968885097732,1598.3863973680552,0.44899794459342957,0.38454270362854004,0.1664574295282364,0.136621356010437,0.003784080734476447,0.20955370366573334
1397,0.018168767914175987,0.05979575216770172,0.11905433237552643,-0.3315466642379761,2.86385440826416,3.291128625059688,1098.9580359696677,0.6940417885780334,0.19621621072292328,0.10973553359508514,0.08855004608631134,0.0017087748274207115,0.565321147441864
1398,0.02613186091184616,0.06427330523729324,0.1240321695804596,0.04246196150779724,2.2918784618377686,2.4595762793799785,658.2966768117649,0.8528067469596863,0.09541849046945572,0.05177196487784386,0.029682926833629608,0.001461661304347217,0.8025011420249939
1399,0.025337310507893562,0.06423819065093994,0.1240321695804596,0.05403943359851837,2.290475845336914,2.5353200225569292,660.6876264978545,0.8440122008323669,0.11509853601455688,0.04088817909359932,0.030369170010089874,0.0010045975213870406,0.790473461151123
1400,0.014767223037779331,0.054182447493076324,0.10176752507686615,-0.1303621381521225,2.8247127532958984,3.669101993705316,1355.702506753168,0.5237647294998169,0.35644808411598206,0.11978630721569061,0.13251756131649017,0.005337248556315899,0.2668295204639435
1401,0.015325387939810753,0.04798988252878189,0.09597773104906082,-0.008757902309298515,2.7708985805511475,3.1313975681481576,1458.3105457717922,0.49705269932746887,0.37909549474716187,0.12365853041410446,0.12553653120994568,0.0036727236583828926,0.2443816065788269
1402,0.030809897929430008,0.0642775222659111,0.1240321695804596,-0.11251381784677505,2.061281681060791,2.0862620970394756,634.1436214343279,0.8665574789047241,0.08989997208118439,0.04353828355669975,0.039503924548625946,0.0013813035329803824,0.8096141815185547
1403,0.015320521779358387,0.056300822645425797,0.10429613292217255,-0.0092066815122962,3.0610904693603516,3.6748632620075665,1583.9584227210087,0.4336775839328766,0.42618370056152344,0.14004237949848175,0.12446814775466919,0.003923352807760239,0.21294005215168
1404,0.025473885238170624,0.06423938274383545,0.12403217703104019,0.024876972660422325,2.2761504650115967,2.5217740498043852,665.206534745276,0.8508723378181458,0.09791985154151917,0.051207754760980606,0.030121155083179474,0.0014976068632677197,0.7989113330841064
1405,0.024995891377329826,0.0642680898308754,0.1240321695804596,0.02835601009428501,2.2856836318969727,2.571146147906235,660.6976730411334,0.8514779210090637,0.09928881376981735,0.049231573939323425,0.03252499923110008,0.001961693400517106,0.796406626701355
1406,0.030648859217762947,0.06422118097543716,0.1240321695804596,-0.1331923007965088,2.042393684387207,2.0953856884866227,602.7009980254257,0.889708936214447,0.06436523795127869,0.04592107608914375,0.043284352868795395,0.0014669124502688646,0.8226236701011658
1407,0.018147578462958336,0.06423914432525635,0.11434635519981384,-0.3350166082382202,2.9312829971313477,3.5398190702322805,1138.1720553619205,0.674421489238739,0.21108344197273254,0.11448237299919128,0.08735896646976471,0.0009306772844865918,0.5506809949874878
1408,0.02537965215742588,0.06255551427602768,0.12233966588973999,0.07021380215883255,2.2572011947631836,2.4647900564413234,672.4688170378865,0.8510702848434448,0.09698636829853058,0.05194227769970894,0.02943543531000614,0.0008742725476622581,0.8004503846168518
1409,0.015388271771371365,0.051420263946056366,0.10205143690109253,-0.05252281576395035,2.862048864364624,3.3415229927494576,1454.8881576363692,0.5011914372444153,0.3762313723564148,0.12250719219446182,0.12098761647939682,0.004969403613358736,0.2560478150844574
1410,0.01532752811908722,0.05951806902885437,0.11113032698631287,-0.13488057255744934,3.1125330924987793,3.8830833362395873,1498.598782058685,0.481902152299881,0.3833146393299103,0.13466981053352356,0.1243450865149498,0.004456555936485529,0.23190198838710785
1411,0.02538881078362465,0.06427086889743805,0.1240321695804596,0.07233189046382904,2.3125689029693604,2.531464330592444,632.4343118864011,0.8571221232414246,0.10134322941303253,0.04153365641832352,0.031023593619465828,0.0012782043777406216,0.8056662678718567
1412,0.015520957298576832,0.06300901621580124,0.11162586510181427,-0.11131973564624786,2.876399517059326,4.059608888784143,1430.315028105496,0.5018397569656372,0.3821452260017395,0.11588945984840393,0.1199856698513031,0.0038864845409989357,0.25509703159332275
1413,0.01733688823878765,0.057421717792749405,0.10489660501480103,-0.32669246196746826,2.6169345378875732,3.3121121275367194,1020.4809503387565,0.7235310673713684,0.17414946854114532,0.10231933742761612,0.09910611808300018,0.001941531547345221,0.581419825553894
1414,0.014712219126522541,0.053009457886219025,0.09494813531637192,-0.08237829059362411,2.8262081146240234,3.6030905621200824,1253.3478928641716,0.5863670110702515,0.3361681401729584,0.0773254781961441,0.13038048148155212,0.003489395836368203,0.3330759108066559
1415,0.01498363632708788,0.060148511081933975,0.11120076477527618,-0.2073596864938736,3.165005922317505,4.014279962813924,1314.839446264943,0.5339891314506531,0.3828915059566498,0.0831150934100151,0.1269567310810089,0.0027295576874166727,0.30333420634269714
1416,0.015706991776823997,0.05862947180867195,0.1061873510479927,-0.18692412972450256,2.9870872497558594,3.7326989558527877,1466.4900069600758,0.47554993629455566,0.4002261459827423,0.12420810014009476,0.11599118262529373,0.0038735989946871996,0.2424563765525818
1417,0.017917249351739883,0.06251612305641174,0.12228403985500336,-0.23945704102516174,2.751997470855713,3.4891585100841307,1030.24482148968,0.7132258415222168,0.18423300981521606,0.10254117846488953,0.0908489003777504,0.0022253673523664474,0.5857071876525879
1418,0.01519812922924757,0.05404338240623474,0.10699883103370667,-0.09177032858133316,3.0392539501190186,3.5559233368457415,1631.168046954369,0.4277746379375458,0.41846975684165955,0.1537429839372635,0.12891289591789246,0.003407598240301013,0.20806828141212463
1419,0.01457457710057497,0.05816742405295372,0.10627056658267975,-0.16859568655490875,3.1536648273468018,3.9910196808844614,1480.9399664419489,0.47524917125701904,0.41060855984687805,0.11413946002721786,0.14508754014968872,0.004374743439257145,0.22446662187576294
1420,0.025518331676721573,0.06310003995895386,0.12283094227313995,0.0932401791214943,2.275036573410034,2.4727337490500005,653.0359720762983,0.8531998991966248,0.09766452759504318,0.049132514744997025,0.030254531651735306,0.001798318582586944,0.8040961623191833
1421,0.01482380647212267,0.059772998094558716,0.1075838953256607,-0.15442359447479248,2.9311137199401855,4.0322300620245075,1332.7063269204193,0.5440030097961426,0.3610357344150543,0.09491448849439621,0.12302806228399277,0.00355076533742249,0.31409338116645813
1422,0.015047703869640827,0.05268609896302223,0.098512664437294,0.003290768014267087,2.934178113937378,3.5012716502094827,1374.4020320856498,0.5224630832672119,0.38128602504730225,0.09620631486177444,0.12538938224315643,0.0022059958428144455,0.31123584508895874
1423,0.02560354582965374,0.06426934897899628,0.1240321695804596,0.05534108728170395,2.2196223735809326,2.510173762809449,636.060918489208,0.8606619834899902,0.09398818761110306,0.04534969851374626,0.030920539051294327,0.0016247869934886694,0.8094313144683838
1424,0.01465669833123684,0.055637285113334656,0.10495612025260925,-0.07629285752773285,2.8861215114593506,3.7960312651699057,1459.6432845968914,0.48391976952552795,0.3981095552444458,0.11791643500328064,0.1357329785823822,0.004310148768126965,0.24393457174301147
1425,0.02542789652943611,0.06428389251232147,0.1240321695804596,0.07637985795736313,2.299065589904785,2.5280853426226737,666.5495784423192,0.8457070589065552,0.10635779798030853,0.04793151095509529,0.031089656054973602,0.0011280367616564035,0.7957748174667358
1426,0.015001912601292133,0.05898036062717438,0.11589863896369934,-0.11163490265607834,3.2694804668426514,3.931522745850606,1541.523322036504,0.45356985926628113,0.40433362126350403,0.14209648966789246,0.13702042400836945,0.0038017709739506245,0.2254055142402649
1427,0.02619139477610588,0.06429596245288849,0.1240321695804596,0.06179869920015335,2.2507481575012207,2.454850648469097,643.5878630389975,0.8595626354217529,0.0923597514629364,0.04807497560977936,0.028476443141698837,0.001397815765812993,0.81226646900177
1428,0.015064861625432968,0.05597072094678879,0.10350406914949417,-0.08531046658754349,3.024177312850952,3.7153159673622196,1397.0878224791288,0.5188292860984802,0.35696953535079956,0.12419332563877106,0.12843279540538788,0.004712446127086878,0.27110230922698975
1429,0.025275319814682007,0.06427860260009766,0.1240321695804596,0.07364305108785629,2.2739198207855225,2.543137062907357,651.4857201792865,0.8520907759666443,0.09985178709030151,0.048057302832603455,0.033685483038425446,0.0023226977791637182,0.7932659387588501
1430,0.017671510577201843,0.05691343918442726,0.10571150481700897,-0.342692494392395,2.619535207748413,3.2206323807219466,1027.660476741657,0.7067633867263794,0.1954837143421173,0.09775146842002869,0.09281305223703384,0.0011841919040307403,0.5800848603248596
1431,0.02564593218266964,0.06429547071456909,0.1240321695804596,0.0640004426240921,2.20170521736145,2.5070436221269436,644.4219158299545,0.8570988774299622,0.097798191010952,0.04509805515408516,0.030845973640680313,0.0019444347126409411,0.8043767809867859
1432,0.017826469615101814,0.05472308769822121,0.10371628403663635,-0.2654675841331482,2.639521837234497,3.0697658525046605,1027.354622335801,0.713674783706665,0.1827263981103897,0.10358916968107224,0.08965516090393066,0.0014481450198218226,0.5761541128158569
1433,0.015036500059068203,0.04779088497161865,0.0948144942522049,-0.20796851813793182,2.907353162765503,3.1783250610649003,1399.8159557414156,0.5334316492080688,0.36606380343437195,0.10029638558626175,0.12318111956119537,0.0030646254308521748,0.315456360578537
1434,0.014795715920627117,0.05324641242623329,0.09955359995365143,-0.12509697675704956,2.9547786712646484,3.5987722870781953,1376.428809054086,0.5334063172340393,0.37427279353141785,0.09231329709291458,0.12432905286550522,0.0030563788022845984,0.315776526927948
1435,0.014616801403462887,0.059782568365335464,0.10878956317901611,-0.05342382937669754,3.1453239917755127,4.089989780327883,1466.8716711665693,0.4919910430908203,0.38397812843322754,0.12403039634227753,0.1391175091266632,0.003014798741787672,0.2224869579076767
1436,0.014430766925215721,0.05269193649291992,0.09880660474300385,-0.04284539073705673,2.8184213638305664,3.6513607878453684,1398.5316078981102,0.5042837262153625,0.3766455352306366,0.11905669420957565,0.1484317034482956,0.003616014262661338,0.24326327443122864
1437,0.025456350296735764,0.06423433870077133,0.1240321695804596,0.06289006024599075,2.2889151573181152,2.5233129631502877,650.3832480434512,0.8495973944664001,0.10771821439266205,0.04268207401037216,0.02921399101614952,0.0011099092662334442,0.7955512404441833
1438,0.015196723863482475,0.05753890797495842,0.11004634201526642,-0.08971752971410751,2.9948782920837402,3.7862705467352327,1410.1717769357697,0.5100393891334534,0.3570502698421478,0.13286980986595154,0.12440134584903717,0.00404743105173111,0.2590589225292206
1439,0.018113382160663605,0.05524362623691559,0.09857408702373505,-0.3145869970321655,2.6595544815063477,3.049879130460625,1095.501493105569,0.6985501050949097,0.18420681357383728,0.11722031980752945,0.0889197364449501,0.0015520442975685,0.5755992531776428
1440,0.025426771491765976,0.06429930031299591,0.1240321695804596,0.06473909318447113,2.2986583709716797,2.5288031683963235,647.5083051709415,0.8586310148239136,0.09533777832984924,0.04603118449449539,0.03063388727605343,0.0014477209188044071,0.8066820502281189
1441,0.0302406195551157,0.06429408490657806,0.1240321695804596,-0.1300765424966812,2.0654547214508057,2.1260835872516237,628.2138563941171,0.8762978911399841,0.07577019184827805,0.04793042317032814,0.04115060716867447,0.0016147110145539045,0.8132948279380798
1442,0.01449673343449831,0.05488847941160202,0.1039922833442688,-0.08120167255401611,2.8681857585906982,3.786265344246173,1242.1261803767616,0.5769874453544617,0.34888580441474915,0.07397536188364029,0.13639795780181885,0.0024156097788363695,0.3401656150817871
1443,0.030216271057724953,0.06429435312747955,0.1240321695804596,-0.12989552319049835,2.1035773754119873,2.1278056780244086,643.4326472536558,0.8732261657714844,0.07466313242912292,0.052107736468315125,0.04229521378874779,0.001626716461032629,0.8093088269233704
1444,0.014886653982102871,0.05401705205440521,0.10496719181537628,-0.01207453291863203,2.8544044494628906,3.6285556254425866,1396.1061547463842,0.5172224640846252,0.37886786460876465,0.10385814309120178,0.13098032772541046,0.004420355893671513,0.2579348683357239
1445,0.015768757089972496,0.0591278150677681,0.11720839142799377,-0.0985390692949295,3.1034297943115234,3.7496813938251585,1578.024058903038,0.4144271910190582,0.4551852345466614,0.1303602010011673,0.11882122606039047,0.0031291632913053036,0.1988917887210846
1446,0.03010743111371994,0.06426072120666504,0.1240321695804596,-0.0900987833738327,2.10532546043396,2.134380743471903,678.0166015118608,0.8612737655639648,0.08300040662288666,0.05571917071938515,0.040879637002944946,0.0015450776554644108,0.7974229454994202
1447,0.01542610302567482,0.06426648050546646,0.10660795867443085,-0.01813756860792637,2.9521803855895996,4.166086560833728,1453.057777395909,0.49914872646331787,0.38958385586738586,0.11124943196773529,0.120168536901474,0.003942500799894333,0.24341747164726257
1448,0.025304039940238,0.06394819170236588,0.12366336584091187,0.0733640193939209,2.2449703216552734,2.527192964082763,608.6907583623833,0.8708763122558594,0.08798090368509293,0.04113849252462387,0.031439390033483505,0.001512504881247878,0.813251256942749
1449,0.014907645992934704,0.061399225145578384,0.10683566331863403,-0.11612747609615326,2.97558331489563,4.118639869135553,1473.6383882007656,0.46391087770462036,0.42633751034736633,0.10970254242420197,0.13435372710227966,0.0031992981676012278,0.21557624638080597
1450,0.0145832234993577,0.05774413049221039,0.10381244122982025,-0.1851351410150528,2.9312827587127686,3.9596273410192215,1297.7577787353227,0.5547848343849182,0.3422025740146637,0.10300376266241074,0.13945908844470978,0.004753568209707737,0.2919911742210388
1451,0.015266146510839462,0.060399577021598816,0.11838716268539429,-0.06957735866308212,3.228386402130127,3.9564389726481863,1549.592872693152,0.4423034191131592,0.4499431848526001,0.1077418401837349,0.1225036010146141,0.00392502686008811,0.21419405937194824
1452,0.01774798519909382,0.061338845640420914,0.1122252494096756,-0.3652789294719696,2.747143507003784,3.4561019151681887,1076.1207182836442,0.696556806564331,0.1903086155653,0.11312930285930634,0.08965485543012619,0.0017562324646860361,0.5715833306312561
1453,0.030428877100348473,0.06427279859781265,0.1240321695804596,-0.12552392482757568,2.0772299766540527,2.11223037852305,669.8043803478112,0.8609415888786316,0.08700498193502426,0.052004795521497726,0.04272681847214699,0.0009228491690009832,0.8012915849685669
1454,0.01779259368777275,0.06047573685646057,0.11868029832839966,-0.33995822072029114,2.9189083576202393,3.398927548973435,1129.6306836046253,0.6859884858131409,0.19452136754989624,0.11946378648281097,0.09118416905403137,0.001042643329128623,0.559235692024231
1455,0.015747619792819023,0.06391146779060364,0.1168895810842514,-0.17208027839660645,3.066910743713379,4.058484306033922,1512.5863669900368,0.4769764542579651,0.39820000529289246,0.12470301240682602,0.11668410897254944,0.0031101529020816088,0.24270105361938477
1456,0.017721228301525116,0.05705254152417183,0.10847431421279907,-0.23485417664051056,2.675304651260376,3.219446222925888,1069.0481829919004,0.6978707909584045,0.19355346262454987,0.10856615006923676,0.09021718055009842,0.0011280215112492442,0.5642362833023071
1457,0.030400296673178673,0.06428083777427673,0.1240321695804596,-0.15003252029418945,2.08089542388916,2.114480607318396,675.9638061731468,0.8580722212791443,0.08660418540239334,0.05529944598674774,0.04010653868317604,0.001029074308462441,0.795643150806427
1458,0.014672196470201015,0.05760718137025833,0.11282916367053986,-0.06332386285066605,3.0278730392456055,3.9262820316870255,1328.8839654615067,0.5451205372810364,0.3727825880050659,0.08149231970310211,0.12887008488178253,0.0030986238270998,0.32122763991355896
1459,0.031135952100157738,0.06427214294672012,0.1240321695804596,-0.10583571344614029,2.039440870285034,2.0642420934457397,679.2657579449161,0.8589085936546326,0.08513766527175903,0.055924538522958755,0.03988756984472275,0.0006187647813931108,0.7933110594749451
1460,0.014689869247376919,0.059478163719177246,0.11107897013425827,-0.13196557760238647,2.9351601600646973,4.048923970221789,1360.4968274511145,0.5444087982177734,0.3614128530025482,0.09410405158996582,0.1311674267053604,0.0030074550304561853,0.3155263364315033
1461,0.015478571876883507,0.05894393473863602,0.10826240479946136,-0.1389744132757187,2.9625418186187744,3.808099041931498,1554.8247273706397,0.440162718296051,0.4247714579105377,0.13502633571624756,0.1266888529062271,0.0035522927064448595,0.21292941272258759
1462,0.025771887972950935,0.06421737372875214,0.1240321695804596,0.03579400107264519,2.2310614585876465,2.491760549078134,644.8037878665518,0.8537507653236389,0.10042820125818253,0.04581243917346001,0.028233427554368973,0.001853373134508729,0.8052239418029785
1463,0.015252599492669106,0.050010427832603455,0.09693017601966858,-0.10139515995979309,2.960824489593506,3.2788134149435493,1446.1726260335677,0.4939950406551361,0.36732017993927,0.13849638402462006,0.12610185146331787,0.005214175209403038,0.24616044759750366
1464,0.025139976292848587,0.05976627767086029,0.11912402510643005,0.0522955022752285,2.2175559997558594,2.3773402557059806,633.1427976138136,0.8632838726043701,0.09230951964855194,0.044405966997146606,0.02949758991599083,0.0018683025846257806,0.8136869072914124
1465,0.014462046325206757,0.04942928999662399,0.09724782407283783,-0.08985753357410431,2.775928497314453,3.4178627893794595,1457.585909785039,0.48066312074661255,0.39371150732040405,0.1255958527326584,0.148981511592865,0.004149049054831266,0.23165622353553772
1466,0.015239587053656578,0.06430505216121674,0.10751354694366455,-0.22018499672412872,3.0629992485046387,4.219605946708891,1430.1304321978973,0.5016437768936157,0.39964139461517334,0.09867830574512482,0.1268552541732788,0.0038187759928405285,0.24898773431777954
1467,0.014453016221523285,0.050445493310689926,0.0989573746919632,-0.1965429186820984,2.8887312412261963,3.490309049267979,1286.9885596892946,0.5575155019760132,0.3501257002353668,0.09234083443880081,0.13737401366233826,0.003647241508588195,0.3223605751991272
1468,0.015273603610694408,0.062141552567481995,0.12189429998397827,-0.09585531055927277,3.2103331089019775,4.068558681194437,1553.6839774970188,0.44890445470809937,0.4176935851573944,0.13290785253047943,0.13282541930675507,0.004736561328172684,0.2108645886182785
1469,0.015434333123266697,0.05977746844291687,0.11427193135023117,0.0259446669369936,2.986006021499634,3.8730191943914627,1446.4676725828313,0.4965357184410095,0.39080309867858887,0.11261638253927231,0.12296905368566513,0.004525504074990749,0.25617486238479614
1470,0.026289401575922966,0.06428162008523941,0.1240321695804596,0.06817249953746796,2.2281923294067383,2.445153416564122,650.3411316722259,0.851758599281311,0.09932883828878403,0.048911795020103455,0.02850468084216118,0.0013994431355968118,0.8016339540481567
1471,0.014536352828145027,0.06424866616725922,0.11372237652540207,-0.16829374432563782,3.094679355621338,4.419861496374953,1263.8967971029235,0.5842859148979187,0.32981497049331665,0.08569689095020294,0.12950442731380463,0.002777029061689973,0.3543817698955536
1472,0.026067811995744705,0.06422941386699677,0.1240321695804596,0.05707653611898422,2.2605068683624268,2.463935748616631,634.9975051821029,0.8575688004493713,0.09813278913497925,0.04429559409618378,0.02772490493953228,0.0014155219541862607,0.8086116909980774
1473,0.025313233956694603,0.0642569288611412,0.1240321695804596,0.0664140060544014,2.2775137424468994,2.538471732554294,665.7373511145506,0.8520291447639465,0.09554319083690643,0.05242583155632019,0.029836323112249374,0.0015837230021134019,0.8007225394248962
1474,0.02545037679374218,0.06429934501647949,0.1240321695804596,0.07685776054859161,2.214920997619629,2.5264594522531065,625.5264275354623,0.8672584295272827,0.08654554188251495,0.046190936118364334,0.029126279056072235,0.0016799152363091707,0.8122856020927429
1475,0.01834438554942608,0.06425981223583221,0.12403217703104019,-0.28407421708106995,2.964042901992798,3.5029689088899287,1162.8837438572757,0.6616032123565674,0.22563602030277252,0.1127580851316452,0.08340074867010117,0.0013649716274812818,0.531732439994812
1476,0.01818692311644554,0.062064751982688904,0.11159913241863251,-0.3079131245613098,2.7448713779449463,3.4126031974674262,1110.0704603240006,0.6873757839202881,0.19952350854873657,0.11306049674749374,0.08678868412971497,0.0010229656472802162,0.5623288750648499
1477,0.015603015199303627,0.062140122056007385,0.11722548305988312,-0.037390537559986115,3.1911749839782715,3.982571397789715,1552.887490532328,0.4281368851661682,0.4537685215473175,0.1177520602941513,0.12157635390758514,0.004002202767878771,0.20745128393173218
1478,0.014141837134957314,0.05741240084171295,0.10119351744651794,-0.1760290414094925,2.9767463207244873,4.059755482244598,1285.3667102299619,0.5698800086975098,0.34144124388694763,0.0886659324169159,0.13836514949798584,0.0032995552755892277,0.3383080065250397
1479,0.015025254338979721,0.05219239741563797,0.10341224074363708,-0.12177108973264694,3.007021427154541,3.47364485383536,1522.3347327683232,0.4515373706817627,0.4233373999595642,0.1251073181629181,0.13098222017288208,0.004028824158012867,0.21401920914649963
1480,0.01833687163889408,0.06427260488271713,0.11903003603219986,-0.25512200593948364,2.7631962299346924,3.5051019685868505,1109.942994335171,0.6804815530776978,0.20587515830993652,0.11363063007593155,0.08478419482707977,0.0013842551270499825,0.5496637225151062
1481,0.018503714352846146,0.05791574344038963,0.10845103859901428,-0.2923636734485626,2.7097132205963135,3.129952307567447,1106.2398695391598,0.667508602142334,0.22774982452392578,0.10471060872077942,0.08039510250091553,0.0012155005242675543,0.5561740398406982
1482,0.030116498470306396,0.06420208513736725,0.1240321695804596,-0.1040811836719513,2.1031789779663086,2.131791157545623,645.4940783415275,0.8729483485221863,0.0726274847984314,0.05417415127158165,0.04625815898180008,0.0014442364918068051,0.8041751980781555
1483,0.017914460971951485,0.06346072256565094,0.10920216888189316,-0.3017593324184418,2.750473976135254,3.5424299208035572,1091.8619859537728,0.6978806257247925,0.18991631269454956,0.11219187080860138,0.09055846184492111,0.0015339653473347425,0.5646710991859436
1484,0.025579260662198067,0.06428445875644684,0.12403217703104019,0.08737078309059143,2.253580093383789,2.51314764734133,645.9447031717307,0.8537551760673523,0.09970902651548386,0.04653550311923027,0.030121158808469772,0.0012884639436379075,0.801311731338501
1485,0.014616365544497967,0.05398063734173775,0.10057333111763,-0.01374743040651083,3.027296543121338,3.6931641572391087,1511.823231281687,0.4680103063583374,0.4098708927631378,0.12206142395734787,0.1382313221693039,0.004177291877567768,0.2233179807662964
1486,0.015326580964028835,0.054137539118528366,0.10457828640937805,-0.0966154932975769,2.903397798538208,3.5322645828222075,1414.6587287832565,0.4956418573856354,0.41193974018096924,0.09241672605276108,0.12121009826660156,0.003719891421496868,0.25649338960647583
1487,0.025290600955486298,0.06324641406536102,0.12301497161388397,0.05840131267905235,2.2441415786743164,2.5007873151839903,646.9850935146378,0.8544754981994629,0.09876716881990433,0.046754028648138046,0.030581505969166756,0.0011010196758434176,0.8029412627220154
1488,0.018169047310948372,0.06045915558934212,0.11287181079387665,-0.3195510506629944,2.67376708984375,3.3275908500487437,1073.6755176322108,0.6922597289085388,0.201247900724411,0.10647772997617722,0.08776340633630753,0.0015626661479473114,0.573822021484375
1489,0.025334980338811874,0.06429492682218552,0.1240321695804596,0.06400613486766815,2.2703304290771484,2.5377926471547814,612.2977730238715,0.8715928792953491,0.0886395052075386,0.03976747766137123,0.030391626060009003,0.0013784553157165647,0.8173155188560486
1490,0.01744047924876213,0.057862505316734314,0.10493624210357666,-0.25498682260513306,2.6782889366149902,3.3177130334605627,1047.0237077067113,0.7034131288528442,0.18891625106334686,0.10759695619344711,0.09204737842082977,0.001388677628710866,0.569352388381958
1491,0.029805606231093407,0.06413325667381287,0.12403217703104019,-0.09925665706396103,2.0401771068573,2.1517179075108666,610.8439037182377,0.8803632855415344,0.07459523528814316,0.04476827755570412,0.04248089715838432,0.0017136126989498734,0.8206180930137634
1492,0.018220679834485054,0.06036733090877533,0.11710330843925476,-0.23822268843650818,2.6886239051818848,3.3131217635035237,1125.714305077696,0.674863338470459,0.20872123539447784,0.11640691757202148,0.08550915867090225,0.0017168192425742745,0.5500192642211914
1493,0.029717979952692986,0.06428208947181702,0.1240321695804596,-0.1034064069390297,2.112046003341675,2.1630706249880496,645.7663361342485,0.869955837726593,0.08070454001426697,0.049333758652210236,0.04469327628612518,0.0010857434244826436,0.8047765493392944
1494,0.025458261370658875,0.06427229940891266,0.1240321695804596,0.0944916233420372,2.265977382659912,2.524614641613472,621.3007193838674,0.8719051480293274,0.08251886814832687,0.04557599127292633,0.03045831434428692,0.001301870564930141,0.8210093379020691
1495,0.02566724643111229,0.06430955976247787,0.12403217703104019,0.07346730679273605,2.258995532989502,2.505510668336444,660.8780008629478,0.849656343460083,0.09872420132160187,0.05160943418741226,0.029803665354847908,0.0011357658077031374,0.798602819442749
1496,0.017499636858701706,0.06115073710680008,0.11188444495201111,-0.3095511496067047,2.85695481300354,3.4944003465362448,1115.1943816473906,0.682525098323822,0.20198360085487366,0.11549112200737,0.09123794734477997,0.0015683023957535625,0.5531924366950989
1497,0.015359590761363506,0.0560116171836853,0.10723449289798737,-0.026323478668928146,3.0800626277923584,3.646686819347675,1337.8523139003657,0.5196476578712463,0.39934784173965454,0.08099298924207687,0.11827065795660019,0.0025304683949798346,0.2991654574871063
1498,0.02597072347998619,0.06426423788070679,0.1240321695804596,0.03502489998936653,2.208209753036499,2.474487779585972,645.4331630015222,0.8566523790359497,0.0985959842801094,0.044751305133104324,0.02907550148665905,0.0014350124401971698,0.8038744330406189
1499,0.014850347302854061,0.05536707118153572,0.10543010383844376,0.005641613621264696,2.9910409450531006,3.728335105480428,1346.2969205413665,0.5435684323310852,0.3741860091686249,0.08205302059650421,0.1286088526248932,0.0031021274626255035,0.30600401759147644
1500,0.015151150524616241,0.05113157257437706,0.09418537467718124,-0.1959644854068756,2.857895612716675,3.374765004672633,1397.7431307587074,0.5136049389839172,0.3713190257549286,0.11507609486579895,0.1286841779947281,0.003127611242234707,0.2699369788169861
1501,0.030211778357625008,0.06416744738817215,0.1240321695804596,-0.14252787828445435,2.0351860523223877,2.1239215588860993,613.7376392892767,0.8787270784378052,0.07599858939647675,0.04525226727128029,0.04428167641162872,0.0010268782498314977,0.8168820142745972
1502,0.01529739610850811,0.06427222490310669,0.11274398863315582,-0.14300093054771423,2.878835439682007,4.201514064420299,1423.6333936319115,0.4968738555908203,0.4008052945137024,0.10230650752782822,0.1245093122124672,0.0049306838773190975,0.2587292790412903
1503,0.030374884605407715,0.06428012996912003,0.1240321695804596,-0.12135395407676697,2.0769500732421875,2.1162263100601164,645.1954066321558,0.8677435517311096,0.08054805546998978,0.051705509424209595,0.045892197638750076,0.00160434958525002,0.7987571954727173
1504,0.025259247049689293,0.0642552450299263,0.1240321695804596,0.0760873481631279,2.227295398712158,2.5438305782029578,650.6511934297869,0.8573364615440369,0.09331635385751724,0.049341414123773575,0.03163711354136467,0.0017760518239811063,0.8050330281257629
1505,0.014592844061553478,0.05293482914566994,0.09624333679676056,-0.12381748855113983,2.9988481998443604,3.627451161594015,1479.878100460194,0.48486223816871643,0.38945072889328003,0.1256352663040161,0.14361603558063507,0.003711316967383027,0.2249867171049118
1506,0.017832793295383453,0.06426513940095901,0.11067882180213928,-0.3634755313396454,2.767777442932129,3.6037618074108555,1042.1412797511982,0.7094852328300476,0.1927170604467392,0.09774238616228104,0.09287167340517044,0.0019571029115468264,0.5689424276351929
1507,0.030959196388721466,0.06423380225896835,0.1240321695804596,-0.10821476578712463,2.052311897277832,2.0747890691469673,650.8961864083843,0.8685988783836365,0.07924225181341171,0.052158426493406296,0.04032161086797714,0.0010885061929002404,0.8078974485397339
1508,0.025540132075548172,0.06424655020236969,0.1240321695804596,0.0496428944170475,2.288388252258301,2.5155136241978595,682.0168958757664,0.8410758376121521,0.10614555329084396,0.052778664976358414,0.03187001869082451,0.0020052497275173664,0.7859717607498169
1509,0.014938659965991974,0.057484716176986694,0.10708273947238922,-0.06328839063644409,3.124295949935913,3.8480503809580804,1496.8119999536984,0.4780809283256531,0.36643484234809875,0.15543875098228455,0.13747471570968628,0.0034410906955599785,0.2345736175775528
1510,0.025714147835969925,0.06153140589594841,0.12130804359912872,0.08359846472740173,2.237927198410034,2.392900837549166,643.823593256212,0.8612467646598816,0.09250620007514954,0.04624677076935768,0.031074021011590958,0.000988233950920403,0.8067617416381836
1511,0.014712668024003506,0.058978255838155746,0.10931356251239777,-0.1407746970653534,3.0789716243743896,4.00867169285169,1260.2760648509768,0.5655855536460876,0.3511202931404114,0.08326385170221329,0.13365258276462555,0.0038086059503257275,0.32731762528419495
1512,0.014696123078465462,0.053238555788993835,0.10125483572483063,-0.011246862821280956,2.7980315685272217,3.6226258790240253,1291.3470203861928,0.5577898621559143,0.34234997630119324,0.09981734305620193,0.131454199552536,0.003534604562446475,0.3178602457046509
1513,0.015022286213934422,0.05839327350258827,0.11490074545145035,-0.08630702644586563,3.0191867351531982,3.8871096361176063,1522.1707714822055,0.45991548895835876,0.40804678201675415,0.132035493850708,0.13411955535411835,0.004556044936180115,0.21442219614982605
1514,0.03063499741256237,0.064372219145298,0.1240321695804596,-0.13042289018630981,2.088679313659668,2.101264063329083,691.9830382133279,0.8506335616111755,0.09288370609283447,0.05648219212889671,0.04055028036236763,0.0010614627972245216,0.7907793521881104
1515,0.01870078593492508,0.05743423104286194,0.10116362571716309,-0.25589022040367126,2.558145523071289,3.0712201743632663,1090.300643212071,0.6812707781791687,0.21460850536823273,0.1038874089717865,0.08167368173599243,0.0015069714281708002,0.5628687739372253
1516,0.015149050392210484,0.05284765735268593,0.10030682384967804,-0.15260939300060272,3.0540554523468018,3.4885128757886528,1440.989441088276,0.5087584257125854,0.36484295129776,0.12629224359989166,0.12454528361558914,0.0038748516235500574,0.2648716866970062
1517,0.014691862277686596,0.05615045130252838,0.10595665872097015,-0.06716882437467575,2.965963363647461,3.8218743299809943,1512.2358969881857,0.46268942952156067,0.38963115215301514,0.14767518639564514,0.13896119594573975,0.003580476390197873,0.22345930337905884
1518,0.014229821041226387,0.053778599947690964,0.09733974933624268,-0.05215730145573616,2.7044897079467773,3.77928856505681,1260.2056089439184,0.583782434463501,0.3242616057395935,0.09188418090343475,0.14053653180599213,0.005303430836647749,0.3430485725402832
1519,0.03025742620229721,0.06427698582410812,0.1240321695804596,-0.13127774000167847,2.0307044982910156,2.1243375227038888,591.6482844658502,0.8940842151641846,0.06458818912506104,0.04130924120545387,0.04060878977179527,0.0011584218591451645,0.8265278339385986
1520,0.0151635417714715,0.05968349799513817,0.10887908935546875,0.03723425790667534,2.9144558906555176,3.9359866507895913,1492.7896134292714,0.46526551246643066,0.4261084496974945,0.10856015235185623,0.13414134085178375,0.0035986050497740507,0.21859490871429443
1521,0.015405663289129734,0.05846874788403511,0.10681499540805817,-0.08846502006053925,2.849600315093994,3.7952762424384217,1396.7839113469117,0.5032255053520203,0.3896891176700592,0.10697182267904282,0.12002864480018616,0.003820099402219057,0.2521970570087433
1522,0.02526727132499218,0.06203126162290573,0.12179483473300934,0.0903540849685669,2.2850396633148193,2.4550043739426197,615.2576776820698,0.8712344169616699,0.08573156595230103,0.04302740469574928,0.03223198279738426,0.002030003350228071,0.8145055770874023
1523,0.01438579335808754,0.06070391461253166,0.10837587714195251,-0.14451318979263306,2.9651901721954346,4.2197126774509695,1320.743130087427,0.5648185014724731,0.3368907868862152,0.09827962517738342,0.13351349532604218,0.002895765472203493,0.32465797662734985
1524,0.015398189425468445,0.058491140604019165,0.1090400293469429,-0.11533435434103012,2.9634883403778076,3.798572610327605,1404.4704781128974,0.5016964077949524,0.3992234170436859,0.09906230121850967,0.12440500408411026,0.005356398411095142,0.24798069894313812
1525,0.014684240333735943,0.05339642986655235,0.10103477537631989,-0.08777256309986115,2.7430496215820312,3.6363086308415795,1372.9540694222972,0.5385875701904297,0.3652779459953308,0.09577945619821548,0.13352693617343903,0.0022969054989516735,0.3167889714241028
1526,0.015436975285410881,0.05965287610888481,0.11316438019275665,-0.04980839416384697,2.871138095855713,3.864285263279332,1495.110898123719,0.48540347814559937,0.3914814591407776,0.12310366332530975,0.12244538962841034,0.003507313085719943,0.24750901758670807
1527,0.014904686249792576,0.05731687322258949,0.10476534068584442,-0.03593311086297035,2.869710922241211,3.8455605343280266,1344.989544205069,0.5329765677452087,0.35862165689468384,0.10838320106267929,0.12909425795078278,0.003846691455692053,0.2699451148509979
1528,0.015438531525433064,0.056840598583221436,0.112341970205307,-0.06539448350667953,3.0716826915740967,3.681736082599687,1451.5017476702535,0.47965943813323975,0.40174999833106995,0.11854403465986252,0.12088113278150558,0.0033656354062259197,0.24027389287948608
1529,0.03137553110718727,0.06436505913734436,0.1240321695804596,-0.1076720729470253,2.0446527004241943,2.051441262154401,631.4014772868783,0.8683311939239502,0.08554445952177048,0.04612017422914505,0.0391109399497509,0.0008658852311782539,0.8066866993904114
1530,0.02613889053463936,0.06430356949567795,0.1240321695804596,0.05645312741398811,2.2145979404449463,2.460072641874472,601.433213442286,0.876549243927002,0.0828818678855896,0.04056753218173981,0.029222561046481133,0.0015533454716205597,0.8235639929771423
1531,0.014866639859974384,0.05959267541766167,0.10708931088447571,-0.1792859584093094,3.009107828140259,4.008483152544455,1460.3821200066568,0.4901373088359833,0.38519376516342163,0.12459757179021835,0.14087821543216705,0.004357331898063421,0.23297090828418732
1532,0.030592871829867363,0.06418304890394211,0.1240321695804596,-0.1284109354019165,2.0521163940429688,2.0979739744205115,621.2865532398613,0.8778404593467712,0.0788651555776596,0.042733073234558105,0.039544928818941116,0.0010615324135869741,0.8154352307319641
1533,0.015037755481898785,0.05503854900598526,0.10447245836257935,0.041924234479665756,2.9504683017730713,3.660024201655368,1509.7605658760203,0.46895167231559753,0.40346476435661316,0.12750127911567688,0.13838261365890503,0.003815321484580636,0.2266620546579361
1534,0.014625116251409054,0.04691990837454796,0.09033079445362091,-0.13430902361869812,2.7874956130981445,3.2081733618233153,1394.7817194499821,0.5213568210601807,0.3561582565307617,0.12233565747737885,0.13701967895030975,0.005962922237813473,0.2618478536605835
1535,0.015410860069096088,0.05379785597324371,0.10480931401252747,-0.05587135627865791,2.8920321464538574,3.490905486685681,1516.0535020217471,0.474423348903656,0.4154365062713623,0.11009076982736588,0.12036198377609253,0.004272526130080223,0.24361056089401245
1536,0.03020630218088627,0.0641084760427475,0.1240321695804596,-0.12539508938789368,2.0956082344055176,2.1223543238334965,642.0259038917259,0.8637548685073853,0.09057235717773438,0.04481513053178787,0.045149073004722595,0.0011604756582528353,0.7987174987792969
1537,0.01825990527868271,0.06425734609365463,0.1240321695804596,-0.2662922441959381,2.7793149948120117,3.51904049388208,1159.1429325608308,0.6768879890441895,0.19617047905921936,0.1269254833459854,0.08514872938394547,0.001510673901066184,0.5577369928359985
1538,0.014281641691923141,0.049090392887592316,0.09176753461360931,-0.12188603729009628,2.8139500617980957,3.437307414869374,1334.6405209276268,0.5576267242431641,0.3412666916847229,0.10110240429639816,0.133159801363945,0.0032778664026409388,0.328860342502594
1539,0.018201904371380806,0.057817306369543076,0.11028804630041122,-0.2907038927078247,2.6956706047058105,3.1764427054827222,1052.1132276418807,0.6967980861663818,0.19891493022441864,0.1042853444814682,0.08683586120605469,0.0015086652711033821,0.561120331287384
1540,0.01833544485270977,0.056058283895254135,0.10451100766658783,-0.25654831528663635,2.6456716060638428,3.0573724467836945,1171.5440725096655,0.6808681488037109,0.18464674055576324,0.13446542620658875,0.0866672471165657,0.0016063551884144545,0.5541480183601379
1541,0.014416308142244816,0.05096365138888359,0.09678280353546143,-0.12017343193292618,3.059199810028076,3.5351388776164656,1270.9513899279866,0.5654038190841675,0.34999048709869385,0.08457113057374954,0.1306874305009842,0.0023533350322395563,0.33530476689338684
1542,0.01585918664932251,0.05892570689320564,0.10622039437294006,-0.21063247323036194,3.028127431869507,3.7155566796994184,1457.0620508274628,0.47122156620025635,0.4238736629486084,0.10484910756349564,0.11563389748334885,0.0031288352329283953,0.24417167901992798
1543,0.015358616597950459,0.04975232481956482,0.09334966540336609,-0.044682011008262634,2.928959608078003,3.2393754020114467,1483.744500433541,0.47551730275154114,0.3908883035182953,0.13353639841079712,0.12109891325235367,0.004024206195026636,0.24545173346996307
1544,0.015151997096836567,0.050750356167554855,0.10145561397075653,-0.09860110282897949,2.831164598464966,3.349416967272327,1451.067492305999,0.49554163217544556,0.3880811035633087,0.11634737998247147,0.1308036893606186,0.0037902831099927425,0.24951407313346863
1545,0.014777397736907005,0.05412662774324417,0.10376337170600891,-0.19954396784305573,2.906280994415283,3.662798329126545,1346.6250057298255,0.5241910815238953,0.3910907208919525,0.08465488255023956,0.12597021460533142,0.0031310729682445526,0.30945542454719543
1546,0.01796581596136093,0.05801830068230629,0.10471697151660919,-0.3400270938873291,2.8431100845336914,3.2293718695469686,1047.524404066135,0.7053988575935364,0.18850119411945343,0.10607326030731201,0.08695193380117416,0.0017311667324975133,0.5757302045822144
1547,0.030288012698292732,0.06429710239171982,0.1240321695804596,-0.12629176676273346,2.072395086288452,2.122856426074506,642.7121411195583,0.8668917417526245,0.08844739198684692,0.04463854059576988,0.04226304963231087,0.0010129823349416256,0.8053596615791321
1548,0.015824267640709877,0.06393387168645859,0.10746865719556808,-0.16222092509269714,2.8809990882873535,4.04024205947709,1474.1057998487538,0.48124003410339355,0.39718738198280334,0.12156938761472702,0.11391851305961609,0.004392064642161131,0.2381516695022583
1549,0.03057757578790188,0.06428711116313934,0.12403217703104019,-0.11518162488937378,2.072549343109131,2.1024266804849954,629.710674610052,0.8767164945602417,0.07448816299438477,0.048794545233249664,0.04050441458821297,0.0010274109663441777,0.8136076927185059
1550,0.015636462718248367,0.06427513062953949,0.11563200503587723,-0.015702107921242714,2.9920082092285156,4.110592771753761,1522.7327404350062,0.46324315667152405,0.4162881374359131,0.1204390749335289,0.12070024013519287,0.0036661229096353054,0.22782078385353088
1551,0.03094089776277542,0.06434322893619537,0.1240321695804596,-0.1269567906856537,2.04121994972229,2.079552746899487,624.5034833105495,0.8727619647979736,0.08441121876239777,0.04281596094369888,0.04031847044825554,0.0006547494558617473,0.8086147904396057
1552,0.030695313587784767,0.06416798382997513,0.1240321695804596,-0.10623269528150558,2.027317523956299,2.090481455560707,620.5108385710428,0.8812990188598633,0.07191447913646698,0.04636921361088753,0.043056242167949677,0.0017382277874276042,0.8137473464012146
1553,0.030276218429207802,0.064274862408638,0.1240321695804596,-0.08829771727323532,2.0798099040985107,2.1229488272058568,652.5697287432529,0.8628175854682922,0.08772144466638565,0.04945774003863335,0.0417611338198185,0.0008886570576578379,0.7972586154937744
1554,0.024631984531879425,0.06426636874675751,0.12403217703104019,0.09066449105739594,2.2512669563293457,2.6090617530622864,645.8503393597913,0.8605438470840454,0.09001766890287399,0.04943849518895149,0.033180419355630875,0.0011659576557576656,0.8058692812919617
1555,0.018200846388936043,0.06428232789039612,0.11339245736598969,-0.33251333236694336,2.823800802230835,3.531831790302913,1156.5348484039203,0.6602721810340881,0.21887613832950592,0.12050308287143707,0.08747938275337219,0.0013398040318861604,0.5393420457839966
1556,0.018446721136569977,0.06428129971027374,0.12110793590545654,-0.22335068881511688,2.622729539871216,3.484700572577835,1082.8707703763273,0.6795029640197754,0.21915265917778015,0.1013437882065773,0.08693255484104156,0.00226803682744503,0.548831582069397
1557,0.015303848311305046,0.051024455577135086,0.09678763896226883,-0.18948379158973694,3.001225471496582,3.3340931336929756,1452.5438884639802,0.5052271485328674,0.3517928719520569,0.1429167091846466,0.1239464282989502,0.00497980322688818,0.2446954995393753
1558,0.015036593191325665,0.054291799664497375,0.10733600705862045,-0.04059216007590294,3.0797479152679443,3.610644975898309,1505.2185428500109,0.4661233425140381,0.4128706455230713,0.12098527699708939,0.13482120633125305,0.0038213387597352266,0.22263143956661224
1559,0.014203093014657497,0.052794765681028366,0.09654150903224945,-0.13900938630104065,2.8362603187561035,3.717131586959783,1230.4956711159707,0.5852369070053101,0.3327009975910187,0.08201976120471954,0.13887226581573486,0.003932050429284573,0.34618493914604187
1560,0.014444638043642044,0.048086367547512054,0.09364929795265198,-0.07709767669439316,2.8493728637695312,3.3290115957837205,1441.268816288632,0.4959164261817932,0.3906284272670746,0.11343301087617874,0.14927569031715393,0.003609654726460576,0.22665798664093018
1561,0.025907428935170174,0.06427308917045593,0.1240321695804596,0.05774620547890663,2.230919122695923,2.480874861369291,643.9073149212919,0.8553165793418884,0.1009761393070221,0.04369920864701271,0.029564369469881058,0.0014170281356200576,0.804611325263977
1562,0.018075954169034958,0.062014415860176086,0.11078372597694397,-0.3517613410949707,2.813897132873535,3.4307685932828496,1118.1608545528973,0.6730960011482239,0.20736366510391235,0.11940909177064896,0.08876722306013107,0.0013951162109151483,0.5502682328224182
1563,0.01816295087337494,0.0642780214548111,0.11536585539579391,-0.2808816730976105,2.7960450649261475,3.53896356926766,1032.060172187982,0.6965258121490479,0.20886439085006714,0.09460891038179398,0.09076797217130661,0.0016588415019214153,0.562297523021698
1564,0.01778476871550083,0.05734357237815857,0.11202464997768402,-0.25905972719192505,2.6261157989501953,3.2243080184087414,1069.146206665176,0.7028432488441467,0.18451255559921265,0.11264406889677048,0.0934222862124443,0.0023990643676370382,0.5616798400878906
1565,0.015385533683001995,0.0558726042509079,0.10207642614841461,-0.11225157976150513,3.017798662185669,3.6315025138845,1496.88375093478,0.48908355832099915,0.36836642026901245,0.14253492653369904,0.12391909956932068,0.0037750541232526302,0.24447228014469147
1566,0.025520510971546173,0.06297324597835541,0.12275548279285431,0.07678426057100296,2.1658523082733154,2.467554276091855,600.6798686927666,0.8737730979919434,0.08741733431816101,0.03880935162305832,0.02786324918270111,0.002012029057368636,0.8211799263954163
1567,0.03040682151913643,0.06426597386598587,0.1240321695804596,-0.12787838280200958,2.018890380859375,2.113538036964066,603.2854739809414,0.8777772188186646,0.08285024017095566,0.039369046688079834,0.042609136551618576,0.0014196183765307069,0.8137544393539429
1568,0.01490641850978136,0.05978849157691002,0.11263757944107056,-0.007392025087028742,3.1998939514160156,4.01092264608476,1473.378005327666,0.47144922614097595,0.40164244174957275,0.1268962174654007,0.13146238029003143,0.003984162583947182,0.22537937760353088
1569,0.014798056334257126,0.05042082443833351,0.09424051642417908,-0.14487628638744354,2.9181973934173584,3.40725993306319,1397.1051440225353,0.5344229340553284,0.32683277130126953,0.1387210190296173,0.1328742355108261,0.00401280727237463,0.2674269676208496
1570,0.015637291595339775,0.061905454844236374,0.11675268411636353,-0.09564434736967087,3.0691099166870117,3.9588348444385733,1511.968238173371,0.47134414315223694,0.39008212089538574,0.13852711021900177,0.12203433364629745,0.004095237702131271,0.22761186957359314
1571,0.030810825526714325,0.06430564820766449,0.1240321695804596,-0.10595773905515671,2.061353921890259,2.087112146664866,623.3391970765798,0.8790009021759033,0.07442384958267212,0.046573370695114136,0.03908384591341019,0.001423514331690967,0.8139049410820007
1572,0.014537051320075989,0.0620197169482708,0.10705508291721344,-0.1958230584859848,2.989506721496582,4.26632028589965,1268.271955407546,0.5751235485076904,0.3377925157546997,0.08687964081764221,0.13242536783218384,0.0027635409496724606,0.34559938311576843
1573,0.03067633882164955,0.06415494531393051,0.1240321695804596,-0.11408531665802002,2.054248332977295,2.091349482245332,620.3647557097912,0.8802585005760193,0.07717142254114151,0.04205745458602905,0.03903171792626381,0.0015153451822698116,0.817663848400116
1574,0.01560505572706461,0.057509563863277435,0.1110953837633133,-0.14685216546058655,3.0922069549560547,3.685316147884719,1498.0651718464965,0.49947112798690796,0.34487658739089966,0.15564967691898346,0.1207166388630867,0.0038631123024970293,0.2586810290813446
1575,0.025831233710050583,0.06429187953472137,0.1240321695804596,0.07669739425182343,2.2627038955688477,2.4889202062082445,613.9503403709881,0.8737404942512512,0.08330879360437393,0.04294941574335098,0.029430855065584183,0.001532947993837297,0.825751006603241
1576,0.014924694783985615,0.059039194136857986,0.1115659773349762,-0.19269225001335144,3.1629867553710938,3.95580579619303,1331.0260561910027,0.5379400253295898,0.3764486312866211,0.08560770750045776,0.12506476044654846,0.00410682987421751,0.30991655588150024
1577,0.017681250348687172,0.057132869958877563,0.10229934751987457,-0.300342321395874,2.6829023361206055,3.2312686506295862,1096.4238682430512,0.6920357942581177,0.1920497715473175,0.1159110888838768,0.09444371610879898,0.002588162897154689,0.5609251260757446
1578,0.015526356175541878,0.0522293746471405,0.1016138568520546,-0.03641514852643013,3.0242502689361572,3.363917074506617,1581.4483490703944,0.4342694878578186,0.4545728862285614,0.11060342937707901,0.12709413468837738,0.003841001307591796,0.1994636207818985
1579,0.025315236300230026,0.06426157802343369,0.12403217703104019,0.06336516886949539,2.344022750854492,2.5384545993872996,680.4957162541687,0.8417752981185913,0.10760793834924698,0.050610918551683426,0.031779076904058456,0.001176017802208662,0.7830374836921692
1580,0.015166650526225567,0.05976155772805214,0.11848941445350647,0.09214696288108826,3.1356749534606934,3.9403266806190667,1595.6829202190056,0.4428068697452545,0.4090096354484558,0.14808468520641327,0.13280931115150452,0.003719064174219966,0.20166465640068054
1581,0.014433737844228745,0.05122105032205582,0.09065750986337662,-0.16708673536777496,2.8123114109039307,3.5487031059655543,1262.9145938455922,0.5690480470657349,0.3420949876308441,0.08879745006561279,0.13464774191379547,0.0029034253675490618,0.3322797417640686
1582,0.014827337116003036,0.06216033175587654,0.11091293394565582,0.004643533378839493,3.0126142501831055,4.192278847197389,1266.340134176602,0.5591604709625244,0.3590090274810791,0.08174445480108261,0.13049490749835968,0.0029616684187203646,0.3232683837413788
1583,0.014615221880376339,0.0494755282998085,0.09477007389068604,-0.1924712359905243,2.77087664604187,3.3852054181163966,1293.7921091082826,0.5656788349151611,0.3410227298736572,0.09296727925539017,0.13530132174491882,0.004191842395812273,0.33642858266830444
1584,0.015329279005527496,0.05714086815714836,0.10945768654346466,-0.1454913467168808,3.117335319519043,3.7275639730229124,1487.4146194328403,0.45388519763946533,0.42159798741340637,0.12438799440860748,0.12692512571811676,0.004503261763602495,0.21130570769309998
1585,0.02536940574645996,0.06075036898255348,0.12049846351146698,0.06931022554636002,2.2386229038238525,2.3946311390693866,611.0724692125384,0.8741714358329773,0.08617900311946869,0.039648666977882385,0.030804943293333054,0.001363270333968103,0.8222992420196533
1586,0.025622351095080376,0.06425359845161438,0.1240321695804596,0.05913534760475159,2.2711000442504883,2.507716727894018,660.4071025289352,0.8559248447418213,0.09459129720926285,0.04948367178440094,0.03045426681637764,0.001954658655449748,0.8053670525550842
1587,0.015244385227560997,0.05395334213972092,0.10701172053813934,-0.06510484963655472,2.8294284343719482,3.5392271535251587,1458.5593597754903,0.5045574903488159,0.3585434556007385,0.13678480684757233,0.12539958953857422,0.00413863267749548,0.2627050578594208
1588,0.014659563079476357,0.05395624414086342,0.10560376942157745,-0.15844129025936127,3.072246551513672,3.6806174812073684,1366.0366196394934,0.5406530499458313,0.3633898198604584,0.09595416486263275,0.131085604429245,0.003321833675727248,0.3155035972595215
1589,0.03072802722454071,0.06428838521242142,0.1240321695804596,-0.11156119406223297,2.077420711517334,2.0921741815883905,625.2559996245634,0.8761775493621826,0.0783490240573883,0.045472726225852966,0.0402553416788578,0.0012324306881055236,0.8174253106117249
1590,0.01817335933446884,0.0604003481566906,0.10855767130851746,-0.22026824951171875,2.566159248352051,3.323565392712375,1028.0756817207287,0.7116293907165527,0.19199180603027344,0.09632138907909393,0.08830749243497849,0.0016142695676535368,0.5876043438911438
1591,0.014157994650304317,0.053773436695337296,0.09502200782299042,-0.17380402982234955,2.8483917713165283,3.798096977694745,1203.8928796392186,0.6026920080184937,0.32016170024871826,0.07714545726776123,0.14388729631900787,0.004099208861589432,0.3514169156551361
1592,0.014739024452865124,0.051998063921928406,0.09647645056247711,-0.1071217879652977,2.8970608711242676,3.5279176097908276,1495.4744333248896,0.4572306275367737,0.42353740334510803,0.1191609799861908,0.14447437226772308,0.003426640760153532,0.21285724639892578
1593,0.01837090775370598,0.06024283543229103,0.12001021206378937,-0.19272921979427338,2.6499178409576416,3.279251969291444,1106.5517330958623,0.685076117515564,0.2010837346315384,0.11377926170825958,0.08874934911727905,0.0026130182668566704,0.5545992851257324
1594,0.025399161502718925,0.06347024440765381,0.12326204031705856,0.04570993408560753,2.2026917934417725,2.4989110131986267,638.0483124606192,0.859887957572937,0.09316875785589218,0.046942584216594696,0.030489595606923103,0.0017987143946811557,0.8022907376289368
1595,0.014262713491916656,0.04568944871425629,0.09090866148471832,-0.07452304661273956,2.7679598331451416,3.203419092513301,1223.3525576727754,0.6012975573539734,0.3112057149410248,0.08723428845405579,0.14142346382141113,0.002617346588522196,0.3573525547981262
1596,0.025866113603115082,0.0642520859837532,0.1240321695804596,0.06863689422607422,2.235016345977783,2.484025507934491,673.9401992453742,0.839474618434906,0.1125972718000412,0.04792720079421997,0.0296328067779541,0.0012251893058419228,0.7893789410591125
1597,0.014653029851615429,0.05129582807421684,0.10079687833786011,-0.1325242817401886,2.981154680252075,3.5006977116791322,1250.2457963638924,0.5733617544174194,0.3475658595561981,0.07899609953165054,0.12972433865070343,0.0026957071386277676,0.3444966971874237
1598,0.015120300464332104,0.05163295194506645,0.09761802852153778,-0.04735894873738289,2.851100444793701,3.414809914885668,1434.5632850020745,0.5041483640670776,0.37038081884384155,0.12531375885009766,0.1373164802789688,0.004243325907737017,0.2299952208995819
1599,0.030873319134116173,0.06425059586763382,0.12403217703104019,-0.1123991310596466,2.0099501609802246,2.081104256605614,615.0547789768418,0.8834269642829895,0.0686759501695633,0.04789366200566292,0.03913038969039917,0.001465747831389308,0.8271337747573853
1600,0.018434561789035797,0.06424260139465332,0.1154167652130127,-0.24574756622314453,2.7542331218719482,3.484899837943399,1177.7014541141657,0.6597571969032288,0.21276764571666718,0.1273404061794281,0.084569051861763,0.001939335255883634,0.5265001058578491
1601,0.014315095730125904,0.047030750662088394,0.09053890407085419,-0.06651521474123001,2.7956411838531494,3.285395469610971,1258.3140357369368,0.5811995267868042,0.3210218846797943,0.0977725088596344,0.13345564901828766,0.0036472869105637074,0.3582339882850647
1602,0.015284090302884579,0.053889304399490356,0.10099378228187561,-0.08670034259557724,2.8545477390289307,3.5258431040409346,1403.0062231704183,0.5062861442565918,0.39241206645965576,0.10128039121627808,0.12096002697944641,0.004083908628672361,0.26304376125335693
1603,0.015328630805015564,0.057110030204057693,0.11009149253368378,-0.10277059674263,2.985779047012329,3.725709812362722,1460.8571109523925,0.4975284934043884,0.3564538061618805,0.14597071707248688,0.12503336369991302,0.004327273927628994,0.25632041692733765
1604,0.014412205666303635,0.05120093375444412,0.09449081122875214,-0.16875283420085907,2.9754645824432373,3.5526091520190786,1329.6518727842579,0.5548127889633179,0.34771567583084106,0.09729320555925369,0.1353544145822525,0.002626210916787386,0.3136584162712097
1605,0.030033046379685402,0.06414779275655746,0.1240321695804596,-0.134391650557518,2.084646701812744,2.135906958736349,608.2435386647174,0.8903981447219849,0.06279531866312027,0.04625009372830391,0.041789695620536804,0.0012518303701654077,0.8236477375030518
1606,0.014539241790771484,0.04547669738531113,0.08854547142982483,-0.011151131242513657,2.7909841537475586,3.1278589376681776,1243.6782306343318,0.5867030024528503,0.32669374346733093,0.0864524394273758,0.13119950890541077,0.0036182538606226444,0.3505612909793854
1607,0.030136654153466225,0.06428053975105286,0.1240321695804596,-0.11824291199445724,2.053274631500244,2.132968690604512,608.0872097454081,0.8830345869064331,0.07513925433158875,0.04182515665888786,0.04463231563568115,0.0013875672593712807,0.8119275569915771
1608,0.018268011510372162,0.05982315540313721,0.11174352467060089,-0.287356436252594,2.702401876449585,3.2747491628137104,1067.3113841008123,0.689479410648346,0.21560966968536377,0.09477195888757706,0.0838400200009346,0.002034412929788232,0.5558605790138245
1609,0.01421478670090437,0.05400417000055313,0.09768159687519073,-0.07211538404226303,2.771332025527954,3.7991544391811476,1196.3368197098353,0.5907256007194519,0.32902050018310547,0.08010034263134003,0.13970628380775452,0.0029349576216191053,0.3487740159034729
1610,0.014781833626329899,0.05010797455906868,0.09632222354412079,-0.10679060965776443,3.0089619159698486,3.3898348352686662,1332.87331455767,0.5415361523628235,0.3698340058326721,0.08862882107496262,0.13251253962516785,0.003570262575522065,0.3021915853023529
1611,0.025865089148283005,0.06425833702087402,0.1240321695804596,0.040328335016965866,2.2639732360839844,2.484365572838372,667.6165497571857,0.8484925627708435,0.09957457333803177,0.05193271487951279,0.02895600162446499,0.0014137941179797053,0.8012126684188843
1612,0.018036171793937683,0.06108633056282997,0.11681944131851196,-0.2715938687324524,2.762469530105591,3.3868789484460016,1060.2227321989494,0.7020590305328369,0.1881500482559204,0.10977177321910858,0.08884121477603912,0.0012442576698958874,0.5754084587097168
1613,0.014717837795615196,0.047886017709970474,0.09471333026885986,-0.1453222632408142,2.8803305625915527,3.2536041211830233,1313.0350965761631,0.5624527335166931,0.3550586700439453,0.08225451409816742,0.12876637279987335,0.0043797120451927185,0.3229529559612274
1614,0.030096450820565224,0.06431808322668076,0.1240321695804596,-0.13872715830802917,2.094761371612549,2.1370653838224163,600.2284456599535,0.8853703737258911,0.07315228134393692,0.04147493839263916,0.04371238872408867,0.0012998749734833837,0.8214650750160217
1615,0.015049772337079048,0.05378163233399391,0.09936857223510742,0.01995832659304142,2.8761403560638428,3.573584445388268,1488.8277620583137,0.45636826753616333,0.4307747781276703,0.1128164529800415,0.13215844333171844,0.0038974874187260866,0.2113856077194214
1616,0.030123692005872726,0.0642828717827797,0.1240321695804596,-0.13988099992275238,2.0905067920684814,2.1339639167773177,635.7700344366808,0.8727031946182251,0.08139011263847351,0.04590680077672005,0.04049793630838394,0.0016275622183457017,0.8123010396957397
1617,0.015247583389282227,0.0560738779604435,0.10560695827007294,-0.08184933662414551,2.926384925842285,3.6775583727045675,1574.8353051269755,0.4305408000946045,0.42504990100860596,0.1443733423948288,0.12505193054676056,0.003321512369439006,0.21128998696804047
1618,0.01819208636879921,0.06363289058208466,0.11185310035943985,-0.2863829433917999,2.794564962387085,3.4978335793151247,1101.951404467723,0.6854858994483948,0.212239608168602,0.10218098014593124,0.08891890943050385,0.001778363366611302,0.5570778250694275
1619,0.01798054948449135,0.062416546046733856,0.11768843233585358,-0.3103025555610657,2.7320733070373535,3.4713369631500015,1100.8642791319373,0.6865469217300415,0.19673095643520355,0.11670716851949692,0.08964009582996368,0.0016655604122206569,0.556868314743042
1620,0.030037252232432365,0.06433599442243576,0.12403217703104019,-0.11497309803962708,2.0506765842437744,2.141873495033872,646.3904876680639,0.8714222311973572,0.07814469933509827,0.05043167620897293,0.04304495453834534,0.001009088009595871,0.8123313188552856
1621,0.030607955530285835,0.06426747143268585,0.1240321695804596,-0.13131949305534363,2.0519838333129883,2.0996982750773747,613.5083205607481,0.8805390000343323,0.07642991840839386,0.04303113371133804,0.043992411345243454,0.0010867982637137175,0.8162791132926941
1622,0.01825849898159504,0.05682028457522392,0.10772642493247986,-0.2992958724498749,2.634528160095215,3.1119910037176663,1074.5414392277985,0.6712779402732849,0.23957927525043488,0.08910508453845978,0.08631277829408646,0.0012602071510627866,0.5431877970695496
1623,0.01475384272634983,0.048735883086919785,0.09215986728668213,-0.04168158024549484,2.806258201599121,3.303267086924818,1466.9066349987067,0.48557838797569275,0.3826785087585449,0.13170066475868225,0.1392289251089096,0.004848219454288483,0.22739996016025543
1624,0.031206926330924034,0.06427424401044846,0.1240321695804596,-0.10836021602153778,2.0413525104522705,2.0596146934437836,640.8729279341458,0.8628921508789062,0.09195824712514877,0.045149002224206924,0.041592322289943695,0.0011739634210243821,0.803854763507843
1625,0.01805032044649124,0.06047414243221283,0.11409737169742584,-0.23063501715660095,2.6676738262176514,3.350308522673233,1141.1485143647194,0.6886658072471619,0.18191321194171906,0.12938141822814941,0.08708354830741882,0.0013367163483053446,0.5655253529548645
1626,0.03068079985678196,0.06427879631519318,0.12403217703104019,-0.11524756997823715,2.0857698917388916,2.0950821560438992,639.8094669138407,0.8735403418540955,0.07696986943483353,0.049484990537166595,0.04056328535079956,0.0014036769280210137,0.8124236464500427
1627,0.02541552484035492,0.0642840713262558,0.1240321695804596,0.05357244983315468,2.2464494705200195,2.5293229916564957,603.9742838058567,0.8744315505027771,0.0875229761004448,0.038044273853302,0.030373459681868553,0.0015791006153449416,0.8252087831497192
1628,0.025391608476638794,0.06428281217813492,0.12403217703104019,0.05115354061126709,2.2911763191223145,2.531655772604788,644.1311530238833,0.8613773584365845,0.08852915465831757,0.05009160563349724,0.030499553307890892,0.00121771648991853,0.8130230903625488
1629,0.014948910102248192,0.05021785572171211,0.0941137820482254,-0.04498386010527611,2.7410595417022705,3.3592987966929084,1357.2731803026873,0.5246446132659912,0.37385693192481995,0.10149852186441422,0.12831012904644012,0.004148346371948719,0.2739618420600891
1630,0.015146063640713692,0.06088628992438316,0.11664777994155884,-0.13129626214504242,3.286437511444092,4.019941508544607,1395.5437643597456,0.5242947936058044,0.3718474507331848,0.10380544513463974,0.12465604394674301,0.004524172283709049,0.26507559418678284
1631,0.018047252669930458,0.0555289126932621,0.10393591225147247,-0.3031156063079834,2.7199015617370605,3.0768623737786465,1124.2125371222667,0.6755436658859253,0.2067907452583313,0.11761906743049622,0.08407170325517654,0.00202274601906538,0.5518874526023865
1632,0.030072756111621857,0.06428975611925125,0.1240321695804596,-0.12958455085754395,2.072099208831787,2.1378072524675633,640.0813788344166,0.863275945186615,0.09252812713384628,0.04419586434960365,0.04316827654838562,0.0008657750440761447,0.8021734356880188
1633,0.015241747722029686,0.05008874833583832,0.09405916929244995,-0.06499429792165756,2.87215256690979,3.286286405341572,1409.0531291725547,0.49935609102249146,0.3847062587738037,0.11591990292072296,0.12204966694116592,0.004412726033478975,0.2536405920982361
1634,0.015122844837605953,0.05788613483309746,0.11513249576091766,-0.05673310533165932,3.0775625705718994,3.827727881286223,1534.1286853152728,0.46143344044685364,0.405303955078125,0.1332603245973587,0.1378237009048462,0.0038033025339245796,0.22481386363506317
1635,0.015200960449874401,0.06292621046304703,0.11843714118003845,-0.09731504321098328,3.354278326034546,4.139620694784936,1555.2568892953402,0.44861820340156555,0.4141716957092285,0.13716241717338562,0.133269265294075,0.003703184425830841,0.2125970721244812
1636,0.01553123164921999,0.05461031571030617,0.1072905957698822,-0.03510652482509613,3.110590934753418,3.5161613026055565,1564.7776594776644,0.4277659058570862,0.4448755979537964,0.1273108720779419,0.1275722235441208,0.004041437525302172,0.20741873979568481
1637,0.017683282494544983,0.06428055465221405,0.11732164025306702,-0.30132582783699036,2.7637228965759277,3.635103079329785,1038.426315937086,0.7204767465591431,0.17079594731330872,0.1087065041065216,0.09292653203010559,0.0016438417369499803,0.5918983817100525
1638,0.015328914858400822,0.06383304297924042,0.1112925112247467,-0.16214551031589508,2.9970576763153076,4.164224510653687,1439.3079640173503,0.497241348028183,0.3674502670764923,0.13523449003696442,0.12650181353092194,0.004496836569160223,0.2483222782611847
1639,0.017900409176945686,0.06430016458034515,0.11595401912927628,-0.30771932005882263,2.682133674621582,3.5921058530643304,1104.9839864318158,0.6932267546653748,0.19420196115970612,0.11256957054138184,0.08836816996335983,0.0014097746461629868,0.5698951482772827
1640,0.03046891838312149,0.06426945328712463,0.1240321695804596,-0.13673263788223267,2.063387632369995,2.1093447583822957,595.733236386289,0.8847193121910095,0.07576286047697067,0.03951564058661461,0.04283353313803673,0.0006801916169933975,0.8171314001083374
1641,0.015698902308940887,0.0570811964571476,0.11229299008846283,-0.05387124419212341,3.0169694423675537,3.6359992138432853,1515.1965377658605,0.4584764242172241,0.42829573154449463,0.11301959306001663,0.11840268969535828,0.003768136026337743,0.22582745552062988
1642,0.014835498295724392,0.060062162578105927,0.10584573447704315,-0.12700717151165009,2.9664220809936523,4.0485436604018465,1335.4719133761193,0.5460127592086792,0.3440416753292084,0.10994245857000351,0.1322803944349289,0.004195450339466333,0.2657714784145355
1643,0.015397349372506142,0.05625512823462486,0.10450080782175064,-0.13017737865447998,2.970219612121582,3.653559250361737,1493.6764714461822,0.4608602523803711,0.4117830693721771,0.12730108201503754,0.13166329264640808,0.0032448710408061743,0.21802504360675812
1644,0.015585523098707199,0.06191479414701462,0.11737111210823059,-0.008676916360855103,3.0568861961364746,3.9725836438674165,1552.3572141200157,0.4203605055809021,0.4685191214084625,0.11104559898376465,0.12189704924821854,0.0032486210111528635,0.19832754135131836
1645,0.017886172980070114,0.061399344354867935,0.11125287413597107,-0.3097972571849823,2.6495745182037354,3.4327826539444812,1081.0206655349714,0.6955773234367371,0.19457173347473145,0.10985065996646881,0.0933724194765091,0.0023057872895151377,0.565519392490387
1646,0.014521235600113869,0.05711536854505539,0.10524284839630127,-0.09163925051689148,2.8774502277374268,3.9332306226526814,1480.3909782308615,0.499790221452713,0.3546457886695862,0.14554232358932495,0.14961649477481842,0.004497505258768797,0.22534093260765076
1647,0.014642700552940369,0.05402522161602974,0.10700723528862,-0.10045326501131058,3.0530107021331787,3.689566785649488,1462.2415237671853,0.4884330630302429,0.3852873146533966,0.12625205516815186,0.1405649334192276,0.0035523714032024145,0.23683516681194305
1648,0.014758938923478127,0.06006648764014244,0.10358241200447083,-0.06625080853700638,2.915785789489746,4.06983780795518,1410.7464197496788,0.5308710932731628,0.3205726444721222,0.14852090179920197,0.130132257938385,0.004442935343831778,0.2755473852157593
1649,0.031085364520549774,0.06436467170715332,0.12403217703104019,-0.11445152759552002,2.0223164558410645,2.070577993786524,616.406647192624,0.8799768090248108,0.075617216527462,0.044405799359083176,0.03906116262078285,0.0009380217525176704,0.8250541090965271
1650,0.014556474052369595,0.055789608508348465,0.10055601596832275,-0.1772935539484024,3.07311749458313,3.832632016778407,1424.7327738690715,0.500892162322998,0.3885471224784851,0.11053275316953659,0.14359837770462036,0.0041649602353572845,0.22877146303653717
1651,0.014708399772644043,0.05499120429158211,0.10319621860980988,-0.0856122374534607,2.8722915649414062,3.7387618733426566,1296.026653118208,0.5542786121368408,0.36696141958236694,0.07874786853790283,0.13157494366168976,0.0030794779304414988,0.30439233779907227
1652,0.018282517790794373,0.05777626857161522,0.10808700323104858,-0.319489985704422,2.6716887950897217,3.1601921151990666,1075.6982772517324,0.6955367922782898,0.1979462057352066,0.1064973995089531,0.08188256621360779,0.002147913444787264,0.5703577995300293
1653,0.01467037945985794,0.0547071173787117,0.10182240605354309,-0.0811905488371849,2.983008861541748,3.7290867304881807,1412.7025224854476,0.5158640742301941,0.36146318912506104,0.12266005575656891,0.1364637166261673,0.004429953172802925,0.26515400409698486
1654,0.018385164439678192,0.06288424879312515,0.12265568971633911,-0.258973091840744,2.745088815689087,3.4203800023670325,1173.0994125136426,0.6664055585861206,0.20485110580921173,0.1287330836057663,0.08644020557403564,0.0014041810063645244,0.5335863828659058
1655,0.018018681555986404,0.06074618175625801,0.10888278484344482,-0.31466519832611084,2.7565150260925293,3.3712889349945154,1098.485250043421,0.6861202120780945,0.2014676332473755,0.11224984377622604,0.08969884365797043,0.0016483655199408531,0.5587123036384583
1656,0.015050684101879597,0.0534844733774662,0.10122083127498627,-0.13451926410198212,2.9406321048736572,3.553624075282611,1373.5711913800242,0.5239261984825134,0.3755123019218445,0.10053208470344543,0.12610507011413574,0.003997085150331259,0.26805710792541504
1657,0.014805968850851059,0.05511416494846344,0.10305549204349518,-0.040423598140478134,2.982187032699585,3.7224288055673576,1375.2477386419152,0.5276033282279968,0.37596219778060913,0.09638440608978271,0.12414974719285965,0.0038622808642685413,0.3186640739440918
1658,0.029900189489126205,0.06417838484048843,0.1240321695804596,-0.10961028933525085,2.1401400566101074,2.14642067274128,616.6027027120458,0.8782179951667786,0.07724177092313766,0.0438641682267189,0.042474474757909775,0.000997291412204504,0.8135294318199158
1659,0.015294414944946766,0.055143047124147415,0.10594379901885986,0.0051460349932312965,2.9482686519622803,3.605436842078166,1457.8235669303228,0.507169246673584,0.3504129946231842,0.1424161046743393,0.12342484295368195,0.0035163727588951588,0.2570137083530426
1660,0.0251864455640316,0.06399162113666534,0.12378041446208954,0.03391245752573013,2.250415563583374,2.5407166315484444,646.9990318786973,0.8633553385734558,0.08905235677957535,0.04759199172258377,0.030414924025535583,0.0016183251282200217,0.808391809463501
1661,0.03085489757359028,0.06424523144960403,0.1240321695804596,-0.12050816416740417,2.029214859008789,2.0821728963544337,643.1304297192218,0.8728969097137451,0.07596786320209503,0.05113167688250542,0.04227077215909958,0.0013371659442782402,0.8129284381866455
1662,0.025674086064100266,0.06423348188400269,0.1240321695804596,0.05974253639578819,2.218344211578369,2.501879978166687,628.3008434271771,0.8700692057609558,0.08113034069538116,0.04879910871386528,0.031012214720249176,0.0013344661565497518,0.8166243433952332
1663,0.014717431738972664,0.05126549303531647,0.10109365731477737,-0.10647714883089066,2.9791088104248047,3.4833178737346526,1302.949107294933,0.5606400966644287,0.3467603325843811,0.0924001932144165,0.1323905736207962,0.0024785716086626053,0.32285115122795105
1664,0.01441020704805851,0.057067178189754486,0.10218383371829987,-0.04705313965678215,2.8462073802948,3.9601914112318717,1212.6724416390982,0.5796990990638733,0.3451884984970093,0.07495801895856857,0.13572685420513153,0.0027887155301868916,0.3369812071323395
1665,0.014941826462745667,0.056152671575546265,0.10155274718999863,-0.027664076536893845,2.7477757930755615,3.758086182555605,1305.6693763805345,0.5477321743965149,0.3700571060180664,0.08220987766981125,0.1239020973443985,0.0030078960116952658,0.32464876770973206
1666,0.030407043173909187,0.06432942301034927,0.1240321695804596,-0.11160983145236969,2.039247751235962,2.1156092896079954,617.7718747778719,0.8812845945358276,0.07410858571529388,0.0446033738553524,0.04328656569123268,0.0010189053136855364,0.8176000714302063
1667,0.014945168979465961,0.06013709306716919,0.1133934035897255,-0.09882255643606186,2.8965301513671875,4.023848318193738,1312.599437985126,0.5465565919876099,0.36408287286758423,0.0893331989645958,0.12447178363800049,0.0020655756816267967,0.3174663484096527
1668,0.03076956793665886,0.06424976885318756,0.12403217703104019,-0.15505985915660858,2.046299695968628,2.088094606442371,585.3918285742311,0.8957473039627075,0.0603066012263298,0.043942056596279144,0.043170686811208725,0.0011839020298793912,0.8322003483772278
1669,0.018407613039016724,0.06428428739309311,0.11270365118980408,-0.3966325521469116,2.986180543899536,3.492266338571115,1077.299866204083,0.6885361075401306,0.21158602833747864,0.09987340122461319,0.08453845977783203,0.0012284095864742994,0.5629157423973083
1670,0.01490028016269207,0.04633120074868202,0.08971025049686432,-0.013569607399404049,2.7061076164245605,3.1094180941361462,1491.862878333047,0.4770180881023407,0.3857596814632416,0.136979341506958,0.1339973360300064,0.004440442658960819,0.22805657982826233
1671,0.018128342926502228,0.05284671112895012,0.09756052494049072,-0.2264656126499176,2.471104860305786,2.915142952684175,989.7119786137232,0.7151300311088562,0.19478407502174377,0.09004330635070801,0.08945517987012863,0.0015288209542632103,0.5868123769760132
1672,0.014740533195436,0.0489686019718647,0.09777038544416428,-0.042308926582336426,2.863408088684082,3.3220373591169983,1395.0203120500405,0.5319953560829163,0.3701363503932953,0.09768133610486984,0.13124755024909973,0.003073669970035553,0.3157355487346649
1673,0.01860601082444191,0.06427152454853058,0.11443451046943665,-0.288641095161438,2.7691853046417236,3.454341994719552,1104.7507745814678,0.6785187125205994,0.21932467818260193,0.10214722901582718,0.08344517648220062,0.001307980390265584,0.5477643013000488
1674,0.014903991483151913,0.05977709963917732,0.10904800891876221,-0.08084334433078766,3.066368341445923,4.01081144623177,1487.5397775982678,0.4673459231853485,0.42295601963996887,0.10957653075456619,0.14062048494815826,0.003442700020968914,0.21603722870349884
1675,0.025805896148085594,0.06427103281021118,0.1240321695804596,0.04408806189894676,2.202363967895508,2.4905561286810247,588.4055027002835,0.883254885673523,0.07768196612596512,0.03905583173036575,0.030898137018084526,0.001900521689094603,0.8310991525650024
1676,0.025764917954802513,0.06422658264636993,0.1240321695804596,0.07133115082979202,2.2451701164245605,2.492792049893001,630.8088707808773,0.863476037979126,0.09346790611743927,0.04305321350693703,0.02996225655078888,0.0016949251294136047,0.8155717849731445
1677,0.018120048567652702,0.05933031812310219,0.10748115181922913,-0.2744220495223999,2.716317653656006,3.2742913407937757,1114.3057041514378,0.6761720776557922,0.21283432841300964,0.11095056682825089,0.09025286138057709,0.0013807450886815786,0.5512459874153137
1678,0.029923539608716965,0.06419925391674042,0.1240321695804596,-0.09679953753948212,2.087493419647217,2.1454431779819667,658.6082035674183,0.8610274195671082,0.08663447946310043,0.05217909440398216,0.04415309056639671,0.0010804602643474936,0.7934414148330688
1679,0.01486816257238388,0.05659216642379761,0.10566931962966919,-0.055191438645124435,2.8957059383392334,3.8062649735284446,1433.4069936575072,0.4679827392101288,0.41193872690200806,0.12007473409175873,0.13952280580997467,0.0032203709706664085,0.22503265738487244
1680,0.014324786141514778,0.048621173948049545,0.09337650239467621,-0.12444456666707993,2.9073665142059326,3.3941989405165307,1285.7318723173657,0.5716902613639832,0.3470833897590637,0.08122560381889343,0.13250955939292908,0.004681315738707781,0.33725616335868835
1681,0.01564287580549717,0.05976923555135727,0.11564773321151733,0.019819365814328194,2.8800673484802246,3.8208598144423354,1426.5994223260634,0.5006416440010071,0.4193536937236786,0.07999234646558762,0.11625727266073227,0.0023194835521280766,0.2890937030315399
1682,0.015158228576183319,0.055321864783763885,0.09895292669534683,-0.16145767271518707,3.046938896179199,3.649625977209252,1529.5670551137168,0.4514032006263733,0.4400649964809418,0.10849440842866898,0.12743042409420013,0.003995663486421108,0.218973308801651
1683,0.014886320568621159,0.053186021745204926,0.10376552492380142,0.05356581509113312,3.0889651775360107,3.5728117970093165,1507.3175641641487,0.4668433368206024,0.4112994968891144,0.12183550000190735,0.1368400603532791,0.004110162146389484,0.21699415147304535
1684,0.01490218285471201,0.05609820410609245,0.10829576849937439,-0.033937957137823105,3.0476510524749756,3.764428651107982,1440.2908660744074,0.49371302127838135,0.3859306871891022,0.12031335383653641,0.13878268003463745,0.004065720364451408,0.24441027641296387
1685,0.014926182106137276,0.06299880146980286,0.12021346390247345,-0.0645132064819336,3.186040163040161,4.220690932055467,1526.288041970726,0.4738002121448517,0.36790135502815247,0.1582956314086914,0.13598790764808655,0.0039544980973005295,0.22476311028003693
1686,0.01488617155700922,0.049121592193841934,0.09790757298469543,-0.11211422830820084,2.777533531188965,3.2998136560782143,1447.428092461636,0.5088647603988647,0.349014014005661,0.14211933314800262,0.13078604638576508,0.0036753567401319742,0.2625129222869873
1687,0.0160981472581625,0.06065403297543526,0.11877253651618958,-0.15475627779960632,2.9898266792297363,3.767764824049123,1516.6054038600407,0.4776759147644043,0.40089258551597595,0.12139277160167694,0.1150941252708435,0.003915013279765844,0.22480419278144836
1688,0.025218559429049492,0.06425227224826813,0.1240321695804596,0.07230355590581894,2.272275924682617,2.54781691343192,631.6095114201328,0.860514760017395,0.0969393327832222,0.042543187737464905,0.03223491087555885,0.0017360271885991096,0.8075271844863892
1689,0.030417868867516518,0.06427470594644547,0.1240321695804596,-0.13264986872673035,2.0537195205688477,2.113057499993758,633.3598258181687,0.8761782050132751,0.07451548427343369,0.04926920309662819,0.04434933885931969,0.0011129953199997544,0.8105398416519165
1690,0.025855718180537224,0.06428878009319305,0.1240321695804596,0.05807434767484665,2.230043411254883,2.4864434103826096,601.8652622313732,0.8684617877006531,0.09567396342754364,0.03585794195532799,0.02879169024527073,0.0017624550964683294,0.8195644617080688
1691,0.01483264472335577,0.05395059287548065,0.10629934072494507,-0.17408660054206848,2.973814010620117,3.6372874748959445,1352.1241448897404,0.5317257642745972,0.35021400451660156,0.11804155260324478,0.13023269176483154,0.004726889543235302,0.2794131934642792
1692,0.030190376564860344,0.06432230025529861,0.1240321695804596,-0.11786872148513794,2.04162335395813,2.1305564080984363,658.5124929107332,0.8691706657409668,0.07795020937919617,0.052871547639369965,0.04205954819917679,0.0009713180479593575,0.8110685348510742
1693,0.017888380214571953,0.05610547959804535,0.10791116952896118,-0.2744087874889374,2.7263431549072266,3.136420342251288,1138.5417982577148,0.6893972754478455,0.1827959269285202,0.1277972161769867,0.09052826464176178,0.0016075826715677977,0.563266932964325
1694,0.015527576208114624,0.058387238532304764,0.10745355486869812,-0.08013840764760971,2.6586899757385254,3.7602287534117327,1477.9574678245135,0.48867112398147583,0.37066394090652466,0.1406102478504181,0.12206798046827316,0.003310728119686246,0.24449382722377777
1695,0.014974229037761688,0.05062592402100563,0.09825482964515686,-0.05740515515208244,2.9104907512664795,3.380870152977986,1285.5618011813242,0.5464809536933899,0.37191861867904663,0.08159133791923523,0.12787392735481262,0.003017788752913475,0.32111766934394836
1696,0.01483246497809887,0.054795145988464355,0.10277675837278366,0.041568707674741745,2.962127208709717,3.6942710510814485,1470.6281096630423,0.4851555824279785,0.37756094336509705,0.1372833251953125,0.1348712146282196,0.003425170201808214,0.23277083039283752
1697,0.03083875961601734,0.06430941075086594,0.1240321695804596,-0.1240522488951683,2.0787315368652344,2.0853436243712906,671.8987994053136,0.8666743040084839,0.07563436031341553,0.057689208537340164,0.040478385984897614,0.0010311049409210682,0.8075087070465088
1698,0.015001866966485977,0.053193915635347366,0.10480016469955444,-0.10028836131095886,3.115476131439209,3.5458197136820524,1386.466944742898,0.5246475338935852,0.36594849824905396,0.10940123349428177,0.13323622941970825,0.0044797188602387905,0.25640761852264404
1699,0.01497641671448946,0.05436328053474426,0.10085609555244446,-0.03707315772771835,2.98542857170105,3.6299257404155076,1585.3035906925677,0.4385516345500946,0.45089390873908997,0.11041738092899323,0.13465863466262817,0.0032570739276707172,0.20521233975887299
1700,0.025082437321543694,0.06426320970058441,0.1240321695804596,0.06790497153997421,2.199176788330078,2.562079947582513,612.6322664600045,0.8724866509437561,0.08370672166347504,0.0438062809407711,0.028802067041397095,0.0022384023759514093,0.8203716278076172
1701,0.030195100232958794,0.0642547607421875,0.1240321695804596,-0.11383121460676193,2.0470311641693115,2.127986336999261,602.6820947495147,0.8813384771347046,0.0793883204460144,0.03927258029580116,0.042657796293497086,0.000765376491472125,0.8168084025382996
1702,0.01754075288772583,0.05405460298061371,0.10114584863185883,-0.31410545110702515,2.706979990005493,3.0816580863730683,1084.9074224055353,0.7059703469276428,0.1789291799068451,0.11506865173578262,0.0959455594420433,0.0015876323450356722,0.5712137222290039
1703,0.014563379809260368,0.0642184391617775,0.10508351027965546,-0.14294113218784332,3.186497211456299,4.409583489440655,1468.3695691316132,0.4724920690059662,0.3869790732860565,0.14034859836101532,0.14148953557014465,0.004422531463205814,0.22050753235816956
1704,0.015077013522386551,0.0564519539475441,0.10919900238513947,-0.13574020564556122,2.7914607524871826,3.744239789927842,1346.2355509095687,0.5200457572937012,0.3705536723136902,0.1093987375497818,0.1240788921713829,0.004715872462838888,0.2652437090873718
1705,0.02536540850996971,0.06428247690200806,0.1240321695804596,0.07944244146347046,2.258305549621582,2.5342575056186454,632.1921129006594,0.8607872128486633,0.09657701104879379,0.042631734162569046,0.02832644432783127,0.002537115477025509,0.8067901730537415
1706,0.024937305599451065,0.0642504021525383,0.12403217703104019,0.047396425157785416,2.3037068843841553,2.576477314027709,643.6373886176474,0.8583766222000122,0.09355984628200531,0.04806339368224144,0.03134000673890114,0.0011369670974090695,0.8056196570396423
1707,0.015006071887910366,0.057768117636442184,0.1018691211938858,-0.013609603978693485,2.999277353286743,3.8496495328090083,1344.4313493398713,0.5252322554588318,0.39633461833000183,0.07838946580886841,0.1280386596918106,0.00306040165014565,0.30380183458328247
1708,0.025564318522810936,0.06423141062259674,0.1240321695804596,0.08351626992225647,2.2803783416748047,2.512541477011045,668.5254542518938,0.8495128154754639,0.09874808043241501,0.05173840746283531,0.02892475761473179,0.0015584554057568312,0.8008030652999878
1709,0.029892344027757645,0.06427788734436035,0.1240321695804596,-0.13499993085861206,2.0601084232330322,2.150312711593391,645.3113501083743,0.8728048801422119,0.07575467973947525,0.05143622308969498,0.04335833340883255,0.0016919455956667662,0.807246208190918
1710,0.014596564695239067,0.04887775331735611,0.09665624797344208,-0.08436521142721176,2.8465404510498047,3.3485792263127427,1510.7597454481438,0.46347805857658386,0.3968068063259125,0.13965576887130737,0.14338210225105286,0.004168407991528511,0.22724200785160065
1711,0.015491385012865067,0.05769570916891098,0.10986363887786865,-0.128359854221344,2.877462863922119,3.724373845028852,1431.3267795750592,0.49627941846847534,0.38051074743270874,0.12316543608903885,0.11725207418203354,0.005065002012997866,0.24686555564403534
1712,0.01843024231493473,0.06424417346715927,0.1240321695804596,-0.3590763211250305,2.927839756011963,3.4858018883242767,1148.6656400254356,0.6746503114700317,0.20914596319198608,0.11619231849908829,0.0847632884979248,0.0013885310618206859,0.5495169162750244
1713,0.018172357231378555,0.060724224895238876,0.11691582202911377,-0.22498495876789093,2.772951602935791,3.34157116320846,1098.2334621340551,0.6797241568565369,0.2103966772556305,0.10984792560338974,0.08447276055812836,0.002134015318006277,0.5544542074203491
1714,0.014487688429653645,0.046227943152189255,0.08880312740802765,-0.07149136811494827,2.7852959632873535,3.1908432717519157,1249.7792393923532,0.5830340385437012,0.3272554874420166,0.08961430937051773,0.13325180113315582,0.003589920699596405,0.3371925354003906
1715,0.01805129460990429,0.06263172626495361,0.11147471517324448,-0.3522947430610657,2.754424810409546,3.46965287614992,1060.2740869995541,0.6948676705360413,0.20277582108974457,0.1023494228720665,0.0897216647863388,0.001851078704930842,0.562288761138916
1716,0.025578921660780907,0.06370774656534195,0.12348255515098572,0.06713805347681046,2.2144744396209717,2.490634570437414,605.5403725800486,0.8756046295166016,0.08244636654853821,0.0419490821659565,0.028708528727293015,0.0023759915493428707,0.8223503232002258
1717,0.02534639462828636,0.06165862828493118,0.12142735719680786,0.062234144657850266,2.2302637100219727,2.432639007904029,656.3557915672881,0.8537669777870178,0.09885147213935852,0.04738026484847069,0.031010692939162254,0.0014681131578981876,0.7997996211051941
1718,0.014702792279422283,0.06430882960557938,0.10806496441364288,-0.15857410430908203,2.9890918731689453,4.373919482710147,1340.3519761303774,0.5408455729484558,0.34697186946868896,0.11212830990552902,0.13384224474430084,0.004398881457746029,0.27441924810409546
1719,0.018386105075478554,0.05828903242945671,0.10825491696596146,-0.28120073676109314,2.7806203365325928,3.170276259544834,1106.9479217706457,0.6702811121940613,0.22824063897132874,0.10146641731262207,0.08648795634508133,0.0014415326295420527,0.5422786474227905
1720,0.015138017944991589,0.05732489004731178,0.11279913783073425,-0.06980248540639877,3.2013068199157715,3.7868160978426437,1380.7345024869035,0.5117309093475342,0.40795692801475525,0.07994510978460312,0.12654228508472443,0.003245973726734519,0.2921282649040222
1721,0.01478989701718092,0.054926011711359024,0.09688375890254974,-0.08877860009670258,2.9180045127868652,3.7137521406565304,1308.1206747131198,0.5586021542549133,0.35963496565818787,0.08174603432416916,0.1282840222120285,0.002869394375011325,0.3216765820980072
1722,0.01767890155315399,0.05929729714989662,0.10725218057632446,-0.35481372475624084,2.714207172393799,3.3541279116384697,1013.7634617674349,0.7263525724411011,0.16939711570739746,0.1042480617761612,0.09054107218980789,0.0015993365086615086,0.5962373614311218
1723,0.02588348463177681,0.06424818187952042,0.1240321695804596,0.05985156074166298,2.3124678134918213,2.4822075849154244,657.7485816940082,0.8512929081916809,0.09799171984195709,0.05071290582418442,0.029241707175970078,0.001212629838846624,0.8040587902069092
1724,0.0139262480661273,0.048097673803567886,0.0871393084526062,-0.1689760982990265,2.8069353103637695,3.453742427373653,1200.708496384522,0.6153526306152344,0.29373833537101746,0.0904705822467804,0.14323633909225464,0.003213015850633383,0.3526307940483093
1725,0.025274937972426414,0.06434857845306396,0.1240321695804596,0.06592898070812225,2.242645502090454,2.545944070000046,604.9409787238153,0.8793259263038635,0.07663433253765106,0.0440341979265213,0.028632964938879013,0.0019735312089323997,0.8234589695930481
1726,0.017939742654561996,0.06427575647830963,0.11840049177408218,-0.2546004354953766,2.794773817062378,3.582869482154011,1143.1534670186409,0.6865370869636536,0.19243136048316956,0.12098850309848785,0.08985775709152222,0.00170307164080441,0.5646272897720337
1727,0.015030582435429096,0.05124847963452339,0.09623663127422333,-0.15766863524913788,2.856757879257202,3.4096136893746873,1575.8141397908344,0.4507623612880707,0.3868800103664398,0.16233418881893158,0.13076098263263702,0.004068366251885891,0.22201798856258392
1728,0.014066160656511784,0.04533355310559273,0.0857589989900589,-0.2232333868741989,2.8891401290893555,3.2228803729312694,1282.1111738000366,0.5859635472297668,0.3097411096096039,0.10420860350131989,0.14295527338981628,0.0035349056124687195,0.3377475142478943
1729,0.03019004873931408,0.06414266675710678,0.1240321695804596,-0.12364354729652405,2.037064790725708,2.1246294535276555,611.4917232943445,0.8868407607078552,0.06484262645244598,0.047944288700819016,0.040536243468523026,0.0012754170456901193,0.8205173015594482
1730,0.018486930057406425,0.0617453008890152,0.11435072124004364,-0.2955900728702545,2.749380111694336,3.339943446204483,1051.6766769488127,0.6825144290924072,0.22283634543418884,0.09464365243911743,0.08441106975078583,0.0011981948046013713,0.5640034079551697
1731,0.024837257340550423,0.06425967812538147,0.1240321695804596,0.05028202012181282,2.2712795734405518,2.587229227515431,639.8877362193006,0.8614621758460999,0.09194758534431458,0.04659002274274826,0.030701519921422005,0.0018751705065369606,0.8078508377075195
1732,0.025127656757831573,0.06430398672819138,0.1240321695804596,0.06665509194135666,2.226222515106201,2.5590920532448997,608.6230826213448,0.875765860080719,0.08360318094491959,0.04063086584210396,0.030862944200634956,0.0019582752138376236,0.8209359049797058
1733,0.01479008886963129,0.05152123421430588,0.0967898964881897,-0.09777531027793884,3.0120363235473633,3.4834972707034706,1389.1328979359762,0.5224656462669373,0.3646147847175598,0.11286821961402893,0.13313846290111542,0.004255997948348522,0.26372963190078735
1734,0.030307365581393242,0.06416888535022736,0.1240321695804596,-0.11978065967559814,2.0776238441467285,2.117270310934106,626.9350163780208,0.8762819766998291,0.07616998255252838,0.04701356962323189,0.04354136064648628,0.0014051401522010565,0.808085560798645
1735,0.014242952689528465,0.045795004814863205,0.08794887363910675,-0.14684239029884338,2.858736038208008,3.2152746561685057,1240.8221394072514,0.5904937982559204,0.3232831060886383,0.08616900444030762,0.13630250096321106,0.003520205384120345,0.3435805141925812
1736,0.018003441393375397,0.05976669862866402,0.11758353561162949,-0.2388390302658081,2.7972300052642822,3.319737450159736,1129.6831313532175,0.6787269711494446,0.20123238861560822,0.12000060826539993,0.0899442583322525,0.0012589081889018416,0.5492538809776306
1737,0.014027968980371952,0.042025595903396606,0.08246183395385742,-0.09936990588903427,2.738206148147583,2.9958432299931173,1209.4818467614487,0.6036155819892883,0.30696240067481995,0.0893939957022667,0.13948959112167358,0.003827447537332773,0.344953328371048
1738,0.014942515641450882,0.05682382732629776,0.10689947009086609,-0.12425250560045242,3.093292474746704,3.8028286993967955,1555.708238465364,0.45778971910476685,0.4113449454307556,0.1307767778635025,0.13820278644561768,0.004472894594073296,0.21545973420143127
1739,0.025669390335679054,0.06421122699975967,0.1240321695804596,0.046781882643699646,2.2492074966430664,2.5014706682771544,637.9990343196627,0.8588588833808899,0.09622783213853836,0.04491303116083145,0.02945740520954132,0.0014032300096005201,0.8071795105934143
1740,0.01826869137585163,0.05924765393137932,0.11616888642311096,-0.29780054092407227,2.73991060256958,3.24312523043946,1045.102279908926,0.6977823972702026,0.20361477136611938,0.09859953075647354,0.08495789766311646,0.0019727919716387987,0.5755882859230042
1741,0.01456390880048275,0.04785526916384697,0.09502597153186798,-0.03610005974769592,2.9388606548309326,3.2858808590572077,1471.3415899192355,0.48469212651252747,0.38727712631225586,0.12801778316497803,0.14102916419506073,0.004716917872428894,0.23011578619480133
1742,0.02466556616127491,0.06425782293081284,0.1240321695804596,0.03812531381845474,2.3428173065185547,2.6051631050372097,654.8513504940202,0.8629249334335327,0.08491000533103943,0.05216417461633682,0.031655266880989075,0.0012955543352290988,0.8110981583595276
1743,0.02565115876495838,0.06428951025009155,0.12403217703104019,0.04856891930103302,2.249117851257324,2.506300430193823,632.8745925332585,0.8608067035675049,0.09535150974988937,0.04383820667862892,0.0313575342297554,0.002051643328741193,0.803616464138031
1744,0.01479234080761671,0.05744200944900513,0.10219617187976837,-0.15882031619548798,2.9989559650421143,3.883226474578282,1491.009226534637,0.4714537560939789,0.39192119240760803,0.13660864531993866,0.13282814621925354,0.00403409730643034,0.21876569092273712
1745,0.014925689436495304,0.049300577491521835,0.09687680006027222,-0.13638842105865479,2.8272593021392822,3.3030686922690666,1406.131551408415,0.5188156962394714,0.3805945813655853,0.10057630389928818,0.12379089742898941,0.003400066401809454,0.29483988881111145
