均方根_RMS,峰值_Peak,峰峰值_PeakToPeak,偏度_Skewness,峭度_Kurtosis,峰值因子_CrestFactor,频率重心_Hz,0到1kHz能量占比,1到3kHz能量占比,3到5kHz能量占比,一倍频能量占比,二倍频能量占比,三四倍频能量占比
0.03295540437102318,0.06415481865406036,0.12403217703104019,-0.09451784193515778,1.8658934831619263,1.9467161722501363,512.1296511083784,0.9202423095703125,0.05315379798412323,0.026231799274683,0.024429496377706528,0.00015911839727777988,0.8840022683143616
0.012688722461462021,0.04606582596898079,0.09023356437683105,-0.0639108344912529,2.928459882736206,3.6304542167472498,1846.2572465771332,0.32850465178489685,0.4838559329509735,0.1870172917842865,0.03947100415825844,0.0009552549454383552,0.153178408741951
0.020344367250800133,0.060068920254707336,0.11183230578899384,-0.20824262499809265,2.3845691680908203,2.9526069555882724,793.6352412318363,0.7944217324256897,0.1483762115240097,0.05708562955260277,0.05617070570588112,0.0012957501458004117,0.7100083827972412
0.013248616829514503,0.04332336038351059,0.07637716829776764,-0.17218832671642303,2.651787281036377,3.2700289349245333,1088.171714728703,0.6617889404296875,0.23929306864738464,0.09874803572893143,0.054733239114284515,0.0018008026527240872,0.5548396110534668
0.016161397099494934,0.04640299454331398,0.08781679719686508,-0.13202796876430511,2.503933906555176,2.871224205108661,914.3441454079154,0.7436874508857727,0.18263402581214905,0.0736754760146141,0.037009209394454956,0.00037232955219224095,0.668106734752655
0.021630972623825073,0.06268669664859772,0.11181473731994629,-0.12992046773433685,2.1346280574798584,2.8980063789020054,592.2802324462966,0.8826574087142944,0.08092406392097473,0.036297764629125595,0.03672639653086662,0.00021858270338270813,0.8272213339805603
0.013784060254693031,0.043826136738061905,0.082832470536232,-0.15730080008506775,2.713772773742676,3.1794794802903614,1164.3975192514217,0.6245018839836121,0.2689545452594757,0.10642237961292267,0.08060333132743835,0.0023524363059550524,0.45629680156707764
0.021178195253014565,0.05687236785888672,0.10738466680049896,-0.11744361370801926,2.0911476612091064,2.685420885809707,607.1200381292011,0.8828650712966919,0.07645062357187271,0.04064450412988663,0.03232091665267944,0.001382894697599113,0.8220973014831543
0.02635362558066845,0.06431862711906433,0.1240321695804596,-0.06765765696763992,1.9950705766677856,2.4405988056460926,589.9465569542508,0.887499988079071,0.07723207771778107,0.03526778146624565,0.01365196704864502,0.0005455962382256985,0.846396803855896
0.021422896534204483,0.05963924527168274,0.11637268960475922,-0.0719757229089737,2.2310338020324707,2.7839020355476634,732.7506783379634,0.8218235969543457,0.12613075971603394,0.050412144511938095,0.01949564926326275,9.555953874951228e-05,0.7656747698783875
0.014449600130319595,0.04684121534228325,0.09097324311733246,-0.13280360400676727,2.7450923919677734,3.241696304159631,1328.949030291985,0.5521404147148132,0.33222806453704834,0.11563082784414291,0.06896870583295822,0.0031315558589994907,0.3964422047138214
0.025166917592287064,0.06373804807662964,0.12347960472106934,-0.0476422943174839,2.034419298171997,2.532612420268381,585.3421992294282,0.886824369430542,0.07873960584402084,0.033925674855709076,0.02293580211699009,0.0007102331728674471,0.8440580368041992
0.01631082221865654,0.04935077950358391,0.09246505051851273,-0.05919279158115387,2.637366533279419,3.025646337074913,1182.344904824338,0.6208663582801819,0.28265121579170227,0.09629537910223007,0.0987691655755043,0.0045252288691699505,0.4604898691177368
0.014837069436907768,0.04666122421622276,0.08510693907737732,-0.23133738338947296,2.4497318267822266,3.144908393904682,850.2681125415095,0.7635027766227722,0.16835688054561615,0.06811933219432831,0.06826099753379822,0.005127956159412861,0.6510920524597168
0.01838344894349575,0.06264298409223557,0.11119940131902695,-0.18883681297302246,2.522268056869507,3.4075751661927245,935.5375002456768,0.7289223074913025,0.19459660351276398,0.07645228505134583,0.07909664511680603,0.002328870352357626,0.605553150177002
0.024254562333226204,0.06454625725746155,0.1240321695804596,-0.0989990159869194,2.038407802581787,2.661200658582025,576.7924574893597,0.8998621702194214,0.05912109464406967,0.04065505415201187,0.02100711688399315,0.0009914394468069077,0.8565555810928345
0.020511187613010406,0.06066352128982544,0.11219437420368195,-0.06740733981132507,2.2477526664733887,2.9575820977030367,747.0973779165303,0.8248530030250549,0.1138908863067627,0.058868490159511566,0.016723478212952614,0.0011319232871755958,0.7796177268028259
0.011678366921842098,0.041629303246736526,0.07541051506996155,-0.2744254767894745,2.9665260314941406,3.564651078509309,1360.5285389720073,0.5583924651145935,0.31014522910118103,0.13125206530094147,0.11276227235794067,0.0033601829782128334,0.3715389370918274
0.021706383675336838,0.057620760053396225,0.1081119030714035,-0.16213074326515198,2.1825623512268066,2.6545536517080626,687.7073469238695,0.849266529083252,0.09890438616275787,0.05069645121693611,0.032980140298604965,0.0004597182269208133,0.7934972047805786
0.01471058651804924,0.04796607792377472,0.09537892043590546,-0.1848231554031372,2.714076519012451,3.260650271262931,1208.2776732719597,0.6166365742683411,0.2749926745891571,0.10815060138702393,0.08326483517885208,0.0011679156450554729,0.46938344836235046
0.014795581810176373,0.0492076501250267,0.09133031964302063,-0.20125621557235718,2.786142587661743,3.3258340735107788,1284.9787834954432,0.5859547853469849,0.2903735041618347,0.11967271566390991,0.0911373421549797,0.0016274269437417388,0.4322860836982727
0.01761258766055107,0.053939398378133774,0.09891831129789352,-0.10272038727998734,2.3883395195007324,3.0625481851190712,840.4508552271368,0.783305823802948,0.15070270001888275,0.06559312343597412,0.036688510328531265,0.001318474649451673,0.701430082321167
0.02155795879662037,0.06079883500933647,0.11367130279541016,-0.1373920440673828,2.2262558937072754,2.8202500793371788,728.914865281443,0.8209458589553833,0.12869016826152802,0.05002786964178085,0.05000849813222885,0.0010340043809264898,0.7449492812156677
0.01387115754187107,0.0559038408100605,0.09810854494571686,-0.13428737223148346,2.9328243732452393,4.030221748782002,1540.168011923144,0.46060582995414734,0.40123865008354187,0.13567876815795898,0.1020030677318573,0.0004817053268197924,0.2859295606613159
0.01463757548481226,0.05760446563363075,0.10404986143112183,-0.02778458222746849,3.0943405628204346,3.9353829935473224,1758.747414686105,0.35716694593429565,0.5074012279510498,0.13520200550556183,0.07627146691083908,0.0023746273946017027,0.1662716567516327
0.014789918437600136,0.05062050372362137,0.09690579026937485,-0.16056041419506073,2.992262363433838,3.422635759201157,1315.1613591473588,0.5603172779083252,0.3324054777622223,0.10653364658355713,0.11221924424171448,0.0023913488257676363,0.38244614005088806
0.021181656047701836,0.059517934918403625,0.11781193315982819,-0.12392251938581467,2.290264129638672,2.809881096244659,763.9369385681335,0.8101719617843628,0.1356930434703827,0.05346347764134407,0.036775678396224976,0.0007354288245551288,0.7468053102493286
0.01320618949830532,0.045341406017541885,0.08968479931354523,-0.055310603231191635,3.0497660636901855,3.4333451007898197,1824.2295450496547,0.3410879671573639,0.5079902410507202,0.15052109956741333,0.09464097023010254,0.001967825461179018,0.12919946014881134
0.013351580128073692,0.04827737808227539,0.08882540464401245,-0.08825372904539108,2.8515782356262207,3.61585502356752,1336.1174714761382,0.5554429292678833,0.33368515968322754,0.11036800593137741,0.14045269787311554,0.003520689671859145,0.3329707384109497
0.02101936563849449,0.058572933077812195,0.11076019704341888,-0.09673141688108444,2.266007423400879,2.7866175450964206,793.2949284865749,0.7900146842002869,0.15577468276023865,0.053702425211668015,0.029128532856702805,0.0006898542633280158,0.727094292640686
0.023980462923645973,0.0623687319457531,0.1213434487581253,-0.10559471696615219,2.126225233078003,2.600814343815419,592.3725909989934,0.8828072547912598,0.07785939425230026,0.038609828799963,0.05358482524752617,0.0014639288419857621,0.8111518621444702
0.016704214736819267,0.06444770842790604,0.11968731135129929,-0.09783117473125458,2.939793348312378,3.8581704940605714,1570.9969739377973,0.4428947865962982,0.445646733045578,0.11144838482141495,0.09622424095869064,0.0042366767302155495,0.25737032294273376
0.03456742689013481,0.06435123831033707,0.12403217703104019,-0.08585947751998901,1.879334807395935,1.8616149392027972,515.3175535834664,0.9153593182563782,0.05692186951637268,0.027508661150932312,0.04017055779695511,0.001979213673621416,0.8585635423660278
0.014174203388392925,0.04780694469809532,0.09512299299240112,-0.005069548264145851,3.0914721488952637,3.372813510907499,1698.9499306760315,0.4012717008590698,0.47351956367492676,0.12491555511951447,0.10799796134233475,0.0013382787583395839,0.2032562792301178
0.015376568771898746,0.05593737214803696,0.10297418385744095,-0.15758544206619263,2.728727102279663,3.637831883965346,1118.0697179198519,0.6410437822341919,0.27564528584480286,0.08309370279312134,0.1120825782418251,0.005726394709199667,0.43501758575439453
0.015230809338390827,0.04949728026986122,0.09558971226215363,-0.12314645200967789,2.8110225200653076,3.2498128738207237,1396.8218036067587,0.5254346132278442,0.35189682245254517,0.12154620885848999,0.10347858816385269,0.006053970195353031,0.3347621560096741
0.014673328027129173,0.043958306312561035,0.08417534828186035,-0.13580244779586792,2.4504520893096924,2.9957966064884363,962.0312920646793,0.72179114818573,0.19772998988628387,0.0801776722073555,0.07135697454214096,0.00023383823281619698,0.5950205326080322
0.013280129060149193,0.05243043974041939,0.0996684804558754,-0.07527957111597061,3.088665008544922,3.9480369128191537,1556.2277644763005,0.4580919146537781,0.4065130650997162,0.1342107504606247,0.09977614134550095,0.0006018666317686439,0.24231986701488495
0.01646435633301735,0.05134699121117592,0.10156673938035965,-0.11523140221834183,2.504513740539551,3.1186758941244994,1033.3275881722802,0.703676164150238,0.19800160825252533,0.0968896746635437,0.054669853299856186,0.0032013284508138895,0.5895292162895203
0.018234923481941223,0.0625009834766388,0.10726298391819,-0.2167767733335495,2.4637131690979004,3.4275429526813475,846.2077826639372,0.771683394908905,0.16102035343647003,0.06705115735530853,0.07355950772762299,0.0017854702891781926,0.6512159705162048
0.011572491377592087,0.04529862850904465,0.08845220506191254,0.06677888333797455,3.2767088413238525,3.9143367687309256,1869.0361228481322,0.32157909870147705,0.524345874786377,0.15406659245491028,0.14248740673065186,0.0056689721532166,0.075871542096138
0.016497723758220673,0.05164242163300514,0.09951913356781006,-0.18501406908035278,2.678710460662842,3.130275569327672,1242.9855061595033,0.5876911878585815,0.3167990446090698,0.09510057419538498,0.1040998101234436,0.0023597588296979666,0.4137398898601532
0.012581544928252697,0.044543229043483734,0.0886342003941536,0.03615809977054596,3.2303590774536133,3.5403624351345426,1943.8424264436774,0.30647194385528564,0.5263630151748657,0.1671276092529297,0.10898231714963913,0.0017511578043922782,0.11429224908351898
0.015336362645030022,0.05699227377772331,0.10701258480548859,-0.23297502100467682,3.0846354961395264,3.7161532426645087,1523.4457549483054,0.45181524753570557,0.4337340295314789,0.11373277753591537,0.09662141650915146,0.0015575155848637223,0.2868852913379669
0.02000189572572708,0.058587394654750824,0.10657182335853577,-0.11033632606267929,2.222597360610962,2.929092094829029,700.6500300044528,0.842694878578186,0.10017751902341843,0.05705719813704491,0.04779941588640213,0.001984505681321025,0.7575329542160034
0.0341622494161129,0.06419818848371506,0.12403217703104019,-0.03713332489132881,1.811941146850586,1.879214325142075,477.90096771921895,0.9346921443939209,0.04197339713573456,0.023331498727202415,0.02329602837562561,0.0007188436575233936,0.8879739046096802
0.013708052225410938,0.044449105858802795,0.08786176145076752,-0.1129865050315857,2.807102918624878,3.242554458113596,1220.8453140877766,0.5894407629966736,0.30860960483551025,0.10194838792085648,0.1305651068687439,0.004272895865142345,0.35622286796569824
0.028736047446727753,0.06409705430269241,0.12403217703104019,-0.08313017338514328,2.0367541313171387,2.2305452557206427,568.2501840798553,0.896229088306427,0.07074575126171112,0.03293187543749809,0.016933811828494072,0.00011497380182845518,0.8621858954429626
0.011345208622515202,0.0367802232503891,0.06926929950714111,0.08561085909605026,2.933199882507324,3.2419168717757,1772.0659588485914,0.3731803894042969,0.4821251928806305,0.1438935548067093,0.1519501805305481,0.0038034033495932817,0.1086970791220665
0.013307124376296997,0.049686599522829056,0.0984886959195137,-0.06825704127550125,2.9018125534057617,3.73383445694686,1311.3321121361203,0.5554207563400269,0.33181798458099365,0.11241773515939713,0.15060004591941833,0.002382126171141863,0.29750820994377136
0.022957531735301018,0.06217826530337334,0.11811298131942749,-0.19421079754829407,2.3228096961975098,2.708403761239521,742.9328125734019,0.8180990219116211,0.12739315629005432,0.054495006799697876,0.05162758752703667,0.003212354611605406,0.7304739952087402
0.012356213293969631,0.04762754961848259,0.08515763282775879,-0.1064164862036705,3.0303914546966553,3.854542527027464,1863.9731424153217,0.3338019847869873,0.5135976672172546,0.15251341462135315,0.09329073876142502,0.008606025949120522,0.11619331687688828
0.013057474046945572,0.05212873965501785,0.09436829388141632,-0.09143274277448654,2.9850101470947266,3.992252978149296,1443.8018145199635,0.5095595121383667,0.36496812105178833,0.12465884536504745,0.12026406824588776,0.003553245449438691,0.289638876914978
0.014414824545383453,0.04563043266534805,0.08925892412662506,-0.08897315710783005,2.771690845489502,3.165521197883488,1281.3495252941545,0.5662183165550232,0.329936146736145,0.10354647040367126,0.08120279759168625,0.0013096715556457639,0.37709590792655945
0.018659178167581558,0.06447290629148483,0.12101340293884277,-0.1226346343755722,2.808750867843628,3.455291852030478,1319.2932189777412,0.5716851353645325,0.3271460235118866,0.09811202436685562,0.03658292442560196,0.0028911693952977657,0.4806576073169708
0.015430635772645473,0.054073356091976166,0.10092073678970337,-0.045152463018894196,2.8824424743652344,3.50428568758845,1455.4044926888328,0.5053428411483765,0.360461950302124,0.1341945230960846,0.07736124098300934,0.0008315493469126523,0.339872270822525
0.025052331387996674,0.06417041271924973,0.1225699633359909,-0.13070712983608246,2.134223461151123,2.561454729416291,617.8851679500832,0.8716650605201721,0.09106510132551193,0.03698638826608658,0.0471501387655735,0.001283856458030641,0.8013995289802551
0.014902847819030285,0.052681222558021545,0.0993991568684578,-0.15900981426239014,2.7285192012786865,3.5349768845666496,1333.1163088482087,0.5531719923019409,0.331843763589859,0.11453738063573837,0.10163524001836777,0.0033024584408849478,0.37910065054893494
0.014683929271996021,0.05258695408701897,0.10070297122001648,0.004540713969618082,3.1462786197662354,3.581259015168863,1981.3639463936463,0.26351097226142883,0.5950726270675659,0.14100569486618042,0.0628606379032135,0.000525320356246084,0.1039460152387619
0.021314114332199097,0.06264663487672806,0.12251296639442444,-0.16349652409553528,2.334195613861084,2.939208915622123,749.1938088744924,0.8112702369689941,0.13315722346305847,0.05537184327840805,0.06245393678545952,0.0013918883632868528,0.7190065383911133
0.018529634922742844,0.057086728513240814,0.10438737273216248,-0.19241608679294586,2.3653290271759033,3.0808339585845297,803.0192797399185,0.790946364402771,0.14674490690231323,0.061382442712783813,0.04667046293616295,0.0010096506448462605,0.7025728821754456
0.012070612981915474,0.04352323338389397,0.07905943691730499,-0.03873278200626373,2.9023637771606445,3.605718570009324,1692.557208406993,0.38618913292884827,0.47274282574653625,0.14063899219036102,0.14824636280536652,0.002050545532256365,0.12065926939249039
0.012850720435380936,0.044455431401729584,0.08870965242385864,-0.0014250065432861447,3.089033603668213,3.459372696014331,1663.3403316352708,0.4083516597747803,0.4391040802001953,0.15237486362457275,0.09645742923021317,0.003771199146285653,0.17356008291244507
0.022910993546247482,0.0641956701874733,0.12403217703104019,-0.12014301866292953,2.634730339050293,2.8019592452456408,1128.3167471327681,0.6654708385467529,0.22337859869003296,0.10154116898775101,0.07029327750205994,0.0039792233146727085,0.5395842790603638
0.01803523860871792,0.05317453667521477,0.10298202931880951,-0.1912291944026947,2.4695281982421875,2.9483689030076246,934.335903661674,0.7235664129257202,0.2045994997024536,0.07177116721868515,0.05940781533718109,0.0007660984992980957,0.6122398972511292
0.013106795027852058,0.04278605058789253,0.0796966403722763,-0.21529147028923035,2.699730157852173,3.264417463896198,1220.4000462707943,0.6066158413887024,0.275162011384964,0.11820535361766815,0.1086631566286087,0.0015985312638804317,0.42567142844200134
0.039658889174461365,0.06467323005199432,0.1240321695804596,-0.05997399613261223,1.6823283433914185,1.630737304967442,463.4153706113438,0.9432569146156311,0.035855330526828766,0.0207818653434515,0.015230469405651093,0.0008196650305762887,0.9096519947052002
0.02510172314941883,0.05777475982904434,0.11222360283136368,-0.014416764490306377,1.8473504781723022,2.301625250300012,547.8862792704201,0.9111379981040955,0.0566650927066803,0.0321897529065609,0.0027767044957727194,0.00020163693989161402,0.884401798248291
0.014506164006888866,0.05538836121559143,0.10629495978355408,-0.053267136216163635,3.1686863899230957,3.8182638211914366,1694.0246227776709,0.3754732608795166,0.49902692437171936,0.12546832859516144,0.11168835312128067,0.008213071152567863,0.16366663575172424
0.014661027118563652,0.05140203237533569,0.1005774736404419,-0.06253760308027267,2.9543869495391846,3.506032146052366,1597.6876962446772,0.42823752760887146,0.44186118245124817,0.1297454982995987,0.11550939083099365,0.0036653359420597553,0.20759256184101105
0.018106315284967422,0.06459285318851471,0.12386651337146759,-0.13392671942710876,2.7412924766540527,3.5674212101329545,1297.795340576417,0.567426323890686,0.3306189775466919,0.10191561281681061,0.08465275168418884,0.0027877369429916143,0.41909468173980713
0.018557630479335785,0.05989374592900276,0.10917967557907104,-0.11547393351793289,2.4396049976348877,3.2274457664445877,880.9326457221969,0.7593963146209717,0.17063097655773163,0.06894068419933319,0.03912511095404625,0.0002726513775996864,0.6869412064552307
0.039639800786972046,0.06443838775157928,0.12403217703104019,-0.07423622906208038,1.7155356407165527,1.6255981733170544,476.403933241263,0.9381666779518127,0.037849657237529755,0.023835446685552597,0.024137016385793686,0.0016621442046016455,0.8947025537490845
0.012189675122499466,0.044485241174697876,0.08139388263225555,-0.26424840092658997,2.9619345664978027,3.6494197527002554,1402.314281367431,0.5196089148521423,0.35060474276542664,0.1296033412218094,0.16090282797813416,0.007712266873568296,0.2792636752128601
0.016776012256741524,0.05991021543741226,0.11907576024532318,-0.12464406341314316,2.7858219146728516,3.5711833370749875,1141.836775028863,0.6336434483528137,0.2736377716064453,0.09148494899272919,0.07765727490186691,0.002896060235798359,0.5077318549156189
0.010852201841771603,0.033566102385520935,0.06707994639873505,0.038440439850091934,2.7980237007141113,3.0930223075309393,1596.7366788472705,0.42593079805374146,0.4230499863624573,0.14804847538471222,0.1737450212240219,0.0006321213440969586,0.16225168108940125
0.014611882157623768,0.047340523451566696,0.08855127543210983,-0.19133800268173218,2.5736045837402344,3.2398648536613646,966.4883930384757,0.7182326912879944,0.19931016862392426,0.08227529376745224,0.06084390729665756,0.0014897999353706837,0.585846483707428
0.03739863634109497,0.06443174928426743,0.12403217703104019,-0.03942388668656349,1.7448943853378296,1.722836862149026,466.0372693793527,0.9398452043533325,0.03880450502038002,0.021334238350391388,0.037726715207099915,0.0005334587767720222,0.885857105255127
0.01696053333580494,0.05475537106394768,0.1074736937880516,-0.08969040960073471,3.072756052017212,3.2283991297093615,1722.683534589435,0.37819480895996094,0.4946768879890442,0.12549875676631927,0.08535146713256836,0.0033338500652462244,0.2261742353439331
0.014389187097549438,0.04901682958006859,0.0922655537724495,-0.01754215732216835,2.9750382900238037,3.4065044289409463,1934.1662734211227,0.29709023237228394,0.559050977230072,0.1434555947780609,0.09674444049596786,0.0014343152288347483,0.12545718252658844
0.020884212106466293,0.06443072110414505,0.11866941303014755,-0.22197112441062927,2.4814679622650146,3.0851401418735107,878.7236031164151,0.7560173869132996,0.17093482613563538,0.07148685306310654,0.07142170518636703,0.0046952455304563046,0.6347694993019104
0.021575666964054108,0.05896478518843651,0.11213846504688263,-0.1067151427268982,2.1021275520324707,2.7329298919908798,645.7620430555237,0.8694384098052979,0.08271244913339615,0.047532662749290466,0.027065293863415718,0.0005089962505735457,0.810727059841156
0.014665482565760612,0.04693707823753357,0.09225183725357056,-0.06259866058826447,2.652303457260132,3.200513724922812,1327.8662773421781,0.5553887486457825,0.3349301218986511,0.10945164412260056,0.11451978236436844,0.005671401973813772,0.348825603723526
0.014162588864564896,0.048341937363147736,0.0950014740228653,-0.05093340203166008,2.901238441467285,3.413354565469803,1560.3614460755925,0.4467194676399231,0.41861361265182495,0.1342206597328186,0.12252091616392136,0.005282818805426359,0.22635340690612793
0.02385552041232586,0.06016150116920471,0.11987537145614624,-0.09166605770587921,2.143205165863037,2.521911076632731,640.6063756436147,0.8632689714431763,0.09525831043720245,0.04118657857179642,0.024948162958025932,0.0013194947969168425,0.8117992877960205
0.013371702283620834,0.05882072448730469,0.10162941366434097,-0.011159352026879787,2.9843151569366455,4.39889576026203,1833.8576330711737,0.33307966589927673,0.5083720684051514,0.15841789543628693,0.09215465188026428,0.003981619607657194,0.12610095739364624
0.01716843619942665,0.05100715905427933,0.09595488011837006,-0.15532974898815155,2.3358917236328125,2.9709845706862783,766.5157446851497,0.8127965331077576,0.12619753181934357,0.06100425869226456,0.051428262144327164,0.0005966746830381453,0.7289961576461792
0.015360662713646889,0.05178360641002655,0.09483839571475983,-0.10935613512992859,2.5262725353240967,3.3711830909905474,1146.1566080602063,0.6477832794189453,0.2563781142234802,0.09563684463500977,0.05312513932585716,0.00025445144274272025,0.5239184498786926
0.02210846357047558,0.06436692923307419,0.11775219440460205,-0.09795282781124115,2.1741580963134766,2.911415758267374,661.2190897702159,0.8550513386726379,0.09916490316390991,0.04538042098283768,0.04502132534980774,0.001542616868391633,0.780010461807251
0.017491856589913368,0.05394209921360016,0.10352328419685364,-0.11517033725976944,2.6384451389312744,3.08384069656859,1250.2507914086102,0.5872947573661804,0.3046439588069916,0.10804788023233414,0.08799760043621063,0.0014372310834005475,0.43503472208976746
0.017322879284620285,0.06419374793767929,0.10818050801753998,-0.3114153742790222,2.7331600189208984,3.7057204451552406,1054.4666788571517,0.6788673996925354,0.2360864281654358,0.08488357067108154,0.09877090901136398,0.003992799669504166,0.5282033681869507
0.01613192819058895,0.053611669689416885,0.10445099323987961,-0.19407527148723602,2.824777364730835,3.323326824462903,1223.9840872302684,0.6082934141159058,0.28685471415519714,0.10485079139471054,0.09857150167226791,0.0022916060406714678,0.43371742963790894
0.012408383190631866,0.051210545003414154,0.09023451805114746,-0.09855096787214279,2.8880069255828857,4.127092483567901,1464.275285954844,0.5075110197067261,0.3486696779727936,0.14380717277526855,0.07641693949699402,0.0007814420387148857,0.3340473771095276
0.01906430535018444,0.05632490664720535,0.10418832302093506,-0.1518680453300476,2.421091079711914,2.954469392387589,873.0100674510174,0.7641249895095825,0.16573944687843323,0.06899768114089966,0.03223417326807976,0.000877798069268465,0.6942281723022461
0.014856950379908085,0.04639880359172821,0.08802235126495361,-0.16572405397891998,2.580223798751831,3.1230368549492473,1109.5747636255198,0.651488184928894,0.2591319680213928,0.08925668150186539,0.11851871013641357,0.0029806967359036207,0.4592641592025757
0.013844180852174759,0.04688562452793121,0.09120351076126099,-0.052229300141334534,2.863199234008789,3.3866665731385157,1569.9009057997378,0.46614155173301697,0.4029604494571686,0.13085053861141205,0.050179366022348404,0.0008905563154257834,0.3219384253025055
0.013137375004589558,0.05392051488161087,0.10710674524307251,-0.08384847640991211,3.236114740371704,4.104359878489372,1973.3105028507616,0.2720414996147156,0.568596363067627,0.15895847976207733,0.10998422652482986,0.007836963050067425,0.09889866411685944
0.015452009625732899,0.04862470179796219,0.09047999233007431,-0.12992537021636963,2.782811164855957,3.14682057367079,1313.0354035600915,0.5419313907623291,0.36465898156166077,0.09337251633405685,0.11510594934225082,0.0018489258363842964,0.3614426255226135
0.016128772869706154,0.05440216511487961,0.0966496467590332,-0.2024940401315689,2.735095739364624,3.3729884815780014,1193.505856822909,0.6184965372085571,0.27214404940605164,0.10899307578802109,0.09021449834108353,0.002361944643780589,0.45531514286994934
0.013853277079761028,0.05398418381810188,0.1032719835639,-0.08872110396623611,2.841358184814453,3.8968529614608896,1255.5321806357094,0.603510320186615,0.2885279357433319,0.1070154458284378,0.07028937339782715,0.0007632351480424404,0.4556315243244171
0.01276369672268629,0.042755112051963806,0.08107338845729828,-0.08122989535331726,2.8003878593444824,3.349743650099489,1791.8498708059592,0.3559357225894928,0.49908536672592163,0.14491134881973267,0.11953649669885635,0.006900819484144449,0.14827999472618103
0.01415324304252863,0.05035209283232689,0.09986573457717896,-0.11585382372140884,3.0724449157714844,3.557636414316341,1813.443783353923,0.35112470388412476,0.5067217946052551,0.14208854734897614,0.09457376599311829,0.0026092228945344687,0.13873440027236938
0.013084640726447105,0.05337340384721756,0.1026967316865921,-0.0194353349506855,3.142868995666504,4.079088219461647,1990.4495635176281,0.2794705331325531,0.5397493243217468,0.18073053658008575,0.10214456170797348,0.0018403100548312068,0.07562074810266495
0.023406442254781723,0.05984097719192505,0.11716959625482559,-0.12829241156578064,2.126005172729492,2.556602859075838,649.0963587284949,0.8642216920852661,0.08665437251329422,0.048847880214452744,0.031170319765806198,0.0010911923600360751,0.8146858811378479
0.015041288919746876,0.054354649037122726,0.1037980169057846,-0.18677353858947754,2.903073310852051,3.6136962279974436,1204.0099432160175,0.6049010157585144,0.2870006561279297,0.1077386885881424,0.0906766802072525,0.00030425903969444335,0.4475798010826111
0.01374906301498413,0.04828641936182976,0.08635255694389343,-0.12134917080402374,2.7089180946350098,3.5119789112679043,1203.8985473449147,0.6160193085670471,0.2763655185699463,0.10761522501707077,0.12364622205495834,0.002163523342460394,0.4075217843055725
0.02661818452179432,0.0643245130777359,0.1240321695804596,-0.09485885500907898,2.0238373279571533,2.4165627457669774,535.0399072293067,0.906777560710907,0.0657399594783783,0.026995917782187462,0.03086870349943638,0.000478858855785802,0.8598880171775818
0.021616965532302856,0.0640215277671814,0.11788249015808105,-0.257629930973053,2.487278938293457,2.9616334294723536,819.3153495680953,0.7801417708396912,0.16332603991031647,0.056094907224178314,0.06445043534040451,0.0017545778537169099,0.685609757900238
0.01800675317645073,0.05405331403017044,0.10037437081336975,-0.18192647397518158,2.315189838409424,3.001835672288753,853.3460027951812,0.7734291553497314,0.1559753715991974,0.07041925936937332,0.042746976017951965,0.0009155537700280547,0.6771222949028015
0.01596766896545887,0.052675824612379074,0.09603162109851837,-0.2392137050628662,2.724154233932495,3.2989051014915254,1044.3511552040989,0.6873270273208618,0.22236646711826324,0.0901583731174469,0.061375927180051804,0.002092086710035801,0.595504105091095
0.02091330848634243,0.05945701152086258,0.11249780654907227,-0.046375613659620285,2.1796767711639404,2.843022736304413,723.2330364947683,0.835379421710968,0.10774435847997665,0.05686971917748451,0.017283737659454346,0.0018066589254885912,0.7897783517837524
0.0306563600897789,0.06382059305906296,0.1240321695804596,-0.14101533591747284,2.089445114135742,2.081805957069884,579.9120743972603,0.8829811811447144,0.08469343185424805,0.03227345272898674,0.047929879277944565,0.002593808341771364,0.8138394355773926
0.01608855649828911,0.051576126366853714,0.08977632969617844,-0.21223130822181702,2.590062379837036,3.2057646917629103,898.6992709126787,0.7529764771461487,0.17004215717315674,0.07633078843355179,0.04149486497044563,0.002343793399631977,0.6720717549324036
0.01975546032190323,0.05600007623434067,0.10693764686584473,-0.11154177784919739,2.275819778442383,2.8346631928094195,706.7655334351296,0.8371574878692627,0.11141519248485565,0.05140605568885803,0.03627323731780052,0.0032511285971850157,0.7784944772720337
0.01630869321525097,0.04945976659655571,0.09310281276702881,-0.09086104482412338,2.4757556915283203,3.032724077933541,1013.9456843144567,0.7046469449996948,0.20038142800331116,0.09450721740722656,0.07412055134773254,0.001245897263288498,0.5882500410079956
0.013779254630208015,0.0627276599407196,0.10982175171375275,-0.21057267487049103,3.2682383060455322,4.552326059687622,1794.426253459404,0.34558987617492676,0.5183365941047668,0.13606739044189453,0.10407707840204239,0.0018945976626127958,0.13393157720565796
0.029878292232751846,0.06460682302713394,0.12403217703104019,-0.051997486501932144,1.8939825296401978,2.16233319232855,504.1462614119653,0.9250178337097168,0.04935475066304207,0.025612013414502144,0.02242041751742363,0.0001309933722950518,0.8811442852020264
0.016243506222963333,0.0527539998292923,0.09692224860191345,-0.10938362032175064,2.5311577320098877,3.2476978247138932,1109.4924497958166,0.6714760661125183,0.226217582821846,0.10156433284282684,0.053323328495025635,0.0006803549476899207,0.5638229250907898
0.013977140188217163,0.04973521828651428,0.0971207544207573,-0.16392286121845245,2.943573236465454,3.55832578147017,1487.2547914710321,0.4798130393028259,0.39879468083381653,0.12132012844085693,0.1351645290851593,0.006347218062728643,0.22715958952903748
0.015615973621606827,0.04850926622748375,0.0905895084142685,-0.1913624405860901,2.542576789855957,3.1063875618525754,1046.4686383955475,0.687830924987793,0.22060631215572357,0.0900062620639801,0.08811262249946594,0.0020999175030738115,0.5592468976974487
0.0258626788854599,0.06402795016765594,0.12403217703104019,-0.18860863149166107,2.331223726272583,2.4756890207988866,868.191965982679,0.774709939956665,0.1463901549577713,0.07278919219970703,0.054392337799072266,0.0026569408364593983,0.6810072064399719
0.015376455150544643,0.06430322676897049,0.10936781764030457,-0.2794312834739685,3.030207633972168,4.181927897894652,1529.7748765878914,0.4688456952571869,0.41253408789634705,0.11515811085700989,0.10347028821706772,0.007138250395655632,0.2924708127975464
0.03543625771999359,0.06426811963319778,0.12403217703104019,-0.04005686193704605,1.8080101013183594,1.8136260363385737,508.6468028316703,0.9202187061309814,0.05329178646206856,0.026465265080332756,0.03127653896808624,0.0008010428864508867,0.8696192502975464
0.028579210862517357,0.06396797299385071,0.1240321695804596,-0.09547939151525497,2.0590734481811523,2.238269394467735,560.2899201067237,0.8938759565353394,0.07549966871738434,0.030501073226332664,0.050013113766908646,0.0014291593106463552,0.8212141394615173
0.013182251714169979,0.044266294687986374,0.08581452071666718,-0.08730227500200272,2.8830759525299072,3.358022259356893,1455.529676228587,0.5238865613937378,0.3255864381790161,0.14867883920669556,0.08359041064977646,0.002390539739280939,0.34254297614097595
0.018578337505459785,0.0549183115363121,0.10792215913534164,-0.14673961699008942,2.4135689735412598,2.9560401471453903,893.0507309926043,0.7583845257759094,0.16816972196102142,0.07299758493900299,0.03491673991084099,0.0015451982617378235,0.6825816631317139
0.017336901277303696,0.0488717220723629,0.09515339136123657,-0.1902623325586319,2.3818461894989014,2.8189421677980904,810.5174581198779,0.791916012763977,0.1397664099931717,0.06831662356853485,0.06062450632452965,0.0018816208466887474,0.689898669719696
0.013058404438197613,0.050553858280181885,0.09577634930610657,-0.19417284429073334,2.9707424640655518,3.871365641611895,1381.8963591120666,0.5349769592285156,0.336969256401062,0.12804028391838074,0.09693709760904312,0.00020612281514331698,0.3459898829460144
0.014154563657939434,0.0429818220436573,0.0817481279373169,-0.2571215331554413,2.7232413291931152,3.0366052306043194,1165.7369624770665,0.6225627660751343,0.2777566611766815,0.09967335313558578,0.07756159454584122,0.0019928861875087023,0.47476640343666077
0.018230974674224854,0.05465586856007576,0.10504224896430969,-0.1700555831193924,2.5607075691223145,2.99796744462329,874.1682764519094,0.7641718983650208,0.1615455001592636,0.07398447394371033,0.02868078090250492,0.0003462469903752208,0.6953411102294922
0.01493116095662117,0.058910761028528214,0.10947364568710327,-0.17326398193836212,2.9668784141540527,3.945490989999606,1399.7687878958495,0.5273482799530029,0.34457188844680786,0.12803596258163452,0.09202490001916885,0.0022211119066923857,0.3322403132915497
0.017963165417313576,0.05394938960671425,0.09807683527469635,-0.13793569803237915,2.462752342224121,3.0033342314886475,853.0009977003995,0.7693679928779602,0.16515962779521942,0.06517308950424194,0.029640881344676018,0.0009018340497277677,0.698606014251709
0.022802259773015976,0.06427989155054092,0.12382133305072784,-0.17439883947372437,2.2389655113220215,2.8190140884102313,686.8003407332861,0.8439444899559021,0.10919314622879028,0.045624662190675735,0.03811159357428551,0.00039414665661752224,0.7872301340103149
0.024017712101340294,0.06310387700796127,0.12188731878995895,-0.11128354072570801,2.1470980644226074,2.627389184243424,626.6540874467009,0.8692415356636047,0.08981388807296753,0.04050450026988983,0.03454968333244324,0.00015074152906890959,0.8095331192016602
0.031879544258117676,0.06435532122850418,0.1240321695804596,-0.0632154569029808,1.930925726890564,2.018702673583494,520.791541558912,0.9149932265281677,0.05762733891606331,0.027340641245245934,0.03331601619720459,0.000939586607273668,0.8655045032501221
0.01807050034403801,0.057975463569164276,0.10690382122993469,-0.23854349553585052,2.470442771911621,3.208293210601875,824.7539431521305,0.7808021903038025,0.15221978724002838,0.06695923954248428,0.05239356681704521,0.0021856832318007946,0.6940454244613647
0.016107754781842232,0.05448068678379059,0.10463432967662811,-0.07331572473049164,2.7339563369750977,3.3822644756066627,1408.941712202065,0.5155717134475708,0.3686560392379761,0.11575338244438171,0.0941515862941742,0.002581366803497076,0.33817213773727417
0.01934659108519554,0.05708972364664078,0.10075778514146805,-0.10071887075901031,2.147493839263916,2.950893177629431,679.9171090077555,0.8521467447280884,0.09670297056436539,0.05114367976784706,0.029140591621398926,0.002304547466337681,0.7896425724029541
0.012332755140960217,0.04387418553233147,0.08644312620162964,-0.15322314202785492,2.951056718826294,3.5575331730260826,1467.0999363748117,0.518244206905365,0.3438383638858795,0.13791190087795258,0.09312958270311356,0.0049588424153625965,0.34750571846961975
0.02053103968501091,0.064275361597538,0.1207062229514122,-0.18659619987010956,2.360269069671631,3.130643288431849,839.2405362669283,0.7769801020622253,0.15273745357990265,0.07016362994909286,0.07081437855958939,0.0025385620538145304,0.6731060147285461
0.020091691985726357,0.0593329593539238,0.10464461147785187,-0.19797024130821228,2.273130178451538,2.9531091454678045,701.258370766603,0.8346868753433228,0.11786756664514542,0.0471588596701622,0.04068206623196602,0.0020905279088765383,0.7600144147872925
0.01712731271982193,0.053956106305122375,0.10139074921607971,-0.05711539089679718,2.3830626010894775,3.150296090496855,980.1177872624917,0.71665358543396,0.20153839886188507,0.08176787942647934,0.025113480165600777,0.0007551272865384817,0.6498767137527466
0.023657547309994698,0.06426528841257095,0.12013721466064453,-0.1637544333934784,2.1912894248962402,2.7164814495670084,645.492721525057,0.8602443337440491,0.09653012454509735,0.042894985526800156,0.05066816508769989,0.004551477264612913,0.7859707474708557
0.01698981784284115,0.055613916367292404,0.10988584160804749,-0.14238429069519043,2.8834378719329834,3.2733674297427853,1494.0591793442686,0.4719580411911011,0.4187791347503662,0.10726036876440048,0.07919517159461975,0.0034934033174067736,0.3123656213283539
0.015619304031133652,0.05714010074734688,0.10258276760578156,-0.25008049607276917,2.7912850379943848,3.658300051640735,1120.9698030931625,0.6424286365509033,0.27205219864845276,0.08531926572322845,0.10993141680955887,0.003073203843086958,0.45547008514404297
0.014680381864309311,0.06297139078378677,0.1090557724237442,-0.15274417400360107,3.023136615753174,4.28949269586728,1560.0322020992426,0.445867657661438,0.4131756126880646,0.14095382392406464,0.10195804387331009,0.0031275867950171232,0.2675391435623169
0.022946294397115707,0.059687692672014236,0.11931614577770233,-0.18019317090511322,2.319521188735962,2.6011909215683926,736.6468693031093,0.815609335899353,0.13367880880832672,0.05056660994887352,0.06460493057966232,0.002533696824684739,0.715353786945343
0.016265541315078735,0.05191238969564438,0.10344825685024261,-0.06035364791750908,2.7835493087768555,3.191556228400969,1453.2676786071647,0.5026474595069885,0.3876945972442627,0.1091238334774971,0.10450945794582367,0.003162628272548318,0.3006778359413147
0.018609534949064255,0.04995095729827881,0.09632734209299088,-0.19468270242214203,2.364316463470459,2.6841593533806356,778.7472345000893,0.8010278344154358,0.13523098826408386,0.06299205869436264,0.07225031405687332,0.0018598316237330437,0.702012836933136
0.015737321227788925,0.053446196019649506,0.1009213924407959,-0.19835880398750305,2.720512866973877,3.396143170915149,1233.548728934576,0.5926448106765747,0.30981338024139404,0.0970534160733223,0.08102313429117203,0.002406717510893941,0.45872166752815247
0.01659638248383999,0.05757342278957367,0.09948970377445221,-0.09948615729808807,2.4823122024536133,3.4690344623091374,946.5140889658426,0.7399640083312988,0.17426960170269012,0.08445319533348083,0.02548837848007679,0.0013056442840024829,0.6604952216148376
0.03212839737534523,0.06457792222499847,0.1240321695804596,-0.07260340452194214,1.9229226112365723,2.0099951288745093,520.7221779448321,0.9166540503501892,0.054184965789318085,0.028891393914818764,0.015128311701118946,0.0015492934035137296,0.880108118057251
0.0178640428930521,0.05192657187581062,0.09767680615186691,-0.26714959740638733,2.5333662033081055,2.9067648451012045,818.7873245525691,0.7790711522102356,0.1581406146287918,0.06265471130609512,0.08575998991727829,0.0020205434411764145,0.6534491181373596
0.012960530817508698,0.04600219428539276,0.08477166295051575,-0.136745423078537,3.006885051727295,3.5494066508215747,1590.3235590590682,0.45296967029571533,0.3876306712627411,0.15922969579696655,0.1090303361415863,0.0020237553399056196,0.25159674882888794
0.01596679724752903,0.05922679230570793,0.10738833248615265,-0.20685428380966187,2.803612470626831,3.7093721041121324,1131.776000881682,0.6446946859359741,0.25308266282081604,0.10037471354007721,0.06922627985477448,0.0029870010912418365,0.5182806253433228
0.01607319712638855,0.05018267780542374,0.08964133262634277,-0.2477976232767105,2.4808945655822754,3.122134159601204,886.1935190832457,0.7613429427146912,0.16598603129386902,0.07149076461791992,0.0636838749051094,0.001461185747757554,0.6656396389007568
0.01331127155572176,0.04712756723165512,0.08514945209026337,-0.1790226399898529,2.77810001373291,3.5404256483564285,1221.3334116547733,0.6005284190177917,0.29589158296585083,0.10337404906749725,0.08796212822198868,0.0004187858139630407,0.4253019094467163
0.015464006923139095,0.05526350066065788,0.10106460005044937,-0.13504062592983246,2.5436933040618896,3.5736857162416515,1062.2055391630995,0.6785375475883484,0.23376870155334473,0.08716222643852234,0.06128260865807533,0.0017537085805088282,0.5556285977363586
0.014457277953624725,0.04631365090608597,0.0882444679737091,-0.12301139533519745,2.7543532848358154,3.203483467043029,1381.4115193747425,0.5323201417922974,0.3545895516872406,0.11217811703681946,0.12332366406917572,0.0034010515082627535,0.3131588101387024
0.020158810541033745,0.05848345160484314,0.11314290016889572,-0.046756941825151443,2.271243095397949,2.901136030962617,801.464467075166,0.7882295250892639,0.15362495183944702,0.057744238525629044,0.025308646261692047,0.0003849184140563011,0.7245190739631653
0.022542793303728104,0.05708015337586403,0.11246659606695175,-0.11961141228675842,2.11083722114563,2.532079880441972,651.2955061681,0.8604377508163452,0.09425324946641922,0.04453379660844803,0.037209175527095795,0.0016800907906144857,0.7935986518859863
0.01680673100054264,0.056480273604393005,0.11257685720920563,-0.05883397161960602,2.835592269897461,3.3605746173487785,1564.283926420723,0.44826844334602356,0.43854138255119324,0.10979782044887543,0.10056232661008835,0.00532304123044014,0.253261923789978
0.016818786039948463,0.05413559079170227,0.10014647245407104,-0.24460357427597046,2.623061418533325,3.2187573264740457,1037.2375087468356,0.6851707100868225,0.22784006595611572,0.08642565459012985,0.09191521257162094,0.005915605928748846,0.5512378811836243
0.02244189754128456,0.06426414102315903,0.1202642172574997,-0.18434908986091614,2.2479958534240723,2.8635787549637395,672.105793669067,0.8488841652870178,0.10594289004802704,0.045023031532764435,0.05001327767968178,0.002424131613224745,0.7663741111755371
0.014574334025382996,0.05021153762936592,0.09953871369361877,-0.07321131974458694,2.8572940826416016,3.4452028846375518,1424.3514189765383,0.5163275003433228,0.36894166469573975,0.11442843824625015,0.1161092221736908,0.0070306286215782166,0.30652186274528503
0.013535764068365097,0.04408993944525719,0.08147989213466644,-0.16285942494869232,2.671630859375,3.2572922532717614,1250.1264414931295,0.5983339548110962,0.2840999960899353,0.11664817482233047,0.06307774037122726,0.003733385819941759,0.4780694544315338
0.01534920372068882,0.05907634273171425,0.10623082518577576,-0.18218795955181122,2.9523303508758545,3.848821333202963,1425.984676103475,0.5254307389259338,0.340733140707016,0.13378660380840302,0.06409430503845215,0.0007825720822438598,0.404475599527359
0.020257968455553055,0.05631979554891586,0.10957609862089157,-0.1405055969953537,2.3551156520843506,2.7801304790114587,730.6729546478115,0.8252346515655518,0.12071969360113144,0.053233470767736435,0.04652601480484009,0.0010852464474737644,0.7489191889762878
0.016600973904132843,0.05344907194375992,0.09461061656475067,-0.2514287233352661,2.749176502227783,3.219634718372399,1090.547949483239,0.6629312038421631,0.24959953129291534,0.08741249144077301,0.08905761688947678,0.001178116537630558,0.5235533714294434
0.02523406222462654,0.06417250633239746,0.12365654110908508,-0.16797029972076416,2.2618579864501953,2.543090595505739,727.1060652025399,0.8280748724937439,0.11939752846956253,0.051574695855379105,0.04264131933450699,0.0018825436709448695,0.7609611749649048
0.015056013129651546,0.059452421963214874,0.10778433084487915,-0.053075604140758514,2.9934635162353516,3.9487493433556855,1867.904531229496,0.3209339380264282,0.5213096737861633,0.15775200724601746,0.08778741955757141,0.000577991537284106,0.14737269282341003
0.026585595682263374,0.06416115909814835,0.1240321695804596,-0.1295572817325592,2.1056671142578125,2.413380533675241,621.7268306729488,0.870475709438324,0.09061720222234726,0.03821674361824989,0.03154055029153824,0.0007343854522332549,0.8230227828025818
0.012039508670568466,0.04122330993413925,0.07767680287361145,-0.033033281564712524,2.838817834854126,3.424002678073475,1671.9483367492035,0.40873873233795166,0.447075754404068,0.1434810310602188,0.10230451077222824,0.0012951580574736,0.18556436896324158
0.014677920378744602,0.05682608485221863,0.11079780757427216,-0.12635797262191772,3.141190767288208,3.87153516179568,1608.1815174588799,0.44564762711524963,0.41031041741371155,0.14394861459732056,0.06881742179393768,0.0009308767039328814,0.3146401047706604
0.01516775507479906,0.04378696158528328,0.08124483376741409,-0.09278688579797745,2.5272693634033203,2.886845242849922,1017.2606028992166,0.7065553665161133,0.2052650898694992,0.08808956295251846,0.022862516343593597,0.001808459754101932,0.616744875907898
0.02118504047393799,0.06353362649679184,0.12054423987865448,-0.19219152629375458,2.4624576568603516,2.998985372341037,825.7772186104942,0.7645918726921082,0.18264661729335785,0.052687522023916245,0.05821496993303299,0.002980582183226943,0.6710597276687622
0.018970901146531105,0.057394109666347504,0.10531296581029892,-0.19059091806411743,2.6139156818389893,3.0253760335373863,1002.085127573843,0.7003499269485474,0.22438429296016693,0.07444526255130768,0.07468248903751373,0.0023715654388070107,0.5844027400016785
0.013070871122181416,0.05078725516796112,0.0932992547750473,-0.16785992681980133,3.1509320735931396,3.8855294868518016,1886.9819027158435,0.29649269580841064,0.5330163240432739,0.17000466585159302,0.11805211007595062,0.0062384651973843575,0.10238728672266006
0.012739011086523533,0.041831668466329575,0.08189719915390015,-0.18888713419437408,2.839230537414551,3.283745353459902,1210.725669456708,0.6013910174369812,0.29697826504707336,0.10121434181928635,0.16474153101444244,0.0024252275470644236,0.35943514108657837
0.013471187092363834,0.04985975846648216,0.09477008879184723,0.007772102486342192,3.100092649459839,3.7012149056295147,1724.6688685819297,0.37675291299819946,0.47849181294441223,0.1446920931339264,0.12405503541231155,0.004496206529438496,0.14233174920082092
0.03030243329703808,0.06417424976825714,0.1240321695804596,-0.06721434742212296,1.9487254619598389,2.1177919653208868,562.1155973848747,0.9011059999465942,0.06557874381542206,0.03301209211349487,0.011410201899707317,0.00038640788989141583,0.8710956573486328
0.01432378776371479,0.04478508234024048,0.0838572308421135,-0.24502314627170563,2.755894899368286,3.1266228651170063,1173.0177653757946,0.6178686022758484,0.28098517656326294,0.10114605724811554,0.10441288352012634,0.005117556545883417,0.4306010603904724
0.015423653647303581,0.04986240714788437,0.09109251946210861,-0.20000451803207397,2.5536885261535645,3.2328531413416846,970.9875371804028,0.721896231174469,0.1896672397851944,0.08843640983104706,0.054361987859010696,0.0003096955188084394,0.6249496936798096
0.019092192873358727,0.05546247586607933,0.10501080751419067,-0.16044358909130096,2.299586772918701,2.9049819594357214,678.0683795464624,0.8498501181602478,0.10081084817647934,0.04927824065089226,0.035251326858997345,0.0009720961097627878,0.7834516763687134
0.013203518465161324,0.03926776722073555,0.07528358697891235,-0.18464532494544983,2.6510133743286133,2.974038118806973,1119.450437762473,0.6474320292472839,0.2504603862762451,0.10189126431941986,0.10018932819366455,0.0003599378978833556,0.48158442974090576
0.03689492121338844,0.06434840708971024,0.1240321695804596,-0.07698343694210052,1.7867225408554077,1.7440993223917054,492.77890828687197,0.9265679717063904,0.05101718753576279,0.022414609789848328,0.032907336950302124,0.0014484856510534883,0.8750661611557007
0.016185568645596504,0.055592942982912064,0.10768812149763107,-0.09030578285455704,2.7119808197021484,3.4347228816456896,1191.9494796828737,0.6154696941375732,0.27989035844802856,0.10463909059762955,0.0879744365811348,0.0017835624748840928,0.4435981512069702
0.023947685956954956,0.06269490718841553,0.11689493060112,-0.1513550728559494,2.1748485565185547,2.6179943773477414,619.7635010536713,0.8721820712089539,0.08614324778318405,0.04124557971954346,0.036768704652786255,0.0019666501320898533,0.8122389316558838
0.013540541753172874,0.05221634730696678,0.08720581233501434,-0.20868760347366333,2.8886849880218506,3.8562967608644563,1418.5066474525026,0.5022398233413696,0.38210445642471313,0.11535762995481491,0.1056111752986908,0.003528148401528597,0.3138769567012787
0.023025015369057655,0.05956902354955673,0.11869718134403229,-0.15589216351509094,2.1559226512908936,2.5871437040177563,639.2685133080473,0.8671373724937439,0.08877993375062943,0.043041229248046875,0.046797048300504684,0.0038274843245744705,0.7816540598869324
0.012389217503368855,0.04485264793038368,0.08186449110507965,-0.0605219304561615,2.887028932571411,3.62029707804929,1490.2822008929998,0.4933658838272095,0.3696165680885315,0.1361410915851593,0.09952923655509949,0.000760227267164737,0.2723212242126465
0.029903410002589226,0.06432714313268661,0.1240321695804596,-0.03936585411429405,1.8426371812820435,2.151164135627529,493.1451017585283,0.930840253829956,0.04454909637570381,0.024571532383561134,0.018553704023361206,0.000875897821970284,0.8924310207366943
0.013543895445764065,0.045282937586307526,0.08048240840435028,-0.20466159284114838,2.7258782386779785,3.343420492597395,1133.3326163544605,0.6330238580703735,0.27412545680999756,0.09189353138208389,0.08768963068723679,0.0017453485634177923,0.46659135818481445
0.01287100650370121,0.045260924845933914,0.08476687222719193,-0.01969272643327713,2.775852918624878,3.516502367503435,1755.7761016979102,0.3777095377445221,0.45680952072143555,0.16547177731990814,0.10196493566036224,0.0023566915187984705,0.14149250090122223
0.03333694115281105,0.0643051415681839,0.1240321695804596,-0.059868525713682175,1.8815069198608398,1.9289454683766807,553.4915044119007,0.908340334892273,0.056061066687107086,0.03549712151288986,0.016800420358777046,0.0008427123539149761,0.8724911212921143
0.013411063700914383,0.04767372086644173,0.09147540479898453,0.0006451421650126576,3.022594690322876,3.554805340283073,1797.0137613726044,0.36292600631713867,0.4690954387187958,0.167777419090271,0.06103645637631416,0.000594496144913137,0.17406560480594635
0.0170756708830595,0.0642840713262558,0.12012602388858795,-0.16463564336299896,3.402921676635742,3.7646586047911206,2095.148346922061,0.24386350810527802,0.5826091170310974,0.15971609950065613,0.0597415491938591,0.007569930516183376,0.11254634708166122
0.021340498700737953,0.06431185454130173,0.1240321695804596,-0.14243537187576294,2.3389267921447754,3.0136059817601275,738.7984947564913,0.8229209184646606,0.12092772126197815,0.0554690808057785,0.034104716032743454,0.0024435913655906916,0.7585505843162537
0.014163751155138016,0.0476519800722599,0.09268981218338013,-0.08577055484056473,3.05318546295166,3.3643615696827176,2033.3277492109034,0.2493283450603485,0.5830219388008118,0.16698583960533142,0.08680026233196259,0.002918538637459278,0.07774021476507187
0.01278800517320633,0.03931624814867973,0.07748745381832123,-0.09541963785886765,2.7672336101531982,3.0744629528287506,1365.4422954833565,0.5407116413116455,0.3382916748523712,0.12082088738679886,0.16692548990249634,0.0019430287647992373,0.2756594717502594
0.027940696105360985,0.0629098191857338,0.1224604994058609,-0.042468976229429245,1.8391165733337402,2.25154802680137,512.6163323514735,0.9223575592041016,0.049456655979156494,0.02815292775630951,0.01733873225748539,0.000407415529480204,0.8832452893257141
0.023727944120764732,0.06281936913728714,0.12249302864074707,-0.14285123348236084,2.0628373622894287,2.6474847047395627,582.2324895630109,0.8899677991867065,0.0754651129245758,0.03406660631299019,0.021376468241214752,0.00046960555482655764,0.8476191163063049
0.02254248969256878,0.05997573584318161,0.11518287658691406,-0.15272076427936554,2.2580676078796387,2.6605639686858673,815.5268509205474,0.7848606109619141,0.15157550573349,0.06329789757728577,0.04791148379445076,0.0013618315570056438,0.7049699425697327
0.023658642545342445,0.06423842161893845,0.12058540433645248,-0.2026713490486145,2.297037124633789,2.7152200931692727,709.4314533613202,0.8355720639228821,0.11283352226018906,0.051593583077192307,0.05820588767528534,0.0032357200980186462,0.7444504499435425
0.020186373963952065,0.05301500856876373,0.1044882982969284,-0.09656529873609543,2.2916014194488525,2.626276946063187,682.9560399439515,0.8412428498268127,0.11371584236621857,0.045013558119535446,0.02862994559109211,0.0005816944758407772,0.7838101983070374
0.017449889332056046,0.05534094572067261,0.10664960741996765,-0.15274056792259216,2.4782869815826416,3.171421013876459,882.2036011637815,0.7514260411262512,0.18145526945590973,0.06700002402067184,0.056163489818573,0.001912956708110869,0.6430802345275879
0.014195792376995087,0.05560776963829994,0.10190200060606003,0.05607641860842705,3.0184574127197266,3.9172008266687253,1786.425267759495,0.35522082448005676,0.5130079388618469,0.13177034258842468,0.12333831191062927,0.002758778166025877,0.15175150334835052
0.025291522964835167,0.06135757267475128,0.1213964968919754,-0.053551286458969116,2.040750026702881,2.4260133625656164,580.208577715995,0.8904989957809448,0.07472650706768036,0.03414706140756607,0.039345186203718185,0.00023939073435030878,0.8313799500465393
0.017018519341945648,0.05145079270005226,0.10246384888887405,-0.12012878060340881,2.5357272624969482,3.0232237989246196,985.4656451701427,0.7101149559020996,0.21092352271080017,0.07878722995519638,0.09758239984512329,0.005358090158551931,0.5481969714164734
0.011201846413314342,0.03978854417800903,0.07898224145174026,-0.07609622925519943,2.9097719192504883,3.551963016308188,1803.3680989574682,0.3596189320087433,0.481180876493454,0.1567455530166626,0.020273063331842422,0.0015248977579176426,0.2088043987751007
0.023683199658989906,0.056551989167928696,0.11259707808494568,-0.09979604184627533,2.091665029525757,2.3878525697465998,628.0646790133726,0.8729362487792969,0.08516713976860046,0.04180483892560005,0.030305497348308563,0.0008102872525341809,0.8235745429992676
0.01686231605708599,0.0540178008377552,0.1045173928141594,-0.11717700213193893,2.679755449295044,3.203462718388085,1397.5304223000724,0.5401161909103394,0.3293759822845459,0.12743090093135834,0.09795685112476349,0.002555140061303973,0.38468894362449646
0.024164307862520218,0.06427616626024246,0.12116667628288269,-0.0802154466509819,2.1019034385681152,2.659963058874835,652.3626640010609,0.8570536971092224,0.09794115275144577,0.04480405151844025,0.02968396060168743,0.0006146944360807538,0.8081230521202087
0.01239086501300335,0.04348697140812874,0.08349908143281937,-0.14602990448474884,2.7498371601104736,3.5095993184481142,1291.03585540029,0.5774326324462891,0.30288681387901306,0.11954551935195923,0.09670832753181458,0.0017251475946977735,0.3984687924385071
0.018974170088768005,0.06019758805632591,0.1188504621386528,-0.08356547355651855,2.65613055229187,3.172607169195137,1215.1360884315402,0.6204665303230286,0.27319827675819397,0.0991726666688919,0.08133985102176666,0.0030445544980466366,0.4709869921207428
0.018795689567923546,0.06179459020495415,0.11692336201667786,-0.20851190388202667,2.749021053314209,3.2877000856155982,1103.47606580659,0.6587066650390625,0.25185513496398926,0.0893305316567421,0.07975407689809799,0.003046143101528287,0.5187511444091797
0.012114114128053188,0.03913731500506401,0.07706160843372345,0.03472241014242172,2.933830738067627,3.230720347202383,1698.4291914368682,0.3749532401561737,0.47475990653038025,0.15026265382766724,0.12006813287734985,0.0008905770373530686,0.11523640900850296
0.011103634722530842,0.046034909784793854,0.0847620964050293,-0.016773771494627,2.755798578262329,4.145931573850912,1570.4988871804535,0.46043357253074646,0.3734634816646576,0.16509200632572174,0.07516533136367798,0.002376265823841095,0.24689064919948578
0.020556984469294548,0.05369185283780098,0.10529926419258118,-0.027015158906579018,2.095446825027466,2.611854521531954,746.765758491348,0.8311383724212646,0.10844525694847107,0.06031196191906929,0.0027032513171434402,0.0008566560572944582,0.7878886461257935
0.03842709958553314,0.0642518699169159,0.12403217703104019,-0.0729619637131691,1.7594016790390015,1.6720457856109727,508.6542136014277,0.9187804460525513,0.05527631938457489,0.02594079077243805,0.029136959463357925,0.0005311696440912783,0.8765510320663452
0.018928661942481995,0.06211269274353981,0.10812695324420929,-0.1868182122707367,2.375128746032715,3.281409585579717,820.7287630224146,0.7898724675178528,0.14268489181995392,0.06702647358179092,0.05623210221529007,0.001849686843343079,0.7022101283073425
0.012784442864358425,0.04618120193481445,0.08525414764881134,-0.20823094248771667,2.839301586151123,3.612296790808937,1295.8308413933341,0.5721770524978638,0.302148699760437,0.12497619539499283,0.11298683285713196,0.0028802738524973392,0.3944292962551117
0.017636766657233238,0.05560382455587387,0.10462048649787903,-0.2260618954896927,2.7322163581848145,3.152722130613253,1073.7151048370915,0.6739929914474487,0.2268538922071457,0.09914759546518326,0.09378527104854584,0.002473465632647276,0.5156247019767761
0.011564409360289574,0.041075948625802994,0.07492979615926743,0.027225496247410774,2.8494794368743896,3.5519279318578634,1527.778929862092,0.4490315914154053,0.4180125296115875,0.13182541728019714,0.16506314277648926,0.0051920609548687935,0.1615915298461914
0.01866922527551651,0.060931671410799026,0.10931021720170975,-0.10378671437501907,2.487389087677002,3.2637493258728445,1102.4972251151835,0.6626605987548828,0.24412642419338226,0.09302650392055511,0.03562576696276665,0.003423159010708332,0.5799407958984375
0.022623930126428604,0.0603189654648304,0.11288923025131226,-0.09857034683227539,2.133110761642456,2.6661576978485013,653.8100652708165,0.8485461473464966,0.11100749671459198,0.03979962691664696,0.04662588983774185,0.0013679827097803354,0.7820495367050171
0.014995407313108444,0.04074452072381973,0.08086380362510681,-0.13064923882484436,2.481863498687744,2.7171333109094813,940.4127710605892,0.7375563383102417,0.18702396750450134,0.07524879276752472,0.05336423218250275,0.0024053864181041718,0.6319432258605957
0.018739504739642143,0.05470879375934601,0.10482426732778549,-0.15503716468811035,2.324328899383545,2.9194364801271324,815.3594043151169,0.7936558127403259,0.1369076818227768,0.06921796500682831,0.030648376792669296,0.001813707291148603,0.7278356552124023
0.014015269465744495,0.04734233766794205,0.08530293405056,-0.20097903907299042,2.8944122791290283,3.3779113402190513,1307.7700516190823,0.5529732704162598,0.34655076265335083,0.099837526679039,0.10160992294549942,0.0010486734099686146,0.3704405725002289
0.023194029927253723,0.05853741243481636,0.1108928769826889,-0.0711548924446106,2.1233179569244385,2.5238137838008576,667.2767816833309,0.8487618565559387,0.10778070241212845,0.04242142289876938,0.04456961154937744,0.0019479152979329228,0.7820672988891602
0.027245717123150826,0.06429887562990189,0.12019505351781845,-0.059089820832014084,1.866559624671936,2.3599626809935144,512.915496283544,0.9261727929115295,0.04541255906224251,0.028384016826748848,0.015838496387004852,0.0004287860356271267,0.8916389346122742
0.01786251738667488,0.0615081787109375,0.12066089361906052,-0.07820920646190643,2.896578788757324,3.4434216284306087,1429.2915864025988,0.4980563521385193,0.3912981152534485,0.11063405126333237,0.09162869304418564,0.002787372563034296,0.33051449060440063
0.014016978442668915,0.04889858141541481,0.09045524150133133,-0.09851915389299393,3.0663280487060547,3.488525120583385,1910.7708291652668,0.29112887382507324,0.5486149787902832,0.16021454334259033,0.11428632587194443,0.0019674315117299557,0.08407643437385559
0.01136054378002882,0.03809700906276703,0.07148203253746033,-0.09650642424821854,2.9566218852996826,3.353449429629057,1426.216442809618,0.5244221091270447,0.3419836759567261,0.1327425092458725,0.08914818614721298,0.00134100706782192,0.3486088514328003
0.019168302416801453,0.05444038659334183,0.10539522767066956,-0.03678698092699051,2.287137508392334,2.8401256098079646,809.4920320328379,0.7896999716758728,0.14582087099552155,0.06405606120824814,0.020906826481223106,0.0008518884424120188,0.7292965054512024
0.014897541143000126,0.05623667314648628,0.10170881450176239,-0.11906161904335022,2.805851697921753,3.7748963136198608,1408.5872084389387,0.5096304416656494,0.37059131264686584,0.11975333839654922,0.11022529006004333,0.001924022100865841,0.3178599774837494
0.028133805841207504,0.06400377303361893,0.1240321695804596,-0.041756417602300644,1.8681252002716064,2.274977420139788,510.8652667643014,0.9261739253997803,0.0454760305583477,0.02827605977654457,0.01830647885799408,0.00026503828121349216,0.8863474130630493
0.036618731915950775,0.06460336595773697,0.1240321695804596,-0.04411134496331215,1.767025351524353,1.764216360748203,489.0227479410889,0.9295216798782349,0.04704780504107475,0.0233892984688282,0.020381713286042213,0.0007164045237004757,0.8922582864761353
0.030673682689666748,0.06430356204509735,0.12403217703104019,-0.05964365974068642,1.912712812423706,2.09637566814445,522.9710572607415,0.9144444465637207,0.059299107640981674,0.025927549228072166,0.017888696864247322,0.0007276221294887364,0.8797591328620911
0.013510782271623611,0.05738131329417229,0.09809836745262146,-0.27629658579826355,3.347428560256958,4.247075567966325,1543.051000007748,0.460721880197525,0.4165041446685791,0.12275437265634537,0.10430845618247986,0.0019078979967162013,0.25563812255859375
0.020605677738785744,0.05435786023736,0.10454461723566055,-0.1013965979218483,2.170872211456299,2.6380039969471643,690.2880660388904,0.8531525135040283,0.09144402295351028,0.05538349971175194,0.026502082124352455,0.0006409248453564942,0.7922691106796265
0.01750371977686882,0.05619193613529205,0.11079154163599014,-0.02018793858587742,2.902906894683838,3.2102854049537206,1691.6770637535092,0.4411451518535614,0.39568501710891724,0.1496206820011139,0.03316010162234306,0.001488582813180983,0.3325623571872711
0.015616082586348057,0.05236629396677017,0.09691646695137024,-0.15285271406173706,2.877723455429077,3.3533566228188785,1516.7096878176528,0.4539860486984253,0.4333491027355194,0.11235375702381134,0.10946310311555862,0.006795832421630621,0.2469710111618042
0.02649567276239395,0.06417378783226013,0.12403217703104019,-0.12254593521356583,2.0982441902160645,2.422047871942385,628.652993591087,0.8685012459754944,0.09257432073354721,0.038602862507104874,0.023371735587716103,0.0011662357719615102,0.8140323162078857
0.016711454838514328,0.05137186869978905,0.10140115767717361,-0.06912725418806076,2.470301389694214,3.0740512536538698,920.4416295164248,0.7407386302947998,0.18376509845256805,0.07530558109283447,0.051469847559928894,0.0008919208776205778,0.6413348317146301
0.013816789723932743,0.04640127345919609,0.09266321361064911,-0.065273717045784,2.9542057514190674,3.3583252248142585,1708.933072263333,0.3966968357563019,0.44960659742355347,0.15362541377544403,0.13225515186786652,0.0026073798071593046,0.14783845841884613
0.02851671539247036,0.06433271616697311,0.12403217703104019,-0.15783905982971191,2.0601842403411865,2.255965151642386,527.7245349348616,0.9115289449691772,0.05742334574460983,0.031030243262648582,0.0448048934340477,0.002338897669687867,0.846464991569519
0.029340647161006927,0.0644913762807846,0.12403217703104019,-0.13044382631778717,2.0458130836486816,2.1980216020693026,538.7839504976616,0.9062808752059937,0.06437254697084427,0.029140090569853783,0.03163805603981018,0.001660707057453692,0.8603132367134094
0.013096953742206097,0.042444273829460144,0.08073736727237701,0.0008286237134598196,2.8559250831604004,3.240774508459851,1747.877642618073,0.3679732382297516,0.47044816613197327,0.16101182997226715,0.11118487268686295,0.0002709149266593158,0.1468089371919632
0.015271979384124279,0.05107761546969414,0.09810490906238556,-0.19389282166957855,2.791435718536377,3.3445314573595124,1176.9583397668573,0.6181909441947937,0.2800297737121582,0.10100337862968445,0.11950621753931046,0.002627698937430978,0.4122561514377594
0.017022281885147095,0.04964781552553177,0.09907953441143036,-0.08176086843013763,2.5394084453582764,2.9166369031836834,1113.9240553496131,0.6696930527687073,0.23759825527668,0.09160258620977402,0.03399636968970299,0.0012257031630724669,0.581493616104126
0.01586172543466091,0.06302415579557419,0.11269472539424896,-0.1084040030837059,3.042910575866699,3.9733480478662795,1582.1113668827609,0.4384281635284424,0.4450567960739136,0.11648020148277283,0.05353093892335892,0.0007437907042913139,0.29671475291252136
0.013268791139125824,0.043990351259708405,0.0808316022157669,-0.13937214016914368,2.856656074523926,3.315324719120664,1625.083754249116,0.4331335127353668,0.4165019989013672,0.14987683296203613,0.09931542724370956,0.004909406881779432,0.2129899263381958
0.018294434994459152,0.062078554183244705,0.11312659829854965,-0.23002669215202332,2.5610227584838867,3.393302619001526,853.5126428191851,0.7714446187019348,0.16449840366840363,0.06341838836669922,0.04896470531821251,0.0012047395575791597,0.6717543601989746
0.013525880873203278,0.043630968779325485,0.07871338725090027,-0.19567862153053284,2.6317880153656006,3.225739542223752,1136.3467030491738,0.6548708081245422,0.2415924370288849,0.10310527682304382,0.07452823221683502,0.0028506601229310036,0.5202557444572449
0.01504546869546175,0.05666261166334152,0.10516662895679474,-0.013609357178211212,2.8152787685394287,3.7660914928271323,1381.4532559203276,0.520496666431427,0.3658294081687927,0.11345890164375305,0.10495207458734512,0.0020291286054998636,0.3154235780239105
0.03149104863405228,0.0642717257142067,0.12403217703104019,-0.10916294902563095,1.9957547187805176,2.040952222933176,549.038549887432,0.9041441082954407,0.06273447722196579,0.03288019075989723,0.04075276851654053,0.0007928607519716024,0.8458726406097412
0.012273476459085941,0.04014690965414047,0.07799485325813293,-0.16364987194538116,3.007633686065674,3.271029995837003,1445.0111132989637,0.520865261554718,0.3458668887615204,0.13272255659103394,0.061749234795570374,0.003185735549777746,0.35677847266197205
0.015069417655467987,0.047829944640398026,0.09147530794143677,-0.1150679886341095,2.566248893737793,3.1739743187666445,1119.9574698469735,0.6558660864830017,0.24766212701797485,0.09646671265363693,0.05843251198530197,0.004056950565427542,0.5379175543785095
0.01094373781234026,0.03896272927522659,0.0723072737455368,-0.0015453448286280036,2.8390815258026123,3.560276199940717,1663.4247578387935,0.4161929488182068,0.4170503616333008,0.16543327271938324,0.12520959973335266,0.0025456505827605724,0.17607945203781128
0.015496158972382545,0.05150948837399483,0.09906800836324692,-0.18587471544742584,2.7776038646698,3.3240165167685545,1188.2554779934562,0.6093272566795349,0.2972871661186218,0.09300985187292099,0.06561199575662613,0.002497735433280468,0.4733290672302246
0.01547606848180294,0.06350593268871307,0.11524136364459991,-0.10507931560277939,3.127105712890625,4.103492612434552,1872.8727154152846,0.3240342438220978,0.5177916884422302,0.1579219400882721,0.0874466523528099,0.00668709259480238,0.1425810605287552
0.01574605144560337,0.05070457607507706,0.09584815800189972,-0.13042330741882324,2.7784688472747803,3.220145459769516,1418.0791007809394,0.5109164714813232,0.37624162435531616,0.11279963701963425,0.1033666655421257,0.004617161583155394,0.3162822127342224
0.01377024780958891,0.048068419098854065,0.0954153835773468,-0.07721952348947525,3.3672049045562744,3.490744666329889,2018.3515267806183,0.25547677278518677,0.5666272044181824,0.1778739094734192,0.09609558433294296,0.011599045246839523,0.0834830030798912
0.030470814555883408,0.06378207355737686,0.1240321695804596,-0.08830735087394714,2.006685733795166,2.0932185268072656,549.1096918903683,0.8976165652275085,0.07416249066591263,0.0280439555644989,0.035402730107307434,0.000868262373842299,0.8459487557411194
0.02025003544986248,0.06023477390408516,0.1154550313949585,-0.07418569177389145,2.3443667888641357,2.9745515285761965,895.5655965571069,0.7452381253242493,0.186344712972641,0.06768093258142471,0.021709749475121498,0.001467338646762073,0.6861556172370911
0.01317695900797844,0.04807053878903389,0.08933906257152557,-0.13438567519187927,2.6969664096832275,3.6480753075333894,1366.716863460999,0.5538778305053711,0.3112049400806427,0.13386037945747375,0.10527148842811584,0.00035746177309192717,0.3485032021999359
0.027794377878308296,0.06420864164829254,0.1240321695804596,-0.09851596504449844,2.0627098083496094,2.3101305568739887,585.2264422355887,0.8868158459663391,0.07789994031190872,0.03516684100031853,0.044804856181144714,0.002578301588073373,0.8200687766075134
0.022902274504303932,0.05434228479862213,0.10834518820047379,-0.0195035170763731,1.9066849946975708,2.372789863558618,567.5868640593897,0.9030673503875732,0.060851089656353,0.03607131540775299,0.006617335602641106,0.0009164540097117424,0.8755094408988953
0.014377498999238014,0.04736848548054695,0.08838831633329391,-0.06067129969596863,2.657221794128418,3.294626240611304,1289.5044163100977,0.5662659406661987,0.3147108852863312,0.11896152049303055,0.07316391170024872,0.0013429627288132906,0.4231301546096802
0.038057684898376465,0.06415649503469467,0.1240321695804596,-0.03756381943821907,1.7160481214523315,1.6857697782805967,506.8599540612436,0.9256201386451721,0.04789688065648079,0.02647286094725132,0.012562342919409275,0.0011052705813199282,0.896909773349762
0.01440334040671587,0.061352916061878204,0.10990272462368011,-0.15142229199409485,3.225978136062622,4.2596310526002314,1788.626203497654,0.34445613622665405,0.5165793895721436,0.13880199193954468,0.0938158929347992,0.0022441691253334284,0.12530669569969177
0.030680879950523376,0.06432453542947769,0.1240321695804596,-0.058155421167612076,1.9392638206481934,2.0965674886480508,511.69722841980905,0.9192671775817871,0.05404561012983322,0.026656560599803925,0.037101730704307556,0.0006764864083379507,0.8607759475708008
0.018248816952109337,0.06440389156341553,0.11841822415590286,-0.17191676795482635,2.6522603034973145,3.52920913881171,1142.566940356481,0.6380468606948853,0.2790180742740631,0.08275220543146133,0.08767951279878616,0.004002726171165705,0.4951240122318268
0.01744842156767845,0.05239136517047882,0.09925361722707748,-0.15090309083461761,2.5294954776763916,3.0026420994163865,1099.9004622484972,0.6634002923965454,0.24304459989070892,0.09350366145372391,0.05690930038690567,0.0005797622143290937,0.5640534162521362
0.01524540688842535,0.06245291233062744,0.10426546633243561,-0.11442507058382034,2.8825182914733887,4.096506756664302,1351.4434842374153,0.5454081892967224,0.3479408919811249,0.10615596175193787,0.10886575281620026,0.006138776894658804,0.34801414608955383
0.011591104790568352,0.04547467082738876,0.08577191829681396,-0.037132952362298965,3.2054033279418945,3.9232386942501054,1844.4422414657474,0.33971911668777466,0.49120163917541504,0.16903632879257202,0.16438178718090057,0.009620212018489838,0.09018392860889435
0.02708623558282852,0.06421323865652084,0.12164735794067383,-0.0990523248910904,2.015453815460205,2.370696306535062,598.9556708325811,0.8853768706321716,0.07659903168678284,0.03788957744836807,0.011068284511566162,0.0006092725670896471,0.8507116436958313
0.016632264479994774,0.06156580150127411,0.10780505836009979,-0.07693897187709808,2.428270101547241,3.7015886544868044,934.8146765790558,0.7388500571250916,0.1835479885339737,0.07751252502202988,0.03193891420960426,0.001315572182647884,0.6528767347335815
0.03349239379167557,0.06431253254413605,0.1240321695804596,-0.07842659205198288,1.9801937341690063,1.9202130771017185,521.0773475604528,0.915243923664093,0.05733136460185051,0.026756644248962402,0.03290873020887375,0.0011720325564965606,0.8687788248062134
0.015838634222745895,0.04645095393061638,0.08848640322685242,-0.1697973608970642,2.5011978149414062,2.9327625901591508,1047.80721546628,0.6648784279823303,0.24242161214351654,0.09265926480293274,0.11246880888938904,0.003649414051324129,0.484515517950058
0.015546051785349846,0.06277305632829666,0.10968303680419922,-0.11283446103334427,3.0594799518585205,4.037877731979146,1517.495468557774,0.48520761728286743,0.3890930414199829,0.1244901567697525,0.1047520563006401,0.006027620285749435,0.27960729598999023
0.031907036900520325,0.06428002566099167,0.1240321695804596,-0.12827551364898682,2.0074706077575684,2.01460341990982,535.8866055088607,0.9070377945899963,0.06224197894334793,0.030261892825365067,0.03100568614900112,0.00203962461091578,0.8591465950012207
0.0301949605345726,0.0641443133354187,0.1240321695804596,-0.0770537406206131,2.0033822059631348,2.1243383729497,545.3283291382994,0.902309238910675,0.06619929522275925,0.030935581773519516,0.04251992702484131,0.0010876990854740143,0.8397611379623413
0.013935759663581848,0.0480971559882164,0.08957235515117645,-0.184474378824234,2.8657379150390625,3.4513479814420713,1271.3541222268016,0.5906864404678345,0.2871672809123993,0.12092176824808121,0.08332369476556778,0.0035823965445160866,0.42835405468940735
0.01922956295311451,0.06416603922843933,0.11925997585058212,-0.18942022323608398,2.6587564945220947,3.3368433480028656,948.7045713025742,0.7230433225631714,0.20213738083839417,0.07408399134874344,0.07042403519153595,0.008035413920879364,0.6005508303642273
0.016636770218610764,0.05883171036839485,0.10612951219081879,-0.17511212825775146,2.7330923080444336,3.5362458933913974,1248.350745535684,0.592024564743042,0.30044811964035034,0.10678024590015411,0.0998457670211792,0.002897897269576788,0.42116579413414
0.012134441174566746,0.04549137502908707,0.08724179863929749,-0.0040250178426504135,3.0424208641052246,3.748946850612786,1600.8995560396706,0.4378865659236908,0.42474737763404846,0.13717539608478546,0.10630428045988083,0.0008506823214702308,0.1846265196800232
0.019228514283895493,0.06417711079120636,0.11562938988208771,-0.26016905903816223,2.583137035369873,3.3376011188560306,897.4673131536167,0.7525190114974976,0.17586995661258698,0.07151290029287338,0.06923595815896988,0.0018051231745630503,0.6446101665496826
0.03313496336340904,0.0644155889749527,0.12403217703104019,-0.034193962812423706,1.8189777135849,1.9440368249853819,501.0991047901812,0.9302198886871338,0.04166331887245178,0.02808248996734619,0.01785370334982872,0.0002593139361124486,0.8942751288414001
0.01241480465978384,0.04774877801537514,0.0893370509147644,-0.1443670392036438,3.083275079727173,3.846115933358584,1759.4310467664739,0.3684811592102051,0.4895808696746826,0.14115622639656067,0.1496753990650177,0.003727036528289318,0.12144917249679565
0.01763601042330265,0.06338655948638916,0.11694970726966858,-0.19834403693675995,2.90987229347229,3.5941552517479614,1212.381889132311,0.6009423136711121,0.3061128258705139,0.09274280071258545,0.09024954587221146,0.005594079848378897,0.4380182921886444
0.014573843218386173,0.053219545632600784,0.10306009650230408,-0.06015055254101753,2.9671571254730225,3.6517166289951555,1815.2468518369083,0.3538917601108551,0.4990355372428894,0.14682506024837494,0.08753778785467148,0.008628101088106632,0.16940321028232574
0.01316976360976696,0.0529438741505146,0.09029994904994965,-0.21590642631053925,2.939497470855713,4.020108159513984,1393.1710632669412,0.5360943675041199,0.3341253101825714,0.12976160645484924,0.09767310321331024,0.0032225451432168484,0.35023099184036255
0.014978132210671902,0.048007622361183167,0.09547337144613266,-0.08151897042989731,2.8820924758911133,3.205180838487499,1677.4016506055887,0.42439571022987366,0.4192051589488983,0.1555587202310562,0.1058913916349411,0.00340062752366066,0.22773511707782745
0.019742324948310852,0.061240535229444504,0.11458499729633331,-0.20955048501491547,2.4956700801849365,3.1019920595310757,820.817833012848,0.7847015261650085,0.14475122094154358,0.07054650038480759,0.06824396550655365,0.003495069919154048,0.6737105250358582
0.012151423841714859,0.045634061098098755,0.08802462369203568,-0.06255366653203964,2.9947664737701416,3.755449706040641,1790.1714900681798,0.3566436171531677,0.4838092029094696,0.1591424196958542,0.13891367614269257,0.0032422803342342377,0.11371035873889923
0.023247867822647095,0.06445909291505814,0.11872139573097229,-0.101803258061409,2.118788242340088,2.772688377447334,718.7324507392085,0.8365899324417114,0.1068609356880188,0.05581022799015045,0.02010083571076393,0.0002834996266756207,0.7910920977592468
0.016451645642518997,0.05586983636021614,0.09559671580791473,-0.22899079322814941,2.504974126815796,3.3960029027385263,896.6869654101706,0.7496759295463562,0.17495544254779816,0.07504080981016159,0.08931617438793182,0.001462161191739142,0.6149556636810303
0.011322093196213245,0.04074091836810112,0.08083149790763855,-0.06138942763209343,2.9404549598693848,3.5983556802136953,1853.9604470121087,0.3502925634384155,0.4662545919418335,0.183448925614357,0.06409970670938492,0.002631955547258258,0.17568443715572357
0.01129591278731823,0.03752259910106659,0.07382193207740784,-0.09585317969322205,2.9351603984832764,3.3217854815478853,1658.2371144820152,0.40491026639938354,0.43992307782173157,0.15366514027118683,0.10094276070594788,0.0012422060826793313,0.19454261660575867
0.014251422137022018,0.05182112380862236,0.09757901728153229,-0.08866892009973526,3.1583991050720215,3.636207201410898,1913.1219936511811,0.2967836260795593,0.5605225563049316,0.14242906868457794,0.08410648256540298,0.003435889957472682,0.11649011820554733
0.015130450949072838,0.048094164580106735,0.09551207721233368,-0.1672128289937973,2.7186119556427,3.1786339177072054,1236.7731566420355,0.5903881192207336,0.3106628358364105,0.09891613572835922,0.11988084763288498,0.0024633039720356464,0.385572612285614
0.013521058484911919,0.048809971660375595,0.09605637192726135,-0.010634057223796844,3.167389392852783,3.6099223822774285,1842.4919834454959,0.33456072211265564,0.5107336044311523,0.15381218492984772,0.09134171158075333,0.003401049878448248,0.13142557442188263
0.020026588812470436,0.0561240017414093,0.10844352096319199,-0.17310892045497894,2.2957119941711426,2.802474363664907,813.4440533098174,0.7906814217567444,0.1410858929157257,0.06817290931940079,0.04956730082631111,0.0014189641224220395,0.6998509168624878
0.027024565264582634,0.06410008668899536,0.1240321695804596,-0.1439036875963211,2.1926417350769043,2.371919254169486,673.544094088747,0.8415924906730652,0.11658331006765366,0.041815135627985,0.04812890291213989,0.003688894212245941,0.7684991955757141
0.017261657863855362,0.04983096197247505,0.09510256350040436,-0.09670215100049973,2.421783924102783,2.886800466247834,958.7336729733493,0.7334094047546387,0.18079730868339539,0.08564246445894241,0.047028761357069016,0.0014676153659820557,0.640740156173706
0.029056809842586517,0.06415686756372452,0.12403217703104019,-0.08268763870000839,1.956354022026062,2.207980432438469,521.8506697059123,0.9158313274383545,0.054724399000406265,0.028593571856617928,0.03280603140592575,0.0008204913465306163,0.8688399195671082
0.018061667680740356,0.05924471467733383,0.11091262847185135,-0.17802155017852783,2.5160632133483887,3.2801353519103853,833.7375574909288,0.7770310044288635,0.15427815914154053,0.06831975281238556,0.05285016819834709,0.0015235503669828176,0.6934310793876648
0.01850832998752594,0.050407133996486664,0.09645919501781464,-0.0832667276263237,2.2594587802886963,2.723483643728855,790.8019955186752,0.7951885461807251,0.14727576076984406,0.05752632021903992,0.012437568977475166,0.0003153698053210974,0.7262895703315735
0.013757041655480862,0.04674076661467552,0.09238280355930328,-0.014908084645867348,2.8373587131500244,3.397588506439989,1547.3050522562644,0.45206019282341003,0.42360565066337585,0.12429643422365189,0.11475697159767151,0.003265497274696827,0.2235308438539505
0.015465311706066132,0.05185592547059059,0.08744421601295471,-0.2058294415473938,2.477290630340576,3.3530475461996354,909.4896080579301,0.7468432188034058,0.17880864441394806,0.07405593991279602,0.06202098727226257,0.0007643069257028401,0.647968053817749
0.027815332636237144,0.06307168304920197,0.12287461757659912,-0.06493518501520157,1.9432032108306885,2.26751496635946,540.1166749089432,0.9082775115966797,0.06335530430078506,0.02809649519622326,0.018952390179038048,0.0004265780735295266,0.8697412610054016
0.014530331827700138,0.05775296688079834,0.11190339922904968,-0.043777525424957275,2.9145712852478027,3.9746488629203474,1451.0454820103503,0.4904042184352875,0.3829977214336395,0.12641315162181854,0.05907435715198517,0.0004904055967926979,0.3612082600593567
0.01036947313696146,0.034811194986104965,0.06689633429050446,0.08546936511993408,2.9076197147369385,3.3570842532650134,1688.6605661356546,0.3947383165359497,0.4535312056541443,0.1484207659959793,0.17604991793632507,0.006010649725794792,0.08451580256223679
0.01833873800933361,0.054263949394226074,0.10607920587062836,-0.12355748564004898,2.3408994674682617,2.9589794763221513,813.0464418861449,0.7953364849090576,0.1409715861082077,0.06309045106172562,0.020714983344078064,0.0002609372604638338,0.7446387410163879
0.016321653500199318,0.044630639255046844,0.08780123293399811,0.007720314897596836,2.338362693786621,2.7344434956769166,859.9214639589203,0.7836975455284119,0.13803236186504364,0.07712453603744507,0.015750054270029068,0.0014341056812554598,0.7127700448036194
0.01606503315269947,0.04705053195357323,0.09234125167131424,-0.14929239451885223,2.328026056289673,2.9287541148172727,859.1321966578136,0.7800958752632141,0.14199711382389069,0.07790561020374298,0.04427104443311691,0.0005888993036933243,0.6939363479614258
0.015311749652028084,0.04965478554368019,0.09314319491386414,-0.22567729651927948,2.7043981552124023,3.2429204152943,1126.4515745529227,0.6320917010307312,0.2804259955883026,0.08747904002666473,0.11470255255699158,0.004160081967711449,0.44617757201194763
0.01664290390908718,0.0540715754032135,0.10378256440162659,-0.16326066851615906,2.8404412269592285,3.2489267314967187,1234.8639720547665,0.599487841129303,0.29389283061027527,0.10499120503664017,0.060398440808057785,0.0014395846519619226,0.46834564208984375
0.013680853880941868,0.04484032467007637,0.08839397877454758,-0.1429680585861206,2.7781128883361816,3.277596929038446,1316.1438445358542,0.565119743347168,0.31909316778182983,0.11574780195951462,0.1181684210896492,0.0008670968818478286,0.3871033787727356
0.03612677752971649,0.06422027200460434,0.1240321695804596,-0.07715752720832825,1.8261399269104004,1.7776363239151787,464.3846814815748,0.940980851650238,0.03843631222844124,0.020542819052934647,0.02549951709806919,0.0003066004137508571,0.902161717414856
0.02622607722878456,0.06433431059122086,0.1240321695804596,-0.13029126822948456,2.3376731872558594,2.453066466156721,1016.6570475719569,0.7226366400718689,0.18225543200969696,0.07908396422863007,0.053562555462121964,0.0018614144064486027,0.6345363259315491
0.019215187057852745,0.05097820237278938,0.09689359366893768,-0.09322584420442581,2.130744457244873,2.653016190612774,720.1199343389918,0.8311923146247864,0.11908667534589767,0.04967560991644859,0.015568244270980358,0.0005448026931844652,0.7879880666732788
0.015040778554975986,0.04494651034474373,0.08404707908630371,-0.18316009640693665,2.5211181640625,2.9883100916265817,1065.5895427902558,0.6714515686035156,0.24704642593860626,0.08120188862085342,0.058543648570775986,0.0017564630834385753,0.5468696355819702
0.017552154138684273,0.051569852977991104,0.09735509008169174,-0.08736835420131683,2.2892584800720215,2.9380925308418435,810.3137579534874,0.7867838144302368,0.15059134364128113,0.06256750971078873,0.04806245490908623,0.0011767036048695445,0.6931501030921936
0.041650205850601196,0.06422138959169388,0.12403217703104019,-0.05362401902675629,1.580008864402771,1.5419225014280442,449.4741956268289,0.9512252807617188,0.029586873948574066,0.01918630674481392,0.006546459160745144,6.713692710036412e-05,0.9242072105407715
0.01763846166431904,0.0592995248734951,0.11079151928424835,-0.21513089537620544,2.7049410343170166,3.361944255608785,1094.50014809916,0.6673555374145508,0.2371867597103119,0.0949142798781395,0.06350212544202805,0.001558358664624393,0.5421889424324036
0.014054504223167896,0.04944876953959465,0.09071294963359833,-0.15615452826023102,2.7886509895324707,3.5183574426313347,1347.2707782907485,0.550605058670044,0.32911720871925354,0.12026228755712509,0.12656056880950928,0.0017116039525717497,0.34748899936676025
0.01652676798403263,0.046824514865875244,0.08768349885940552,-0.2293308824300766,2.460383892059326,2.833252993463791,908.9675410988345,0.7372878789901733,0.19084204733371735,0.07159437239170074,0.09538476914167404,0.0005775931640528142,0.6022879481315613
0.028666198253631592,0.06403610110282898,0.1240321695804596,-0.1657402366399765,2.1288607120513916,2.233853981404133,689.7497168308041,0.849600613117218,0.09647314250469208,0.051889386028051376,0.04499358683824539,0.00442230561748147,0.7758395671844482
0.02081782929599285,0.054047465324401855,0.10707665234804153,-0.10657581686973572,2.2268476486206055,2.5962104191242,737.9445302912305,0.8229014873504639,0.1239302009344101,0.052789535373449326,0.024299917742609978,0.0008446014835499227,0.772903561592102
0.01972009241580963,0.06441641598939896,0.12142474949359894,-0.1067708358168602,2.4259250164031982,3.266537226493405,906.5538616459944,0.7500361204147339,0.1779375523328781,0.07180401682853699,0.03411509841680527,0.0013703459408134222,0.6677160263061523
0.01647059991955757,0.058838099241256714,0.10799393057823181,-0.050793759524822235,2.8070502281188965,3.5723106337989963,1768.139859384478,0.3687187433242798,0.4792037308216095,0.14802305400371552,0.08214232325553894,0.005237956997007132,0.19789202511310577
0.015417185612022877,0.05124209448695183,0.10047821700572968,-0.2109232246875763,2.6825006008148193,3.3236996539542014,1085.2325111020034,0.6642827987670898,0.24671854078769684,0.08882918953895569,0.1163465827703476,0.0028888320084661245,0.47439685463905334
0.011626850813627243,0.041180308908224106,0.074484683573246,-0.13608790934085846,3.066318988800049,3.541828270163828,1847.6055223060528,0.3064308762550354,0.5467239022254944,0.14516933262348175,0.1096900925040245,0.00048690539551898837,0.09376019984483719
0.0369843915104866,0.06448554247617722,0.1240321695804596,-0.07285196334123611,1.787043571472168,1.7435880337830978,460.88070887282544,0.9451773762702942,0.03274771198630333,0.022047964856028557,0.025403594598174095,0.001203919411636889,0.9043970704078674
0.011970804072916508,0.04092486575245857,0.07593462616205215,-0.07580255717039108,3.0586249828338623,3.4187232118877304,1618.4069857946333,0.42810118198394775,0.438000351190567,0.133541077375412,0.07895407825708389,0.0004406949447002262,0.2225530743598938
0.014294583350419998,0.05473894253373146,0.1021442711353302,-0.07472369074821472,3.0898234844207764,3.829348585266306,1745.8312341594506,0.37347617745399475,0.476495623588562,0.14998842775821686,0.058573320508003235,0.0010225547011941671,0.23118294775485992
0.013600802049040794,0.044419292360544205,0.08463206142187119,-0.17310287058353424,2.925471305847168,3.265931832337121,1640.4557744888866,0.40769103169441223,0.46213510632514954,0.1299845278263092,0.11784674972295761,0.006579267792403698,0.1826097071170807
0.01775231398642063,0.0521363727748394,0.10279913246631622,-0.2429661899805069,2.428800582885742,2.9368775705400134,830.0712388387072,0.772034764289856,0.16255733370780945,0.06492003798484802,0.08366187661886215,0.0019174432381987572,0.649099588394165
0.015093833208084106,0.05696289986371994,0.1030425876379013,-0.1889171600341797,2.889816999435425,3.773918730560588,1447.9528037864532,0.5058338642120361,0.36553284525871277,0.12861669063568115,0.10212447494268417,0.00470006512477994,0.3336086869239807
0.016371948644518852,0.055539269000291824,0.10475586354732513,-0.19104671478271484,2.806497097015381,3.392343220884303,1118.8954208714306,0.6502910256385803,0.25714772939682007,0.0924672856926918,0.09179184585809708,0.004002343397587538,0.48814260959625244
0.02166380174458027,0.06402097642421722,0.12372546643018723,-0.1979982852935791,2.5592150688171387,2.9552050547766133,887.8932788007749,0.7408761382102966,0.19935111701488495,0.05969657003879547,0.06757255643606186,0.002797728404402733,0.6336377263069153
0.012155075557529926,0.04094269871711731,0.07994014024734497,0.02154497243463993,2.9433579444885254,3.368362337195463,1895.628482073562,0.31591713428497314,0.5108503103256226,0.17291347682476044,0.12556982040405273,0.004211563616991043,0.08143685758113861
0.02526792325079441,0.06408556550741196,0.11760425567626953,-0.1158938780426979,2.0298354625701904,2.5362418932810753,580.5163490126887,0.8902754783630371,0.07510489970445633,0.03450506180524826,0.026590146124362946,0.001149050542153418,0.8424685597419739
0.015953868627548218,0.055969174951314926,0.10800495743751526,-0.16580991446971893,2.747713088989258,3.5081882805003426,1257.7636789370508,0.5877395868301392,0.3095499575138092,0.10151835530996323,0.1004529595375061,0.0026867545675486326,0.41619688272476196
0.012666326016187668,0.04545722156763077,0.08566948771476746,-0.05437121540307999,2.871249198913574,3.5888245341188316,1541.7147284330065,0.45919114351272583,0.40360140800476074,0.13716477155685425,0.14694447815418243,0.004412506241351366,0.21673522889614105
0.012322484515607357,0.040466565638780594,0.08053072541952133,-0.08221781998872757,2.813516855239868,3.283961573191078,1353.071082973774,0.5395767092704773,0.34968096017837524,0.11011405289173126,0.031670715659856796,0.001904007513076067,0.4197918176651001
0.01607663743197918,0.057824116200208664,0.11382465064525604,-0.08715715259313583,2.788789749145508,3.596779266887604,1430.2507860798858,0.5412762761116028,0.31586042046546936,0.14281713962554932,0.052235737442970276,0.00027523233438842,0.4311838746070862
0.013900071382522583,0.05120052024722099,0.10211198031902313,-0.028755690902471542,3.0840866565704346,3.683471748779297,1919.5245346384784,0.29860952496528625,0.546558678150177,0.15477944910526276,0.10287600010633469,0.00455130310729146,0.09567117691040039
0.01812499761581421,0.05935157090425491,0.10760669410228729,-0.18518133461475372,2.631150007247925,3.2745698597607324,1041.6261749049409,0.6826831698417664,0.23011386394500732,0.08703669905662537,0.08763182163238525,0.0036778622306883335,0.535693347454071
0.017583636566996574,0.06306710094213486,0.10539835691452026,-0.1267980933189392,2.555356979370117,3.5866927013790377,1006.6687789305186,0.7045133709907532,0.21412400901317596,0.08087052404880524,0.04957229644060135,0.0017245248891413212,0.6085482835769653
0.02380368672311306,0.0608348473906517,0.12070658057928085,-0.07166039943695068,2.142340898513794,2.5556901372351786,678.9857698557067,0.8487648367881775,0.10299326479434967,0.04724934697151184,0.038342420011758804,0.0017684698104858398,0.7824810147285461
0.015219991095364094,0.054434068500995636,0.09210050106048584,-0.2122754156589508,2.737926721572876,3.5764849109536865,1166.261572235738,0.6086694002151489,0.3021426796913147,0.08912493288516998,0.11647556722164154,0.005085572134703398,0.4090386927127838
0.01928873546421528,0.05560724064707756,0.10319295525550842,-0.15934152901172638,2.294147253036499,2.882886788890748,712.7612741625974,0.837346613407135,0.10785700380802155,0.05444633215665817,0.04571833088994026,0.0006741037941537797,0.7564846873283386
0.035289302468299866,0.06345155090093613,0.1240321695804596,-0.06767760962247849,1.9301069974899292,1.798039248753533,579.015688060368,0.8876248598098755,0.07995814085006714,0.03232451528310776,0.0463399663567543,0.0001233376533491537,0.8230504393577576
0.02318274974822998,0.05939629301428795,0.11471711844205856,-0.06793896853923798,1.9728202819824219,2.562090073730827,571.3642172441241,0.8981221914291382,0.06625156849622726,0.035625942051410675,0.012550760060548782,0.0007299808785319328,0.8569837212562561
0.03346197307109833,0.06417199224233627,0.12403217703104019,-0.05415131524205208,1.9198834896087646,1.917758767663493,560.0374467296459,0.9008974432945251,0.06650231778621674,0.032497044652700424,0.012851135805249214,0.00043774722144007683,0.8694448471069336
0.013054342940449715,0.0508759468793869,0.08918449282646179,-0.10819319635629654,2.9567720890045166,3.8972430177123116,1605.2231181697352,0.42325112223625183,0.4397178888320923,0.1370067447423935,0.09338214993476868,0.0011847744463011622,0.24566444754600525
0.017122725024819374,0.05938190221786499,0.10679453611373901,-0.18282516300678253,2.682307243347168,3.4680170433341053,1101.708280706292,0.6533980965614319,0.25928381085395813,0.08649186789989471,0.09158151596784592,0.0021471420768648386,0.5025674700737
0.02110961452126503,0.061683595180511475,0.11420407891273499,-0.1548396646976471,2.2696144580841064,2.9220616565713073,709.8411663571143,0.8297993540763855,0.12300276011228561,0.046811942011117935,0.030059294775128365,0.0007322112214751542,0.763465166091919
0.02059437520802021,0.06408505141735077,0.12310609966516495,-0.18994903564453125,2.4860875606536865,3.1117744902152658,933.8001374685977,0.7273963689804077,0.19900257885456085,0.07359899580478668,0.06076357141137123,0.002942267805337906,0.6270499229431152
0.013501760549843311,0.045715659856796265,0.0907692089676857,-0.09601344168186188,2.8700428009033203,3.385903614913456,1628.9850835078382,0.4313499927520752,0.42669644951820374,0.14189955592155457,0.08145169913768768,0.0003705909475684166,0.2520352900028229
0.02893362194299698,0.06395331770181656,0.1240321695804596,-0.1393270641565323,2.0311810970306396,2.210346075081876,577.4288321474339,0.8896980285644531,0.07506134361028671,0.03500441089272499,0.043506067246198654,0.001774535863660276,0.8228950500488281
0.012757276184856892,0.044313088059425354,0.08455508202314377,0.013007980771362782,3.0516860485076904,3.473554026254617,1874.999326818464,0.30002060532569885,0.5509524941444397,0.14899025857448578,0.09656646847724915,0.0031238654628396034,0.11341758072376251
0.013546342961490154,0.05228574201464653,0.09974738955497742,-0.13096004724502563,2.785430669784546,3.859768068727171,1190.9306071201893,0.6167240142822266,0.28530529141426086,0.09754304587841034,0.1341749131679535,0.005043650511652231,0.37464195489883423
0.015745988115668297,0.05694436654448509,0.10664952546358109,-0.17308633029460907,2.908433675765991,3.6164365248189956,1339.034396517232,0.565394401550293,0.33394381403923035,0.10019924491643906,0.09833286702632904,0.0032466836273670197,0.39036959409713745
0.01307692565023899,0.04522452503442764,0.08376149833202362,-0.06678032130002975,2.897151231765747,3.458345351236495,1472.2660744683558,0.49133577942848206,0.37902531027793884,0.12963169813156128,0.12685735523700714,0.004130309913307428,0.26105034351348877
0.02105456404387951,0.059824634343385696,0.11174069344997406,-0.17553293704986572,2.300678253173828,2.8414093122927953,721.7248412088493,0.8289282917976379,0.11817964911460876,0.05281631648540497,0.03206782415509224,0.0008944975561462343,0.7462292313575745
0.012646886520087719,0.04736354574561119,0.08594492077827454,-0.11938559263944626,2.8212151527404785,3.7450755699148632,1698.164822115526,0.3980269730091095,0.44358521699905396,0.15833795070648193,0.11862271279096603,0.002309814328327775,0.17898008227348328
0.020220650359988213,0.06443773955106735,0.10955491662025452,-0.22026070952415466,2.459892749786377,3.1867293287157255,820.4251350788653,0.7792223691940308,0.16105395555496216,0.05971357598900795,0.06424462050199509,0.001933111110702157,0.6791814565658569
0.013934126123785973,0.05373997986316681,0.10014115273952484,-0.16586558520793915,3.243394374847412,3.856716910834783,1609.8034516017765,0.44215962290763855,0.4293898344039917,0.12841252982616425,0.08089297264814377,0.002081276848912239,0.2439703345298767
0.012394195422530174,0.053611479699611664,0.09467123448848724,-0.08070455491542816,3.1678056716918945,4.325531256174254,1650.051408451218,0.41636499762535095,0.45055097341537476,0.13304413855075836,0.1251487284898758,0.0028084113728255033,0.19396716356277466
0.02883322909474373,0.0640486404299736,0.12403217703104019,-0.08872568607330322,2.006230592727661,2.221348161085026,547.9864517131293,0.9055135846138,0.05942996218800545,0.03477082401514053,0.04703926295042038,0.0021367045119404793,0.8441553711891174
0.023603344336152077,0.06216747686266899,0.12006555497646332,-0.11260509490966797,2.163463592529297,2.633841881669976,598.6995004705201,0.8865553140640259,0.07284770905971527,0.04008878394961357,0.033326830714941025,0.0001575074711581692,0.8286547660827637
0.026784349232912064,0.06449670344591141,0.12065829336643219,-0.04783866927027702,1.8815261125564575,2.4079996449662167,524.4794771038996,0.9201627373695374,0.050180479884147644,0.02950095571577549,0.016015280038118362,0.000998775358311832,0.8837271928787231
0.016191838309168816,0.05295261740684509,0.09708770364522934,-0.21967391669750214,2.7478461265563965,3.2703277041489316,1171.41036653622,0.6240115165710449,0.2876995801925659,0.0881749764084816,0.10318667441606522,0.0028712826315313578,0.4566020667552948
0.01967196725308895,0.05799411982297897,0.10619910061359406,-0.19659560918807983,2.3160400390625,2.9480589853525965,722.7038738163429,0.8245634436607361,0.1221478134393692,0.053267281502485275,0.053653035312891006,0.0009402952273376286,0.7442746758460999
0.0242827869951725,0.06402931362390518,0.12348683178424835,-0.17870837450027466,2.191213369369507,2.636818979386411,616.5565886495989,0.8704918622970581,0.09163513779640198,0.03757249191403389,0.05408604443073273,0.0017302843043580651,0.7938848733901978
0.022612109780311584,0.059795551002025604,0.11330454051494598,-0.0864069014787674,2.1542744636535645,2.644403887135084,670.6908313388974,0.8598124384880066,0.08767449855804443,0.05251021310687065,0.026092935353517532,0.0022941259667277336,0.8038461804389954
0.014258140698075294,0.04962965101003647,0.09394024312496185,-0.061451155692338943,3.001995801925659,3.480794029003738,1846.1404814112632,0.3369135856628418,0.4917132258415222,0.17121821641921997,0.06518948078155518,0.004508240148425102,0.17880897223949432
0.013659602962434292,0.04909471422433853,0.09402544051408768,-0.06180710345506668,2.9001986980438232,3.594153823926018,1479.4307309991812,0.494261771440506,0.37558579444885254,0.12962917983531952,0.07135321199893951,0.0009125463548116386,0.33364537358283997
0.0137221934273839,0.046545639634132385,0.08983060717582703,-0.016837339848279953,2.98681640625,3.3919970504026185,1665.5218640881287,0.40803277492523193,0.4576808214187622,0.1339731514453888,0.10106965899467468,0.002145448001101613,0.17636920511722565
0.01969912461936474,0.05786445736885071,0.10735943913459778,-0.18448475003242493,2.413851022720337,2.9374126253829105,845.9369450174062,0.7775053381919861,0.1514253169298172,0.07055944204330444,0.07352869212627411,0.005355774890631437,0.6608638763427734
0.025383053347468376,0.06388897448778152,0.1225501224398613,-0.0617862343788147,2.111097812652588,2.516993271482708,641.8815107250755,0.862766444683075,0.09531759470701218,0.04146546870470047,0.04828505590558052,0.000486294855363667,0.785956859588623
0.01755519025027752,0.05425402149558067,0.09767182171344757,-0.18651221692562103,2.618250846862793,3.090483254183618,1075.176196428481,0.6558313965797424,0.26664212346076965,0.076494000852108,0.0918620377779007,0.0019911720883101225,0.5108662247657776
0.016440371051430702,0.06040703132748604,0.10930638015270233,-0.0750512033700943,3.087083578109741,3.6743107035017246,1659.5478197580792,0.42277759313583374,0.4381086230278015,0.1358175426721573,0.08320542424917221,0.003329214872792363,0.24068079888820648
0.016390401870012283,0.052470482885837555,0.09795818477869034,-0.21844005584716797,2.493253469467163,3.201293250694221,923.7244838836256,0.7363875508308411,0.19324736297130585,0.07022345066070557,0.053539473563432693,0.0016170454910025,0.6288480758666992
0.023378996178507805,0.06369957327842712,0.12183797359466553,-0.13205505907535553,2.129138946533203,2.7246496294935527,591.3638522744426,0.8834249377250671,0.07777139544487,0.037820156663656235,0.04818172752857208,0.001249258522875607,0.8118188381195068
0.011784262023866177,0.04002396762371063,0.07873192429542542,-0.13356344401836395,3.054021120071411,3.3963915211029216,1553.410337775586,0.45476973056793213,0.4146786630153656,0.12991802394390106,0.17434459924697876,0.00447487086057663,0.1746162474155426
0.01622922532260418,0.04750146344304085,0.09351436048746109,-0.22054533660411835,2.4353017807006836,2.9269088632316644,870.9726397883026,0.7586183547973633,0.17462702095508575,0.06647219508886337,0.07174424082040787,0.002362184226512909,0.6481160521507263
0.01783081144094467,0.05709618702530861,0.09981472790241241,-0.07995004206895828,2.38253116607666,3.2021081716447988,1037.1890677461993,0.6982337236404419,0.2179507166147232,0.08345271646976471,0.030582936480641365,0.00035762321203947067,0.622239351272583
0.019344575703144073,0.06286749243736267,0.1107107549905777,-0.0858134999871254,2.334451675415039,3.249877040409573,836.5990327460978,0.7807449698448181,0.15600095689296722,0.06284482032060623,0.029691195115447044,0.0006976630538702011,0.7222940325737
0.018787452951073647,0.06464321166276932,0.11563238501548767,-0.3021036386489868,2.8989529609680176,3.4407650588758703,1117.8804165164772,0.6510555744171143,0.2558351755142212,0.09245540201663971,0.07628006488084793,0.0030507249757647514,0.5166915059089661
0.014519527554512024,0.05679881200194359,0.10852586477994919,0.041906483471393585,3.1274967193603516,3.9118911951361084,1916.3286761490756,0.2943806052207947,0.5593529343605042,0.14604540169239044,0.08950828015804291,0.003919786773622036,0.1139402836561203
0.01319809164851904,0.0441383458673954,0.08096723258495331,-0.15566107630729675,2.8046488761901855,3.344297572672476,1319.7599978984226,0.5623024106025696,0.31797274947166443,0.11969738453626633,0.08882269263267517,0.004474231507629156,0.3846404254436493
0.02040732651948929,0.06426090002059937,0.11693967878818512,-0.20366071164608002,2.492619037628174,3.148913208012837,945.3294164971724,0.7364656925201416,0.17575524747371674,0.08771968632936478,0.07521336525678635,0.002516652224585414,0.6156917214393616
0.01290123537182808,0.05802004784345627,0.09602363407611847,-0.15963196754455566,3.092364549636841,4.497247446989078,1845.0151640097267,0.32678428292274475,0.5021394491195679,0.17103372514247894,0.1258975863456726,0.0020879567600786686,0.07275222986936569
0.030627796426415443,0.06440103054046631,0.1240321695804596,-0.11559098213911057,1.9511488676071167,2.10269879170347,491.82509097826966,0.9272834658622742,0.048263441771268845,0.02444421872496605,0.0354607030749321,0.0012550656683743,0.874049186706543
0.013224486261606216,0.04236004501581192,0.07908108830451965,-0.22167813777923584,2.5665550231933594,3.2031524079381373,1115.215090851342,0.6692843437194824,0.21996091306209564,0.11069902032613754,0.11361721903085709,0.0034317164681851864,0.49850958585739136
0.01691528782248497,0.06459589302539825,0.12079824507236481,-0.1404167264699936,2.6669247150421143,3.8187876966370116,1086.756080735282,0.6527994275093079,0.2605230510234833,0.08666518330574036,0.09712519496679306,0.0030696922913193703,0.4828302562236786
0.015383447520434856,0.054422974586486816,0.1056879311800003,-0.046098049730062485,2.9546873569488525,3.5377619035431036,1657.4346288133686,0.4259023070335388,0.4379000961780548,0.1316760927438736,0.06598891317844391,0.002550562610849738,0.28016161918640137
0.01862473599612713,0.05327679589390755,0.10068552196025848,-0.12193484604358673,2.374505043029785,2.860539655548702,849.5096760913668,0.7778158187866211,0.148240864276886,0.07384200394153595,0.04906013235449791,0.0022142836824059486,0.6842299699783325
0.015088996849954128,0.055911239236593246,0.10278517007827759,-0.11993008106946945,2.944708824157715,3.7054311687431882,1474.4234373184017,0.48954159021377563,0.3932715058326721,0.11718518286943436,0.08703342825174332,0.0018025526078417897,0.298504501581192
0.015390615910291672,0.05113814398646355,0.09727135300636292,-0.04843699559569359,2.786952495574951,3.3226833988459745,1535.4317761660673,0.44620266556739807,0.4411467909812927,0.11151278764009476,0.09917038679122925,0.005665035452693701,0.266122430562973
0.023882834240794182,0.06377455592155457,0.11958001554012299,-0.19008831679821014,2.218299388885498,2.6703093642860516,676.4705739129141,0.8504694104194641,0.10118172317743301,0.04827586188912392,0.044932521879673004,0.002086084568873048,0.7797906398773193
0.015189333818852901,0.04866131395101547,0.08907067775726318,-0.09811050444841385,2.46860671043396,3.2036503067312747,930.0634005196148,0.7390758991241455,0.18119901418685913,0.07958054542541504,0.05149686336517334,0.0014604771276935935,0.6270847320556641
0.014706115238368511,0.044219452887773514,0.08031812310218811,-0.17581689357757568,2.5333285331726074,3.0068751786601884,953.8705332975328,0.7312788963317871,0.18808767199516296,0.08062106370925903,0.05427556112408638,0.0013514076126739383,0.6092823147773743
0.01839359849691391,0.05641293153166771,0.10449285805225372,-0.21242976188659668,2.4334757328033447,3.0669872204759567,823.5562530434189,0.7853506803512573,0.14672471582889557,0.06745313107967377,0.054880786687135696,0.0037254414055496454,0.6944143772125244
0.03488054871559143,0.06437446177005768,0.1240321695804596,-0.04440149664878845,1.8077377080917358,1.8455690675369751,474.14335320729685,0.9389797449111938,0.03742578625679016,0.0235550869256258,0.013972356915473938,0.0011325321393087506,0.9041737914085388
0.013724615797400475,0.04556050896644592,0.09011426568031311,-0.025129713118076324,2.8812546730041504,3.319619990510462,1653.3224160830566,0.41787245869636536,0.43603023886680603,0.1451847106218338,0.10682518035173416,0.0014225887134671211,0.2079572081565857
0.026841692626476288,0.06320064514875412,0.12272991240024567,-0.0437452495098114,1.8874552249908447,2.3545700349783187,513.4598056692281,0.9198998212814331,0.05339657515287399,0.02670340985059738,0.017677802592515945,0.0005784874665550888,0.8827371597290039
0.031106851994991302,0.06442424654960632,0.12403217703104019,-0.04079150781035423,1.8039474487304688,2.071062882155629,500.7135308552459,0.9277875423431396,0.046414706856012344,0.02578381635248661,0.012593726627528667,0.00025829250807873905,0.899869441986084
0.01474254671484232,0.051478851586580276,0.0905526876449585,-0.24666765332221985,3.0121119022369385,3.4918560937142002,1469.2933349595148,0.5047772526741028,0.37912818789482117,0.11609074473381042,0.11317305266857147,0.008724391460418701,0.291456937789917
0.022658182308077812,0.06406720727682114,0.12359601259231567,-0.07663426548242569,2.355743408203125,2.827552819678441,842.8417638187944,0.7671480774879456,0.17167703807353973,0.06116621568799019,0.030519383028149605,0.0010284940944984555,0.6971545219421387
0.015522799454629421,0.04788950830698013,0.09073092043399811,-0.23538045585155487,2.69893217086792,3.0851077116513776,1128.6037894360427,0.6456989049911499,0.25832799077033997,0.0937022715806961,0.10662253946065903,0.0035622939467430115,0.4865339994430542
0.013362226076424122,0.04480145126581192,0.0845286101102829,-0.16656197607517242,3.013899803161621,3.3528433815010286,1587.7525710843845,0.4469701647758484,0.41982293128967285,0.1332026720046997,0.10715413093566895,0.0015674069290980697,0.24900522828102112
0.022507524117827415,0.062496211379766464,0.11942629516124725,-0.1089128851890564,2.122222423553467,2.776680857913143,694.7347301433186,0.8493045568466187,0.09755981713533401,0.05263087898492813,0.01692982017993927,0.00030125363264232874,0.8047528266906738
0.01626446284353733,0.053258370608091354,0.10095995664596558,-0.18366017937660217,2.5738418102264404,3.2745237956615947,958.9961094539515,0.7131831049919128,0.20548297464847565,0.08116292208433151,0.085170678794384,0.002207411453127861,0.575066089630127
0.016787678003311157,0.05617160350084305,0.108281709253788,-0.15973004698753357,2.864502191543579,3.346001959676491,1177.1617475019243,0.6145052313804626,0.2944474220275879,0.09100303053855896,0.10088203847408295,0.008466755971312523,0.4218929708003998
0.01709923893213272,0.05746898055076599,0.10576116293668747,-0.0502515509724617,2.9455676078796387,3.360908679941886,1568.5079860400283,0.4414224922657013,0.4415629804134369,0.11621097475290298,0.0809536948800087,0.0036854296922683716,0.28756171464920044
0.024868197739124298,0.06062488630414009,0.12065708637237549,-0.06265941262245178,2.0487256050109863,2.4378480072290545,589.4240444763748,0.8883671164512634,0.07375096529722214,0.03747174143791199,0.03829830512404442,0.0012146603548899293,0.8298258781433105
0.013152936473488808,0.04419993236660957,0.08131105452775955,-0.09306469559669495,2.7304866313934326,3.3604611755206863,1283.9074680465342,0.6025519967079163,0.2630126476287842,0.13427092134952545,0.05009685456752777,0.003201740561053157,0.46244966983795166
0.019918102771043777,0.05450151488184929,0.10493098199367523,-0.2545640468597412,2.461015224456787,2.7362804332120105,868.9359174440374,0.7598523497581482,0.17595551908016205,0.06405488401651382,0.07251136749982834,0.0019192801555618644,0.65308678150177
0.012944682501256466,0.04721279814839363,0.09101533889770508,-0.04308900609612465,3.059133291244507,3.647273553458239,1842.6661886670336,0.3378030061721802,0.5248359441757202,0.13721995055675507,0.12879842519760132,0.0007085981778800488,0.11375617235898972
0.013418514281511307,0.05428684130311012,0.1009734570980072,0.05157766491174698,3.1834514141082764,4.045667065679809,1937.5199657940839,0.27049651741981506,0.5742769837379456,0.15504564344882965,0.11944563686847687,0.004039776511490345,0.0721360296010971
0.02440686710178852,0.06427053362131119,0.12365412712097168,-0.09445365518331528,2.151978015899658,2.6332971516023944,700.7355298173267,0.8462355136871338,0.10395089536905289,0.04834481701254845,0.015931982547044754,0.0011222453322261572,0.8068857192993164
0.018449191004037857,0.0582401342689991,0.11057993769645691,-0.18151476979255676,2.483643054962158,3.156785262459241,943.2435762902439,0.7259179949760437,0.1996229887008667,0.07445859909057617,0.08615893870592117,0.003934357315301895,0.5740127563476562
0.013510613702237606,0.04795052856206894,0.09395065158605576,-0.02567896619439125,2.965981960296631,3.5491007007755946,1637.7486560083003,0.40917813777923584,0.4626081585884094,0.1280997395515442,0.11713546514511108,0.0058232257142663,0.17696049809455872
0.013479836285114288,0.04104685038328171,0.07683522254228592,-0.06916776299476624,2.6325032711029053,3.045055556465806,1273.100429216654,0.5817316770553589,0.30436983704566956,0.11385829746723175,0.065931536257267,0.004571517463773489,0.4315166175365448
0.016162313520908356,0.050527576357126236,0.09502386301755905,-0.14028070867061615,2.68887996673584,3.126258891626811,1247.1504937272114,0.5993667244911194,0.28008097410202026,0.12026786804199219,0.07353802025318146,0.0031933882273733616,0.45947474241256714
0.01426906418055296,0.05601511895656586,0.09559804201126099,-0.2469666600227356,2.989922285079956,3.9256336816385042,1456.023701413273,0.496982604265213,0.37218499183654785,0.13055898249149323,0.12220562994480133,0.01039793435484171,0.2762608230113983
0.03234782814979553,0.06423581391572952,0.1240321695804596,-0.08626583218574524,1.9790400266647339,1.9857844432795335,536.0848036676152,0.9043049216270447,0.06869751960039139,0.02694149687886238,0.043506063520908356,0.0010755389230325818,0.8436543941497803
0.03263693302869797,0.06457389146089554,0.1240321695804596,-0.041135311126708984,1.8296805620193481,1.978552684534927,526.0309863872532,0.9183833599090576,0.05204542353749275,0.029519254341721535,0.008908499963581562,0.00041114227497018874,0.8896816372871399
0.014224140904843807,0.05071251094341278,0.10009042918682098,-0.09919760376214981,3.197474479675293,3.565242447969437,1761.0630604038636,0.37875819206237793,0.463350385427475,0.1572868376970291,0.09933850914239883,0.004523815121501684,0.15758733451366425
0.015898915007710457,0.05260418355464935,0.09860630333423615,-0.15798963606357574,2.6147849559783936,3.3086649954307807,984.7166339487055,0.6964444518089294,0.22510401904582977,0.07798894494771957,0.08761988580226898,0.003291494445875287,0.5529531240463257
0.01744525507092476,0.05133550986647606,0.10021529346704483,-0.21804550290107727,2.411956548690796,2.9426631857674606,893.9576087090024,0.7456206679344177,0.18328513205051422,0.07106857001781464,0.0653206929564476,0.0014266313519328833,0.6387403607368469
0.013425244018435478,0.05457054078578949,0.10059987008571625,-0.1724250465631485,3.031087636947632,4.064770867984874,1445.6612021459653,0.49650856852531433,0.36908239126205444,0.13166122138500214,0.13932764530181885,0.006526686251163483,0.2735480070114136
0.02417217753827572,0.05991511046886444,0.11731432378292084,-0.06271198391914368,2.0838210582733154,2.4786807217311093,596.9948962684333,0.8856337666511536,0.07456190139055252,0.03912912309169769,0.05201056972146034,0.0007325912592932582,0.8119233250617981
0.019805165007710457,0.06333967298269272,0.12105191498994827,-0.16224424540996552,2.566561698913574,3.1981391195092526,1156.531171531202,0.6343645453453064,0.2790047526359558,0.08481904119253159,0.07397180050611496,0.003828425193205476,0.49161744117736816
0.015252433717250824,0.052451156079769135,0.09790381789207458,-0.005587912164628506,2.703342914581299,3.438871267934566,1341.9697892706906,0.5375134944915771,0.3527642488479614,0.10961435735225677,0.1016869768500328,0.0029095259960740805,0.3559017777442932
0.015371336601674557,0.054765280336141586,0.1038672924041748,-0.13318364322185516,3.1570560932159424,3.5628183645794747,1734.1447967356655,0.3809007406234741,0.46433594822883606,0.15463827550411224,0.10133623331785202,0.0073259552009403706,0.18438005447387695
0.01863848976790905,0.058195170015096664,0.11024875938892365,-0.12531344592571259,2.302180767059326,3.122311449942275,787.6246937297217,0.8023489713668823,0.1345890760421753,0.06283168494701385,0.03415580838918686,0.000656953314319253,0.7342236638069153
0.01714772917330265,0.0627429410815239,0.11044228076934814,-0.2120971381664276,2.6944022178649902,3.658965011854141,1037.0361308528181,0.6820069551467896,0.2462978959083557,0.07169482111930847,0.05716298148036003,0.002015000209212303,0.5651617050170898
0.013145608827471733,0.040959037840366364,0.07887442409992218,-0.08841406553983688,2.9792537689208984,3.1157961852367193,1539.715995361992,0.4531708061695099,0.43444886803627014,0.11234281957149506,0.13548524677753448,0.0026584628503769636,0.22425957024097443
0.018012965098023415,0.05612906068563461,0.10648868978023529,-0.08225151151418686,2.637789011001587,3.1160367200554724,1104.1715633925676,0.6679688096046448,0.23700453341007233,0.09475083649158478,0.026284242048859596,0.00020210673392284662,0.5913876295089722
0.015667445957660675,0.05444353446364403,0.09977619349956512,-0.24184535443782806,2.7197928428649902,3.4749463701547763,1275.3466352863684,0.5728265643119812,0.3253350555896759,0.10100548714399338,0.09391742944717407,0.0020646078046411276,0.4188416302204132
0.016776183620095253,0.06446303427219391,0.10826081037521362,-0.1581565886735916,2.776926040649414,3.8425327075661424,1416.3360186559887,0.5382182598114014,0.32635098695755005,0.13410204648971558,0.08728693425655365,0.004955267999321222,0.3851204812526703
0.013237083330750465,0.04539845883846283,0.09056664258241653,-0.09562088549137115,2.863698959350586,3.4296421425080927,1452.556784972679,0.5042209625244141,0.3757265508174896,0.11993850022554398,0.10528918355703354,0.003991971258074045,0.30205631256103516
0.011210042051970959,0.037055209279060364,0.07360072433948517,-0.07116807997226715,3.090667247772217,3.3055370447285477,1719.0848002332862,0.3684486448764801,0.4754343330860138,0.15605539083480835,0.10783769190311432,0.0016255942173302174,0.13580207526683807
0.014715297147631645,0.0570039227604866,0.11157870292663574,-0.09872958064079285,2.9305660724639893,3.8737867257942065,1434.2499256707952,0.5180836915969849,0.3525256812572479,0.12933605909347534,0.10744886845350266,0.002262058202177286,0.31561994552612305
0.013267801143229008,0.04343901947140694,0.08418826758861542,-0.10144825279712677,2.79646372795105,3.274017977749182,1188.4965695588924,0.6131391525268555,0.2818538546562195,0.10416384041309357,0.06940055638551712,0.0032159872353076935,0.44314321875572205
0.015400423668324947,0.04747717082500458,0.09132213145494461,-0.19821569323539734,2.614305257797241,3.082848358228684,937.3929568499531,0.7379445433616638,0.17575693130493164,0.08624570071697235,0.0737893134355545,0.0022071530111134052,0.614452064037323
0.015728553757071495,0.04975144565105438,0.09187227487564087,-0.1958908587694168,2.5151641368865967,3.1631290718972305,1006.546881020352,0.6969004273414612,0.22210846841335297,0.08047982305288315,0.07802045345306396,0.0012337372172623873,0.5720442533493042
0.013990071602165699,0.056431129574775696,0.10374322533607483,-0.12918558716773987,3.0215344429016113,4.033655521963616,1509.4012533508637,0.4815731346607208,0.39291661977767944,0.1254493147134781,0.09206589311361313,0.004583988804370165,0.25191596150398254
0.018894726410508156,0.05763808265328407,0.10583274811506271,-0.21031305193901062,2.421672821044922,3.0504851670240973,904.1933658343598,0.7404499053955078,0.19252917170524597,0.06639508903026581,0.06192823499441147,0.0020169850904494524,0.6471487283706665
0.021468685939908028,0.05763161927461624,0.11453385651111603,-0.10350395739078522,2.2332184314727783,2.684450246896606,688.6889685616875,0.84311842918396,0.10795685648918152,0.04822666570544243,0.03053661622107029,0.00042066321475431323,0.7779926061630249
0.02364410273730755,0.06422688812017441,0.1240321695804596,-0.09095790237188339,2.1751441955566406,2.716402006497616,667.0673530110522,0.8566282391548157,0.09609682857990265,0.04688769578933716,0.03318600356578827,0.001214816002175212,0.7826803922653198
0.016867751255631447,0.046955373138189316,0.08791176974773407,-0.18049246072769165,2.4897053241729736,2.7837363987525676,932.5781276939523,0.7261615991592407,0.20225855708122253,0.07140813022851944,0.05799059197306633,0.0005449551972560585,0.6266127824783325
0.0222129225730896,0.06416765600442886,0.12142415344715118,-0.10081058740615845,2.148090362548828,2.8887534177640193,632.1209984174538,0.8655401468276978,0.09755600243806839,0.0365692600607872,0.02741100639104843,0.0007721709553152323,0.8150553107261658
0.023378634825348854,0.06292112171649933,0.11866328120231628,-0.08515991270542145,2.206489086151123,2.69139418036438,626.1986236462109,0.8622540831565857,0.10047124326229095,0.037081312388181686,0.03852270916104317,0.0018693649908527732,0.8012117147445679
0.013437862507998943,0.05476606637239456,0.09186336398124695,-0.1469011902809143,2.9607884883880615,4.075504295100454,1721.2596324845235,0.3736768066883087,0.4829954206943512,0.14270585775375366,0.11571182310581207,0.004278344567865133,0.15877282619476318
0.027320312336087227,0.06426109373569489,0.1240321695804596,-0.12118842452764511,2.1210789680480957,2.352136130173764,557.6305221052496,0.8970128297805786,0.07104875892400742,0.03182602673768997,0.04600061848759651,0.004502664785832167,0.8289526700973511
0.012011513113975525,0.039799533784389496,0.07901892066001892,0.020648222416639328,2.873516082763672,3.3134488056104154,1728.4898354420234,0.39620500802993774,0.45457157492637634,0.14874471724033356,0.1232825294137001,0.00011831326264655218,0.16850726306438446
0.015996191650629044,0.054984793066978455,0.10625873506069183,-0.18602459132671356,2.689565658569336,3.437367735049538,1268.677376676441,0.5765737295150757,0.3269801139831543,0.09610733389854431,0.0650048479437828,0.002066113753244281,0.4161257743835449
0.027057219296693802,0.06410438567399979,0.1240321695804596,-0.14573663473129272,2.2722160816192627,2.369215586003092,729.8094844756167,0.8198168277740479,0.1279052495956421,0.05142494663596153,0.04515988379716873,0.0046398635022342205,0.7363506555557251
0.025244159623980522,0.06395100802183151,0.12151019275188446,-0.11014480888843536,2.1226062774658203,2.533299146094306,598.8546755532049,0.8865533471107483,0.0740889310836792,0.03851830214262009,0.025792282074689865,0.0020540172699838877,0.8336847424507141
0.019598131999373436,0.06028067320585251,0.10849086940288544,-0.12096894532442093,2.4510040283203125,3.075837697424626,906.1435863127687,0.7599758505821228,0.1655605435371399,0.07363339513540268,0.028727557510137558,0.00048307108227163553,0.6905724406242371
0.030886977910995483,0.06408069282770157,0.1240321695804596,-0.10345033556222916,1.9362576007843018,2.074683156451339,515.7596700357626,0.9179785251617432,0.0547143816947937,0.027136383578181267,0.025013666599988937,0.0014699968742206693,0.8713862895965576
0.02004343271255493,0.06413005292415619,0.11827890574932098,-0.11542320251464844,2.525181293487549,3.1995543797638244,1036.6908377679265,0.6867824196815491,0.2290031611919403,0.08418186008930206,0.04400859773159027,0.001971303950995207,0.5980051159858704
0.014622261747717857,0.05734453350305557,0.11461713910102844,-0.09772149473428726,2.948307752609253,3.921728012294937,1516.13907708791,0.4859026372432709,0.3906428813934326,0.12293778359889984,0.05623805150389671,0.002488589147105813,0.3410799503326416
0.012556347995996475,0.04885498061776161,0.08909215033054352,-0.15156438946723938,3.0262391567230225,3.890859080159924,1616.7295182052817,0.4034116268157959,0.47117289900779724,0.12498343735933304,0.14424239099025726,0.0033532963134348392,0.16222205758094788
0.014563430100679398,0.06446835398674011,0.1027141809463501,-0.13936747610569,2.903578519821167,4.426728698983207,1272.1127137344154,0.5798596143722534,0.30961689352989197,0.11048545688390732,0.09906630963087082,0.0026408135890960693,0.38926932215690613
0.014319011941552162,0.043985579162836075,0.08560411632061005,-0.1536029428243637,2.9058268070220947,3.0718306080968505,1380.5472965562828,0.5261828899383545,0.3422980308532715,0.1315094232559204,0.13355287909507751,0.0067796530202031136,0.3078591823577881
0.013731643557548523,0.05822267383337021,0.10442519187927246,-0.10909991711378098,2.9559743404388428,4.240036786938309,1324.6804523722162,0.5758568048477173,0.2895314395427704,0.13454468548297882,0.056435927748680115,0.0009716013446450233,0.43661490082740784
0.027986977249383926,0.06401393562555313,0.1240321695804596,-0.10754837840795517,2.0756046772003174,2.2872757944831283,569.9354607088973,0.8895009756088257,0.07751284539699554,0.03280825912952423,0.0486142635345459,0.002474414650350809,0.8188979029655457
0.021220970898866653,0.06415143609046936,0.11966221034526825,-0.16552506387233734,2.348557949066162,3.023020784165557,867.9540294387197,0.7606963515281677,0.17169532179832458,0.06655345857143402,0.0564337782561779,0.0027818428352475166,0.677759051322937
0.0223487988114357,0.06437382102012634,0.11745888739824295,-0.19818881154060364,2.241103172302246,2.8804152545463144,626.6646533562373,0.868375301361084,0.08737108111381531,0.04405038431286812,0.04928337782621384,0.002592208329588175,0.7971853017807007
0.014887702651321888,0.04865308478474617,0.09404145181179047,-0.1838407963514328,2.7294936180114746,3.268004870930051,1263.3857219046488,0.5911527872085571,0.29922646284103394,0.10959503799676895,0.11492236703634262,0.005229258444160223,0.3890637159347534
0.016805533319711685,0.05933823063969612,0.10926499217748642,-0.1664116382598877,2.7495996952056885,3.530874593938995,1188.6876848903487,0.6254256367683411,0.27958694100379944,0.09485886991024017,0.08365605771541595,0.0014223309699445963,0.4816800653934479
0.01254316233098507,0.040906522423028946,0.07841546833515167,-0.15546365082263947,2.704619884490967,3.261260704465037,1146.928612362702,0.6303654909133911,0.2796185612678528,0.08933982998132706,0.09911395609378815,0.0022911636624485254,0.44430437684059143
0.035375095903873444,0.0642528086900711,0.1240321695804596,-0.032980211079120636,1.7394334077835083,1.816328890325901,473.94211799135616,0.9396019577980042,0.03769783303141594,0.02268962562084198,0.015004615299403667,0.0008665482164360583,0.9024838209152222
0.03577018156647682,0.06377553194761276,0.1240321695804596,-0.07450028508901596,1.8697164058685303,1.7829244681720915,575.5595707427551,0.8908011317253113,0.07415386289358139,0.03440333157777786,0.040845099836587906,0.0005429670563898981,0.8311119079589844
0.024056365713477135,0.06404756754636765,0.12059862911701202,-0.12361288070678711,2.2513515949249268,2.662395820987365,693.7635137547381,0.8345609307289124,0.12222664803266525,0.043062977492809296,0.04533902183175087,0.0037704836577177048,0.7597953081130981
0.01506982184946537,0.05352521687746048,0.09705725312232971,-0.21065303683280945,2.874866008758545,3.5518148395236384,1521.0668413602982,0.4710182249546051,0.4137420654296875,0.11512288451194763,0.11411335319280624,0.006364891771227121,0.26879093050956726
0.012922342866659164,0.04766836389899254,0.08460482954978943,-0.08692023903131485,2.744997262954712,3.6888329296920666,1333.1586660384933,0.5488510727882385,0.33442437648773193,0.11655329912900925,0.1386900544166565,0.0028617738280445337,0.30353498458862305
0.013643208891153336,0.055534183979034424,0.10214705765247345,0.0698828399181366,3.058000326156616,4.070463511775004,1739.6613983980576,0.3825937807559967,0.4775005578994751,0.1390320211648941,0.11072389036417007,0.0033292414154857397,0.1556089073419571
0.013020515441894531,0.04273722320795059,0.08242390304803848,-0.058457646518945694,3.030242443084717,3.282298876368436,1777.2290511557396,0.37759706377983093,0.4613610804080963,0.16103814542293549,0.0809432864189148,0.0026178332045674324,0.18774215877056122
0.01715882681310177,0.0522298701107502,0.09853802621364594,0.013000451028347015,2.255220890045166,3.0439068286315316,874.7710261095199,0.7757019400596619,0.15120936930179596,0.07290466874837875,0.0032017114572227,0.0004992277827113867,0.727661669254303
0.01410580612719059,0.04680180549621582,0.0924699455499649,-0.18672606348991394,2.7679145336151123,3.3179107291629335,1161.156759119073,0.6325114369392395,0.2675327956676483,0.0980229601264,0.08964259177446365,0.0028986975084990263,0.4813332259654999
0.016906118020415306,0.05122547969222069,0.09025605022907257,-0.24258536100387573,2.6207821369171143,3.029996574455022,1059.5287016980988,0.6669792532920837,0.24806852638721466,0.08391518890857697,0.09410284459590912,0.007039654068648815,0.515172004699707
0.013509119860827923,0.04634827375411987,0.08644966781139374,-0.17060084640979767,2.6205272674560547,3.430887743107823,964.0016441418152,0.7281090021133423,0.1870415359735489,0.08380157500505447,0.033218320459127426,0.0016632339684292674,0.6223847270011902
0.0167124904692173,0.0647040605545044,0.11552148312330246,-0.258230984210968,2.886323928833008,3.871598949887874,1113.550321264868,0.6444122791290283,0.26741841435432434,0.08807390183210373,0.09841863811016083,0.0037848439533263445,0.4718288481235504
0.011859646998345852,0.04888131469488144,0.08272445201873779,-0.0797153115272522,2.9915990829467773,4.121650053966834,1688.8129636447115,0.3964742422103882,0.4700009822845459,0.13338634371757507,0.14685213565826416,0.00563112972304225,0.1597040891647339
0.023632172495126724,0.05739699304103851,0.1095058023929596,-0.07532265037298203,1.9679896831512451,2.428764983432894,543.2031683588018,0.9056829810142517,0.06249099597334862,0.03177828714251518,0.04028052091598511,0.0008633354445919394,0.8492834568023682
0.012499311938881874,0.047149185091257095,0.08235679566860199,-0.22905857861042023,2.866828680038452,3.772142444162625,1474.3230384671672,0.5043987035751343,0.3451826870441437,0.14951924979686737,0.12075795978307724,0.003223319072276354,0.2872951626777649
0.024790629744529724,0.06405851989984512,0.1240321695804596,-0.054220717400312424,2.179675340652466,2.583981147610671,667.1060263314533,0.8526902198791504,0.10485829412937164,0.04245130717754364,0.01814325898885727,0.0024778603110462427,0.8058196306228638
0.0270460844039917,0.06403136253356934,0.1240321695804596,-0.15254640579223633,2.1376395225524902,2.367491041392725,633.8874135804642,0.859936535358429,0.10232928395271301,0.037693172693252563,0.048722609877586365,0.0018258001655340195,0.786261796951294
0.017181307077407837,0.05148470774292946,0.09872373938560486,-0.17340299487113953,2.640690565109253,2.9965536095697596,985.7131299428593,0.7209168672561646,0.20153634250164032,0.07693246006965637,0.04574096202850342,0.0023645241744816303,0.6269621849060059
0.017274752259254456,0.05411296710371971,0.10323785245418549,-0.07218614220619202,2.638774871826172,3.1324887493884463,1071.1731015802186,0.6733835935592651,0.23384501039981842,0.09069335460662842,0.03895559906959534,0.0011858148500323296,0.5833368897438049
0.03695004805922508,0.06429420411586761,0.1240321695804596,-0.08746332675218582,1.8088321685791016,1.7400303244822346,478.8260788757465,0.9346749782562256,0.041702378541231155,0.023606304079294205,0.03097090870141983,0.002188638085499406,0.8849998712539673
0.028899352997541428,0.06439574807882309,0.12288068234920502,-0.0783386304974556,1.8799070119857788,2.228276462870058,488.7996697368088,0.9303348064422607,0.045946259051561356,0.023693352937698364,0.026522142812609673,0.00048255373258143663,0.888661801815033
0.015424842946231365,0.05558473616838455,0.09883096814155579,-0.20823022723197937,3.175151824951172,3.6035852266723767,1565.2124847162574,0.43588319420814514,0.4494263827800751,0.11467013508081436,0.10744702070951462,0.004013632424175739,0.2610679864883423
0.03270324692130089,0.06439238041639328,0.1240321695804596,-0.05048854276537895,1.8391237258911133,1.9689904360072286,490.4958938077209,0.9307886958122253,0.04505421593785286,0.024157054722309113,0.02070215716958046,0.0007318772841244936,0.8944624662399292
0.02158384583890438,0.06290865689516068,0.11460805684328079,-0.0981595367193222,2.1481313705444336,2.9146175969647943,653.4965656752831,0.8614310622215271,0.0938393846154213,0.044302958995103836,0.023119356483221054,0.0003238657081965357,0.8159885406494141
0.025801509618759155,0.06435028463602066,0.12351977825164795,-0.05389668419957161,2.059600591659546,2.494051146012802,595.7990740824231,0.8834682106971741,0.08049441128969193,0.03589411452412605,0.023189296945929527,0.0003662021190393716,0.8305841088294983
0.031803421676158905,0.06417983025312424,0.1240321695804596,-0.04010125622153282,1.885079026222229,2.0180165173616507,506.80530660745154,0.9228867888450623,0.0491664744913578,0.027784403413534164,0.023988177999854088,0.0002890954783651978,0.8812273740768433
0.013438782654702663,0.043079327791929245,0.084474116563797,-0.2204161137342453,2.6585593223571777,3.2055974782543863,1020.7213441703611,0.6893450617790222,0.21428953111171722,0.09624440968036652,0.12348832190036774,0.0016181605169549584,0.49760788679122925
0.01670563779771328,0.05560693144798279,0.10380993783473969,-0.23770837485790253,2.7542450428009033,3.328632651922204,1253.1036109966321,0.596636950969696,0.29635170102119446,0.10698305070400238,0.09025636315345764,0.0025532753206789494,0.46084409952163696
0.014155392535030842,0.055785149335861206,0.09968365728855133,-0.14643317461013794,2.8134024143218994,3.9409115073189844,1388.639052962466,0.5215650200843811,0.3637649714946747,0.1145261749625206,0.10695965588092804,0.0018315837951377034,0.31730082631111145
0.013216483406722546,0.04686737433075905,0.0881705954670906,-0.05994665250182152,2.700937271118164,3.546130455804446,1441.057731666358,0.4995957016944885,0.3765336871147156,0.12367428839206696,0.1067538633942604,0.0015715921763330698,0.2824053168296814
0.024596678093075752,0.0637279748916626,0.11806723475456238,-0.13230808079242706,2.158235549926758,2.590917954364408,639.8120840857039,0.8638530969619751,0.0923161432147026,0.043216198682785034,0.03701401129364967,0.0018309798324480653,0.8041415810585022
0.018331801518797874,0.06480329483747482,0.11874119937419891,-0.09532306343317032,2.838325023651123,3.5350205361698324,1530.2712459431496,0.4835847020149231,0.39473652839660645,0.11753489822149277,0.07317178696393967,0.004933172836899757,0.32512009143829346
0.015695692971348763,0.0523112416267395,0.09491975605487823,-0.2652137279510498,2.766042470932007,3.332840526308502,1082.1696532693547,0.6568395495414734,0.2600587010383606,0.08249212056398392,0.1046355739235878,0.005140420515090227,0.4912914037704468
0.014768188819289207,0.05072503164410591,0.08695904910564423,-0.2606085240840912,2.854806423187256,3.4347496677735836,1309.5610030556165,0.5595852732658386,0.3374686539173126,0.10282626003026962,0.11564566195011139,0.003265667473897338,0.342979371547699
0.02513045258820057,0.06009741500020027,0.11872941255569458,-0.02284284308552742,1.986696481704712,2.3914179335562875,574.2226700402703,0.8989076018333435,0.06484327465295792,0.03615068644285202,0.017021533101797104,0.00043850805377587676,0.8592261672019958
0.01291735004633665,0.038782283663749695,0.07626767456531525,-0.1757936030626297,2.6461894512176514,3.0023405359171154,1325.6306867832914,0.5677238702774048,0.32248780131340027,0.10975754261016846,0.09456868469715118,0.0015443793963640928,0.40434733033180237
0.01660092920064926,0.05081547051668167,0.0915895402431488,-0.11437814682722092,2.4673056602478027,3.061001580058138,921.0550993996467,0.731768012046814,0.19512216746807098,0.07299048453569412,0.059145737439394,0.0007831027032807469,0.6244001388549805
0.013638640753924847,0.05015553906559944,0.0875762403011322,-0.1641889065504074,2.7673285007476807,3.6774587707714583,1332.4323121214072,0.5590549111366272,0.31831541657447815,0.12237109988927841,0.09978219121694565,0.0001598324452061206,0.35513758659362793
0.0159835796803236,0.05012933164834976,0.10007768869400024,-0.11237312108278275,2.815139055252075,3.136301920334191,1317.114732794549,0.5591437816619873,0.3338432013988495,0.10696715116500854,0.09942854940891266,0.0055628870613873005,0.3670603036880493
0.01719605177640915,0.0642404705286026,0.11410404741764069,-0.1644001454114914,2.8527843952178955,3.735768614804754,1480.6023925646505,0.5185805559158325,0.3258519768714905,0.13873262703418732,0.08915665745735168,0.0016402980545535684,0.351936012506485
0.021892504766583443,0.06427181512117386,0.11820758879184723,-0.15899066627025604,2.3732998371124268,2.935790847301406,822.6103281452287,0.774722695350647,0.16144417226314545,0.06377184391021729,0.06494876742362976,0.004182016476988792,0.6784977316856384
0.029633568599820137,0.06421008706092834,0.12403217703104019,-0.059270184487104416,1.8790465593338013,2.1668023829958596,495.4523818823106,0.9292013645172119,0.04487544298171997,0.02540585771203041,0.015811648219823837,0.0009002958540804684,0.8929488658905029
0.02152438648045063,0.06430908292531967,0.1240321695804596,-0.13481804728507996,2.3934712409973145,2.987731287056205,888.0323636096158,0.7617500424385071,0.16702887415885925,0.07088369876146317,0.04611627012491226,0.0034995207097381353,0.6880024671554565
0.017879419028759003,0.06044720485806465,0.11549500375986099,-0.1437128633260727,2.6508982181549072,3.380826007682612,1059.3761681169854,0.6699610948562622,0.24760040640830994,0.0822654515504837,0.044308070093393326,0.00036517740227282047,0.5610870122909546
0.014718249440193176,0.05204741656780243,0.09108632802963257,-0.25081467628479004,2.7155284881591797,3.53625047433515,1164.239745310123,0.628592312335968,0.26610666513442993,0.10493007302284241,0.08987531065940857,0.001586424419656396,0.47617971897125244
0.013048484921455383,0.03970850631594658,0.07860271632671356,-0.037655215710401535,2.802332639694214,3.043150722242968,1754.7173019927939,0.3684402108192444,0.4899924695491791,0.1415388435125351,0.13797016441822052,0.005074793938547373,0.13344982266426086
0.01630556397140026,0.05138421431183815,0.09420394152402878,-0.20422609150409698,2.4677014350891113,3.1513300857801694,823.1310190932813,0.7848607897758484,0.1484041064977646,0.06666669249534607,0.05796990543603897,0.0004459999327082187,0.6898785829544067
0.01485699974000454,0.05290253460407257,0.10146783292293549,-0.016810482367873192,3.1156132221221924,3.5607818217876352,1813.4645970902534,0.3338921368122101,0.5117663741111755,0.15431982278823853,0.07067932188510895,0.0031502139754593372,0.1430790275335312
0.015978608280420303,0.04805302619934082,0.0946209579706192,-0.13240036368370056,2.4272987842559814,3.007334891313169,909.7975635729465,0.7465283274650574,0.1820635050535202,0.07140707224607468,0.054425619542598724,0.002619912149384618,0.6439246535301208
0.020089300349354744,0.06431995332241058,0.10971249639987946,-0.2633483111858368,2.539395809173584,3.2017020105568186,857.7505283094149,0.7592795491218567,0.18254207074642181,0.05767444893717766,0.07178277522325516,0.0012577216839417815,0.654276967048645
0.013283914886415005,0.046146098524332047,0.09136591851711273,-0.07116369158029556,2.9892690181732178,3.473832745499613,1757.9095112618315,0.3571646213531494,0.5148576498031616,0.12778937816619873,0.13413949310779572,0.002539064735174179,0.14086902141571045
0.03688987344503403,0.06443610042333603,0.1240321695804596,-0.09309380501508713,1.8380472660064697,1.7467151389824964,483.4176342091402,0.9295085668563843,0.04544767737388611,0.025025412440299988,0.04146217554807663,0.0023593800142407417,0.8739221692085266
0.013054050505161285,0.05051106959581375,0.0936637669801712,-0.0989312008023262,3.0991923809051514,3.8693790538019903,1731.3858937578639,0.3860816955566406,0.4707993268966675,0.143093079328537,0.13348542153835297,0.003407716052606702,0.15397629141807556
0.019981982186436653,0.06397248059511185,0.1240321695804596,-0.09749019891023636,2.524878978729248,3.201508238523679,1051.144649562097,0.6878334283828735,0.2191360592842102,0.09293787181377411,0.060114383697509766,0.007473285309970379,0.5809468030929565
0.0314144529402256,0.06461624056100845,0.1240321695804596,-0.08367804437875748,1.8901082277297974,2.056895298539855,493.23133113061874,0.9298044443130493,0.04514883831143379,0.02498256042599678,0.03385193273425102,0.0002545211464166641,0.8810099363327026
0.01534277107566595,0.05661000311374664,0.10487227141857147,-0.22109246253967285,2.918407917022705,3.689685704809997,1229.869587909053,0.5866931676864624,0.3192230761051178,0.09406405687332153,0.08649078011512756,0.0021592937409877777,0.4198809266090393
0.026839887723326683,0.06409534811973572,0.1240321695804596,-0.05858425423502922,2.084413766860962,2.3880631982540694,594.6587796124827,0.8799387216567993,0.08464767783880234,0.0349348746240139,0.04366206005215645,0.003219552105292678,0.8187992572784424
0.01428980752825737,0.047829192131757736,0.09548816084861755,-0.12865063548088074,2.823598861694336,3.3470844190050038,1406.159115623861,0.5343640446662903,0.3345351219177246,0.13059957325458527,0.09371273964643478,0.0017766766250133514,0.34980306029319763
0.011752553284168243,0.04139392822980881,0.08167983591556549,-0.07206061482429504,3.010073184967041,3.522122148728997,1721.320971503886,0.37827742099761963,0.4756469130516052,0.14579378068447113,0.148214653134346,0.005990110337734222,0.0959910899400711
0.01718413271009922,0.060356900095939636,0.10643936693668365,-0.10742577910423279,2.610511064529419,3.5123623118293983,1176.038845635835,0.6182355284690857,0.2798226773738861,0.1017887145280838,0.08883535861968994,0.0036033298820257187,0.4660499095916748
0.03129482641816139,0.06428499519824982,0.1240321695804596,-0.11236847937107086,1.953800082206726,2.0541732469520584,532.2882909212409,0.9095596671104431,0.06150168925523758,0.028923045843839645,0.016219332814216614,0.0015300334198400378,0.8647032976150513
0.03249267116189003,0.06430018693208694,0.1240321695804596,-0.02898264303803444,1.7953983545303345,1.9789135405255438,499.4886615847892,0.927886962890625,0.04778572544455528,0.02432648278772831,0.012193734757602215,0.000514368002768606,0.8982028961181641
0.01725616492331028,0.04950495436787605,0.09282241761684418,-0.09271517395973206,2.2345969676971436,2.8688271458355192,804.2624745132929,0.8000108003616333,0.1298927515745163,0.06988705694675446,0.04155021160840988,0.0007060584030114114,0.7173314094543457
0.01767815835773945,0.05272034555673599,0.09361500293016434,-0.12463455647230148,2.2973060607910156,2.982230642292722,771.6306257098731,0.8144409656524658,0.12088806927204132,0.06460529565811157,0.04417259618639946,0.0005252616247162223,0.7263419032096863
0.019664570689201355,0.06030553951859474,0.10658889263868332,-0.11946896463632584,2.330991744995117,3.0667102002203563,897.9856635270345,0.7540858387947083,0.17385642230510712,0.07202678173780441,0.039500292390584946,0.000645411026198417,0.6725159287452698
0.017858583480119705,0.056808967143297195,0.10901133716106415,-0.15690945088863373,2.52197527885437,3.181045529358825,852.2099774976957,0.773106038570404,0.15659230947494507,0.0701460987329483,0.03845138102769852,0.00048487583990208805,0.6711111664772034
0.016229841858148575,0.0474541075527668,0.0894479900598526,-0.198489710688591,2.4824845790863037,2.923879848281915,1048.1406574109737,0.6857975125312805,0.2138821929693222,0.09930262714624405,0.0982746109366417,0.0017604863969609141,0.5328871011734009
0.026055147871375084,0.059454575181007385,0.11778275668621063,-0.03029875084757805,1.8404725790023804,2.2818744100870743,532.1162995280777,0.9154834151268005,0.05397668480873108,0.030512841418385506,0.009971830993890762,0.0005623461329378188,0.8864560127258301
0.017225436866283417,0.056051768362522125,0.10047996789216995,-0.16026149690151215,2.579632520675659,3.2540114247541823,981.3125390619178,0.6975919604301453,0.22989650070667267,0.07239799201488495,0.08220192044973373,0.003248547436669469,0.542056143283844
0.02077326737344265,0.06261003762483597,0.12250958383083344,-0.18740896880626678,2.401362895965576,3.013971586475852,777.9022900749027,0.7998191118240356,0.1434895098209381,0.05661572515964508,0.06509901583194733,0.003547783475369215,0.7005406022071838
0.03745449334383011,0.06444742530584335,0.1240321695804596,-0.03852064535021782,1.7474472522735596,1.7206860793042638,480.6963779800914,0.9356073141098022,0.04091580584645271,0.023434694856405258,0.014058616943657398,0.0002790609432850033,0.9055773019790649
0.01328563503921032,0.04633355513215065,0.0846339613199234,-0.2205592393875122,2.916250705718994,3.4874926935684636,1327.3214390176302,0.5685561895370483,0.3147262930870056,0.11656156182289124,0.09169738739728928,0.0028246392030268908,0.39743807911872864
0.017527315765619278,0.05467667430639267,0.10062598437070847,-0.18128670752048492,2.5184717178344727,3.1195121394757,1035.1722451120374,0.6841838359832764,0.23199903964996338,0.08327428251504898,0.06347331404685974,0.00023286881332751364,0.5797693133354187
0.011654316447675228,0.038485072553157806,0.07490233331918716,-0.08236546814441681,2.8862476348876953,3.302216197976372,1593.9723347932415,0.4236610233783722,0.44392913579940796,0.13204969465732574,0.12652815878391266,0.0022425600327551365,0.20144465565681458
0.015945175662636757,0.05237329751253128,0.09597603976726532,-0.18239477276802063,2.6675946712493896,3.284585796816869,1114.741173031486,0.6550865173339844,0.2494264841079712,0.09545988589525223,0.06644827127456665,0.0014598534908145666,0.5351566076278687
0.01823466084897518,0.052828457206487656,0.10556450486183167,-0.15563318133354187,2.389326572418213,2.8971450382944504,780.7985529556489,0.8128682374954224,0.12009678035974503,0.06682593375444412,0.03456583619117737,0.000469424354378134,0.7502540349960327
0.014635116793215275,0.06015422195196152,0.11407957971096039,0.009636353701353073,3.1845576763153076,4.110265930760339,1718.0903550845335,0.38638007640838623,0.4611625671386719,0.15244054794311523,0.09609658271074295,0.0022343855816870928,0.1706470549106598
0.020367085933685303,0.06012290343642235,0.11544403433799744,-0.11309240758419037,2.236677646636963,2.951963949542364,691.7387868609844,0.839987576007843,0.11115667223930359,0.048659030348062515,0.051833201199769974,0.00038709453656338155,0.7619279026985168
0.014954772777855396,0.04478568211197853,0.08263826370239258,-0.16996441781520844,2.5456440448760986,2.9947417305665223,1032.3359814299138,0.6982964277267456,0.20998729765415192,0.09131462126970291,0.04716459661722183,0.0004510381550062448,0.597485363483429
0.01404525712132454,0.051384713500738144,0.10128991305828094,-0.13444270193576813,2.9544951915740967,3.658509990469565,1447.4511737960272,0.4856245517730713,0.40642213821411133,0.10652773827314377,0.1311802864074707,0.007607087958604097,0.26909640431404114
0.021632114425301552,0.06422583758831024,0.1175263524055481,-0.06467827409505844,2.194612741470337,2.969004153852886,759.1327634950752,0.811730682849884,0.1348109096288681,0.052709273993968964,0.016400879248976707,0.0002476740919519216,0.7668243646621704
0.019172726199030876,0.0645294040441513,0.12209603190422058,-0.15057344734668732,2.7128071784973145,3.365687454716137,1231.1057646310153,0.6113665103912354,0.280695378780365,0.10357696563005447,0.07770762592554092,0.0019713263027369976,0.47348830103874207
0.013967390172183514,0.046545181423425674,0.08764570951461792,-0.13296650350093842,2.98126220703125,3.3324179282103406,1370.8174955959755,0.538129448890686,0.3475581407546997,0.11428910493850708,0.1053181067109108,0.0008828295976854861,0.3436916768550873
0.02641640044748783,0.06424538791179657,0.12330452352762222,-0.06573212891817093,1.9581241607666016,2.4320265751980683,534.5701998223225,0.9119518399238586,0.0597846619784832,0.02821427769958973,0.015556355938315392,0.0004795171262230724,0.8779542446136475
0.014821484684944153,0.05558675155043602,0.10287371277809143,-0.08591592311859131,2.9295296669006348,3.7504172306807635,1641.9321094415754,0.4151083827018738,0.4605276584625244,0.1229994148015976,0.10263598710298538,0.006463759578764439,0.2438666671514511
0.016217930242419243,0.057049959897994995,0.10426463186740875,-0.16374848783016205,2.6440677642822266,3.5177090443550396,1103.7079852239876,0.6532195806503296,0.24596218764781952,0.09994856268167496,0.08634594827890396,0.001802180428057909,0.5165103077888489
0.027346666902303696,0.06436148285865784,0.1240321695804596,-0.1172751933336258,2.1707568168640137,2.353540308449161,639.5230025372388,0.8637233376502991,0.09748797863721848,0.03865464776754379,0.023136626929044724,4.038089537061751e-05,0.8194875717163086
0.013857880607247353,0.04600604623556137,0.0903129130601883,-0.05509631335735321,2.656569004058838,3.319847207240436,1134.3313707356751,0.6588437557220459,0.2371235489845276,0.10351301729679108,0.05260966718196869,0.000777659413870424,0.5468767285346985
0.014173679985105991,0.05231785401701927,0.09199023246765137,-0.18230217695236206,2.687154769897461,3.691197633099153,1092.8752901259365,0.6586981415748596,0.24447232484817505,0.0968056246638298,0.07787224650382996,0.00048303621588274837,0.5100979208946228
0.013593395240604877,0.05252591148018837,0.09403201937675476,-0.11179479956626892,3.0202243328094482,3.864075938837117,1817.2949706195127,0.33484917879104614,0.5271528959274292,0.1379823088645935,0.12335935980081558,0.005464613437652588,0.12386399507522583
0.018212225288152695,0.06395328789949417,0.11970999836921692,-0.14125868678092957,2.6556942462921143,3.511558136587796,1299.9169972968084,0.5848731398582458,0.3046204149723053,0.10117939859628677,0.07806246727705002,0.0018238804768770933,0.4417814016342163
0.013785552233457565,0.043040208518505096,0.08327394723892212,-0.1572323590517044,2.753892421722412,3.1221243651686503,1283.1861708527679,0.5799586772918701,0.3035162389278412,0.11652406305074692,0.12529221177101135,0.00405854219570756,0.36954545974731445
0.019834840670228004,0.05782052502036095,0.11073523759841919,-0.13785268366336823,2.2843875885009766,2.915099041064351,775.8049787003272,0.8045551180839539,0.1377219259738922,0.0575212724506855,0.04138200357556343,0.0010179572273045778,0.7323911190032959
0.020610958337783813,0.06362536549568176,0.11743997037410736,-0.2092113494873047,2.5465989112854004,3.0869678376845475,843.5987590475,0.7738912105560303,0.15730538964271545,0.06842990219593048,0.06775496155023575,0.0015847741160541773,0.6717351675033569
0.014025579206645489,0.0475909598171711,0.09495744109153748,-0.13387508690357208,2.986727476119995,3.3931546863482662,1691.3939092198152,0.38104763627052307,0.4713864326477051,0.14740723371505737,0.08524401485919952,0.002869133371859789,0.22380582988262177
0.013162923976778984,0.040701255202293396,0.0793156623840332,-0.15816935896873474,3.0201752185821533,3.0921135205979535,1809.8424830906695,0.3334880769252777,0.5346155166625977,0.13188818097114563,0.1356353461742401,0.0041405512019991875,0.12405513226985931
0.012182234786450863,0.044473614543676376,0.07633927464485168,-0.13079753518104553,2.712005615234375,3.6506942543489176,1278.27339320013,0.5921085476875305,0.28599807620048523,0.1218067854642868,0.05224402993917465,0.0011046943254768848,0.4680907726287842
0.015152901411056519,0.06434370577335358,0.11517646908760071,-0.06706389039754868,3.288367748260498,4.246296073843523,1770.2990294498472,0.353815495967865,0.5299035310745239,0.11627285927534103,0.0913146361708641,0.002095462055876851,0.1939552128314972
0.029318328946828842,0.06436220556497574,0.12403217703104019,-0.13473136723041534,2.0172665119171143,2.195289017989617,523.1005516854723,0.9135796427726746,0.05847380310297012,0.02766718529164791,0.02961483970284462,0.0008271138649433851,0.8647634983062744
0.013540098443627357,0.051628295332193375,0.09104525297880173,-0.2008642703294754,3.015801429748535,3.812992611784091,1455.9106451220387,0.49860501289367676,0.3771463930606842,0.12419627606868744,0.1334373950958252,0.005083989351987839,0.2789445221424103
0.01856095716357231,0.052363138645887375,0.10171454399824142,-0.20153403282165527,2.3793230056762695,2.8211443074624407,787.1137335506568,0.7887862324714661,0.15694281458854675,0.05414215102791786,0.07072541117668152,0.0006563668721355498,0.6846420168876648
0.01510581374168396,0.06419786810874939,0.10370948910713196,-0.14072711765766144,2.724618434906006,4.249878172888347,1213.3931258264927,0.5952067375183105,0.306611031293869,0.09773825109004974,0.12389727681875229,0.0030380459502339363,0.36428698897361755
0.018929917365312576,0.051810551434755325,0.10133463144302368,-0.1018633097410202,2.232412338256836,2.736966592730969,678.1269684909504,0.844517707824707,0.11085767298936844,0.04428661987185478,0.028288299217820168,0.0011565973982214928,0.7794002890586853
0.012598755769431591,0.045051343739032745,0.08508510887622833,0.012576610781252384,2.9549713134765625,3.5758565813907697,1610.5830334958662,0.42258769273757935,0.4278166592121124,0.14828525483608246,0.12397532165050507,0.0010153480106964707,0.20059478282928467
0.0279450174421072,0.06451867520809174,0.1240321695804596,-0.04611187055706978,1.9701346158981323,2.3087720499528848,582.7541380327685,0.8931256532669067,0.06960421055555344,0.03665092587471008,0.02149169147014618,0.0011364418314769864,0.8523924350738525
0.015429824590682983,0.05540790036320686,0.09847152233123779,-0.25315871834754944,2.748704195022583,3.590961130761846,1249.0323567242299,0.5926012992858887,0.30044716596603394,0.10694451630115509,0.10852903872728348,0.0044321115128695965,0.4083886444568634
0.01893678493797779,0.05747443437576294,0.11311682313680649,-0.14391085505485535,2.6034743785858154,3.035068231538221,986.6817818209746,0.7021468281745911,0.2235332876443863,0.07397451996803284,0.07655493915081024,0.003001766512170434,0.5650190711021423
0.0222284235060215,0.0639403834939003,0.11359544843435287,-0.15392357110977173,2.3329224586486816,2.8765145433594452,770.6135830436875,0.8064950108528137,0.13832059502601624,0.05462415888905525,0.04112793132662773,0.000477401859825477,0.7360792756080627
0.016268299892544746,0.05004698783159256,0.09132334589958191,-0.17245979607105255,2.483121633529663,3.076350212320046,874.3680596752911,0.7751708030700684,0.1453704982995987,0.07941896468400955,0.04241340234875679,0.000549925840459764,0.6898239850997925
0.014194900169968605,0.04847624525427818,0.09621945768594742,-0.11430050432682037,2.9700474739074707,3.4150465780253776,1462.608762120495,0.48890960216522217,0.4050500690937042,0.10602602362632751,0.10752073675394058,0.001510478905402124,0.2910500764846802
0.020786788314580917,0.06420532613992691,0.1240321695804596,-0.1576727330684662,2.309105396270752,3.0887564334217643,779.8397376920059,0.7974908947944641,0.14535626769065857,0.05618036165833473,0.0461343452334404,0.0014051278121769428,0.7235947251319885
0.013634874485433102,0.04769850894808769,0.08953426778316498,-0.043197862803936005,2.974163770675659,3.4982726827114106,1816.4272711112371,0.3599710464477539,0.4937187433242798,0.14598935842514038,0.08011595904827118,0.001947319251485169,0.16716685891151428
0.014809664338827133,0.05369196832180023,0.09681493043899536,-0.2166406363248825,2.9470784664154053,3.6254682813713894,1429.7852411916242,0.4931488633155823,0.3991551697254181,0.10768118500709534,0.13386185467243195,0.004825167823582888,0.2632136344909668
0.013442235067486763,0.05016116797924042,0.09813648462295532,-0.0668317973613739,3.363981008529663,3.7316091947265155,1773.0739144987297,0.34958282113075256,0.527093768119812,0.12326733022928238,0.12362127006053925,0.006947866175323725,0.14622560143470764
0.016163639724254608,0.05978190153837204,0.10418067872524261,-0.21241511404514313,2.874375104904175,3.698542070630714,1311.7786502760357,0.5545303821563721,0.3335403501987457,0.11120392382144928,0.11102017015218735,0.0026874844916164875,0.3814302086830139
0.019242584705352783,0.05213761702179909,0.10287366062402725,-0.13399077951908112,2.3075151443481445,2.709491360824634,777.0365060362763,0.8070778250694275,0.12873181700706482,0.06400413066148758,0.034999407827854156,0.000653534138109535,0.7321009039878845
0.016456345096230507,0.05965694785118103,0.11070870608091354,-0.05812273174524307,2.8024394512176514,3.625163880479202,1505.0829420359748,0.4967988431453705,0.3596225678920746,0.1432599574327469,0.043846242129802704,0.004094499163329601,0.38952910900115967
0.012404662556946278,0.045858677476644516,0.08421225845813751,-0.020014718174934387,2.9451370239257812,3.69689036379857,1754.3195444670482,0.3722396194934845,0.48271238803863525,0.1449449360370636,0.14928802847862244,0.0008776506874710321,0.13791735470294952
0.021085470914840698,0.05369794741272926,0.10491251945495605,-0.041391558945178986,2.0412802696228027,2.5466800161616536,643.3702101905312,0.8634023070335388,0.09419713914394379,0.04239819571375847,0.014707926660776138,0.0008081874111667275,0.8129671812057495
0.028149019926786423,0.0639168918132782,0.1240321695804596,-0.06840445101261139,2.0775351524353027,2.270661357917639,580.5450777678981,0.8875409960746765,0.07917547225952148,0.032696861773729324,0.015656856819987297,0.0007045982056297362,0.8538379669189453
0.015358281321823597,0.04456285014748573,0.0863715261220932,-0.13106240332126617,2.5237326622009277,2.9015518866204046,959.1797638455727,0.7217745780944824,0.19904085993766785,0.07914791256189346,0.03452398627996445,0.0039381664246320724,0.6196531057357788
0.014671608805656433,0.0580446757376194,0.10822797566652298,-0.06308146566152573,3.2260844707489014,3.9562584105490073,1753.0305913167497,0.36670178174972534,0.4855824112892151,0.1476399451494217,0.11831218749284744,0.004257157910615206,0.1668296903371811
0.025217190384864807,0.058420270681381226,0.11345760524272919,-0.03679091855883598,1.889614224433899,2.3166843644138884,534.549933772541,0.9143050312995911,0.05647185444831848,0.029217127710580826,0.01025024987757206,0.00010948692943202332,0.8808090090751648
0.03486497327685356,0.06447001546621323,0.12403217703104019,-0.036209721118211746,1.820275068283081,1.8491342285687329,502.84475855476524,0.9262663722038269,0.04572620242834091,0.027999328449368477,0.015895800665020943,0.00042351800948381424,0.8911645412445068
0.013227257877588272,0.04751881584525108,0.0923730805516243,-0.16604137420654297,3.0958755016326904,3.5924918287238157,1531.4673678401864,0.47113046050071716,0.394290953874588,0.13288438320159912,0.11225448548793793,0.001491136965341866,0.27813437581062317
0.01648440584540367,0.050924114882946014,0.09574992954730988,-0.24865372478961945,2.555246114730835,3.089229624497258,1010.0457973915136,0.6925817131996155,0.2232663333415985,0.08403519541025162,0.10804864019155502,0.004108675289899111,0.5310754179954529
0.03175218403339386,0.06455415487289429,0.12403217703104019,-0.09898851811885834,1.9349457025527954,2.0330618770340156,528.1641968604737,0.9137315154075623,0.056705523282289505,0.029365846887230873,0.030871665105223656,0.0005023544654250145,0.8671036958694458
0.01573122665286064,0.049373697489500046,0.09390956163406372,-0.20300590991973877,2.620548963546753,3.1385789917013955,1164.8243062648417,0.6277518272399902,0.26801520586013794,0.10280238837003708,0.1053519919514656,0.0018195286393165588,0.4586588144302368
0.029304999858140945,0.0640518069267273,0.1240321695804596,-0.0563175193965435,1.921845555305481,2.18569552071668,531.33250287511,0.9143257737159729,0.05563133955001831,0.029824908822774887,0.01395468320697546,0.00012107197107980028,0.8821806311607361
0.017149312421679497,0.050940029323101044,0.09610351920127869,-0.1406276822090149,2.411259889602661,2.9703831889921286,941.9509026547353,0.7456739544868469,0.16492407023906708,0.08882786333560944,0.03403986617922783,0.0005216594436205924,0.6698422431945801
0.024935461580753326,0.0643661618232727,0.12209829688072205,-0.12511326372623444,2.101301908493042,2.5813102200752134,561.0527942265616,0.897465169429779,0.06805478781461716,0.03412603959441185,0.04166906699538231,0.0022487021051347256,0.8343159556388855
0.026580488309264183,0.06405185908079147,0.12087571620941162,-0.11558035016059875,2.0103917121887207,2.4097322191051527,537.7862805852707,0.9072594046592712,0.06308744102716446,0.029034873470664024,0.026767762377858162,0.000972508336417377,0.861168384552002
0.02214576117694378,0.05997027829289436,0.11883670091629028,-0.10868600755929947,2.333008050918579,2.707979997211483,805.6962705411332,0.794996976852417,0.1411108821630478,0.06356734782457352,0.031408339738845825,0.0009087517391890287,0.7306419610977173
0.012718931771814823,0.04203280434012413,0.08168194442987442,-0.19523507356643677,2.750823497772217,3.3047432827624847,1172.6492084091174,0.6208696961402893,0.2749086320400238,0.10413925349712372,0.14527922868728638,0.0026771763805299997,0.3742016553878784
0.010926573537290096,0.036171216517686844,0.06893853098154068,-0.1311371624469757,2.854205369949341,3.310389701852251,1755.8953424743343,0.3670491874217987,0.4822988212108612,0.14841081202030182,0.12967398762702942,0.004019849933683872,0.09007573872804642
0.012220747768878937,0.04602963477373123,0.08506126701831818,-0.14760659635066986,2.9533309936523438,3.766515408098241,1568.982888913104,0.44883647561073303,0.4149644672870636,0.13560916483402252,0.11608535051345825,0.0034366839099675417,0.25957077741622925
0.019881051033735275,0.054659154266119,0.10490532964468002,-0.08833359181880951,2.2858505249023438,2.7493090868596934,794.1115143756542,0.8009162545204163,0.13655072450637817,0.061683617532253265,0.023940613493323326,2.6846111722989008e-05,0.7402076721191406
0.028632165864109993,0.06407096982002258,0.1240321695804596,-0.1014854833483696,2.05289888381958,2.2377269718913193,622.7606368819819,0.8746926188468933,0.08439810574054718,0.04065633565187454,0.024057306349277496,0.0010319548891857266,0.8294470310211182
0.019248375669121742,0.054029546678066254,0.10266880691051483,-0.07171733677387238,2.116549491882324,2.8069665515689994,657.7372732405006,0.8542658686637878,0.09978475421667099,0.04570108652114868,0.024848701432347298,0.0015956781571730971,0.801019012928009
0.0221564918756485,0.056672170758247375,0.11115656793117523,-0.07033748924732208,2.135340452194214,2.5578133521207915,663.0524069350159,0.8509827256202698,0.10424520820379257,0.04433365538716316,0.04359089955687523,0.0009117524605244398,0.7801670432090759
0.011911952868103981,0.04152267053723335,0.07877957820892334,-0.10288017243146896,2.842747449874878,3.485798759742465,1275.7875319893692,0.5816127061843872,0.3051757514476776,0.1130097433924675,0.05234149098396301,0.0030617867596447468,0.4475054442882538
0.028278572484850883,0.06391260027885437,0.1240321695804596,-0.08502492308616638,2.1418612003326416,2.2601070231120364,673.9772054844232,0.8498796224594116,0.10453391820192337,0.04555223882198334,0.029306214302778244,0.000913720577955246,0.7917712926864624
0.013837709091603756,0.04677284508943558,0.08651100099086761,-0.14852313697338104,2.828326463699341,3.380100331378958,1236.2565204418777,0.5864582657814026,0.3048824965953827,0.10787162184715271,0.05359756201505661,0.0013440075563266873,0.45453161001205444
0.015415227971971035,0.06209063157439232,0.10757209360599518,-0.1023750826716423,3.0054516792297363,4.027876310571705,1414.6442678693352,0.5149495601654053,0.36238276958465576,0.12253142148256302,0.11676530539989471,0.0042602140456438065,0.32463932037353516
0.01647767797112465,0.04422897845506668,0.08713237196207047,-0.09459618479013443,2.290400505065918,2.684175435998265,806.7932590945147,0.7967361211776733,0.14129388332366943,0.0618133544921875,0.03454948589205742,0.0004770366649609059,0.7254669666290283
0.018191276118159294,0.052259232848882675,0.10063021630048752,-0.121330626308918,2.3742387294769287,2.872763433778159,721.9702467895781,0.8291426301002502,0.11923766136169434,0.051613785326480865,0.03586922213435173,0.0026281592436134815,0.7619388103485107
0.015967154875397682,0.05174452066421509,0.10254350304603577,-0.0844123512506485,2.78817081451416,3.2406850854000777,1319.6815076282371,0.5478000640869141,0.33981752395629883,0.1122499480843544,0.061983782798051834,0.0010615055216476321,0.40213096141815186
0.01578415185213089,0.05509094521403313,0.10616894066333771,-0.05977244675159454,2.88327693939209,3.4902695898167932,1388.9694750770022,0.5205754041671753,0.37337595224380493,0.10594514012336731,0.09968803077936172,0.007046869024634361,0.34100496768951416
0.01633261889219284,0.046853408217430115,0.09256558120250702,-0.06480342894792557,2.5213263034820557,2.86870149385276,1089.8497240735414,0.660042405128479,0.250003844499588,0.0894322469830513,0.051644716411828995,0.0005601036828011274,0.5467610359191895
0.033200863748788834,0.06450636684894562,0.12403217703104019,-0.10583995282649994,1.9206438064575195,1.942912309001476,511.40614690819467,0.9180546998977661,0.05508478730916977,0.02685840241611004,0.041640035808086395,0.0023622787557542324,0.8623547554016113
0.015377621166408062,0.053872812539339066,0.09896716475486755,-0.10286092758178711,2.8991172313690186,3.5033255113293618,1640.0224374980694,0.42331942915916443,0.4478552043437958,0.1286175400018692,0.09026391059160233,0.007098814006894827,0.23854589462280273
0.017463145777583122,0.05933808535337448,0.11731044948101044,-0.2536574900150299,2.7712669372558594,3.3979035682189043,1061.9665671081539,0.6748844981193542,0.23683345317840576,0.08806602656841278,0.08352228999137878,0.0031985838431864977,0.5315945744514465
0.031591471284627914,0.06407591700553894,0.1240321695804596,-0.07538658380508423,1.9222168922424316,2.028266313594877,511.08851518448955,0.9175171256065369,0.057029884308576584,0.025438522920012474,0.029689347371459007,0.0005674759740941226,0.8696600794792175
0.01248072274029255,0.046673357486724854,0.08858677744865417,-0.08954744040966034,3.0063536167144775,3.739635793070361,1513.7861312770576,0.46021875739097595,0.4067106246948242,0.13301342725753784,0.13843034207820892,0.004460854455828667,0.23195458948612213
0.01808394305408001,0.061825770884752274,0.11020402610301971,-0.1975942850112915,2.6095829010009766,3.4188213652544452,1028.9568513432946,0.6834613084793091,0.23799149692058563,0.07834835350513458,0.07617197930812836,0.002745402976870537,0.5531356930732727
0.014762894250452518,0.05376368388533592,0.10203932225704193,-0.13480782508850098,2.887784242630005,3.6418118947134044,1343.1687302981686,0.5461211204528809,0.3343726396560669,0.11937738955020905,0.11770540475845337,0.002107991836965084,0.35881251096725464
0.031022386625409126,0.06463698297739029,0.1240321695804596,-0.06328508257865906,1.9249465465545654,2.083559326230733,547.4738050614931,0.9026206731796265,0.06764107197523117,0.029500512406229973,0.01826038956642151,0.0014167994959279895,0.8629427552223206
0.016571644693613052,0.05678130313754082,0.11168840527534485,-0.228817880153656,2.9057860374450684,3.426413260960074,1270.7365784199617,0.5680541396141052,0.3238544762134552,0.10710366070270538,0.10499271750450134,0.005217399448156357,0.39933356642723083
0.03760867938399315,0.064358189702034,0.1240321695804596,-0.08312579989433289,1.8106632232666016,1.7112589634751867,475.57413114172675,0.9353587031364441,0.041354987770318985,0.023286301642656326,0.039521317929029465,0.0017464536940678954,0.8799353241920471
0.02242594212293625,0.06396403163671494,0.11816374957561493,-0.11628272384405136,2.175715684890747,2.8522338675102152,642.3291924041158,0.8575876951217651,0.10229236632585526,0.0396607406437397,0.025866402313113213,0.0003445118200033903,0.8039809465408325
0.01568721979856491,0.04798126593232155,0.0916082113981247,-0.1731663942337036,2.622410535812378,3.058621383863846,1108.4853367516748,0.6435210704803467,0.2647320032119751,0.09174679964780807,0.10523014515638351,0.0024006888270378113,0.4667646288871765
0.020466558635234833,0.06254985183477402,0.1192283183336258,-0.128522127866745,2.3039562702178955,3.056197817450033,778.455859678763,0.8068843483924866,0.13316215574741364,0.05967837944626808,0.04129492864012718,0.0008462038822472095,0.7333264350891113
0.014042142778635025,0.051479022949934006,0.09517481923103333,-0.22162270545959473,3.303013563156128,3.6660375669013114,1892.9526811353637,0.314846396446228,0.5373393893241882,0.14771337807178497,0.1167152151465416,0.003635602304711938,0.11800669878721237
0.011525175534188747,0.04606926813721657,0.08101432025432587,-0.06351955235004425,2.8532652854919434,3.9972725791947856,1719.1940372177512,0.39994633197784424,0.4338107109069824,0.16622714698314667,0.12678688764572144,0.0009346648002974689,0.18646766245365143
0.03598853573203087,0.06413545459508896,0.12403217703104019,-0.03527864068746567,1.8026846647262573,1.7821079210017536,534.727218179647,0.9104294180870056,0.061867814511060715,0.027697032317519188,0.01243272889405489,0.000420214346377179,0.8845722079277039
0.021801557391881943,0.06293053179979324,0.12270691990852356,-0.10751982778310776,2.2767810821533203,2.886515429413296,740.263605433497,0.816053032875061,0.12969253957271576,0.05425319820642471,0.040105536580085754,0.0011921424884349108,0.7392681837081909
0.020887460559606552,0.0595373660326004,0.11009909212589264,-0.09972015768289566,2.159841299057007,2.8503879569202883,708.1784518795392,0.8392263650894165,0.11031362414360046,0.05042801797389984,0.020493241026997566,0.00022101111244410276,0.7867590188980103
0.013794193044304848,0.051910027861595154,0.09658254683017731,-0.1635080873966217,3.111898183822632,3.763179744629125,1564.6358458607478,0.45213431119918823,0.43094897270202637,0.11642835289239883,0.090459443628788,0.001802203245460987,0.2483292669057846
0.024072671309113503,0.06419159471988678,0.12146547436714172,-0.1803167313337326,2.3165671825408936,2.6665754661352588,682.1076716164638,0.8407203555107117,0.11449269950389862,0.04436162859201431,0.05245392769575119,0.0023461533710360527,0.7539234161376953
0.01375362928956747,0.04763954505324364,0.09377561509609222,-0.01658857986330986,3.1316187381744385,3.463779926503897,1958.4550741473108,0.2794025242328644,0.5656957626342773,0.1546810120344162,0.07742607593536377,0.005916737951338291,0.08677124977111816
0.02386736497282982,0.060771796852350235,0.11212074756622314,-0.05925606191158295,1.999311923980713,2.5462298380648862,592.7375822629155,0.8847241997718811,0.07885783165693283,0.03626394271850586,0.027066824957728386,0.000562093744520098,0.8376445174217224
0.013022983446717262,0.04481491073966026,0.08504752814769745,-0.14919187128543854,3.216799736022949,3.441216900841232,1698.3322117780958,0.3959725499153137,0.46919992566108704,0.13477124273777008,0.1314782202243805,0.006622272077947855,0.17911101877689362
0.015290515497326851,0.04684906080365181,0.08506207168102264,-0.10876303166151047,2.265275239944458,3.063929454097098,841.6695229195689,0.7812260389328003,0.1448245793581009,0.07371873408555984,0.052172333002090454,0.0004116762720514089,0.6928727030754089
0.013029137626290321,0.0503179170191288,0.0904022678732872,-0.19716276228427887,2.9357571601867676,3.8619529901760234,1306.9030627629304,0.5749945640563965,0.3051217496395111,0.11976730823516846,0.08565034717321396,0.002354665193706751,0.3932318687438965
0.014407945796847343,0.049245622009038925,0.09264727681875229,-0.1982835829257965,2.608198881149292,3.4179488665481093,1087.0241845774526,0.6564862132072449,0.25019004940986633,0.09318844974040985,0.10651297122240067,0.001908272271975875,0.47794559597969055
0.017772339284420013,0.052114423364400864,0.09827180951833725,-0.12375380843877792,2.3963122367858887,2.9323333595794137,1015.3849266568049,0.6908431053161621,0.23416025936603546,0.0748540461063385,0.06319644302129745,0.0018214579904451966,0.5839648246765137
0.013645639643073082,0.04237278178334236,0.07743729650974274,-0.14314031600952148,2.634639263153076,3.1052250307479556,1278.163653423671,0.5738667249679565,0.31847918033599854,0.10757745802402496,0.1257261037826538,0.004584521055221558,0.34307658672332764
0.017201917245984077,0.051649320870637894,0.1017233282327652,-0.1290384829044342,2.577404499053955,3.0025328066087114,1101.1081637992909,0.6553604006767273,0.25447648763656616,0.09009384363889694,0.08913134783506393,0.002673257840797305,0.49313175678253174
0.016631949692964554,0.047820527106523514,0.09219270944595337,-0.18493792414665222,2.5570366382598877,2.8752207640380707,1077.9711273596295,0.6640568375587463,0.2477690726518631,0.08793613314628601,0.08531426638364792,0.0016210858011618257,0.5244612097740173
0.017352288588881493,0.06451500952243805,0.11552173644304276,-0.2031608670949936,2.6820027828216553,3.717953927994155,1122.7435801925926,0.6394103765487671,0.2590023875236511,0.10146820545196533,0.09601058065891266,0.0010996365454047918,0.4710928499698639
0.015894774347543716,0.04949084296822548,0.09549173712730408,-0.19386830925941467,2.604261636734009,3.113654958729241,974.332965954756,0.7009463310241699,0.22349873185157776,0.07553296536207199,0.0991477519273758,0.004620525520294905,0.5387465357780457
0.028287841007113457,0.06418119370937347,0.1240321695804596,-0.10980995744466782,2.022745370864868,2.2688615115930966,554.1741670701043,0.9001361727714539,0.06834656000137329,0.031117629259824753,0.04059791937470436,0.0013795046834275126,0.8436996340751648
0.01786176860332489,0.05802534148097038,0.10877339541912079,-0.09603174775838852,2.5599493980407715,3.2485776054069273,1061.629216441299,0.670144259929657,0.23922114074230194,0.08992356806993484,0.061778321862220764,0.0022735530510544777,0.5516782999038696
0.015408672392368317,0.05685032531619072,0.10259346663951874,-0.18087708950042725,2.753525495529175,3.689501850961432,1209.5141152640174,0.5897572040557861,0.32362526655197144,0.08647875487804413,0.10582365840673447,0.0024017237592488527,0.4213216006755829
0.013202523812651634,0.04674343764781952,0.0913144201040268,-0.012910222634673119,2.934267997741699,3.540492583659346,1635.276255463585,0.4150419235229492,0.45222437381744385,0.13270056247711182,0.09948946535587311,0.003138207597658038,0.22699867188930511
0.037593092769384384,0.06431902945041656,0.1240321695804596,-0.08700796961784363,1.777016520500183,1.7109267876221856,486.41318809591945,0.9304970502853394,0.044794920831918716,0.02463972195982933,0.03169839829206467,0.00037156560574658215,0.881614625453949
0.016135748475790024,0.052143123000860214,0.10033491253852844,-0.10992832481861115,2.7132444381713867,3.2315279998237396,1352.8122693915984,0.5586515665054321,0.33058372139930725,0.11063981801271439,0.04979497566819191,0.0007241397979669273,0.4423297643661499
0.01787726767361164,0.05250450223684311,0.10462164878845215,-0.1460905373096466,2.3955533504486084,2.9369422214003795,841.8163855691798,0.7759922742843628,0.1583309769630432,0.06527368724346161,0.051044438034296036,0.0017545371083542705,0.6904042363166809
0.011578493751585484,0.04690754786133766,0.08200624585151672,0.0491073802113533,3.1177663803100586,4.051265118216537,1787.864012922014,0.3499400317668915,0.5133501291275024,0.13659121096134186,0.1549341231584549,0.008302737958729267,0.10164391249418259
0.029438035562634468,0.0643119141459465,0.1240321695804596,-0.08520018309354782,2.0250399112701416,2.184653728232892,545.1279668740248,0.9049168229103088,0.06470467895269394,0.029769932851195335,0.030338147655129433,0.0008556924876756966,0.8520440459251404
0.0354924276471138,0.06399977952241898,0.1240321695804596,-0.01901426538825035,1.8536791801452637,1.803195322589329,596.2193082916822,0.8859783411026001,0.07305103540420532,0.040893007069826126,0.023966897279024124,0.00012357329251244664,0.8416550159454346
0.02448062226176262,0.06394319236278534,0.1240321695804596,-0.13599123060703278,2.167149543762207,2.611992116722012,642.6393105501509,0.8698633909225464,0.082076795399189,0.047711290419101715,0.03891944885253906,0.0024359081871807575,0.8061168193817139
0.02733655460178852,0.06369642168283463,0.1240321695804596,-0.09070354700088501,2.1525778770446777,2.330082287558548,716.5067364457489,0.8329128623008728,0.11909060925245285,0.047755807638168335,0.01692432351410389,0.0006147215608507395,0.7940351963043213
0.011173195205628872,0.04167657718062401,0.07740002870559692,-0.05057193711400032,3.087695360183716,3.7300500358123148,1624.6320404179753,0.414345920085907,0.4444980025291443,0.13894852995872498,0.1381024718284607,0.00020014558685943484,0.15034152567386627
0.013844305649399757,0.05784369260072708,0.10694406926631927,-0.0971173420548439,3.3180365562438965,4.178157725017927,1931.8918480340117,0.28097522258758545,0.5709790587425232,0.1468919813632965,0.1052858978509903,0.005227880552411079,0.10256937146186829
0.025950822979211807,0.06387548893690109,0.12240216135978699,-0.182461217045784,2.0737857818603516,2.461405134843232,583.0549249973683,0.8903321027755737,0.0727047324180603,0.036962930113077164,0.035843268036842346,0.002189098857343197,0.8296608328819275
0.02116192691028118,0.0632590726017952,0.11937626451253891,-0.1088775172829628,2.2757575511932373,2.9892869806705793,837.5999822881535,0.7763862609863281,0.16465342044830322,0.05863878130912781,0.018748262897133827,0.0007538284407928586,0.7212771773338318
0.03184977173805237,0.06408346444368362,0.12403217703104019,-0.10015193372964859,1.9725399017333984,2.0120541198450144,540.509956294034,0.9084092974662781,0.06054827570915222,0.031034398823976517,0.01714663952589035,0.0012048325734212995,0.8744556307792664
0.014354992657899857,0.046924035996198654,0.085690438747406,-0.20492330193519592,2.613952875137329,3.2688303722054872,1130.8392774610293,0.6469277739524841,0.2536008358001709,0.09946636110544205,0.09907316416501999,0.002235023770481348,0.4893493354320526
0.015094775706529617,0.0552121102809906,0.10430343449115753,-0.1673026978969574,3.0520622730255127,3.6576966329780936,1707.2524514728766,0.39507579803466797,0.47869768738746643,0.125459685921669,0.09288987517356873,0.007803365122526884,0.22534437477588654
0.0163897555321455,0.05852346122264862,0.10791315138339996,-0.09901170432567596,2.6790971755981445,3.570734237267594,1367.9482560544304,0.5694367289543152,0.2981964647769928,0.13172362744808197,0.04311122000217438,0.0011725572403520346,0.4615330100059509
0.01440772507339716,0.05062759667634964,0.0972515270113945,-0.1185545027256012,2.989158868789673,3.5139202347993144,1679.111917164245,0.39384135603904724,0.46580469608306885,0.1403345763683319,0.11421839892864227,0.004968060180544853,0.1950884610414505
0.015091584995388985,0.05081096291542053,0.09421990066766739,-0.11334634572267532,2.8964130878448486,3.366840721340949,1644.4395130153505,0.4155972898006439,0.45116910338401794,0.132864847779274,0.1103503629565239,0.010142556391656399,0.21225829422473907
0.01626875251531601,0.056062959134578705,0.10722549259662628,-0.2503562867641449,2.7775847911834717,3.446051507535867,1186.9394770180352,0.6170604228973389,0.28241434693336487,0.09926828742027283,0.10605596750974655,0.005655261222273111,0.43839898705482483
0.012279242277145386,0.039395369589328766,0.07535021007061005,-0.08228752017021179,2.860055923461914,3.20828994957162,1422.4142335754884,0.519646167755127,0.35712048411369324,0.12319047749042511,0.10601084679365158,0.0008224174962379038,0.3230492174625397
0.011446972377598286,0.04758347570896149,0.08173104375600815,0.09593376517295837,2.9438841342926025,4.156861232401106,1556.4417756107975,0.44627103209495544,0.43080228567123413,0.12292185425758362,0.12685918807983398,0.006036382168531418,0.18905042111873627
0.01823698729276657,0.05353884398937225,0.0988948717713356,-0.15115024149417877,2.4023873805999756,2.93572853492484,902.2992542719027,0.757936954498291,0.16509932279586792,0.0756823942065239,0.0326506644487381,0.001336693880148232,0.6791480779647827
0.012905537150800228,0.046932656317949295,0.09024294465780258,-0.07859424501657486,3.147157669067383,3.6366294378845385,1894.4870925836694,0.3072037696838379,0.5297889113426208,0.1625656932592392,0.09952840954065323,0.0004888450494036078,0.09095737338066101
0.028509963303804398,0.06395577639341354,0.1240321695804596,-0.0779833123087883,2.017094135284424,2.24327810280401,567.4923221943196,0.8897780776023865,0.07774446159601212,0.031744666397571564,0.04923054203391075,0.001485113287344575,0.8212977647781372
0.02383359894156456,0.0642511323094368,0.1240321695804596,-0.17032025754451752,2.3556203842163086,2.695821661859483,741.3083566411725,0.8151246309280396,0.13044744729995728,0.05419425666332245,0.05686407536268234,0.0022963013034313917,0.724011242389679
0.014716912060976028,0.055325426161289215,0.10489612072706223,0.026591267436742783,3.100621223449707,3.7593094209099127,1607.8279536205337,0.4324565529823303,0.44412508606910706,0.12289407849311829,0.10535814613103867,0.003430803306400776,0.23688039183616638
0.017766177654266357,0.06465016305446625,0.1191527396440506,-0.07947413623332977,2.90515398979187,3.638946109226948,1484.8251292924085,0.47149911522865295,0.40833809971809387,0.12014319002628326,0.08078804612159729,0.007586450316011906,0.3058794438838959
0.015565426088869572,0.05748828873038292,0.10354012250900269,-0.19306351244449615,2.837202787399292,3.693332157980433,1308.513237863875,0.570563018321991,0.31163716316223145,0.11763715744018555,0.07381478697061539,0.0011259582825005054,0.431077241897583
0.013961630873382092,0.05944247916340828,0.10566680133342743,-0.12820735573768616,2.8909049034118652,4.257559858030486,1357.2346689417932,0.5273094773292542,0.36070722341537476,0.11196506768465042,0.13739576935768127,0.004952712450176477,0.28011301159858704
0.03117879293859005,0.06439364701509476,0.12403217703104019,-0.08780461549758911,1.9400396347045898,2.0653027569046563,540.1676623883965,0.9089747667312622,0.06066188961267471,0.03029102273285389,0.022810520604252815,0.0008899417007341981,0.8653784394264221
0.01587100699543953,0.0471193753182888,0.08883146941661835,-0.14037461578845978,2.532512664794922,2.9688963862758975,1055.4319104571803,0.6686692237854004,0.24710114300251007,0.08374591171741486,0.07741686701774597,0.0023268251679837704,0.5232769846916199
0.013892975635826588,0.048066429793834686,0.09218664467334747,-0.1366991251707077,2.9316108226776123,3.4597649236800896,1666.2791885982713,0.40617042779922485,0.4658571779727936,0.1279706060886383,0.11233588308095932,0.009815668687224388,0.21348798274993896
0.01955404505133629,0.06159001216292381,0.11790930479764938,-0.2116028368473053,2.631134271621704,3.1497325488449324,970.9305039073907,0.706153392791748,0.22321495413780212,0.07061415910720825,0.07204434275627136,0.003929635975509882,0.5984222888946533
0.016781236976385117,0.05638124421238899,0.10778084397315979,-0.03901218995451927,2.5643069744110107,3.3597787986886787,1109.6945620724553,0.6553218960762024,0.24694475531578064,0.09730260074138641,0.03901640325784683,0.001740764477290213,0.5606619119644165
0.013781759887933731,0.052859827876091,0.10208791494369507,-0.009326557628810406,3.202134132385254,3.835491860407145,1839.4040122749545,0.34292665123939514,0.5053520798683167,0.15070948004722595,0.0802072286605835,0.0035535518545657396,0.16053719818592072
0.02466803789138794,0.05808025598526001,0.11573374271392822,-0.06826438009738922,1.932472825050354,2.354474086614826,543.5059311983042,0.9122109413146973,0.05442479997873306,0.03326109051704407,0.01693825237452984,0.000481864670291543,0.8699033260345459
0.020214883610606194,0.06153126433491707,0.10998068004846573,-0.08408639580011368,2.24092698097229,3.0438594412480047,726.8306682718526,0.8234123587608337,0.12427115440368652,0.051329560577869415,0.02249271795153618,0.0005409864825196564,0.771592378616333
0.02186448872089386,0.05460112541913986,0.10899795591831207,-0.05377700924873352,2.1720077991485596,2.497251415921077,687.8359954403812,0.847917377948761,0.09867242723703384,0.053383857011795044,0.03011838160455227,0.000892676180228591,0.7925801873207092
0.031525950878858566,0.06466744095087051,0.1240321695804596,-0.0646868646144867,1.9078683853149414,2.0512447411121713,479.76991437428984,0.9348706007003784,0.040139298886060715,0.024840204045176506,0.03334487974643707,0.0005494095385074615,0.8869784474372864
0.023001698777079582,0.06072315201163292,0.11462323367595673,-0.1067202091217041,2.173372983932495,2.639942058084056,619.6200989491488,0.8752648234367371,0.08607564121484756,0.03801112249493599,0.030908066779375076,0.0022322670556604862,0.8187012076377869
0.03176581859588623,0.06411609053611755,0.1240321695804596,-0.059558894485235214,1.901233196258545,2.0183988125652266,525.166582884161,0.9156380891799927,0.05670573562383652,0.027520643547177315,0.016118275001645088,0.0012443555751815438,0.8805539608001709
0.015087584964931011,0.05121342092752457,0.09724874049425125,-0.11784365028142929,2.9149081707000732,3.394408120528807,1736.1111011579685,0.3634980618953705,0.5013121366500854,0.13408780097961426,0.10098312795162201,0.003485807916149497,0.1861102283000946
0.03137427568435669,0.06375085562467575,0.1240321695804596,-0.04310700297355652,1.9613016843795776,2.031946689830044,598.0717127589794,0.8804915547370911,0.0831783190369606,0.03631845861673355,0.019625918939709663,0.00029400872881524265,0.8397582769393921
0.02214265987277031,0.06372299045324326,0.12007534503936768,-0.11547254770994186,2.4333643913269043,2.8778381105301656,820.0582959925887,0.779672384262085,0.1568213552236557,0.06325226277112961,0.05800740048289299,0.0031425459310412407,0.6898046135902405
0.028634745627641678,0.06418655067682266,0.1240321695804596,-0.11534970998764038,2.1117165088653564,2.241561755401821,569.8736656396536,0.8984766006469727,0.06661538034677505,0.03461015969514847,0.023012761026620865,0.00026070160674862564,0.8579027652740479
0.017617398872971535,0.052007898688316345,0.09793370962142944,-0.21432249248027802,2.520503520965576,2.9520759029390176,958.6567811159546,0.7210744023323059,0.1977948099374771,0.08105764538049698,0.05833793431520462,0.0012999287573620677,0.5934057235717773
0.02648334391415119,0.06431950628757477,0.12173527479171753,-0.1582537591457367,2.0726635456085205,2.4286776810981716,526.7825628027877,0.9074658155441284,0.06754487752914429,0.02490008994936943,0.03710503503680229,0.0012522285105660558,0.8455010056495667
0.021960660815238953,0.05988077074289322,0.11974027752876282,-0.059416308999061584,2.09320068359375,2.7267290016434296,630.960251517285,0.8678821325302124,0.0918273851275444,0.039228443056344986,0.021506426855921745,0.0006169743719510734,0.8182356357574463
0.015079252421855927,0.049867287278175354,0.09839249402284622,-0.04006245359778404,3.1997265815734863,3.307013231146028,1923.9201841773317,0.2895611822605133,0.5667421817779541,0.13969631493091583,0.09035753458738327,0.00643921410664916,0.13495658338069916
0.02935192361474037,0.06418100744485855,0.1240321695804596,-0.07237379997968674,1.8791837692260742,2.186603109393505,477.62999872315964,0.9353074431419373,0.04195186123251915,0.022610094398260117,0.0223761647939682,0.0007344799232669175,0.8989629745483398
0.024518387392163277,0.06429771333932877,0.1240321695804596,-0.14307434856891632,2.1683576107025146,2.6224283150554015,583.2784845526362,0.8878095746040344,0.07523936033248901,0.036627158522605896,0.04854737967252731,0.0015768458833917975,0.8193257451057434
0.029357871040701866,0.06410228461027145,0.1240321695804596,-0.1041174978017807,2.0424094200134277,2.1834786493617444,572.4437030009094,0.892964780330658,0.07190633565187454,0.03509412333369255,0.03910849243402481,0.0009681396768428385,0.8384706377983093
0.020042594522237778,0.06029225513339043,0.10912405699491501,-0.16317398846149445,2.314188003540039,3.0082061014349417,742.6695148790723,0.8146851062774658,0.13321030139923096,0.05185563117265701,0.05541904270648956,0.0024442060384899378,0.7274706959724426
0.01286332868039608,0.043435417115688324,0.08558975160121918,-0.0686391219496727,2.8836307525634766,3.3766856302527595,1647.9677357041885,0.43892452120780945,0.3938986659049988,0.16711929440498352,0.12873321771621704,0.00425855815410614,0.20139189064502716
0.015527090057730675,0.051462072879076004,0.08959309756755829,-0.28257519006729126,2.611917018890381,3.3143411086315924,939.2310314924055,0.7357122302055359,0.183004230260849,0.08120300620794296,0.0652952641248703,0.0020226791966706514,0.6253519058227539
0.019765473902225494,0.05089377984404564,0.10106770694255829,-0.10019179433584213,2.15173077583313,2.5748828534660317,629.1572560857597,0.8715073466300964,0.0837475135922432,0.044692061841487885,0.028695471584796906,0.0009507106733508408,0.8111810088157654
0.013919919729232788,0.04089437052607536,0.07901899516582489,-0.10765086114406586,2.5829660892486572,2.9378309155947604,1271.5255095257885,0.5708164572715759,0.32144731283187866,0.10768599063158035,0.11037013679742813,0.000822011090349406,0.387195885181427
0.01763775199651718,0.06107572466135025,0.10869432985782623,-0.17912115156650543,2.64188551902771,3.4627839573857098,1058.3387800083412,0.677520751953125,0.23186606168746948,0.09056588262319565,0.05930071696639061,0.0015202952781692147,0.5785275101661682
0.012081543914973736,0.04018940031528473,0.07792464643716812,0.03026399575173855,3.015021562576294,3.3265119586370004,1795.7878300080151,0.33341875672340393,0.5232608318328857,0.1428358554840088,0.14443297684192657,0.0019572447054088116,0.08025611191987991
0.014241236262023449,0.05330730602145195,0.10344438254833221,-0.09775403887033463,2.823974132537842,3.7431656238904836,1559.0835155854595,0.4466742277145386,0.428596556186676,0.12449821829795837,0.11821793019771576,0.004272031132131815,0.24811102449893951
0.028864435851573944,0.06411314010620117,0.12403217703104019,-0.09553632885217667,1.9647334814071655,2.2211811252317957,538.2589562105511,0.9046688079833984,0.06711963564157486,0.027620479464530945,0.027999645099043846,0.0002947240718640387,0.8578912019729614
0.0155199458822608,0.05257951468229294,0.10060051083564758,-0.11004339903593063,2.5225932598114014,3.3878671406324377,931.1888915178322,0.7376240491867065,0.18215934932231903,0.08010803908109665,0.044817034155130386,0.0007661670097149909,0.6481629014015198
0.013170710764825344,0.04791554436087608,0.09100164473056793,-0.19254907965660095,2.8938140869140625,3.638037856332308,1323.6028188047767,0.5490253567695618,0.33717647194862366,0.11374102532863617,0.08639173209667206,0.0036393310874700546,0.3701460361480713
0.011896422132849693,0.04343029111623764,0.08017827570438385,-0.03099335916340351,2.9754292964935303,3.650701919248687,1712.806579116883,0.389877587556839,0.4558531641960144,0.15415535867214203,0.11926821619272232,0.000749587663449347,0.16803838312625885
0.013190147466957569,0.04903280362486839,0.09585294872522354,-0.056704144924879074,3.159019708633423,3.7173810030541596,1918.3239827798186,0.28932711482048035,0.5706074833869934,0.13999827206134796,0.10896863043308258,0.00301192793995142,0.07509277015924454
0.022537223994731903,0.062212228775024414,0.11936333775520325,-0.09793191403150558,2.112684965133667,2.7604211054034944,655.6850091838469,0.865909218788147,0.08736850321292877,0.0462958887219429,0.026799434795975685,0.00042507078615017235,0.8164325952529907
0.0206195879727602,0.05810268595814705,0.10744614899158478,-0.1692260205745697,2.426225423812866,2.8178393298685984,775.3526476250355,0.8072148561477661,0.13132792711257935,0.06003250554203987,0.04956166073679924,0.002107431413605809,0.7228036522865295
0.020912306383252144,0.05930538848042488,0.11628098785877228,-0.17288105189800262,2.315234422683716,2.8359085502440977,784.7997307748534,0.7999048233032227,0.14247854053974152,0.056996673345565796,0.05452388897538185,0.001339051523245871,0.7118554711341858
0.01686614379286766,0.05564732849597931,0.1013149619102478,-0.1796855330467224,2.7430906295776367,3.299351006138822,1322.812031246225,0.5579746961593628,0.3286422789096832,0.11308923363685608,0.0904388427734375,0.0015327299479395151,0.39775943756103516
0.013669727370142937,0.04868673160672188,0.09000909328460693,-0.050982505083084106,2.627739667892456,3.561646131253541,1455.1512387538623,0.505272626876831,0.36233267188072205,0.13230517506599426,0.07499026507139206,0.0029822969809174538,0.3406561315059662
0.01383830327540636,0.04884285852313042,0.08718349039554596,-0.2057623714208603,2.8673973083496094,3.5295409811118343,1461.1688125980663,0.5007626414299011,0.37104931473731995,0.12802064418792725,0.08406994491815567,0.001682437607087195,0.3233560621738434
0.017009083181619644,0.050411906093358994,0.09934000670909882,-0.1004016324877739,2.535663604736328,2.9638226559366405,962.1996865220326,0.7256874442100525,0.1923208087682724,0.08166491240262985,0.02613210305571556,0.0003110342950094491,0.6551061272621155
0.020280377939343452,0.05916678160429001,0.11156138777732849,-0.08137056976556778,2.3061766624450684,2.917439792213656,728.9928561053911,0.827927827835083,0.11709088832139969,0.054917484521865845,0.039175305515527725,0.0009877342963591218,0.7619147300720215
0.01815834827721119,0.06417284160852432,0.11608485877513885,-0.14814765751361847,2.607844591140747,3.534068221696544,1038.0003294103167,0.6741687059402466,0.24606886506080627,0.07966892421245575,0.06771175563335419,0.002462812000885606,0.5565562844276428
0.019901234656572342,0.06437060236930847,0.11837586015462875,-0.2268788069486618,2.46378231048584,3.2345029580773126,869.64177989087,0.753639817237854,0.1835462599992752,0.06263396888971329,0.07489591836929321,0.0019402760080993176,0.6390309929847717
0.014731899835169315,0.04936522990465164,0.09211485087871552,-0.03864448145031929,2.685206413269043,3.3509072457478717,1319.8910687190155,0.5626517534255981,0.32318612933158875,0.11373881995677948,0.09016113728284836,0.005456996150314808,0.390329509973526
0.016712307929992676,0.051770079880952835,0.09384110569953918,-0.07298088073730469,2.4521429538726807,3.0977217566070663,960.227820558024,0.7248477339744568,0.1952516883611679,0.07988496869802475,0.025016779080033302,0.0011703422060236335,0.6516762375831604
0.0171645674854517,0.050261158496141434,0.09826882183551788,-0.14249204099178314,2.510420560836792,2.9281925417470305,1101.139693876762,0.6580840945243835,0.24747322499752045,0.09443202614784241,0.08176986873149872,0.003649151884019375,0.5223429203033447
0.015126167796552181,0.04732228070497513,0.08741185069084167,-0.19425582885742188,2.5685863494873047,3.12850428068325,1125.8899046553815,0.6418694853782654,0.26172342896461487,0.09631172567605972,0.08415041863918304,0.0016553530003875494,0.4832889139652252
0.011499489657580853,0.04313508793711662,0.08308421075344086,-0.10917928069829941,3.115299940109253,3.751043673918996,1972.3900444804437,0.279850035905838,0.523861289024353,0.1926996409893036,0.05382660776376724,0.000632916227914393,0.09642252326011658
0.01911090314388275,0.05694402754306793,0.10811567306518555,-0.20710143446922302,2.4644172191619873,2.9796617727255663,1035.7929626601353,0.6942434906959534,0.21170298755168915,0.09271647036075592,0.0760306864976883,0.0007589038577862084,0.5687345266342163
0.013118170201778412,0.042141206562519073,0.07952161133289337,-0.1605837643146515,2.8143270015716553,3.2124302331123604,1613.806386121152,0.41727784276008606,0.4426860511302948,0.1400177776813507,0.1288408637046814,0.0030732443556189537,0.19737961888313293
0.018378015607595444,0.05828581377863884,0.11575368791818619,-0.23855195939540863,2.477003335952759,3.171496587007926,878.4192696710961,0.7577722072601318,0.1696210503578186,0.07236029952764511,0.07536289840936661,0.0026149896439164877,0.6462239027023315
0.012283622287213802,0.04449250549077988,0.08702169358730316,-0.01138843223452568,3.0198047161102295,3.6220997721063646,1732.281495704944,0.38535165786743164,0.45858803391456604,0.1559142768383026,0.10612006485462189,0.0014442005194723606,0.1651747226715088
0.012613276951014996,0.04497462883591652,0.08342806249856949,-0.08136609196662903,3.0740671157836914,3.5656577594398837,1878.6876759680308,0.3069269359111786,0.532706618309021,0.16020835936069489,0.11308862268924713,0.01482078991830349,0.09554319083690643
0.016770202666521072,0.0544935017824173,0.10419698059558868,-0.20704345405101776,2.531837224960327,3.2494241639640475,1136.0624645851597,0.6404898166656494,0.26663801074028015,0.09210029244422913,0.0979820266366005,0.0028676099609583616,0.48540130257606506
0.020102757960557938,0.0584123432636261,0.10825912654399872,-0.21139711141586304,2.320587158203125,2.905688034215342,793.9693906899996,0.7954176068305969,0.14075985550880432,0.06373176723718643,0.0528624951839447,0.00180418835952878,0.7149462103843689
0.021536724641919136,0.06307993829250336,0.11415845155715942,-0.22250929474830627,2.3556160926818848,2.928947615683188,682.5194120320643,0.8436734676361084,0.10820642858743668,0.047536835074424744,0.055581096559762955,0.0012618477921932936,0.7540280818939209
0.014480146579444408,0.05293029546737671,0.09916092455387115,-0.25073638558387756,2.9637644290924072,3.655370142375467,1317.2933828326115,0.5641812086105347,0.30965742468833923,0.12605533003807068,0.1244560107588768,0.0018669929122552276,0.3595328629016876
0.029101649299263954,0.0638476014137268,0.1240321695804596,-0.04806157201528549,2.0518035888671875,2.1939513034110996,642.3888175071077,0.8647043704986572,0.0944855585694313,0.040804263204336166,0.016101520508527756,0.001796561642549932,0.821651816368103
0.01695411466062069,0.061157919466495514,0.10585202276706696,-0.13803008198738098,2.6629865169525146,3.6072611685787237,1234.8744791144502,0.5925995707511902,0.2988455891609192,0.10582268238067627,0.08128245174884796,0.0009118944290094078,0.4470725953578949
0.010625926777720451,0.03562576696276665,0.07065681368112564,-0.04473648965358734,2.899437665939331,3.352720915987397,1933.8139807233367,0.2973020374774933,0.521694540977478,0.17752674221992493,0.013345370069146156,0.0012400865089148283,0.13233545422554016
0.012891760095953941,0.0474039725959301,0.08635534346103668,-0.11908494681119919,2.990062713623047,3.6770752976647993,1489.6733226027643,0.4867399334907532,0.3751992881298065,0.13714097440242767,0.11683478206396103,0.0006425089668482542,0.2852725386619568
0.014357166364789009,0.04465063288807869,0.0868505910038948,-0.13406001031398773,2.5789546966552734,3.10998923816015,1155.7362588642634,0.6445081233978271,0.24690860509872437,0.1079990491271019,0.04817866161465645,0.0004535816260613501,0.5406457185745239
0.015115846879780293,0.05270667001605034,0.10042114555835724,-0.018380889669060707,2.933192253112793,3.486848631886219,1511.4125292423232,0.4598049521446228,0.4147467315196991,0.125448077917099,0.10692645609378815,0.0027100492734462023,0.27716365456581116
0.026080159470438957,0.06442577391862869,0.12281234562397003,-0.11691028624773026,2.0436272621154785,2.470298311986282,542.7012004887326,0.9069374799728394,0.06187187880277634,0.0306045301258564,0.028125327080488205,0.0006001901929266751,0.851507306098938
0.020552532747387886,0.06290116161108017,0.11498665809631348,-0.14323250949382782,2.525691032409668,3.0605065750844775,837.0534123085304,0.7758064270019531,0.15763914585113525,0.06605172902345657,0.03065910004079342,0.0006393091753125191,0.69981449842453
0.01718505099415779,0.05346858501434326,0.10516566038131714,-0.1407950222492218,2.4834516048431396,3.1113428193730144,907.0625339948218,0.7382950782775879,0.18843567371368408,0.07194168120622635,0.08254601806402206,0.0022993634920567274,0.6162539124488831
0.0170118510723114,0.05970493331551552,0.11332885921001434,-0.1793130785226822,2.838411569595337,3.5096082759143155,1334.1650188516862,0.547778308391571,0.34317541122436523,0.1089731827378273,0.09541355073451996,0.006841929629445076,0.3764076828956604
0.018335595726966858,0.05609332397580147,0.10363669693470001,-0.1119581088423729,2.4505205154418945,3.0592583305184697,788.0163897448939,0.7977622151374817,0.13922536373138428,0.06286798417568207,0.030724534764885902,0.0003558377211447805,0.7350806593894958
0.016000395640730858,0.056647878140211105,0.10390634834766388,-0.0877176970243454,2.6227681636810303,3.5404048380195663,1146.14340850418,0.6465579271316528,0.25590944290161133,0.09741770476102829,0.08838719874620438,0.004593338817358017,0.4959850013256073
0.016372380778193474,0.05592869967222214,0.10170568525791168,-0.2109139859676361,2.5008456707000732,3.416039513526222,983.9563936613096,0.7037897706031799,0.2150060087442398,0.08116042613983154,0.07951167225837708,0.0015359536046162248,0.5737615823745728
0.01583225466310978,0.05271010845899582,0.09750476479530334,-0.21948179602622986,2.8323540687561035,3.3292862941678574,1365.1646322761494,0.535232663154602,0.3492084741592407,0.11455006897449493,0.08741966634988785,0.003386090975254774,0.39368632435798645
0.012695052661001682,0.041462063789367676,0.08143750578165054,-0.13223277032375336,2.762484312057495,3.266001716831805,1255.1990084842516,0.5894386768341064,0.287361741065979,0.12286801636219025,0.08597739785909653,0.002438237890601158,0.41152098774909973
0.027934560552239418,0.06418194621801376,0.12284062802791595,-0.08347611874341965,1.9399120807647705,2.297582097119152,535.9403610701374,0.9054960608482361,0.06698761880397797,0.026784712448716164,0.027864590287208557,0.001496120821684599,0.8553608655929565
0.01385846734046936,0.04785073176026344,0.0853939950466156,-0.133921816945076,2.639894962310791,3.4528155661973807,1128.5812321160806,0.6492811441421509,0.25653496384620667,0.09331435710191727,0.06725090742111206,0.0006210717838257551,0.51068514585495
0.014694207347929478,0.06308765709400177,0.11670779436826706,-0.08729942888021469,3.149447441101074,4.2933691893627675,1931.7000957822586,0.3077298700809479,0.5290942192077637,0.15683779120445251,0.08645466715097427,0.0029646647162735462,0.12437674403190613
0.02272157184779644,0.06420488655567169,0.1240321695804596,-0.12120044976472855,2.2961723804473877,2.825723809203483,808.0980262437436,0.7918959856033325,0.14729957282543182,0.06044246628880501,0.02535260282456875,0.001988968811929226,0.7267197966575623
0.01926439069211483,0.053672391921281815,0.1069333627820015,-0.07443788647651672,2.204146385192871,2.786093408106831,730.9204298775212,0.8330700397491455,0.11183878779411316,0.05508765950798988,0.018878499045968056,0.001234969007782638,0.7826163172721863
0.0127637954428792,0.042993903160095215,0.08476032316684723,0.019469356164336205,2.937635660171509,3.368426213749193,1708.847065206078,0.4034321904182434,0.4494318962097168,0.14708460867404938,0.11070332676172256,0.004359840415418148,0.18950308859348297
0.013289150781929493,0.0530790314078331,0.09568776190280914,0.038109634071588516,2.9876086711883545,3.994162777956849,1618.6914064104808,0.4406048357486725,0.40593406558036804,0.1534261554479599,0.10897070169448853,0.003202383639290929,0.23485873639583588
0.020161205902695656,0.050407715141773224,0.10012383759021759,-0.0706137865781784,2.0338175296783447,2.5002331399498887,637.3170280546186,0.8658992648124695,0.08989173173904419,0.044170115143060684,0.02458871528506279,0.0006808992475271225,0.8170475363731384
0.019695691764354706,0.058284856379032135,0.1043824702501297,-0.11793249845504761,2.2907068729400635,2.959269320083334,733.6859190293333,0.8183649182319641,0.13351675868034363,0.04802080616354942,0.0364600345492363,0.0005727219977416098,0.7506404519081116
0.01662638783454895,0.05440085381269455,0.10336022078990936,-0.21718381345272064,2.610694646835327,3.2719586690008433,926.7810035114364,0.7291291356086731,0.19615373015403748,0.0746709331870079,0.08039464801549911,0.0016160487430170178,0.6046576499938965
0.012075621634721756,0.039543163031339645,0.07609674334526062,-0.10764852911233902,2.8631815910339355,3.274627528438304,1637.4418462218955,0.43900609016418457,0.4061165750026703,0.15354053676128387,0.11032003909349442,0.00032672035740688443,0.24302616715431213
0.015110526233911514,0.0465073361992836,0.09230969846248627,-0.16358311474323273,2.7535977363586426,3.0778104929153676,1274.7612435771987,0.5747269988059998,0.3209019899368286,0.10416620224714279,0.1053674966096878,0.004377947188913822,0.3698800802230835
0.014732809737324715,0.04861944913864136,0.0966058224439621,-0.15880337357521057,2.812619209289551,3.3000798898642354,1308.4545470710914,0.5708944201469421,0.3165085017681122,0.11259227246046066,0.06303897500038147,0.0018723229877650738,0.4331854283809662
0.01517314463853836,0.05753222107887268,0.10642939060926437,-0.11985572427511215,3.136195182800293,3.7917137446218323,1695.8279382052394,0.3708497881889343,0.5082840323448181,0.12038623541593552,0.08399901539087296,0.0031265525612980127,0.1946868747472763
0.028446923941373825,0.06414062529802322,0.1240321695804596,-0.10327216237783432,1.9492884874343872,2.254747312150716,544.931433583856,0.9069867134094238,0.06240304559469223,0.03034609742462635,0.018836650997400284,0.00039041219861246645,0.8716452121734619
0.01340724341571331,0.056770410388708115,0.10341690480709076,-0.004018558654934168,3.105156898498535,4.234308919754437,1834.9094648600826,0.33785417675971985,0.49468469619750977,0.1672717034816742,0.07817773520946503,0.002900170860812068,0.15083132684230804
0.028865421190857887,0.06446124613285065,0.1240321695804596,-0.11058491468429565,1.9457651376724243,2.23316492437094,508.9978869946196,0.921175479888916,0.05203277990221977,0.02661820687353611,0.027230702340602875,0.0003744608839042485,0.8703441023826599
0.016077997162938118,0.05433846637606621,0.09594947099685669,-0.16508468985557556,2.68121337890625,3.379678813350197,1263.2819592188387,0.5924347639083862,0.3046073615550995,0.1029568761587143,0.10148610919713974,0.0036292369477450848,0.4137762784957886
0.011750658042728901,0.03726015239953995,0.0727444440126419,-0.018785951659083366,2.8734121322631836,3.170899217803804,1687.6282458383448,0.4201138913631439,0.41593828797340393,0.1637675017118454,0.08980005234479904,0.0014700114261358976,0.18314413726329803
0.013653526082634926,0.04581749811768532,0.08248567581176758,-0.04582797363400459,2.623645305633545,3.355726413604031,1338.3439453317058,0.5685526728630066,0.30855149030685425,0.12289024889469147,0.07616938650608063,0.0028433380648493767,0.3992697596549988
0.013099982403218746,0.06106295436620712,0.10335072875022888,-0.2221536487340927,3.3141555786132812,4.66130048743747,1623.8489530200893,0.4119400084018707,0.4601466953754425,0.12790507078170776,0.10047045350074768,0.00274602510035038,0.20953939855098724
0.012413139455020428,0.04389633610844612,0.08731734752655029,0.062361545860767365,2.8810603618621826,3.536279944648185,1665.2977878252514,0.3950121998786926,0.47158411145210266,0.13338123261928558,0.13165728747844696,0.0038281865417957306,0.1498085856437683
0.030679773539304733,0.06395703554153442,0.12403217703104019,-0.0880810096859932,2.0161828994750977,2.0846645252290594,646.1014966941727,0.8629096150398254,0.09812603890895844,0.03894658759236336,0.01964157447218895,0.0019079382764175534,0.8153191804885864
0.011507797054946423,0.03405354171991348,0.06749424338340759,-0.05916427820920944,2.7737696170806885,2.959171208386665,1686.195654696512,0.3925130367279053,0.45525187253952026,0.15126273036003113,0.13377027213573456,0.0005362318479456007,0.14900915324687958
0.012571512721478939,0.048169367015361786,0.09140504896640778,-0.054883215576410294,3.0130457878112793,3.8316285461200574,1753.5708323052597,0.3504102826118469,0.5118831992149353,0.13698334991931915,0.1367051899433136,0.0006768997991457582,0.09107796847820282
0.02544696070253849,0.06416571140289307,0.1240321695804596,-0.05769610404968262,2.071086883544922,2.521547156473213,566.5696100901157,0.899643063545227,0.0618879571557045,0.037500690668821335,0.046693265438079834,0.0010576109634712338,0.832558810710907
0.012216846458613873,0.044091902673244476,0.0866008847951889,-0.0779566839337349,3.076965093612671,3.6091067215260764,1804.87067690661,0.3471847176551819,0.4892129600048065,0.1625276654958725,0.16274505853652954,0.0015341489342972636,0.08142166584730148
0.013520877808332443,0.04115183651447296,0.0818987637758255,-0.08676610887050629,2.790998935699463,3.0435772806162738,1342.4747423793124,0.5519891977310181,0.3295457661151886,0.11823207885026932,0.07388570159673691,0.0005807011038996279,0.4057568609714508
0.01367825735360384,0.051120806485414505,0.09332890808582306,-0.1545516401529312,3.141589879989624,3.737377149744022,1865.783041556844,0.3088286817073822,0.5587118864059448,0.13234128057956696,0.10408680140972137,0.008050939999520779,0.11281783133745193
0.026941189542412758,0.06405065953731537,0.1240321695804596,-0.1001177728176117,2.0955147743225098,2.377425073755737,628.0243357525363,0.8669607043266296,0.09334482997655869,0.039411403238773346,0.030062813311815262,0.001437863684259355,0.8106400370597839
0.017056375741958618,0.044481970369815826,0.08621188998222351,-0.08524611592292786,2.216464042663574,2.6079379957479722,742.5486396869977,0.8219581842422485,0.11823591589927673,0.05979776754975319,0.04157814010977745,0.0006882705492898822,0.7345988750457764
0.016912084072828293,0.05519574135541916,0.10069850087165833,-0.2368670552968979,2.5977375507354736,3.263686551844631,952.0548447265742,0.7242411375045776,0.1946313977241516,0.07958564907312393,0.0761687159538269,0.0016209423774853349,0.6002914309501648
0.012991094030439854,0.043488796800374985,0.08457691967487335,0.0029698938596993685,2.9235308170318604,3.3475854069816897,1634.3896836961508,0.4058915674686432,0.45197734236717224,0.14210481941699982,0.13009077310562134,0.004817289300262928,0.15449924767017365
0.032430510967969894,0.06425417214632034,0.12403217703104019,-0.032167281955480576,1.8351444005966187,1.9812876894785874,531.4527983522447,0.921156108379364,0.045342959463596344,0.033314961940050125,0.014522800222039223,0.0006647930131293833,0.8914973139762878
0.01270258892327547,0.046498022973537445,0.09027425944805145,0.019605103880167007,3.098754644393921,3.660515446947725,1871.3564937580206,0.3264331519603729,0.5094330906867981,0.16292692720890045,0.11601892858743668,0.0011043406557291746,0.11054994910955429
0.01548558846116066,0.05062364786863327,0.09801361709833145,-0.16249795258045197,2.785099744796753,3.269081313398787,1247.140565488608,0.6028117537498474,0.29402726888656616,0.10284527391195297,0.0932723805308342,0.0008417689241468906,0.44231027364730835
0.016837282106280327,0.05301019549369812,0.10004419088363647,-0.20226313173770905,2.4770071506500244,3.1483819749493223,908.2446558219492,0.7400554418563843,0.1829346865415573,0.07689142972230911,0.06792650371789932,0.003050908911973238,0.6036425828933716
0.012138721533119678,0.053459614515304565,0.09371666610240936,-0.06450606882572174,3.164358377456665,4.404056421019263,1669.4215112325503,0.4173690974712372,0.4233500361442566,0.15891773998737335,0.08645807951688766,0.0008605335024185479,0.21147145330905914
0.014250832609832287,0.051922354847192764,0.10153825581073761,-0.023809531703591347,2.9482474327087402,3.6434611411915503,1983.4745723351832,0.25388550758361816,0.5870951414108276,0.15888828039169312,0.08181896805763245,0.0012192405993118882,0.07224611937999725
0.014976557344198227,0.05471717566251755,0.09758424758911133,-0.10497711598873138,2.6581192016601562,3.6535215938702312,1196.0162084303238,0.6138323545455933,0.29757964611053467,0.08790061622858047,0.0728960856795311,0.002249480225145817,0.46805399656295776
0.015489548444747925,0.04644813761115074,0.09188543260097504,-0.15726500749588013,2.505305528640747,2.9986760281511846,925.6938921658033,0.7359519004821777,0.19190846383571625,0.07124396413564682,0.04603411257266998,0.00032876100158318877,0.6387958526611328
0.014976962469518185,0.04401974007487297,0.08712464570999146,-0.11864407360553741,2.5749011039733887,2.939163409237677,1040.3261213420674,0.6857296824455261,0.23100167512893677,0.08309954404830933,0.030108921229839325,0.0009471250814385712,0.5663787126541138
0.013498466461896896,0.05111945420503616,0.09281368553638458,-0.16467197239398956,2.951545000076294,3.787056429376456,1462.1694097321995,0.4994966387748718,0.3772518038749695,0.12249435484409332,0.13024578988552094,0.0033902223221957684,0.2664841115474701
0.02288699522614479,0.06428033113479614,0.11992466449737549,-0.1659550666809082,2.1879186630249023,2.8085963446419293,657.431983442963,0.8526618480682373,0.10167750716209412,0.04526633769273758,0.050335098057985306,0.001880152034573257,0.7741179466247559
0.014025019481778145,0.04429924115538597,0.08777874708175659,-0.06801692396402359,2.586519241333008,3.1585867819850586,1188.7044320395635,0.641928493976593,0.23732462525367737,0.12007945030927658,0.013614016585052013,0.00037449333467520773,0.5578033924102783
0.02678787149488926,0.06427957117557526,0.1240321695804596,-0.07604994624853134,2.0323445796966553,2.399577405223827,554.045091563781,0.9031494855880737,0.06314348429441452,0.033478084951639175,0.028094913810491562,0.00044394819997251034,0.8523159027099609
0.013794629834592342,0.045274119824171066,0.08780275285243988,-0.10255052149295807,2.853529214859009,3.282010489861542,1730.2253686793767,0.37194254994392395,0.4945839047431946,0.13346882164478302,0.10956984758377075,0.004314968828111887,0.16287760436534882
0.01299615204334259,0.04625917226076126,0.08773748576641083,-0.0261765718460083,2.95686936378479,3.5594514517009315,1825.4645024660108,0.3506663143634796,0.48716676235198975,0.1621551364660263,0.09081323444843292,0.0007350998348556459,0.12978488206863403
0.013550091534852982,0.045493364334106445,0.09084441512823105,0.018016574904322624,2.978954792022705,3.3574211815272896,1702.3756059320733,0.4137174189090729,0.43610477447509766,0.14898443222045898,0.05685000494122505,0.0006029424257576466,0.2564273178577423
0.016914423555135727,0.04691901430487633,0.09379182755947113,-0.111113041639328,2.3424172401428223,2.773905604832534,770.1399808185316,0.8159012198448181,0.12344788014888763,0.06051503121852875,0.03121355175971985,0.0018683986272662878,0.7390194535255432
0.017201300710439682,0.0583827830851078,0.1050514355301857,-0.2329413741827011,2.4911997318267822,3.394091183248746,866.0063575709723,0.7562621235847473,0.18013153970241547,0.063292495906353,0.06827259063720703,0.0013655703514814377,0.6592180728912354
0.014264368452131748,0.043409403413534164,0.08170764893293381,-0.14568600058555603,2.532471179962158,3.0432054216885858,1019.892379500137,0.7088112831115723,0.1924266815185547,0.09856830537319183,0.04291704669594765,0.0035932548344135284,0.5825831890106201
0.012487553991377354,0.04723873361945152,0.08764304965734482,-0.03231031447649002,2.8828020095825195,3.7828652151003284,1747.1739931023772,0.37726256251335144,0.46678873896598816,0.15584446489810944,0.11323678493499756,0.003997990395873785,0.16486653685569763
0.014276061207056046,0.047617532312870026,0.08821634948253632,-0.14560991525650024,2.497880220413208,3.3354810979655394,1113.2861077024195,0.6601951122283936,0.24161529541015625,0.09804358333349228,0.08386952430009842,0.0005021647084504366,0.5041348338127136
0.013286442495882511,0.05343654751777649,0.09585846960544586,-0.01266009733080864,3.0060348510742188,4.021885281204105,1492.9165464637724,0.4659523069858551,0.4175091087818146,0.11653446406126022,0.1379549205303192,0.004072854295372963,0.23680086433887482
0.0170903317630291,0.058045800775289536,0.1124524176120758,-0.13491815328598022,2.76959490776062,3.396411583855939,1327.5553122174542,0.5490021109580994,0.35125216841697693,0.09912009537220001,0.1011819913983345,0.0023997267708182335,0.37736257910728455
0.01538645289838314,0.0495377741754055,0.09719529747962952,-0.2261231243610382,2.753734827041626,3.219570780825743,1176.4955061558255,0.6215834617614746,0.2771051824092865,0.10129636526107788,0.11515216529369354,0.006240497808903456,0.4298442006111145
0.025269463658332825,0.06411944329738617,0.12383784353733063,-0.16771969199180603,2.145625114440918,2.537427947098703,586.0507905261097,0.885536789894104,0.07710602879524231,0.03722760081291199,0.05197537690401077,0.002357716904953122,0.8141382336616516
0.010411031544208527,0.037283897399902344,0.07416354864835739,-0.008035784587264061,3.074544906616211,3.5811914734867485,1957.6916690981582,0.31121253967285156,0.507164716720581,0.18105782568454742,0.04763313755393028,0.003010176820680499,0.1000305637717247
0.016225280240178108,0.04601245000958443,0.0912519171833992,-0.055715881288051605,2.3125596046447754,2.8358493243654133,868.6320397571917,0.7779735922813416,0.14958523213863373,0.07235351204872131,0.02733640745282173,0.0006049084477126598,0.7053449153900146
0.022685188800096512,0.06427722424268723,0.11634424328804016,-0.10018188506364822,2.128600597381592,2.8334445353869095,580.8659648129246,0.8897684216499329,0.07407505810260773,0.03615391254425049,0.02613724395632744,0.0010873740538954735,0.8432167172431946
0.027232982218265533,0.06187122315168381,0.12147881090641022,-0.038933563977479935,1.8615611791610718,2.271922430438559,506.6891124110712,0.9273754954338074,0.04454188421368599,0.027811406180262566,0.01976899988949299,0.00028068560641258955,0.888163149356842
0.015636928379535675,0.05122040584683418,0.09086591750383377,-0.17856049537658691,2.719618558883667,3.275605323523233,1130.563230977726,0.6354745030403137,0.27746936678886414,0.08704812824726105,0.07970046252012253,0.003268903587013483,0.48128587007522583
0.013486545532941818,0.042772699147462845,0.07768978178501129,-0.20320327579975128,2.5379438400268555,3.1715088967605576,998.2101516363064,0.7186574339866638,0.1869283765554428,0.09363206475973129,0.058721188455820084,0.0017787707038223743,0.6239175200462341
0.014091444201767445,0.05110049620270729,0.09232677519321442,-0.16025835275650024,2.8883941173553467,3.6263491142143947,1383.4144028586654,0.5354821085929871,0.348318487405777,0.11555621773004532,0.08984636515378952,0.003233866998925805,0.3601763844490051
0.01267558615654707,0.04010386019945145,0.0786266028881073,-0.14175091683864594,2.7837531566619873,3.163866325469574,1481.5275457544933,0.49037495255470276,0.380528062582016,0.12889985740184784,0.09248261898756027,0.003321506781503558,0.30339109897613525
0.01532072015106678,0.053588010370731354,0.10332583636045456,-0.049850884824991226,2.8848164081573486,3.4977474843767236,1397.8731349372167,0.5282247066497803,0.3591884672641754,0.1123717650771141,0.10275037586688995,0.004310940392315388,0.31814125180244446
0.021851222962141037,0.06412326544523239,0.12277525663375854,-0.21148742735385895,2.590383291244507,2.9345389753880804,972.2768506285587,0.7301510572433472,0.18326212465763092,0.08515222370624542,0.05891360715031624,0.004984256811439991,0.6329932808876038
0.016875360161066055,0.04733538255095482,0.09387990832328796,-0.12919755280017853,2.351572275161743,2.8049998397876883,748.4441851834866,0.8274096250534058,0.10854578018188477,0.06404462456703186,0.03485020995140076,0.0002879377861972898,0.7399327754974365
0.03018041141331196,0.06397354602813721,0.1240321695804596,-0.1323089450597763,2.005441188812256,2.119704239611528,567.2497779389686,0.8966891169548035,0.06731097400188446,0.035818371921777725,0.03323106840252876,0.0011906917206943035,0.8411142826080322
0.01820198819041252,0.05985312908887863,0.1072792336344719,-0.19435949623584747,2.7280831336975098,3.288274251112668,1150.3044711193063,0.6428784728050232,0.26045259833335876,0.09592697024345398,0.08204609900712967,0.0036313775926828384,0.5055864453315735
0.03773583844304085,0.06425506621599197,0.1240321695804596,-0.03855367749929428,1.720679759979248,1.702759733595875,456.8131759802013,0.9461717009544373,0.03322374075651169,0.02058388665318489,0.01771553047001362,8.660510502522811e-05,0.9138635993003845
0.018270494416356087,0.05444503575563431,0.10036012530326843,-0.1681343913078308,2.3043861389160156,2.9799432085381423,799.8098519692129,0.7970885038375854,0.1378742754459381,0.06470789760351181,0.04553908109664917,0.0009805035078898072,0.7152519226074219
0.0154337789863348,0.05115674436092377,0.09572473168373108,-0.12737251818180084,2.914055824279785,3.314596146731386,1646.7704674339136,0.41588306427001953,0.4504093825817108,0.1335592418909073,0.10509254783391953,0.0055368198081851006,0.22265543043613434
0.013089972548186779,0.04920360818505287,0.08804579079151154,-0.06692864000797272,2.8697426319122314,3.758877873896662,1663.1018178877152,0.42484840750694275,0.41206094622612,0.1619568169116974,0.10398874431848526,0.001569166430272162,0.22792509198188782
0.026130927726626396,0.06427161395549774,0.1240321695804596,-0.08189966529607773,2.054020881652832,2.459599392161951,572.118556937848,0.8941303491592407,0.0683077797293663,0.037554048001766205,0.04192284867167473,0.0008520240662619472,0.8348374962806702
0.020534848794341087,0.05663115903735161,0.10871389508247375,-0.11734452843666077,2.3503293991088867,2.757807452188301,780.4455010434862,0.8108178973197937,0.12522004544734955,0.06319272518157959,0.03751421347260475,0.0004832433769479394,0.7406997680664062
0.019929349422454834,0.061373502016067505,0.12041215598583221,-0.15694822371006012,2.443967819213867,3.079553713069885,976.0620282683383,0.718352735042572,0.20096075534820557,0.08045171201229095,0.07380601763725281,0.0012326358119025826,0.605502188205719
0.02427179180085659,0.0644243061542511,0.12216956913471222,-0.046834662556648254,2.006517171859741,2.6542871939649375,616.034787094097,0.8825802803039551,0.07618466764688492,0.041216541081666946,0.009633950889110565,0.0011453023180365562,0.8421810865402222
0.013751830905675888,0.055390626192092896,0.10466359555721283,-0.1549149602651596,3.348586320877075,4.027872838750749,1766.1125630001698,0.3587937355041504,0.5117617845535278,0.12926551699638367,0.11614587903022766,0.006126041058450937,0.15538790822029114
0.01627986691892147,0.058610185980796814,0.11303067952394485,-0.14659751951694489,2.6201977729797363,3.600163703370097,1018.6053306777077,0.702649712562561,0.20189516246318817,0.09529651701450348,0.07847966998815536,0.0019977206829935312,0.5660697221755981
0.02116631343960762,0.06357042491436005,0.11552165448665619,-0.20223598182201385,2.3383660316467285,3.003377281203823,689.0594939705586,0.8360058665275574,0.1170286238193512,0.04677977412939072,0.05462278053164482,0.0008202145691029727,0.7528588175773621
0.01285785436630249,0.041321754455566406,0.0778648853302002,-0.0713159441947937,2.8319149017333984,3.2137363882925585,1383.5039660349503,0.5302422642707825,0.36311328411102295,0.10652890801429749,0.1373424082994461,0.001447123009711504,0.303385466337204
0.015668872743844986,0.05254358425736427,0.0891840010881424,-0.24808424711227417,2.433084726333618,3.353373603385155,846.7176178703204,0.7793978452682495,0.13940882682800293,0.08115119487047195,0.07696032524108887,0.0027146884240210056,0.6678709983825684
0.011616528034210205,0.03810577467083931,0.07506275177001953,0.016282686963677406,2.921725034713745,3.280306693647107,1759.9682613338905,0.37115246057510376,0.4663258492946625,0.16212667524814606,0.13584166765213013,0.0012432328658178449,0.1275528222322464
0.013611001893877983,0.057416316121816635,0.10435773432254791,-0.16879834234714508,3.3179306983947754,4.2183754410777965,1909.1120077119015,0.2935402989387512,0.5486553907394409,0.1577591449022293,0.11021079868078232,0.0025528226979076862,0.10347868502140045
0.01165869552642107,0.044561438262462616,0.07818633317947388,-0.10806044191122055,2.898836374282837,3.822163307863629,1608.2400919705497,0.42565852403640747,0.4545988142490387,0.11844303458929062,0.16304321587085724,0.0004944120300933719,0.16648581624031067
0.026278691366314888,0.06413863599300385,0.1240321695804596,-0.08198665082454681,2.017611503601074,2.440708903517878,551.5142649654317,0.9001345038414001,0.07136765867471695,0.02833515778183937,0.031096402555704117,0.0004919464117847383,0.8545697927474976
0.012147994711995125,0.03888964653015137,0.07718300074338913,-0.03506363183259964,2.8089637756347656,3.2013223127723114,1326.9361338402746,0.5747169256210327,0.30622339248657227,0.11879431456327438,0.10766717046499252,0.004236486274749041,0.3874683678150177
0.021526416763663292,0.053918804973363876,0.10255473852157593,-0.03705092892050743,1.9055298566818237,2.504773811769469,623.8652714950944,0.8824021220207214,0.07208438962697983,0.045369427651166916,0.004510149825364351,0.0004964537802152336,0.847003698348999
0.014191851951181889,0.04595453664660454,0.08500885218381882,-0.24613896012306213,2.8568615913391113,3.2380930129093812,1119.8450819250754,0.644167959690094,0.265826940536499,0.08857010304927826,0.08827030658721924,0.0011365317041054368,0.5062073469161987
0.012880378402769566,0.04525454342365265,0.08634781837463379,-0.12517553567886353,2.854337453842163,3.5134482858367324,1388.5042174778184,0.5587703585624695,0.30347809195518494,0.13755299150943756,0.050523437559604645,0.001537622301839292,0.4396323263645172
0.041857969015836716,0.06444314867258072,0.1240321695804596,-0.03570615127682686,1.6181977987289429,1.5395670211963572,524.2308344082431,0.9225124716758728,0.04554850608110428,0.031791720539331436,0.006123425904661417,0.000590871146414429,0.8995956182479858
0.015321995131671429,0.051310013979673386,0.09399182349443436,-0.20369860529899597,2.79152774810791,3.3487815088952684,1328.6724619965757,0.5681884288787842,0.3135632276535034,0.11810092628002167,0.09428191184997559,0.001683698152191937,0.41129550337791443
0.02128761261701584,0.05822893604636192,0.11242351680994034,-0.06101563200354576,2.0882725715637207,2.735343652255416,629.4925978863912,0.8704489469528198,0.08889256417751312,0.040658462792634964,0.02813269942998886,0.0013268799521028996,0.8106266856193542
0.016390129923820496,0.052776999771595,0.09375958144664764,-0.16111579537391663,2.535827159881592,3.220047675868135,1116.969013452698,0.6603601574897766,0.2477795034646988,0.0918385237455368,0.05181579664349556,0.0015244452515617013,0.5403519868850708
0.02598353661596775,0.06381837278604507,0.12403217703104019,-0.08725972473621368,2.0863494873046875,2.456108024354562,618.0054581733322,0.8753328323364258,0.0852910578250885,0.03884587809443474,0.016539545729756355,0.0011700874892994761,0.835305392742157
0.017203982919454575,0.05213258042931557,0.09978872537612915,-0.2288375049829483,2.6307482719421387,3.0302622753323503,989.8858552113293,0.7036582827568054,0.21899493038654327,0.07709933817386627,0.08362661302089691,0.003559596138074994,0.5573927164077759
0.012776660732924938,0.04154881834983826,0.08104665577411652,-0.09329145401716232,2.8277382850646973,3.251930939945576,1452.7449340255903,0.4983302652835846,0.3787399232387543,0.12292830646038055,0.11398003250360489,0.00019693411013577133,0.2813360095024109
0.0107542984187603,0.03995569795370102,0.07834682613611221,5.220692401053384e-05,2.91272234916687,3.715323528709703,1712.7202501531492,0.3917939364910126,0.4638039767742157,0.14032471179962158,0.07582715153694153,0.0008136674878187478,0.17978273332118988
0.023816440254449844,0.06443849205970764,0.11781848967075348,-0.0896303653717041,2.0382745265960693,2.705630705871856,569.8890318531313,0.8966268301010132,0.06804787367582321,0.0351848229765892,0.027076473459601402,0.0011559330159798265,0.8410207629203796
0.01568033918738365,0.05551372468471527,0.102462999522686,-0.036684099584817886,2.6651275157928467,3.5403395307826693,1271.6393310743133,0.5825200080871582,0.3085784614086151,0.10872994363307953,0.10370233654975891,0.004531349986791611,0.3858232796192169
0.03204336762428284,0.0637940987944603,0.12403217703104019,-0.06409407407045364,1.9120643138885498,1.9908674874773624,576.4952539887329,0.8918559551239014,0.07281029224395752,0.03530886396765709,0.02946425974369049,0.00047947204438969493,0.8463580012321472
0.014182801358401775,0.04892323166131973,0.09527508914470673,-0.08707762509584427,3.1296353340148926,3.4494759125205214,1746.0227751856394,0.36366626620292664,0.5018810033798218,0.13443897664546967,0.11614760011434555,0.008564631454646587,0.18978500366210938
0.014568556100130081,0.05063463747501373,0.09460654109716415,-0.05359740927815437,2.7417988777160645,3.4756112495654947,1432.0725720696043,0.5080022215843201,0.3725312054157257,0.11931131780147552,0.11738190054893494,0.006870613433420658,0.2574452757835388
0.012610061094164848,0.05588357895612717,0.09915845841169357,0.15528292953968048,3.392289638519287,4.431665995460953,1927.7399639940168,0.29666993021965027,0.5532023906707764,0.15007783472537994,0.11237867176532745,0.0039339629001915455,0.08071888983249664
0.011520895175635815,0.03741427883505821,0.0705801248550415,-0.039028603583574295,2.7433605194091797,3.2475149076031653,1488.7870698813242,0.5076554417610168,0.3505987226963043,0.14117999374866486,0.010867806151509285,0.0016647197771817446,0.37992358207702637
0.015744565054774284,0.05181582644581795,0.09518855810165405,-0.29914766550064087,2.8593311309814453,3.2910293972722107,1091.0342492913287,0.6523880362510681,0.26363256573677063,0.08397936075925827,0.10747837275266647,0.004277258645743132,0.5007551908493042
0.01454102247953415,0.058259591460227966,0.10216525197029114,-0.08120369166135788,2.958010673522949,4.006567731961024,1498.1235778803207,0.49332258105278015,0.36735522747039795,0.13804002106189728,0.09281089901924133,0.003849828615784645,0.3145597279071808
0.018720593303442,0.06462512165307999,0.11371619999408722,-0.25855132937431335,2.7064170837402344,3.4520872603832387,1037.5415149284306,0.674573540687561,0.2504130005836487,0.07455937564373016,0.08334944397211075,0.0027010804042220116,0.5383018255233765
0.027036430314183235,0.06427399069070816,0.12403217703104019,-0.018230244517326355,1.7891768217086792,2.3773105377233508,523.7131870655878,0.926856279373169,0.04115524888038635,0.03182172775268555,0.0042496477253735065,0.0003133347490802407,0.9017325043678284
0.01764349266886711,0.05353783443570137,0.0992315262556076,-0.1767316311597824,2.5969557762145996,3.0344238205815866,1118.7678591859324,0.6492541432380676,0.2587810754776001,0.09166118502616882,0.07616733759641647,0.0041921380907297134,0.531086802482605
0.02224019356071949,0.06328761577606201,0.12146838009357452,-0.046912144869565964,2.1441352367401123,2.8456414104684153,692.7173959319225,0.8420910835266113,0.1097736731171608,0.047858335077762604,0.026941923424601555,0.0003521968610584736,0.7841179370880127
0.033709872514009476,0.06407830119132996,0.1240321695804596,-0.08518248796463013,1.9038678407669067,1.900876402389205,522.4972270035494,0.9123998284339905,0.06007910147309303,0.027477698400616646,0.04374728724360466,0.0017545782029628754,0.8523935079574585
0.01130967028439045,0.04464677721261978,0.08026114106178284,-0.04712381586432457,2.862122058868408,3.94766390937969,1609.8565436998476,0.4636804759502411,0.37313324213027954,0.16203194856643677,0.11668369174003601,0.006744027137756348,0.22731997072696686
0.023418370634317398,0.06415348500013351,0.11841563880443573,-0.16770824790000916,2.1909358501434326,2.7394512623941147,682.8344520127982,0.8448774814605713,0.10924480110406876,0.04566895216703415,0.041347891092300415,0.002432838547974825,0.7780395746231079
0.01700735092163086,0.06243105232715607,0.11823104321956635,-0.20042037963867188,2.7751595973968506,3.670827550461259,1043.8286862916414,0.6709469556808472,0.25415268540382385,0.07489779591560364,0.07438316196203232,0.001984045375138521,0.5442725419998169
0.02214829809963703,0.060881417244672775,0.114156074821949,-0.10087371617555618,2.079697847366333,2.748807920502104,604.2904460838737,0.8860427737236023,0.0725792646408081,0.041260719299316406,0.022901901975274086,0.00042640414903871715,0.8394142985343933
0.012746699154376984,0.04327937215566635,0.07836858183145523,-0.14604108035564423,2.9574975967407227,3.3953395799264365,1672.3184804087655,0.37940850853919983,0.5078387260437012,0.1125391349196434,0.13466612994670868,0.005550863221287727,0.16757038235664368
0.012974420562386513,0.04223993420600891,0.082651287317276,-0.11270017176866531,2.900932788848877,3.2556316484151084,1661.6657497039473,0.41669124364852905,0.4384433925151825,0.14449523389339447,0.06480991840362549,0.0005793659365735948,0.24233974516391754
0.014561740681529045,0.0486905612051487,0.08965159952640533,-0.14549978077411652,2.6582369804382324,3.343732199788923,1276.9991123686032,0.5713793635368347,0.31867676973342896,0.10921388119459152,0.1052536889910698,0.0014852829044684768,0.39631304144859314
0.02391701005399227,0.062245503067970276,0.11700224876403809,-0.11657465994358063,2.095972776412964,2.602562064607971,598.2023627547633,0.8856337070465088,0.07483407109975815,0.03855307772755623,0.03527279570698738,0.0007830656250007451,0.8287342190742493
0.013928207568824291,0.05962204933166504,0.10747771710157394,-0.12280968576669693,3.2190701961517334,4.280669212658581,1692.4716299886695,0.4016351103782654,0.44858020544052124,0.14838877320289612,0.1041628047823906,0.003832028480246663,0.18755649030208588
0.03424758091568947,0.06364841759204865,0.1240321695804596,-0.026427529752254486,1.7706786394119263,1.8584792235947858,492.38914811884126,0.9343774914741516,0.04066634550690651,0.024747172370553017,0.0078117139637470245,0.00030839841929264367,0.9084329009056091
0.01710985042154789,0.058662232011556625,0.11388584971427917,-0.07421562820672989,2.705740451812744,3.4285648654327057,1325.6518500029867,0.5593609809875488,0.33412307500839233,0.10611508041620255,0.09292890131473541,0.002496968721970916,0.380990207195282
0.03059167042374611,0.06446439772844315,0.1240321695804596,-0.047448061406612396,1.8477555513381958,2.1072532762479304,525.2490611003103,0.9185648560523987,0.05184933915734291,0.029436424374580383,0.017664242535829544,0.0008196139242500067,0.8774868845939636
0.016106441617012024,0.04305965453386307,0.08162815868854523,-0.09799544513225555,2.3252463340759277,2.6734430580687016,807.1232933256604,0.7961474061012268,0.1365143358707428,0.06716252863407135,0.03215273469686508,0.003788847243413329,0.715141236782074
0.01372014544904232,0.04861035570502281,0.08586574345827103,-0.24618303775787354,2.6863157749176025,3.542991281107218,1008.1234231721743,0.693865180015564,0.22415290772914886,0.08174177259206772,0.09558044373989105,0.001699632266536355,0.5378930568695068
0.02172585390508175,0.06379992514848709,0.12141383439302444,-0.18852055072784424,2.322097063064575,2.9365899920107394,637.7039373143787,0.8615249991416931,0.09601935744285583,0.04204897955060005,0.051116131246089935,0.0007148178410716355,0.789335310459137
0.02020060457289219,0.06332365423440933,0.11965180933475494,-0.15755484998226166,2.4850707054138184,3.1347405471344434,967.4198877061403,0.721153736114502,0.20504158735275269,0.07357067614793777,0.037222303450107574,0.002284505870193243,0.6362413167953491
0.014221671037375927,0.057366855442523956,0.1011635810136795,-0.184463232755661,3.280722141265869,4.033763352261809,1717.080681886496,0.3864290416240692,0.45961055159568787,0.15363207459449768,0.11779520660638809,0.0033900560811161995,0.20170514285564423
0.03276636451482773,0.0638958066701889,0.12403217703104019,-0.03986094519495964,1.8087356090545654,1.9500426005248206,482.44845291970375,0.9326130151748657,0.046534936875104904,0.020681796595454216,0.011525878682732582,0.0001289563369937241,0.9039527177810669
0.028176510706543922,0.06427762657403946,0.12403217703104019,-0.06069546565413475,1.9051192998886108,2.281248634410573,502.684930569619,0.924405038356781,0.05110133811831474,0.024330202490091324,0.020327594131231308,0.00046672316966578364,0.8883869647979736
0.016630005091428757,0.04585174471139908,0.09134785830974579,-0.1472359597682953,2.5415568351745605,2.757169613392018,1040.2850708069388,0.6879667043685913,0.23319068551063538,0.07846426963806152,0.04451349005103111,0.0007153069600462914,0.583440899848938
0.021859152242541313,0.05750925466418266,0.11191093176603317,-0.0779796689748764,2.251094102859497,2.630900504440872,783.1197682236583,0.8067598938941956,0.13547827303409576,0.0576043464243412,0.024136660620570183,0.00044842634815722704,0.743945837020874
0.024449503049254417,0.06403321027755737,0.11672455072402954,-0.07324887812137604,2.0742828845977783,2.618998437143738,639.8873972598219,0.8666282892227173,0.091502346098423,0.04090661555528641,0.022297989577054977,0.0010085692629218102,0.8212341666221619
0.013246746733784676,0.041732918471097946,0.07981495559215546,-0.15113195776939392,2.6725592613220215,3.150427747026471,1504.3431078277645,0.5007286667823792,0.3453436493873596,0.1530269980430603,0.03579970821738243,0.0027727053966373205,0.3510308265686035
0.015162764117121696,0.05816890299320221,0.09991699457168579,-0.17535071074962616,2.622714042663574,3.83629940689257,1157.5810454468135,0.633177638053894,0.260371595621109,0.10614074021577835,0.11857741326093674,0.002835353836417198,0.45061567425727844
0.021072521805763245,0.06019444018602371,0.1055251732468605,-0.2116694450378418,2.304283857345581,2.856537093092686,713.8656016587214,0.8253895044326782,0.12149237841367722,0.05294588953256607,0.061099909245967865,0.0016583206597715616,0.7279156446456909
0.017095517367124557,0.052005574107170105,0.10087588429450989,-0.13175536692142487,2.3569822311401367,3.042059095803505,826.9745395814616,0.7768030166625977,0.1550578773021698,0.06801345199346542,0.054799459874629974,0.001338717993348837,0.6875715255737305
0.029630038887262344,0.06387494504451752,0.12403217703104019,-0.061085253953933716,2.0019192695617676,2.155749619006439,553.2452673200321,0.8989283442497253,0.06957897543907166,0.03131302446126938,0.039473630487918854,0.0022092971485108137,0.8383222818374634
0.033052198588848114,0.06373775750398636,0.1240321695804596,-0.0424758680164814,1.8581465482711792,1.9283969062065125,522.0543134906272,0.9173226952552795,0.05461861565709114,0.02799089625477791,0.015479723922908306,0.0004953927709721029,0.8804009556770325
0.026175275444984436,0.06444812566041946,0.1240321695804596,-0.02458551526069641,1.946516990661621,2.4621756433247577,570.8891703285539,0.9046053886413574,0.05699983239173889,0.038189131766557693,0.011008016765117645,0.0010183692211285233,0.8660680651664734
0.013329391367733479,0.045119162648916245,0.08769606053829193,-0.10911212116479874,2.8926379680633545,3.384937946585579,1338.1676765028283,0.5476629734039307,0.33421558141708374,0.11803549528121948,0.11968421190977097,0.004735614638775587,0.3309983015060425
0.01957186497747898,0.061523113399744034,0.10415084660053253,-0.13651074469089508,2.125067949295044,3.143446649943386,695.3810201109981,0.8506682515144348,0.0942951887845993,0.05489609017968178,0.03025776334106922,0.0005324552184902132,0.7898156046867371
0.01946326531469822,0.054922208189964294,0.1026153415441513,-0.1341646909713745,2.2225148677825928,2.821839362466402,720.0869773796761,0.8307715654373169,0.11363406479358673,0.055467694997787476,0.03449074923992157,0.0016697330866008997,0.7538424730300903
0.013782443478703499,0.04739014804363251,0.08381237834692001,-0.2230580747127533,2.6062278747558594,3.438443126098857,1032.0580852535843,0.689624547958374,0.22519899904727936,0.08517441153526306,0.10677654296159744,0.00034773987135849893,0.5294615626335144
0.015525279566645622,0.0509675107896328,0.09611931443214417,-0.12140032649040222,2.727827787399292,3.2828723352491562,1318.153569466723,0.564132809638977,0.3278485834598541,0.10799124091863632,0.06787073612213135,0.0022546646650880575,0.4280291199684143
0.013872308656573296,0.04884966090321541,0.09439466148614883,0.024713313207030296,2.8555264472961426,3.5213793254626697,1859.4658320539036,0.33101969957351685,0.5094808340072632,0.15949903428554535,0.08041466027498245,0.002359203062951565,0.13080370426177979
0.02084103599190712,0.05551951378583908,0.10741320252418518,-0.1274399757385254,2.2261850833892822,2.6639517250838285,689.761987626246,0.8380057215690613,0.11477790772914886,0.04720480367541313,0.05049271509051323,0.0028260531835258007,0.7498061656951904
0.013060063123703003,0.03927713260054588,0.07826539874076843,-0.1981697380542755,2.8095619678497314,3.0074228757940307,1344.9697956108218,0.5454121828079224,0.3226936161518097,0.1318940669298172,0.08002138882875443,0.00039640284376218915,0.3913765847682953
0.013774463906884193,0.043454863131046295,0.08531437814235687,-0.07951711863279343,2.6681764125823975,3.154740788581522,1415.973482641087,0.5221201181411743,0.34434571862220764,0.1325041651725769,0.07310668379068375,0.0013669560430571437,0.3705470860004425
0.014547064900398254,0.046941693872213364,0.08960838615894318,-0.16442881524562836,2.6476283073425293,3.2268841990043886,1060.0469624136051,0.679370641708374,0.22891506552696228,0.09107950329780579,0.06581668555736542,0.0010457002790644765,0.5451526045799255
0.01155032217502594,0.04178899899125099,0.07193823903799057,-0.18475297093391418,2.792362928390503,3.617994230324501,1434.8369665476798,0.5119926333427429,0.3383208215236664,0.1489725410938263,0.1148253083229065,0.0007668090402148664,0.27764055132865906
0.012471195310354233,0.04797498136758804,0.0956774577498436,-0.15220026671886444,3.0190513134002686,3.8468631249732623,1823.4655953926213,0.34165439009666443,0.48548245429992676,0.1727897822856903,0.1145143136382103,0.0014414871111512184,0.13901588320732117
0.02175200916826725,0.06242460012435913,0.11240799725055695,-0.1795547604560852,2.209695339202881,2.869831455043562,684.3071684294857,0.8467471599578857,0.10585072636604309,0.04698491096496582,0.054287005215883255,0.001409890246577561,0.7694293260574341
0.017989924177527428,0.05996774137020111,0.10412520915269852,-0.18959513306617737,2.4540679454803467,3.3334071214028764,885.5785997578691,0.7489723563194275,0.18051660060882568,0.06907976418733597,0.060332849621772766,0.00022007453662808985,0.6473729610443115
0.015715651214122772,0.04659076780080795,0.08994102478027344,-0.10520636290311813,2.5440688133239746,2.9646094306276565,1185.0010220919942,0.6215866208076477,0.27911391854286194,0.09917955845594406,0.09409426897764206,0.0019370014779269695,0.46568411588668823
0.014863741584122181,0.04332054778933525,0.08274643123149872,-0.19780658185482025,2.614841938018799,2.914511634990804,1125.958072053025,0.6469461917877197,0.24523557722568512,0.10724012553691864,0.06195555627346039,0.0015216462779790163,0.5148851275444031
0.026919912546873093,0.06424340605735779,0.1240321695804596,-0.09322186559438705,2.0516881942749023,2.38646414408332,544.2120272374959,0.9071314334869385,0.06027814373373985,0.03244942054152489,0.023841101676225662,0.0010829874081537127,0.8592991828918457
0.02546985074877739,0.06296246498823166,0.12256021797657013,-0.07795273512601852,1.9767048358917236,2.472039023973549,546.3161052148142,0.9057425856590271,0.061012137681245804,0.032778386026620865,0.04260401800274849,0.0010344948386773467,0.8459658622741699
0.029290124773979187,0.060273878276348114,0.12039814889431,-0.01075868122279644,1.78463876247406,2.0578225166127155,502.1488824798614,0.9294688701629639,0.04481300711631775,0.025502175092697144,0.00573416892439127,0.0007867556996643543,0.9039155840873718
0.01878666877746582,0.04827777296304703,0.09299158304929733,-0.06779855489730835,2.106558322906494,2.569788903628584,731.2596349587532,0.8322519659996033,0.11445628106594086,0.053285811096429825,0.007797707803547382,0.0013679952826350927,0.7799575328826904
0.02216058224439621,0.0643564760684967,0.11828818917274475,-0.16568255424499512,2.206751585006714,2.9040968037681663,638.4492671522776,0.8592546582221985,0.09921471774578094,0.040665313601493835,0.051981229335069656,0.0024556368589401245,0.7840779423713684
0.02808487042784691,0.06436517834663391,0.1240321695804596,-0.065926693379879,1.9620542526245117,2.291809695533517,590.2953524839169,0.8883565664291382,0.0744372084736824,0.03658467158675194,0.020605411380529404,0.0007196650840342045,0.8427110910415649
0.014112205244600773,0.04836593568325043,0.09193530678749084,-0.16039824485778809,2.691004753112793,3.427241514810567,1092.612284809512,0.6649975180625916,0.24447812139987946,0.09051449596881866,0.033650197088718414,0.0032688563223928213,0.568347692489624
0.01822844333946705,0.05929052457213402,0.10980130732059479,-0.15710045397281647,2.831099510192871,3.2526378399251112,1284.3382000069364,0.5740556716918945,0.32238253951072693,0.10316121578216553,0.07359927147626877,0.0037313110660761595,0.4449376165866852
0.015828365460038185,0.053712084889411926,0.10378998517990112,-0.07362605631351471,2.9849703311920166,3.3934069201033563,1598.3513053943475,0.4364537298679352,0.4237942099571228,0.13975101709365845,0.0903974249958992,0.005313277244567871,0.26430177688598633
0.02314887009561062,0.06424003839492798,0.1167469173669815,-0.12797847390174866,2.136035203933716,2.7750831088871935,605.4361585359695,0.8819894194602966,0.0765594020485878,0.04109659790992737,0.03849561884999275,0.0005471500335261226,0.8231841325759888
0.01155600044876337,0.040510572493076324,0.07806225121021271,-0.04597679525613785,2.9222612380981445,3.5055876528549157,1684.945708467597,0.4042258858680725,0.4335760176181793,0.1608973741531372,0.08489741384983063,0.0016900177579373121,0.21426160633563995
0.021811895072460175,0.06448893994092941,0.12032308429479599,-0.11793997138738632,2.1718201637268066,2.9565950012017495,642.2946125731338,0.8652425408363342,0.09015462547540665,0.044093865901231766,0.036777861416339874,0.001554081216454506,0.8036452531814575
0.03014935366809368,0.06375648826360703,0.1240321695804596,-0.08114773780107498,1.9474310874938965,2.114688393103573,529.6369733742325,0.9138083457946777,0.056771356612443924,0.02914922870695591,0.020614244043827057,0.0003208645211998373,0.8749180436134338
0.016526343300938606,0.05161307007074356,0.09756158292293549,-0.15281088650226593,2.6088263988494873,3.1230786585856016,1183.0857328866277,0.6224895715713501,0.27560681104660034,0.10143512487411499,0.07992053776979446,0.0010332976235076785,0.47865936160087585
0.012823919765651226,0.045407623052597046,0.08381037414073944,-0.09519524872303009,3.0447142124176025,3.540853645285599,1926.611698294387,0.30783870816230774,0.5124347805976868,0.1795155256986618,0.11467576026916504,0.003858721349388361,0.0980217233300209
0.023658817633986473,0.06420159339904785,0.12251675128936768,-0.19666828215122223,2.289093494415283,2.713643360778395,710.1802204736396,0.8322582840919495,0.11729858070611954,0.05000940337777138,0.0455373153090477,0.0017016162164509296,0.7609012722969055
0.025939570739865303,0.06428660452365875,0.1240321695804596,-0.06645435839891434,2.0483314990997314,2.478321833691002,620.4229606034331,0.8740859031677246,0.08625461906194687,0.03965679928660393,0.023837372660636902,0.0009643089142628014,0.8282817006111145
0.02567245624959469,0.06408438086509705,0.12272243946790695,-0.08628630638122559,2.0165858268737793,2.4962309893356065,591.9133951304799,0.8838874697685242,0.07982548326253891,0.03557324782013893,0.024729182943701744,0.0003401877183932811,0.8378812074661255
0.027754265815019608,0.06395897269248962,0.12403217703104019,-0.04027179256081581,1.9510784149169922,2.3044735939501186,564.3112889991417,0.8947060108184814,0.07465233653783798,0.03061833418905735,0.021164758130908012,8.73935132403858e-05,0.8530572056770325
0.014497973956167698,0.05605492368340492,0.10583418607711792,-0.10995917022228241,2.672689914703369,3.866397046167389,1144.502459860635,0.6341462731361389,0.2764778137207031,0.0893002599477768,0.10826561599969864,0.00281157367862761,0.42895692586898804
0.012866470031440258,0.046585049480199814,0.0855499729514122,-0.07745745778083801,2.8976402282714844,3.620655033023419,1719.2191572605518,0.38034483790397644,0.4641152024269104,0.15505504608154297,0.11931806057691574,0.004127727821469307,0.14348845183849335
0.012873099185526371,0.04468124732375145,0.0811699703335762,-0.1966455727815628,2.8646035194396973,3.4709005715202657,1630.0196014380008,0.4118782877922058,0.4610947370529175,0.12686491012573242,0.10432107001543045,0.0038227306213229895,0.2309572696685791
0.037808679044246674,0.06435824185609818,0.1240321695804596,-0.04501708969473839,1.6823104619979858,1.7022081564679612,449.04174288446,0.9526519179344177,0.028348123654723167,0.018962636590003967,0.013046412728726864,0.00010499222116777673,0.9244521856307983
0.027631791308522224,0.06461814045906067,0.12372316420078278,-0.02229810133576393,1.8625285625457764,2.338543300911242,537.0714622860659,0.913401186466217,0.05626389756798744,0.030288463458418846,0.00441104406490922,0.00023216838599182665,0.8903866410255432
0.012175518088042736,0.0480877086520195,0.08648749440908432,-0.11433138698339462,2.9522016048431396,3.9495410626752436,1840.5628653575895,0.32755547761917114,0.5326417684555054,0.13859081268310547,0.10855847597122192,0.001690445700660348,0.11826642602682114
0.022739291191101074,0.05950528383255005,0.11285895109176636,-0.0653708353638649,2.0363690853118896,2.6168486664712023,560.8417354311317,0.8999181389808655,0.06508281826972961,0.034997135400772095,0.025310656055808067,0.0005797122721560299,0.8438521027565002
0.02461428754031658,0.06405626237392426,0.12021209299564362,-0.061143916100263596,1.938035011291504,2.6024016444271205,533.7150319801025,0.9120567440986633,0.05731653794646263,0.030356522649526596,0.02374568209052086,0.0002891277545131743,0.8654478788375854
0.014188189059495926,0.06369347870349884,0.10604634135961533,-0.04558219760656357,2.8651421070098877,4.489190158935797,1443.7164416336268,0.5033538341522217,0.39083486795425415,0.10573710501194,0.12624876201152802,0.0024218293838202953,0.27171146869659424
0.019524646922945976,0.05933390557765961,0.11311332881450653,-0.09045833349227905,2.39145565032959,3.0389233571691188,841.0367252409311,0.7735069990158081,0.16431064903736115,0.06217937916517258,0.043764177709817886,0.0017476811772212386,0.6807000041007996
0.016597794368863106,0.05381495878100395,0.09948422014713287,-0.2614293694496155,2.773247241973877,3.2422957883317727,1011.3498755921746,0.6845752596855164,0.23518286645412445,0.07847727835178375,0.09000782668590546,0.005504222586750984,0.5562185645103455
0.02030087821185589,0.06441859155893326,0.11237333714962006,-0.18560810387134552,2.4310195446014404,3.1731923556951864,777.460122797827,0.8053492307662964,0.13306841254234314,0.060527440160512924,0.05505112558603287,0.0015249201096594334,0.7253742814064026
0.013434367254376411,0.05958375707268715,0.11287406086921692,-0.035923801362514496,3.366036891937256,4.435174053235877,1910.4432268082128,0.3109401762485504,0.5221961736679077,0.1667010635137558,0.06999589502811432,0.0017987163737416267,0.136276513338089
0.03186754137277603,0.06462707370519638,0.12403217703104019,-0.10991046577692032,1.9250046014785767,2.0279905797307083,517.2858780543985,0.9173794388771057,0.054205238819122314,0.028384504839777946,0.026907648891210556,0.0007814092678017914,0.8668856620788574
0.02266022376716137,0.06138628348708153,0.11597703397274017,-0.16025225818157196,2.195254325866699,2.7089884069605707,596.3533403567603,0.8803112506866455,0.08173096925020218,0.03774641081690788,0.04670275002717972,0.0019126407569274306,0.8121974468231201
0.012489360757172108,0.04504714533686638,0.08266441524028778,-0.16702401638031006,2.97393798828125,3.6068415517095924,1548.4971679912562,0.47858500480651855,0.3903476297855377,0.1309983879327774,0.10921911150217056,0.001101317466236651,0.2920719087123871
0.02153676189482212,0.060365159064531326,0.11153393983840942,-0.16397424042224884,2.181631088256836,2.8028892809666743,645.3025400401594,0.8654451370239258,0.0881853699684143,0.04578154906630516,0.05789947882294655,0.00041074067121371627,0.7854443788528442
0.020833376795053482,0.05726994201540947,0.11141806840896606,-0.060935694724321365,2.0128698348999023,2.7489514818480245,573.0867960682973,0.8934820294380188,0.07215707749128342,0.03431569039821625,0.031704019755125046,0.0011435128981247544,0.8369180560112
0.023402884602546692,0.05697759985923767,0.11247819662094116,-0.03443562239408493,2.048895835876465,2.434640037946551,636.4065647344445,0.8759688138961792,0.07578253000974655,0.04790689796209335,0.01500349398702383,0.0003545367799233645,0.8321139812469482
0.013391575776040554,0.04544566944241524,0.0881693884730339,-0.0588526651263237,2.8210835456848145,3.3936013355747456,1547.7191451629517,0.4528100788593292,0.41491764783859253,0.132269948720932,0.14484408497810364,0.00764063186943531,0.2195417284965515
0.024335382506251335,0.06417416036128998,0.12160280346870422,-0.16896910965442657,2.2847213745117188,2.637072186647064,723.6388039921708,0.8234487175941467,0.1267118602991104,0.04950155317783356,0.05952305346727371,0.0018794408533722162,0.7251014709472656
0.013874865137040615,0.04972442239522934,0.09127714484930038,-0.16303391754627228,2.8355319499969482,3.583776988138087,1231.6428654152717,0.6038979291915894,0.2896706163883209,0.10587944835424423,0.06665836274623871,0.0015038716373965144,0.4579900801181793
0.030306871980428696,0.06411616504192352,0.1240321695804596,-0.08983831107616425,1.9726630449295044,2.1155652447805346,534.6777668787701,0.9062719941139221,0.06456193327903748,0.028346065431833267,0.046964380890131,0.0035683780442923307,0.8386422991752625
0.017625875771045685,0.059792228043079376,0.11181114614009857,-0.21478894352912903,2.4633588790893555,3.3922982787560976,911.7299249965515,0.7477327585220337,0.1747177392244339,0.0775134339928627,0.0630861297249794,0.000339214428095147,0.6483686566352844
0.014711245894432068,0.0492437519133091,0.09249299764633179,-0.05589555203914642,2.8349218368530273,3.3473542800749176,1565.2457468700038,0.44997861981391907,0.42301180958747864,0.126898393034935,0.117534339427948,0.00245896028354764,0.25190970301628113
0.017769407480955124,0.0523405447602272,0.0994752049446106,-0.1681664139032364,2.3792190551757812,2.945542490000252,861.5670063136857,0.7743840217590332,0.14897987246513367,0.07576842606067657,0.06544984877109528,0.0009891408262774348,0.6801653504371643
0.022705353796482086,0.06423639506101608,0.11987794190645218,-0.1484001874923706,2.3850955963134766,2.8291298886582243,821.2242782118878,0.7753884196281433,0.1644248366355896,0.06008593738079071,0.047594260424375534,0.0032117271330207586,0.6949695348739624
0.014635738916695118,0.052268628031015396,0.10312456637620926,-0.03922859579324722,2.902099609375,3.5713009315724267,1578.4876915515774,0.4388027787208557,0.44176098704338074,0.11865401268005371,0.08232390135526657,0.0006588109536096454,0.26730483770370483
0.03273870795965195,0.06440850347280502,0.1240321695804596,-0.11195708066225052,1.9962373971939087,1.9673501944614438,550.3591517168687,0.9053309559822083,0.06180311366915703,0.032334111630916595,0.018754104152321815,0.0007367306970991194,0.8617963194847107
0.028892364352941513,0.06446751952171326,0.1240321695804596,-0.07823628187179565,1.9436571598052979,2.2312995479346625,538.7017000728844,0.9076761603355408,0.061659395694732666,0.030663229525089264,0.02794433943927288,0.0001031204083119519,0.8613966703414917
0.016517093405127525,0.05461987107992172,0.1040545180439949,-0.12256094813346863,2.690160036087036,3.306869419268332,1375.3598850449757,0.5378736853599548,0.3444984555244446,0.11674388498067856,0.09508872777223587,0.00487005477771163,0.36493200063705444
0.012859211303293705,0.04644221067428589,0.08682957291603088,-0.1606435477733612,2.9173567295074463,3.611590911394292,1229.109758317089,0.5997216701507568,0.2893138527870178,0.11056015640497208,0.10036604851484299,0.0018148411763831973,0.41521039605140686
0.016661014407873154,0.060038164258003235,0.10695596039295197,-0.20069657266139984,2.732225179672241,3.6035119341850352,1289.535375665366,0.580069363117218,0.30526089668273926,0.11462702602148056,0.059500351548194885,0.006119781639426947,0.4563354551792145
0.01960364170372486,0.060189228504896164,0.11331330984830856,-0.10706796497106552,2.3107657432556152,3.070308538152347,937.0525272720762,0.7382063269615173,0.18578314781188965,0.07599969208240509,0.03347144275903702,0.0008151096990332007,0.6534406542778015
0.026834670454263687,0.06451528519392014,0.12350587546825409,-0.07849470525979996,1.9930391311645508,2.4041765409966236,554.8803610852431,0.9032741785049438,0.0627051591873169,0.03347906097769737,0.028997180983424187,0.00016673568461555988,0.8546583652496338
0.015885500237345695,0.05353425070643425,0.10179716348648071,-0.21688036620616913,2.7517921924591064,3.3700072332131525,1168.2045763119206,0.6289112567901611,0.2745956480503082,0.09400643408298492,0.1023121178150177,0.001920237671583891,0.4727184772491455
0.023472994565963745,0.06404644250869751,0.1240321695804596,-0.13557949662208557,2.2721872329711914,2.728516053884214,690.7755862701979,0.8346410989761353,0.1177106499671936,0.047451201826334,0.05035325139760971,0.0014443723484873772,0.7583240866661072
0.01703714393079281,0.052403524518013,0.09939232468605042,-0.18371187150478363,2.5661141872406006,3.0758397491860956,1044.6514216413316,0.685614287853241,0.23037602007389069,0.08372010290622711,0.09146812558174133,0.0026636761613190174,0.5336387753486633
0.010680253617465496,0.04087056592106819,0.07545440644025803,-0.0032180328853428364,3.0702402591705322,3.8267411412782852,1756.9684055205266,0.36902469396591187,0.4685799479484558,0.15875625610351562,0.1403326690196991,0.0014956537634134293,0.11519579589366913
0.025140155106782913,0.060724955052137375,0.12060067057609558,-0.08798158913850784,2.0286152362823486,2.41545665855252,615.0326994148614,0.8784906268119812,0.07886499911546707,0.04205632582306862,0.018629297614097595,0.0005695773870684206,0.8358504176139832
0.025450952351093292,0.06410710513591766,0.12028641998767853,-0.11527939885854721,2.0589256286621094,2.518848970720146,546.9441740504612,0.9030838012695312,0.06674578040838242,0.029486622661352158,0.04752642661333084,0.001742292195558548,0.8326228857040405
0.017593437805771828,0.059650711715221405,0.10578659176826477,-0.19295990467071533,2.6035690307617188,3.390509141553987,1021.6604256376064,0.6819667220115662,0.24171344935894012,0.07616802304983139,0.08524783700704575,0.002685963874682784,0.5482056736946106
0.02338678203523159,0.06420674175024033,0.12126852571964264,-0.14619696140289307,2.275416612625122,2.7454286635403315,664.9469371435001,0.8506223559379578,0.10907436162233353,0.040138840675354004,0.027116727083921432,0.0011420377995818853,0.7963293194770813
0.01452220231294632,0.05270833149552345,0.09654310345649719,-0.16862361133098602,2.6679201126098633,3.6294998758490844,1353.6186681547613,0.5519121289253235,0.33155205845832825,0.11625616997480392,0.0784950703382492,0.0017885585548356175,0.3878008723258972
0.015765994787216187,0.05384152755141258,0.10575947910547256,-0.05455410107970238,2.856715202331543,3.415041567288529,1494.4227044727425,0.4878707826137543,0.3814103603363037,0.13020648062229156,0.0499332919716835,0.0011902062688022852,0.35774150490760803
0.01196369994431734,0.04086308553814888,0.07981723546981812,0.03313867747783661,3.0405194759368896,3.415589301380207,1896.1914041044079,0.3054537773132324,0.5158121585845947,0.1783980131149292,0.08756794780492783,0.0050274976529181,0.08687499910593033
0.014632169157266617,0.054574061185121536,0.09953857958316803,-0.21645449101924896,2.820007562637329,3.7297314290744974,1169.0235936051206,0.6198168992996216,0.2814197540283203,0.09842175245285034,0.12437925487756729,0.0035488910507410765,0.4302222728729248
0.025937363505363464,0.06249384209513664,0.1203492134809494,-0.1103353276848793,2.0593113899230957,2.409413820329288,578.1730350991571,0.8917784094810486,0.07317186892032623,0.03424559161067009,0.0354737788438797,0.0013362246099859476,0.8342821598052979
0.0161889661103487,0.050196483731269836,0.09449268877506256,-0.0728415921330452,2.608222723007202,3.1006602513103894,1025.3001844970208,0.697547972202301,0.21554765105247498,0.0867253765463829,0.0355457179248333,0.0006907580536790192,0.6038779616355896
0.017042212188243866,0.05817098543047905,0.10001881420612335,-0.2666547894477844,2.494887113571167,3.4133470927673035,808.5880807935176,0.7783421277999878,0.15922829508781433,0.06232551857829094,0.06907111406326294,0.0033895354717969894,0.6710783243179321
0.013985655270516872,0.0445253886282444,0.08516961336135864,-0.11031339317560196,2.7482047080993652,3.183646941371751,1241.835770556638,0.5897414684295654,0.3138200640678406,0.09562739729881287,0.08290620893239975,0.0009664582903496921,0.434817910194397
0.013540200889110565,0.052889302372932434,0.10275617241859436,-0.015823524445295334,3.1015491485595703,3.906094363161295,1638.815894821626,0.42605504393577576,0.4132142961025238,0.16043132543563843,0.07290671765804291,0.00247209332883358,0.2649019956588745
0.020338328555226326,0.061897046864032745,0.11363653093576431,-0.2372053861618042,2.5200421810150146,3.043369404369453,874.746590688659,0.757595956325531,0.17094086110591888,0.07127434015274048,0.06741031259298325,0.0033212918788194656,0.6613178253173828
0.016862576827406883,0.05057491734623909,0.0970359668135643,-0.23293815553188324,2.5111539363861084,2.9992401434779548,872.2734922865759,0.764061689376831,0.1657562553882599,0.06957708299160004,0.07571440190076828,0.0031186260748654604,0.6411011219024658
0.011455145664513111,0.03782688453793526,0.07486642152070999,0.09091973304748535,2.9875664710998535,3.3021740309961283,1717.5256570524473,0.38948673009872437,0.46033430099487305,0.14950773119926453,0.1636381596326828,0.0008306946838274598,0.103057861328125
0.019588561728596687,0.05677406117320061,0.10308055579662323,-0.1830568015575409,2.3594963550567627,2.898327195070158,800.633190482284,0.7941890358924866,0.14299516379833221,0.06260646879673004,0.04386268928647041,0.0028937808237969875,0.7096700668334961
0.012444055639207363,0.04486777260899544,0.08388465642929077,-0.07982458174228668,2.9580061435699463,3.605558662404677,1657.9847118295506,0.3979823887348175,0.4549461603164673,0.14697128534317017,0.15031082928180695,0.0018127535004168749,0.1433539092540741
0.01285842526704073,0.048034969717264175,0.08217991888523102,-0.16466031968593597,2.699904441833496,3.7356805919814926,1270.889862140583,0.5890765190124512,0.2958579659461975,0.11488103121519089,0.07644179463386536,0.0019228366436436772,0.43330317735671997
0.019812457263469696,0.058940112590789795,0.1139574721455574,-0.1352812796831131,2.5098607540130615,2.9749016895793616,916.8700257559524,0.7439019680023193,0.18241891264915466,0.07345779985189438,0.05989058315753937,0.0021239647176116705,0.6430803537368774
0.030787793919444084,0.06408106535673141,0.1240321695804596,-0.10677007585763931,1.9681586027145386,2.0813789231640767,519.4739681815838,0.9173831939697266,0.05303514376282692,0.029555965214967728,0.030440593138337135,0.00040660021477378905,0.8656882047653198
0.021650850772857666,0.06448102742433548,0.11814089119434357,-0.08015210926532745,2.121917486190796,2.9782214148458843,648.5798520607735,0.8660174012184143,0.08842199295759201,0.04554271325469017,0.02271450310945511,0.00016557077469769865,0.8238327503204346
0.02401820942759514,0.0643683448433876,0.12209068238735199,-0.16766059398651123,2.3005945682525635,2.6799809966996615,701.2847265476978,0.8371490836143494,0.11052334308624268,0.05229764059185982,0.052165526896715164,0.0024900315329432487,0.7505481839179993
0.013133135624229908,0.05007312446832657,0.08821597695350647,-0.1872081458568573,2.7312817573547363,3.8127318484499386,1151.5943310145326,0.6351284980773926,0.26249244809150696,0.10216358304023743,0.11498066037893295,0.005732869729399681,0.4332493543624878
0.01693868450820446,0.04920891672372818,0.09753820300102234,-0.15607696771621704,2.4053266048431396,2.9051203295620813,867.4441728661436,0.7605443596839905,0.16994623839855194,0.0674748420715332,0.05064134672284126,0.0025727630127221346,0.6530968546867371
0.01296432875096798,0.04806347191333771,0.0901547372341156,0.04457447677850723,3.1479101181030273,3.707362936630382,1808.3132185792113,0.33735963702201843,0.5120681524276733,0.1504938006401062,0.10558027029037476,0.002986905397847295,0.12269368022680283
0.011523569002747536,0.03812351077795029,0.07553380727767944,0.032327018678188324,2.985245704650879,3.308307588174487,1775.0344682938216,0.37737876176834106,0.4605928063392639,0.16131740808486938,0.09353911131620407,0.0003580101183615625,0.1647312194108963
0.012590242549777031,0.042242735624313354,0.07758432626724243,-0.15396972000598907,2.755488634109497,3.3551963319170737,1347.5291225502688,0.5582261681556702,0.32137978076934814,0.11982396245002747,0.06750379502773285,0.000772525672800839,0.3801325261592865
0.021268337965011597,0.0641130581498146,0.11795318126678467,-0.18982402980327606,2.460890531539917,3.01448370118399,856.6258508489557,0.7656495571136475,0.16858859360218048,0.06575622409582138,0.06572198122739792,0.001742614433169365,0.6640660762786865
0.02857033722102642,0.06445974856615067,0.1240321695804596,-0.06460308283567429,1.9457509517669678,2.256177379539474,541.0797460234118,0.9092212915420532,0.059809934347867966,0.030968578532338142,0.018117621541023254,1.02914027593215e-05,0.8695948123931885
0.01447087712585926,0.060316964983940125,0.10111892223358154,-0.07161090523004532,2.784627914428711,4.168162334264201,1397.9813431385473,0.5234163999557495,0.36199426651000977,0.11382822692394257,0.05463394150137901,0.0011722042690962553,0.3897136449813843
0.011168984696269035,0.04034233093261719,0.0728316381573677,0.03513307496905327,2.8417694568634033,3.6119962580377982,1812.5578908624277,0.34407278895378113,0.4958951473236084,0.1591067761182785,0.14753223955631256,0.0029452790040522814,0.09030342847108841
0.014082441106438637,0.05753228813409805,0.10014203190803528,-0.1705925613641739,3.2843966484069824,4.085391708381319,1817.9076187458766,0.3419501483440399,0.5162242650985718,0.13925060629844666,0.1034930944442749,0.0028912872076034546,0.1460961550474167
0.03781217709183693,0.0643867552280426,0.1240321695804596,-0.061180077493190765,1.7700327634811401,1.7028047623377898,482.50042870628727,0.9322707653045654,0.04506777599453926,0.022536728531122208,0.028354978188872337,0.0007711329380981624,0.8858709931373596
0.014389104209840298,0.03875470533967018,0.07724680006504059,-0.08006538450717926,2.5875258445739746,2.693336900741438,1239.3210076795658,0.6016219258308411,0.28489208221435547,0.11318349838256836,0.06773919612169266,0.0016715092351660132,0.42447319626808167
0.019447965547442436,0.06417559832334518,0.11293420195579529,-0.17164957523345947,2.4909000396728516,3.2998617857221024,898.7334960571677,0.7473732829093933,0.1863562911748886,0.06618701666593552,0.06709928065538406,0.0032797649037092924,0.6322593688964844
0.016748670488595963,0.057449858635663986,0.11282352358102798,-0.0493280366063118,3.005683183670044,3.4301145676817173,1608.84083933117,0.42925330996513367,0.4491199851036072,0.12162590026855469,0.09201810508966446,0.0065189506858587265,0.2421502023935318
0.030301470309495926,0.0638212040066719,0.1240321695804596,-0.07041401416063309,1.8817092180252075,2.1062081592973163,514.8131167432892,0.9194337725639343,0.054844342172145844,0.025684460997581482,0.015728246420621872,0.0002067069144686684,0.887161374092102
0.024090496823191643,0.06431382149457932,0.12098848819732666,-0.13601389527320862,2.1542012691497803,2.669676012243777,658.4245177013973,0.8571171760559082,0.09652524441480637,0.046309519559144974,0.05183940380811691,0.0036745984107255936,0.7741709351539612
0.01443078089505434,0.05121256411075592,0.10136900842189789,-0.09802541136741638,2.7571942806243896,3.548842192230806,1377.6546660749482,0.5387699007987976,0.3402565121650696,0.12043890357017517,0.05808547884225845,0.001305058947764337,0.412840873003006
0.012836982496082783,0.049056120216846466,0.09370869398117065,-0.05379364639520645,3.0821449756622314,3.8214681860004496,1595.3455715798968,0.42470940947532654,0.4336431920528412,0.14125514030456543,0.13882187008857727,0.0043328083120286465,0.19593556225299835
0.03885360807180405,0.06436730921268463,0.1240321695804596,-0.045030005276203156,1.7169188261032104,1.6566623385934431,526.2592576595966,0.9162898063659668,0.05338897928595543,0.030261892825365067,0.025162482634186745,0.00029673404060304165,0.8749198913574219
0.01767844147980213,0.05638248845934868,0.10903272032737732,-0.21250753104686737,2.5526468753814697,3.1893359219802906,1021.8934036711996,0.6972718834877014,0.21543708443641663,0.08715961873531342,0.08233629912137985,0.0030260933563113213,0.5673035383224487
0.01398202683776617,0.048647210001945496,0.08521746098995209,-0.1290106326341629,2.5412354469299316,3.4792673882635974,1108.5143201227388,0.650425374507904,0.25071799755096436,0.09827578812837601,0.061157554388046265,0.003165013622492552,0.5126622319221497
0.015163692645728588,0.043310947716236115,0.08492366969585419,-0.12776312232017517,2.463418960571289,2.8562269577245756,969.497079208745,0.7263101935386658,0.1938849687576294,0.07976376265287399,0.05090270936489105,0.003842361504212022,0.6201621294021606
0.020806051790714264,0.062114693224430084,0.11735685169696808,-0.14395512640476227,2.3280744552612305,2.985414717133716,760.4869814345759,0.8102918267250061,0.12737223505973816,0.06163180246949196,0.038861073553562164,0.0009148002718575299,0.7233516573905945
0.014898662455379963,0.04933163896203041,0.09338892251253128,-0.08690925687551498,2.8029088973999023,3.3111454874867254,1413.9389777378203,0.5064885020256042,0.3897329270839691,0.10336306691169739,0.10475417226552963,0.003317883936688304,0.29647600650787354
0.014182711020112038,0.0414636991918087,0.08155788481235504,-0.16972622275352478,2.598146915435791,2.9235383228274796,1036.2962054304714,0.6976754069328308,0.2045689970254898,0.09711740165948868,0.06869561970233917,0.0010012502316385508,0.5643455982208252
0.014131343923509121,0.05251362547278404,0.09796455502510071,-0.18028199672698975,2.9167416095733643,3.716109787810447,1305.2324641646455,0.5533776879310608,0.3387729525566101,0.10745317488908768,0.12025100737810135,0.0038432329893112183,0.36443546414375305
0.0222915168851614,0.05994613096117973,0.11695613712072372,-0.10899808257818222,2.1954312324523926,2.689190299041263,714.524167960386,0.8383108973503113,0.10651987791061401,0.05448161065578461,0.035717032849788666,0.0014338388573378325,0.769565761089325
0.01398283988237381,0.0465470589697361,0.08491823077201843,-0.173370823264122,2.946316957473755,3.3288701978975332,1389.099586275413,0.5267465114593506,0.35697802901268005,0.11598800867795944,0.11603929102420807,0.007306932471692562,0.30527448654174805
0.0198734849691391,0.05652027949690819,0.10274642705917358,-0.18206723034381866,2.2530336380004883,2.8440044401790994,655.6205593477924,0.8550742864608765,0.10035986453294754,0.044553276151418686,0.06385599076747894,0.0028801574371755123,0.7535226941108704
0.035862036049366,0.06421646475791931,0.12403217703104019,-0.033854566514492035,1.7249680757522583,1.790653064642824,476.86201225811214,0.9394276738166809,0.03855280578136444,0.021984167397022247,0.012737887911498547,0.0002089951594825834,0.9111869931221008
0.013354053720831871,0.048091255128383636,0.08792984485626221,-0.03079548291862011,2.900853157043457,3.601247690786331,1710.0747193770358,0.3850463628768921,0.48205164074897766,0.13286159932613373,0.13535824418067932,0.006343294866383076,0.16696704924106598
0.013880177401006222,0.047175709158182144,0.09271622449159622,-0.15482814610004425,2.869271755218506,3.3987828679598455,1749.2659558999505,0.37033432722091675,0.49126774072647095,0.13833126425743103,0.06089917942881584,0.0028742931317538023,0.20449869334697723
0.0180263202637434,0.05957569181919098,0.11626783758401871,-0.07566423714160919,2.814817428588867,3.30492806874798,1633.2959268936368,0.44657936692237854,0.40703073143959045,0.13773289322853088,0.07986486703157425,0.005243675317615271,0.29220759868621826
0.025555208325386047,0.06416615843772888,0.12400369346141815,-0.0669444277882576,2.1548967361450195,2.5108837939496107,651.8225634750272,0.854616641998291,0.1039310097694397,0.04126954823732376,0.029101405292749405,0.00045989741920493543,0.8003522753715515
0.013436262495815754,0.04279729723930359,0.08405633270740509,-0.044855423271656036,2.8179149627685547,3.185208479623413,1649.9973968336249,0.4091469943523407,0.46664202213287354,0.12413132935762405,0.06873567402362823,0.0016792366513982415,0.25798043608665466
0.020117439329624176,0.06421922892332077,0.122638039290905,-0.12694604694843292,2.536769151687622,3.192216855629422,993.5459960879648,0.6969972252845764,0.23421262204647064,0.06862150132656097,0.06723088026046753,0.0011609828798100352,0.5871301889419556
0.01612786576151848,0.061908330768346786,0.11449040472507477,-0.2076081782579422,2.7983052730560303,3.8385941252204083,1116.1151383358913,0.6520465016365051,0.2478577196598053,0.09948184341192245,0.07781895995140076,0.001236988347955048,0.5164621472358704
0.02177429012954235,0.05910101905465126,0.11009345948696136,-0.16362805664539337,2.2236242294311523,2.7142569838247668,686.0855434595865,0.844194769859314,0.10656138509511948,0.048510488122701645,0.03225162625312805,0.0026520229876041412,0.7829239964485168
0.021840721368789673,0.06408896297216415,0.11637867987155914,-0.18821312487125397,2.3047494888305664,2.934379404739475,673.1090529749791,0.849715530872345,0.10177543014287949,0.048235680907964706,0.05815929174423218,0.0010687216417863965,0.7624803781509399
0.02632879838347435,0.06384221464395523,0.1240321695804596,-0.13302940130233765,2.205491542816162,2.4248054814989928,619.3789844856778,0.870168924331665,0.08989430963993073,0.03985000029206276,0.044825416058301926,0.0024520205333828926,0.8001061081886292
0.01652546599507332,0.05608458071947098,0.09632526338100433,-0.18318045139312744,2.488386869430542,3.393827486183897,977.33009715197,0.710905909538269,0.20927856862545013,0.07972636073827744,0.08224552869796753,0.001791781047359109,0.5821245908737183
0.01992516778409481,0.061187367886304855,0.11435284465551376,-0.18356014788150787,2.4362967014312744,3.070858350918208,854.3202073597765,0.7702301740646362,0.1649206280708313,0.06413981318473816,0.07206659764051437,0.004059942439198494,0.6524471640586853
0.01271311566233635,0.04441080242395401,0.08416427671909332,-0.058085713535547256,2.7987544536590576,3.4933059369570088,1515.8636467958086,0.48807159066200256,0.3744232952594757,0.13747896254062653,0.13318651914596558,0.005058786831796169,0.24060535430908203
0.037885963916778564,0.06424964219331741,0.12403217703104019,-0.04384847730398178,1.7367463111877441,1.6958692758287535,473.6475096627877,0.9359250068664551,0.042084950953722,0.02198861539363861,0.023562254384160042,0.0005814003525301814,0.8990476131439209
0.020898476243019104,0.060578931123018265,0.11685316264629364,-0.13027247786521912,2.4568405151367188,2.8987247881459894,999.585113011159,0.7150179147720337,0.19867946207523346,0.08435780555009842,0.033855244517326355,0.0009468194330111146,0.6389600038528442
0.012816367670893669,0.04665854573249817,0.0872730016708374,-0.11442604660987854,2.997039556503296,3.640543633499255,1615.5158037193842,0.4298737347126007,0.4230339825153351,0.1470901221036911,0.13713106513023376,0.0035619218833744526,0.20682668685913086
0.014533638954162598,0.04936913028359413,0.09469851106405258,-0.10095767676830292,2.5962069034576416,3.3968870725288913,1043.4111499071796,0.7027013301849365,0.1965278685092926,0.10071506351232529,0.02278386987745762,0.0012406209716573358,0.60628741979599
0.03165008872747421,0.06455325335264206,0.1240321695804596,-0.0634041428565979,1.8760905265808105,2.039591544480136,487.895080866987,0.9321612119674683,0.04325973615050316,0.02441500686109066,0.024938782677054405,0.0004944111569784582,0.8892015814781189
0.018267471343278885,0.05704057589173317,0.11346936225891113,-0.222433939576149,2.4767568111419678,3.1225217117747106,853.6383292649376,0.7682274580001831,0.16629530489444733,0.06524574011564255,0.052598461508750916,0.0021244464442133904,0.6728357076644897
0.019808586686849594,0.05780772864818573,0.10644790530204773,-0.08678117394447327,2.2941880226135254,2.9183166653502073,775.4037430071598,0.809474527835846,0.12927177548408508,0.06123470887541771,0.01850936934351921,0.0005664866766892374,0.7619766592979431
0.031735457479953766,0.06415878981351852,0.1240321695804596,-0.0643262192606926,1.8974660634994507,2.0216752776298823,509.0128913897176,0.9220852851867676,0.05155758187174797,0.02620648592710495,0.018071534112095833,0.00017940124962478876,0.8878713846206665
0.027695786207914352,0.06364063918590546,0.1234973818063736,-0.0709427148103714,1.9500454664230347,2.297845553321814,520.5230689179685,0.9153910875320435,0.05669114738702774,0.027644775807857513,0.024897484108805656,0.001463125110603869,0.8694998025894165
0.013052175752818584,0.04252573847770691,0.08119350671768188,-0.0055211931467056274,2.919843912124634,3.258134067438178,1631.3563676863455,0.4213676154613495,0.4395027458667755,0.13912975788116455,0.12282053381204605,0.002838972257450223,0.2234840840101242
0.011717778630554676,0.04191381111741066,0.08174794912338257,-0.05178604647517204,3.0535123348236084,3.576941708434517,1939.212427416303,0.2731897830963135,0.5680970549583435,0.15704254806041718,0.10199814289808273,0.0007367698126472533,0.06146116554737091
0.020265357568860054,0.0640488862991333,0.1140000969171524,-0.179918110370636,2.4051003456115723,3.1605110385217645,830.8406005944488,0.7798911929130554,0.1604105681180954,0.05930919200181961,0.06430370360612869,0.0038651814684271812,0.6701663136482239
0.018909640610218048,0.05695798248052597,0.10681059956550598,-0.2693719267845154,2.4205641746520996,3.012113432062582,724.1449143643408,0.8276888132095337,0.11797784268856049,0.0535142719745636,0.05213914066553116,0.0006926778587512672,0.7421620488166809
0.037357397377491,0.06440719217061996,0.1240321695804596,-0.09442383050918579,1.8327655792236328,1.724081351762027,516.3837659229941,0.9172873497009277,0.053613580763339996,0.02894810028374195,0.03630572184920311,0.0014040793757885695,0.8661957383155823
0.02243301272392273,0.06285794079303741,0.11728160083293915,-0.09733951836824417,2.1161375045776367,2.8020284909482185,610.341225106058,0.8805041909217834,0.07839956134557724,0.041053369641304016,0.022873366251587868,0.00035638679401017725,0.8258385062217712
0.013516626320779324,0.047379713505506516,0.08921027183532715,-0.03236120566725731,2.9261109828948975,3.5052913632127005,1568.4359344059696,0.45032569766044617,0.43207070231437683,0.1168292760848999,0.11810846626758575,0.0009274801705032587,0.21668694913387299
0.020752830430865288,0.05846187099814415,0.11155723035335541,-0.0909014344215393,2.3335509300231934,2.817055301930183,802.8736076735818,0.7930854558944702,0.1447361409664154,0.06139235943555832,0.024244479835033417,0.000873783603310585,0.735751748085022
0.013539719395339489,0.04778902605175972,0.08277591317892075,-0.21970316767692566,2.7991244792938232,3.529543312742482,1310.7202095238547,0.5672284960746765,0.3220599591732025,0.11060809344053268,0.10140357911586761,0.0019332474330440164,0.38918158411979675
0.01416665967553854,0.04680776223540306,0.09170076251029968,-0.03926188498735428,2.932539939880371,3.304078964565061,1701.011344704896,0.41119998693466187,0.430009126663208,0.1562085747718811,0.09675143659114838,0.0032289938535541296,0.21864330768585205
0.014024795033037663,0.046987228095531464,0.08378666639328003,-0.1703455150127411,2.72355580329895,3.3502969548927584,1255.6004574750104,0.5755113363265991,0.3321180045604706,0.0923539325594902,0.1406194120645523,0.005396426655352116,0.3397733271121979
0.015225331299006939,0.053538769483566284,0.0889059379696846,-0.30680587887763977,2.726738452911377,3.516427224381113,1070.079893357024,0.6755958199501038,0.23901523649692535,0.08538641780614853,0.08042030781507492,0.0023607201874256134,0.5191397070884705
0.0151527663692832,0.049319665879011154,0.0968630462884903,-0.1724245250225067,2.8142874240875244,3.2548291627946075,1361.1491122663679,0.542244017124176,0.33443835377693176,0.12121075391769409,0.09387727826833725,0.0010538960341364145,0.3749329447746277
0.023059286177158356,0.06283120810985565,0.11823230981826782,-0.03938577324151993,1.972664475440979,2.7247681313469743,609.6713609792395,0.8815184235572815,0.07758202403783798,0.04082641378045082,0.013050111010670662,0.00026542754494585097,0.8480461835861206
0.02211707830429077,0.06417004019021988,0.11751525104045868,-0.1431361734867096,2.2333035469055176,2.901379617346173,643.0322736159978,0.863227128982544,0.09297356009483337,0.04247136041522026,0.05879006162285805,0.002336778910830617,0.7791146636009216
0.03542226180434227,0.06413449347019196,0.12403217703104019,-0.06677980720996857,1.859919786453247,1.8105702516297082,501.7401953711731,0.9193946123123169,0.05650245398283005,0.023992346599698067,0.03297482803463936,0.00025315393577329814,0.8671241998672485
0.01649453304708004,0.05369758605957031,0.1013558954000473,-0.07066408544778824,2.676638603210449,3.255477793948262,1399.835768172072,0.5265331268310547,0.3544382154941559,0.1164156049489975,0.09505505859851837,0.002451992826536298,0.3392573595046997
0.025735022500157356,0.06399882584810257,0.1219678670167923,-0.1290661245584488,2.1557557582855225,2.486837765353592,601.2749910111022,0.8790836334228516,0.08292722702026367,0.037235140800476074,0.03724648803472519,0.0017827000701799989,0.82347571849823
0.025159936398267746,0.06006893143057823,0.11922295391559601,-0.04219124838709831,1.9302895069122314,2.387483437053779,580.7789448805511,0.888881504535675,0.07719502598047256,0.033885642886161804,0.010226301848888397,0.0004239304980728775,0.8562227487564087
0.01463254913687706,0.048713743686676025,0.09156491607427597,-0.11349136382341385,2.8619091510772705,3.32913583461532,1407.174008948108,0.5203849077224731,0.36265015602111816,0.11628081649541855,0.05849596858024597,0.003194553079083562,0.390055775642395
0.01701032742857933,0.051060501486063004,0.0965813547372818,-0.08598370850086212,2.3867366313934326,3.0017353691424944,909.0426073295287,0.7539905905723572,0.16616666316986084,0.07984130829572678,0.027510879561305046,0.0006853461381979287,0.6837140321731567
0.02577904425561428,0.06433700025081635,0.11949305236339569,-0.13865140080451965,2.0686187744140625,2.4957092904756943,566.3494614902493,0.8965128064155579,0.06911158561706543,0.03382745757699013,0.03318392485380173,0.0019486405653879046,0.8384647965431213
0.0238534864038229,0.06227884069085121,0.11873786151409149,-0.13275861740112305,2.197608709335327,2.610890485101547,609.2040207757902,0.8730042576789856,0.0884069949388504,0.03801219165325165,0.05612197145819664,0.0025778701528906822,0.788515567779541
0.022396903485059738,0.06152507662773132,0.11403462290763855,-0.10428355634212494,2.1850481033325195,2.7470349490957853,667.8551185634356,0.8484368920326233,0.10891596972942352,0.042161691933870316,0.03740822523832321,0.001444684574380517,0.7785933017730713
0.014990583062171936,0.0508897565305233,0.1009850949048996,-0.2635454833507538,2.729886770248413,3.394781665000512,1063.3474168744503,0.6627886891365051,0.24375265836715698,0.09247320890426636,0.11768558621406555,0.004469584673643112,0.4912637174129486
0.013085626997053623,0.04167097061872482,0.08263993263244629,-0.012345151975750923,2.8531625270843506,3.1844840621640085,1657.3057814390602,0.4065704643726349,0.4482090473175049,0.14521735906600952,0.14753659069538116,0.0038115985225886106,0.15784341096878052
0.01704346016049385,0.05203726515173912,0.0971267968416214,-0.18300680816173553,2.5960283279418945,3.053210126269224,1165.6034922699712,0.6351085305213928,0.2682747542858124,0.09485068172216415,0.057880766689777374,0.0018498494755476713,0.5228713154792786
0.013577766716480255,0.0478232316672802,0.09351581335067749,-0.03993133828043938,3.1176624298095703,3.522172140850802,1816.9953888746807,0.335334837436676,0.5231825709342957,0.1414141207933426,0.08801102638244629,0.00199056975543499,0.16188471019268036
0.030226480215787888,0.06382226198911667,0.1240321695804596,-0.08854971081018448,1.9449142217636108,2.111468537897098,513.0970550938656,0.9169897437095642,0.05536884814500809,0.02746529132127762,0.046730440109968185,0.0008818555506877601,0.8521078824996948
0.03143787011504173,0.0641050860285759,0.1240321695804596,-0.11808609962463379,1.9429188966751099,2.039103978480563,528.650750758104,0.9089756011962891,0.06488693505525589,0.026004333049058914,0.028088275343179703,0.0012814203510060906,0.8641427159309387
0.014333597384393215,0.047884415835142136,0.08930705487728119,0.014032596722245216,2.474107503890991,3.34071165441965,1075.0533136021547,0.6856318712234497,0.20853768289089203,0.10583049803972244,0.004056416451931,0.00163325818721205,0.5977349281311035
0.017131835222244263,0.06070978194475174,0.1181158572435379,-0.20604029297828674,2.6906936168670654,3.543682340720944,954.6654286754517,0.7302125096321106,0.1869450956583023,0.08181436359882355,0.04113016650080681,0.0008364503155462444,0.6572281122207642
0.027107538655400276,0.05996965989470482,0.11771348118782043,0.004950505215674639,1.824781060218811,2.212287166859599,579.4612126547461,0.8973691463470459,0.06728258728981018,0.035345498472452164,0.0005417309585027397,0.0007628799648955464,0.8749895691871643
0.014787915162742138,0.05621718242764473,0.09488639235496521,-0.10378862172365189,2.7979557514190674,3.801562411277639,1249.530257102456,0.5799254179000854,0.3146407902240753,0.1041090115904808,0.12331563234329224,0.0029324477072805166,0.3536245822906494
0.01919063739478588,0.05936754122376442,0.11025848984718323,-0.1380607783794403,2.230726480484009,3.0935679727240895,710.219991892603,0.8380351066589355,0.11268330365419388,0.048914648592472076,0.021188007667660713,0.0004330165102146566,0.7945901155471802
0.018670912832021713,0.058091048151254654,0.11450755596160889,-0.13432693481445312,2.6756014823913574,3.1113126964265927,1119.9306728453716,0.6529110074043274,0.2589837610721588,0.08676334470510483,0.08469642698764801,0.004049681592732668,0.5109661221504211
0.012064451351761818,0.04055887833237648,0.08047643303871155,-0.08364967256784439,2.8431525230407715,3.361850211538352,1575.8090134409017,0.44711437821388245,0.42410314083099365,0.12753698229789734,0.16023065149784088,0.0016705435700714588,0.20156049728393555
0.020853407680988312,0.06474503129720688,0.11683866381645203,-0.14778625965118408,2.2905426025390625,3.1047698431143718,714.9659108516283,0.8392699956893921,0.10565148293972015,0.05494954064488411,0.04246395826339722,0.0012530444655567408,0.7623173594474792
0.013068145141005516,0.04748742654919624,0.0932280421257019,-0.11428873240947723,3.05907940864563,3.6338306648091403,1878.3423250728856,0.3389110565185547,0.4987676441669464,0.16192187368869781,0.09642960876226425,0.003800654783844948,0.11938720941543579
0.01375315897166729,0.05261283740401268,0.10426755994558334,-0.07288921624422073,3.1715893745422363,3.8255092890712756,1764.243267320891,0.35455599427223206,0.4910415709018707,0.15404942631721497,0.11666517704725266,0.005058418959379196,0.13951127231121063
0.013840300031006336,0.04199531301856041,0.08182477951049805,-0.17385442554950714,2.6601274013519287,3.034277647265182,1252.4050671972773,0.5953874588012695,0.29190224409103394,0.11230655014514923,0.09285613894462585,0.0018233121372759342,0.4270099699497223
0.013052834197878838,0.04644876345992088,0.08598840236663818,-0.07312143594026566,2.9569485187530518,3.558519379945128,1724.7709958519565,0.38057929277420044,0.4812263548374176,0.13804982602596283,0.14229640364646912,0.0038052054587751627,0.14689941704273224
0.01225969847291708,0.048976194113492966,0.08676095306873322,-0.08054725080728531,3.0786099433898926,3.9948938562960143,1634.9615772937627,0.41483643651008606,0.4512648582458496,0.13389596343040466,0.11564838886260986,0.000444287114078179,0.22752037644386292
0.022953014820814133,0.06148143485188484,0.1117015853524208,-0.15584008395671844,2.1466333866119385,2.678577752385451,606.315586352867,0.8794022798538208,0.08269918709993362,0.03784912824630737,0.03403060883283615,0.0007326938211917877,0.8218629956245422
0.014130163006484509,0.046895820647478104,0.09076817333698273,0.04950692877173424,2.716594934463501,3.3188449859098,1249.0371185561432,0.5831202864646912,0.31839248538017273,0.0979800894856453,0.05810914188623428,0.0006082576583139598,0.44719865918159485
0.013616425916552544,0.045102208852767944,0.08929400146007538,-0.020359523594379425,3.059264659881592,3.3123382836187565,1945.9150269257643,0.26237180829048157,0.6033093929290771,0.13423509895801544,0.1113450676202774,0.0009176141466014087,0.08020706474781036
0.013382749632000923,0.03998680040240288,0.0795985534787178,-0.0878460556268692,2.8571949005126953,2.9879360743473993,1476.2980645752277,0.4761444628238678,0.38601377606391907,0.13780711591243744,0.14958104491233826,0.00121580611448735,0.2398635745048523
0.026262985542416573,0.06426165997982025,0.1215335801243782,-0.14315961301326752,2.086825370788574,2.446852810149337,567.3286182847115,0.9007894992828369,0.061737339943647385,0.03678356111049652,0.0242486372590065,0.0016425980720669031,0.8533533215522766
0.01618216559290886,0.05579046532511711,0.1087273508310318,-0.1520945429801941,2.9279279708862305,3.447651366645095,1836.4030386619547,0.3556624948978424,0.471878319978714,0.1625775396823883,0.056367091834545135,0.003950684797018766,0.20956198871135712
0.01353891845792532,0.04842877760529518,0.09320175647735596,-0.12669549882411957,2.9965314865112305,3.577004895348141,1469.3877251440501,0.5075067281723022,0.35949862003326416,0.13292691111564636,0.10059427469968796,0.0029677606653422117,0.3257582187652588
0.03458189219236374,0.06403414160013199,0.1240321695804596,-0.073532834649086,1.8945462703704834,1.8516667983951478,522.5089379922355,0.9156605005264282,0.054313257336616516,0.029567304998636246,0.042806241661310196,0.0017533722566440701,0.8563416004180908
0.014943305402994156,0.05733343958854675,0.10906568169593811,-0.06173475831747055,2.899275302886963,3.8367307659537127,1741.4483160867633,0.3760848641395569,0.4841856360435486,0.13962259888648987,0.11907796561717987,0.005244627129286528,0.17130041122436523
0.015125559642910957,0.05085671320557594,0.09224018454551697,-0.14188972115516663,2.4776923656463623,3.362302909965328,994.2125283491631,0.6916878819465637,0.23092220723628998,0.07725949585437775,0.09959271550178528,0.005597028881311417,0.5166538953781128
0.020744945853948593,0.06409454345703125,0.11926297843456268,-0.19754399359226227,2.495084524154663,3.0896462157669045,955.7984595469179,0.7153881192207336,0.21261370182037354,0.07159332185983658,0.0630190372467041,0.002772378036752343,0.612005889415741
0.016215385869145393,0.053446877747774124,0.09161333739757538,-0.17129631340503693,2.3713037967681885,3.2960595681029514,865.1803072373528,0.7695167660713196,0.15975965559482574,0.07072365283966064,0.03960051387548447,0.0009411965729668736,0.6792719960212708
0.014885599724948406,0.04576662555336952,0.08869326114654541,-0.1746426224708557,2.666978120803833,3.074557048151017,1209.0119605006832,0.6063476800918579,0.29929566383361816,0.09421031922101974,0.09611330926418304,0.002265411429107189,0.4494278132915497
0.01585213653743267,0.05035374313592911,0.0983646884560585,-0.1254262924194336,2.7813303470611572,3.176464132380459,1250.4426151638347,0.5926262736320496,0.304124653339386,0.1031985655426979,0.10723859816789627,0.005229686386883259,0.39830338954925537
0.024007758125662804,0.06420502066612244,0.11776231229305267,-0.07227331399917603,2.082972764968872,2.674344698383849,622.9989217743823,0.8772819638252258,0.08068914711475372,0.041500333696603775,0.014972294680774212,0.0004972313763573766,0.8324551582336426
0.016865812242031097,0.05483799800276756,0.09967797994613647,-0.13966186344623566,2.6310958862304688,3.251429413097283,1031.5249905702356,0.6861984133720398,0.23217737674713135,0.08139825612306595,0.0668010413646698,0.0010498207993805408,0.5512357950210571
0.01721401885151863,0.053294841200113297,0.09894876182079315,-0.13300280272960663,2.4784152507781982,3.096013874314747,956.8903562512188,0.7258355617523193,0.1947428435087204,0.07923875004053116,0.06410793215036392,0.0026565412990748882,0.6152188777923584
0.014241845346987247,0.04571736603975296,0.08850818127393723,-0.11917538195848465,2.759552240371704,3.210073197867862,1201.077821598253,0.6028537750244141,0.30771660804748535,0.08915157616138458,0.12979160249233246,0.0030368806328624487,0.3827057182788849
0.012919479049742222,0.04584682732820511,0.08610361814498901,-0.1191730722784996,2.846649408340454,3.548659133091842,1510.2678405409695,0.47103622555732727,0.4144120514392853,0.11441350728273392,0.10775742679834366,0.0038324897177517414,0.22834257781505585
0.023615993559360504,0.06249300390481949,0.11988742649555206,-0.14889571070671082,2.20786452293396,2.646215317813862,655.0792339356266,0.857697069644928,0.09853699058294296,0.04286493360996246,0.03992629051208496,0.000976105104200542,0.7970421314239502
0.020125506445765495,0.05363352969288826,0.10485059022903442,-0.06280867755413055,2.1499381065368652,2.6649530452689834,675.8720371193954,0.8510831594467163,0.10268986225128174,0.0462258979678154,0.035155151039361954,0.00055088778026402,0.7870400547981262
0.01365908607840538,0.04976664111018181,0.0944516509771347,-0.08972624689340591,2.776761293411255,3.643482501015785,1382.6443736382246,0.5312327146530151,0.3507387340068817,0.11752016097307205,0.11961251497268677,0.0033268495462834835,0.3269418179988861
0.019143933430314064,0.06468091160058975,0.1240321695804596,-0.10705050081014633,2.9020419120788574,3.3786636290110614,1842.8148215532979,0.37707021832466125,0.4389140009880066,0.16879715025424957,0.06569622457027435,0.002899219049140811,0.2405482977628708
0.024149613454937935,0.06440439075231552,0.1199643462896347,-0.18101656436920166,2.270900249481201,2.6668911645241966,625.9271391907606,0.8569507598876953,0.10673331469297409,0.036018192768096924,0.051461827009916306,0.0028001738246530294,0.7820708155632019
0.026775216683745384,0.0616634301841259,0.12106325477361679,-0.06162460148334503,1.9758083820343018,2.303003964829063,563.0308534827659,0.9007403254508972,0.06425672024488449,0.03478141874074936,0.02435101568698883,0.0006456667324528098,0.8613474369049072
0.01306611392647028,0.04960862174630165,0.08730247616767883,-0.030499648302793503,2.904412031173706,3.7967388024992017,1759.0189509849624,0.37179309129714966,0.48917651176452637,0.138963982462883,0.10113608837127686,0.0016386955976486206,0.14013555645942688
0.0309599619358778,0.06411532312631607,0.12403217703104019,-0.07145997881889343,1.9162036180496216,2.070910915751012,533.9641856147175,0.9117845296859741,0.05931457132101059,0.028264692053198814,0.010683391243219376,0.00040416288538835943,0.8853691816329956
0.01219877414405346,0.046020545065402985,0.08933527767658234,-0.01979948952794075,3.21057391166687,3.7725548910227245,1929.6760187017671,0.2797544300556183,0.5429552793502808,0.17686229944229126,0.151443749666214,0.0032250192016363144,0.05823581665754318
0.01461414061486721,0.045608505606651306,0.08916465938091278,-0.1249619573354721,2.686572313308716,3.120847595864252,1256.166961659927,0.603270947933197,0.28152287006378174,0.11510835587978363,0.05256698280572891,0.0019507725955918431,0.49536702036857605
0.01714920625090599,0.05351699888706207,0.09873360395431519,-0.16522470116615295,2.4350368976593018,3.120669149402417,768.2078755853561,0.8062564134597778,0.1354929506778717,0.058110274374485016,0.03697340190410614,0.0010794535046443343,0.7284980416297913
0.014517487026751041,0.05498937517404556,0.10271899402141571,-0.06777682900428772,2.8535494804382324,3.787802604467984,1547.0321163876429,0.43561235070228577,0.4450984597206116,0.11899418383836746,0.11006234586238861,0.002459673210978508,0.23865510523319244
0.018504515290260315,0.05296412110328674,0.10042963922023773,-0.07956095039844513,2.248913288116455,2.8622268819060452,768.5940235448401,0.8080781102180481,0.13005802035331726,0.06184324249625206,0.022521350532770157,0.0007158195367082953,0.7598222494125366
0.012810979969799519,0.044888559728860855,0.08750638365745544,-0.2183649241924286,2.90742826461792,3.503913036409143,1462.6227768936094,0.48795127868652344,0.3843732178211212,0.12715786695480347,0.08958787471055984,0.0002591744705568999,0.29780665040016174
0.0136198028922081,0.04756578803062439,0.09017497301101685,-0.07952463626861572,3.215954542160034,3.4923991487677415,2055.2105592033136,0.26821643114089966,0.5306715965270996,0.1951393336057663,0.08599119633436203,0.0065688276663422585,0.10572579503059387
0.015751264989376068,0.05439545586705208,0.10499599575996399,-0.02093736082315445,2.9185781478881836,3.4534023711928783,1564.9071113222053,0.4601522982120514,0.41930127143859863,0.12042438238859177,0.11033130437135696,0.005431421101093292,0.2453695684671402
0.01598258502781391,0.045420967042446136,0.08527497202157974,-0.06569226831197739,2.3360137939453125,2.8419036695603235,871.6571189450509,0.7712989449501038,0.15392440557479858,0.07457498461008072,0.028598392382264137,0.00015760060341563076,0.680575430393219
0.01286708377301693,0.041932348161935806,0.08235117793083191,-0.0746878981590271,2.8073627948760986,3.258885144325527,1492.1686404925736,0.504325807094574,0.3561447858810425,0.13942009210586548,0.06619825214147568,0.0010742188896983862,0.34721511602401733
0.03730716556310654,0.06419456750154495,0.12403217703104019,-0.07237392663955688,1.7701159715652466,1.7207034233473626,468.5719405847775,0.9381036758422852,0.04142649471759796,0.020310048013925552,0.02797929383814335,0.002014710335060954,0.8944280743598938
0.013503042981028557,0.05903893709182739,0.10573947429656982,0.009456580504775047,2.957102060317993,4.372269063381,1706.0573468699988,0.37211617827415466,0.49373140931129456,0.13393156230449677,0.09661328792572021,0.0013877734309062362,0.154128760099411
0.012952308170497417,0.046175550669431686,0.09080520272254944,0.07838477939367294,2.9902350902557373,3.5650441649500473,2029.8007491458995,0.24423396587371826,0.5770095586776733,0.178440123796463,0.08784546703100204,0.0072548058815300465,0.06281623244285583
0.02330567128956318,0.059782207012176514,0.11847495287656784,-0.0739816352725029,2.0764665603637695,2.5651355958316997,607.3606726810955,0.8815615773200989,0.07913768291473389,0.03921756148338318,0.022158386185765266,0.0008026319555938244,0.8376597166061401
0.01301502250134945,0.05338364094495773,0.10186274349689484,-0.07659682631492615,3.030625820159912,4.101694095059844,1623.2181181142846,0.4243692457675934,0.43567582964897156,0.13964566588401794,0.10936853289604187,0.0028937719762325287,0.22796228528022766
0.02664897032082081,0.06404580920934677,0.1240321695804596,-0.12482575327157974,2.162543773651123,2.4033127147469764,657.915682964796,0.8531791567802429,0.1038137823343277,0.04266546666622162,0.05254619941115379,0.0014293978456407785,0.7724432349205017
0.015451391227543354,0.053177546709775925,0.0977540835738182,-0.12336637824773788,2.729891061782837,3.4416025018861114,1293.5339273670413,0.5614230036735535,0.3308829963207245,0.10748491436243057,0.11113625019788742,0.0002049181202892214,0.3801913559436798
0.01972532644867897,0.051676176488399506,0.1019233763217926,-0.08354945480823517,2.1373939514160156,2.6197881500329006,703.0549886451979,0.8453340530395508,0.09902366250753403,0.05558108165860176,0.023575393483042717,0.0005337245529517531,0.7730900645256042
0.028242621570825577,0.06442375481128693,0.1240321695804596,-0.14920179545879364,2.0423009395599365,2.2810826766717405,574.1874892546316,0.8943738341331482,0.06901225447654724,0.03659811243414879,0.031509771943092346,0.001380409114062786,0.8433999419212341
0.01465202309191227,0.048839639872312546,0.09508012235164642,-0.08349702507257462,2.986945152282715,3.3333035009983094,1576.9016019388544,0.43892237544059753,0.43339741230010986,0.1275741308927536,0.10420436412096024,0.005829231347888708,0.2258349359035492
0.014005221426486969,0.05108899623155594,0.09088543057441711,-0.15264825522899628,2.7811176776885986,3.6478535163526584,1329.2798580444446,0.5799697637557983,0.28843364119529724,0.13154053688049316,0.06813140213489532,0.00015022662410046905,0.43831515312194824
0.030352359637618065,0.0644598975777626,0.1240321695804596,-0.12182055413722992,1.9815914630889893,2.1237194849176957,514.7096385856707,0.915509045124054,0.05773767828941345,0.0264151468873024,0.03759252652525902,0.001302908407524228,0.8604438900947571
0.029517807066440582,0.06419450789690018,0.12403217703104019,-0.06396597623825073,1.9428985118865967,2.1747722569712673,503.39066422074234,0.9214347004890442,0.05188516899943352,0.026524126529693604,0.03553776815533638,0.001010786509141326,0.8678308129310608
0.015407515689730644,0.05302932485938072,0.09531812369823456,-0.13685084879398346,2.6487948894500732,3.441782953450687,1143.2054530481153,0.6440200805664062,0.2553486227989197,0.1003083735704422,0.05209392309188843,0.0013946167891845107,0.5430394411087036
0.012841206043958664,0.038695789873600006,0.0749097466468811,-0.14125917851924896,2.644836187362671,3.0134077545458906,1338.3604838469046,0.5719378590583801,0.30545929074287415,0.12203088402748108,0.08103838562965393,0.00010027475946117193,0.3970825672149658
0.014656942337751389,0.04886225238442421,0.09492877870798111,-0.03805970773100853,2.770082950592041,3.3337275439255594,1758.7055131362956,0.375073105096817,0.46128904819488525,0.1623251736164093,0.07894609123468399,0.0016723490552976727,0.1902851164340973
0.01323073823004961,0.04803779348731041,0.09004564583301544,-0.12455704808235168,2.7759664058685303,3.630771968156422,1158.5870311827866,0.6406974196434021,0.2541957497596741,0.10348344594240189,0.017474787309765816,0.001352801569737494,0.554054856300354
0.012638784013688564,0.05141370743513107,0.09791460633277893,-0.008498473092913628,2.92880916595459,4.06793148576469,1806.1706448728253,0.3686147630214691,0.46126240491867065,0.170113667845726,0.09996719658374786,0.002083391649648547,0.14533701539039612
0.039431918412446976,0.06474944949150085,0.1240321695804596,-0.10503295809030533,1.7412270307540894,1.642056792991846,486.64468448530477,0.9310745000839233,0.04373069480061531,0.024957388639450073,0.027751239016652107,0.0015220765490084887,0.8893061876296997
0.025950929149985313,0.06434179097414017,0.12403217703104019,-0.07057090103626251,2.0424413681030273,2.479363671327245,574.2495453090071,0.8992633819580078,0.06321574747562408,0.03736235573887825,0.025859111919999123,0.00061674794415012,0.853691816329956
0.012774723581969738,0.040539536625146866,0.07616005837917328,-0.16649900376796722,2.748488187789917,3.173417910912061,1300.163529604715,0.5744490623474121,0.30992475152015686,0.11503273248672485,0.04806721955537796,0.008431058377027512,0.40762460231781006
0.014250495471060276,0.06324843317270279,0.10466444492340088,-0.040734998881816864,3.0669610500335693,4.438332217761029,1804.3704471083965,0.36927682161331177,0.4756408631801605,0.14913123846054077,0.09581826627254486,0.0007833082345314324,0.1857125610113144
0.017739105969667435,0.046324215829372406,0.09226351976394653,-0.07076792418956757,2.2173140048980713,2.6114177290542147,764.464644504248,0.8145676851272583,0.12227985262870789,0.06310105323791504,0.027442585676908493,0.0011225207708775997,0.7430601716041565
0.014060713350772858,0.04694168269634247,0.08852937817573547,-0.2318263053894043,2.7957921028137207,3.33849937211214,1308.2190328257168,0.5578458309173584,0.32381007075309753,0.11794523894786835,0.1441764235496521,0.006151033565402031,0.31259384751319885
0.015816951170563698,0.05718652158975601,0.09989067912101746,-0.07091795653104782,2.768975257873535,3.6155211563507934,1334.29192179046,0.5520345568656921,0.3472543954849243,0.10000386089086533,0.10379304736852646,0.004575906787067652,0.3484876751899719
0.03663697838783264,0.06375990062952042,0.12403217703104019,-0.02887727878987789,1.791878581047058,1.7403154799729648,505.5171300886327,0.9219940900802612,0.054377492517232895,0.023585602641105652,0.012232018634676933,0.0004873211437370628,0.8936387896537781
0.026813749223947525,0.059180956333875656,0.1165078729391098,-0.02677270397543907,1.8526774644851685,2.207112322763639,524.9062715283204,0.9187270998954773,0.051809098571538925,0.029453933238983154,0.014058561064302921,0.00015525845810770988,0.8870388865470886
0.019142750650644302,0.05287652090191841,0.10274757444858551,-0.03735059127211571,2.1132116317749023,2.762221681938718,672.0381895831737,0.8537817597389221,0.1002596840262413,0.04595579952001572,0.02530623786151409,0.0015887594781816006,0.7951712012290955
0.013941147364675999,0.043732888996601105,0.08487571775913239,0.019218875095248222,2.9710683822631836,3.1369648314796734,1615.2728455454787,0.43365010619163513,0.43359559774398804,0.13236436247825623,0.12207051366567612,0.011042105033993721,0.19816794991493225
0.03126344829797745,0.06400419771671295,0.12403217703104019,-0.047313492745161057,1.9382829666137695,2.047253300551826,592.437195387575,0.8876122832298279,0.07423011213541031,0.03795706853270531,0.027446206659078598,0.0001691180223133415,0.845614492893219
0.01326887309551239,0.04422036558389664,0.08662565052509308,-0.03011828474700451,2.985311508178711,3.33263912181959,1775.408668291369,0.34395158290863037,0.5071044564247131,0.14888139069080353,0.13044598698616028,0.006799040827900171,0.15044023096561432
0.021786363795399666,0.05943355709314346,0.10734215378761292,-0.12724405527114868,2.0820565223693848,2.728016370632957,583.8350109943809,0.8892224431037903,0.0729406401515007,0.037825893610715866,0.029259050264954567,0.000796090520452708,0.8328437209129333
0.016266923397779465,0.05052891746163368,0.09933687746524811,-0.21791201829910278,2.617664098739624,3.106236884684965,1133.5029445066873,0.6490083336830139,0.2528320550918579,0.09580180794000626,0.07765761017799377,0.0011697885347530246,0.5347885489463806
0.016413381323218346,0.04832381382584572,0.09380312263965607,-0.12229258567094803,2.4351861476898193,2.9441717627398782,914.2098749319146,0.7510235905647278,0.17186179757118225,0.07708155363798141,0.04535559192299843,0.0008802656666375697,0.6525964140892029
0.014079215936362743,0.06439926475286484,0.10610071569681168,-0.09228835999965668,3.1158242225646973,4.574066129773972,1645.3817266206565,0.41618862748146057,0.45598775148391724,0.12781548500061035,0.10208510607481003,0.006151472683995962,0.22133418917655945
0.011659357696771622,0.04364798963069916,0.08521243929862976,0.003516334341838956,3.011303663253784,3.743601556974388,1748.4981718663626,0.3784084916114807,0.4603043794631958,0.16121771931648254,0.14450721442699432,0.00408289534971118,0.0887962132692337
0.016768280416727066,0.05703255534172058,0.10527754575014114,-0.25526073575019836,2.6950652599334717,3.4012166972963427,1126.2043403786024,0.6439346075057983,0.26821157336235046,0.08785378932952881,0.0998573899269104,0.003677671542391181,0.46985310316085815
0.012248869054019451,0.04750330373644829,0.08786028623580933,-0.04340498521924019,2.9747092723846436,3.878178754550565,1872.7779788373323,0.31424006819725037,0.5381567478179932,0.14755874872207642,0.11681605875492096,0.008798391558229923,0.10963315516710281
0.017227254807949066,0.05856603756546974,0.10696126520633698,-0.18957281112670898,2.787059783935547,3.3996152152487094,1214.9164287034275,0.600214421749115,0.3027510941028595,0.09693724662065506,0.08243569731712341,0.0015653060982003808,0.46929657459259033
0.029296347871422768,0.06424770504236221,0.1240321695804596,-0.10799018293619156,2.005352258682251,2.19302779043117,520.9255369246426,0.9147538542747498,0.05601078271865845,0.029086977243423462,0.038516633212566376,0.0013592882314696908,0.859997570514679
0.012463899329304695,0.04630279913544655,0.08748288452625275,-0.09901802986860275,2.885308265686035,3.7149529138819366,1444.185581919188,0.48586341738700867,0.38377976417541504,0.12888406217098236,0.1711338311433792,0.001827262924052775,0.2161688655614853
0.019363921135663986,0.05787661299109459,0.11377893388271332,-0.22643601894378662,2.553659200668335,2.9888891089062537,938.246202876792,0.7436951994895935,0.17242951691150665,0.08380871266126633,0.06159812957048416,0.0013102414086461067,0.6373121738433838
0.013826008886098862,0.04097013920545578,0.08111833035945892,-0.16178840398788452,2.698491334915161,2.9632657942007605,1199.2343108393238,0.6097019910812378,0.2789773643016815,0.11079065501689911,0.09858449548482895,0.002050320617854595,0.44932660460472107
0.017418168485164642,0.0509786531329155,0.09776493906974792,-0.2168482095003128,2.4483180046081543,2.92675163714303,881.8468803244888,0.7592854499816895,0.16858027875423431,0.07189454883337021,0.05051945149898529,0.0010458244942128658,0.6700925827026367
0.013068819418549538,0.042897772043943405,0.08549820631742477,-0.19436527788639069,2.8394882678985596,3.282451969592065,1355.2625921941587,0.5339178442955017,0.34695735573768616,0.11898848414421082,0.14377722144126892,0.0019321076106280088,0.3101421296596527
0.016193430870771408,0.05944141373038292,0.10517069697380066,-0.0965660959482193,2.6921098232269287,3.670711549706365,1279.1944402808824,0.5737877488136292,0.3310371935367584,0.0938010886311531,0.10368415713310242,0.0037643599789589643,0.3830117881298065
0.013629958964884281,0.043656352907419205,0.08546308428049088,-0.08718015998601913,2.815793037414551,3.2029702375987217,1520.4231831714221,0.471343070268631,0.3863970935344696,0.13877412676811218,0.13248945772647858,0.0038854561280459166,0.25998997688293457
0.011615040712058544,0.04376557841897011,0.08102147281169891,-0.1045709028840065,2.8992226123809814,3.768009041050144,1653.0980237063582,0.4205667972564697,0.4289590120315552,0.15043947100639343,0.033915482461452484,0.00318930228240788,0.26385292410850525
0.026826219633221626,0.06173841282725334,0.12189517170190811,-0.06094209477305412,2.061063766479492,2.3014205381549546,622.6243631304789,0.8691787123680115,0.0936683863401413,0.03710370883345604,0.03339199721813202,0.0011484615970402956,0.8125725388526917
0.018270429223775864,0.052300069481134415,0.1045089140534401,-0.05349665880203247,2.381704807281494,2.8625528627544337,805.4365761707844,0.783390462398529,0.1578291952610016,0.05877498537302017,0.04316700994968414,0.001342517207376659,0.6989200711250305
0.01669437810778618,0.05609811097383499,0.1057826578617096,0.12240085005760193,2.8820881843566895,3.3602995336682118,1646.7262218137057,0.42631569504737854,0.42204564809799194,0.1485070288181305,0.08197743445634842,0.0010065172100439668,0.2608717083930969
0.019354311749339104,0.055469222366809845,0.10759355127811432,-0.13345985114574432,2.477069616317749,2.865987852336727,975.8914364246631,0.7165120840072632,0.20560000836849213,0.07718421518802643,0.043058156967163086,0.0020886778365820646,0.6369354128837585
0.02295594848692417,0.0640004500746727,0.1227467954158783,-0.14036023616790771,2.3392224311828613,2.787968012227407,904.5247447146002,0.7454588413238525,0.18324992060661316,0.07099132239818573,0.048170968890190125,0.001723306137137115,0.6628980040550232
0.013643627054989338,0.04280466586351395,0.08420469611883163,-0.15617436170578003,2.588168144226074,3.1373377246282446,1189.8114602169987,0.6323859691619873,0.2659517824649811,0.10157474130392075,0.07125617563724518,0.00419175811111927,0.48516494035720825
0.016712624579668045,0.055524908006191254,0.09991282224655151,-0.27628374099731445,2.636584997177124,3.3223332300791615,978.5492282544529,0.7005467414855957,0.2238083779811859,0.07551075518131256,0.09318757057189941,0.002424683654680848,0.5602975487709045
0.02862444892525673,0.06450419872999191,0.1240321695804596,-0.11625801026821136,1.966884732246399,2.253465172243833,526.2824637749421,0.9119167923927307,0.058175887912511826,0.02949622832238674,0.03977330029010773,0.0019557145424187183,0.8554428815841675
0.01323432195931673,0.044936928898096085,0.08416105806827545,-0.10747180879116058,2.9373342990875244,3.395484032566231,1336.8317956967005,0.5626096129417419,0.3033354878425598,0.13347885012626648,0.11525920778512955,0.0014964949805289507,0.380164235830307
0.016638871282339096,0.055471181869506836,0.09980432689189911,-0.132821723818779,2.636868476867676,3.3338308185033845,1019.5369069558913,0.6973780989646912,0.217413529753685,0.08519335836172104,0.03864184394478798,0.0012881610309705138,0.6022374033927917
0.02984711527824402,0.06402652710676193,0.1240321695804596,-0.06766202300786972,1.9145495891571045,2.1451495900941095,508.9747123375447,0.9199708104133606,0.055558983236551285,0.02433469146490097,0.026853227987885475,0.0011055065551772714,0.8778451681137085
0.0191007349640131,0.05415992811322212,0.10797909647226334,-0.09100718796253204,2.3877294063568115,2.8354892213533724,921.71644569552,0.7343202829360962,0.1927264928817749,0.07290839403867722,0.03303099423646927,0.0024048378691077232,0.6540693044662476
0.012911174446344376,0.047775063663721085,0.08482897281646729,-0.0629739984869957,2.97892165184021,3.7002879837587246,1893.7668307237275,0.29795128107070923,0.545444905757904,0.15660177171230316,0.1198701411485672,0.001111711491830647,0.0626424103975296
0.016156909987330437,0.05920901149511337,0.11297641694545746,-0.11626365780830383,2.9184889793395996,3.664624704716307,1477.8147546798762,0.489664763212204,0.37342169880867004,0.13580253720283508,0.09563447535037994,0.002294056350365281,0.3208076059818268
0.012479222379624844,0.051211461424827576,0.09032239019870758,-0.2046368420124054,3.0834670066833496,4.103738186791041,1749.6783262678707,0.3786134123802185,0.46112582087516785,0.1601676195859909,0.11212369799613953,0.0011242496548220515,0.15693065524101257
0.01575113646686077,0.04763993248343468,0.09291299432516098,-0.07262980937957764,2.480686664581299,3.0245393772469082,930.23566620001,0.7442502379417419,0.17661064863204956,0.07877843827009201,0.021089427173137665,0.0006857355474494398,0.6623585820198059
0.029537884518504143,0.06409826874732971,0.1240321695804596,-0.11916673183441162,1.9940879344940186,2.170035863773691,555.1419907730505,0.9007109999656677,0.0664784163236618,0.0326804518699646,0.029492802917957306,0.0016099488129839301,0.8522678017616272
0.020340094342827797,0.06460539996623993,0.1210571900010109,-0.14800101518630981,2.5897369384765625,3.1762586187730464,992.3464520274068,0.7018729448318481,0.22507227957248688,0.07203055918216705,0.06363926827907562,0.00478123826906085,0.5946255326271057
0.014226138591766357,0.044305846095085144,0.08516047894954681,-0.08917458355426788,2.66352915763855,3.114397192616525,1153.225134849547,0.641642689704895,0.256024032831192,0.10217923671007156,0.06123628839850426,0.0008286568336188793,0.5062192678451538
0.01955016888678074,0.05299949645996094,0.1020544096827507,-0.09175753593444824,2.289496898651123,2.7109482666969043,752.7093909150568,0.8234007954597473,0.11401274055242538,0.061827097088098526,0.020983537659049034,0.0004773180407937616,0.7597956657409668
0.02989853359758854,0.0647311806678772,0.1240321695804596,-0.04490562900900841,1.8435038328170776,2.165028610999606,524.5487764454751,0.9185288548469543,0.05198113992810249,0.029366713017225266,0.016474900767207146,0.00024723593378439546,0.8826869130134583
0.012631995603442192,0.045601584017276764,0.08376407623291016,-0.17830155789852142,2.7347018718719482,3.6100063240396016,1272.522018644516,0.5860195159912109,0.2964039444923401,0.11755462735891342,0.1174444630742073,0.0003093190607614815,0.3851158916950226
0.015437464229762554,0.04699268564581871,0.08779214322566986,-0.043307844549417496,2.462118148803711,3.0440676618492444,1095.4682146977468,0.6739130020141602,0.2307283580303192,0.09514407068490982,0.015601045452058315,0.004079252481460571,0.5976579189300537
0.016672443598508835,0.053083695471286774,0.1041601225733757,-0.12170201539993286,2.471130847930908,3.1839181314040017,1034.6833695134706,0.6985313296318054,0.20784160494804382,0.090809166431427,0.04854872450232506,0.0010225027799606323,0.596155047416687
0.01700100488960743,0.06110085919499397,0.11053827404975891,-0.1813853532075882,2.5986733436584473,3.593955744860144,1012.4094353509821,0.7065825462341309,0.20482021570205688,0.08818790316581726,0.035919394344091415,0.0023011763114482164,0.6193004250526428
0.011882799677550793,0.03617999330163002,0.07062117755413055,-0.07652278989553452,2.7307448387145996,3.0447364493518476,1298.320916252367,0.5612930059432983,0.3246026933193207,0.11379336565732956,0.03609341382980347,0.004431254230439663,0.42906859517097473
0.013892332091927528,0.043986737728118896,0.08658022433519363,-0.12292885035276413,2.63059139251709,3.1662601666794434,1165.9839270035034,0.6160056591033936,0.29321807622909546,0.09044015407562256,0.10513093322515488,0.0017958265962079167,0.45089057087898254
0.01638004556298256,0.05510309338569641,0.09715008735656738,-0.17594820261001587,2.63400936126709,3.3640378575539773,1115.580266751237,0.6539607644081116,0.2540917992591858,0.0918814018368721,0.10135068744421005,0.003972584381699562,0.4756382405757904
0.016585377976298332,0.061080705374479294,0.10757783055305481,-0.10098502039909363,2.6530134677886963,3.682804543742392,1256.4603916780939,0.5866252779960632,0.31739163398742676,0.0959830954670906,0.034860268235206604,0.0019820414017885923,0.49152034521102905
0.01683119498193264,0.06031167134642601,0.11148057878017426,-0.06009804457426071,2.8221828937530518,3.5833267577010393,1450.0700108026697,0.504928708076477,0.367031455039978,0.12082194536924362,0.08226438611745834,0.0073935724794864655,0.32123643159866333
0.015165493823587894,0.04593268036842346,0.08616575598716736,-0.09105018526315689,2.622464179992676,3.0287625908991216,1372.9690129492305,0.5352516174316406,0.35200151801109314,0.11270434409379959,0.09084060043096542,0.004157420713454485,0.3483237326145172
0.017055131494998932,0.057833071798086166,0.10376851260662079,-0.22033809125423431,2.6168484687805176,3.3909484551117997,1030.003940493706,0.6876857876777649,0.2311626672744751,0.08114700019359589,0.09253197908401489,0.0013365487102419138,0.5390064716339111
0.040428634732961655,0.06484457105398178,0.12403217703104019,-0.05658112093806267,1.6954370737075806,1.6039268078352835,487.43019507187734,0.9308957457542419,0.043125830590724945,0.025947242975234985,0.023591049015522003,0.0012038832064718008,0.8865110278129578
0.016302065923810005,0.04929758235812187,0.09172071516513824,-0.16021539270877838,2.5029196739196777,3.0240082812507962,851.4247792989719,0.7702062726020813,0.1631009429693222,0.06668631732463837,0.07248471677303314,0.0005945016746409237,0.6540889739990234
0.01490795984864235,0.057301610708236694,0.09693600237369537,-0.20766951143741608,2.602290630340576,3.843692315123279,1127.1829232240173,0.6442853212356567,0.2652893662452698,0.09042079746723175,0.1196165382862091,0.0026123714633286,0.4530274271965027
0.03574398159980774,0.0643584355711937,0.1240321695804596,-0.0643768310546875,1.820589542388916,1.8005390750799661,522.1722398399468,0.9198965430259705,0.05057266727089882,0.02947964519262314,0.021031422540545464,0.0011375927133485675,0.8820947408676147
0.013900898396968842,0.05393166095018387,0.10039302706718445,-0.06553177535533905,2.9428231716156006,3.8797248498747536,1590.5015004250986,0.4331623613834381,0.43284162878990173,0.1339854747056961,0.10346153378486633,0.002857213607057929,0.24126894772052765
0.018573874607682228,0.05771183595061302,0.11076921224594116,-0.07995820045471191,2.5877628326416016,3.1071511553995323,1053.9728539226562,0.6876668334007263,0.22280026972293854,0.08936841040849686,0.026228811591863632,0.0014650739030912519,0.608040452003479
0.01702377013862133,0.060619328171014786,0.11593814939260483,-0.13793079555034637,2.772005796432495,3.560863878790787,1265.5473298690881,0.5879524350166321,0.3059377372264862,0.1058887392282486,0.09093263745307922,0.002429828280583024,0.43527334928512573
0.03401399031281471,0.06433839350938797,0.1240321695804596,-0.06449717283248901,1.8405319452285767,1.891527366116085,489.9871076169993,0.9282434582710266,0.04872028902173042,0.023035217076539993,0.020645873621106148,0.0008096599485725164,0.8863783478736877
0.0337502583861351,0.06371895968914032,0.1240321695804596,-0.08631768822669983,1.902359962463379,1.8879547219534376,529.3009473790734,0.9130765795707703,0.055444154888391495,0.03134414553642273,0.0445421002805233,0.001045595039613545,0.8482388854026794
0.02174057811498642,0.06407148391008377,0.12403217703104019,-0.17700645327568054,2.29543399810791,2.947092003177704,683.7372329511793,0.8434916138648987,0.10860512405633926,0.0470908023416996,0.0627044290304184,0.0014917607186362147,0.7544081211090088
0.021422740072011948,0.061140596866607666,0.11243746429681778,-0.12915068864822388,2.1835007667541504,2.8540045138124834,731.5198070405878,0.8257546424865723,0.12274385243654251,0.05146629363298416,0.02434275485575199,0.0009647500119172037,0.7668129205703735
0.016643330454826355,0.060166336596012115,0.11083471775054932,-0.14358098804950714,2.675726890563965,3.615041878529162,1217.4379242127407,0.6162627339363098,0.27574941515922546,0.10793759673833847,0.043462954461574554,0.0010726439068093896,0.5227290391921997
0.014801415614783764,0.05724188685417175,0.09903091192245483,-0.250051885843277,3.0494649410247803,3.8673251491655165,1274.325842516174,0.571931779384613,0.32671916484832764,0.10111865401268005,0.11767388135194778,0.0045540472492575645,0.37166813015937805
0.023426784202456474,0.06401869654655457,0.1240321695804596,-0.10212023556232452,2.253147602081299,2.7327138027381928,779.6194724029834,0.8058444261550903,0.13598960638046265,0.0578005276620388,0.014419935643672943,0.0005357839982025325,0.7622198462486267
0.015207896009087563,0.0593605674803257,0.1176479309797287,-0.16224440932273865,3.2225918769836426,3.903272842012543,1736.7275055275795,0.39585691690444946,0.46939876675605774,0.13242608308792114,0.09695109724998474,0.0023660382721573114,0.21860527992248535
0.01331054512411356,0.04938507452607155,0.09008090198040009,-0.14257442951202393,2.8504292964935303,3.7102217874529173,1538.1001620838733,0.47559982538223267,0.38086891174316406,0.14350441098213196,0.07869890332221985,0.0004593874327838421,0.2832964062690735
0.014975182712078094,0.047471847385168076,0.09051776677370071,-0.1634686440229416,2.536947250366211,3.1700346028973696,867.9189508509658,0.7692702412605286,0.1571953147649765,0.07333724945783615,0.04461290314793587,0.002194504253566265,0.6844950318336487
0.030131040140986443,0.06392472237348557,0.12403217703104019,-0.15649212896823883,2.0420944690704346,2.121557107628984,551.6469309027988,0.9013132452964783,0.06552636623382568,0.033095136284828186,0.041963860392570496,0.0014984012814238667,0.8352798223495483
0.012174279429018497,0.041286319494247437,0.07636044919490814,-0.03181316331028938,2.6826484203338623,3.3912741802563264,1470.8545104216992,0.5023576617240906,0.3658069968223572,0.13137966394424438,0.11003653705120087,0.004128136672079563,0.2856786847114563
0.01603173464536667,0.04881677031517029,0.09424838423728943,-0.17622436583042145,2.506220579147339,3.045008627699175,833.08782891918,0.7748762965202332,0.1604866087436676,0.0645885169506073,0.05383015051484108,0.0015109677333384752,0.6792429685592651
0.020442886278033257,0.05157710984349251,0.10132947564125061,-0.1512100100517273,2.183408260345459,2.522985704635617,641.9644106331303,0.8702096939086914,0.08047017455101013,0.04870343953371048,0.049235258251428604,0.0012332965852692723,0.7906318306922913
0.014825187623500824,0.045874688774347305,0.08281239867210388,-0.21630993485450745,2.49428129196167,3.09437492032361,888.5731638957252,0.753288745880127,0.17427682876586914,0.0723627582192421,0.06909346580505371,0.0006912428652867675,0.6181114315986633
0.015190375037491322,0.056224334985017776,0.0997132733464241,-0.2010621726512909,2.9836668968200684,3.7013131566896367,1526.9847735462624,0.4713614284992218,0.40371280908584595,0.12455756217241287,0.08418724685907364,0.0006671409937553108,0.3213341534137726
0.022156577557325363,0.054790470749139786,0.10523965954780579,-0.04026180878281593,2.013806104660034,2.4728760840842137,585.9319862906846,0.889167070388794,0.07314503192901611,0.03768794611096382,0.02367313764989376,0.0019391026580706239,0.8372521996498108
0.017244672402739525,0.052790846675634384,0.10399730503559113,-0.11354472488164902,2.6012349128723145,3.061284403650755,1041.8414357129213,0.688133180141449,0.22235800325870514,0.08950791507959366,0.06549403816461563,0.0009466649498790503,0.5679400563240051
0.02984529547393322,0.0642627701163292,0.1240321695804596,-0.08742976933717728,1.9748550653457642,2.153195975905244,590.5183182424356,0.886777400970459,0.07534012198448181,0.037695690989494324,0.018930690363049507,0.0020321509800851345,0.8449687957763672
0.01891358382999897,0.058401722460985184,0.10899399220943451,-0.2127317190170288,2.5562775135040283,3.087818944459695,904.5195004432377,0.7437708377838135,0.18716734647750854,0.06877811253070831,0.07241390645503998,0.0010924915550276637,0.6263409852981567
0.015558689832687378,0.04721573367714882,0.08952204883098602,-0.14817187190055847,2.724940776824951,3.034685708234778,1171.0866726002662,0.6274675130844116,0.2774450480937958,0.09442772716283798,0.09601430594921112,0.0015464001335203648,0.48353198170661926
0.01912597008049488,0.05146158114075661,0.096772700548172,-0.13237214088439941,2.3704752922058105,2.690665149086879,821.2109657760535,0.791866660118103,0.14198297262191772,0.06589194387197495,0.033510494977235794,0.0021364353597164154,0.7215918898582458
0.014475291594862938,0.05153028294444084,0.10152358561754227,0.06411317735910416,3.0459794998168945,3.559878749466317,1826.3485208132088,0.34985652565956116,0.5072028636932373,0.14145004749298096,0.06660677492618561,0.0019687132444232702,0.17028552293777466
0.02892998605966568,0.06419697403907776,0.12403217703104019,-0.15822133421897888,2.1200428009033203,2.21904614487051,629.4928789010416,0.86850905418396,0.08697537332773209,0.0443611741065979,0.04551886394619942,0.0008119038539007306,0.8065940141677856
0.010582059621810913,0.03847746178507805,0.07017260789871216,0.04228350520133972,2.83681058883667,3.6361032876941284,1663.812891545644,0.3910192847251892,0.4602656662464142,0.14647185802459717,0.08597810566425323,0.0018155098659917712,0.16811507940292358
0.0140724778175354,0.05408303067088127,0.1019870787858963,-0.11250138282775879,3.0364296436309814,3.8431775390433685,1639.3657519225706,0.4118729829788208,0.44891357421875,0.13870427012443542,0.10487263649702072,0.0013443741481751204,0.20780985057353973
0.013831784948706627,0.0470014326274395,0.08951599150896072,-0.18528953194618225,2.9402835369110107,3.3980742759043836,1336.1638880457017,0.539201557636261,0.3475511074066162,0.11323553323745728,0.11749457567930222,0.0014164005406200886,0.33355453610420227
0.017380187287926674,0.060737088322639465,0.119986891746521,-0.1317000538110733,2.81327748298645,3.4946164453208453,1397.6675845926359,0.5286259055137634,0.35495734214782715,0.11641573905944824,0.09244412928819656,0.0014119178522378206,0.3564783036708832
0.018445739522576332,0.0634840652346611,0.11286745965480804,-0.1633569747209549,2.5846588611602783,3.441665494274125,985.1743484369944,0.7130575776100159,0.19790837168693542,0.08833608776330948,0.07140540331602097,0.0018477813573554158,0.5968338847160339
0.013260508887469769,0.04114510864019394,0.0770503431558609,-0.031706638634204865,2.637526512145996,3.102830290017775,1249.837787209162,0.5789890885353088,0.3258989751338959,0.09484424442052841,0.1565183699131012,0.0025510250125080347,0.2997908890247345
0.03000883385539055,0.06435633450746536,0.12403217703104019,-0.11207062751054764,1.963478684425354,2.1445796532930026,543.1881568970034,0.9048861265182495,0.06579187512397766,0.029158132150769234,0.02448991686105728,0.0015952512621879578,0.8647615909576416
0.02783072739839554,0.06414927542209625,0.12403217703104019,-0.05471909046173096,2.0106201171875,2.304980193348792,595.0923072252072,0.8830453753471375,0.08095596730709076,0.03570083901286125,0.017576046288013458,0.0005697603919543326,0.8442811965942383
0.03233925253152847,0.06436118483543396,0.1240321695804596,-0.08204437792301178,1.9202179908752441,1.9901877685854426,523.1000683931925,0.9156672358512878,0.05370083823800087,0.03045603819191456,0.035039618611335754,0.0003559925826266408,0.8588348627090454
0.012468896806240082,0.045054126530885696,0.07885832339525223,-0.2040681540966034,2.9029436111450195,3.613320988006329,1566.4482312594703,0.44591566920280457,0.42171862721443176,0.13236252963542938,0.11714968830347061,0.0012377352686598897,0.23350179195404053
0.013755607418715954,0.04658312723040581,0.08588717132806778,-0.11749808490276337,2.8617184162139893,3.3864827491105967,1426.4744400066563,0.5198195576667786,0.3615768253803253,0.11844319850206375,0.06938036531209946,0.003328262595459819,0.34239399433135986
0.018215185031294823,0.05280853062868118,0.10311675071716309,-0.09925493597984314,2.468994140625,2.89914873414976,986.7966151666524,0.7158529758453369,0.20272517204284668,0.08119689673185349,0.04295097663998604,0.0004781039315275848,0.6229285001754761
0.022252002730965614,0.05850427970290184,0.11467476189136505,-0.10984595865011215,2.2557075023651123,2.629169176707804,731.6362545117936,0.8258013725280762,0.12271527200937271,0.05107203498482704,0.02706782892346382,0.0015144753269851208,0.7665735483169556
0.023371700197458267,0.06395013630390167,0.11782543361186981,-0.09556782990694046,2.1403119564056396,2.736220974977259,688.3617903689117,0.8511369228363037,0.10027015954256058,0.04842503368854523,0.018053065985441208,0.0008623883477412164,0.799401581287384
0.030027266591787338,0.06465862691402435,0.1240321695804596,-0.06318430602550507,1.8784401416778564,2.153330431000856,485.1784368127549,0.9341227412223816,0.04210883378982544,0.023762131109833717,0.022635020315647125,1.1943946446990594e-05,0.8888976573944092
0.012086314149200916,0.038592565804719925,0.07604153454303741,-0.10175352543592453,2.7632193565368652,3.193079819464926,1377.7133638105647,0.552807092666626,0.31447461247444153,0.1325945407152176,0.0360938161611557,0.0017201645532622933,0.40408018231391907
0.029959356412291527,0.06421692669391632,0.1240321695804596,-0.06476911157369614,1.9224586486816406,2.1434681642702564,506.30981743569964,0.9217879772186279,0.051678407937288284,0.026244955137372017,0.03383757174015045,0.0012828067410737276,0.8727236986160278
0.02299998700618744,0.06422783434391022,0.1240321695804596,-0.1707158088684082,2.266955852508545,2.792516114197768,649.2820039093438,0.8563470244407654,0.0982266217470169,0.04528413340449333,0.05935216322541237,0.0031794917304068804,0.7685806155204773
0.016090508550405502,0.05219326913356781,0.09387169033288956,-0.18360348045825958,2.4338631629943848,3.2437302380358104,877.2006017994105,0.7581982016563416,0.16622032225131989,0.07556100934743881,0.040986400097608566,0.0003744102141354233,0.6717381477355957
0.022785380482673645,0.06445231288671494,0.11221317946910858,-0.12434666603803635,2.180446147918701,2.828669590700792,628.9371784143144,0.8684621453285217,0.09064514189958572,0.04036811739206314,0.04936165362596512,0.0002831724123097956,0.7903788089752197
0.017553336918354034,0.060746174305677414,0.10687284916639328,-0.16926461458206177,2.5765228271484375,3.460662470319227,1008.2282758996344,0.693983793258667,0.22439445555210114,0.08081579953432083,0.036908943206071854,0.0011005577398464084,0.6034488081932068
0.024378586560487747,0.06139303371310234,0.11944570392370224,-0.11051414906978607,2.187537431716919,2.518318014797808,691.7680220159169,0.840050220489502,0.10975407063961029,0.04946489259600639,0.040498264133930206,0.0017582931322976947,0.7743492126464844
0.018537409603595734,0.05855408310890198,0.1119302287697792,-0.17652517557144165,2.675628185272217,3.158698240901223,1146.1240351448328,0.6416699290275574,0.2691079080104828,0.08737730979919434,0.08022139966487885,0.003121474524959922,0.5080417394638062
0.02258465811610222,0.06402648240327835,0.11931312084197998,-0.11171483993530273,2.1943116188049316,2.834954687881431,713.7339677785011,0.8351340293884277,0.11320940405130386,0.05161766707897186,0.012549878098070621,0.0006011144141666591,0.7967526912689209
0.015986045822501183,0.05467879772186279,0.10244530439376831,-0.20277176797389984,2.709981679916382,3.420407918603559,1120.428332412459,0.6603226661682129,0.2453588843345642,0.09424705803394318,0.04830876365303993,0.0028317158576101065,0.5546866655349731
0.022051716223359108,0.05956699326634407,0.1118433028459549,-0.2299146056175232,2.272462844848633,2.701240695295374,619.1238828538045,0.8687862157821655,0.09103632718324661,0.039858654141426086,0.05911891907453537,0.004211829509586096,0.780099630355835
0.01509594265371561,0.04516744241118431,0.08795633167028427,-0.0757976546883583,2.6832797527313232,2.9920253040359213,1314.9919125802053,0.5639714002609253,0.3135676980018616,0.12159586697816849,0.10596907138824463,0.004669956397265196,0.3904755413532257
0.02746967226266861,0.06426297873258591,0.1240321695804596,-0.09504380077123642,1.9835401773452759,2.339415560395314,566.4255104174142,0.8957585096359253,0.07193007320165634,0.03172529488801956,0.025764569640159607,0.0006303453701548278,0.8554947972297668
0.011294214986264706,0.04106304049491882,0.07777129858732224,0.049974385648965836,2.895653247833252,3.635758708438017,1642.9197918396578,0.42030954360961914,0.43478652834892273,0.1442088782787323,0.12849090993404388,0.004320635460317135,0.1690659373998642
0.013998736627399921,0.046241987496614456,0.08828121423721313,-0.09946335852146149,2.770113468170166,3.3032971991773223,1356.8944375115404,0.5449389815330505,0.3409025967121124,0.11415745317935944,0.09675697982311249,0.0009618173353374004,0.3372446894645691
0.01276136003434658,0.042359862476587296,0.08341221511363983,0.01711084321141243,2.8247761726379395,3.3193846391966373,1532.1152666901867,0.46826815605163574,0.4153780937194824,0.11618408560752869,0.12521986663341522,0.00508606294170022,0.22797371447086334
0.015261055901646614,0.05083291977643967,0.09860467910766602,-0.20481903851032257,2.9019646644592285,3.3308913944561387,1382.1957217783447,0.5309396386146545,0.3443884253501892,0.12464304268360138,0.06895305961370468,0.0017101576086133718,0.39824992418289185
0.012157208286225796,0.04343900457024574,0.08188681304454803,-0.10529521107673645,3.0214717388153076,3.5731068797998087,1534.8365099439604,0.46650072932243347,0.391324520111084,0.14172868430614471,0.08811794966459274,0.0008714834111742675,0.2778221666812897
0.03207648918032646,0.06412079185247421,0.1240321695804596,-0.06630918383598328,1.9211064577102661,1.9989965700424146,541.2008202517196,0.9095073342323303,0.0615687295794487,0.028638727962970734,0.012652624398469925,0.0003490976814646274,0.8708016872406006
0.014078517444431782,0.053312838077545166,0.09865677356719971,-0.1838093101978302,3.3239502906799316,3.7868218925881427,1924.5488716163236,0.3101385831832886,0.521396815776825,0.1675145924091339,0.09893693029880524,0.0028504692018032074,0.12216435372829437
0.024524228647351265,0.061609044671058655,0.1212843507528305,-0.05125439912080765,2.1018261909484863,2.512170537734754,558.8316994081696,0.9003362059593201,0.06632344424724579,0.033102359622716904,0.03431930020451546,0.0006092814146541059,0.8372364044189453
0.014177835546433926,0.04763726145029068,0.0873831957578659,-0.0762903019785881,2.681684970855713,3.3599812390906623,1243.2501470362809,0.5813921093940735,0.3151935636997223,0.10324010998010635,0.13454852998256683,0.004164219368249178,0.36258119344711304
0.025813588872551918,0.06421954184770584,0.1240321695804596,-0.10516252368688583,2.096297264099121,2.487819193304961,603.0687926284853,0.8859506845474243,0.07491065561771393,0.038920655846595764,0.017532026395201683,0.0003425924223847687,0.8422980904579163
0.0129545321688056,0.044298987835645676,0.08496060967445374,-0.04433967545628548,3.117563486099243,3.419574497556745,1576.7782933031615,0.4425460696220398,0.42296555638313293,0.1334448903799057,0.10416658222675323,0.002488091355189681,0.20872554183006287
0.012920576147735119,0.04605098068714142,0.08976010233163834,-0.060076579451560974,3.0769412517547607,3.5641584521484093,1818.874263986191,0.35788899660110474,0.46243301033973694,0.1795622855424881,0.10932733863592148,0.003609663574025035,0.1537342518568039
0.026832913979887962,0.06447220593690872,0.1240321695804596,-0.04284719377756119,1.9208139181137085,2.402728454420931,560.5792862401398,0.9045803546905518,0.05964486673474312,0.035556670278310776,0.018091754987835884,0.0011745649389922619,0.8669915795326233
0.013963090255856514,0.0457373782992363,0.08743591606616974,-0.27037471532821655,2.9195303916931152,3.275591395448952,1321.6499465901622,0.5680014491081238,0.31090453267097473,0.11934052407741547,0.08346009999513626,0.0023248756770044565,0.40616023540496826
0.01406832318753004,0.045310940593481064,0.08604031056165695,-0.16077429056167603,2.7310566902160645,3.22077762831204,1230.8491402208538,0.5939126014709473,0.308368444442749,0.09763264656066895,0.0737910270690918,0.0013959486968815327,0.40759116411209106
0.016139643266797066,0.05413885787129402,0.1015186756849289,-0.1186039075255394,2.709420680999756,3.3544023850462437,1371.9987975041447,0.5300456285476685,0.35982778668403625,0.10947326570749283,0.10369733721017838,0.004252145532518625,0.3414170742034912
0.012980389408767223,0.045652564615011215,0.08227985352277756,-0.04594095051288605,2.756908416748047,3.51704122070941,1423.9873311633307,0.5170170664787292,0.3599878251552582,0.12286056578159332,0.13518285751342773,0.0038567630108445883,0.28255695104599
0.01776248589158058,0.05184345319867134,0.09567318111658096,-0.20923824608325958,2.3519861698150635,2.9187048204962367,730.5208519889832,0.8235907554626465,0.12107083201408386,0.055333852767944336,0.0738883912563324,0.0019364501349627972,0.7044572234153748
0.020152071490883827,0.05644067004323006,0.11195196211338043,-0.11996186524629593,2.2374348640441895,2.8007378827512266,752.288520798173,0.8171066641807556,0.1257001906633377,0.05679428577423096,0.03876650705933571,0.0004827197117265314,0.7489273548126221
0.028705233708024025,0.0640319287776947,0.1240321695804596,-0.06624257564544678,2.0211844444274902,2.2306708744045194,595.8952465795405,0.8831114172935486,0.0781908854842186,0.03857085853815079,0.02010147087275982,0.001227470813319087,0.8378009796142578
0.030292030423879623,0.06437808275222778,0.1240321695804596,-0.05748121812939644,1.7955743074417114,2.1252481873698508,508.3150162934428,0.9260021448135376,0.047132719308137894,0.026863984763622284,0.010041821748018265,0.00011715233995346352,0.8969957828521729
0.026156969368457794,0.0640801340341568,0.1240321695804596,-0.14559747278690338,2.2675602436065674,2.4498302203534337,668.0065539598966,0.85052490234375,0.10574320703744888,0.04343781992793083,0.05151348561048508,0.00124876550398767,0.7741758227348328
0.03388843312859535,0.06388109922409058,0.1240321695804596,-0.09169474244117737,1.9089980125427246,1.8850413939115442,531.0688035223172,0.9085842370986938,0.06366738677024841,0.027701230719685555,0.04512961208820343,0.0017387531697750092,0.8450967073440552
0.014606357552111149,0.052572645246982574,0.10045108199119568,-0.0953318402171135,3.010314464569092,3.599298802307124,1748.8012056536907,0.38852816820144653,0.4679272174835205,0.1435411274433136,0.0814504474401474,0.0024326839484274387,0.192758709192276
0.014430070295929909,0.049014609307050705,0.09093548357486725,0.01526701170951128,2.8393077850341797,3.3966992743950026,1789.7539977996055,0.354173481464386,0.49749428033828735,0.14810307323932648,0.06325019896030426,0.002562158042564988,0.18058359622955322
0.0171478521078825,0.058043304830789566,0.10651767253875732,-0.07538827508687973,2.9480903148651123,3.3848731877459706,1754.8080735277497,0.3953683376312256,0.43743082880973816,0.1581801027059555,0.055780645459890366,0.0011165490141138434,0.25779831409454346
0.013644671067595482,0.04900717735290527,0.08797035366296768,-0.29326120018959045,3.0147387981414795,3.591671584205499,1292.9712873331298,0.5597736835479736,0.3414302170276642,0.0987122505903244,0.13650517165660858,0.00481597613543272,0.34354376792907715
0.033576373010873795,0.06400903314352036,0.1240321695804596,-0.05893724411725998,1.8892314434051514,1.9063712784249953,534.624809723814,0.9104835391044617,0.058804336935281754,0.030399169772863388,0.033312659710645676,0.0014971309574320912,0.8593018651008606
0.02853153459727764,0.06440979242324829,0.12403217703104019,-0.06658362597227097,1.898147463798523,2.257494850176636,503.4625299195643,0.924868643283844,0.04949478432536125,0.025635389611124992,0.025765182450413704,0.0007961047813296318,0.8828708529472351
0.012722380459308624,0.04180192947387695,0.07881109416484833,-0.19941379129886627,2.8454763889312744,3.2857003140482175,1474.5595089040894,0.49807414412498474,0.3750433921813965,0.12666632235050201,0.09505219012498856,0.0020846922416239977,0.30471038818359375
0.016640102490782738,0.06033163145184517,0.10439277440309525,-0.19002662599086761,2.741633653640747,3.625676673664619,1278.1934717120232,0.5836339592933655,0.3133460581302643,0.10121090710163116,0.05511040985584259,0.0008950959891080856,0.4680935740470886
0.014956630766391754,0.052140165120363235,0.09651701897382736,-0.16375848650932312,2.9967446327209473,3.4860902787035783,1578.5303589052023,0.4456750452518463,0.42058926820755005,0.13295921683311462,0.05393798649311066,0.0005048361490480602,0.2982761859893799
0.025678077712655067,0.06458932906389236,0.12274498492479324,-0.0687761977314949,2.0546674728393555,2.515349076521608,613.6026755621756,0.8845177292823792,0.0719904825091362,0.043209969997406006,0.01566156931221485,0.0012926504714414477,0.8344987034797668
0.018497241660952568,0.05710716173052788,0.10716820508241653,-0.17949648201465607,2.5175535678863525,3.0873339265493303,885.0052078628587,0.7629599571228027,0.15708468854427338,0.07885916531085968,0.05395357683300972,0.0010266356403008103,0.6642681360244751
0.012595177628099918,0.04259994253516197,0.08159658312797546,-0.14473488926887512,2.8477675914764404,3.382242298571399,1671.6146278241706,0.4095417559146881,0.4468509554862976,0.14187829196453094,0.10167935490608215,0.0007267357432283461,0.1920197308063507
0.023051578551530838,0.06128930300474167,0.11709862947463989,-0.14039325714111328,2.2647054195404053,2.6587898466507713,694.4772086956826,0.8344380259513855,0.11869914829730988,0.04638003557920456,0.056071147322654724,0.0004290837678126991,0.7499716281890869
0.024378571659326553,0.06427700072526932,0.12109488248825073,-0.05995156988501549,1.9964429140090942,2.6366188151159435,637.9022694142046,0.8702341914176941,0.08681643754243851,0.042932264506816864,0.01675807125866413,0.0020312475971877575,0.8256232142448425
0.013860523700714111,0.053295161575078964,0.08972088992595673,-0.22763125598430634,2.752497434616089,3.8451044651716892,1168.2204409698168,0.6249918937683105,0.27407604455947876,0.10061635822057724,0.13456085324287415,0.0023875872138887644,0.40715405344963074
0.012782346457242966,0.04061288386583328,0.08067880570888519,-0.0008044058922678232,2.7130932807922363,3.17726357977437,1336.7449039434366,0.5492360591888428,0.3473021984100342,0.1027674674987793,0.03665124252438545,0.0028382083401083946,0.4253592789173126
0.015412644483149052,0.0501883439719677,0.09001666307449341,-0.2777248024940491,2.6740081310272217,3.256309715284959,1042.312894773266,0.679710328578949,0.22875118255615234,0.09105543047189713,0.10983095318078995,0.007130661513656378,0.5078012347221375
0.015113933943212032,0.05670907348394394,0.09865164756774902,-0.23851817846298218,2.758209705352783,3.7521054209490576,1118.743944260972,0.6489723920822144,0.2544531524181366,0.09636834263801575,0.10141778737306595,0.0034417903516441584,0.4823976159095764
0.011653626337647438,0.04122238978743553,0.08142217993736267,-0.021156039088964462,2.7841978073120117,3.537301487926371,1490.9661026985423,0.4887549877166748,0.38000771403312683,0.1305067092180252,0.13423660397529602,0.0027876822277903557,0.2688902020454407
0.014733174815773964,0.04715913161635399,0.08887027204036713,-0.08742991089820862,2.8666000366210938,3.2008804757181415,1431.6470231752924,0.5234293937683105,0.34879302978515625,0.12761549651622772,0.0673728659749031,0.0017685627099126577,0.3523668348789215
0.018490463495254517,0.05428235977888107,0.09990996867418289,-0.13818404078483582,2.3095006942749023,2.9356949213239933,861.731012090428,0.7602338194847107,0.17814287543296814,0.0612611398100853,0.053866349160671234,0.0018582228804007173,0.6695969104766846
0.012169375084340572,0.04152073338627815,0.08040879666805267,-0.06416033208370209,2.8474738597869873,3.4119034950524867,1679.236240528675,0.39012426137924194,0.4777945578098297,0.13163138926029205,0.11534833908081055,0.000758144713472575,0.16798344254493713
0.018579885363578796,0.06330302357673645,0.12172327935695648,-0.19416813552379608,2.722304105758667,3.4070728820221396,1064.741938629156,0.6551603078842163,0.2642582952976227,0.08046227693557739,0.06573788821697235,0.0026291077956557274,0.5207992792129517
0.013192170299589634,0.050354719161987305,0.09334374219179153,-0.06778978556394577,2.6916158199310303,3.8170155489682136,1199.2628168504573,0.6309223175048828,0.2540159225463867,0.11397074908018112,0.011874393559992313,0.00048183559556491673,0.5434871912002563
0.021195337176322937,0.06406962871551514,0.11751845479011536,-0.17854124307632446,2.352926731109619,3.0228171498051823,723.2543578525576,0.8217527270317078,0.1313193142414093,0.04647960886359215,0.059952814131975174,0.0012097697472199798,0.7342421412467957
0.013714183121919632,0.045914921909570694,0.0876501128077507,-0.1057262048125267,2.8818321228027344,3.347988100934429,1498.002752722572,0.47296661138534546,0.3999417722225189,0.127047598361969,0.09733827412128448,0.00454906839877367,0.27055463194847107
0.020898982882499695,0.05946122482419014,0.10962226986885071,-0.23984727263450623,2.3266284465789795,2.8451731433847134,715.2259561255537,0.8293724060058594,0.11531686782836914,0.055115215480327606,0.06122903898358345,0.002990736858919263,0.7398145198822021
0.022898996248841286,0.06397978216409683,0.11719225347042084,-0.2351367473602295,2.2930264472961426,2.793999416657413,696.5550640236161,0.8391769528388977,0.11010382324457169,0.05067658796906471,0.053712718188762665,0.003371825907379389,0.7477001547813416
0.029454369097948074,0.06397764384746552,0.1240321695804596,-0.13416151702404022,2.0518980026245117,2.172093506146441,576.547709459911,0.8918576240539551,0.07033661752939224,0.03769031912088394,0.03680815547704697,0.002652628580108285,0.8324129581451416
0.017226405441761017,0.055036935955286026,0.106460802257061,-0.04552740231156349,2.731083393096924,3.1949170207423614,1356.0498100961638,0.5501348972320557,0.3194144666194916,0.12726609408855438,0.09217018634080887,0.0064091794192790985,0.37800759077072144
0.019249988719820976,0.06415663659572601,0.11989492177963257,-0.15924565494060516,2.517739772796631,3.332814243487508,836.9544844136325,0.765943169593811,0.17463399469852448,0.059418585151433945,0.0680631697177887,0.002687151310965419,0.6536184549331665
0.01603371649980545,0.05729595199227333,0.10326230525970459,-0.12729406356811523,2.7033588886260986,3.5734666999628617,1174.188262889613,0.62419593334198,0.27253255248069763,0.10206819325685501,0.09887050837278366,0.003417292842641473,0.4561670422554016
0.011816089041531086,0.042454417794942856,0.08416163921356201,-0.025949658825993538,3.052159547805786,3.592933130592661,1746.8402176449556,0.3664230704307556,0.4888305366039276,0.14417800307273865,0.13349708914756775,0.002848966047167778,0.11629482358694077
0.02443406730890274,0.06411482393741608,0.12403217703104019,-0.16367481648921967,2.3345322608947754,2.623993096369648,781.206565342007,0.8033005595207214,0.13769695162773132,0.05829155445098877,0.05270589143037796,0.003665731055662036,0.7161690592765808
0.015247821807861328,0.0550306998193264,0.10384619235992432,-0.051486000418663025,2.7866883277893066,3.6090859736664225,1580.3632471783958,0.45493561029434204,0.3941352069377899,0.1488092988729477,0.06363613158464432,0.003248624736443162,0.2952158749103546
0.023996461182832718,0.06424252688884735,0.12403217703104019,-0.10790203511714935,2.072439193725586,2.677166703735877,582.4239610541664,0.8960935473442078,0.06494118273258209,0.038657404482364655,0.028605801984667778,0.0015593355055898428,0.8441317081451416
0.016644364222884178,0.05758817121386528,0.10683977603912354,-0.007119357585906982,2.8941192626953125,3.4599201531067156,1543.5225501444293,0.45039963722229004,0.4438306391239166,0.10456418991088867,0.08745242655277252,0.006743217818439007,0.25087013840675354
0.011085116304457188,0.04883535951375961,0.08510477095842361,-0.12262503057718277,3.1426515579223633,4.40548914130184,1748.9805087641137,0.3913135528564453,0.45491158962249756,0.15204307436943054,0.0681496113538742,0.0007161546382121742,0.19629378616809845
0.013689658604562283,0.046625565737485886,0.09188234061002731,-0.06863847374916077,2.9639663696289062,3.4058968949409243,1496.1218140176734,0.47912243008613586,0.4050743877887726,0.11579956114292145,0.13262638449668884,0.004748939536511898,0.26071202754974365
0.019057102501392365,0.05927020311355591,0.11378821730613708,-0.1751609593629837,2.7544023990631104,3.1101371840821725,1141.9605267989964,0.6432127952575684,0.25666525959968567,0.09638272225856781,0.0796627402305603,0.001898704213090241,0.5150213837623596
0.012451193295419216,0.03813278302550316,0.074736088514328,-0.14281772077083588,2.6542434692382812,3.062580599119732,1043.2210310020798,0.7057685852050781,0.19217942655086517,0.10015149414539337,0.05888722836971283,0.0007747368654236197,0.5695604085922241
0.015065835788846016,0.05403953790664673,0.10586923360824585,-0.1740976870059967,2.9845261573791504,3.5868927990751085,1274.6911082434285,0.5701553225517273,0.3292865455150604,0.10049592703580856,0.12283261865377426,0.002160276286303997,0.3661756217479706
0.012162793427705765,0.044291239231824875,0.08256399631500244,-0.08023583143949509,2.966912031173706,3.641535103876041,1595.8391784843432,0.43122103810310364,0.4453338086605072,0.12336228042840958,0.08498989045619965,0.0010141596430912614,0.2392721176147461
0.014507399871945381,0.04494170844554901,0.08831258118152618,-0.14053329825401306,2.727388858795166,3.0978472254949065,1238.883889618026,0.5979880690574646,0.29691165685653687,0.10493086278438568,0.05936085060238838,0.00038067909190431237,0.46595656871795654
0.014969661831855774,0.04295668378472328,0.08353137969970703,-0.1663527488708496,2.4675073623657227,2.86958277777798,928.7615883434042,0.7435872554779053,0.17242252826690674,0.08395605534315109,0.0473053939640522,0.00021650838607456535,0.6252492070198059
0.015124988742172718,0.05408431589603424,0.10598649084568024,-0.09949325770139694,2.9059739112854004,3.575825199899564,1542.0890252782317,0.46461158990859985,0.40319037437438965,0.13054543733596802,0.09778158366680145,0.0032227598130702972,0.27641093730926514
0.021842602640390396,0.06433786451816559,0.12300685793161392,-0.16027061641216278,2.2780232429504395,2.9455219038892952,685.6105541045475,0.8453347086906433,0.10561556369066238,0.04858328029513359,0.022064238786697388,0.00032982832635752857,0.7901499271392822
0.01321328990161419,0.04911833629012108,0.08825743943452835,-0.010258962400257587,2.693920373916626,3.7173434210660314,1324.3552228421927,0.5723711848258972,0.31119829416275024,0.11538175493478775,0.07902984321117401,0.00018994047422893345,0.42136436700820923
0.016287922859191895,0.06269051879644394,0.11838875710964203,-0.12455731630325317,3.149914264678955,3.8488958558160413,1484.8422139106199,0.4857577383518219,0.39458197355270386,0.11960883438587189,0.09094005823135376,0.0012407350586727262,0.29849931597709656
0.016335606575012207,0.05993276089429855,0.11109122633934021,-0.07490913569927216,3.047091245651245,3.6688420852584676,1510.860300906747,0.46876710653305054,0.41066792607307434,0.12031889706850052,0.08560289442539215,0.00270420522429049,0.3082547187805176
0.020841995254158974,0.06416475027799606,0.1240321695804596,-0.18524307012557983,2.4241750240325928,3.078628005258446,827.6099382089742,0.7784639000892639,0.157211571931839,0.06432151049375534,0.06686428934335709,0.002995101036503911,0.6748965382575989
0.018171073868870735,0.05050866678357124,0.09456008672714233,-0.053173139691352844,2.1797635555267334,2.7796192533958672,768.14494241126,0.8147720098495483,0.12554749846458435,0.05957337096333504,0.010062948800623417,0.0005962720606476068,0.7736002206802368
0.02331448718905449,0.06419555842876434,0.12403217703104019,-0.14598117768764496,2.3519301414489746,2.7534621673406967,769.0717240820044,0.8019269704818726,0.13794781267642975,0.05966484919190407,0.05716331675648689,0.0007750186487101018,0.7204582095146179
0.019442908465862274,0.06301179528236389,0.11432545632123947,-0.22242827713489532,2.557872772216797,3.240862620412924,885.2643952082475,0.7480760216712952,0.18206045031547546,0.06895536929368973,0.07185263931751251,0.0023435759358108044,0.627302348613739
0.02480122074484825,0.06261274218559265,0.12241554260253906,-0.1477249264717102,2.1986255645751953,2.5245830770678532,658.7222581093558,0.8541702032089233,0.10362708568572998,0.04218064248561859,0.05591505393385887,0.001127911265939474,0.76258784532547
0.02114284038543701,0.05855502933263779,0.10772651433944702,-0.15642933547496796,2.2194314002990723,2.769496825516426,654.5785162282091,0.8592435717582703,0.0949162170290947,0.04480138421058655,0.0375899113714695,0.00030354983755387366,0.7979512810707092
0.020498136058449745,0.06011046841740608,0.10708308219909668,-0.24320590496063232,2.351311445236206,2.9324846046035904,792.5567886624183,0.7889056205749512,0.15491466224193573,0.05605090782046318,0.0689462274312973,0.0025621349923312664,0.6851104497909546
0.014329432509839535,0.04580068588256836,0.08494707942008972,-0.019259925931692123,2.364070415496826,3.1962665547238047,999.4696792117219,0.7185850739479065,0.19304005801677704,0.08769252151250839,0.01599952206015587,0.0025585247203707695,0.6477816104888916
0.015467826277017593,0.049367506057024,0.09487701952457428,-0.10703831166028976,2.6510162353515625,3.191625324056271,1014.7922311704341,0.7068899273872375,0.20094022154808044,0.091593898832798,0.045450881123542786,0.0005819856887683272,0.5889581441879272
0.011274359188973904,0.03858550637960434,0.07698714733123779,0.05506351590156555,3.0576345920562744,3.4224123721300077,1530.2128052338867,0.44259873032569885,0.44096770882606506,0.11435183882713318,0.1786147654056549,0.004339202772825956,0.15113641321659088
0.015164056792855263,0.05302395671606064,0.10200431942939758,-0.12870317697525024,2.729016065597534,3.4966867664032266,1113.2456424422776,0.6541092395782471,0.2607322335243225,0.08477695286273956,0.06150402873754501,0.0010117586934939027,0.519376277923584
0.030485959723591805,0.06430040299892426,0.1240321695804596,-0.017571669071912766,1.769567847251892,2.109180868170461,506.5807302679788,0.930050253868103,0.042603690177202225,0.02722182497382164,0.0026838958729058504,0.0003179351915605366,0.9071869254112244
0.01885734498500824,0.05495519936084747,0.10963086783885956,-0.04620373249053955,2.278512716293335,2.914259637378597,862.3977132445076,0.769169807434082,0.160368874669075,0.06986670941114426,0.037323836237192154,0.0005460423417389393,0.6868764758110046
0.019315140321850777,0.06452898681163788,0.12001035362482071,-0.14736899733543396,2.693202495574951,3.340850013670202,1064.6663778543518,0.6747469305992126,0.24426861107349396,0.08090357482433319,0.0831994041800499,0.0015334485797211528,0.5437368750572205
0.02231651172041893,0.05479060113430023,0.10806528478860855,-0.058639951050281525,1.992862582206726,2.455159740835004,609.3415264327913,0.8858994841575623,0.07090422511100769,0.04289788752794266,0.021448221057653427,0.0002321615320397541,0.8404676914215088
0.014736637473106384,0.04952909052371979,0.09668086469173431,-0.06773708015680313,2.8725998401641846,3.3609492403370114,1382.5918748001002,0.5193856954574585,0.353640615940094,0.12635377049446106,0.11693441867828369,0.002990753622725606,0.3064435124397278
0.013461110182106495,0.04772187024354935,0.08708728849887848,-0.004131841938942671,2.938441276550293,3.5451660074396854,2004.4454060043684,0.26259127259254456,0.5694797039031982,0.16771647334098816,0.08998969942331314,0.006451940629631281,0.06084826588630676
0.01616894267499447,0.05509965866804123,0.10988425463438034,-0.15535736083984375,2.6439502239227295,3.4077465528927875,1120.8511233151146,0.6510553359985352,0.24060708284378052,0.10777405649423599,0.09579824656248093,0.003591206856071949,0.49323949217796326
0.010590564459562302,0.03588840737938881,0.06907257437705994,-0.10452913492918015,3.0128493309020996,3.3887152580990314,1597.6205924147607,0.4391690194606781,0.4097002148628235,0.15050245821475983,0.1404099315404892,0.002251236466690898,0.18456891179084778
0.020598486065864563,0.060063835233449936,0.1109836995601654,-0.19015344977378845,2.4179978370666504,2.915934454526282,752.2073811828001,0.8102187514305115,0.13534432649612427,0.05439988896250725,0.06548871099948883,0.0006634738529101014,0.7107060551643372
0.02093682810664177,0.05994461104273796,0.1198309063911438,-0.1507214903831482,2.3127212524414062,2.8631180776069263,789.0469216072012,0.7970783710479736,0.14180044829845428,0.05974910408258438,0.033646658062934875,0.0007653090870007873,0.7284338474273682
0.026547690853476524,0.06413762271404266,0.12266423553228378,-0.08063049614429474,2.0389342308044434,2.4159397917362613,587.3408889043494,0.8894181251525879,0.07282792031764984,0.03733806312084198,0.02336246892809868,0.0024807907175272703,0.8382768034934998
0.02454419806599617,0.05778052657842636,0.1139102354645729,-0.03785005584359169,1.9369077682495117,2.354141961399915,588.0860756822441,0.8981896638870239,0.060053639113903046,0.04175565764307976,0.016504881903529167,0.00032745188218541443,0.8605332374572754
0.01214392576366663,0.045510631054639816,0.08426101505756378,0.008691689930856228,3.055972099304199,3.747604517400404,1732.7037370106273,0.3626479208469391,0.4869345724582672,0.14981859922409058,0.14038649201393127,0.0006003624876029789,0.12309031188488007
0.01355227641761303,0.051224760711193085,0.09283249825239182,-0.07776658982038498,2.8326215744018555,3.779790134802721,1312.8034656419163,0.5652820467948914,0.3207288086414337,0.1138860285282135,0.08430200815200806,0.002591286785900593,0.3951534032821655
0.01770872250199318,0.06462196260690689,0.11743158102035522,-0.17284999787807465,2.993490695953369,3.6491600450560058,1616.4496432838728,0.46328428387641907,0.37533754110336304,0.1503988355398178,0.08387758582830429,0.003948672208935022,0.30686715245246887
0.021109674125909805,0.053895946592092514,0.10044455528259277,-0.11435636132955551,2.0983476638793945,2.55313967748029,644.667054933069,0.8641207814216614,0.0922250747680664,0.04355672001838684,0.03453034535050392,0.0007127428543753922,0.8064867258071899
0.023487940430641174,0.06428253650665283,0.12266747653484344,-0.1544618308544159,2.2706496715545654,2.7368315537813723,689.111521773247,0.8395572900772095,0.11429313570261002,0.04565915837883949,0.054732244461774826,0.002682795049622655,0.7511418461799622
0.012830543331801891,0.043424442410469055,0.08593253791332245,-0.15034818649291992,2.9541561603546143,3.3844585754566148,1597.1679820128486,0.41343337297439575,0.464184433221817,0.1223636269569397,0.10505758970975876,0.0028059312608093023,0.17786963284015656
0.03115331567823887,0.06410994380712509,0.12403217703104019,-0.0935143306851387,1.9295238256454468,2.0578850889328972,504.9822195801654,0.922370195388794,0.04889368265867233,0.028134535998106003,0.041257891803979874,0.0028408311773091555,0.8635339736938477
0.019961845129728317,0.05703410506248474,0.11338184773921967,-0.19215740263462067,2.4302406311035156,2.8571559737576138,925.2947643975648,0.7468777298927307,0.17675694823265076,0.07598761469125748,0.06542080640792847,0.001973620383068919,0.642707109451294
0.012254437431693077,0.04133282229304314,0.07992170006036758,-0.12042541801929474,2.9236056804656982,3.3728861500221226,1825.1035584519109,0.33792823553085327,0.4921732246875763,0.16975046694278717,0.12866556644439697,0.004354747012257576,0.09815564006567001
0.01490624900907278,0.0489160381257534,0.09588314592838287,-0.0789865031838417,2.7618649005889893,3.281579295549053,1438.7498197026114,0.5046107172966003,0.38825562596321106,0.10699547082185745,0.10288085788488388,0.0021912804804742336,0.3263065814971924
0.028449296951293945,0.0639529749751091,0.12403217703104019,-0.1640268713235855,2.145524024963379,2.247963282971476,583.1304548184721,0.8796533942222595,0.0884723886847496,0.031802088022232056,0.04605557397007942,0.0005522823776118457,0.8153232932090759
0.013659626245498657,0.046202462166547775,0.08727940917015076,-0.1786418855190277,2.799680233001709,3.382410421250783,1277.8095852449133,0.5812074542045593,0.31716981530189514,0.10028742998838425,0.11591435968875885,0.005787567235529423,0.37541937828063965
0.016144558787345886,0.058330144733190536,0.1089879721403122,-0.14631587266921997,2.8162882328033447,3.6129909462311693,1307.9198090628988,0.5600478649139404,0.3344816565513611,0.10547036677598953,0.10385261476039886,0.004461519420146942,0.37519770860671997
0.014176416210830212,0.054132744669914246,0.09511150419712067,-0.12281127274036407,2.711987018585205,3.818507009179125,1156.077509443361,0.6437841653823853,0.24893759191036224,0.10711325705051422,0.04919775575399399,0.0011412454769015312,0.5473058819770813
0.013105533085763454,0.06163641810417175,0.10814900696277618,-0.13885419070720673,2.997584342956543,4.703083628580079,1611.854026873817,0.4197753667831421,0.47367992997169495,0.10592374950647354,0.13541284203529358,0.0003308019367977977,0.18066218495368958
0.014326031319797039,0.053404614329338074,0.0943058654665947,-0.13188791275024414,2.8601865768432617,3.7278024271670285,1358.2653017548319,0.5456882119178772,0.3312114179134369,0.12309251725673676,0.11817175149917603,0.003218100406229496,0.3361726701259613
0.02174815535545349,0.06268173456192017,0.11765864491462708,-0.15467208623886108,2.3008193969726562,2.8821632701515605,772.9036503750001,0.804558277130127,0.13648930191993713,0.05814751237630844,0.05579496920108795,0.001972183585166931,0.7233560085296631
0.0330645889043808,0.06433773785829544,0.12403217703104019,-0.12589481472969055,1.9167431592941284,1.945819984104668,505.5492641028219,0.9227591753005981,0.0507337786257267,0.026506824418902397,0.02631515823304653,0.0012072906829416752,0.8814045190811157
0.016149725764989853,0.05138754844665527,0.1006971150636673,-0.2105354219675064,2.7094333171844482,3.18194557550158,1206.4160501025437,0.6032729148864746,0.2946663200855255,0.10131953656673431,0.053927112370729446,0.00025968911359086633,0.4854413568973541
0.025748157873749733,0.06405061483383179,0.12143002450466156,-0.18264710903167725,2.165893316268921,2.487580476452021,664.4644990252987,0.8556368947029114,0.09638936817646027,0.047950152307748795,0.04805026203393936,0.0016686677699908614,0.7839497923851013
0.026569848880171776,0.061979275196790695,0.12125122547149658,-0.06610741466283798,1.9120560884475708,2.3326920478163182,556.648884457874,0.9038210511207581,0.06418304890394211,0.031811319291591644,0.013022014871239662,0.0004917474579997361,0.8692485690116882
0.012884661555290222,0.045039109885692596,0.08151731640100479,-0.1835879534482956,2.7904019355773926,3.495560181299814,1238.6329435244702,0.5973832011222839,0.2820725440979004,0.12041052430868149,0.14225615561008453,0.0013920810306444764,0.37750568985939026
0.015896491706371307,0.052380893379449844,0.09817332774400711,-0.1457122266292572,2.8085193634033203,3.2951228701085338,1120.3807960002187,0.6389276385307312,0.27896854281425476,0.08090143650770187,0.10596854239702225,0.0022749598138034344,0.4568411111831665
0.017974182963371277,0.0643746629357338,0.11346843838691711,-0.24033840000629425,2.7519357204437256,3.581507046152714,1031.8168630604512,0.687598466873169,0.21920686960220337,0.09222597628831863,0.08173596858978271,0.006393574643880129,0.5452606678009033
0.01537210401147604,0.05577028915286064,0.09959307312965393,-0.18366248905658722,2.788543462753296,3.6280192423624853,1308.8403989220305,0.5736657381057739,0.29881519079208374,0.12748269736766815,0.09694909304380417,0.0033254369627684355,0.4045346975326538
0.0242706760764122,0.0642206221818924,0.1213049441576004,-0.11783767491579056,2.254983901977539,2.6460170279994837,701.8695035334064,0.8375848531723022,0.11309784650802612,0.04914989694952965,0.027494406327605247,0.002020931337028742,0.7828924655914307
0.01366156991571188,0.04891650751233101,0.08866659551858902,-0.21591809391975403,2.800711154937744,3.5805919678742475,1226.9784213570654,0.5985026955604553,0.2983214259147644,0.10300261527299881,0.07711511850357056,0.001244738814420998,0.45203477144241333
0.019558724015951157,0.05336778238415718,0.10354720056056976,-0.15504586696624756,2.185877799987793,2.728592230142641,661.0142338175581,0.8556104898452759,0.09882374852895737,0.04555263742804527,0.03923974186182022,0.00021656877652276307,0.7934049963951111
0.014305153861641884,0.045433226972818375,0.08995872735977173,-0.006280121393501759,2.7789955139160156,3.176004075808503,1417.8987599340874,0.5215338468551636,0.3663543164730072,0.11135618388652802,0.08752463012933731,0.001162912929430604,0.33720529079437256
0.01386142149567604,0.04745219275355339,0.08390673249959946,-0.1665293574333191,2.7235586643218994,3.4233280306015073,1269.099269346251,0.5752345323562622,0.3201359808444977,0.1040470227599144,0.12359724193811417,0.0009429295314475894,0.37112075090408325
0.015397132374346256,0.058230895549058914,0.1037115603685379,-0.2770111858844757,2.8612053394317627,3.781931214821383,1261.0876586920022,0.5808015465736389,0.3136102557182312,0.10504907369613647,0.09237257391214371,0.0006934727425687015,0.4175996482372284
0.022865671664476395,0.05817939713597298,0.11250327527523041,-0.10465236008167267,2.103233814239502,2.5443992193684304,613.761168908432,0.8725784420967102,0.08916120231151581,0.03809645026922226,0.031594596803188324,0.0021016758400946856,0.8197318911552429
0.013827093876898289,0.04481539875268936,0.08880870044231415,-0.08697420358657837,2.6326305866241455,3.2411292747729052,1372.2057976618557,0.5415437817573547,0.3435726463794708,0.1148819550871849,0.06842190027236938,0.0018866579048335552,0.36866477131843567
0.031078338623046875,0.06454691290855408,0.1240321695804596,-0.029586831107735634,1.8771450519561768,2.076910020492887,529.4846765089854,0.9159801602363586,0.051844272762537,0.032157935202121735,0.02131357043981552,0.00010367085633333772,0.8810495138168335
0.01267137099057436,0.051767703145742416,0.09320823848247528,-0.110236756503582,3.1871891021728516,4.085406636753401,1772.7838915557697,0.34627142548561096,0.5245365500450134,0.1291877180337906,0.13797414302825928,0.003385568503290415,0.10777673125267029
0.012043850496411324,0.04116365313529968,0.08187171816825867,-0.02227400615811348,2.855926513671875,3.4178150205490594,1503.802675155784,0.49012309312820435,0.37407323718070984,0.1345697045326233,0.14112026989459991,0.0020668429788202047,0.26808688044548035
0.016779715195298195,0.052579887211322784,0.0998278558254242,-0.18989554047584534,2.70084285736084,3.1335387160160226,1212.3693609110437,0.6047490239143372,0.2899235486984253,0.1049245074391365,0.03517352044582367,0.0009948000079020858,0.5000189542770386
0.017624350264668465,0.05467362701892853,0.09800875931978226,-0.2623651325702667,2.5463755130767822,3.102164119231708,831.921622829564,0.7775329947471619,0.15420424938201904,0.067656971514225,0.07584351301193237,0.0007617292576469481,0.6712276339530945
0.031522270292043686,0.06397325545549393,0.1240321695804596,-0.010184559039771557,1.745073676109314,2.0294621821579746,493.74993389195373,0.9323151111602783,0.043330565094947815,0.02429880015552044,0.001009310595691204,0.0004886931274086237,0.9092686772346497
0.013432539999485016,0.04846377670764923,0.08945818245410919,-0.024661703035235405,2.8808035850524902,3.6079383873712136,1710.590381643679,0.38468503952026367,0.4846036434173584,0.1300983726978302,0.12404512614011765,0.0032574920915067196,0.17501302063465118
0.015210941433906555,0.05036988481879234,0.09808924049139023,-0.0038502083625644445,2.8847033977508545,3.311424544913566,1546.6362182815735,0.44817018508911133,0.4368349611759186,0.11478723585605621,0.10555559396743774,0.004331678152084351,0.23917339742183685
0.018846498802304268,0.057203780859708786,0.10366944968700409,-0.19690920412540436,2.3201234340667725,3.0352471011580953,721.5951977598905,0.8216219544410706,0.1268816888332367,0.051403533667325974,0.05545937642455101,0.00016774771211203188,0.730835497379303
0.0374947190284729,0.06482104957103729,0.12403217703104019,-0.0925695076584816,1.7775838375091553,1.7288047823503998,478.368114809833,0.9357172250747681,0.03953469172120094,0.024705465883016586,0.026796912774443626,0.0014989818446338177,0.8881720304489136
0.019875751808285713,0.056869931519031525,0.10695484280586243,-0.20491290092468262,2.390838146209717,2.8612719692174147,781.147657024651,0.8018752336502075,0.1383686363697052,0.05930304527282715,0.06823490560054779,0.0015697847120463848,0.7009519934654236
0.017110416665673256,0.05968033894896507,0.10921881347894669,-0.16115090250968933,2.8818325996398926,3.487953573053964,1355.4028599902742,0.5479841828346252,0.3376036286354065,0.11259777098894119,0.09442327916622162,0.005248549394309521,0.36517077684402466
0.01457197405397892,0.04815332964062691,0.09511929750442505,-0.09379691630601883,2.8130710124969482,3.304516564396022,1390.4920146294912,0.5202425122261047,0.3668542206287384,0.11281969398260117,0.07755353301763535,0.0005373013555072248,0.3729691803455353
0.014684432186186314,0.05315234512090683,0.104578897356987,-0.023949092254042625,3.2324118614196777,3.6196391146324167,1851.1444534359932,0.3432709872722626,0.507156252861023,0.1494760662317276,0.10678402334451675,0.0037380133289843798,0.1568414568901062
0.014216775074601173,0.054781507700681686,0.10323242843151093,-0.06515789031982422,2.917203187942505,3.8533005839487253,1528.0204209179312,0.4547305405139923,0.4235871732234955,0.12146130204200745,0.11755077540874481,0.0030451633501797915,0.26172956824302673
0.02760811150074005,0.06297282874584198,0.12271648645401001,-0.1182168498635292,2.009248971939087,2.2809538690059625,529.0010611066886,0.9107577800750732,0.05947476252913475,0.02970435470342636,0.04014602676033974,0.0020077626686543226,0.8501518368721008
0.015460851602256298,0.0487435981631279,0.09368813037872314,-0.134335458278656,2.6717889308929443,3.1527110804725487,1230.6555801249674,0.5824118852615356,0.32050666213035583,0.09696698188781738,0.10816342383623123,0.003996517043560743,0.3951644003391266
0.015079615637660027,0.049796588718891144,0.08805428445339203,-0.1543176919221878,2.732342481613159,3.3022452237593014,1321.7641517301663,0.552509605884552,0.34506481885910034,0.10211595147848129,0.06276220083236694,0.0006019583670422435,0.40186136960983276
0.010708566755056381,0.038604412227869034,0.06981716305017471,-0.040102165192365646,2.9074554443359375,3.60500271486245,1731.0218734233408,0.38272595405578613,0.46344617009162903,0.1515897810459137,0.11880607903003693,0.0027945195324718952,0.1554277539253235
0.015025722794234753,0.044789887964725494,0.08635307848453522,-0.12688232958316803,2.5614326000213623,2.9808807586234805,1044.4422736181857,0.6810758113861084,0.23369823396205902,0.08512197434902191,0.07451241463422775,0.00061899604042992,0.5450300574302673
0.013414210639894009,0.05615647882223129,0.0991031751036644,-0.2172745019197464,3.3608932495117188,4.186342404005121,1915.1205807451154,0.2945026159286499,0.5434236526489258,0.16206757724285126,0.11713128536939621,0.003244393039494753,0.08399652689695358
0.01645674556493759,0.05163842812180519,0.09458218514919281,-0.1710740029811859,2.489107608795166,3.137827458953194,915.5850098106347,0.7461506128311157,0.17784959077835083,0.07497170567512512,0.03794116526842117,0.00043071736581623554,0.667275607585907
0.03651417791843414,0.0646529421210289,0.1240321695804596,-0.08185947686433792,1.8358945846557617,1.7706257077368928,472.8325905725687,0.9363923668861389,0.03928470239043236,0.024322276934981346,0.04296453297138214,0.0018010198837146163,0.8764313459396362
0.015140417031943798,0.05646093189716339,0.10273931920528412,-0.1972888559103012,2.853914976119995,3.7291530196500484,1454.393696300432,0.4933401346206665,0.39351606369018555,0.11229788511991501,0.07755623757839203,0.0015415867092087865,0.3392658531665802
0.009420237503945827,0.03664718195796013,0.06455081701278687,0.1886657178401947,3.0535199642181396,3.8902609343681163,1785.110825971393,0.363594114780426,0.46162891387939453,0.17102332413196564,0.07983562350273132,0.0008048597956076264,0.1500128209590912
0.02711595594882965,0.06414679437875748,0.1240321695804596,-0.10674405097961426,2.0171608924865723,2.365647535991091,537.4493709368737,0.9079849720001221,0.06272447109222412,0.029257340356707573,0.03148115798830986,0.0012254798784852028,0.8588727712631226
0.0121546545997262,0.04796576499938965,0.08465184271335602,-0.05741037428379059,2.9216599464416504,3.9462877864521015,1645.0074553846673,0.4105081260204315,0.4447082281112671,0.14361153542995453,0.11078818887472153,0.0010100194485858083,0.1954174041748047
0.017866700887680054,0.059091679751873016,0.11425171792507172,-0.24349898099899292,2.5435216426849365,3.3073638004043713,871.4716998385353,0.7624197602272034,0.1663866937160492,0.07119021564722061,0.07882276922464371,0.0017903411062434316,0.6363975405693054
0.03239031508564949,0.0638437420129776,0.1240321695804596,-0.04348427802324295,1.780686378479004,1.9710750525947325,515.7879679161565,0.9210159182548523,0.05250385403633118,0.02636491321027279,0.0097987474873662,0.00031756178941577673,0.895965039730072
0.012192514725029469,0.048081666231155396,0.092668816447258,-0.15054546296596527,3.084157943725586,3.9435397300367536,1654.334136298196,0.41233426332473755,0.4366125166416168,0.15050172805786133,0.13008707761764526,0.0007800968596711755,0.19607289135456085
0.015339094214141369,0.04997289553284645,0.09131230413913727,-0.14415547251701355,2.6258246898651123,3.2578778663161034,1083.7937732793578,0.6758314371109009,0.22244560718536377,0.10171862691640854,0.06676197052001953,0.002176607260480523,0.5553411841392517
0.017893221229314804,0.06428363174200058,0.11432263255119324,-0.2252228707075119,2.6466245651245117,3.5926248781349033,1072.069534042143,0.6699657440185547,0.2446749210357666,0.08533080667257309,0.07468404620885849,0.0037899429444223642,0.5560005903244019
0.0232527032494545,0.05589092895388603,0.10983392596244812,-0.006749400403350592,1.9547911882400513,2.403631455314495,623.6698090618305,0.8778088688850403,0.08057834953069687,0.04157937690615654,0.015119604766368866,0.00044821100891567767,0.8326858878135681
0.019354699179530144,0.056874241679906845,0.11166729032993317,-0.21517783403396606,2.456892967224121,2.9385236706297913,841.6793015182407,0.7776683568954468,0.15454664826393127,0.06756430864334106,0.07151863723993301,0.0014643508475273848,0.6738801002502441
0.03451390564441681,0.0644657164812088,0.1240321695804596,-0.04372406750917435,1.8085918426513672,1.8678186451427983,497.4978565361286,0.9294283986091614,0.04567277804017067,0.024867910891771317,0.014139493927359581,5.366521509131417e-05,0.8965535759925842
0.025042202323675156,0.06442546099424362,0.1240321695804596,-0.11148647964000702,2.1519739627838135,2.5726755242594,605.4122457551287,0.8777989745140076,0.08722144365310669,0.03476203605532646,0.022792337462306023,0.000595992780290544,0.8316105604171753
0.01301572099328041,0.0432855449616909,0.08285466581583023,-0.17301683127880096,2.872188091278076,3.325635589508424,1504.449059231518,0.5007823705673218,0.3585571348667145,0.13877710700035095,0.07541339099407196,0.003881794400513172,0.347659707069397
0.013182280585169792,0.04249788075685501,0.08098342269659042,-0.08128350228071213,2.8087923526763916,3.2238640710956887,1441.1038700892786,0.5011401176452637,0.3759804964065552,0.12270946800708771,0.09980974346399307,0.0006609099800698459,0.3105151355266571
0.027511855587363243,0.06449275463819504,0.12072606384754181,-0.11830516159534454,1.9677670001983643,2.3441804727076896,538.8449027544096,0.9105828404426575,0.058256447315216064,0.03111129067838192,0.029019566252827644,0.0004534734762273729,0.864111602306366
0.013768889009952545,0.04528670758008957,0.08202410489320755,-0.17639286816120148,2.6372780799865723,3.2890603987050797,1278.5052607579678,0.5761110782623291,0.32935619354248047,0.09429235756397247,0.10458502173423767,0.0012649899581447244,0.3940158486366272
0.016262050718069077,0.05223321542143822,0.09421820938587189,-0.20186877250671387,2.557877540588379,3.2119697769844566,1147.6015420649867,0.6415729522705078,0.2588956356048584,0.09852423518896103,0.05528345704078674,0.0032352327834814787,0.5404258966445923
0.029754817485809326,0.06397638469934464,0.12403217703104019,-0.07481971383094788,2.0424964427948,2.150118538878827,603.5488239582158,0.8822799921035767,0.07874948531389236,0.03870389610528946,0.024733740836381912,0.0004641189007088542,0.8324059844017029
0.012015389278531075,0.04154397174715996,0.07973811030387878,-0.056078046560287476,2.844698190689087,3.457563527960976,1533.0159992043693,0.46457016468048096,0.4055076837539673,0.1299026608467102,0.08018472045660019,0.0058441003784537315,0.2631821036338806
0.03222888335585594,0.0641646459698677,0.12403217703104019,-0.10062653571367264,1.9568231105804443,1.9909050294855524,537.1602395877052,0.9068564176559448,0.0635586529970169,0.029574956744909286,0.042227327823638916,0.0017906514694914222,0.8382253050804138
0.01577901840209961,0.05265301838517189,0.10467284917831421,-0.02848113887012005,2.9135541915893555,3.33690075263673,1602.9619225065621,0.45509177446365356,0.3948843777179718,0.14329956471920013,0.09460877627134323,0.0016910474514588714,0.2781405448913574
0.036024756729602814,0.06452355533838272,0.1240321695804596,-0.0655142143368721,1.7990834712982178,1.791089272882455,475.9500936883818,0.935254693031311,0.04273819923400879,0.021823015064001083,0.027967022731900215,0.0007718463893979788,0.8910150527954102
0.01570158638060093,0.05571470037102699,0.10056495666503906,-0.18444249033927917,2.7325544357299805,3.5483484927556947,1199.8126766338164,0.6090455651283264,0.29795345664024353,0.09278323501348495,0.10572405159473419,0.004279194865375757,0.43313413858413696
0.022234031930565834,0.059491321444511414,0.11130647361278534,-0.13167743384838104,2.2791500091552734,2.6756875058747718,731.0766013563626,0.8208770155906677,0.12729410827159882,0.0516570508480072,0.027065914124250412,0.0005071514169685543,0.7646577954292297
0.03788809850811958,0.06396548449993134,0.12403217703104019,-0.025289462879300117,1.648634910583496,1.688273812013421,478.1686557553259,0.9432138204574585,0.032297104597091675,0.02448897249996662,0.0034540160559117794,0.00015223999798763543,0.9243293404579163
0.030171247199177742,0.06379369646310806,0.12403217703104019,-0.09395497292280197,2.0185797214508057,2.1143871196260076,560.628438490061,0.8978450298309326,0.0671929344534874,0.03481237590312958,0.05103953555226326,0.001915581407956779,0.8311263918876648
0.01649082452058792,0.049161627888679504,0.0926206037402153,-0.17132465541362762,2.4848194122314453,2.9811503860418056,851.8601670643561,0.7785592079162598,0.15015597641468048,0.07117602974176407,0.06293892115354538,0.0014537512324750423,0.6808017492294312
0.02934589982032776,0.06385169178247452,0.1240321695804596,-0.12001121789216995,2.0165257453918457,2.1758300877204295,519.9043961992359,0.9155665636062622,0.056213799864053726,0.028058640658855438,0.04686177149415016,0.0021559796296060085,0.8518477082252502
0.021507635712623596,0.06419558823108673,0.11510176956653595,-0.1096973717212677,2.2086145877838135,2.9847812695852607,618.5265491056306,0.8756893873214722,0.08334911614656448,0.04072340950369835,0.02728600613772869,0.0007536195334978402,0.810887336730957
0.014217446558177471,0.05063902586698532,0.09134352207183838,-0.15725521743297577,2.905880928039551,3.5617525028991537,1583.2373797360374,0.438766747713089,0.4417978525161743,0.11915744841098785,0.0937059223651886,0.0014040485257282853,0.26240992546081543
0.01379848551005125,0.05567965656518936,0.10454902052879333,-0.16230320930480957,3.1697452068328857,4.035200567525715,1750.6424568379357,0.38393041491508484,0.46896836161613464,0.14672012627124786,0.06439817696809769,0.001180648454464972,0.2115601897239685
0.01906847395002842,0.06442926079034805,0.1240321695804596,0.005171642173081636,2.360170841217041,3.3788367624915887,796.2120271823177,0.7941203713417053,0.14380992949008942,0.06182891130447388,0.01375562697649002,0.0010412419214844704,0.7307187914848328
0.02224303036928177,0.059776194393634796,0.11149393767118454,-0.04102008789777756,2.0595498085021973,2.6874123443854097,598.5254597544603,0.8839398622512817,0.0780310183763504,0.03802696242928505,0.02467644028365612,0.00010882898641284555,0.8312472701072693
0.01368203479796648,0.04409309849143028,0.08091682940721512,-0.11459609866142273,2.796840190887451,3.222700361408305,1564.7980020915213,0.4579855501651764,0.40020760893821716,0.14174924790859222,0.08050225675106049,0.0031268284656107426,0.2849121391773224
0.019317148253321648,0.05756792053580284,0.1071329414844513,-0.1898142546415329,2.3437976837158203,2.980145918946587,818.9639591446809,0.7861822843551636,0.15225180983543396,0.0605044886469841,0.04284899681806564,0.0009773223428055644,0.7126813530921936
0.016383329406380653,0.05719541385769844,0.09991423785686493,-0.24510988593101501,2.655019760131836,3.4910739102841966,943.7058822258322,0.7295553684234619,0.18602262437343597,0.08380326628684998,0.09451223909854889,0.0027459939010441303,0.590643584728241
0.01256992481648922,0.042242154479026794,0.08269719779491425,-0.05634830892086029,2.831382989883423,3.3605733600134973,1443.4482378799582,0.5157963633537292,0.3713354170322418,0.11266757547855377,0.0719299167394638,0.0021736552007496357,0.35260751843452454
0.014492328278720379,0.05019819363951683,0.09573675692081451,-0.22379863262176514,2.7586631774902344,3.4637770184767973,1031.7797053896602,0.6928197741508484,0.23078174889087677,0.07632269710302353,0.07227277010679245,0.0010875350562855601,0.5689101219177246
0.014010711573064327,0.04783586040139198,0.08922803401947021,-0.012380010448396206,2.9025254249572754,3.414234897957821,1706.7641178596564,0.38653501868247986,0.46846139430999756,0.14472539722919464,0.1258273720741272,0.004433690570294857,0.1475953757762909
0.018568824976682663,0.0565803125500679,0.10589040815830231,-0.15604764223098755,2.492286205291748,3.047059392183951,919.4344587753601,0.7382684350013733,0.18861733376979828,0.07308029383420944,0.050345588475465775,0.0011849344009533525,0.6482179760932922
0.01592692732810974,0.060639090836048126,0.1105269119143486,-0.1324664205312729,3.0807530879974365,3.8073314194896652,1512.427534376645,0.4812743663787842,0.3988122045993805,0.11942122131586075,0.09076943248510361,0.006453684531152248,0.286949098110199
0.035564836114645004,0.06417781114578247,0.1240321695804596,-0.056460827589035034,1.797680139541626,1.8045299277381064,482.65569235300944,0.93137526512146,0.04650605097413063,0.021978547796607018,0.020864490419626236,0.0012439379934221506,0.8840667605400085
0.032084327191114426,0.06389593333005905,0.1240321695804596,-0.07516732811927795,1.9404377937316895,1.9914998668185622,559.4987438450163,0.9013106226921082,0.06381647288799286,0.034479737281799316,0.02480955794453621,0.0004387832887005061,0.8551225066184998
0.011738541536033154,0.039511553943157196,0.07705599814653397,-0.09190637618303299,2.9130327701568604,3.3659678946063947,1604.326386325349,0.4179377257823944,0.45699700713157654,0.12498725950717926,0.1783323436975479,0.00403455039486289,0.1545979380607605
0.013241319917142391,0.050519440323114395,0.08803379535675049,-0.14334571361541748,2.931123733520508,3.815287345629038,1525.6079563551514,0.46216315031051636,0.42041531205177307,0.11694792658090591,0.1415698081254959,0.007143679074943066,0.2291485220193863
0.01273062638938427,0.05294792354106903,0.09998680651187897,0.07270451635122299,3.1840944290161133,4.15909806143253,1856.4523224707302,0.3260619342327118,0.5164287686347961,0.15750816464424133,0.11696939170360565,0.0016039239708334208,0.1113579124212265
0.012065560556948185,0.0404605008661747,0.07818185538053513,-0.06152493506669998,2.9376657009124756,3.3533875754758324,1642.5721636536175,0.4225754737854004,0.41848108172416687,0.15876555442810059,0.09470554441213608,0.0027704464737325907,0.24813976883888245
0.015033313073217869,0.04792394861578941,0.08968522399663925,-0.21820850670337677,2.734961986541748,3.187850101916588,991.6149408586897,0.7047619223594666,0.21532413363456726,0.07990767061710358,0.0730975940823555,0.0008899627136997879,0.5545943975448608
0.013285785913467407,0.04759804531931877,0.08609941601753235,-0.012659917585551739,2.8873496055603027,3.582629256993176,1457.3649437582535,0.5012024641036987,0.38256651163101196,0.11620193719863892,0.11983489245176315,0.003728527808561921,0.21310977637767792
0.018173744902014732,0.053374502807855606,0.10069595277309418,-0.22126221656799316,2.5124671459198,2.9369017278877747,948.2490075544513,0.7204659581184387,0.20550893247127533,0.07390566915273666,0.08242332190275192,0.004266537260264158,0.5725823640823364
0.014941388741135597,0.052031803876161575,0.09289373457431793,-0.15454421937465668,2.8597097396850586,3.4823940916167198,1125.2235729034878,0.6351597905158997,0.2693958878517151,0.09541705995798111,0.12120722979307175,0.0022468206007033587,0.4299290180206299
0.012019426561892033,0.039110634475946426,0.07496912777423859,-0.07472951710224152,2.8169615268707275,3.2539517814180887,1402.4034781315358,0.5026381015777588,0.38750308752059937,0.10932314395904541,0.09852603077888489,0.002959907753393054,0.2872350513935089
0.03653484210371971,0.06405419111251831,0.1240321695804596,-0.05108827352523804,1.7910757064819336,1.753235744906738,497.683723996366,0.9269161820411682,0.049072276800870895,0.023935742676258087,0.01384921744465828,0.00018200778868049383,0.8956788182258606
0.015517514199018478,0.05428057536482811,0.09886302053928375,-0.22786228358745575,2.739773750305176,3.4980200220962887,1197.5592756372794,0.6191376447677612,0.2697923183441162,0.11035557836294174,0.11769665777683258,0.005249922163784504,0.44082868099212646
0.012333122082054615,0.03986966237425804,0.07768507301807404,-0.17448531091213226,2.809175729751587,3.23273069915021,1277.630230718732,0.5927907824516296,0.28230541944503784,0.12387964874505997,0.08815035969018936,0.00032395037123933434,0.4256736934185028
0.01614709384739399,0.0506710484623909,0.09126192331314087,-0.17562034726142883,2.4441723823547363,3.13809091209504,915.8278847738493,0.7530967593193054,0.16980062425136566,0.07688448578119278,0.04607049375772476,0.004597454331815243,0.67027348279953
0.022506041452288628,0.06438639760017395,0.12264951318502426,-0.05640340968966484,2.1929683685302734,2.8608495071782465,655.7031125760891,0.8623104095458984,0.08873096853494644,0.048166073858737946,0.026036109775304794,0.0009627143735997379,0.8032805323600769
0.018329506739974022,0.061537764966487885,0.10633371770381927,-0.228182852268219,2.5721635818481445,3.357306109548794,1001.1188203325023,0.6983929872512817,0.22464653849601746,0.07641415297985077,0.07655945420265198,0.001568999607115984,0.5831839442253113
0.014165202155709267,0.05045456439256668,0.0931362733244896,-0.0849030539393425,2.933506965637207,3.5618668787348837,1488.368387003032,0.4829743504524231,0.37556207180023193,0.1413973867893219,0.12742188572883606,0.005959128495305777,0.2572598457336426
0.012655161321163177,0.04304436966776848,0.07464566826820374,-0.12808379530906677,2.6769518852233887,3.401329194625454,1458.9447986082753,0.5191001296043396,0.3490155041217804,0.13145461678504944,0.07425171881914139,0.0006428526830859482,0.3336869180202484
0.013873045332729816,0.04584453999996185,0.08917628228664398,-0.0729837715625763,2.786221504211426,3.3045765293146627,1449.3720645341473,0.500656008720398,0.3790486454963684,0.12007523328065872,0.10200126469135284,0.0005850926972925663,0.297370046377182
0.01570081152021885,0.05265173688530922,0.10509537905454636,-0.08838503062725067,3.064969539642334,3.3534404775290167,2175.785927483504,0.23346905410289764,0.54417884349823,0.20576797425746918,0.07530835270881653,0.002871802542358637,0.08578983694314957
0.03466096147894859,0.06408914923667908,0.1240321695804596,-0.07933443784713745,1.895243763923645,1.849029758558623,498.60838504385464,0.9222672581672668,0.052840158343315125,0.02486474998295307,0.036076515913009644,0.00046904507325962186,0.8693588376045227
0.02280198410153389,0.062436096370220184,0.11857624351978302,-0.10320193320512772,2.0150938034057617,2.7381869967746324,566.9030659476938,0.8963295221328735,0.06913315504789352,0.03425419703125954,0.028408396989107132,0.0009091929532587528,0.8480710387229919
0.02990465983748436,0.06428195536136627,0.1240321695804596,-0.10607966035604477,2.0352931022644043,2.1495631687019463,570.4262168460449,0.8924886584281921,0.07303595542907715,0.03364162892103195,0.041970063000917435,0.004448824096471071,0.8300763368606567
0.015853866934776306,0.04855972155928612,0.0899927169084549,-0.13446953892707825,2.4002201557159424,3.0629575583042654,767.5008371435567,0.8120527267456055,0.12334388494491577,0.06459839642047882,0.05562485754489899,0.002933279611170292,0.705003023147583
0.01487528532743454,0.04479604959487915,0.08619028329849243,-0.09222865104675293,2.484496831893921,3.011441367732974,1058.381297094967,0.6847411394119263,0.2249886691570282,0.08925734460353851,0.046866144984960556,0.0011221255408599973,0.5946499109268188
0.024289024993777275,0.06421256065368652,0.1240321695804596,-0.07184004783630371,2.079468011856079,2.643686219084289,629.1346819768754,0.8685411810874939,0.09089349955320358,0.040500443428754807,0.023225583136081696,0.0016792506212368608,0.823367178440094
0.014466054737567902,0.046687427908182144,0.08926992863416672,-0.1940803825855255,2.900874137878418,3.227378075910977,1476.4852130974864,0.513981819152832,0.3570927679538727,0.12892529368400574,0.06465640664100647,0.0016998893115669489,0.34798920154571533
0.014067307114601135,0.04889586195349693,0.09557562321424484,-0.1857854127883911,2.7378525733947754,3.475850889703667,1143.0973595875446,0.6557291150093079,0.2301173210144043,0.11364240944385529,0.05924922972917557,0.0010564068797975779,0.528973400592804
0.01148604042828083,0.04119015857577324,0.07444876432418823,-0.03784247115254402,3.0242865085601807,3.5861060066242736,1916.8962712572177,0.30979716777801514,0.5130977630615234,0.17708292603492737,0.13582351803779602,0.0033023632131516933,0.0845458060503006
0.017896518111228943,0.05506002902984619,0.10915710031986237,-0.07835803925991058,2.7438132762908936,3.076577727833153,1537.3921660920364,0.4745663106441498,0.40560054779052734,0.11697003990411758,0.08284386992454529,0.003425723174586892,0.31610071659088135
0.024275537580251694,0.06393631547689438,0.1240321695804596,-0.18116143345832825,2.3494019508361816,2.6337754730619523,715.4723316975209,0.8231738209724426,0.12864691019058228,0.048123203217983246,0.056212350726127625,0.004762282129377127,0.7390095591545105
0.01356487162411213,0.05257917195558548,0.09592778235673904,-0.10858964920043945,2.957321882247925,3.8761275011440333,1620.0623018597914,0.42146411538124084,0.44504398107528687,0.13334739208221436,0.10925082862377167,0.005066288635134697,0.21634484827518463
0.010700532235205173,0.032447535544633865,0.06331048905849457,-0.03904836252331734,2.788674831390381,3.0323291242325183,1493.3991769395852,0.49939268827438354,0.35769444704055786,0.13872545957565308,0.058500103652477264,0.0028722300194203854,0.31324636936187744
0.01704620011150837,0.06043965741991997,0.1087782084941864,-0.16678448021411896,2.677276134490967,3.5456381493239553,1075.694412528199,0.6648546457290649,0.2540036141872406,0.08107190579175949,0.05907246470451355,0.0010726430919021368,0.5380812883377075
0.014450100250542164,0.047330278903245926,0.09056581556797028,-0.17105890810489655,2.6128623485565186,3.2754291028669282,1029.4326409070652,0.6977454423904419,0.2094058096408844,0.0921960100531578,0.06123128905892372,0.0028440470341593027,0.5722225904464722
0.022306786850094795,0.06383192539215088,0.11700186133384705,0.022063208743929863,1.9139647483825684,2.8615472868526592,600.7740964961225,0.8891147375106812,0.07166435569524765,0.039198193699121475,0.0011499656829982996,7.838214514777064e-05,0.8624587059020996
0.02538461610674858,0.0642509013414383,0.1240321695804596,-0.0597638376057148,2.0860211849212646,2.5310960413471015,616.3141884019981,0.872751772403717,0.08879600465297699,0.03759618103504181,0.02706379070878029,0.0007569413282908499,0.8169151544570923
0.015050020068883896,0.045709531754255295,0.0847800001502037,-0.1121581420302391,2.5293240547180176,3.0371741394367406,1101.0834112851703,0.6714386343955994,0.22530095279216766,0.10323315113782883,0.05073855072259903,0.00033784916740842164,0.5647282004356384
0.015108325518667698,0.05345232039690018,0.0963372141122818,-0.07933071255683899,2.7937934398651123,3.5379380942856358,1357.9081639602575,0.5468393564224243,0.34329754114151,0.1079118624329567,0.10098233073949814,0.0013365332270041108,0.3587014377117157
0.032234836369752884,0.06419476866722107,0.12403217703104019,-0.11178217083215714,1.9616013765335083,1.9914718327984404,497.92432841504956,0.9244980216026306,0.05216581001877785,0.02330932207405567,0.03828238323330879,0.0014575949171558022,0.8704339861869812
0.011174380779266357,0.039706431329250336,0.07420836389064789,0.020211562514305115,2.899644374847412,3.5533451123637003,1823.5344983054324,0.3389910161495209,0.509534478187561,0.15143908560276031,0.12629523873329163,0.006207058671861887,0.10593198239803314
0.015835974365472794,0.05387736111879349,0.10099458694458008,-0.23275960981845856,2.708444595336914,3.40221320595594,1068.431368825069,0.6719375252723694,0.2354128062725067,0.09208905696868896,0.08873015642166138,0.0009071023669093847,0.5305628776550293
0.018961865454912186,0.06080331280827522,0.1050313413143158,-0.10806050896644592,2.338433265686035,3.2066102857679097,745.9214331740827,0.8206395506858826,0.11829505115747452,0.06055205687880516,0.046764764934778214,0.0017423216486349702,0.7428598403930664
0.013350345194339752,0.04641528055071831,0.08869320154190063,-0.09435536712408066,3.066960573196411,3.4767101428149316,1770.6211656690068,0.3659846782684326,0.4961317777633667,0.13788346946239471,0.1067136824131012,0.004635978024452925,0.1646486520767212
0.014971689321100712,0.05499278008937836,0.09704086929559708,-0.16645120084285736,2.881354331970215,3.6731179031480323,1528.744860454315,0.46266910433769226,0.40395045280456543,0.13314636051654816,0.08379089832305908,0.004924807697534561,0.28964728116989136
0.014289348386228085,0.04757394641637802,0.09121710807085037,-0.13554246723651886,2.826235771179199,3.3293293106983053,1379.843684849508,0.5355471968650818,0.348982036113739,0.11546844244003296,0.116178959608078,0.0021204848308116198,0.33324652910232544
0.029850319027900696,0.06368496268987656,0.1240321695804596,-0.09490024298429489,2.0423784255981445,2.1334767855652594,606.0652710046455,0.8807880282402039,0.07647282630205154,0.0425708033144474,0.04678690806031227,0.0014076889492571354,0.8060761094093323
0.010329220443964005,0.03923017159104347,0.07576730847358704,-0.07514253258705139,3.0742483139038086,3.7979798959726994,1817.1619563212444,0.3789132237434387,0.43611806631088257,0.18448887765407562,0.06187400594353676,0.0030377611983567476,0.15297572314739227
0.024063602089881897,0.0641624927520752,0.12222399562597275,-0.13502192497253418,2.1970291137695312,2.6663710823404716,686.1941354350118,0.8346952199935913,0.123599573969841,0.04168305546045303,0.05590153485536575,0.0024256121832877398,0.7476157546043396
0.01402406394481659,0.05123519152402878,0.09699100255966187,0.0668349415063858,3.005974769592285,3.6533769185580725,1695.8991254554037,0.376341849565506,0.4973050653934479,0.1260855793952942,0.11193907260894775,0.004449706058949232,0.17301788926124573
0.014340249821543694,0.05144602060317993,0.09521768987178802,-0.14987869560718536,2.778801202774048,3.5875261058774472,1351.5224859539026,0.5622761845588684,0.31133586168289185,0.12630975246429443,0.0904560387134552,0.0007546720444224775,0.3760683834552765
0.01168742123991251,0.03997205197811127,0.07392875105142593,-0.06519205868244171,2.893653154373169,3.4200916655751854,1742.5662830827134,0.3801284432411194,0.4567607343196869,0.1621081680059433,0.12743327021598816,0.0034773240331560373,0.14934253692626953
0.014186153188347816,0.05280952900648117,0.09779100120067596,-0.08389812707901001,2.932893753051758,3.7226109362850464,1635.9277435399342,0.41433021426200867,0.45321398973464966,0.1324460655450821,0.0519428588449955,0.006728953216224909,0.22987468540668488
0.014840763062238693,0.04450986906886101,0.08441431820392609,-0.15717296302318573,2.659076690673828,2.999163107664872,1130.594802835172,0.6381819844245911,0.2768196165561676,0.08468088507652283,0.12601105868816376,0.0033170105889439583,0.4228743314743042
0.020299645140767097,0.054931022226810455,0.10316318273544312,-0.08951869606971741,2.172464370727539,2.7060089889841628,667.7967782860565,0.8584095239639282,0.08846357464790344,0.05309288576245308,0.048069000244140625,0.002102128230035305,0.7814944982528687
0.015804283320903778,0.058382268995046616,0.10184279084205627,-0.2147330343723297,2.760343551635742,3.6940788649449443,1257.0781991414733,0.5962695479393005,0.29359498620033264,0.10986346006393433,0.06886070221662521,0.003134754952043295,0.4618781507015228
0.030795512720942497,0.06416861712932587,0.1240321695804596,-0.09595416486263275,1.949841022491455,2.083700236093302,585.24531608926,0.8891491889953613,0.07738035172224045,0.03291282430291176,0.012963483110070229,0.00048069958575069904,0.8599698543548584
0.014020794071257114,0.055728018283843994,0.10036949068307877,-0.05042678117752075,2.842914581298828,3.974669194672275,1592.546252036002,0.437175452709198,0.4400220215320587,0.12242738157510757,0.1150708794593811,0.005946326535195112,0.20084872841835022
0.012322988361120224,0.03986251726746559,0.0783185064792633,-0.09941297024488449,2.750955820083618,3.234809292687433,1574.254843166657,0.45084989070892334,0.41297033429145813,0.1358434557914734,0.10655238479375839,0.001569573301821947,0.2387596070766449
0.018907932564616203,0.056024421006441116,0.11192464828491211,-0.1457735151052475,2.6204850673675537,2.9630114668549594,1035.8483411035825,0.671956479549408,0.25051993131637573,0.07741814106702805,0.08017536997795105,0.0038387104868888855,0.54063880443573
0.03415229544043541,0.06370527297258377,0.1240321695804596,-0.01856662705540657,1.7894400358200073,1.865329171851011,502.34885008262387,0.9280773401260376,0.044577229768037796,0.027005905285477638,0.012378966435790062,5.573152520810254e-05,0.8950132131576538
0.014049037359654903,0.04928569495677948,0.08670656383037567,-0.2205660045146942,2.8156826496124268,3.5081190042818706,1255.847341351771,0.5819897055625916,0.316904217004776,0.10100921243429184,0.12545166909694672,0.005163423251360655,0.3633050322532654
0.016937492415308952,0.06107020378112793,0.10831393301486969,-0.14657257497310638,2.6248347759246826,3.605622501848267,1089.3923486028934,0.6668692231178284,0.24723662436008453,0.08589412271976471,0.08942685276269913,0.002414257265627384,0.5007498860359192
0.01557028479874134,0.057503774762153625,0.11148492991924286,-0.05708542466163635,3.069465160369873,3.6931742419450733,1596.3843224870354,0.45249488949775696,0.4047810137271881,0.1426697075366974,0.05213139206171036,0.003325618803501129,0.30432552099227905
0.018634527921676636,0.060063254088163376,0.1101621687412262,-0.18171855807304382,2.625586748123169,3.223223809982946,1111.8805280117058,0.6572075486183167,0.25545191764831543,0.08729952573776245,0.06962083280086517,0.000923080020584166,0.5313631892204285
0.02455398440361023,0.06146257743239403,0.11728864908218384,-0.10099992156028748,2.072946548461914,2.5031610519738656,603.6953660329212,0.8902976512908936,0.06671125441789627,0.04291467368602753,0.02021154947578907,0.0009496091515757143,0.8459340333938599
0.016856400296092033,0.04801703244447708,0.09098416566848755,-0.1307605504989624,2.4104597568511963,2.8485935074026867,887.7462539282109,0.7602498531341553,0.15876445174217224,0.08089769631624222,0.04184793680906296,0.002713519614189863,0.6705942153930664
0.014125273562967777,0.05628058686852455,0.10439318418502808,-0.013282535597682,3.2649924755096436,3.984389159873756,2047.5708048125412,0.2397058755159378,0.608932614326477,0.15001417696475983,0.0897085890173912,0.004515937529504299,0.0690554603934288
0.012837102636694908,0.04571748897433281,0.08934122323989868,-0.05673815310001373,2.877826452255249,3.5613557252465857,1616.4690907011818,0.42930078506469727,0.42124515771865845,0.1493554264307022,0.14884313941001892,0.0013202364789322019,0.17943191528320312
0.014257834292948246,0.04691691696643829,0.09140758216381073,-0.13060139119625092,3.0220766067504883,3.2906061326825933,1620.728186640915,0.4240216612815857,0.461047500371933,0.11476239562034607,0.07723351567983627,0.0039858510717749596,0.2629684507846832
0.018649158999323845,0.05302608385682106,0.10295746475458145,-0.08035068958997726,2.214736223220825,2.8433498720183716,710.2518032858402,0.8352407217025757,0.11408117413520813,0.05067325010895729,0.04580971226096153,0.002681019250303507,0.7540552616119385
0.015047148801386356,0.05474229156970978,0.10090695321559906,-0.1367628574371338,2.9678192138671875,3.6380507887998084,1801.2565782727686,0.3270273506641388,0.5442389249801636,0.12865711748600006,0.07325460016727448,0.0016386416973546147,0.16584591567516327
0.01168540958315134,0.04065738245844841,0.07960201799869537,-0.059024371206760406,3.148970603942871,3.479328830167075,1783.9876431893877,0.3537948429584503,0.5086256265640259,0.13740012049674988,0.14045913517475128,0.004627620335668325,0.09439683705568314
0.019213415682315826,0.05792872980237007,0.11452286690473557,-0.13295751810073853,2.4052305221557617,3.0150146521148296,864.799708764059,0.7532227635383606,0.1829236000776291,0.0638221949338913,0.053790267556905746,0.0017128095496445894,0.653863787651062
0.01917864941060543,0.06421621143817902,0.1181635931134224,-0.09235835820436478,2.420544147491455,3.3483177078840782,842.850913503047,0.7852779030799866,0.14138178527355194,0.07273231446743011,0.023977048695087433,0.0016051172278821468,0.7251724600791931
0.018157150596380234,0.05175696313381195,0.09932570159435272,-0.19770798087120056,2.34283447265625,2.850500294979081,706.3438485482422,0.8350429534912109,0.11159403622150421,0.05297204107046127,0.079292431473732,0.003066531615331769,0.7155548334121704
0.012335809879004955,0.0421617329120636,0.08102838695049286,-0.0576515756547451,2.831367015838623,3.417832580283465,1673.751710489768,0.40379035472869873,0.45425233244895935,0.1411767303943634,0.15756820142269135,0.006574240047484636,0.1552213877439499
0.02988535538315773,0.0642373338341713,0.1240321695804596,-0.043857332319021225,1.9039770364761353,2.1494585896148855,605.6478593541426,0.8848541378974915,0.07425965368747711,0.0405573695898056,0.013538283295929432,0.0005683131166733801,0.8497496843338013
0.017750585451722145,0.0523807555437088,0.09752534329891205,-0.059319354593753815,2.328519105911255,2.9509311500300934,870.1442568773255,0.7781904935836792,0.14755386114120483,0.07423938065767288,0.01090715266764164,0.0010814116103574634,0.707690954208374
0.020297707989811897,0.059507403522729874,0.11295989900827408,-0.22398416697978973,2.357977867126465,2.9317302007530563,755.3434151906822,0.8087601661682129,0.13330771028995514,0.05768134072422981,0.06561340391635895,0.0033565026242285967,0.7135305404663086
0.014417699538171291,0.049187589436769485,0.09468162059783936,-0.10911768674850464,2.9891717433929443,3.4116114920506044,1715.5690715886722,0.3927108347415924,0.46431225538253784,0.142587348818779,0.10209233313798904,0.006530121434479952,0.20931269228458405
0.026110852137207985,0.06449246406555176,0.12273754179477692,-0.09851709008216858,2.0213077068328857,2.46994865292734,541.630218899783,0.9009256958961487,0.07140017300844193,0.027339044958353043,0.0298396497964859,0.0013066997053101659,0.8475367426872253
0.0168582983314991,0.04840480536222458,0.09190648049116135,-0.17269267141819,2.437370777130127,2.871274692589272,871.1145516824773,0.770148754119873,0.15634624660015106,0.0734478011727333,0.04976002871990204,0.0005569914937950671,0.6744608283042908
0.01436582487076521,0.05109589919447899,0.09692156314849854,0.021274453029036522,2.9109981060028076,3.556767512522276,1844.8684915867475,0.3066551387310028,0.5574526786804199,0.13559406995773315,0.1040957048535347,0.005023086443543434,0.12134650349617004
0.013164936564862728,0.04927833005785942,0.09180423617362976,-0.013330887071788311,3.040069818496704,3.743149829194038,1674.2279652398536,0.4029526114463806,0.45878273248672485,0.1382647305727005,0.0983763337135315,0.004942952189594507,0.20051640272140503
0.014364263974130154,0.052143603563308716,0.10170187801122665,-0.051186829805374146,3.03377366065979,3.6300922660282873,1760.7828134683632,0.38171446323394775,0.4503577649593353,0.1599743813276291,0.08772532641887665,0.006596651393920183,0.1788613498210907
0.024164529517292976,0.06097382679581642,0.1177520751953125,-0.11951526999473572,2.204585552215576,2.523278044774601,664.870120523009,0.8510072827339172,0.10621056705713272,0.04176889359951019,0.042002588510513306,0.0009623029036447406,0.771989643573761
0.022452734410762787,0.06388963758945465,0.12038883566856384,-0.09650728851556778,2.2339582443237305,2.8455170055360135,720.0966491783097,0.8313016295433044,0.11747536808252335,0.05071461200714111,0.021698398515582085,0.00184759427793324,0.767666220664978
0.014002349227666855,0.05115879327058792,0.09399326145648956,-0.039289768785238266,2.9609053134918213,3.653586440041867,1803.8753030020853,0.32372644543647766,0.5402589440345764,0.13595104217529297,0.11397390067577362,0.005600143224000931,0.11830724775791168
0.016042441129684448,0.06473241746425629,0.11834470927715302,-0.09862958639860153,3.07098388671875,4.035072775828506,1465.502440294583,0.49801480770111084,0.37835928797721863,0.12331673502922058,0.0945092961192131,0.0027658334001898766,0.3120090067386627
0.015457330271601677,0.04755723848938942,0.09251576662063599,-0.1179361417889595,2.686713218688965,3.0766786793502923,1192.830990327868,0.6069005727767944,0.293611079454422,0.09938761591911316,0.10618516057729721,0.0021829979959875345,0.428647518157959
0.02631613053381443,0.06391875445842743,0.11914289742708206,-0.1268860250711441,2.0853850841522217,2.4288811903356127,568.8301507608355,0.8933972716331482,0.07353680580854416,0.03246762603521347,0.05379755049943924,0.0033785002306103706,0.8165438771247864
0.028678812086582184,0.06442122906446457,0.1240321695804596,-0.08180665969848633,1.9253982305526733,2.246300469758952,518.1801346221046,0.9181800484657288,0.05372558906674385,0.02780383639037609,0.025522058829665184,0.0009011247893795371,0.8667484521865845
0.013865220360457897,0.04211866110563278,0.08270474523305893,0.10213829576969147,2.7728495597839355,3.0377202819446643,1440.0183788882844,0.5194031596183777,0.3652273118495941,0.11485456675291061,0.10766864567995071,0.0035485245753079653,0.2901192307472229
0.015737976878881454,0.05396990105509758,0.09381129592657089,-0.13439126312732697,2.7014825344085693,3.429278201830991,1265.2835191673862,0.5847036242485046,0.3002568781375885,0.11502738296985626,0.055391598492860794,0.0070793479681015015,0.44627681374549866
0.01728387176990509,0.06448609381914139,0.11540424823760986,-0.23441746830940247,2.8215274810791016,3.7309981625583712,1125.8300156608964,0.6380298137664795,0.27060431241989136,0.0913505107164383,0.09262483566999435,0.005579940043389797,0.4725043475627899
0.01382023561745882,0.05128619074821472,0.0963103398680687,-0.10260815173387527,2.9416542053222656,3.710949086838648,1521.947001011127,0.46543022990226746,0.4149886965751648,0.11946500837802887,0.11405394971370697,0.0018318017246201634,0.24576972424983978
0.012767483480274677,0.047348957508802414,0.08786802738904953,0.03821326792240143,3.0899548530578613,3.708558352806672,1859.5376686647974,0.3212413489818573,0.5241590738296509,0.15441997349262238,0.12885057926177979,0.005512212868779898,0.08927175402641296
0.02234676107764244,0.058977771550416946,0.1129879355430603,-0.06360741704702377,2.0680220127105713,2.639208936940039,654.9918594178,0.8602840304374695,0.09472154825925827,0.044993817806243896,0.015252682380378246,0.0003855152172036469,0.8162506222724915
0.01191898062825203,0.03890448063611984,0.07725722342729568,-0.13432469964027405,2.969151735305786,3.2640778474493817,1352.4453722665928,0.5528623461723328,0.3210064768791199,0.12595927715301514,0.08118253201246262,0.00205189804546535,0.3719216287136078
0.012452634051442146,0.044515565037727356,0.0842152088880539,-0.0874970555305481,3.003221035003662,3.5747910723351892,1752.1164902570595,0.3650338351726532,0.4827146828174591,0.15221132338047028,0.15005598962306976,0.0025478738825768232,0.14989393949508667
0.01106598787009716,0.03814185783267021,0.07539215683937073,-0.02170669659972191,3.111046314239502,3.446764832653712,1789.1267585144353,0.36178919672966003,0.4850682020187378,0.1521914303302765,0.18036462366580963,0.0006335540674626827,0.07942770421504974
0.030101392418146133,0.0642513707280159,0.12403217703104019,-0.08423304557800293,1.9266228675842285,2.134498292748362,501.4700163459406,0.9255388379096985,0.04789487645030022,0.02643878385424614,0.03556140512228012,0.0004465747915674001,0.8727499842643738
0.03331329673528671,0.06374384462833405,0.1240321695804596,-0.08075026422739029,1.8435431718826294,1.9134655189770118,487.94997827771056,0.9306291341781616,0.04599330201745033,0.023369917646050453,0.024133915081620216,0.0009496302809566259,0.8894127011299133
0.016213160008192062,0.05269508436322212,0.09911511093378067,-0.19319047033786774,2.5334486961364746,3.2501427441255504,949.3927935337822,0.7222627997398376,0.1935831755399704,0.08394438773393631,0.10394560545682907,0.007145651616156101,0.5726603269577026
0.014077230356633663,0.05681668967008591,0.10505074262619019,-0.19064374268054962,3.035355806350708,4.0360701804723895,1312.3239146423925,0.5469740629196167,0.35746002197265625,0.09529948234558105,0.09514700621366501,0.002072321716696024,0.38111186027526855
0.01388796791434288,0.05055517703294754,0.09764377772808075,-0.05111568421125412,2.9558093547821045,3.640214129318096,1785.9542630690719,0.35152819752693176,0.4796203672885895,0.16833825409412384,0.12363706529140472,0.003792023519054055,0.1531878262758255
0.013276997953653336,0.047295257449150085,0.09305322170257568,-0.03656068071722984,3.1183767318725586,3.562195129552912,1730.6685198824669,0.3924354910850525,0.46962541341781616,0.1378602832555771,0.12758953869342804,0.001812495174817741,0.17346295714378357
0.03088865429162979,0.06404352188110352,0.1240321695804596,-0.025651415809988976,1.9076826572418213,2.0733671747035176,504.78768940187865,0.9250256419181824,0.04578036814928055,0.02905031107366085,0.018741711974143982,0.001120555098168552,0.8844228982925415
0.02371414192020893,0.06422785669565201,0.1240321695804596,-0.18941980600357056,2.358166217803955,2.7084200182764917,786.9883747804713,0.8010717630386353,0.13754430413246155,0.06091197952628136,0.06239736080169678,0.0022227878216654062,0.7121338844299316
0.014479923993349075,0.04694569110870361,0.09082316607236862,-0.13141557574272156,2.7613818645477295,3.242122757483023,1410.6572388168236,0.5265812277793884,0.3494136333465576,0.12340380251407623,0.06247730180621147,0.002220356138423085,0.4028937518596649
0.012752769514918327,0.04311910271644592,0.08388546854257584,-0.07700218260288239,2.9281251430511475,3.3811559647983582,1782.2470700782878,0.35923928022384644,0.4841911792755127,0.15637552738189697,0.12741811573505402,0.008920328691601753,0.1280955821275711
0.014181902632117271,0.056099552661180496,0.10655490309000015,-0.006662291474640369,3.1939289569854736,3.955714131768049,2012.9142233080663,0.2637753486633301,0.5765759944915771,0.15926988422870636,0.10068334639072418,0.0048124901950359344,0.09668860584497452
0.012890294194221497,0.04259068891406059,0.08184368908405304,-0.010748875327408314,2.609891176223755,3.304089749157874,1115.8818635644618,0.6607683300971985,0.23454172909259796,0.10427919775247574,0.029606245458126068,0.004607202485203743,0.5424303412437439
0.02467445656657219,0.06414473801851273,0.12185455858707428,-0.14300285279750824,2.1194238662719727,2.5996413676973704,592.6970498334729,0.8855617642402649,0.07445695251226425,0.03910410776734352,0.046788040548563004,0.00043335516238585114,0.8212657570838928
0.018491027876734734,0.050376392900943756,0.09707343578338623,-0.02326025627553463,2.0398988723754883,2.7243695285107745,686.7471146201453,0.8484006524085999,0.10358759015798569,0.04789401590824127,0.012213680893182755,0.0005107280449010432,0.8002772331237793
0.020168544724583626,0.06089184060692787,0.10960588604211807,-0.12645560503005981,2.2174932956695557,3.0191489487928744,661.5993266152404,0.8593705296516418,0.09348972886800766,0.04701867327094078,0.031616415828466415,0.0018035382963716984,0.7931756973266602
0.016044503077864647,0.0548330619931221,0.10377660393714905,-0.19386287033557892,2.6167633533477783,3.4175606264399336,1038.0992009944193,0.6836822032928467,0.22804142534732819,0.08817869424819946,0.05592237785458565,0.0021720484364777803,0.5734937787055969
0.030014999210834503,0.06426932662725449,0.1240321695804596,-0.11660119146108627,1.9417165517807007,2.1412403236683737,500.6973901903891,0.9255824089050293,0.04883139580488205,0.02512103132903576,0.028990738093852997,0.0008042316185310483,0.8756932020187378
0.028381330892443657,0.0641513392329216,0.1240321695804596,-0.023914514109492302,1.850082516670227,2.2603358339245867,522.9465351782453,0.9154848456382751,0.05859328806400299,0.025744246318936348,0.01034019235521555,0.00012509718362707645,0.8900347948074341
0.0281002726405859,0.06414768844842911,0.1240321695804596,-0.0816773921251297,1.982612133026123,2.282813738735625,567.2673333634237,0.8955501914024353,0.0705174133181572,0.03361948952078819,0.021076874807476997,0.00020516510994639248,0.8561977744102478
0.025011982768774033,0.06421232223510742,0.1240321695804596,-0.1192702203989029,2.079545259475708,2.567262372845763,598.559313065612,0.8820200562477112,0.081898994743824,0.03531491383910179,0.016173982992768288,0.0007935850298963487,0.8472620844841003
0.029771404340863228,0.06397580355405807,0.12403217703104019,-0.11024055629968643,2.053070068359375,2.148901100513359,591.3662427297272,0.879411518573761,0.08622575551271439,0.03409760445356369,0.046845048666000366,0.001203209743835032,0.8143150806427002
0.01800777018070221,0.05749666318297386,0.11153063923120499,-0.10041246563196182,2.459113597869873,3.1928807732895508,884.5160195170342,0.7598845362663269,0.1686483919620514,0.07122347503900528,0.030680114403367043,9.44670318858698e-05,0.6849030256271362
0.013136670924723148,0.04589298367500305,0.0866522490978241,-0.1492721438407898,2.8861544132232666,3.4935018114170147,1632.780027639159,0.42679423093795776,0.41985759139060974,0.15330012142658234,0.09347744286060333,0.001570877037011087,0.25607699155807495
0.02463478222489357,0.057750310748815536,0.11478531360626221,-0.0830594152212143,2.119190216064453,2.344259032585005,644.4473178753883,0.8634268045425415,0.09426052123308182,0.04225322976708412,0.017106635496020317,0.0006440479191951454,0.8240466117858887
0.022491831332445145,0.06414638459682465,0.12315821647644043,-0.17770196497440338,2.4192733764648438,2.851985845253942,869.8584102357742,0.763436496257782,0.17022767663002014,0.0656464695930481,0.061874113976955414,0.002390212845057249,0.6641978025436401
0.01473888847976923,0.04217229411005974,0.08380048722028732,-0.11913774162530899,2.572643280029297,2.861294063326731,1172.4116649998425,0.6321050524711609,0.26415660977363586,0.10316602885723114,0.06243875250220299,0.0013020032783970237,0.5016205906867981
0.013998241163790226,0.05931997671723366,0.10863137990236282,0.009133482351899147,3.1177732944488525,4.237673577623537,1890.129528087673,0.302939236164093,0.5419243574142456,0.15417879819869995,0.08775544911623001,0.004486977122724056,0.0971916988492012
0.014683950692415237,0.052563443779945374,0.10198099911212921,-0.16511939465999603,2.9865119457244873,3.5796527022878477,1564.2780337039965,0.45246076583862305,0.4239397644996643,0.12236621975898743,0.10464861989021301,0.0016599514055997133,0.2640710771083832
0.013831330463290215,0.045286864042282104,0.08622151613235474,-0.02866312675178051,2.7476582527160645,3.274223268629429,1586.9263624186112,0.4475770592689514,0.41989585757255554,0.13252131640911102,0.10062240809202194,0.0010585624258965254,0.2505069673061371
0.017916200682520866,0.050859689712524414,0.10054300725460052,-0.1753389835357666,2.5925121307373047,2.8387541873933477,993.499244111438,0.6948446035385132,0.23005643486976624,0.07463593780994415,0.08192282170057297,0.001872978638857603,0.5681358575820923
0.012244346551597118,0.04223066195845604,0.08419245481491089,0.0849219262599945,2.9316110610961914,3.448992706719706,1739.4901663212397,0.3719809055328369,0.4887629449367523,0.13814960420131683,0.11279468983411789,0.003343731164932251,0.16318930685520172
0.020899565890431404,0.05351417511701584,0.10696177184581757,-0.08800011873245239,2.2539472579956055,2.5605400320279417,786.9354625573894,0.807506799697876,0.1350858211517334,0.057152025401592255,0.02901044301688671,0.0005375882028602064,0.7565860152244568
0.017862310633063316,0.057170942425727844,0.1056465208530426,-0.26544803380966187,2.471585512161255,3.200646523115728,896.7272187907485,0.749561071395874,0.1765231341123581,0.07360213994979858,0.08092236518859863,0.0023344559594988823,0.6311887502670288
0.018068039789795876,0.05634770169854164,0.10922059416770935,-0.1700429618358612,2.4480338096618652,3.118639451261669,836.360802996055,0.777614414691925,0.1555667221546173,0.06656565517187119,0.06165018305182457,0.0028757646214216948,0.6718416213989258
0.017598336562514305,0.059323351830244064,0.10879898816347122,-0.12811458110809326,2.7630696296691895,3.3709635917087764,1075.6051848126408,0.677193284034729,0.22836872935295105,0.09332223236560822,0.03272530436515808,0.0006266035488806665,0.5831713676452637
0.0120764821767807,0.04262891784310341,0.07797493785619736,-0.07772248983383179,2.698983669281006,3.5299118746298137,1715.6599598004775,0.37655895948410034,0.46287113428115845,0.1603599637746811,0.15338134765625,0.002499699592590332,0.13358736038208008
0.01575099676847458,0.05465417727828026,0.09910596907138824,-0.127712681889534,2.78369140625,3.4698868952979547,1332.5897534845028,0.570557177066803,0.30342525243759155,0.12601275742053986,0.10872571170330048,0.0023940885439515114,0.37330156564712524
0.013706385158002377,0.05667617917060852,0.1066036969423294,-0.1556696891784668,3.003445625305176,4.135020175861869,1411.2227866343133,0.5295946002006531,0.342645525932312,0.12752659618854523,0.08199852705001831,0.0016731354407966137,0.3508196771144867
0.01717151328921318,0.056408002972602844,0.11192762851715088,-0.09400781989097595,2.6470441818237305,3.2849756465408504,1218.9238854975463,0.602952778339386,0.3000825345516205,0.09682556986808777,0.09665129333734512,0.002088696463033557,0.4262429177761078
0.0147729916498065,0.05486621707677841,0.1015433818101883,-0.1410474330186844,2.779146432876587,3.7139543820010963,1189.6168355198558,0.6175772547721863,0.29756900668144226,0.08416103571653366,0.09854885935783386,0.0006754720816388726,0.4424642324447632
0.0410313680768013,0.06422113627195358,0.1240321695804596,-0.06248587369918823,1.6691954135894775,1.565171703516714,497.0156792773829,0.9270589351654053,0.04926183447241783,0.023618774488568306,0.012175778858363628,0.00045349576976150274,0.9020205736160278
0.025192873552441597,0.06456554681062698,0.11954542994499207,-0.10982242226600647,1.9784858226776123,2.562849635777523,533.7398730647787,0.910056471824646,0.06047234311699867,0.029345529153943062,0.032382022589445114,0.00012890591460745782,0.8562013506889343
0.016552412882447243,0.060613762587308884,0.10870823264122009,-0.1640160083770752,2.6950535774230957,3.661929110524056,1140.5659132860312,0.653358519077301,0.24718567728996277,0.09805099666118622,0.03389815241098404,0.001206539454869926,0.5704303979873657
0.023190077394247055,0.05917863920331001,0.11748203635215759,-0.047746069729328156,2.06130313873291,2.551894855488453,617.8344124913874,0.8808277249336243,0.07470643520355225,0.044016968458890915,0.029889045283198357,0.0008032992482185364,0.8280196189880371
0.02275482565164566,0.06362403929233551,0.12182173132896423,-0.07797878980636597,2.1453616619110107,2.796067975363198,640.1427490096777,0.8603782057762146,0.09914035350084305,0.03970550373196602,0.040613725781440735,0.001372421975247562,0.7886337041854858
0.015294695273041725,0.05541893467307091,0.10556811094284058,-0.058813124895095825,3.1519453525543213,3.623408880013997,1845.4311619462394,0.31034883856773376,0.5543700456619263,0.13469193875789642,0.09217673540115356,0.005705716088414192,0.15616892278194427
0.019481757655739784,0.054873690009117126,0.10687514394521713,-0.07315943390130997,2.1555142402648926,2.816670393707181,678.7977379074919,0.8570204377174377,0.0925937071442604,0.05019385740160942,0.018184924498200417,0.001037289504893124,0.8084547519683838
0.015628226101398468,0.06437432020902634,0.10467198491096497,-0.21049858629703522,2.6966748237609863,4.119106019277952,1076.288829424581,0.6769660711288452,0.2314334511756897,0.0906343087553978,0.0515194796025753,0.0009739555534906685,0.570072591304779
0.01608000323176384,0.04786518216133118,0.09210149943828583,-0.10501813888549805,2.521836280822754,2.9766898344773582,981.2603242456985,0.7248104810714722,0.1854580044746399,0.08919475227594376,0.036966726183891296,0.00042299344204366207,0.6381356716156006
0.018286021426320076,0.054022543132305145,0.1026475727558136,-0.20532304048538208,2.3225326538085938,2.954308204604487,756.6226264952518,0.8108953833580017,0.1310930699110031,0.05786280333995819,0.07917402684688568,0.001326391939073801,0.6824726462364197
0.020162800326943398,0.053656190633773804,0.10181446373462677,-0.10769452154636383,2.1733460426330566,2.6611477454057955,618.9046808745554,0.8751604557037354,0.0832533910870552,0.04154900461435318,0.03934892266988754,0.00038844358641654253,0.8130879402160645
0.018697036430239677,0.054667118936777115,0.09719939529895782,-0.18835020065307617,2.4236602783203125,2.923838713039963,797.6984720757458,0.7928921580314636,0.14635848999023438,0.06053780019283295,0.0490344762802124,0.001408098149113357,0.7091435194015503
0.014659429900348186,0.04003098979592323,0.0784468948841095,-0.10196974128484726,2.5392823219299316,2.7307330547855546,984.4660881416074,0.718041181564331,0.19414404034614563,0.08562663197517395,0.05757594853639603,0.0018825276056304574,0.6045243740081787
0.01944614015519619,0.05355837196111679,0.10466893762350082,-0.11643688380718231,2.262404441833496,2.7541903704757216,699.0888649979418,0.8437947034835815,0.10283048450946808,0.05312604457139969,0.033210210502147675,0.0010623063426464796,0.7721872925758362
0.014421298168599606,0.047523293644189835,0.09097136557102203,-0.1669398546218872,2.809195041656494,3.295354765243667,1323.8879061618345,0.5514731407165527,0.3259454369544983,0.12223930656909943,0.058456748723983765,0.0014185087056830525,0.4175156056880951
0.013565531000494957,0.04431760683655739,0.08376634120941162,-0.15347662568092346,2.7675042152404785,3.2669275409619773,1150.057799178135,0.6447088122367859,0.250252366065979,0.10503856092691422,0.05101547762751579,0.0014386011753231287,0.5400912165641785
0.011709199286997318,0.0429699532687664,0.08034202456474304,-0.05165969580411911,2.7471420764923096,3.66976017846185,1330.221313152249,0.543687105178833,0.3385585844516754,0.11750715225934982,0.10144362598657608,0.0029363755602389574,0.34866592288017273
0.01614410988986492,0.06428693234920502,0.11176413297653198,-0.11535719782114029,2.8304033279418945,3.98206731642613,1439.383126109845,0.5101138949394226,0.3616909980773926,0.12794765830039978,0.10098854452371597,0.005055457353591919,0.3361175060272217
0.023832427337765694,0.06040121987462044,0.11927932500839233,-0.045730143785476685,2.0361127853393555,2.5344132603888045,617.952237991402,0.8769460320472717,0.08072469383478165,0.042265236377716064,0.022110143676400185,0.0002351294388063252,0.8218626379966736
0.023853955790400505,0.0641893595457077,0.12302246689796448,-0.19147832691669464,2.4190056324005127,2.6909314374116664,786.2216144776341,0.7934194803237915,0.15216293931007385,0.05360103398561478,0.058345258235931396,0.004159937612712383,0.6885905265808105
0.013210219331085682,0.05128774791955948,0.0937272310256958,-0.1331530064344406,3.02748703956604,3.882429703115456,1779.1627989215651,0.36258968710899353,0.4996239244937897,0.1377534717321396,0.13762350380420685,0.0033158091828227043,0.11602568626403809
0.016258861869573593,0.05637568235397339,0.10013289004564285,-0.1386554092168808,2.8018369674682617,3.4673818378398296,1422.4856670200413,0.5161935091018677,0.3634609878063202,0.12019278109073639,0.08310233801603317,0.002665613079443574,0.3580244183540344
0.012471850030124187,0.04082706570625305,0.08046501874923706,-0.11227911710739136,2.9592227935791016,3.2735372542459107,1585.864721522642,0.43759626150131226,0.42571455240249634,0.13667845726013184,0.09642662853002548,0.0032199365086853504,0.24925102293491364
0.012406764551997185,0.04646217077970505,0.08731509745121002,-0.08196523785591125,2.9053566455841064,3.7449063034311285,1812.6943081611685,0.32986536622047424,0.531570553779602,0.1373433917760849,0.09589466452598572,0.0013889855472370982,0.1452643871307373
0.01769525185227394,0.05580896884202957,0.10288005322217941,-0.1013265922665596,2.426718235015869,3.153895141181837,836.2657372043475,0.7750262022018433,0.15992876887321472,0.06455407291650772,0.03560381382703781,0.0019166871206834912,0.6922525763511658
0.011584280990064144,0.03663293272256851,0.0718216747045517,0.04296904057264328,2.910454750061035,3.1622966285802576,1935.2919304846519,0.271756112575531,0.5555229783058167,0.1716955155134201,0.11139215528964996,0.0056599704548716545,0.04308484494686127
0.013844020664691925,0.050307296216487885,0.09021469950675964,-0.22062303125858307,2.9088735580444336,3.63386457094497,1257.4807006660822,0.566576361656189,0.33394721150398254,0.09909198433160782,0.1441091150045395,0.005126155447214842,0.34186458587646484
0.019108906388282776,0.057233598083257675,0.11098089814186096,-0.0663013830780983,2.3054397106170654,2.9951268229225887,867.5954814556754,0.7786378264427185,0.14855453372001648,0.0721980482339859,0.040773820132017136,0.002457377966493368,0.6921599507331848
0.026843197643756866,0.06425104290246964,0.1240321695804596,-0.11536356061697006,2.06391978263855,2.3935688941671014,603.946430715221,0.8829382658004761,0.07704061269760132,0.03999033197760582,0.02537732571363449,0.0012768625747412443,0.8353399634361267
0.024698864668607712,0.06408660858869553,0.1240321695804596,-0.12656046450138092,2.2429776191711426,2.5947188037171185,707.9081045920673,0.8365821838378906,0.10936999320983887,0.053547125309705734,0.021990546956658363,0.0010045006638392806,0.7883684039115906
0.03135509788990021,0.06414609402418137,0.12403217703104019,-0.09180759638547897,1.9451978206634521,2.0457947300109587,530.9160244177757,0.9165173172950745,0.05032959207892418,0.03292711824178696,0.027329904958605766,0.0014651630772277713,0.8690155148506165
0.011712590232491493,0.04011570289731026,0.07947014272212982,-0.11600065976381302,3.09454345703125,3.4250069453127163,1710.3423938170213,0.3981463611125946,0.44920116662979126,0.1500890851020813,0.10445322096347809,0.002451108070090413,0.16618706285953522
0.017263947054743767,0.04690762609243393,0.08702394366264343,-0.08230810612440109,2.135119676589966,2.7170858402758844,768.0345953421476,0.8255098462104797,0.10536859929561615,0.06903549283742905,0.02203659899532795,0.0017063120612874627,0.7682746648788452
0.0158996619284153,0.0631173849105835,0.11271171271800995,-0.13542261719703674,2.9937520027160645,3.969731255342774,1382.0475261416505,0.524332582950592,0.3623223602771759,0.11307880282402039,0.07225140184164047,0.0009870684007182717,0.402143269777298
0.013113665394484997,0.044018037617206573,0.08642284572124481,0.02381547912955284,2.8487839698791504,3.3566540162266056,1770.163511666968,0.35718637704849243,0.5057789087295532,0.13698938488960266,0.10485303401947021,0.0018938422435894608,0.10379569232463837
0.012883618474006653,0.05192553997039795,0.09488724172115326,-0.09582041949033737,3.3838388919830322,4.030353745039096,1806.8867541508976,0.33901605010032654,0.4902891516685486,0.17067867517471313,0.1359701156616211,0.0031883923802524805,0.10531558841466904
0.02607753686606884,0.0639447569847107,0.1240321695804596,-0.13800784945487976,2.256959915161133,2.452101105663136,712.4268580245397,0.8281437158584595,0.12681515514850616,0.04476424679160118,0.04449213296175003,0.0003721001266967505,0.7585153579711914
0.02185755968093872,0.06416725367307663,0.1202375665307045,-0.17920644581317902,2.3276681900024414,2.9357007189644846,745.8504861697003,0.815731406211853,0.13145826756954193,0.052690356969833374,0.05081373080611229,0.0011353165609762073,0.7390458583831787
0.01267864741384983,0.038571007549762726,0.07561946660280228,-0.09817354381084442,2.876358985900879,3.0422020810032575,1903.4356931891216,0.3064001202583313,0.5235439538955688,0.16890884935855865,0.04551846161484718,0.00018926452321466058,0.12800845503807068
0.032554566860198975,0.06449330598115921,0.1240321695804596,-0.0658116340637207,1.87353515625,1.9810832150258855,479.7572305791726,0.9358065724372864,0.03878355398774147,0.025273554027080536,0.0300910547375679,0.00041227671317756176,0.8875226378440857
0.01584731973707676,0.05559832602739334,0.10357609391212463,-0.12762042880058289,2.6861493587493896,3.5083740939362653,1001.1733102900547,0.6964318752288818,0.21599385142326355,0.08726797997951508,0.07433117926120758,0.0012002872535958886,0.5453962683677673
0.01125828642398119,0.03425547853112221,0.0681847333908081,-0.021378885954618454,2.727519989013672,3.042690267242818,1567.5141169607573,0.45260727405548096,0.40241163969039917,0.14496657252311707,0.16032086312770844,0.002552755642682314,0.16544140875339508
0.03423367068171501,0.064373679459095,0.1240321695804596,-0.07149658352136612,1.862354040145874,1.880420012674774,518.3887294186333,0.9189848303794861,0.05345987156033516,0.02732367254793644,0.015950489789247513,0.0013112745946273208,0.8872455358505249
0.018546687439084053,0.06408661603927612,0.1192636489868164,-0.21345879137516022,2.633882999420166,3.4554211498042955,1100.818608784429,0.6479126811027527,0.2537704408168793,0.09830081462860107,0.0839339941740036,0.0015364174032583833,0.5103952288627625
0.02926136739552021,0.06407877802848816,0.1240321695804596,-0.08150366693735123,2.012265205383301,2.1898764046176624,558.4393532436033,0.8979286551475525,0.066861093044281,0.035006992518901825,0.04584710672497749,0.0033652123529464006,0.8325679302215576
0.032936904579401016,0.06406744569540024,0.1240321695804596,-0.07919854670763016,1.8979215621948242,1.9451568540391417,520.8936335759292,0.9189125299453735,0.05180398002266884,0.02920876443386078,0.029168719425797462,0.0008081401465460658,0.8728247284889221
0.015759218484163284,0.05668884143233299,0.10341686010360718,-0.0666641816496849,3.156830310821533,3.5971860841769168,1621.0540308452898,0.4201812446117401,0.4592045545578003,0.12058884650468826,0.09739330410957336,0.0021849393378943205,0.22994163632392883
0.02061489224433899,0.06407108157873154,0.12330504506826401,-0.15463516116142273,2.416051149368286,3.107999829260226,866.3744683072832,0.7644081115722656,0.17162132263183594,0.0633191168308258,0.04262182489037514,0.002418133430182934,0.6773148775100708
0.014382224529981613,0.050356172025203705,0.09661487489938736,-0.18601685762405396,2.9822585582733154,3.5012783951973807,1515.066353288352,0.46792730689048767,0.3921092450618744,0.13851211965084076,0.11914729326963425,0.006542067043483257,0.2815476953983307
0.030234666541218758,0.06418508291244507,0.1240321695804596,-0.08454905450344086,1.9855549335479736,2.1228970004620025,536.8558252444702,0.9062209725379944,0.06448741257190704,0.029036734253168106,0.030033983290195465,0.0009766187286004424,0.8569434881210327
0.022931301966309547,0.057296134531497955,0.11414660513401031,-0.07992910593748093,2.0747547149658203,2.4985992776676307,629.1615533634105,0.8707031011581421,0.08981925249099731,0.039083994925022125,0.020884845405817032,3.747282607946545e-05,0.8219342827796936
0.012816034257411957,0.052207499742507935,0.1024564653635025,-0.05994686484336853,3.130927324295044,4.0736080046166325,1602.6870720338356,0.45055750012397766,0.39609071612358093,0.15188002586364746,0.09375467151403427,0.0009401282877661288,0.27247461676597595
0.026576733216643333,0.06427539139986038,0.1240321695804596,-0.0741233304142952,2.0335922241210938,2.418483523670632,608.4941008485725,0.8826167583465576,0.07587064802646637,0.04108943045139313,0.019058015197515488,0.0001772344548953697,0.8446321487426758
0.020108915865421295,0.05410744249820709,0.10547104477882385,-0.21597932279109955,2.3284761905670166,2.6907190252139825,744.7432078842239,0.8104983568191528,0.13787896931171417,0.05145680904388428,0.06772787868976593,0.00166445248760283,0.7099611759185791
0.016541318967938423,0.05062703788280487,0.09937088936567307,-0.1774754673242569,2.5542445182800293,3.060640930621869,938.2949960292714,0.7342263460159302,0.19030152261257172,0.07516007125377655,0.05659579485654831,0.001991907600313425,0.6318643689155579
0.013608607463538647,0.052196141332387924,0.0988074243068695,-0.06420169025659561,3.0591349601745605,3.8355240584608525,1865.040348590384,0.3366057276725769,0.4826388359069824,0.18074677884578705,0.11173743009567261,0.0043684737756848335,0.12308218330144882
0.023685725405812263,0.06009514257311821,0.11422742903232574,-0.04990358278155327,1.9580926895141602,2.537188181529548,574.6595304795009,0.8972263932228088,0.06745927035808563,0.035278912633657455,0.018069755285978317,0.0005082518327981234,0.8520870208740234
0.014726687222719193,0.047904398292303085,0.0936233252286911,-0.03824061155319214,2.876565456390381,3.252897108804415,1685.8510137016144,0.3943878710269928,0.47423985600471497,0.13114352524280548,0.12352070957422256,0.002158167539164424,0.17481976747512817
0.02009759470820427,0.05388620123267174,0.10164276510477066,-0.17489305138587952,2.274695873260498,2.6812263861601813,692.8862076966402,0.8455485105514526,0.10121863335371017,0.053035810589790344,0.046272020787000656,0.0006836230168119073,0.7725934386253357
0.016286972910165787,0.06273211538791656,0.10901729762554169,-0.14037755131721497,2.512063503265381,3.851674324632148,960.4907948809224,0.7346825003623962,0.1779371201992035,0.08630751073360443,0.04830171540379524,0.0013704433804377913,0.6266122460365295
0.019321510568261147,0.05616074055433273,0.10210481286048889,-0.13027212023735046,2.1708312034606934,2.906643367919671,675.304502912993,0.8521918058395386,0.09971016645431519,0.048098087310791016,0.04936165735125542,0.000957415031734854,0.7772311568260193
0.012153544463217258,0.05403919145464897,0.10020149499177933,-0.06065552681684494,3.2504804134368896,4.4463729584198575,1844.7096446227863,0.33967864513397217,0.4990542531013489,0.16123561561107635,0.13706167042255402,0.002091667614877224,0.09976039081811905
0.011688868515193462,0.038481149822473526,0.07590235769748688,0.04179873690009117,2.8813893795013428,3.2921193158399134,1725.9317302196516,0.37410297989845276,0.47447484731674194,0.15120697021484375,0.1264093816280365,0.002184754703193903,0.11353301256895065
0.014097046107053757,0.052944328635931015,0.09601908922195435,-0.16023100912570953,3.1295480728149414,3.7557037290020276,1735.5976607431242,0.38549116253852844,0.4682506024837494,0.14553044736385345,0.1183672547340393,0.010227621532976627,0.19377705454826355
0.0321282222867012,0.06432658433914185,0.1240321695804596,-0.04761933907866478,1.8789440393447876,2.0021831199719475,539.1600997862915,0.9099709391593933,0.05972013622522354,0.030125286430120468,0.015924295410513878,0.0007424717769026756,0.8693869113922119
0.014733044430613518,0.05268600210547447,0.10192613303661346,-0.025102023035287857,2.950775384902954,3.57604311519099,1825.1179434482874,0.3720618784427643,0.46331942081451416,0.15876957774162292,0.07034112513065338,0.0025735129602253437,0.22018930315971375
0.01836034283041954,0.0595293790102005,0.11222105473279953,-0.19857490062713623,2.599499225616455,3.2422803624521404,928.9946963702149,0.7213065028190613,0.2051926702260971,0.07304345816373825,0.08731149137020111,0.0014568681363016367,0.5967272520065308
0.014986922033131123,0.046422362327575684,0.08593404293060303,-0.15046876668930054,2.531398057937622,3.0975247767255802,1095.8268885904058,0.6709184050559998,0.23305848240852356,0.09445880353450775,0.07655492424964905,0.0017914078198373318,0.5418944954872131
0.01550478208810091,0.05257494002580643,0.10474692285060883,-0.07210133969783783,3.098520040512085,3.3908854522221237,1675.780593281392,0.39176058769226074,0.48979002237319946,0.11835067719221115,0.09124545753002167,0.004395432770252228,0.21432773768901825
0.01431022584438324,0.04598759487271309,0.0862252339720726,-0.12685170769691467,2.6713452339172363,3.213617686372825,1500.9717132846522,0.47321444749832153,0.3932850956916809,0.1333359181880951,0.13460814952850342,0.001841783057898283,0.259695827960968
0.01173404511064291,0.04247228056192398,0.08401930332183838,-0.17034263908863068,3.129192352294922,3.6195770646715486,1572.389103603133,0.4464101195335388,0.42284512519836426,0.12895433604717255,0.11936701834201813,0.0025889792013913393,0.21731753647327423
0.013209415599703789,0.05100710317492485,0.09022951126098633,-0.026821713894605637,2.812641143798828,3.8614201200700524,1558.1178414508393,0.4531654715538025,0.4171665906906128,0.1295696496963501,0.09501301497220993,0.0021049927454441786,0.2483319193124771
0.026776468381285667,0.06110377609729767,0.12074464559555054,-0.03087189607322216,1.886016607284546,2.281995341018224,574.5613499919989,0.893831729888916,0.07299506664276123,0.03317330777645111,0.00547211105003953,0.00038656103424727917,0.8613593578338623
0.014592285268008709,0.05194142460823059,0.09662365168333054,-0.10960075259208679,2.690584182739258,3.5595126911714425,1234.2739947258633,0.5980319976806641,0.3046000003814697,0.09728661179542542,0.11436969041824341,0.004076736979186535,0.39616265892982483
0.020262718200683594,0.06220723316073418,0.11435720324516296,-0.15959477424621582,2.371234655380249,3.0700339678792696,824.8600398579944,0.7883071899414062,0.14274702966213226,0.06893134117126465,0.058279406279325485,0.002750582527369261,0.6915920972824097
0.013496612198650837,0.047537244856357574,0.09201441705226898,-0.11935415863990784,2.6939172744750977,3.522161276708194,1181.208273356282,0.6116455793380737,0.28206539154052734,0.10613851249217987,0.12919698655605316,0.0023905960842967033,0.39690789580345154
0.023242920637130737,0.0642605796456337,0.12221108376979828,-0.18090471625328064,2.3091838359832764,2.764737730085961,786.6513505000117,0.7963614463806152,0.14129327237606049,0.062340814620256424,0.05200779438018799,0.001389024662785232,0.713767945766449
0.016333885490894318,0.062395934015512466,0.11844053864479065,-0.08525276184082031,2.845956802368164,3.8200300869304136,1253.9018125388664,0.5840631723403931,0.3269030749797821,0.08880648761987686,0.07493843883275986,0.0030428043100982904,0.44462746381759644
0.020663173869252205,0.050581194460392,0.09807134419679642,-0.016101572662591934,1.975775122642517,2.44789086023282,630.5783829895609,0.8774723410606384,0.07831857353448868,0.04401545226573944,0.012772660702466965,0.00044487451668828726,0.8432393670082092
0.016820454970002174,0.05117134004831314,0.09417921304702759,-0.14084555208683014,2.42545485496521,3.042209032783631,854.6493148986732,0.7674216032028198,0.1655612587928772,0.06680188328027725,0.040691785514354706,0.0004116647760383785,0.6886372566223145
0.027942407876253128,0.06417116522789001,0.12403217703104019,-0.07359059154987335,1.9499154090881348,2.296551016998409,556.8186551432946,0.9025492668151855,0.0646892786026001,0.03260672837495804,0.014737299643456936,0.00045255268923938274,0.8686132431030273
0.016646573320031166,0.06274949014186859,0.1131509393453598,-0.24490930140018463,2.675084114074707,3.769513937297313,1025.2327313787282,0.6934866905212402,0.22376638650894165,0.08214659243822098,0.09453996270895004,0.0012717271456494927,0.5456158518791199
0.013465437106788158,0.04722024127840996,0.08877088129520416,-0.1336824744939804,2.9272541999816895,3.5067737423168124,1656.7731780468966,0.40027162432670593,0.4677567481994629,0.13136130571365356,0.14759409427642822,0.004189116880297661,0.17220164835453033
0.014204404316842556,0.05284829065203667,0.09282959997653961,-0.16119688749313354,2.5818498134613037,3.7205566294429135,984.46027456584,0.7111209034919739,0.2034452110528946,0.08515148609876633,0.06660886853933334,0.004659738857299089,0.5961357355117798
0.017652733251452446,0.052206795662641525,0.09930110722780228,-0.20673678815364838,2.541325330734253,2.957434121732315,988.0631651588137,0.7021028399467468,0.2176181674003601,0.07989712804555893,0.08867333829402924,0.00442216731607914,0.5549741983413696
0.018723443150520325,0.06168095022439957,0.12151797115802765,-0.24286161363124847,2.66035532951355,3.2943166342452956,1065.5621696339904,0.6686826348304749,0.24917393922805786,0.08152836561203003,0.07324030250310898,0.00213130796328187,0.5498762726783752
0.026091650128364563,0.0643341913819313,0.12403217703104019,-0.14443261921405792,2.120626926422119,2.46570037015509,565.3924478680632,0.8945195078849792,0.0709964781999588,0.034265268594026566,0.038217853754758835,0.0018184849759563804,0.8361304998397827
0.023053886368870735,0.06050201505422592,0.11437840759754181,-0.05745793133974075,2.111787796020508,2.6243737859876144,627.8509063614046,0.8752500414848328,0.08004180341959,0.043743640184402466,0.032653287053108215,0.0014329326804727316,0.8137489557266235
0.027915170416235924,0.06219664588570595,0.12003359198570251,-0.00942437443882227,1.7554835081100464,2.2280589713793506,498.58539489492955,0.9325014352798462,0.040711257606744766,0.026653209701180458,0.0057251364924013615,0.0001249173074029386,0.9123647809028625
0.02835913561284542,0.06414087116718292,0.1240321695804596,-0.010827068239450455,1.9223734140396118,2.2617357609400566,565.2613480606452,0.8990086317062378,0.06668280810117722,0.03419286385178566,0.01213165745139122,0.0004858683969359845,0.8641091585159302
0.01837737299501896,0.05616052448749542,0.11162315309047699,-0.10075540095567703,2.4249930381774902,3.0559604193516305,787.5761945699506,0.800581157207489,0.13865233957767487,0.06047550588846207,0.04202960431575775,0.0012529768282547593,0.7183070778846741
0.01117605809122324,0.03999953716993332,0.0776575431227684,-0.21988892555236816,2.9045159816741943,3.579038050792402,1491.6089031883648,0.49063727259635925,0.3763541579246521,0.13060101866722107,0.052289966493844986,0.001109871082007885,0.33188289403915405
0.014523257501423359,0.04843202978372574,0.09563793241977692,-0.09647395461797714,2.7260148525238037,3.334791094604247,1373.3914551339014,0.5487902164459229,0.3378569781780243,0.1132768765091896,0.044310856610536575,0.0006063902983441949,0.44132328033447266
0.015930213034152985,0.045262716710567474,0.08795451372861862,-0.16684497892856598,2.540586233139038,2.8413127062825123,993.971373155015,0.7172770500183105,0.18911807239055634,0.09360232204198837,0.04659852385520935,0.0009258293430320919,0.6233355402946472
0.02901233732700348,0.06390269100666046,0.1240321695804596,-0.11630168557167053,2.1041362285614014,2.202604026149244,624.3762909923381,0.8701345324516296,0.08701589703559875,0.042848773300647736,0.046245772391557693,0.0015714652836322784,0.8059169054031372
0.013744457624852657,0.04586280882358551,0.08889291435480118,-0.09906648099422455,2.889014482498169,3.336822017430487,1343.2050989782003,0.5544079542160034,0.34546539187431335,0.09943467378616333,0.06262486428022385,0.0010471991263329983,0.3921512961387634
0.013307115063071251,0.04912092164158821,0.09343618899583817,-0.13803575932979584,3.1581618785858154,3.691327639768667,1776.1738768070281,0.3626784682273865,0.49340569972991943,0.14357462525367737,0.08805566281080246,0.0036558154970407486,0.15408381819725037
0.028978273272514343,0.06412551552057266,0.1240321695804596,-0.09343081712722778,2.003041982650757,2.212882559126886,581.0163195374647,0.8883374333381653,0.07908633351325989,0.03222823515534401,0.026516536250710487,0.00020785926608368754,0.836773157119751
0.013127597980201244,0.042962998151779175,0.08515001088380814,-0.1218225359916687,2.786576271057129,3.27272348020577,1247.830468731411,0.5968338251113892,0.285235732793808,0.11734233796596527,0.09401129931211472,0.002179597970098257,0.42839354276657104
0.029977329075336456,0.06457997113466263,0.1240321695804596,-0.06768733263015747,1.9213976860046387,2.1542936987551986,493.6437690374816,0.9272413849830627,0.0476033054292202,0.02511880174279213,0.03283598646521568,0.0005491390475071967,0.8788772225379944
0.013128108344972134,0.044284265488386154,0.08714214712381363,-0.021081645041704178,3.0146615505218506,3.3732404030602865,1890.5434700680119,0.32482483983039856,0.49535036087036133,0.1798214167356491,0.08165550976991653,0.0019062627106904984,0.1487526148557663
0.014504456892609596,0.043645601719617844,0.08530125766992569,-0.010952184908092022,2.605342149734497,3.00911657980433,1199.3884515082516,0.6332947015762329,0.2552739083766937,0.11041376739740372,0.05205051973462105,0.0009182404610328376,0.5151987075805664
0.013032035902142525,0.043893564492464066,0.08294375985860825,-0.12235412746667862,2.886721611022949,3.3681279593374693,1488.6414551908128,0.49749717116355896,0.3669309914112091,0.13517503440380096,0.08201829344034195,0.0006681468803435564,0.33407342433929443
0.021290957927703857,0.06340029835700989,0.12247923016548157,-0.18147005140781403,2.2845840454101562,2.9778039376770096,763.4957864200468,0.8099531531333923,0.1335151493549347,0.056256070733070374,0.029621010646224022,0.0006100793834775686,0.7375134229660034
0.030457330867648125,0.0639808401465416,0.12403217703104019,-0.04352286085486412,1.9329822063446045,2.100671277547882,534.4600024566175,0.907862663269043,0.06322412192821503,0.028703026473522186,0.033095698803663254,0.0007547535933554173,0.8592679500579834
0.031333304941654205,0.06394753605127335,0.1240321695804596,-0.042952679097652435,1.8758214712142944,2.0408806593594027,510.55233706302204,0.9206427931785583,0.0540878064930439,0.025119997560977936,0.0262613482773304,0.00025112665025517344,0.8791078925132751
0.01742457039654255,0.052046969532966614,0.0989246815443039,-0.08231095969676971,2.596982002258301,2.9869872453387427,943.6000847942137,0.7283667922019958,0.1924799084663391,0.07914413511753082,0.026147685945034027,0.00021802795527037233,0.6561161279678345
0.016882101073861122,0.04949367791414261,0.09054657816886902,-0.13119645416736603,2.2493937015533447,2.931725008319189,764.8458102896246,0.8151602149009705,0.12123003602027893,0.06282523274421692,0.020630480721592903,0.000431009684689343,0.7467731833457947
0.03341207653284073,0.06401325762271881,0.1240321695804596,-0.029772959649562836,1.7364444732666016,1.915871872192209,467.61516351161805,0.9434027671813965,0.0356685109436512,0.020777584984898567,0.009293374605476856,0.0005394799518398941,0.9137140512466431
0.02082318626344204,0.058920446783304214,0.11096026003360748,-0.14816299080848694,2.239147186279297,2.8295596089402317,687.624325777554,0.8469416499137878,0.1031605675816536,0.04983209818601608,0.02090376988053322,0.00014168053166940808,0.7941985726356506
0.01447207946330309,0.05093832686543465,0.10029308497905731,-0.073119156062603,2.7652292251586914,3.51976555899098,1288.2270665892522,0.5866962671279907,0.29556021094322205,0.11769312620162964,0.06948314607143402,0.0023115614894777536,0.4330628216266632
0.012338155880570412,0.042081039398908615,0.07905697822570801,0.0839487686753273,2.910867929458618,3.410642546814095,1702.6727634719018,0.3913505971431732,0.47213584184646606,0.13643887639045715,0.09876345843076706,0.0004021038766950369,0.16593821346759796
0.01260853186249733,0.05065031722187996,0.09575745463371277,-0.0067512961104512215,2.952486276626587,4.01714630777248,1675.2766052553168,0.40820422768592834,0.41965511441230774,0.1720425933599472,0.14539474248886108,0.0036005883011966944,0.16207803785800934
0.01480813603848219,0.048212338238954544,0.08857108652591705,-0.2736022472381592,2.7292392253875732,3.2558006024801776,1136.6859391955948,0.6284723877906799,0.27716973423957825,0.09431058913469315,0.12109148502349854,0.003807363798841834,0.44183266162872314
0.013482876121997833,0.044596947729587555,0.08892986923456192,-0.11975764483213425,2.9355034828186035,3.307673179131138,1429.5739180747125,0.4955596625804901,0.3774762749671936,0.12696045637130737,0.15510903298854828,0.00571836344897747,0.2368798553943634
0.019806722179055214,0.053117163479328156,0.10105939209461212,-0.06681808084249496,2.0830941200256348,2.6817745509055295,648.3125866909213,0.8667381405830383,0.08706938475370407,0.045977767556905746,0.02081429585814476,5.9259135014144704e-05,0.8177977204322815
0.025883683934807777,0.06432785838842392,0.12403217703104019,-0.023353563621640205,1.9054306745529175,2.4852667243178646,575.1495520778282,0.8999881744384766,0.06472566723823547,0.03518034890294075,0.011007893830537796,0.0006559569155797362,0.8609566688537598
0.020429886877536774,0.061981089413166046,0.12004880607128143,-0.14111469686031342,2.306302070617676,3.0338439846322465,673.8836381335107,0.8437126278877258,0.11174775660037994,0.04451632499694824,0.04430382698774338,0.0014378399355337024,0.7771933078765869
0.0217435359954834,0.05605454742908478,0.10862437635660172,-0.11100742965936661,2.0778822898864746,2.5779867376746144,615.2143481378008,0.8744521737098694,0.0840318500995636,0.0412551574409008,0.03132660686969757,0.00013739759742747992,0.8176445364952087
0.017148692160844803,0.05650686100125313,0.09838858246803284,-0.19958443939685822,2.6333391666412354,3.2951119810161837,1097.195094518951,0.6619298458099365,0.2462346851825714,0.09154798090457916,0.07205222547054291,0.0023910882882773876,0.5353870391845703
0.017455555498600006,0.055445075035095215,0.10125399380922318,-0.17291341722011566,2.464343786239624,3.176356950448569,862.2120252639908,0.7672940492630005,0.16368494927883148,0.06853245943784714,0.04977984353899956,0.0010492062428966165,0.6713352203369141
0.013522792607545853,0.04835342988371849,0.08699305355548859,-0.1460982710123062,2.7482821941375732,3.5756985471448477,1258.31022101133,0.5960078835487366,0.28623005747795105,0.11775811016559601,0.07071875035762787,0.002893006894737482,0.4581480920314789
0.013213036581873894,0.04502435773611069,0.08416475355625153,-0.03038821741938591,2.861117124557495,3.4075708073395563,1515.2161436105894,0.48990580439567566,0.3611651659011841,0.14745987951755524,0.08052938431501389,0.0005532850627787411,0.2920531630516052
0.01253926195204258,0.04643406718969345,0.08623668551445007,-0.04430961236357689,2.9122488498687744,3.7030941185837887,1626.509029102357,0.4294414222240448,0.4354165196418762,0.13498423993587494,0.14524821937084198,0.006495861802250147,0.19847796857357025
0.01325043011456728,0.04514334350824356,0.08599340915679932,-0.11988172680139542,2.8404202461242676,3.4069341987024906,1519.4574747216448,0.4952017664909363,0.36055800318717957,0.14325322210788727,0.0654541477560997,0.0011371601140126586,0.3384478986263275
0.01703941822052002,0.05283362418413162,0.0955905169248581,-0.27816784381866455,2.4951064586639404,3.100670662417637,925.632775535804,0.7411426901817322,0.18392664194107056,0.07476678490638733,0.09501532465219498,0.004079936072230339,0.5935714244842529
0.01955948956310749,0.05830611661076546,0.11443978548049927,-0.17619584500789642,2.387529134750366,2.9809630982272517,773.5925807534761,0.8078951239585876,0.12994028627872467,0.061618734151124954,0.04664905369281769,0.002410951303318143,0.7354133725166321
