均方根_RMS,峰值_Peak,峰峰值_PeakToPeak,偏度_Skewness,峭度_Kurtosis,峰值因子_CrestFactor,频率重心_Hz,0到1kHz能量占比,1到3kHz能量占比,3到5kHz能量占比,一倍频能量占比,二倍频能量占比,三四倍频能量占比
0.030230946838855743,0.09624630212783813,0.1697063446044922,-0.16499345004558563,2.17209529876709,3.183701213120767,626.0938974515601,0.8767468929290771,0.07631701231002808,0.04692433774471283,0.04397934302687645,0.001193254953250289,0.8153875470161438
0.030333343893289566,0.08057332783937454,0.15391826629638672,-0.13201090693473816,2.099168300628662,2.6562626303308075,612.8851694696829,0.8853111863136292,0.0667249783873558,0.047962937504053116,0.04098157957196236,0.0013426014920696616,0.8199160099029541
0.03122681751847267,0.07441549748182297,0.14787912368774414,-0.11740074306726456,2.061434030532837,2.383063769960495,601.8749930863569,0.890714168548584,0.06337384134531021,0.04591114819049835,0.04325714334845543,0.0011407558340579271,0.8291677832603455
0.0306860338896513,0.09262736886739731,0.16613006591796875,-0.1379082202911377,2.1597707271575928,3.0185513448063044,590.2162126314207,0.8877047896385193,0.07243402302265167,0.039860501885414124,0.0414108969271183,0.0010692356154322624,0.8233062028884888
0.030142296105623245,0.09258197247982025,0.16141653060913086,-0.14499549567699432,2.269550323486328,3.0714970137751707,615.4547254429755,0.8769574165344238,0.07988999783992767,0.043152108788490295,0.043752338737249374,0.001219253521412611,0.8132765889167786
0.03104162961244583,0.08384629338979721,0.15346288681030273,-0.13194777071475983,2.183702230453491,2.70109187030177,607.3558590459297,0.8839675188064575,0.07213106006383896,0.043901246041059494,0.042748067528009415,0.0008898787782527506,0.8188567757606506
0.03133467957377434,0.08391062170267105,0.15640974044799805,-0.11900908499956131,2.0967166423797607,2.6778835093058504,612.1149588884488,0.8836709856987,0.07074768841266632,0.045572273433208466,0.04036574810743332,0.0009786655427888036,0.8251824378967285
0.031164245679974556,0.08928734064102173,0.17082452774047852,-0.12152967602014542,2.105292320251465,2.865057012932314,601.7294020121396,0.8867368102073669,0.06858682632446289,0.04467497020959854,0.04162891209125519,0.0008884032722562551,0.8203049898147583
0.03036007657647133,0.08948453515768051,0.17082452774047852,-0.13211558759212494,2.18039870262146,2.94744102273057,623.4111313376098,0.8761440515518188,0.07699771970510483,0.04685825854539871,0.04275534674525261,0.0013075993629172444,0.8099822998046875
0.03067239373922348,0.07983190566301346,0.15714645385742188,-0.1296921819448471,2.1336889266967773,2.6027282493548154,640.8171193287877,0.8691638112068176,0.0840943232178688,0.04673660546541214,0.043934691697359085,0.0013639358803629875,0.805062472820282
0.031258538365364075,0.08264414221048355,0.16001224517822266,-0.13856801390647888,2.0905697345733643,2.64389016664366,629.0917938080128,0.8789128661155701,0.07495692372322083,0.04609942063689232,0.040977105498313904,0.0014346034731715918,0.8216671347618103
0.030863340944051743,0.0826617106795311,0.1571059226989746,-0.1394781768321991,2.0631260871887207,2.678313758277167,590.2770207300973,0.8955087661743164,0.0599534772336483,0.04453542083501816,0.042300112545490265,0.0015213360311463475,0.8342455625534058
0.03076479397714138,0.08618521690368652,0.15918254852294922,-0.13878120481967926,2.108466625213623,2.8014235026219185,582.8455865963151,0.8921988010406494,0.06838484108448029,0.03941645100712776,0.04492097720503807,0.0018241868820041418,0.8270209431648254
0.03090479038655758,0.08621517568826675,0.15918254852294922,-0.1322731375694275,2.1583268642425537,2.789702651501478,624.1633679363666,0.8776383996009827,0.07967382669448853,0.0426875501871109,0.040156640112400055,0.0017263947520405054,0.8151729106903076
0.030843406915664673,0.08494192361831665,0.16503334045410156,-0.11280060559511185,2.1400580406188965,2.7539734455347276,639.3115005724044,0.8752169013023376,0.07678119838237762,0.047996874898672104,0.04334847629070282,0.0016598158981651068,0.809017539024353
0.030412832275032997,0.10424893349409103,0.1842021942138672,-0.12120956182479858,2.239583730697632,3.4277943122135652,662.4074056405766,0.8636713027954102,0.0842365026473999,0.052090298384428024,0.04276048019528389,0.0013648753520101309,0.8030300140380859
0.030635368078947067,0.10437353700399399,0.19397974014282227,-0.1326099932193756,2.2279603481292725,3.4069620685352096,651.6509766700657,0.8655621409416199,0.08279098570346832,0.05163654685020447,0.041637931019067764,0.0010604815324768424,0.7997806072235107
0.03043147549033165,0.08955906331539154,0.1686716079711914,-0.13157078623771667,2.1289215087890625,2.9429747282842817,620.5467598727618,0.8758447766304016,0.07784540206193924,0.046293459832668304,0.044971488416194916,0.0010860314359888434,0.8141052722930908
0.030118105933070183,0.07903748005628586,0.1493239402770996,-0.14515922963619232,2.0968971252441406,2.624251346658461,625.3039253197163,0.8739335536956787,0.07976927608251572,0.04629700258374214,0.04216761887073517,0.0012159646721556783,0.8078449368476868
0.030804496258497238,0.0854477658867836,0.1646566390991211,-0.12261588126420975,2.125537633895874,2.773873176401626,630.0784873252516,0.8767299056053162,0.07635253667831421,0.0469171367585659,0.042307861149311066,0.0008647378417663276,0.8168613314628601
0.030956536531448364,0.08565447479486465,0.17095088958740234,-0.10344794392585754,2.1431241035461426,2.7669269365803375,619.288949765359,0.8803687691688538,0.07527381181716919,0.04435744509100914,0.04228939488530159,0.0008074192446656525,0.8200922012329102
0.03140100836753845,0.08566223084926605,0.1707744598388672,-0.1309058666229248,2.1399424076080322,2.7280089175446176,624.8254153439538,0.8767480254173279,0.07756049931049347,0.04568759724497795,0.03977854549884796,0.0011074020294472575,0.8208316564559937
0.031324874609708786,0.10203956812620163,0.1754474639892578,-0.16603320837020874,2.2075233459472656,3.2574613432392856,633.8693517089681,0.8682556748390198,0.08798661828041077,0.04375642538070679,0.04138414189219475,0.0008728121756576002,0.8031216263771057
0.031080113723874092,0.10223744064569473,0.18437862396240234,-0.17284469306468964,2.286696195602417,3.28948090572371,705.5387521482312,0.8453466296195984,0.09595058858394623,0.058702535927295685,0.041583940386772156,0.0012709161965176463,0.784420907497406
0.031487636268138885,0.08598284423351288,0.16813278198242188,-0.142977774143219,2.2303969860076904,2.730685895205951,709.453019423389,0.8487989902496338,0.09093007445335388,0.06027068942785263,0.040971510112285614,0.0015214045997709036,0.7890368103981018
0.03077930398285389,0.0852714255452156,0.16038179397583008,-0.1637999713420868,2.2047529220581055,2.770414353422255,616.0753552829066,0.878591775894165,0.0790364220738411,0.04236944764852524,0.04116010293364525,0.0014576081885024905,0.8211140632629395
0.031017838045954704,0.08531568199396133,0.16549348831176758,-0.1649612933397293,2.143094062805176,2.7505360581485636,592.8142935074931,0.8923338055610657,0.06281247735023499,0.04485349729657173,0.04374019429087639,0.0012565036304295063,0.8282040357589722
0.030841873958706856,0.0804474800825119,0.1550912857055664,-0.12739965319633484,2.1096487045288086,2.608384957010457,609.2753196850009,0.8872853517532349,0.06559532880783081,0.047117263078689575,0.04387944936752319,0.0014994427328929305,0.8195658922195435
0.030793122947216034,0.08658935874700546,0.16997098922729492,-0.12733136117458344,2.1395647525787354,2.811970675810325,596.3683666472331,0.8843643665313721,0.07555563747882843,0.040079500526189804,0.039991360157728195,0.0013829601230099797,0.8232384324073792
0.0313180610537529,0.08646030724048615,0.16997098922729492,-0.1353856474161148,2.1438305377960205,2.7607171174910503,600.749037571835,0.8774135112762451,0.08470218628644943,0.03788094222545624,0.04314906895160675,0.0016035597072914243,0.8119754195213318
0.031153645366430283,0.08513069897890091,0.16808748245239258,-0.11697118729352951,2.1854898929595947,2.7326079492418303,643.1673286548316,0.863182544708252,0.09201986342668533,0.044797420501708984,0.040020063519477844,0.0015078705037012696,0.8054571151733398
0.031326018273830414,0.09085558354854584,0.17596006393432617,-0.13458740711212158,2.1469547748565674,2.90032339097324,633.9596922742624,0.8700489401817322,0.08446069061756134,0.04548696056008339,0.040025100111961365,0.0014106975868344307,0.8094670176506042
0.03078697808086872,0.09085682779550552,0.16799211502075195,-0.15047989785671234,2.1725871562957764,2.9511447194946863,676.4090346485513,0.8576639890670776,0.08738245815038681,0.05495284125208855,0.043492335826158524,0.0014670725213363767,0.7946261763572693
0.03073444962501526,0.08397942781448364,0.16112565994262695,-0.13619615137577057,2.2051138877868652,2.732420096548566,683.7148862394728,0.8529191017150879,0.09323978424072266,0.05382852256298065,0.04053674265742302,0.0012145355576649308,0.7888791561126709
0.03129744529724121,0.0905163511633873,0.16657352447509766,-0.1351742297410965,2.1718389987945557,2.892132258746178,615.4477612234355,0.8739231824874878,0.08614593744277954,0.039930738508701324,0.04230482131242752,0.0009207258699461818,0.8153381943702698
0.03153948858380318,0.0904119536280632,0.17472505569458008,-0.1230672150850296,2.1816246509552,2.866627129509856,638.0254278197937,0.8643273711204529,0.09209906309843063,0.04357244446873665,0.0398106649518013,0.0007395600550808012,0.8024978041648865
0.03148695081472397,0.084313303232193,0.16645431518554688,-0.12254233658313751,2.1602392196655273,2.6777220736816654,635.892690779178,0.8667200207710266,0.08930560946464539,0.04397296532988548,0.04018619656562805,0.0009047357016243041,0.8103625774383545
0.031153390184044838,0.08327282220125198,0.16098976135253906,-0.14501380920410156,2.1417086124420166,2.672993908740855,607.9930481522847,0.8783034086227417,0.08047794550657272,0.0412115678191185,0.04284810274839401,0.000785093056038022,0.8113214373588562
0.030713414773344994,0.08344678580760956,0.16098976135253906,-0.16588915884494781,2.1397435665130615,2.7169491383717093,614.7213213110217,0.8783455491065979,0.07845664769411087,0.043197765946388245,0.04147738590836525,0.0012365304864943027,0.8130266070365906
0.030837157741189003,0.08036748319864273,0.15923500061035156,-0.1339845061302185,2.137338638305664,2.6061897101719653,644.0110338766456,0.8723294734954834,0.07868184894323349,0.04898554086685181,0.04305529221892357,0.0010995964985340834,0.8106486201286316
0.0309000164270401,0.0807444304227829,0.16107559204101562,-0.13406698405742645,2.142524242401123,2.613086973944508,650.0439956764706,0.8652346134185791,0.0892949178814888,0.0454682931303978,0.04131999984383583,0.001428856048732996,0.8071798086166382
0.030750103294849396,0.0807669460773468,0.15470266342163086,-0.14800356328487396,2.135580062866211,2.626558528935043,618.1214100565081,0.8682941198348999,0.09611469507217407,0.035584039986133575,0.04344998672604561,0.0013524043606594205,0.8046327829360962
0.030566690489649773,0.10152782499790192,0.17562627792358398,-0.15315139293670654,2.217620611190796,3.321518403471219,636.7439756758207,0.8668785691261292,0.0889207199215889,0.04420045390725136,0.04430976137518883,0.0015681941295042634,0.7987947463989258
0.031077852472662926,0.10150418430566788,0.1714324951171875,-0.14132830500602722,2.183837890625,3.266126074563488,631.8764336932604,0.8757160305976868,0.0762123391032219,0.04806916043162346,0.040194131433963776,0.0017135400557890534,0.8089240789413452
0.0312814936041832,0.09162478893995285,0.17334461212158203,-0.1129937544465065,2.084937572479248,2.929041371757615,622.4237081140693,0.8792473673820496,0.07418274879455566,0.04656732827425003,0.04399523138999939,0.0017781216884031892,0.8115556240081787
0.03109925240278244,0.08156444132328033,0.15879154205322266,-0.11696058511734009,2.11600923538208,2.6227138924201303,630.0372301598672,0.8706769347190857,0.0855477824807167,0.0437716469168663,0.03993120789527893,0.0016214739298447967,0.8141017556190491
0.03138496354222298,0.08109196275472641,0.15919208526611328,-0.13023638725280762,2.1270852088928223,2.583783876092371,633.5964567943969,0.8612276911735535,0.09756334871053696,0.04120784252882004,0.04029986634850502,0.0013723582960665226,0.7990821599960327
0.031381309032440186,0.08324100822210312,0.16232013702392578,-0.12197978794574738,2.131889581680298,2.652566473036571,628.9086236947945,0.861090898513794,0.09802806377410889,0.040874868631362915,0.04297343268990517,0.0012183081125840545,0.7999082803726196
0.031119536608457565,0.08323532342910767,0.16232013702392578,-0.1264917552471161,2.1491518020629883,2.674696749944906,640.7873362838975,0.8588510751724243,0.09669923037290573,0.04444896802306175,0.03863997757434845,0.0012861995492130518,0.7985231876373291
0.03025887906551361,0.07948566228151321,0.1583552360534668,-0.14443066716194153,2.1451611518859863,2.626854157643833,646.123194185035,0.8608806729316711,0.09410934150218964,0.04500859975814819,0.04370595142245293,0.000969690561760217,0.7993091940879822
0.03038138337433338,0.0787939801812172,0.1550006866455078,-0.11784045398235321,2.1169114112854004,2.5934954708214493,608.7791613263348,0.8792135715484619,0.080604687333107,0.04018186032772064,0.04343940690159798,0.0008668460650369525,0.8139100074768066
0.030649371445178986,0.08298179507255554,0.15916824340820312,-0.12153533101081848,2.122760534286499,2.707455036011865,613.2266197685512,0.8821383714675903,0.07356638461351395,0.0442950576543808,0.0420207679271698,0.0008405206026509404,0.82294762134552
0.030993890017271042,0.08426675200462341,0.15408039093017578,-0.1410103142261505,2.121994972229004,2.718818191422496,617.3580486673485,0.8797354698181152,0.0752241313457489,0.04503932595252991,0.04268902540206909,0.0006151232519187033,0.8119303584098816
0.03135470300912857,0.08442904055118561,0.1609516143798828,-0.1327999085187912,2.1142396926879883,2.692707391421068,601.8003512874857,0.8796719908714294,0.08172068744897842,0.03860517218708992,0.04028715565800667,0.0009314194321632385,0.8185423016548157
0.030938509851694107,0.0782177746295929,0.15470504760742188,-0.11488393694162369,2.104647159576416,2.5281687774235753,586.2673064681801,0.884200930595398,0.07886775583028793,0.036930665373802185,0.0427597276866436,0.0011662441538646817,0.8214953541755676
0.03125560283660889,0.08776593953371048,0.16136407852172852,-0.15387067198753357,2.1085431575775146,2.808006615316486,584.7683750575395,0.8901432156562805,0.06946179270744324,0.040386490523815155,0.04021196439862251,0.0012504588812589645,0.8329511284828186
0.030953818932175636,0.08983360230922699,0.1600480079650879,-0.1691875457763672,2.146106004714966,2.9021815532087794,604.9524409382285,0.8864309191703796,0.06901375204324722,0.0445537306368351,0.0422382690012455,0.0011653261026367545,0.8244911432266235
0.03030071221292019,0.08963809162378311,0.1600480079650879,-0.1343746781349182,2.1197988986968994,2.958283323208596,612.8500852931759,0.881167471408844,0.07625430077314377,0.04257678985595703,0.04486244544386864,0.001373455859720707,0.8097691535949707
0.0305806752294302,0.08645904064178467,0.1581430435180664,-0.1416061371564865,2.087078332901001,2.8272443296396235,608.1322162613924,0.8754896521568298,0.08453252166509628,0.0399741530418396,0.04274493828415871,0.0014254071284085512,0.811316967010498
0.030936727300286293,0.08628863096237183,0.16966819763183594,-0.13354533910751343,2.1304452419281006,2.7891971287727033,652.3176991370087,0.8610628843307495,0.08791536837816238,0.05102038010954857,0.04429132118821144,0.001825836836360395,0.7982240915298462
0.03149886429309845,0.083225779235363,0.16501188278198242,-0.12801147997379303,2.150986671447754,2.6421834913887987,648.142314115361,0.8658546805381775,0.08524709939956665,0.04888341203331947,0.039136022329330444,0.0016023328062146902,0.8117445707321167
0.03118915669620037,0.0848345011472702,0.15907526016235352,-0.15589141845703125,2.1834323406219482,2.7199998374718866,634.2637413662007,0.8707348108291626,0.08481638133525848,0.04443209990859032,0.0419754832983017,0.0014717356534674764,0.8087188005447388
0.030309077352285385,0.08496005833148956,0.15289068222045898,-0.16298356652259827,2.1801726818084717,2.803122554381558,604.0921942170924,0.8833358883857727,0.0749511569738388,0.04171295464038849,0.04428019002079964,0.0014793277950957417,0.8187940716743469
0.030586376786231995,0.09844135493040085,0.16626596450805664,-0.1603924036026001,2.1481308937072754,3.218470615698892,603.7648175004002,0.8860096335411072,0.06913822889328003,0.04483417049050331,0.04000398889183998,0.0014168837806209922,0.8184903264045715
0.03101792372763157,0.0984356477856636,0.17509222030639648,-0.16032393276691437,2.141288995742798,3.173508602537477,634.6928318473051,0.8689631819725037,0.08501078933477402,0.046021606773138046,0.04243289679288864,0.0012215765891596675,0.8078756928443909
0.030846083536744118,0.08424978703260422,0.16095876693725586,-0.14151403307914734,2.0859031677246094,2.7312960794362713,616.5733453750465,0.8695467710494995,0.09288623929023743,0.037563469260931015,0.04135647043585777,0.0010211124317720532,0.8069763779640198
0.03002469427883625,0.0756387785077095,0.14636516571044922,-0.13130415976047516,2.0922048091888428,2.5192189403409313,620.1886038030387,0.8758684396743774,0.0810336172580719,0.04309384152293205,0.04419243335723877,0.0010396897559985518,0.8134666681289673
0.029902275651693344,0.08014883100986481,0.15096426010131836,-0.12525594234466553,2.0746548175811768,2.680358911166872,597.0614076685009,0.8925749659538269,0.0611429363489151,0.04628058150410652,0.0453728511929512,0.000701680313795805,0.8250901699066162
0.03001480922102928,0.08254678547382355,0.14992237091064453,-0.1525047868490219,2.084453821182251,2.750201904106676,586.6051530436793,0.8954780101776123,0.06324874609708786,0.04126986116170883,0.043631263077259064,0.0009680179646238685,0.8303012847900391
0.03075553849339485,0.09065663069486618,0.16744136810302734,-0.16003559529781342,2.1151790618896484,2.9476521996644025,596.0450843522126,0.8901492953300476,0.06950569897890091,0.04034397751092911,0.04315202310681343,0.000917547382414341,0.8287734389305115
0.031287744641304016,0.09082740545272827,0.16744136810302734,-0.16368305683135986,2.1094412803649902,2.9029706836050098,597.0594544011891,0.8864524960517883,0.0732831209897995,0.04026214778423309,0.04004300385713577,0.0014781297650188208,0.8306096196174622
0.031343989074230194,0.08183760941028595,0.15334129333496094,-0.15086957812309265,2.10361385345459,2.610950674270069,606.9837878822796,0.8753915429115295,0.08773206919431686,0.036871667951345444,0.04198997840285301,0.001374581828713417,0.8120678067207336
0.0315294973552227,0.09433294832706451,0.16600608825683594,-0.11953090876340866,2.0912973880767822,2.9918950898989465,615.8548084281239,0.8715807795524597,0.09049171209335327,0.037924379110336304,0.041148584336042404,0.001535532996058464,0.808796226978302
0.030353020876646042,0.09431576728820801,0.16173124313354492,-0.13911938667297363,2.1323390007019043,3.107294251481517,612.5934702044333,0.8789852857589722,0.07822371274232864,0.04278172180056572,0.04315590858459473,0.0013873978750780225,0.810425341129303
0.0302928164601326,0.07908284664154053,0.15327930450439453,-0.13280166685581207,2.0717945098876953,2.610613864280606,601.490074938607,0.8862581849098206,0.07055550813674927,0.043184444308280945,0.045908164232969284,0.00177689827978611,0.8157345056533813
0.03079638071358204,0.08532099425792694,0.15937328338623047,-0.123886838555336,2.0719070434570312,2.770487709210829,618.0736232094655,0.8757738471031189,0.08295182883739471,0.04126980900764465,0.04067680239677429,0.0015474328538402915,0.8204513192176819
0.03077271208167076,0.08806430548429489,0.16588449478149414,-0.1423841416835785,2.1719369888305664,2.8617661403294745,653.5987556851934,0.8609846830368042,0.09209563583135605,0.046918418258428574,0.04460272938013077,0.0013499304186552763,0.7939963340759277
0.031275030225515366,0.08818873763084412,0.1713728904724121,-0.1132369339466095,2.166778087615967,2.819781051916509,661.1251400626496,0.8644049167633057,0.08184172213077545,0.053748372942209244,0.04067987576127052,0.001134872087277472,0.8035128116607666
0.030958207324147224,0.08419189602136612,0.16724586486816406,-0.10873888432979584,2.153574228286743,2.7195339554747857,638.2709683546335,0.8727943897247314,0.07672926038503647,0.0504734143614769,0.03862683102488518,0.001155686448328197,0.8102504014968872
0.030845798552036285,0.08416572213172913,0.15671491622924805,-0.1394539475440979,2.139279842376709,2.7285959864846596,619.2864012210116,0.8781958818435669,0.07795216143131256,0.04385156184434891,0.044648606330156326,0.0012349645840004086,0.8129450082778931
0.03083774633705616,0.08129049092531204,0.15293121337890625,-0.127915158867836,2.111083745956421,2.636071068040186,627.0606433022087,0.8757641315460205,0.07881832122802734,0.04541638121008873,0.04174375161528587,0.0012905264738947153,0.816358208656311
0.030314628034830093,0.08146792650222778,0.15314102172851562,-0.12777048349380493,2.1588680744171143,2.6874130339299405,653.5329528019863,0.8687631487846375,0.0795653834939003,0.05166644603013992,0.04358711093664169,0.001169528579339385,0.8090314865112305
0.031024755910038948,0.10576732456684113,0.17472267150878906,-0.16495195031166077,2.224501132965088,3.409126726737855,671.8437000408608,0.8638818264007568,0.08146223425865173,0.054648686200380325,0.042421046644449234,0.0005973136867396533,0.7950974702835083
0.03092804178595543,0.10584549605846405,0.1741504669189453,-0.15768809616565704,2.192108392715454,3.4223148296154555,669.1928913956915,0.8585623502731323,0.09305248409509659,0.04838385805487633,0.04105747491121292,0.0008022232796065509,0.7985227704048157
0.03108108602464199,0.0847441554069519,0.15985727310180664,-0.11738117784261703,2.1249964237213135,2.7265506532505883,630.6224337585747,0.8678721785545349,0.09144480526447296,0.0406816266477108,0.04199962317943573,0.0007110136793926358,0.8042204976081848
0.031055616214871407,0.08482618629932404,0.15985727310180664,-0.1269441545009613,2.1221542358398438,2.7314282128452,638.5907364658328,0.8686715364456177,0.08447860926389694,0.046846337616443634,0.04097167029976845,0.0010090209543704987,0.8094829320907593
0.030528496950864792,0.07828515768051147,0.14799833297729492,-0.14156918227672577,2.096627950668335,2.564330559868246,634.9184030488226,0.8755459189414978,0.07497839629650116,0.049474067986011505,0.04487631842494011,0.0012137754820287228,0.8096283078193665
0.030843615531921387,0.07821390777826309,0.15616178512573242,-0.13045945763587952,2.093345880508423,2.535821641752094,619.1874950523196,0.8837040066719055,0.0700673907995224,0.04622756689786911,0.041984427720308304,0.0011999792186543345,0.8155897259712219
0.03090960904955864,0.10397498309612274,0.18762588500976562,-0.11990874260663986,2.1612510681152344,3.363840122534438,637.2330601281518,0.8705846667289734,0.08459266275167465,0.04482249915599823,0.04145539551973343,0.0012286457931622863,0.8051308989524841
0.031432755291461945,0.10422030836343765,0.19295215606689453,-0.13248026371002197,2.180124282836914,3.3156593303302073,621.6390332820303,0.8729814887046814,0.08543824404478073,0.0415804386138916,0.04360935837030411,0.0019027073867619038,0.8100704550743103
0.03073890693485737,0.08885903656482697,0.17232894897460938,-0.14836163818836212,2.1737582683563232,2.8907676109058924,637.9379294974659,0.8693498969078064,0.08484451472759247,0.04580564424395561,0.041503749787807465,0.001396983745507896,0.8112697601318359
0.030278511345386505,0.0835200622677803,0.1617431640625,-0.14601008594036102,2.118018865585327,2.7583939419051973,627.5066149555447,0.8777497410774231,0.07511000335216522,0.04713474586606026,0.0457737036049366,0.0014998066471889615,0.8107494711875916
0.03081795573234558,0.08737630397081375,0.15313386917114258,-0.1478108912706375,2.116316795349121,2.835240102453357,596.2528257315314,0.890476644039154,0.06850287318229675,0.04101786017417908,0.04167703539133072,0.0012113312259316444,0.8249666690826416
0.03101392462849617,0.0875319093465805,0.16195297241210938,-0.15954650938510895,2.1636319160461426,2.822342234730661,624.627779626046,0.8819116353988647,0.07146093249320984,0.046627212315797806,0.03888104856014252,0.001091253710910678,0.8158042430877686
0.03138585388660431,0.08755676448345184,0.16429662704467773,-0.17278139293193817,2.169645309448242,2.7896887813535627,637.820129294814,0.877845048904419,0.07321583479642868,0.04893719404935837,0.042651768773794174,0.0009716431959532201,0.8166946768760681
0.03088965453207493,0.08635774254798889,0.16319990158081055,-0.16536065936088562,2.1793131828308105,2.795684958390254,625.5003456531003,0.8746591210365295,0.08214099705219269,0.043198633939027786,0.040808163583278656,0.001256846939213574,0.812425971031189
0.03074435330927372,0.10143201053142548,0.17618179321289062,-0.15016812086105347,2.2081871032714844,3.299207809244449,637.0857517814842,0.8697521686553955,0.08530104160308838,0.04493832588195801,0.042379967868328094,0.001153014600276947,0.8109925985336304
0.03076934441924095,0.10130522400140762,0.17618179321289062,-0.14801853895187378,2.2541446685791016,3.2924076190185634,651.5581232173846,0.864055871963501,0.08868242055177689,0.04725054278969765,0.043605368584394455,0.0008602738962508738,0.7983170747756958
0.030918974429368973,0.0907004103064537,0.16408920288085938,-0.12873196601867676,2.229769706726074,2.9334870246332208,635.2838443291345,0.8735752105712891,0.07778298854827881,0.04864080622792244,0.04108056798577309,0.000922796200029552,0.8143671751022339
0.03119472600519657,0.09074953943490982,0.16408920288085938,-0.1180761530995369,2.161134719848633,2.9091308388758788,641.0979569592732,0.8735668659210205,0.07605044543743134,0.05037075653672218,0.041899893432855606,0.0009581788908690214,0.8076993227005005
0.03041781298816204,0.08790187537670135,0.16029596328735352,-0.13497811555862427,2.143401622772217,2.889815760522332,633.2065933603835,0.8710798025131226,0.08426658809185028,0.04464694857597351,0.043209001421928406,0.001059017376974225,0.8102912902832031
0.030748819932341576,0.0978148877620697,0.17261505126953125,-0.14692296087741852,2.160782814025879,3.1810940378888173,622.3160193336173,0.8754966855049133,0.08233655244112015,0.0421663261950016,0.042867470532655716,0.0011726823868229985,0.8112939596176147
0.03097233735024929,0.09777398407459259,0.17261505126953125,-0.13903848826885223,2.1394729614257812,3.156816450943403,622.9171773277737,0.8759021162986755,0.08140379190444946,0.04268733784556389,0.04126466438174248,0.0013387512881308794,0.8132976293563843
0.031205305829644203,0.09738769382238388,0.17128944396972656,-0.14265380799770355,2.1441688537597656,3.1208697120586244,610.3742677892809,0.8828532099723816,0.07439596205949783,0.0427507609128952,0.04165500029921532,0.0010909000411629677,0.8216811418533325
0.030988091602921486,0.09714411199092865,0.17128944396972656,-0.1235474944114685,2.1427955627441406,3.1348852724649636,628.4328906937932,0.877712607383728,0.07430129498243332,0.04798392206430435,0.043976325541734695,0.0019096421310678124,0.8107619285583496
0.029929885640740395,0.07893263548612595,0.15152454376220703,-0.09886699169874191,2.0955233573913574,2.6372514893958043,614.2439359551976,0.8783353567123413,0.07636168599128723,0.04530251398682594,0.04315267503261566,0.001803410705178976,0.8190889358520508
0.029952682554721832,0.07999773323535919,0.15516996383666992,-0.1270325481891632,2.1086347103118896,2.6708036279066865,602.3655295430441,0.8849614858627319,0.07021062821149826,0.044818948954343796,0.046402886509895325,0.001859793090261519,0.8168034553527832
0.030001962557435036,0.10358183830976486,0.1836681365966797,-0.14038307964801788,2.1878247261047363,3.452502085755816,671.1209814955199,0.8645504713058472,0.07794249057769775,0.05750330165028572,0.043167609721422195,0.0019194934284314513,0.7976714968681335
0.030712096020579338,0.10345740616321564,0.19180536270141602,-0.15793104469776154,2.214463472366333,3.368620822575022,685.5206792313951,0.8541239500045776,0.08937745541334152,0.05649849399924278,0.0407043918967247,0.0011507727904245257,0.7917084693908691
0.031009705737233162,0.09216982871294022,0.16412734985351562,-0.16089749336242676,2.2263894081115723,2.972289691846388,682.1786686068269,0.8560316562652588,0.0891595408320427,0.054808177053928375,0.04306887090206146,0.0012106961803510785,0.7944804430007935
0.031041821464896202,0.09214040637016296,0.16412734985351562,-0.12151992321014404,2.137012481689453,2.9682667452807863,657.9887702641876,0.8688352704048157,0.07988827675580978,0.051275014877319336,0.040099918842315674,0.00107840565033257,0.8091037273406982
0.031458839774131775,0.10031817108392715,0.19216060638427734,-0.0948934257030487,2.0795562267303467,3.1888706576912194,669.0698887585972,0.8693276047706604,0.07503116130828857,0.05564076080918312,0.04083721712231636,0.0009768035961315036,0.8133366703987122
0.03150588646531105,0.1001710593700409,0.19216060638427734,-0.11999668926000595,2.199705123901367,3.1794394827504022,692.5683980496719,0.8531306982040405,0.08988376706838608,0.05698395520448685,0.04040297493338585,0.0007341750315390527,0.7875846028327942
0.03195194900035858,0.08858783543109894,0.16302824020385742,-0.131902813911438,2.1795690059661865,2.772533075441884,633.4992566956155,0.8664673566818237,0.08966764062643051,0.043863411992788315,0.03882748633623123,0.0008626324124634266,0.811201274394989
0.03172606602311134,0.08280209451913834,0.15079736709594727,-0.13095109164714813,2.1589834690093994,2.6099074009431225,640.2875892284789,0.8645616769790649,0.0879981592297554,0.04743374139070511,0.04015296697616577,0.0009784839348867536,0.8024149537086487
0.030337605625391006,0.08193561434745789,0.15417098999023438,-0.12894852459430695,2.2185840606689453,2.700793706546875,639.0157602906827,0.8656549453735352,0.08969895541667938,0.04464498907327652,0.042857177555561066,0.0011599183781072497,0.802508533000946
0.029921406880021095,0.08585537225008011,0.15804052352905273,-0.12292972952127457,2.1978869438171387,2.869362814104088,649.1607793375196,0.8682250380516052,0.08215797692537308,0.04961585998535156,0.045595377683639526,0.001267245621420443,0.8017809987068176
0.030322950333356857,0.08586625754833221,0.15874385833740234,-0.13730648159980774,2.1490859985351562,2.8317250333996373,657.5965833597847,0.8656954169273376,0.07997488975524902,0.054329778999090195,0.04276810586452484,0.0013933812733739614,0.8022770881652832
0.03112059272825718,0.08025883138179779,0.15656232833862305,-0.12940755486488342,2.130793571472168,2.578962170805463,608.4977635710002,0.8813118934631348,0.07455657422542572,0.04413101449608803,0.04248553887009621,0.001213410752825439,0.8189904689788818
0.03141393885016441,0.0800522118806839,0.15656232833862305,-0.1312958002090454,2.154283285140991,2.548302276259019,614.9531820278883,0.8797724843025208,0.07740180939435959,0.0428243987262249,0.041948311030864716,0.0012623952934518456,0.8174658417701721
0.030950885266065598,0.08957501500844955,0.16234159469604492,-0.13230417668819427,2.1594417095184326,2.8941018725485397,630.4704543814661,0.873923122882843,0.07987617701292038,0.04619880020618439,0.04064680635929108,0.0013520618667826056,0.8149378299713135
0.0305707436054945,0.089413121342659,0.1582026481628418,-0.14032499492168427,2.156550407409668,2.924793799378303,650.5655636490274,0.8656612634658813,0.08168169856071472,0.052646178752183914,0.04655521735548973,0.0018011628417298198,0.7962232232093811
0.03042822889983654,0.07893401384353638,0.1519179344177246,-0.13860659301280975,2.1352314949035645,2.5941047735895766,635.0343366586126,0.8739688396453857,0.07689794898033142,0.049133092164993286,0.041861969977617264,0.0017368823755532503,0.8102598786354065
0.030870405957102776,0.07903043925762177,0.1519179344177246,-0.13558542728424072,2.0939011573791504,2.5600712658227316,565.2953252866328,0.9015492796897888,0.06159656122326851,0.036851927638053894,0.04037820175290108,0.0013368981890380383,0.8375581502914429
0.030946863815188408,0.08361785113811493,0.16303062438964844,-0.12672024965286255,2.1788740158081055,2.7019814232153037,623.9365188308456,0.8802171945571899,0.07329713553190231,0.04648543894290924,0.04364695027470589,0.0011678310111165047,0.8189517259597778
0.030646812170743942,0.08357186615467072,0.16303062438964844,-0.13664610683918,2.2393174171447754,2.7269350458486885,651.0034570664992,0.8645100593566895,0.08797910809516907,0.047502826899290085,0.04041194170713425,0.0012706959387287498,0.8035054206848145
0.0306443739682436,0.087847039103508,0.16525745391845703,-0.15264208614826202,2.219013214111328,2.866661240711792,617.4602142789118,0.869641125202179,0.0907149389386177,0.03962833806872368,0.04354797303676605,0.0011768735712394118,0.8079608082771301
0.03128901869058609,0.08761943131685257,0.16525745391845703,-0.12338262051343918,2.164903402328491,2.800325321177754,632.4191474840358,0.8714322447776794,0.08180848509073257,0.04675747826695442,0.04086417704820633,0.0008260119357146323,0.8053984045982361
0.031389154493808746,0.08606275916099548,0.15815496444702148,-0.11346567422151566,2.1076998710632324,2.7417992152426045,626.0658718369667,0.8800146579742432,0.07185763865709305,0.04812774434685707,0.03965739533305168,0.0007977052591741085,0.8219390511512756
0.030680187046527863,0.0777994841337204,0.14994382858276367,-0.12374008446931839,2.1262760162353516,2.535821701908082,623.1696887338643,0.8765005469322205,0.07666286081075668,0.04683302715420723,0.04392845183610916,0.00102763413451612,0.8079588413238525
0.030276890844106674,0.07847225666046143,0.14631032943725586,-0.13755010068416595,2.1591458320617676,2.591820179354514,617.3940664126588,0.875184178352356,0.08047845214605331,0.044321052730083466,0.04275166243314743,0.0014119716361165047,0.8128579258918762
0.030219923704862595,0.09159201383590698,0.16783952713012695,-0.14551177620887756,2.217231273651123,3.030848612570731,637.2931525109337,0.8636855483055115,0.0924564078450203,0.043851837515830994,0.044622406363487244,0.001094982260838151,0.7970784306526184
0.03068660758435726,0.09161864221096039,0.16783952713012695,-0.13914041221141815,2.2184154987335205,2.985623026465724,671.2053912678526,0.8514445424079895,0.10120472311973572,0.04735007882118225,0.041984815150499344,0.0016444922657683492,0.791295051574707
0.030851062387228012,0.0785803571343422,0.15064001083374023,-0.1312623769044876,2.1606764793395996,2.5470875571638816,645.5572048558147,0.8665767312049866,0.08421049267053604,0.049212802201509476,0.042633380740880966,0.0014468608424067497,0.8039134740829468
0.030330203473567963,0.08403896540403366,0.15400171279907227,-0.14802253246307373,2.2015931606292725,2.7708012402389843,621.4898511099227,0.8779990673065186,0.07446499913930893,0.04753602296113968,0.04481815919280052,0.0013662958517670631,0.8083528876304626
0.03038858249783516,0.08410816639661789,0.15491485595703125,-0.14977551996707916,2.212578296661377,2.7677555015881996,632.3212198903751,0.869651198387146,0.0854293555021286,0.044919420033693314,0.042165059596300125,0.0015834748046472669,0.8084151148796082
0.0304131917655468,0.09775295108556747,0.16875028610229492,-0.15865541994571686,2.169816732406616,3.2141628486718554,614.4396635939916,0.8747246861457825,0.08518023043870926,0.04009521007537842,0.046453434973955154,0.0018614566652104259,0.8036797046661377
0.030743848532438278,0.09779733419418335,0.1715087890625,-0.15917620062828064,2.1466405391693115,3.1810374712136293,607.0467068204839,0.8827342987060547,0.07588857412338257,0.041375868022441864,0.040826164186000824,0.0015461505390703678,0.8229527473449707
0.031297773122787476,0.08962660282850266,0.16324758529663086,-0.14420710504055023,2.12558650970459,2.8636734784297833,609.5237718134681,0.8792382478713989,0.08144399523735046,0.03931626304984093,0.040894437581300735,0.0015099206939339638,0.8184936046600342
0.031144846230745316,0.09217093139886856,0.1728987693786621,-0.1333884596824646,2.1779110431671143,2.9594280451100956,624.4376771238419,0.8747474551200867,0.08291339129209518,0.042337123304605484,0.04350760579109192,0.0011726702796295285,0.8141409754753113
0.030539965257048607,0.0921446681022644,0.1728987693786621,-0.15013381838798523,2.2361574172973633,3.0171831344169684,669.1522674192275,0.8637008666992188,0.08182929456233978,0.05444154143333435,0.04023338109254837,0.0014072497142478824,0.8005025386810303
0.029938388615846634,0.0911824032664299,0.15642166137695312,-0.14482349157333374,2.1648879051208496,3.045668370244905,667.7198343062813,0.8675410151481628,0.07656220346689224,0.05589526891708374,0.04536724463105202,0.0014840431977063417,0.8022302389144897
0.030783815309405327,0.08185875415802002,0.15974998474121094,-0.12291532009840012,2.1103219985961914,2.6591490798851924,654.1815575612919,0.87295001745224,0.06983644515275955,0.057205379009246826,0.042451757937669754,0.0009814623044803739,0.8042560815811157
0.03180404752492905,0.0819108635187149,0.16028404235839844,-0.13047663867473602,2.104175090789795,2.575485508627008,653.7944555006999,0.8630392551422119,0.08398120850324631,0.05297926068305969,0.03848332539200783,0.0007259125704877079,0.8057462573051453
0.03210895135998726,0.08573774993419647,0.1663351058959961,-0.12199997901916504,2.124767303466797,2.6702133299304447,661.8747648168543,0.8603979349136353,0.0887271910905838,0.05087393894791603,0.03890731558203697,0.0007245364831760526,0.8039969801902771
0.031186729669570923,0.0863804817199707,0.17222881317138672,-0.14878520369529724,2.2101216316223145,2.76978325821328,679.9189636944803,0.8634379506111145,0.07782884687185287,0.058730125427246094,0.041355643421411514,0.0012129673268646002,0.8037377595901489
0.030062410980463028,0.08637955039739609,0.16696929931640625,-0.14938774704933167,2.2016541957855225,2.8733407460452565,660.8273237874482,0.8697748184204102,0.0739978551864624,0.05622723326086998,0.045488107949495316,0.0010140910744667053,0.803395688533783
0.030753031373023987,0.08069141954183578,0.15772342681884766,-0.1347745954990387,2.1576929092407227,2.623852541899106,636.2862585437326,0.8748505115509033,0.07388060539960861,0.05126859247684479,0.04192100465297699,0.0013710125349462032,0.8161401748657227
0.030993526801466942,0.07788396626710892,0.15481233596801758,-0.1348739117383957,2.143855094909668,2.5129107366028998,623.6511561123579,0.875348687171936,0.07688476145267487,0.047766298055648804,0.04330700263381004,0.001323555945418775,0.8089353442192078
0.030755741521716118,0.07949739694595337,0.15877723693847656,-0.11838008463382721,2.1202659606933594,2.584798577762685,635.9060175220992,0.872657299041748,0.07884092628955841,0.04849955439567566,0.04266975075006485,0.0014890573220327497,0.8065334558486938
0.030346406623721123,0.07952984422445297,0.15877723693847656,-0.13314765691757202,2.1421573162078857,2.6207334926984567,636.6839073306812,0.8745478391647339,0.07422719150781631,0.0512215830385685,0.04221630468964577,0.0016573094762861729,0.8105550408363342
0.03049301728606224,0.0817350298166275,0.15944242477416992,-0.1129160150885582,2.1397173404693604,2.6804507093270344,628.2374298974062,0.8796557188034058,0.06950462609529495,0.050838470458984375,0.04565747454762459,0.002107393927872181,0.8087950944900513
0.03148875758051872,0.0818527564406395,0.15944242477416992,-0.09625571221113205,2.0933632850646973,2.599427945949835,630.339959654357,0.8829733729362488,0.06626742333173752,0.050754331052303314,0.03917049616575241,0.001754457363858819,0.8265756964683533
0.031507909297943115,0.07923305034637451,0.150909423828125,-0.0987231656908989,2.0874223709106445,2.51470351760319,632.089752800734,0.8768780827522278,0.0767517238855362,0.04635302349925041,0.04086019843816757,0.0013955405447632074,0.8144045472145081
0.031078387051820755,0.07483001053333282,0.14638423919677734,-0.10738489776849747,2.0824854373931885,2.4077829523826932,612.8972617032839,0.8830952644348145,0.07384339720010757,0.043056439608335495,0.04095063731074333,0.0017554365331307054,0.8232232332229614
0.030332084745168686,0.08377256989479065,0.15748977661132812,-0.15454110503196716,2.1732311248779297,2.7618467571824965,641.9380927727308,0.87015300989151,0.08306068927049637,0.04678630456328392,0.04127342626452446,0.0017543123103678226,0.8090060353279114
0.03011903539299965,0.0837598443031311,0.15811681747436523,-0.14959409832954407,2.2067930698394775,2.780960386261834,672.5113705387273,0.8565434813499451,0.09341632574796677,0.05003970116376877,0.046258505433797836,0.0013637260999530554,0.7898692488670349
0.03076035901904106,0.08974766731262207,0.16422271728515625,-0.12277770042419434,2.142314910888672,2.917640436320963,634.6960760653785,0.8747914433479309,0.0757603570818901,0.04944648966193199,0.04096902161836624,0.0011074383510276675,0.8111843466758728
0.03097802773118019,0.08972182124853134,0.16487836837768555,-0.1056881994009018,2.1191723346710205,2.896305149708666,607.4958773666038,0.890548825263977,0.05960538610816002,0.049845706671476364,0.04067055135965347,0.0009773283964022994,0.8323895335197449
0.0308565404266119,0.08536376059055328,0.16057252883911133,-0.10708059370517731,2.1143293380737305,2.7664721776186463,601.5053672964445,0.888154923915863,0.06641729921102524,0.04541773349046707,0.04308237135410309,0.0007728781783953309,0.8231375217437744
0.030313195660710335,0.08343327045440674,0.15617847442626953,-0.13926205039024353,2.1626622676849365,2.7523746221119882,619.9323380745117,0.8703579306602478,0.08813347667455673,0.041508715599775314,0.04331696033477783,0.0009347801096737385,0.810202419757843
0.030565934255719185,0.08347176015377045,0.16221046447753906,-0.12212681770324707,2.2089076042175293,2.730875472436155,632.8818629125828,0.8661406636238098,0.08945611119270325,0.04440208524465561,0.04278617352247238,0.0011182848829776049,0.8008708357810974
0.03097144514322281,0.07858486473560333,0.15613794326782227,-0.12059583514928818,2.1878609657287598,2.5373328357673355,647.3852404862927,0.8704729676246643,0.07896891236305237,0.05055757984519005,0.04096153751015663,0.001463258289732039,0.8091224431991577
0.030985748395323753,0.08027781546115875,0.1522970199584961,-0.12570738792419434,2.102957248687744,2.5907980157317474,633.6901506114988,0.8756797909736633,0.07685128599405289,0.04746701195836067,0.04411376267671585,0.0016329102218151093,0.8086095452308655
0.030599486082792282,0.0801244005560875,0.15038251876831055,-0.1252719610929489,2.072007656097412,2.618488439207063,634.3644304498268,0.8736234307289124,0.08039404451847076,0.04598211869597435,0.04291829839348793,0.001603826880455017,0.80717933177948
0.030043844133615494,0.08733484148979187,0.16907215118408203,-0.13777820765972137,2.1278629302978516,2.9069130134771153,650.9201382337417,0.8709303736686707,0.07665662467479706,0.05241304636001587,0.043353088200092316,0.0017231631791219115,0.805568277835846
0.03050125017762184,0.0874985009431839,0.16907215118408203,-0.132012739777565,2.1271815299987793,2.8686857237252235,629.5365317072614,0.876706600189209,0.07359211146831512,0.04970128834247589,0.04671383649110794,0.0019441124750301242,0.8096665143966675
0.031063683331012726,0.08076027035713196,0.15928030014038086,-0.11906304210424423,2.0777549743652344,2.59982917975166,620.5679199465518,0.8813885450363159,0.0701487585902214,0.04845879226922989,0.039585210382938385,0.0015842972788959742,0.8247824907302856
0.03181733936071396,0.08940616250038147,0.16789674758911133,-0.11798601597547531,2.0924506187438965,2.8099823647719764,610.8485474416991,0.8895155191421509,0.06059852987527847,0.04988262429833412,0.04069151729345322,0.0015904332976788282,0.8268554210662842
0.031503356993198395,0.08956679701805115,0.1611781120300293,-0.12767745554447174,2.127586841583252,2.843087390164344,643.8025990329572,0.8790760040283203,0.06426503509283066,0.05665876716375351,0.04074735566973686,0.0013497477630153298,0.8198826313018799
0.030647266656160355,0.08954836428165436,0.17701148986816406,-0.1307889074087143,2.1781673431396484,2.9219037796550933,707.0027223916576,0.8601694703102112,0.07048426568508148,0.06934395432472229,0.039940785616636276,0.0014725499786436558,0.7959418892860413
0.03054984286427498,0.09653732925653458,0.18607854843139648,-0.16320349276065826,2.190354585647583,3.159994297917174,655.5251124513674,0.8791899681091309,0.06081140413880348,0.05999499931931496,0.04520953446626663,0.0014473297633230686,0.8162482380867004
0.030589837580919266,0.09650302678346634,0.16678810119628906,-0.17711229622364044,2.121833086013794,3.1547413916478715,582.5177200543216,0.8961147665977478,0.06126413866877556,0.042620472609996796,0.04161151498556137,0.0013019703328609467,0.8294568061828613
0.03084852732717991,0.07885057479143143,0.15604734420776367,-0.1438506841659546,2.1249256134033203,2.5560563702955763,612.4859450342269,0.8804951906204224,0.07571347057819366,0.043785497546195984,0.04134666919708252,0.001181822270154953,0.8196672797203064
0.031093724071979523,0.0862470269203186,0.16568660736083984,-0.12160271406173706,2.1711041927337646,2.773776042968985,650.3984235997254,0.8673473000526428,0.08352327346801758,0.04912857338786125,0.04241123050451279,0.0009056414128281176,0.8041471242904663
0.030374839901924133,0.0861271545290947,0.16568660736083984,-0.14330917596817017,2.159839153289795,2.8354768224079887,624.3152386560474,0.8793662190437317,0.07434031367301941,0.046291518956422806,0.04250825569033623,0.0008097156533040106,0.8180411458015442
0.03045490011572838,0.08551186323165894,0.15250682830810547,-0.15118509531021118,2.1231815814971924,2.8078195267069246,589.7087319123754,0.8934877514839172,0.0634160041809082,0.04309435933828354,0.04366304725408554,0.0009658574126660824,0.8292722105979919
0.03121277503669262,0.08566480875015259,0.15524864196777344,-0.14427050948143005,2.092359781265259,2.7445431765263923,615.8112699707283,0.8786267042160034,0.0758173018693924,0.04555238038301468,0.0410037562251091,0.0013701602583751082,0.8212653994560242
0.03142135217785835,0.08091974258422852,0.1550602912902832,-0.13881924748420715,2.087239980697632,2.57531063983538,648.7333140171796,0.8639969229698181,0.0864153504371643,0.04955531284213066,0.04162916913628578,0.0012192263966426253,0.7971941232681274
0.030969297513365746,0.08077435940504074,0.1550602912902832,-0.11682822555303574,2.1321847438812256,2.608207673021059,663.2873074513828,0.860099732875824,0.08853408694267273,0.05136038735508919,0.041422296315431595,0.001417206833139062,0.7962208986282349
0.03014514222741127,0.07913864403963089,0.15584230422973633,-0.10547252744436264,2.1784379482269287,2.6252536292578545,664.5179296696421,0.8587920069694519,0.08769701421260834,0.05350734293460846,0.044461820274591446,0.0011822587111964822,0.7913389801979065
0.03032861277461052,0.07889396697282791,0.15584230422973633,-0.11045275628566742,2.1808784008026123,2.6013048323882586,649.849947091699,0.8712157607078552,0.07394580543041229,0.0548381544649601,0.04676240682601929,0.001561535056680441,0.8024956583976746
0.03087669424712658,0.08121545612812042,0.1540994644165039,-0.12646128237247467,2.1210269927978516,2.6303157804222552,634.8632079113981,0.8790979981422424,0.07083479315042496,0.05006701126694679,0.04028453305363655,0.0014740298502147198,0.8235294818878174
0.03076528012752533,0.08119288831949234,0.15358209609985352,-0.13467839360237122,2.0809574127197266,2.6391077207911047,623.7389612097419,0.880700945854187,0.07325740903615952,0.04604152962565422,0.04339112713932991,0.0014834689209237695,0.8179899454116821
0.030566437169909477,0.07621981203556061,0.14849424362182617,-0.13496361672878265,2.1125550270080566,2.493578548568955,634.7895998598159,0.8735378980636597,0.08017072826623917,0.04628792777657509,0.04271966964006424,0.0014522091951221228,0.8107850551605225
0.03068104013800621,0.08008720725774765,0.15117406845092773,-0.14412088692188263,2.125115394592285,2.6103159115498538,635.4276968440105,0.870794951915741,0.08259837329387665,0.04660511761903763,0.04039749130606651,0.0014123213477432728,0.8085818290710449
0.03049076534807682,0.08008304983377457,0.14991283416748047,-0.1441553831100464,2.1142489910125732,2.626468995347776,606.6950158541491,0.885223925113678,0.06949581205844879,0.0452796034514904,0.04436608776450157,0.0014709363458678126,0.8230676054954529
0.030188731849193573,0.07680661976337433,0.15014171600341797,-0.14292916655540466,2.1550745964050293,2.5442148462715846,608.4597929900832,0.8894259333610535,0.06440098583698273,0.046166762709617615,0.04210977628827095,0.0013145068660378456,0.8240066766738892
0.03014080785214901,0.07674015313386917,0.15014171600341797,-0.1388552337884903,2.1083767414093018,2.546054953396069,587.5889425717039,0.8962805271148682,0.06143798679113388,0.04228052496910095,0.04429706186056137,0.0013101943768560886,0.8331494331359863
0.03030049055814743,0.08465908467769623,0.16100645065307617,-0.14239373803138733,2.1169815063476562,2.7939839624853353,603.8314506927811,0.8878645896911621,0.0651010125875473,0.04703395813703537,0.04519883915781975,0.0009341893019154668,0.819155216217041
0.030325762927532196,0.08471321314573288,0.16100645065307617,-0.15275096893310547,2.2132837772369385,2.7934404600264777,643.6605006105518,0.8660268783569336,0.08344181627035141,0.05053103715181351,0.042871639132499695,0.0011402486125007272,0.8065479397773743
0.03069418855011463,0.10053388774394989,0.17406463623046875,-0.1468132585287094,2.2071444988250732,3.275339485731383,639.2448886182607,0.8602929711341858,0.09597848355770111,0.043727774173021317,0.042571235448122025,0.0010780345182865858,0.8015311360359192
0.030870381742715836,0.1006380170583725,0.16682147979736328,-0.14931724965572357,2.163426399230957,3.2600185476766574,645.1222833564486,0.8630847334861755,0.09144467860460281,0.045458171516656876,0.04163563996553421,0.001297738985158503,0.8024956583976746
0.03114316053688526,0.09269852936267853,0.1636505126953125,-0.1465122550725937,2.15661358833313,2.9765292848139784,632.2985471869586,0.8772614598274231,0.07434225082397461,0.04838903248310089,0.041924890130758286,0.0012727390276268125,0.812504231929779
0.030843855813145638,0.09264902770519257,0.1636505126953125,-0.13686250150203705,2.1616592407226562,3.0038082224045994,624.6726811055921,0.8820768594741821,0.06815410405397415,0.04976866394281387,0.042137566953897476,0.001582591561600566,0.8121063709259033
0.030474510043859482,0.0856073722243309,0.15552997589111328,-0.13630551099777222,2.1381561756134033,2.809146795085927,629.2573042439586,0.8742370009422302,0.07817676663398743,0.04758590832352638,0.04408453404903412,0.0014849798753857613,0.807013750076294
0.030872264876961708,0.08543246239423752,0.15552997589111328,-0.13357415795326233,2.148695945739746,2.7672884620533247,634.8522920080698,0.8702598810195923,0.08389561623334885,0.04584366828203201,0.043527621775865555,0.001987758092582226,0.8088401556015015
0.030897879973053932,0.08341532200574875,0.15408039093017578,-0.12489458173513412,2.1323604583740234,2.699710209108056,610.0565693972876,0.8784277439117432,0.07893290370702744,0.04263729229569435,0.040814999490976334,0.0016856295987963676,0.8192673325538635
0.030791454017162323,0.083331398665905,0.15408039093017578,-0.13449694216251373,2.165440320968628,2.706315804922756,634.1119432442653,0.8752712607383728,0.07510265707969666,0.049625590443611145,0.044879086315631866,0.0017665884224697948,0.8101964592933655
0.030459588393568993,0.08000855892896652,0.15051841735839844,-0.1408717781305313,2.140986680984497,2.626711756329321,637.9710501196882,0.87964928150177,0.06912675499916077,0.05121766775846481,0.04198762774467468,0.001543183228932321,0.812373161315918
0.030390284955501556,0.07737642526626587,0.14430999755859375,-0.13860273361206055,2.0783660411834717,2.5460908108303975,595.2754712238271,0.8923305869102478,0.0660984143614769,0.04156952351331711,0.04101761430501938,0.0012210385175421834,0.8244470357894897
0.03065485693514347,0.08630294352769852,0.17075777053833008,-0.13875649869441986,2.1272759437561035,2.815310595233717,633.6631007168802,0.8788501024246216,0.07104596495628357,0.05008315294981003,0.0433952659368515,0.0012061301385983825,0.8186514377593994
0.03148149326443672,0.08629745244979858,0.17075777053833008,-0.13367056846618652,2.142123222351074,2.7412121693904483,645.1301486984128,0.8729979991912842,0.07355967164039612,0.05344128608703613,0.03859645873308182,0.0011782171204686165,0.8107427358627319
0.03141805902123451,0.0818513035774231,0.15511512756347656,-0.1296350657939911,2.1423068046569824,2.60523107170615,618.8740204552323,0.8790540099143982,0.0759793296456337,0.04492931067943573,0.040918320417404175,0.0010333169484511018,0.8209718465805054
0.03047964908182621,0.08387880027294159,0.1525282859802246,-0.14071564376354218,2.143371343612671,2.751960826222346,609.4339311447601,0.8819643259048462,0.07555724680423737,0.04246817156672478,0.04354702681303024,0.0006601325003430247,0.8151467442512512
0.03013642504811287,0.08392681181430817,0.15415191650390625,-0.1421021819114685,2.130187749862671,2.7848960743530107,612.3832281518974,0.8809401392936707,0.07516231387853622,0.043881308287382126,0.04364578425884247,0.0010119244689121842,0.8194311857223511
0.030436860397458076,0.09079990535974503,0.16102075576782227,-0.12652605772018433,2.1338744163513184,2.9832217965669328,610.7669353937201,0.8844953179359436,0.06918741762638092,0.04630853980779648,0.04356405511498451,0.0009185362723655999,0.8206666707992554
0.0308778565376997,0.09093943983316422,0.16268491744995117,-0.14189612865447998,2.164766788482666,2.9451344758723264,617.931665695537,0.8815847635269165,0.07122737169265747,0.04718765616416931,0.04158122465014458,0.0014171322109177709,0.8217396140098572
0.030871456488966942,0.0843241959810257,0.15601873397827148,-0.1517643928527832,2.1580615043640137,2.731461536595483,618.1051267853638,0.878928005695343,0.07563687115907669,0.04543236270546913,0.04341569542884827,0.0012462986633181572,0.8097513914108276
0.03047945722937584,0.08442927151918411,0.15997886657714844,-0.13558074831962585,2.128354072570801,2.770038550261383,591.0762233519298,0.8898929953575134,0.07038483768701553,0.039722196757793427,0.04265354946255684,0.0014541051350533962,0.823401689529419
0.030393388122320175,0.08437490463256836,0.15997886657714844,-0.1202406957745552,2.1071300506591797,2.7760940731655173,572.0254549303457,0.8955807089805603,0.06748317927122116,0.036932121962308884,0.044265471398830414,0.0015565301291644573,0.8309444189071655
0.030593041330575943,0.08819639682769775,0.16482114791870117,-0.12026786804199219,2.1201562881469727,2.882890781331628,604.1215823553597,0.8890010118484497,0.0648268610239029,0.046170637011528015,0.04448935016989708,0.0015961395110934973,0.8245978355407715
0.03065786510705948,0.08826258778572083,0.16482114791870117,-0.13174472749233246,2.127479314804077,2.878954143565527,630.9733868074844,0.8829352855682373,0.06634920835494995,0.05069248005747795,0.04218555986881256,0.0016652742633596063,0.8232686519622803
0.030689653009176254,0.08564787358045578,0.15919208526611328,-0.138484925031662,2.143178939819336,2.79077360542513,627.640807325376,0.8799875378608704,0.0716603696346283,0.04834967851638794,0.0456572100520134,0.002108786255121231,0.8143773674964905
0.030854960903525352,0.09036142379045486,0.17817974090576172,-0.10856720060110092,2.2409825325012207,2.9285865592265905,684.466858457603,0.8521795272827148,0.09125544130802155,0.05656416714191437,0.039468277245759964,0.0017141401767730713,0.7893409729003906
0.030809490010142326,0.09021630883216858,0.17817974090576172,-0.12034975737333298,2.216055393218994,2.928198707591123,669.1757958085906,0.8545090556144714,0.09377747029066086,0.05170729011297226,0.04111609607934952,0.0012556968722492456,0.7885815501213074
0.0309117641299963,0.09005360305309296,0.16416549682617188,-0.1657203882932663,2.1105945110321045,2.9132469655069957,607.9079921994803,0.8828142285346985,0.07361285388469696,0.04357245936989784,0.044934872537851334,0.001350941020064056,0.8202663660049438
0.031032513827085495,0.08997836709022522,0.17630815505981445,-0.16362567245960236,2.129533529281616,2.899486892640702,643.7061002802183,0.8730283379554749,0.07657685875892639,0.050391893833875656,0.039168309420347214,0.00129648856818676,0.8128465414047241
0.030426984652876854,0.08639603108167648,0.16402721405029297,-0.15043960511684418,2.133573293685913,2.8394542562951055,627.841171900866,0.8773771524429321,0.07575307041406631,0.046864304691553116,0.044466566294431686,0.0011070689652115107,0.8160489201545715
0.03067604824900627,0.08058568835258484,0.15282869338989258,-0.1498836874961853,2.1389989852905273,2.6269905333249164,601.1581861592023,0.8826619982719421,0.07687852531671524,0.040459346026182175,0.043426286429166794,0.0007460216875188053,0.8142354488372803
0.03101303242146969,0.08395950496196747,0.15616416931152344,-0.1525723934173584,2.1520490646362305,2.7072330050877835,618.2905872196917,0.874153196811676,0.08424322307109833,0.04158620536327362,0.04059677943587303,0.0007674655062146485,0.8174701929092407
0.030988680198788643,0.08608517795801163,0.1587533950805664,-0.13212473690509796,2.1463801860809326,2.777955608403057,628.2567361961721,0.8773515820503235,0.07338710874319077,0.0492529533803463,0.04222382605075836,0.0007932896842248738,0.8178046941757202
0.030413147062063217,0.08617076277732849,0.16303300857543945,-0.12751425802707672,2.167835235595703,2.833339233149697,626.6858094443262,0.8819852471351624,0.06676303595304489,0.051245953887701035,0.04252096638083458,0.0010246356250718236,0.8207584023475647
0.03050818294286728,0.07988344877958298,0.1566767692565918,-0.13594789803028107,2.131951332092285,2.618426961925671,607.9813118987066,0.8887686133384705,0.06485351920127869,0.046373456716537476,0.04376862943172455,0.0010552528547123075,0.8210925459861755
0.03077240288257599,0.08257383108139038,0.15422582626342773,-0.13621944189071655,2.1193132400512695,2.683372871263886,612.686423488529,0.8895711302757263,0.06260628253221512,0.04782179370522499,0.04122702777385712,0.0015617760363966227,0.8262207508087158
0.030565494671463966,0.0825597494840622,0.1511073112487793,-0.12315608561038971,2.0964908599853516,2.701076830876195,620.8543758264332,0.8798626661300659,0.0752938762307167,0.04484201595187187,0.04384968429803848,0.0011418006615713239,0.8155409693717957
0.031079808250069618,0.08806394040584564,0.17115354537963867,-0.1290188431739807,2.1165473461151123,2.8334775972375863,651.8225450878623,0.870059072971344,0.07693071663379669,0.05300573259592056,0.04313737899065018,0.0013828255468979478,0.8092994093894958
0.031016653403639793,0.08800622075796127,0.17115354537963867,-0.13326068222522736,2.1153247356414795,2.8373860844960275,638.1909384936249,0.8762771487236023,0.07121511548757553,0.052500154823064804,0.040484633296728134,0.0015548234805464745,0.8175356388092041
0.030544064939022064,0.09320932626724243,0.16564130783081055,-0.12564875185489655,2.135892629623413,3.051634628536614,625.335035033773,0.8798487782478333,0.07245197147130966,0.047698020935058594,0.04568375274538994,0.0018527429783716798,0.807166337966919
0.030405351892113686,0.09332771599292755,0.16564130783081055,-0.10914766788482666,2.230281352996826,3.069450283654331,685.2538392103355,0.8581526875495911,0.08552564680576324,0.056319739669561386,0.041619107127189636,0.0017569742631167173,0.7929099798202515
0.03049362450838089,0.08659104257822037,0.16326904296875,-0.09659561514854431,2.1642563343048096,2.8396441541930177,658.6437537797128,0.8602676391601562,0.08959007263183594,0.050139863044023514,0.042050257325172424,0.001013088272884488,0.7941400408744812
0.030799539759755135,0.0825214758515358,0.15913963317871094,-0.12621872127056122,2.1441683769226074,2.6793087329403833,636.0107266905082,0.8667981624603271,0.08732034265995026,0.04587363079190254,0.04328553006052971,0.0012156342854723334,0.807669997215271
0.03130650147795677,0.0822693407535553,0.15418052673339844,-0.12071048468351364,2.1650073528289795,2.6278675951336856,648.329753145911,0.8583512306213379,0.09675221890211105,0.0448911152780056,0.03888387978076935,0.0014548004837706685,0.8019710779190063
0.031516700983047485,0.0795338898897171,0.15240907669067383,-0.11963026225566864,2.1411399841308594,2.5235474337867414,649.7271907653679,0.8596431016921997,0.0938824787735939,0.046471670269966125,0.04195752739906311,0.001268793479539454,0.8003321886062622
0.031237749382853508,0.07878074049949646,0.1519632339477539,-0.12114304304122925,2.140316963195801,2.521972358873507,640.3877275749759,0.8655304312705994,0.08812789618968964,0.04634009301662445,0.040738388895988464,0.0007193959318101406,0.7973952889442444
0.030818913131952286,0.0809568539261818,0.15987157821655273,-0.12562605738639832,2.127892255783081,2.6268562287364015,619.9778070274823,0.8757572770118713,0.08056037127971649,0.04367645084857941,0.04082779213786125,0.0008134580566547811,0.816608726978302
0.031138960272073746,0.08195796608924866,0.16088485717773438,-0.1291166990995407,2.1223745346069336,2.6320071502232767,652.9861330725369,0.8678244352340698,0.08115018159151077,0.05102483183145523,0.04197481647133827,0.0008593518286943436,0.8046751618385315
0.030675716698169708,0.08211220055818558,0.15785932540893555,-0.13860973715782166,2.166814088821411,2.676781812905714,677.2357170365583,0.8582902550697327,0.08851759880781174,0.0531662292778492,0.043000828474760056,0.001003732904791832,0.7984790802001953
0.030112415552139282,0.08113288134336472,0.15686511993408203,-0.14954042434692383,2.197995901107788,2.694333212830096,654.335650606612,0.8669620156288147,0.08231617510318756,0.05070551484823227,0.04508316516876221,0.0013046085368841887,0.7943565845489502
0.030459266155958176,0.08124471455812454,0.15395879745483398,-0.13890454173088074,2.1931815147399902,2.667323439096212,650.7368822513033,0.8707668781280518,0.07569336146116257,0.053530529141426086,0.042598236352205276,0.0017355881864205003,0.8062838912010193
0.030515538528561592,0.08182239532470703,0.15447616577148438,-0.13965801894664764,2.1302459239959717,2.681335452934658,618.5653401856392,0.8807300329208374,0.07071410864591599,0.04855567589402199,0.04420972242951393,0.0015108243096619844,0.8175029754638672
0.030719926580786705,0.09051244705915451,0.1594066619873047,-0.12640614807605743,2.122497797012329,2.9463757609634955,613.8117443656358,0.8784672617912292,0.07565127313137054,0.045878566801548004,0.042639583349227905,0.0015034542884677649,0.8162971138954163
0.03081107884645462,0.0905630961060524,0.15833139419555664,-0.1305122971534729,2.1604130268096924,2.939302987552935,625.2970953906964,0.8745037913322449,0.07961450517177582,0.04587773233652115,0.04209033399820328,0.0015448761405423284,0.8145803809165955
0.030504288151860237,0.08239122480154037,0.15288829803466797,-0.15831595659255981,2.153298854827881,2.700971889219941,613.9919224440031,0.8802747130393982,0.07561024278402328,0.04410078004002571,0.0464351586997509,0.002250370103865862,0.8113507628440857
0.030800051987171173,0.0796896293759346,0.15403032302856445,-0.14781999588012695,2.1391119956970215,2.587321261877726,620.9399757200774,0.8769482374191284,0.07816767692565918,0.04488397762179375,0.040050942450761795,0.002001388231292367,0.8121142983436584
0.031226521357893944,0.07984984666109085,0.15750885009765625,-0.1209932491183281,2.11856746673584,2.557116296860521,627.211801337655,0.8719161748886108,0.08310674130916595,0.044976409524679184,0.040443938225507736,0.0016117716440930963,0.8067288994789124
0.031159373000264168,0.10164279490709305,0.1791667938232422,-0.11970338225364685,2.1248466968536377,3.262029531305694,657.6769662627077,0.8609945774078369,0.09113263338804245,0.0478709377348423,0.04183138161897659,0.0014573736116290092,0.8032281398773193
0.03076159954071045,0.1016758531332016,0.1771092414855957,-0.14190514385700226,2.122364044189453,3.3052849867360337,631.4563318772107,0.8706125020980835,0.08527681976556778,0.044110167771577835,0.04080246388912201,0.0012897355481982231,0.8090117573738098
0.029898082837462425,0.07721550017595291,0.1526474952697754,-0.14844338595867157,2.1666982173919678,2.582623795416706,599.7574525688829,0.8860296010971069,0.073025181889534,0.040938232094049454,0.047064296901226044,0.0013318462297320366,0.8209883570671082
0.030527278780937195,0.07898486405611038,0.14931201934814453,-0.12856145203113556,2.1799464225769043,2.587353580393325,617.6084277063899,0.8778119087219238,0.07957878708839417,0.04259263724088669,0.04211202636361122,0.0012320688692852855,0.8113060593605042
0.03130078688263893,0.08999893814325333,0.1593637466430664,-0.1353929042816162,2.1144747734069824,2.875293150866319,618.0761976548777,0.8740170001983643,0.08316957950592041,0.04281317815184593,0.040541548281908035,0.0010907609248533845,0.8157219886779785
0.030915800482034683,0.08995363116264343,0.16089677810668945,-0.13315027952194214,2.093362331390381,2.9096329306435487,626.0427394053455,0.8770599365234375,0.07679662108421326,0.04612676799297333,0.04286661371588707,0.0008065207512117922,0.8154351711273193
0.030398020520806313,0.08463624119758606,0.15642166137695312,-0.1335075944662094,2.125786542892456,2.7842681774910782,665.4475651005582,0.8667160272598267,0.07918771356344223,0.05408072471618652,0.04284701123833656,0.0010915312450379133,0.8079433441162109
0.030386948958039284,0.08465684950351715,0.1578688621520996,-0.15062592923641205,2.1282386779785156,2.785960828697613,665.7088649391309,0.8618964552879333,0.08642839640378952,0.051675137132406235,0.04397234693169594,0.0008645420894026756,0.7955992817878723
0.030860068276524544,0.09527935832738876,0.17359495162963867,-0.15098918974399567,2.1993846893310547,3.087464274885644,644.5008714980881,0.8624114394187927,0.09422433376312256,0.04336252063512802,0.041840411722660065,0.0012889972422271967,0.8024096488952637
0.030900562182068825,0.0953262522816658,0.17359495162963867,-0.1369517594575882,2.1944339275360107,3.084935857053675,653.8636074024192,0.8613767027854919,0.09217336773872375,0.046433694660663605,0.04322784021496773,0.0013906534295529127,0.7964529991149902
0.030687713995575905,0.08678362518548965,0.16187191009521484,-0.12477020174264908,2.144397258758545,2.827959918916504,654.0134041472292,0.8650622963905334,0.08762355148792267,0.04730670526623726,0.041936155408620834,0.0013829728122800589,0.8029520511627197
0.03056097775697708,0.0909685268998146,0.16600608825683594,-0.1494743824005127,2.190201759338379,2.976623575993731,654.4676690159564,0.862665057182312,0.0908699780702591,0.04646003991365433,0.043478336185216904,0.0011507117887958884,0.8001258969306946
0.03109332174062729,0.09073282778263092,0.16496896743774414,-0.14854928851127625,2.185520887374878,2.9180808836245737,649.2391197863187,0.8620977997779846,0.09233971685171127,0.045562148094177246,0.04492054879665375,0.0018076013075187802,0.7909420728683472
0.031489111483097076,0.09744033217430115,0.17904281616210938,-0.1498851776123047,2.2566471099853516,3.094413515716738,654.5398181003003,0.8555183410644531,0.10068437457084656,0.0437973253428936,0.038036394864320755,0.001577892224304378,0.7969697713851929
0.03139994665980339,0.0974932312965393,0.1800680160522461,-0.15705527365207672,2.2620303630828857,3.104885251867013,654.700248468452,0.8573288321495056,0.09504801779985428,0.04762312397360802,0.04117557033896446,0.0014285456854850054,0.7923898696899414
0.03147285059094429,0.08247260004281998,0.16252517700195312,-0.133179172873497,2.1539297103881836,2.6204362964163614,622.738097244191,0.8737552165985107,0.08216989040374756,0.04406922310590744,0.041381772607564926,0.0011959255207329988,0.8155555725097656
0.030356913805007935,0.08037509024143219,0.15288829803466797,-0.1399834156036377,2.169658899307251,2.647670008718909,620.9450616947432,0.874354898929596,0.08187112957239151,0.043773990124464035,0.041717641055583954,0.0013446005759760737,0.8157787919044495
0.030196761712431908,0.0803832858800888,0.15714168548583984,-0.12948814034461975,2.177400588989258,2.661983647217817,660.2334934397605,0.8651891350746155,0.08121277391910553,0.05359259247779846,0.04539413005113602,0.001397811691276729,0.8000259399414062
0.03094719722867012,0.09045710414648056,0.17908334732055664,-0.12001851946115494,2.168368101119995,2.922949806251155,650.3342294584573,0.8712036609649658,0.07894136011600494,0.04984348639845848,0.040846966207027435,0.0011987121542915702,0.8031324148178101
0.030634665861725807,0.09600264579057693,0.18480300903320312,-0.13662143051624298,2.233372926712036,3.1337911835162684,649.8566695336859,0.8689814209938049,0.08312895894050598,0.04788957163691521,0.04243602603673935,0.0009423218434676528,0.8059253692626953
0.030993333086371422,0.09586778283119202,0.1690220832824707,-0.14381292462348938,2.197436809539795,3.0931743469131563,644.9860405318146,0.867321252822876,0.08324481546878815,0.04942669719457626,0.0418691448867321,0.0006733475020155311,0.8030194640159607
0.031015269458293915,0.07865005731582642,0.14780044555664062,-0.14024995267391205,2.1034433841705322,2.5358495569110215,615.8418660407743,0.878495454788208,0.0772000104188919,0.04429508373141289,0.041157908737659454,0.0009892521193251014,0.8206207752227783
0.030956031754612923,0.08832424879074097,0.1601409912109375,-0.13190428912639618,2.1254916191101074,2.853216119172836,605.8892634724879,0.8837606310844421,0.07512716203927994,0.04110509902238846,0.04337441921234131,0.0009537970181554556,0.8148160576820374
0.03129514679312706,0.08849754184484482,0.1665663719177246,-0.13387180864810944,2.182689666748047,2.8278359717249364,626.948938862689,0.8770407438278198,0.07650962471961975,0.04644870385527611,0.04020872712135315,0.0013755613472312689,0.8171175718307495
0.0313061848282814,0.089311882853508,0.167388916015625,-0.1133323535323143,2.1949622631073,2.8528510689035644,646.1017320305124,0.8702706694602966,0.07893221825361252,0.05078534781932831,0.04170870780944824,0.0013125106925144792,0.8100717663764954
0.03128628060221672,0.09226818382740021,0.16212224960327148,-0.12996260821819305,2.218867540359497,2.9491579711112608,675.125065346027,0.8560325503349304,0.09189610183238983,0.0520605631172657,0.04087225720286369,0.0012604586081579328,0.7980235815048218
0.030711431056261063,0.0923016294836998,0.16170501708984375,-0.1449713110923767,2.187634229660034,3.005448665404247,685.0021975427234,0.8417084217071533,0.10999132692813873,0.048300180584192276,0.04365092143416405,0.0014519128017127514,0.7793059945106506
0.03030298464000225,0.08182855695486069,0.14821529388427734,-0.12072791904211044,2.1344470977783203,2.7003464485191473,652.528595738178,0.8568602800369263,0.09782577306032181,0.04531126469373703,0.04690844565629959,0.0019394526025280356,0.7845178842544556
0.03073703497648239,0.08908297121524811,0.17177104949951172,-0.12972478568553925,2.1406400203704834,2.8982291649311427,630.440564377008,0.8752383589744568,0.07828237116336823,0.04646601155400276,0.0399760939180851,0.0015736320056021214,0.8137676119804382
0.030963290482759476,0.0890766829252243,0.1738905906677246,-0.13575953245162964,2.1524858474731445,2.8768480847326554,638.0648407887261,0.8707714080810547,0.08172242343425751,0.04749608412384987,0.04281476140022278,0.0014203902101144195,0.8024020791053772
0.03095189854502678,0.08818649500608444,0.1729130744934082,-0.14189857244491577,2.150261402130127,2.849146551541819,640.021929729103,0.8728107810020447,0.07824983447790146,0.04893931746482849,0.04185022413730621,0.0011722599156200886,0.8145054578781128
0.03041950985789299,0.08823391050100327,0.15714406967163086,-0.1499062180519104,2.160067558288574,2.900569762967714,624.5670258896442,0.8751674890518188,0.08048303425312042,0.04434937983751297,0.04117468371987343,0.0013159536756575108,0.8164424300193787
0.030373424291610718,0.08001521974802017,0.1575326919555664,-0.13849113881587982,2.1770448684692383,2.6343825765962903,642.4662093232441,0.8621810674667358,0.09257721155881882,0.04522635415196419,0.04552334547042847,0.0012141716433688998,0.7988433241844177
0.030585877597332,0.08392498642206192,0.1640486717224121,-0.14351114630699158,2.1811294555664062,2.743912975923201,658.0148741116379,0.860135555267334,0.08860744535923004,0.0512351356446743,0.04150715097784996,0.0012279257643967867,0.7953917980194092
0.030581651255488396,0.08384504169225693,0.15838146209716797,-0.13449902832508087,2.143549919128418,2.74167804050371,629.9809905086393,0.8749427199363708,0.07762893289327621,0.04742779582738876,0.0415564589202404,0.0009682545205578208,0.8136601448059082
0.03083251416683197,0.07588531821966171,0.15128612518310547,-0.10354185104370117,2.0823562145233154,2.461210844065192,595.134164125875,0.8868119716644287,0.07389237731695175,0.03928719088435173,0.042508773505687714,0.0009090876556001604,0.8238874673843384
0.030967839062213898,0.07941894978284836,0.15743255615234375,-0.10480775684118271,2.1194841861724854,2.564562209869807,623.1304552123065,0.8819562196731567,0.07046585530042648,0.047577451914548874,0.04169568419456482,0.0009537654696032405,0.8243228197097778
0.03141210228204727,0.08893413841724396,0.16841650009155273,-0.12591148912906647,2.196747303009033,2.831206189763384,651.2484084621866,0.8696091771125793,0.0781322494149208,0.05225852504372597,0.04086202755570412,0.0008828770369291306,0.8040716648101807
0.031153608113527298,0.08906649053096771,0.16617298126220703,-0.14713507890701294,2.2160661220550537,2.8589462319594037,627.6522227016734,0.8686218857765198,0.08851463347673416,0.042863089591264725,0.04067143797874451,0.001258670468814671,0.8080012202262878
0.03091697208583355,0.08783623576164246,0.1649165153503418,-0.14472313225269318,2.174999475479126,2.8410361634038805,611.9585759437905,0.8760276436805725,0.08321186900138855,0.04076038673520088,0.04353269189596176,0.0012809080071747303,0.808361291885376
0.030656423419713974,0.0852230116724968,0.1537036895751953,-0.15536640584468842,2.147582530975342,2.779939802596581,620.8802616403214,0.8761732578277588,0.07962576299905777,0.04420100152492523,0.04229896143078804,0.0014203276950865984,0.8114162683486938
0.030169140547513962,0.08265002816915512,0.1627206802368164,-0.1422010064125061,2.181523323059082,2.7395552762349475,638.8232584560815,0.8673511743545532,0.08796511590480804,0.04467844218015671,0.044115252792835236,0.0011514925863593817,0.8038064241409302
0.0304262638092041,0.08034013211727142,0.15704631805419922,-0.12062918394804001,2.1812801361083984,2.6404862791706827,626.8734374449468,0.8712567090988159,0.08720531314611435,0.041536081582307816,0.0455973818898201,0.0018522163154557347,0.803618848323822
0.030628735199570656,0.08497591316699982,0.16478300094604492,-0.13377360999584198,2.1696715354919434,2.774385315310591,634.2075829043246,0.8734756112098694,0.07877866923809052,0.047740813344717026,0.04191608354449272,0.001658932538703084,0.8113883137702942
0.03110857680439949,0.0880645364522934,0.16791105270385742,-0.12017296999692917,2.1617274284362793,2.8308764172396375,617.5172388858213,0.8782678246498108,0.0763854831457138,0.04534213989973068,0.04322751984000206,0.0015093726105988026,0.8138145804405212
0.026600051671266556,0.0751444548368454,0.14711380004882812,0.048519980162382126,2.2533416748046875,2.8249740174449234,620.6987958144477,0.8695757985115051,0.08734187483787537,0.04308218136429787,0.026503900066018105,0.0021236445754766464,0.8208879232406616
0.02550152875483036,0.07511087507009506,0.1464390754699707,0.058874718844890594,2.249783515930176,2.9453479353829963,622.2347344713436,0.8679613471031189,0.0863507017493248,0.04568728432059288,0.030398637056350708,0.001747457543388009,0.8136248588562012
0.02502155490219593,0.06731193512678146,0.12911081314086914,0.09565800428390503,2.2561275959014893,2.6901579612937607,608.9074199876121,0.8749392032623291,0.08200357109308243,0.043055564165115356,0.03159506991505623,0.00179935188498348,0.8195807337760925
0.025325652211904526,0.07038053125143051,0.13760089874267578,0.08982136100530624,2.2939953804016113,2.7790214703954814,609.2316998869558,0.8728450536727905,0.0889715775847435,0.038181643933057785,0.030525486916303635,0.0015274262987077236,0.8210270404815674
0.025369493290781975,0.07034685462713242,0.13705968856811523,0.06678932160139084,2.3055028915405273,2.772891591410701,621.6961262926645,0.8713339567184448,0.08521702140569687,0.04344872757792473,0.0314689576625824,0.0013885516673326492,0.8212913274765015
0.02554262802004814,0.07410754263401031,0.14307498931884766,0.06674987822771072,2.2898736000061035,2.901328029870018,642.8937854666538,0.8616831302642822,0.08690338581800461,0.05141349136829376,0.02868657559156418,0.0013660448603332043,0.8110135197639465
0.025593988597393036,0.07414746284484863,0.13696670532226562,0.07628630846738815,2.2356514930725098,2.897065557398276,622.6794880261216,0.8688509464263916,0.08388123661279678,0.04726763442158699,0.030815256759524345,0.0015668566338717937,0.8136733174324036
0.025714237242937088,0.08032459020614624,0.14437437057495117,0.0718788430094719,2.2860875129699707,3.1237399516909723,626.9064270733277,0.8701634407043457,0.08219938725233078,0.047635238617658615,0.031017182394862175,0.0009023539605550468,0.8143060803413391
0.025615952908992767,0.08027862012386322,0.14437437057495117,0.05454995855689049,2.306586742401123,3.133930656647428,643.5003749253497,0.8626588582992554,0.08927907049655914,0.04806151241064072,0.030472807586193085,0.0011036419309675694,0.8131473660469055
0.025553027167916298,0.08028431981801987,0.1398158073425293,0.08365333080291748,2.225160837173462,3.1418711876016343,620.3727149424623,0.8688437938690186,0.0896177738904953,0.04153813421726227,0.03005530871450901,0.0008821424562484026,0.8141574859619141
0.0261270422488451,0.08029955625534058,0.15953540802001953,0.07217401266098022,2.2919487953186035,3.073426968405375,645.1314087718167,0.8533909320831299,0.10451706498861313,0.04209161177277565,0.02942611090838909,0.0009647555416449904,0.8041163086891174
0.026213567703962326,0.07935841381549835,0.14518499374389648,0.04153897240757942,2.303926944732666,3.0273793597532896,645.3199006017454,0.8549087643623352,0.10000807046890259,0.04508274793624878,0.03147345408797264,0.0011772298021242023,0.7966973781585693
0.025387225672602654,0.07365734130144119,0.14393091201782227,0.07970968633890152,2.3276617527008057,2.9013544941237615,669.2238538054638,0.8507005572319031,0.0961817055940628,0.05311761051416397,0.030026106163859367,0.0015047370688989758,0.7991958260536194
0.02538887970149517,0.07789008319377899,0.1515507698059082,0.07830934226512909,2.412698745727539,3.0678818485293036,691.431525609267,0.840842068195343,0.10441523045301437,0.0547427162528038,0.03214527294039726,0.0011945118894800544,0.7841426134109497
0.026139015331864357,0.07763788104057312,0.15494585037231445,0.06067265197634697,2.343759298324585,2.9701914954294275,652.8405952392994,0.8590654134750366,0.09034791588783264,0.05058620497584343,0.03069039061665535,0.0014958770480006933,0.8105230927467346
0.026016779243946075,0.07734034955501556,0.1451730728149414,0.054433777928352356,2.241790294647217,2.9727103738268994,622.4873978904664,0.8715776205062866,0.0797082707285881,0.04871387779712677,0.02682090923190117,0.001646785531193018,0.823896586894989
0.025469817221164703,0.0681857243180275,0.13540983200073242,0.05802089720964432,2.254725694656372,2.67711871362351,595.2951977997922,0.8783611059188843,0.08224847912788391,0.03939027711749077,0.03202909976243973,0.001579907606355846,0.8229733109474182
0.025508427992463112,0.07117196172475815,0.13837337493896484,0.07047583162784576,2.2616772651672363,2.790135156231382,592.3947186696372,0.878186047077179,0.08252446353435516,0.03928752988576889,0.029859866946935654,0.0021537262946367264,0.8225540518760681
0.025596894323825836,0.07254596799612045,0.13779163360595703,0.07453842461109161,2.2592830657958984,2.8341707035044403,616.9638742953397,0.8690872192382812,0.08662323653697968,0.0442890040576458,0.030057376250624657,0.0019408747320994735,0.8175627589225769
0.02573646605014801,0.07252758741378784,0.13779163360595703,0.05616933852434158,2.2634081840515137,2.818086495233974,621.394742048021,0.8663427829742432,0.09210861474275589,0.04154855012893677,0.03103826753795147,0.0022256774827837944,0.8131312131881714
0.025584761053323746,0.06746964901685715,0.12978076934814453,0.06616538017988205,2.272207021713257,2.637102956466931,609.6296939943139,0.8727820515632629,0.0870419517159462,0.04017528519034386,0.02876465953886509,0.0020228021312505007,0.8168426752090454
0.02529079094529152,0.06753523647785187,0.12919902801513672,0.0965593233704567,2.2998850345611572,2.670348927452378,615.0300221357247,0.871260404586792,0.08572839945554733,0.04300997778773308,0.03237030655145645,0.002009043702855706,0.8143661022186279
0.025549931451678276,0.07845820486545563,0.1421642303466797,0.08483589440584183,2.32131290435791,3.07077946611208,627.6476847782035,0.8690857887268066,0.08295747637748718,0.04795612394809723,0.030656905844807625,0.0012302014511078596,0.8128255009651184
0.025986913591623306,0.07842579483985901,0.1510453224182129,0.08695274591445923,2.302265167236328,3.0178957020167685,653.0842646870955,0.8626733422279358,0.08484800159931183,0.05247838795185089,0.029583921656012535,0.0008076481171883643,0.8146222829818726
0.026131954044103622,0.07612887769937515,0.1486968994140625,0.09163457900285721,2.257152795791626,2.91324856794012,636.4463191236833,0.8657997846603394,0.08578051626682281,0.04841915890574455,0.029281293973326683,0.0009123547933995724,0.8167175054550171
0.02598736807703972,0.06862320005893707,0.13588666915893555,0.08301898092031479,2.227461099624634,2.6406367837197875,609.6674595903398,0.8764156699180603,0.07898148894309998,0.04460081458091736,0.02921122871339321,0.000899975246284157,0.8277236819267273
0.025336405262351036,0.07162749022245407,0.14308929443359375,0.04897112026810646,2.3474860191345215,2.827058119648205,650.2328396138521,0.8652557730674744,0.07945741713047028,0.055282965302467346,0.03371952474117279,0.0008243289194069803,0.8038418292999268
0.024749109521508217,0.07173950225114822,0.14308929443359375,0.05120714381337166,2.4021031856536865,2.898670038447417,658.0820016707818,0.8618147969245911,0.08529771119356155,0.05288069695234299,0.031750500202178955,0.0012084776535630226,0.809689462184906
0.02552010491490364,0.07462070882320404,0.13932466506958008,0.07644929736852646,2.300236463546753,2.9239969455102766,614.5164643612412,0.8706769943237305,0.08951043337583542,0.039811234921216965,0.03148036077618599,0.0011427373392507434,0.8123763799667358
0.0257575660943985,0.07482344657182693,0.13898849487304688,0.08011095970869064,2.2980051040649414,2.9049113683607666,632.7797601592657,0.8629676699638367,0.09126407653093338,0.04576804116368294,0.03141181170940399,0.0016953165177255869,0.8103079795837402
0.025325428694486618,0.06911785900592804,0.13092756271362305,0.08372224867343903,2.24393367767334,2.7291881151155364,636.1686953120856,0.8653756976127625,0.08503683656454086,0.04958728328347206,0.029072504490613937,0.0023666995111852884,0.8127808570861816
0.024922003969550133,0.07414466142654419,0.13976812362670898,0.07344049960374832,2.243528366088867,2.9750681973311437,615.0455672723425,0.8750709891319275,0.0798422247171402,0.045086346566677094,0.03331626579165459,0.0023062636610120535,0.8135291337966919
0.025547243654727936,0.08536114543676376,0.15587091445922852,0.05939488485455513,2.363445281982422,3.3413054882586124,630.1221050017595,0.8719070553779602,0.07738645374774933,0.050706442445516586,0.02888442762196064,0.0019204819109290838,0.8191068172454834
0.025962723419070244,0.08557439595460892,0.15587091445922852,0.07352389395236969,2.32198429107666,3.2960485142501046,607.2629114755202,0.8763373494148254,0.07898010313510895,0.04467863589525223,0.028422391042113304,0.0016082283109426498,0.8265153169631958
0.025346679612994194,0.06764308363199234,0.13401508331298828,0.08852683752775192,2.24670147895813,2.6687157711436815,599.074240272887,0.8747591972351074,0.08742012828588486,0.03782041370868683,0.031406793743371964,0.001892096595838666,0.8226508498191833
0.025179287418723106,0.06730789691209793,0.1336812973022461,0.06104942038655281,2.291966438293457,2.6731454226689197,617.0681361667484,0.8670529723167419,0.09293535351753235,0.040010642260313034,0.029449598863720894,0.002452756278216839,0.813264787197113
0.025668079033493996,0.06779349595308304,0.1349639892578125,0.051913999021053314,2.263648509979248,2.6411597011984767,632.695214239675,0.8606937527656555,0.09562281519174576,0.04368188604712486,0.031372323632240295,0.002012444194406271,0.803550124168396
0.025866392999887466,0.06854197382926941,0.13555526733398438,0.081119604408741,2.2600603103637695,2.649846610886866,627.8507306976829,0.8658704161643982,0.0894257128238678,0.044703688472509384,0.029847249388694763,0.0011438778601586819,0.8075416684150696
0.025903603062033653,0.0713498517870903,0.13778209686279297,0.09058953821659088,2.303154468536377,2.754437350412916,615.5081900934454,0.8727722764015198,0.08421176671981812,0.0430152602493763,0.029566997662186623,0.0014527112944051623,0.8246374726295471
0.026229513809084892,0.0760854110121727,0.15056610107421875,0.06674747169017792,2.269000291824341,2.900755674049852,604.0168811062275,0.8752612471580505,0.08390936255455017,0.04082921892404556,0.029465671628713608,0.0014525747392326593,0.8218900561332703
0.025951629504561424,0.07594500482082367,0.15056610107421875,0.07241445779800415,2.2925336360931396,2.9264060202673856,604.4952883035535,0.8673387765884399,0.09652640670537949,0.03613041341304779,0.029011810198426247,0.0016174162738025188,0.818187415599823
0.0253994632512331,0.07628851383924484,0.1400160789489746,0.099612295627594,2.3007168769836426,3.0035482672074822,617.8206786484876,0.8622706532478333,0.0996246412396431,0.03810439258813858,0.032414358109235764,0.0011601254809647799,0.8024680614471436
0.025398217141628265,0.0796070247888565,0.15597105026245117,0.06964936852455139,2.337239980697632,3.134354838444325,635.6178177539846,0.8589940071105957,0.0969463512301445,0.0440538115799427,0.03074905276298523,0.0012400231789797544,0.8063064217567444
0.026270117610692978,0.08041586726903915,0.15134572982788086,0.049819860607385635,2.3783748149871826,3.061115616522615,664.008457402383,0.8506439924240112,0.09646999090909958,0.05288488417863846,0.029936829581856728,0.0013093877350911498,0.8002946376800537
0.026060359552502632,0.08028338849544525,0.15326261520385742,0.06756311655044556,2.3303513526916504,3.080670791614416,660.2034694723319,0.8573405146598816,0.09008363634347916,0.05257496237754822,0.030402611941099167,0.0014460000675171614,0.807435154914856
0.025273876264691353,0.0852491557598114,0.14921188354492188,0.05846284329891205,2.323619842529297,3.373014683764001,648.645825129992,0.8621220588684082,0.09071283042430878,0.047164447605609894,0.030507925897836685,0.0015295526245608926,0.8071560263633728
0.02528766356408596,0.08530145138502121,0.1553964614868164,0.06078055128455162,2.310060739517212,3.3732436832477783,654.1018879030776,0.8542157411575317,0.10028707981109619,0.0454912893474102,0.03256605938076973,0.002141701988875866,0.7978777289390564
0.025947172194719315,0.0766381323337555,0.14675140380859375,0.06550006568431854,2.298875093460083,2.953621757148512,637.7169392710891,0.8534612655639648,0.10653083771467209,0.04000556841492653,0.027534469962120056,0.0021804897114634514,0.7974601984024048
0.02615891583263874,0.07653118669986725,0.14662981033325195,0.06396005302667618,2.2602806091308594,2.925625327386577,602.2358361020318,0.8754320740699768,0.08504022657871246,0.03952739015221596,0.02889544703066349,0.0017446537967771292,0.8227525949478149
0.025906305760145187,0.06570842117071152,0.12909412384033203,0.0631551519036293,2.2404892444610596,2.536387155179121,604.2305488646334,0.8767632246017456,0.08463172614574432,0.03860390558838844,0.03054194152355194,0.0016107253031805158,0.824664294719696
0.02586679719388485,0.07140707224607468,0.1415109634399414,0.054973214864730835,2.2611804008483887,2.760568759560051,628.9726583779044,0.8614610433578491,0.09959442913532257,0.038944460451602936,0.028705216944217682,0.002280998509377241,0.8076494336128235
0.025246864184737206,0.07140518724918365,0.1415109634399414,0.06038732826709747,2.279574394226074,2.8282794537914464,644.052965152876,0.8593939542770386,0.09329847246408463,0.04730752483010292,0.03193847835063934,0.0019872677512466908,0.8041926622390747
0.024961236864328384,0.07002752274274826,0.13182401657104492,0.09904801845550537,2.320456027984619,2.8054508324472405,644.1753085548842,0.8632153868675232,0.08595672249794006,0.050827980041503906,0.031078863888978958,0.0010045302333310246,0.802856981754303
0.025955047458410263,0.07402987033128738,0.14084577560424805,0.07348049432039261,2.3554065227508545,2.85223405763595,658.4940178413021,0.8509942889213562,0.0981931984424591,0.05081244930624962,0.029484152793884277,0.0011363408993929625,0.8035473823547363
0.02628645859658718,0.07412377744913101,0.14084577560424805,0.04236309975385666,2.2845869064331055,2.8198464686275693,644.0757609247945,0.8530808687210083,0.10064119845628738,0.0462777353823185,0.02798609808087349,0.0009916459675878286,0.8036501407623291
0.0257746372371912,0.072287417948246,0.13346195220947266,0.06658941507339478,2.1921958923339844,2.80459496986189,617.1503391984235,0.8682031035423279,0.09158419072628021,0.04021260514855385,0.030200466513633728,0.0011632328387349844,0.8181463479995728
0.02574409358203411,0.0721183493733406,0.135040283203125,0.04414011538028717,2.2005701065063477,2.801355159028325,631.0702932948669,0.8630549311637878,0.09583595395088196,0.04110337793827057,0.031303416937589645,0.0011513708159327507,0.8038132190704346
0.02607114613056183,0.08665663003921509,0.15046358108520508,0.056983813643455505,2.360128879547119,3.323851955028101,652.1482077297877,0.8459976315498352,0.11310192942619324,0.040898773819208145,0.02825927734375,0.0011724180076271296,0.7950533628463745
0.026201531291007996,0.0865485668182373,0.16504287719726562,0.10089182108640671,2.418389081954956,3.3031873539634073,642.4321710982629,0.8519548773765564,0.10435769706964493,0.043686091899871826,0.031257264316082,0.0008963359869085252,0.794350266456604
0.02547100931406021,0.07832221686840057,0.15086650848388672,0.07994205504655838,2.3423428535461426,3.0749553698326,603.4917814636773,0.8718618154525757,0.08869721740484238,0.03944050520658493,0.03143378719687462,0.0010237098904326558,0.8201454877853394
0.02536153793334961,0.06754658371210098,0.13442516326904297,0.0541720949113369,2.339590072631836,2.663347305157549,618.3284226675736,0.861642062664032,0.09880611300468445,0.039550118148326874,0.03031778335571289,0.0017290657851845026,0.8091760277748108
0.025407563894987106,0.07650785148143768,0.14391422271728516,0.07938181608915329,2.325730323791504,3.0112234212868163,650.735048310661,0.8527235388755798,0.09941528737545013,0.0478547178208828,0.03303166851401329,0.002052586292847991,0.79388427734375
0.02550848014652729,0.0764828771352768,0.1430678367614746,0.10060705989599228,2.272235155105591,2.998331405593006,631.4375046413335,0.8650524020195007,0.0901995524764061,0.044746361672878265,0.027661249041557312,0.001685218303464353,0.8109288811683655
0.025737160816788673,0.0737830176949501,0.1413559913635254,0.09194733202457428,2.2708053588867188,2.8667893174896637,607.8975674646955,0.8719122409820557,0.08767588436603546,0.04040532559156418,0.029605617746710777,0.0015490634832531214,0.8193599581718445
0.025630194693803787,0.07221867889165878,0.1398158073425293,0.06636140495538712,2.266477584838867,2.8177187006035602,612.1179544406149,0.8653502464294434,0.09625231474637985,0.038394756615161896,0.031064895913004875,0.001699958578683436,0.8129286170005798
0.02586713805794716,0.08387856185436249,0.15615224838256836,0.04500032961368561,2.30155348777771,3.2426688125766514,648.0737751155083,0.8523910045623779,0.10122509300708771,0.046382516622543335,0.02834702469408512,0.0017130826599895954,0.8038250803947449
0.026072047650814056,0.0839078351855278,0.15615224838256836,0.04899637773633003,2.3300342559814453,3.2183062989948783,661.6709299161947,0.8480921983718872,0.10669759660959244,0.04520884156227112,0.029884198680520058,0.0017209266079589725,0.7961641550064087
0.025806521996855736,0.07915739715099335,0.1475238800048828,0.06893360614776611,2.277324676513672,3.067340773683898,641.273024026456,0.8596668839454651,0.09797904640436172,0.042353808879852295,0.029285820201039314,0.0013109615538269281,0.7996184825897217
0.0257215928286314,0.07913424074649811,0.15159845352172852,0.07699116319417953,2.336441993713379,3.0765684407901475,663.7057589958848,0.8546628355979919,0.09540162980556488,0.049935344606637955,0.03060583397746086,0.0018767672590911388,0.8039416670799255
0.026177050545811653,0.07566944509744644,0.1480269432067871,0.04495790973305702,2.313646078109741,2.8906788013465836,661.2439460218807,0.8495637774467468,0.1039973795413971,0.04643883556127548,0.029497623443603516,0.0011742146452888846,0.7968900203704834
0.026163004338741302,0.08413209021091461,0.15259265899658203,0.052612923085689545,2.326613426208496,3.2156891891470942,663.6980662868183,0.8434678912162781,0.11380309611558914,0.04272862523794174,0.02866695076227188,0.0008543889271095395,0.7949005961418152
0.025520797818899155,0.08410283178091049,0.15279054641723633,0.09563928842544556,2.4234025478363037,3.2954624841443465,665.794561447777,0.8415036201477051,0.1173284724354744,0.041166987270116806,0.030843907967209816,0.0007995400810614228,0.7874761819839478
0.025392966344952583,0.07968965172767639,0.14844894409179688,0.09057282656431198,2.4094066619873047,3.1382568953145653,644.7331366663365,0.8548609018325806,0.10462510585784912,0.04051334783434868,0.030067885294556618,0.0013363667530938983,0.8022579550743103
0.026871606707572937,0.08214730769395828,0.1531362533569336,0.07030732929706573,2.3564419746398926,3.057029993958291,626.1247045428984,0.8697831630706787,0.08607577532529831,0.044139962643384933,0.029901951551437378,0.0012699710205197334,0.8184331655502319
0.02686678059399128,0.08242510259151459,0.1531362533569336,0.0876607671380043,2.3330187797546387,3.0679188487094335,611.2737393056512,0.8759762048721313,0.082003153860569,0.04202062636613846,0.02823297120630741,0.0017192878294736147,0.8299001455307007
0.025754861533641815,0.08295633643865585,0.15040874481201172,0.08517325669527054,2.3198795318603516,3.2209971824959984,658.1430510215758,0.8486429452896118,0.10965074598789215,0.04170425236225128,0.029313834384083748,0.0020053258631378412,0.7956563830375671
0.025332581251859665,0.08309776335954666,0.14965295791625977,0.06398861110210419,2.335230827331543,3.2802722521679937,676.6577452587751,0.8374962210655212,0.11975813657045364,0.042743783444166183,0.033467039465904236,0.0025009007658809423,0.7815392017364502
0.025382481515407562,0.06927435845136642,0.13603925704956055,0.07091724127531052,2.308669090270996,2.7292193005867684,628.571319612445,0.857308030128479,0.10250165313482285,0.040189482271671295,0.02861623279750347,0.0021699140779674053,0.7995591759681702
0.025937708094716072,0.0707765445113182,0.1374530792236328,0.07240155339241028,2.2480175495147705,2.728712353849329,616.2095283031919,0.8667757511138916,0.09208330512046814,0.041140273213386536,0.028732186183333397,0.0015716655179858208,0.8133593201637268
0.02574967034161091,0.0707443505525589,0.13609647750854492,0.07997766882181168,2.24869441986084,2.747388592213943,616.5143540334383,0.8724805116653442,0.08465466648340225,0.042860690504312515,0.029919644817709923,0.0011268947273492813,0.8224532008171082
0.0251539908349514,0.07017156481742859,0.13511419296264648,0.06673135608434677,2.308295488357544,2.7896791914679286,653.2024272362703,0.85768061876297,0.09361951053142548,0.048698991537094116,0.03047858737409115,0.001383102615363896,0.803992509841919
0.025037048384547234,0.0700874775648117,0.13511419296264648,0.040264662355184555,2.3159377574920654,2.7993506457122987,661.6398930546255,0.8510963320732117,0.09956095367670059,0.049340277910232544,0.03257125988602638,0.0018793847411870956,0.7960975766181946
0.025525011122226715,0.07118065655231476,0.1388382911682129,0.06537514925003052,2.2582225799560547,2.7886630963127486,630.6862600963202,0.8624445796012878,0.09464149177074432,0.04291307553648949,0.02999108098447323,0.0010028504766523838,0.806699275970459
0.025951161980628967,0.0711810439825058,0.14080286026000977,0.06423285603523254,2.2589645385742188,2.742884655141663,644.8396214755586,0.8548661470413208,0.10134056955575943,0.04378771036863327,0.029708191752433777,0.0013751472579315305,0.8041674494743347
0.025931833311915398,0.06969556957483292,0.13433218002319336,0.04088626056909561,2.2729969024658203,2.6876452865413456,659.430715194352,0.8478226065635681,0.10314258933067322,0.04903465881943703,0.029730329290032387,0.0009801017586141825,0.7975130081176758
0.025760240852832794,0.06857222318649292,0.13478994369506836,0.05239962413907051,2.247837543487549,2.6619402968932357,625.264193417549,0.8653871417045593,0.08823846280574799,0.04637438803911209,0.030149947851896286,0.0009820683626458049,0.8152333498001099
0.025115275755524635,0.07834730297327042,0.14455318450927734,0.07999902218580246,2.3216569423675537,3.119507973266699,601.151608268876,0.872046947479248,0.0884610116481781,0.03949197754263878,0.0313248485326767,0.000951556081417948,0.8132436871528625
0.025185009464621544,0.07831740379333496,0.14141559600830078,0.11155384033918381,2.439682960510254,3.1096833177784218,666.7421436762538,0.8402034044265747,0.11440881341695786,0.045387718826532364,0.03106050007045269,0.0014656871790066361,0.7878255248069763
0.02631690911948681,0.07770869880914688,0.15449047088623047,0.08122122287750244,2.3680644035339355,2.9528049230011337,696.7598313143184,0.836240291595459,0.10869207978248596,0.055067602545022964,0.03062346763908863,0.001797737437300384,0.779096245765686
0.02626839652657509,0.07756463438272476,0.1468062400817871,0.06382035464048386,2.3005716800689697,2.9527738513198463,645.8790460031299,0.858618974685669,0.09292963892221451,0.0484490804374218,0.028620004653930664,0.0013356356648728251,0.8111519813537598
0.02537892386317253,0.06922812014818192,0.1368236541748047,0.0636395663022995,2.3218636512756348,2.727779968870602,640.0039629214211,0.8581425547599792,0.09804824739694595,0.0438053123652935,0.03157993033528328,0.0014489147579297423,0.8016661405563354
0.025000642985105515,0.06897269934415817,0.1342487335205078,0.06526876240968704,2.359152317047119,2.7588370180115285,662.1550740928125,0.852699875831604,0.09862421452999115,0.04867522791028023,0.03310643509030342,0.002313877921551466,0.791488766670227
0.025402946397662163,0.06896987557411194,0.1372838020324707,0.0852481946349144,2.2807977199554443,2.7150344881940236,633.6277984219068,0.8603512644767761,0.0966375395655632,0.043005529791116714,0.028404833748936653,0.0024798880331218243,0.806412935256958
0.025879468768835068,0.06882953643798828,0.13717412948608398,0.06753510981798172,2.2682430744171143,2.659619370480105,645.0874638755597,0.855255126953125,0.1021822988986969,0.04255814477801323,0.030286960303783417,0.001885662437416613,0.8024529218673706
0.02585097961127758,0.06878596544265747,0.13257980346679688,0.041046224534511566,2.261768102645874,2.660864944939591,640.5589915073886,0.8586313724517822,0.09737443178892136,0.043989356607198715,0.028897061944007874,0.0016352101229131222,0.8094359636306763
0.025720253586769104,0.07137193530797958,0.14034509658813477,0.05208301171660423,2.2769482135772705,2.77493124492052,634.4394298913649,0.8592603802680969,0.09493761509656906,0.045798346400260925,0.029528416693210602,0.001588282873854041,0.8091904520988464
0.02560431882739067,0.0713508278131485,0.14034509658813477,0.06836987286806107,2.3197085857391357,2.7866715881553947,663.6127788213086,0.8521676659584045,0.0944662019610405,0.053362224251031876,0.031015189364552498,0.0016020318726077676,0.7967104315757751
0.02537786029279232,0.0721619725227356,0.1376819610595703,0.07852863520383835,2.281670093536377,2.843501055145581,624.7334712148406,0.8692303895950317,0.08526387810707092,0.0455034002661705,0.028851071372628212,0.0012498567812144756,0.8098801970481873
0.02573387883603573,0.07216417789459229,0.1328134536743164,0.0739927813410759,2.2485578060150146,2.8042479857616693,604.1239718092548,0.8778191208839417,0.08104220032691956,0.041138410568237305,0.031138278543949127,0.001125339767895639,0.8235448002815247
0.026134544983506203,0.07409779727458954,0.1420140266418457,0.07443847507238388,2.2897427082061768,2.835243441908716,628.5874535506263,0.8691685199737549,0.08377727121114731,0.04705379530787468,0.029407184571027756,0.0008981106802821159,0.8156181573867798
0.025528302416205406,0.07417807728052139,0.1420140266418457,0.10219420492649078,2.308319091796875,2.90571915312815,623.354981168501,0.8707717657089233,0.08342213928699493,0.04580608382821083,0.030389312654733658,0.0012258433271199465,0.8200333714485168
0.025185832753777504,0.07572995126247406,0.13561010360717773,0.09495668858289719,2.2170262336730957,3.0068472223976332,627.3404151703407,0.8661297559738159,0.08888804167509079,0.04498206824064255,0.03189238905906677,0.0011376322945579886,0.8077957630157471
0.02576422318816185,0.07557696849107742,0.1483631134033203,0.059796303510665894,2.312352180480957,2.9334076147450134,641.8298187578425,0.8573269844055176,0.09728576242923737,0.04538703337311745,0.029418734833598137,0.001326520461589098,0.8057454228401184
0.02652837336063385,0.0750347450375557,0.14792442321777344,0.05827392637729645,2.299586534500122,2.828471388527472,636.3707742902528,0.8606814742088318,0.09376528114080429,0.04555201902985573,0.030352745205163956,0.0012097373837605119,0.804990291595459
0.026611417531967163,0.07447876036167145,0.13797521591186523,0.0634438768029213,2.167051076889038,2.7987520871221734,618.7118945734645,0.8713675737380981,0.08456462621688843,0.04406527802348137,0.027924368157982826,0.0013800599845126271,0.8257294297218323
0.025714214891195297,0.0860857218503952,0.1589345932006836,0.05578068271279335,2.264627456665039,3.3477872924101484,630.6067716243458,0.8692052960395813,0.08169194310903549,0.04910268262028694,0.030961761251091957,0.001270842389203608,0.8157894015312195
0.02499542199075222,0.08594222366809845,0.1589345932006836,0.07140740752220154,2.318512201309204,3.4383185727553207,645.1527631390429,0.8604261875152588,0.08938267827033997,0.0501834861934185,0.03324580565094948,0.0022449421230703592,0.8026642799377441
0.025551248341798782,0.07421354204416275,0.13698101043701172,0.08444347977638245,2.186957597732544,2.9044977000146717,600.7046706335902,0.8736443519592285,0.08754357695579529,0.038812004029750824,0.027872590348124504,0.0019871662370860577,0.8210103511810303
0.026268301531672478,0.0741763785481453,0.13698101043701172,0.07680989801883698,2.1912732124328613,2.823798046321526,586.2241519001053,0.8787060976028442,0.0850912481546402,0.036200229078531265,0.03033882938325405,0.0011000744998455048,0.8256994485855103
0.026140354573726654,0.07901734858751297,0.14893531799316406,0.05883926525712013,2.3056302070617676,3.022810894229779,636.5877839469975,0.8568021655082703,0.09849073737859726,0.04470512270927429,0.02774711139500141,0.001348585239611566,0.8075493574142456
0.025289073586463928,0.07915681600570679,0.15326976776123047,0.06016220524907112,2.3719799518585205,3.130079705448194,667.3920875697975,0.8439552783966064,0.10759983956813812,0.048441264778375626,0.02943011000752449,0.0017437220085412264,0.7929385900497437
0.024831095710396767,0.0740232765674591,0.1405620574951172,0.08774970471858978,2.2932989597320557,2.9810716944514266,628.9475682124009,0.86231929063797,0.09428825974464417,0.04339217767119408,0.03490440174937248,0.0021270120050758123,0.7996904850006104
0.025274384766817093,0.07254042476415634,0.13406753540039062,0.12005572021007538,2.3082761764526367,2.87011634231845,615.6723043503158,0.8671820163726807,0.09338117390871048,0.0394367016851902,0.030631305649876595,0.00197248300537467,0.8107014894485474
0.025828322395682335,0.07246527075767517,0.13825178146362305,0.09229858219623566,2.2990057468414307,2.8056514722374453,635.8274578675072,0.851120114326477,0.11274629831314087,0.03613164275884628,0.03030446171760559,0.0013494879240170121,0.8015345335006714
0.026296118274331093,0.07147228717803955,0.1400923728942871,0.044708725064992905,2.2489025592803955,2.7179786168321702,638.7475264294194,0.8506465554237366,0.11002415418624878,0.039327267557382584,0.028811156749725342,0.001117028179578483,0.7988699674606323
0.026009289547801018,0.07154050469398499,0.14182329177856445,0.06157408654689789,2.2726824283599854,2.7505751189302625,621.3355977780193,0.8671920299530029,0.08973411470651627,0.043073829263448715,0.029610000550746918,0.0013707746984437108,0.8200580477714539
0.025356415659189224,0.07028289139270782,0.13404130935668945,0.08595776557922363,2.2754666805267334,2.7717991507394046,610.0873666823412,0.8702883124351501,0.08840606361627579,0.041305482387542725,0.03155482932925224,0.0014429129660129547,0.8126652240753174
0.025322090834379196,0.07345381379127502,0.13698339462280273,0.08553437888622284,2.2785987854003906,2.9007799659516174,618.2497001326778,0.8674997687339783,0.09238483011722565,0.04011419788002968,0.030994873493909836,0.0013224042486399412,0.8159627914428711
0.025811556726694107,0.07625550031661987,0.13782739639282227,0.10623782128095627,2.299607992172241,2.954316204989013,647.4827163982574,0.8597139716148376,0.09348297864198685,0.046802520751953125,0.03132278472185135,0.0009028434869833291,0.8049904108047485
0.025463111698627472,0.07624928653240204,0.1389002799987793,0.09098831564188004,2.3146791458129883,2.9944999429711325,674.7827570660272,0.8500283360481262,0.09761139005422592,0.052360113710165024,0.02971949614584446,0.0008140092249959707,0.7990795969963074
0.02515542134642601,0.07028582692146301,0.13305902481079102,0.04962366446852684,2.3337855339050293,2.794062796672452,671.3755388637663,0.8466953039169312,0.10287284851074219,0.05042961612343788,0.03260771557688713,0.001053719548508525,0.7900053858757019
0.025428036227822304,0.07021040469408035,0.1299905776977539,0.07604946196079254,2.262916088104248,2.7611414449102405,641.6215969205875,0.8572367429733276,0.09682401269674301,0.045938413590192795,0.03233829885721207,0.0021953010000288486,0.8007987141609192
0.025655658915638924,0.06773916631937027,0.1348257064819336,0.09551114588975906,2.193878173828125,2.6403206613975594,648.0854772630943,0.8575802445411682,0.09777462482452393,0.04464505612850189,0.028260860592126846,0.002274556318297982,0.8058236241340637
0.02571575716137886,0.07981926202774048,0.14755964279174805,0.0794772133231163,2.2492780685424805,3.103904797503412,646.5071534009196,0.8562808036804199,0.09834518283605576,0.04537346586585045,0.0310771893709898,0.0018881811993196607,0.8032522797584534
0.02563188038766384,0.0797601118683815,0.14323711395263672,0.08097432553768158,2.25140380859375,3.111754216193083,607.6854025886724,0.874976634979248,0.08268017321825027,0.04234291985630989,0.02880522795021534,0.0023189536295831203,0.8215929865837097
0.02516130730509758,0.06939048320055008,0.13637542724609375,0.07295737415552139,2.248544931411743,2.757825034939024,609.5016629671676,0.8755128383636475,0.0837394967675209,0.040743570774793625,0.030933024361729622,0.0018973930273205042,0.8205538392066956
0.024985916912555695,0.06943167001008987,0.13637542724609375,0.07366755604743958,2.256129264831543,2.778832181756791,601.8745930980679,0.879051685333252,0.07953719794750214,0.04141118749976158,0.032435279339551926,0.0025046977680176497,0.8230872750282288
0.025323154404759407,0.06839608401060104,0.13534307479858398,0.07487643510103226,2.270913600921631,2.700930654794147,606.911850009078,0.8785223364830017,0.07709001004695892,0.04438485577702522,0.028738373890519142,0.0019071612041443586,0.8225321173667908
0.02585679665207863,0.07008107751607895,0.13572454452514648,0.05647091940045357,2.269794225692749,2.7103542042101636,638.3257777696391,0.8662440776824951,0.08418884128332138,0.049566105008125305,0.03043905459344387,0.0018957703141495585,0.8149401545524597
0.02592766471207142,0.07376151531934738,0.14361858367919922,0.06751660257577896,2.265205144882202,2.8448962193714484,629.9061861618108,0.8705257177352905,0.0817183256149292,0.047755494713783264,0.02986949309706688,0.0012746785068884492,0.8163385987281799
0.025406399741768837,0.07375847548246384,0.1344585418701172,0.07761542499065399,2.2611501216888428,2.90314551566705,611.6777433160578,0.8736540675163269,0.08682459592819214,0.039521150290966034,0.03094056434929371,0.001329114311374724,0.8217002749443054
0.025907710194587708,0.07136635482311249,0.1385784149169922,0.07746102660894394,2.2401020526885986,2.754637684470732,605.0574059838001,0.8756495714187622,0.08575117588043213,0.03859926760196686,0.029414474964141846,0.0011307934764772654,0.8261860013008118
0.026147399097681046,0.07147250324487686,0.1397538185119629,0.08764675259590149,2.264662742614746,2.7334459911342446,603.1558784433721,0.8786159753799438,0.07898435741662979,0.042399000376462936,0.029146302491426468,0.001204141997732222,0.8292907476425171
0.02599627524614334,0.06898996978998184,0.1372241973876953,0.06875761598348618,2.2442421913146973,2.6538405650079797,613.3012186449499,0.8769051432609558,0.07895053923130035,0.04414105787873268,0.031163064762949944,0.0010915285674855113,0.821107804775238
0.025415489450097084,0.06892618536949158,0.1360011100769043,0.05312342941761017,2.2494025230407715,2.7119755258742937,632.6355865992545,0.8674188256263733,0.08604371547698975,0.04653741046786308,0.03029245138168335,0.0015652998117730021,0.8176822066307068
0.024908248335123062,0.07531766593456268,0.1357889175415039,0.0900384709239006,2.298217296600342,3.0238042000461998,638.0372774606628,0.8566235899925232,0.098969966173172,0.04440612718462944,0.034433770924806595,0.0014405592810362577,0.7961481213569641
0.025119924917817116,0.07556368410587311,0.1360177993774414,0.09617386758327484,2.2830076217651367,3.008117434669123,612.8529869404947,0.8682635426521301,0.09299904853105545,0.03873680904507637,0.032629892230033875,0.0016011305851861835,0.8145546317100525
0.025425132364034653,0.08013967424631119,0.14862298965454102,0.06939629465341568,2.2703356742858887,3.1519865106590945,599.320410687705,0.8817238211631775,0.07705695182085037,0.04121921584010124,0.028814172372221947,0.0016868723323568702,0.830633282661438
0.02564002200961113,0.08297548443078995,0.1595473289489746,0.07782556116580963,2.3165931701660156,3.2361705616496947,602.9360727929736,0.8816342949867249,0.07479335367679596,0.04357200488448143,0.031526919454336166,0.001534721814095974,0.8281925320625305
0.025510312989354134,0.08299116790294647,0.1595473289489746,0.06794878095388412,2.326690435409546,3.253239892992563,636.692163420049,0.8656781911849976,0.08781711757183075,0.04650473967194557,0.02871217392385006,0.0012946822680532932,0.8151580095291138
0.025231441482901573,0.07314451038837433,0.1406407356262207,0.03780612722039223,2.294555187225342,2.898942988851539,637.786195281127,0.8625141382217407,0.09067133814096451,0.046813756227493286,0.031119253486394882,0.0020423864480108023,0.8069325089454651
0.02530001290142536,0.07317937910556793,0.14357566833496094,0.08680459856987,2.258307933807373,2.8924641022041797,599.1864183166772,0.8769128322601318,0.08230888098478317,0.040777236223220825,0.03236623480916023,0.002329434733837843,0.8220142722129822
0.025586890056729317,0.07046045362949371,0.13535499572753906,0.10700621455907822,2.275545597076416,2.7537716959943297,610.3421982720619,0.8715780377388,0.08822247385978699,0.04019859433174133,0.02882803976535797,0.0017998353578150272,0.8215762972831726
0.02564438432455063,0.07409068197011948,0.1389145851135254,0.06595282256603241,2.249394178390503,2.889158149774712,636.4362154707147,0.8602471351623535,0.0945076122879982,0.045243553817272186,0.0309786107391119,0.0015597393503412604,0.8088914752006531
0.02546459250152111,0.07425196468830109,0.1378178596496582,0.06376544386148453,2.2501325607299805,2.915890551987031,638.8255384010791,0.8592681884765625,0.09395874291658401,0.04677260294556618,0.03069380857050419,0.0016733631491661072,0.8012245297431946
0.025652319192886353,0.0711064338684082,0.13601064682006836,0.09622364491224289,2.267791748046875,2.7719300282742,631.121101851242,0.8606373071670532,0.09714925289154053,0.04221329465508461,0.03004700317978859,0.0016857151640579104,0.8101177215576172
0.02617885358631611,0.07637616246938705,0.14114618301391602,0.08292955905199051,2.2652053833007812,2.9174754430954914,658.6516723470477,0.8481282591819763,0.10778506100177765,0.04408520832657814,0.02875295840203762,0.0010823516640812159,0.7950852513313293
0.025723284110426903,0.07635393738746643,0.13979196548461914,0.061841629445552826,2.3002848625183105,2.9682810739375296,644.3563023027846,0.858147919178009,0.09660667926073074,0.04524426907300949,0.03009720891714096,0.0016330379294231534,0.8080645799636841
0.02565092034637928,0.07047361880540848,0.13438940048217773,0.04802930727601051,2.240833282470703,2.747410925261739,591.1562103182229,0.8790583610534668,0.08488819748163223,0.03605210781097412,0.0316024124622345,0.0012522623874247074,0.8221990466117859
0.025451477617025375,0.07044913619756699,0.13994693756103516,0.05665060505270958,2.2729454040527344,2.767978239018749,604.7229916590707,0.8741553425788879,0.08767222613096237,0.03816760331392288,0.030349139124155045,0.0015421089483425021,0.8249163031578064
0.024927185848355293,0.06936004757881165,0.13694047927856445,0.0986744686961174,2.2850165367126465,2.7825061359906997,644.8799307636864,0.8625374436378479,0.08589263260364532,0.051569290459156036,0.03433943912386894,0.0013194064376875758,0.8038813471794128
0.025286925956606865,0.06973482668399811,0.13453006744384766,0.08394569903612137,2.2482175827026367,2.7577423527441596,650.4724126903601,0.857296884059906,0.09345404803752899,0.0492451936006546,0.03176695480942726,0.0017240538727492094,0.804801881313324
0.02566034160554409,0.06977710872888565,0.13588190078735352,0.07325820624828339,2.3204493522644043,2.7192587611963273,635.8978727826616,0.8601559400558472,0.09435111284255981,0.04549297317862511,0.028756029903888702,0.0018522023456171155,0.808805525302887
0.02579035609960556,0.07125663012266159,0.13968944549560547,0.07942657917737961,2.272601366043091,2.762917652036161,639.2721708709965,0.8640380501747131,0.08698495477437973,0.04897246137261391,0.03231130540370941,0.0018628158140927553,0.8102988004684448
0.025479568168520927,0.07128018885850906,0.1362323760986328,0.07937841862440109,2.234412908554077,2.797543050347909,626.5288616365663,0.8668333292007446,0.08680404722690582,0.04636264219880104,0.02915436401963234,0.0016892453422769904,0.8117514252662659
0.025132793933153152,0.07979840785264969,0.14922857284545898,0.07601862400770187,2.3453660011291504,3.1750711067666457,640.3013485152272,0.8545312881469727,0.10102522373199463,0.04444308578968048,0.031076569110155106,0.0015068715438246727,0.7970989942550659
0.025355184450745583,0.07977060973644257,0.14922857284545898,0.0860336497426033,2.2945609092712402,3.146126185287946,634.9910322985556,0.8596026301383972,0.09881267696619034,0.041584476828575134,0.031849879771471024,0.001911190920509398,0.8053145408630371
0.02584012970328331,0.07618771493434906,0.14473438262939453,0.07671212404966354,2.273994207382202,2.948426180760232,609.3833614491774,0.8696678280830383,0.09354298561811447,0.036785975098609924,0.028646815568208694,0.0014050148893147707,0.818070650100708
0.02574809454381466,0.07003264129161835,0.13857364654541016,0.054748326539993286,2.2753512859344482,2.719915493930095,604.6268465832502,0.8664897084236145,0.09765949845314026,0.03585009276866913,0.030541257932782173,0.001583364442922175,0.8163242936134338
0.025136467069387436,0.08027470856904984,0.14861345291137695,0.07337967306375504,2.3145391941070557,3.1935557349512815,620.2368208133156,0.860539972782135,0.10098222643136978,0.038477420806884766,0.030531279742717743,0.0013802110916003585,0.804710865020752
0.02501097321510315,0.08026745915412903,0.1483154296875,0.08695606142282486,2.3101906776428223,3.2092897169810795,637.139487101568,0.8595185875892639,0.09707684069871902,0.043404653668403625,0.032156236469745636,0.0014531777705997229,0.8043984770774841
0.025079544633626938,0.0667053833603859,0.1304149627685547,0.09932288527488708,2.240321636199951,2.659752572552167,637.0655518412352,0.8621547818183899,0.09255459904670715,0.04528951272368431,0.032638274133205414,0.0015722735552117229,0.8058713674545288
0.0255486611276865,0.07015606760978699,0.13294219970703125,0.10029475390911102,2.2940573692321777,2.7459782434945086,653.9980187935618,0.8527666926383972,0.09794154763221741,0.0492885522544384,0.030395586043596268,0.0017720668110996485,0.8034528493881226
0.02634730562567711,0.0706779733300209,0.1407909393310547,0.0766746997833252,2.2587480545043945,2.682550327212898,652.3632333136095,0.8510270714759827,0.09958943724632263,0.04938283562660217,0.02860741876065731,0.001353919506072998,0.800810694694519
0.025994352996349335,0.07719636708498001,0.14788389205932617,0.053581222891807556,2.2457191944122314,2.969736045857798,626.1290041414284,0.8625422120094299,0.09301162511110306,0.044441111385822296,0.029081707820296288,0.0016552830347791314,0.8149574995040894
0.025694724172353745,0.07706697285175323,0.14103412628173828,0.05667075142264366,2.3240067958831787,2.9993306147911163,628.3699243633472,0.8577542304992676,0.10145149379968643,0.04079399257898331,0.032268770039081573,0.0010724550811573863,0.7961392998695374
0.025639913976192474,0.0735800564289093,0.1427292823791504,0.05661541223526001,2.3847286701202393,2.8697466182749727,647.9096679741872,0.8490480780601501,0.10997401922941208,0.040977105498313904,0.030122552067041397,0.0014098602114245296,0.7974334955215454
0.02579336427152157,0.07355677336454391,0.1389479637145996,0.047293826937675476,2.3168411254882812,2.8517711992656234,641.3057271460455,0.8581013083457947,0.09712832421064377,0.04476676508784294,0.03023059293627739,0.0013169925659894943,0.8086814284324646
0.02553735300898552,0.06635656952857971,0.13156652450561523,0.07577165961265564,2.2670681476593018,2.598412196543362,618.2494263171387,0.870514988899231,0.08542259782552719,0.04406111687421799,0.03296726197004318,0.0016062812646850944,0.8127467036247253
0.025134462863206863,0.07682261615991592,0.14719009399414062,0.07726460695266724,2.2407779693603516,3.056465402700784,615.0889273340428,0.8715562224388123,0.08420059084892273,0.044242966920137405,0.028928173705935478,0.0021954108960926533,0.8193222284317017
0.02526625245809555,0.07676032930612564,0.14719009399414062,0.07124297320842743,2.226634979248047,3.038057560391899,641.448651426682,0.8575068712234497,0.09712373465299606,0.045366186648607254,0.03127797320485115,0.0018688529962673783,0.8025954961776733
0.02519826963543892,0.06915805488824844,0.13443470001220703,0.07337718456983566,2.2291269302368164,2.7445557129938716,626.0599918088375,0.8620499968528748,0.09730806201696396,0.04064147174358368,0.031354233622550964,0.0018649256089702249,0.8065621852874756
0.025763023644685745,0.07333981990814209,0.13453960418701172,0.06520756334066391,2.234255790710449,2.8467085586215157,604.7149435336012,0.8729721307754517,0.08828741312026978,0.03873683139681816,0.02917606569826603,0.0016476733144372702,0.824291467666626
0.025864413008093834,0.0736151933670044,0.14694929122924805,0.05187108367681503,2.2420873641967773,2.8461961746868782,590.788980554659,0.8823451995849609,0.07820815593004227,0.039442602545022964,0.03103596717119217,0.0018020756542682648,0.8300117254257202
0.02557406760752201,0.07349549233913422,0.1432514190673828,0.05381305515766144,2.296715259552002,2.8738288122239664,622.9099816161345,0.8735353946685791,0.07973098009824753,0.04673316702246666,0.029511993750929832,0.001734219491481781,0.816315770149231
0.025465812534093857,0.07525645941495895,0.1399827003479004,0.07497204095125198,2.326475143432617,2.955195688778818,648.5306373069793,0.858167827129364,0.09561726450920105,0.04621431976556778,0.030711762607097626,0.0013990477891638875,0.8060950636863708
0.02531476505100727,0.0784478485584259,0.15385150909423828,0.08711782842874527,2.3421335220336914,3.0988969637782824,631.1144915200468,0.8609481453895569,0.09565670788288116,0.043394625186920166,0.03138559311628342,0.001393959391862154,0.8002077341079712
0.025862829759716988,0.07850705832242966,0.15252113342285156,0.08135795593261719,2.309880495071411,3.035516958073703,634.3113720312161,0.8620492219924927,0.09426054358482361,0.043689072132110596,0.030076928436756134,0.0015951896784827113,0.8140954375267029
0.025945590808987617,0.06851543486118317,0.1365041732788086,0.07771329581737518,2.261821746826172,2.6407351970882282,623.7918187605158,0.8662961721420288,0.091412752866745,0.04228843376040459,0.030206436291337013,0.0011440996313467622,0.8132948875427246
0.025402557104825974,0.07980398833751678,0.14816045761108398,0.07849527150392532,2.315423011779785,3.1415730316068875,612.963632768313,0.8710070848464966,0.08947277814149857,0.039520058780908585,0.030483506619930267,0.0013107571285218,0.816720187664032
0.025346340611577034,0.07953578233718872,0.14133691787719727,0.07435724139213562,2.3421664237976074,3.137959185229386,635.2801674343109,0.8637155890464783,0.09055899828672409,0.045725226402282715,0.03356657922267914,0.0015338067896664143,0.8063845038414001
0.025383925065398216,0.06994760781526566,0.1308727264404297,0.06921971589326859,2.280245780944824,2.755586759427457,638.7658781870983,0.868252694606781,0.08024749159812927,0.05149942636489868,0.031204380095005035,0.0015360667603090405,0.8157986998558044
0.026025759056210518,0.06852153688669205,0.1350688934326172,0.06203621253371239,2.2507917881011963,2.6328352896861213,632.8538997977197,0.8687574863433838,0.08132491260766983,0.049916692078113556,0.02980220876634121,0.0012877522967755795,0.8167008757591248
0.025660699233412743,0.06833306699991226,0.1350688934326172,0.06504624336957932,2.3046014308929443,2.6629464137233243,635.9689005292986,0.8627685904502869,0.09143124520778656,0.045799944549798965,0.03229541704058647,0.002386311534792185,0.8075523376464844
0.024735569953918457,0.07250508666038513,0.13983726501464844,0.08404045552015305,2.3393821716308594,2.9312074390251968,631.9435375937386,0.8613895177841187,0.09499004483222961,0.04361855983734131,0.02997836470603943,0.0027744602411985397,0.8042283654212952
0.02482876554131508,0.0724140927195549,0.13983726501464844,0.09119313955307007,2.294402599334717,2.91654019593287,634.52238756832,0.8621922135353088,0.09272982180118561,0.045077890157699585,0.03299832344055176,0.001821475918404758,0.8033781051635742
0.025600647553801537,0.07069557905197144,0.14069318771362305,0.09312913566827774,2.2715628147125244,2.76147620487483,652.6160663102477,0.8528988361358643,0.10121682286262512,0.045883700251579285,0.029693616554141045,0.0019364109029993415,0.7974427342414856
0.02612307108938694,0.07856845110654831,0.1486659049987793,0.11066411435604095,2.2875654697418213,3.007626891750136,664.9208970138159,0.8430128693580627,0.11223318427801132,0.044753432273864746,0.02789405733346939,0.0012331308098509908,0.7939862012863159
0.025914261117577553,0.07854044437408447,0.1547408103942871,0.07594159990549088,2.373931646347046,3.0307807741344392,675.6720962054115,0.8373622894287109,0.117414690554142,0.04522095248103142,0.030663803219795227,0.0015539091546088457,0.7874953150749207
0.025458773598074913,0.0761759877204895,0.1468968391418457,0.043686382472515106,2.3712453842163086,2.9921310790578493,672.8014892323691,0.8430171012878418,0.10841470956802368,0.04855996370315552,0.028951596468687057,0.0020447412971407175,0.7854347825050354
0.02565101534128189,0.07685282081365585,0.14179468154907227,0.07287772744894028,2.2952356338500977,2.996092738948052,653.21382256593,0.8500500321388245,0.10469432175159454,0.04525447636842728,0.03082420490682125,0.0017620351864024997,0.7950366139411926
0.0257649514824152,0.0770588293671608,0.14943599700927734,0.0675685927271843,2.3321828842163086,2.9908392964280672,664.0613487574773,0.8505012392997742,0.09961485862731934,0.04988010972738266,0.03086012601852417,0.000883217784576118,0.7975310683250427
0.025452837347984314,0.07245755195617676,0.14046907424926758,0.05821985751390457,2.325878858566284,2.8467377118986756,645.9433501331341,0.8606054186820984,0.08907464146614075,0.05031820759177208,0.030534952878952026,0.0011680980678647757,0.812098503112793
0.025435440242290497,0.06651801615953445,0.13136863708496094,0.08025113493204117,2.3358898162841797,2.6151706250526154,633.2283050968712,0.8566479682922363,0.10171403735876083,0.04163794964551926,0.031123144552111626,0.0012454852694645524,0.8050435781478882
0.024925651028752327,0.06642162799835205,0.12595415115356445,0.07121079415082932,2.327404022216797,2.6647900959163855,624.5610135255049,0.8610169291496277,0.09913482517004013,0.039847634732723236,0.0313916876912117,0.0013895778683945537,0.8093060851097107
0.02519393339753151,0.06710803508758545,0.13119220733642578,0.08361022174358368,2.232393980026245,2.6636585096115644,597.5609335602691,0.8758832216262817,0.08119920641183853,0.042917657643556595,0.033800676465034485,0.0012583310017362237,0.8120456337928772
0.025481848046183586,0.07361646741628647,0.13790130615234375,0.07246515154838562,2.243645668029785,2.888976783786411,628.9942065211274,0.8633347153663635,0.08641000837087631,0.050255220383405685,0.03184526786208153,0.0012554260902106762,0.8107036352157593
0.02563072368502617,0.07368728518486023,0.1425933837890625,0.058431580662727356,2.298417091369629,2.8749592125264267,638.8349836038242,0.8554937839508057,0.09768113493919373,0.04682127758860588,0.030894771218299866,0.0011140520218759775,0.803061306476593
0.02562549151480198,0.07399637252092361,0.1397538185119629,0.0959068015217781,2.303422212600708,2.8876079303803284,635.4802090571204,0.855783224105835,0.101719431579113,0.04249726980924606,0.030684448778629303,0.0015621996717527509,0.8049101233482361
0.025623494759202003,0.07406025379896164,0.14177560806274414,0.05887702479958534,2.311488389968872,2.890326026642971,694.4155663277742,0.8346852660179138,0.10989062488079071,0.055423274636268616,0.028132624924182892,0.0016015892615541816,0.7847281098365784
0.02562590502202511,0.07360747456550598,0.14133691787719727,0.06472773104906082,2.341428518295288,2.8723853654873457,683.440397066628,0.840477466583252,0.10654189437627792,0.05297890678048134,0.032208990305662155,0.0019106243271380663,0.7849041819572449
0.025592679157853127,0.07352358847856522,0.14492511749267578,0.12958644330501556,2.388378620147705,2.872836721087547,637.8716328308614,0.8568987846374512,0.09814642369747162,0.04495471343398094,0.030048303306102753,0.0015558364102616906,0.803841769695282
0.025640146806836128,0.07146666944026947,0.1426553726196289,0.09756054729223251,2.3301243782043457,2.787295641319334,670.183479482691,0.8486102819442749,0.09943529963493347,0.05195387825369835,0.029047315940260887,0.001472174539230764,0.7997114062309265
0.025735316798090935,0.07024753093719482,0.1322793960571289,0.09949552267789841,2.2567129135131836,2.729615939279062,663.4433581367726,0.8520630598068237,0.09672468900680542,0.05121229216456413,0.030837319791316986,0.0010993903269991279,0.8006544709205627
0.02554718218743801,0.0756685808300972,0.1443791389465332,0.12964089214801788,2.3262109756469727,2.9619149490523,649.732665391051,0.8508664965629578,0.10347545892000198,0.04565740004181862,0.029626624658703804,0.0014198198914527893,0.7952600121498108
0.02504422329366207,0.07571031898260117,0.1443791389465332,0.09152137488126755,2.3380095958709717,3.0230651632441754,663.2019678122272,0.8497799634933472,0.10330448299646378,0.04691552743315697,0.032325346022844315,0.001522041973657906,0.7905433177947998
0.02544124610722065,0.06915241479873657,0.13594865798950195,0.08780979365110397,2.293447256088257,2.71812215897679,649.2384731035854,0.8566898703575134,0.0968112051486969,0.04649880528450012,0.03141576051712036,0.0011902438709512353,0.7995567321777344
0.02587367594242096,0.06970050930976868,0.1388692855834961,0.07688090950250626,2.2806427478790283,2.6938773393539317,626.4389062618237,0.8639495968818665,0.09209372103214264,0.04395676031708717,0.030679678544402122,0.0011561636347323656,0.8168115019798279
0.025587355718016624,0.07419586926698685,0.13907670974731445,0.05789802223443985,2.342628002166748,2.8997083591503823,619.5087488854466,0.8673109412193298,0.09056106209754944,0.04212607815861702,0.029578864574432373,0.0009739369270391762,0.8172466158866882
0.024874063208699226,0.07411869615316391,0.14759540557861328,0.07076334208250046,2.3638553619384766,2.979758293943008,633.3399943335537,0.8643638491630554,0.09428347647190094,0.041352756321430206,0.0319829098880291,0.001312366803176701,0.809480607509613
0.025040045380592346,0.07361089438199997,0.14452219009399414,0.07564572244882584,2.306295871734619,2.9397268758990927,658.3274370945352,0.8507367372512817,0.10366298258304596,0.045598726719617844,0.03435720130801201,0.001205040724016726,0.7907888293266296
0.025898968800902367,0.07307060062885284,0.13750076293945312,0.07975759357213974,2.2963531017303467,2.821371043293645,667.2354936140962,0.8443830609321594,0.10954304039478302,0.046073898673057556,0.02908526547253132,0.0008675660938024521,0.7955341935157776
0.026227399706840515,0.07602626085281372,0.14899492263793945,0.07866799831390381,2.31343150138855,2.8987342130636824,655.0253477749337,0.8508439064025879,0.10388930141925812,0.045264832675457,0.030242225155234337,0.0012372989440336823,0.7965342402458191
0.025745341554284096,0.07584142684936523,0.14823675155639648,0.07192596048116684,2.2910256385803223,2.945831061767335,651.802562268024,0.8525440692901611,0.10018175840377808,0.04727410152554512,0.030916107818484306,0.001739218016155064,0.801110565662384
0.02548130974173546,0.07432205229997635,0.13709306716918945,0.06917311996221542,2.2746458053588867,2.9167281058292165,654.0995377403055,0.851584792137146,0.09987717866897583,0.04853537678718567,0.029889818280935287,0.002033813623711467,0.7951158881187439
0.025911355391144753,0.08771102875471115,0.1603245735168457,0.08407938480377197,2.433709144592285,3.385042095532428,687.6728726569279,0.8421153426170349,0.1026596799492836,0.05522075667977333,0.031196536496281624,0.0017185818869620562,0.7850168347358704
0.026130713522434235,0.08770197629928589,0.1603245735168457,0.08469987660646439,2.386017322540283,3.356279430358228,682.5000453129412,0.8420767188072205,0.10633232444524765,0.05159064754843712,0.027222465723752975,0.0015600832412019372,0.7937849760055542
0.025605840608477592,0.07022698223590851,0.13379812240600586,0.0890999436378479,2.2689595222473145,2.7426157690724327,646.84387794572,0.853359043598175,0.09990648180246353,0.0467342771589756,0.03018716163933277,0.0012643185909837484,0.8007816672325134
0.025337815284729004,0.0895945280790329,0.15986919403076172,0.10385703295469284,2.3296194076538086,3.5360005220929662,648.3939320828497,0.8530187010765076,0.10020937025547028,0.04676806926727295,0.03185775876045227,0.001652442617341876,0.7996822595596313
0.024910565465688705,0.08956052362918854,0.15717744827270508,0.104677714407444,2.3334624767303467,3.595282642176552,638.2731739832492,0.8589454889297485,0.09561499953269958,0.04543866217136383,0.030258197337388992,0.0012680095387622714,0.8070679903030396
0.02498096413910389,0.07432451844215393,0.14193058013916016,0.10056523233652115,2.2874512672424316,2.9752461924732114,644.3205394842829,0.8580178618431091,0.09701919555664062,0.044962797313928604,0.03354744240641594,0.0012182288337498903,0.8009375333786011
0.026191452518105507,0.0744946151971817,0.14319181442260742,0.07845927774906158,2.2758476734161377,2.8442338256284634,651.3746655941884,0.8521825075149536,0.1036306843161583,0.044186633080244064,0.029589980840682983,0.0012596147134900093,0.8007153272628784
0.026338331401348114,0.08271092921495438,0.15144109725952148,0.07438494265079498,2.3382129669189453,3.1403253285658232,633.4101056385238,0.8612764477729797,0.09344223141670227,0.045279305428266525,0.029198601841926575,0.0013533233432099223,0.8141158223152161
0.02563847228884697,0.08278191834688187,0.14846563339233398,0.07969625294208527,2.3730220794677734,3.2288163433070127,635.5119950670584,0.8594641089439392,0.09612348675727844,0.04441226273775101,0.03090149536728859,0.0009979093447327614,0.8073281645774841
0.025235237553715706,0.07210137695074081,0.13719797134399414,0.08970513939857483,2.36492919921875,2.8571705257146367,671.184221593382,0.844700813293457,0.10680355131626129,0.048494257032871246,0.030845003202557564,0.0014707088703289628,0.7937939167022705
0.025120478123426437,0.07112869620323181,0.1363539695739746,0.10208230465650558,2.3814022541046143,2.831502483787054,662.8094368023135,0.8491148948669434,0.10200819373130798,0.04887598007917404,0.033514298498630524,0.00139965012203902,0.782741904258728
0.025196492671966553,0.07137443870306015,0.134429931640625,0.07404889911413193,2.32727313041687,2.832713252175695,640.8579757522182,0.8610243201255798,0.0910826027393341,0.04789304733276367,0.03099718689918518,0.0013003387721255422,0.8097639679908752
0.02587256208062172,0.07130219042301178,0.1425766944885254,0.07577484846115112,2.2737772464752197,2.755899867901389,665.1446842321981,0.8474042415618896,0.1017581894993782,0.05083192512392998,0.030868733301758766,0.0010178618831560016,0.797405481338501
0.025826791301369667,0.07307466119527817,0.14421463012695312,0.08375019580125809,2.2517786026000977,2.82941308270739,666.2314445126133,0.8402825593948364,0.11333861947059631,0.04637415334582329,0.030628809705376625,0.0015497913118451834,0.7898316979408264
0.025496967136859894,0.07306423038244247,0.14278173446655273,0.058367908000946045,2.272355556488037,2.8656047594755294,650.9343946554951,0.8493685722351074,0.10596402734518051,0.04466693475842476,0.030093258246779442,0.0020544391591101885,0.7977956533432007
0.025314614176750183,0.06962699443101883,0.1362466812133789,0.07818576693534851,2.2969701290130615,2.7504663488893386,651.9403898860428,0.8519095182418823,0.09993553906679153,0.04815487936139107,0.033806655555963516,0.002270469209179282,0.7928605675697327
0.02563004195690155,0.07510485500097275,0.13860702514648438,0.09525344520807266,2.291980504989624,2.9303445981218337,637.6313008062854,0.8588707447052002,0.09820688515901566,0.042922284454107285,0.028081029653549194,0.002028962131589651,0.8066318035125732
0.026037245988845825,0.07498814165592194,0.1383686065673828,0.07610397785902023,2.2924249172210693,2.8800335367713736,641.7084688590126,0.8594050407409668,0.0988226979970932,0.041772060096263885,0.02912093698978424,0.0014000950613990426,0.808609664440155
0.025473330169916153,0.07438037544488907,0.14015913009643555,0.058956556022167206,2.356269121170044,2.9199313535303646,652.3203926704255,0.8586145043373108,0.0946149006485939,0.04677071049809456,0.03182830661535263,0.0015622590435668826,0.8036356568336487
0.025039609521627426,0.07440030574798584,0.1431441307067871,0.07518365234136581,2.3641881942749023,2.9713045517244536,647.4019342812594,0.8590182065963745,0.09127435833215714,0.04970613121986389,0.03018943779170513,0.0017739065224304795,0.8034524321556091
0.025142624974250793,0.07201755046844482,0.14076948165893555,0.0766102746129036,2.2942862510681152,2.864360842964308,644.136681049698,0.8554242253303528,0.09812704473733902,0.04644866660237312,0.03288092091679573,0.001379525288939476,0.7995128631591797
0.025564702227711678,0.07189001888036728,0.14126300811767578,0.0698438212275505,2.311624526977539,2.8120812140588014,663.2914915385941,0.8524787425994873,0.09843215346336365,0.049088671803474426,0.030394895002245903,0.0010713759111240506,0.7942410111427307
0.02563924342393875,0.07168690115213394,0.14045000076293945,0.08347379416227341,2.3397371768951416,2.7959834837562174,658.6868013279316,0.8581094741821289,0.09123566001653671,0.050654809921979904,0.030067767947912216,0.0015063422033563256,0.8098153471946716
0.025404388085007668,0.07183139026165009,0.14045000076293945,0.07003422826528549,2.2856149673461914,2.8275190104348025,634.0646822614735,0.864367663860321,0.08927575498819351,0.046353455632925034,0.031681690365076065,0.001485259272158146,0.8097245097160339
0.025139428675174713,0.06535173952579498,0.1256871223449707,0.08887342363595963,2.293149709701538,2.599571389135447,643.0340633284079,0.8579084873199463,0.09710586816072464,0.044977329671382904,0.03225593641400337,0.0011523214634507895,0.804040789604187
0.02535109408199787,0.07261106371879578,0.13825654983520508,0.06771062314510345,2.3715944290161133,2.8642181469987755,682.2264844368372,0.8412532210350037,0.10769856721162796,0.05104486271739006,0.031769100576639175,0.001128682866692543,0.7825071215629578
0.025916466489434242,0.07255169749259949,0.14420032501220703,0.04595712199807167,2.2950334548950195,2.799444033752761,669.8805878345457,0.8475784659385681,0.10001518577337265,0.05240621417760849,0.029055675491690636,0.0013426775112748146,0.8002088665962219
0.02607720158994198,0.07156217843294144,0.13775110244750977,0.06233811378479004,2.240020751953125,2.7442430194579948,635.9237378586216,0.8616786003112793,0.0887475311756134,0.049573130905628204,0.03096405789256096,0.0011967398459091783,0.8083032965660095
0.025155337527394295,0.06655197590589523,0.13257980346679688,0.0826704129576683,2.3043878078460693,2.6456403469352834,640.1321876630685,0.8597790598869324,0.09357867389917374,0.04664135351777077,0.03197288140654564,0.001211192924529314,0.8086971640586853
0.024760106578469276,0.0657653734087944,0.12977123260498047,0.09828376024961472,2.3260915279388428,2.6561021939754537,657.1998910072135,0.8556098937988281,0.09613991528749466,0.048249319195747375,0.03200053796172142,0.0011398278875276446,0.7972952127456665
0.025454841554164886,0.06565311551094055,0.13079166412353516,0.09798348695039749,2.2951507568359375,2.5791995353284483,656.8462899347546,0.8543862700462341,0.09271899610757828,0.05289479345083237,0.03228536248207092,0.0020314245484769344,0.7988075017929077
0.026215439662337303,0.07089914381504059,0.13536691665649414,0.09452183544635773,2.202613353729248,2.7044804407455403,609.9213969409658,0.8716437220573425,0.08348789066076279,0.044861096888780594,0.02728401869535446,0.001872234744951129,0.8202353715896606
0.02626415342092514,0.07494578510522842,0.1399993896484375,0.0634295716881752,2.2439322471618652,2.853538962450021,617.7159127177349,0.8685526847839355,0.08813188970088959,0.04331348463892937,0.029335491359233856,0.0013225942384451628,0.818630576133728
0.025572139769792557,0.07868452370166779,0.14621734619140625,0.04704522714018822,2.3415400981903076,3.076962835606663,667.5993604429493,0.850019633769989,0.09826840460300446,0.051711488515138626,0.030336011201143265,0.0013716630637645721,0.797846794128418
0.024911608546972275,0.07861355692148209,0.14621734619140625,0.06835252046585083,2.3285322189331055,3.155699752189667,642.5247259502082,0.8604175448417664,0.09246023744344711,0.047118935734033585,0.030930887907743454,0.0017556827515363693,0.8065802454948425
0.02482287771999836,0.0717884823679924,0.13245344161987305,0.09459126740694046,2.324875593185425,2.8920290054550986,604.8303927133502,0.8713724613189697,0.09171999245882034,0.03690619394183159,0.03429149091243744,0.0016041762428358197,0.8138437867164612
0.025556132197380066,0.07908284664154053,0.15221118927001953,0.07189388573169708,2.3579976558685303,3.0944763482853395,653.7966389287624,0.8480026125907898,0.10871216654777527,0.043285101652145386,0.029379377141594887,0.0010138716315850616,0.7937273383140564
0.025957513600587845,0.07919120788574219,0.15221118927001953,0.0755065307021141,2.2927331924438477,3.0508009781375205,676.7538679451224,0.8381121158599854,0.11356697976589203,0.04831879585981369,0.029743138700723648,0.0011563593288883567,0.7879592180252075
0.025563810020685196,0.07053957879543304,0.13395071029663086,0.097894586622715,2.2464890480041504,2.759353114250025,652.0216303143225,0.8506339192390442,0.10042332112789154,0.0489426925778389,0.03144916519522667,0.0011122797150164843,0.7963719367980957
0.025472046807408333,0.07086154073476791,0.13946533203125,0.08213409781455994,2.3276076316833496,2.7819335158954126,668.0436805056497,0.8449442386627197,0.10715550929307938,0.047900207340717316,0.031121082603931427,0.0010996608762070537,0.7951056361198425
0.025755831971764565,0.07097416371107101,0.14128923416137695,0.08304910361766815,2.2670178413391113,2.7556540897658617,657.5548197764504,0.8474713563919067,0.10880708694458008,0.04372135549783707,0.030681034550070763,0.0009754916536621749,0.7914194464683533
0.02614484168589115,0.07867491990327835,0.14152050018310547,0.09974933415651321,2.259033679962158,3.009194733151719,615.0625519251953,0.8611282110214233,0.10293416678905487,0.03593567758798599,0.02893626131117344,0.0011264904169365764,0.8128969669342041
0.026102028787136078,0.07855203747749329,0.14440298080444336,0.09377151727676392,2.287771224975586,3.009422681856701,596.6462021329709,0.8710274696350098,0.0940585508942604,0.03491396829485893,0.03185874968767166,0.0011950212065130472,0.8176129460334778
0.02540748380124569,0.06800574064254761,0.13370037078857422,0.07432503998279572,2.249089479446411,2.676602735314419,638.7644026461273,0.8517082929611206,0.10886970162391663,0.03942205384373665,0.030428361147642136,0.001548040541820228,0.8020861744880676
0.024815315380692482,0.06795322895050049,0.130462646484375,0.061348527669906616,2.2953872680664062,2.738358465539916,660.7410239967938,0.8416839241981506,0.11709558963775635,0.04122032970190048,0.03251377120614052,0.0018399966647848487,0.784614086151123
0.024857543408870697,0.08088172972202301,0.14763355255126953,0.0670972540974617,2.3289003372192383,3.2538102574490786,655.9866622501171,0.8535599112510681,0.09849138557910919,0.04794834554195404,0.03404770419001579,0.001800650847144425,0.7960318922996521
0.025541914626955986,0.08087687939405441,0.14763355255126953,0.08304488658905029,2.3401529788970947,3.1664376211458136,661.3297475016661,0.8543159365653992,0.09611507505178452,0.049567848443984985,0.028069790452718735,0.0017332045827060938,0.8026746511459351
0.02580576390028,0.07688377052545547,0.1478719711303711,0.08328581601381302,2.353299856185913,2.9793255033865496,671.5894105978317,0.8467084169387817,0.10370543599128723,0.049585968255996704,0.030833475291728973,0.0012015093816444278,0.7930676341056824
0.025748567655682564,0.07700856775045395,0.1476120948791504,0.08189843595027924,2.3106086254119873,2.9907903529720343,662.4959668511543,0.8486692309379578,0.099576435983181,0.05175383388996124,0.03011513687670231,0.0010488579282537103,0.7973913550376892
0.025243857875466347,0.07540556788444519,0.14323711395263672,0.07781580090522766,2.3356754779815674,2.9870857399629966,644.2729036386202,0.8529894948005676,0.10241643339395523,0.04459404572844505,0.029855692759156227,0.001044543576426804,0.8005156517028809
0.025268878787755966,0.07546106725931168,0.14323711395263672,0.07558633387088776,2.310046434402466,2.986324319735548,633.383873752696,0.8597719669342041,0.0974097028374672,0.042815834283828735,0.0322384350001812,0.0016989506548270583,0.8066912889480591
0.025518538430333138,0.0647665336728096,0.12947320938110352,0.060414716601371765,2.2423975467681885,2.5380189326707483,649.2823986349989,0.8569506406784058,0.09487337619066238,0.04817614704370499,0.030021246522665024,0.0011504038702696562,0.8016822338104248
0.025357844308018684,0.07139457017183304,0.13296842575073242,0.0675872415304184,2.2434160709381104,2.8154826294300217,656.1344853283696,0.853755533695221,0.09909392148256302,0.04714834317564964,0.03104521706700325,0.0014581839786842465,0.7998087406158447
0.02532404474914074,0.07147451490163803,0.1341700553894043,0.0651816576719284,2.263622760772705,2.8223972752709976,647.4143385195722,0.8542841076850891,0.09888893365859985,0.046823374927043915,0.030805964022874832,0.001045864075422287,0.8025912046432495
0.024944143369793892,0.0652245283126831,0.12990713119506836,0.05550112575292587,2.319636821746826,2.614823341219724,665.9594844161069,0.8465603590011597,0.10182442516088486,0.05161507427692413,0.03188994154334068,0.001145924092270434,0.7939746975898743
0.025227811187505722,0.07519512623548508,0.14071226119995117,0.08436868339776993,2.325324058532715,2.9806440865446713,652.1854816153084,0.855769157409668,0.09697262197732925,0.0472567193210125,0.031552206724882126,0.0012459279969334602,0.8006600737571716
0.025858065113425255,0.07527366280555725,0.14683246612548828,0.08024666458368301,2.2674405574798584,2.9110323016227873,636.0101785341162,0.8643396496772766,0.09157557040452957,0.04408462718129158,0.029463496059179306,0.0014450086746364832,0.8156070113182068
0.02591339685022831,0.07138047367334366,0.13988733291625977,0.07541343569755554,2.2364580631256104,2.7545780309369277,618.175717166648,0.8697385787963867,0.08760568499565125,0.042654410004615784,0.03123451955616474,0.0010309751378372312,0.8109099864959717
0.02542484924197197,0.06990061700344086,0.13960838317871094,0.10370304435491562,2.3286290168762207,2.7493031063994624,642.4527022586424,0.8550279140472412,0.10205303132534027,0.04291659593582153,0.030826600268483162,0.0013992314925417304,0.8018516898155212
0.02526313066482544,0.06982558220624924,0.13960838317871094,0.10115250945091248,2.338965654373169,2.7639322746608523,676.8341523121852,0.8365705609321594,0.1170196384191513,0.046409767121076584,0.03121223673224449,0.001202659448608756,0.7800581455230713
0.025387097150087357,0.07193763554096222,0.14072179794311523,0.05791374668478966,2.328834056854248,2.8336298204098163,649.7468708757548,0.8507629632949829,0.10520069301128387,0.04403597116470337,0.032551445066928864,0.0010839358437806368,0.795016884803772
0.025594675913453102,0.08145379275083542,0.1533341407775879,0.04824523627758026,2.364988088607788,3.1824506402458153,637.8925199575227,0.8544934391975403,0.10335393995046616,0.04215196892619133,0.02887054905295372,0.0016608891310170293,0.8060311079025269
0.025593716651201248,0.08148930221796036,0.1513814926147461,0.052123185247182846,2.318129777908325,3.183957348803097,628.8508946471795,0.857849657535553,0.10273554176092148,0.03941468521952629,0.03097877837717533,0.0019008810631930828,0.8023711442947388
0.02507787197828293,0.0683756172657013,0.13323545455932617,0.04823479801416397,2.291937828063965,2.726531873286021,639.6202489764954,0.8594644069671631,0.09689853340387344,0.04363657161593437,0.03027028776705265,0.0019675211515277624,0.8064296245574951
0.02520349621772766,0.07140123099088669,0.13089895248413086,0.06933567672967911,2.2653470039367676,2.83298913655604,634.4225920268002,0.862615704536438,0.09292418509721756,0.04445915296673775,0.029740022495388985,0.0017453930340707302,0.812799870967865
0.025960691273212433,0.07140335440635681,0.1368403434753418,0.06001410633325577,2.2175238132476807,2.7504411824843817,620.5144601632578,0.86765456199646,0.08970213681459427,0.04264319688081741,0.031196586787700653,0.0020198042038828135,0.8144333362579346
0.02600708045065403,0.06767740845680237,0.1330113410949707,0.04371260851621628,2.229119300842285,2.6022685853804917,646.2950007966876,0.856302797794342,0.09880603849887848,0.044891029596328735,0.029194194823503494,0.001388548407703638,0.803371012210846
0.025859232991933823,0.08224883675575256,0.14301061630249023,0.06309468299150467,2.307558536529541,3.180637135611389,654.561942395005,0.8521336913108826,0.10275693982839584,0.04510841891169548,0.029900887981057167,0.001420694636180997,0.8000230193138123
0.025160500779747963,0.08245386183261871,0.14364242553710938,0.08918944746255875,2.3322806358337402,3.277115290793809,636.9914689450002,0.8610419631004333,0.09321087598800659,0.04574695974588394,0.030796131119132042,0.0008260610047727823,0.8030715584754944
0.024679776281118393,0.07253071665763855,0.14487028121948242,0.09648364782333374,2.2874765396118164,2.9388725338726154,646.7084089675516,0.8601364493370056,0.09034106135368347,0.04952247813344002,0.03325476124882698,0.00111379602458328,0.8052557110786438
0.02573934569954872,0.09596259146928787,0.16855955123901367,0.12140105664730072,2.3703114986419678,3.7282451770808653,664.9191088787805,0.8461419343948364,0.10744043439626694,0.04641714692115784,0.030614621937274933,0.0008587714983150363,0.7908298969268799
0.026240713894367218,0.09580321609973907,0.1599287986755371,0.12078598886728287,2.3717093467712402,3.6509378701260515,659.4087859189921,0.8451220989227295,0.11407820880413055,0.040798917412757874,0.02819059044122696,0.0010240825358778238,0.7995126247406006
0.025967437773942947,0.07044262439012527,0.13675451278686523,0.07167769968509674,2.294090509414673,2.712729110998324,653.4827455025908,0.8518480062484741,0.10435843467712402,0.04379354417324066,0.03155490756034851,0.0007515792967751622,0.7977124452590942
0.02499527670443058,0.07464120537042618,0.14220952987670898,0.049932822585105896,2.3446435928344727,2.9862124052505212,645.6791931614158,0.8575342297554016,0.09393682330846786,0.04852830246090889,0.0314599871635437,0.0010933417361229658,0.8047067523002625
0.0248225349932909,0.08154012262821198,0.15611886978149414,0.08137621730566025,2.3588433265686035,3.2849232621473163,609.9223933489097,0.8707100749015808,0.08836768567562103,0.040920235216617584,0.033698778599500656,0.0011407587444409728,0.812568724155426
0.02531743422150612,0.08179730921983719,0.14545440673828125,0.07208160310983658,2.3111279010772705,3.2308688353230863,611.8841004477589,0.8737566471099854,0.0851312130689621,0.041111916303634644,0.03272932767868042,0.0015151521656662226,0.8203247785568237
0.017654186114668846,0.054204363375902176,0.09816408157348633,-0.28375154733657837,2.6187856197357178,3.070340542506997,1047.2310721075232,0.7125747799873352,0.18259648978710175,0.10470499843358994,0.09221883118152618,0.001641103415749967,0.5827640295028687
0.01766485907137394,0.06574458628892899,0.1147913932800293,-0.29153427481651306,2.7181003093719482,3.7217724760537094,1052.6008016976104,0.71341472864151,0.1807864010334015,0.1057962104678154,0.09127230197191238,0.0015888353809714317,0.5860572457313538
0.017895234748721123,0.06880465149879456,0.1303720474243164,-0.260633647441864,2.9030396938323975,3.844858838740118,1109.634812600312,0.6883343458175659,0.20122334361076355,0.1102772206068039,0.08836090564727783,0.0015447468031197786,0.5483652353286743
0.018374865874648094,0.06889934092760086,0.13523340225219727,-0.2811143100261688,3.0206973552703857,3.7496513658318467,1165.319012474619,0.6607662439346313,0.22614042460918427,0.11308199912309647,0.08334346115589142,0.0013856947189196944,0.5307918190956116
0.018439024686813354,0.06632010638713837,0.13226747512817383,-0.3526870608329773,2.9594602584838867,3.596725288348379,1150.5453609989845,0.6740542650222778,0.20951512455940247,0.11642610281705856,0.08433348685503006,0.001396937994286418,0.5494037866592407
0.017960075289011,0.0602833554148674,0.11793375015258789,-0.34751370549201965,2.772585153579712,3.3565201950125276,1075.4353849762706,0.7031254768371582,0.18876276910305023,0.10810598731040955,0.08909956365823746,0.001782414154149592,0.5758282542228699
0.017751051113009453,0.05861466005444527,0.11619806289672852,-0.28872936964035034,2.670109987258911,3.302038830150487,1067.4376770468048,0.7025265097618103,0.1900748312473297,0.10738813132047653,0.09136596322059631,0.0015906553016975522,0.5748143196105957
0.017972277477383614,0.06649404764175415,0.1131892204284668,-0.3216497302055359,2.728616714477539,3.699811986640576,1021.2932871734145,0.7191837430000305,0.17894944548606873,0.1018434464931488,0.09323662519454956,0.0019128916319459677,0.5781707167625427
0.018196485936641693,0.06658400595188141,0.11743307113647461,-0.33120065927505493,2.8534305095672607,3.6591683789969647,1048.290917775338,0.7054476737976074,0.19476623833179474,0.09978196769952774,0.08473527431488037,0.0016354810213670135,0.5809562802314758
0.017926199361681938,0.0617842823266983,0.11263847351074219,-0.3080972135066986,2.764578342437744,3.446591275522597,1034.8467361860862,0.7029377222061157,0.19841523468494415,0.09863461554050446,0.08858898282051086,0.0021836813539266586,0.5584137439727783
0.017507441341876984,0.06191399693489075,0.10627269744873047,-0.31690719723701477,2.7762749195098877,3.5364389188761076,1076.6948071635877,0.6962396502494812,0.19380369782447815,0.10987518727779388,0.09475523233413696,0.0013220187975093722,0.5620890259742737
0.017718208953738213,0.05939279869198799,0.11601924896240234,-0.2512080669403076,2.751697540283203,3.352076885632684,1146.4677342731904,0.6774990558624268,0.20368961989879608,0.11878086626529694,0.0877792164683342,0.0019757940899580717,0.5571756362915039
0.018014857545495033,0.06777917593717575,0.12444019317626953,-0.28982725739479065,2.8753273487091064,3.7624042134245386,1140.0385074849626,0.6812881231307983,0.19355690479278564,0.12515491247177124,0.08910221606492996,0.0012391956988722086,0.5593776702880859
0.01813749223947525,0.06775863468647003,0.11544466018676758,-0.3148288428783417,2.9013431072235107,3.7358325940595734,1079.7694539149759,0.6996286511421204,0.18463410437107086,0.11570964753627777,0.08476202934980392,0.002094152383506298,0.5783878564834595
0.018020162358880043,0.06119031831622124,0.11202335357666016,-0.26905035972595215,2.702624797821045,3.39565854592159,1009.5326885094705,0.7114591002464294,0.1945485770702362,0.09397801011800766,0.08713947236537933,0.0013155755586922169,0.591921865940094
0.018285157158970833,0.06978324800729752,0.12070178985595703,-0.30154290795326233,2.708362340927124,3.816387652388591,1088.2631802584517,0.7052793502807617,0.17937861382961273,0.11529206484556198,0.08678306639194489,0.0014937269734218717,0.5771636366844177
0.018257660791277885,0.06986536085605621,0.11996269226074219,-0.28339600563049316,2.6970887184143066,3.826632647573665,1115.5939129582996,0.6960123777389526,0.1828400194644928,0.12114748358726501,0.08283376693725586,0.0016088314587250352,0.5735518932342529
0.018267594277858734,0.06869858503341675,0.11731386184692383,-0.28608837723731995,2.723872661590576,3.7606804697278777,1066.3470399544033,0.6925206780433655,0.2061675786972046,0.10130985826253891,0.08574330806732178,0.0017132842913269997,0.5660637021064758
0.01841289922595024,0.06883260607719421,0.11728525161743164,-0.40161818265914917,3.003901958465576,3.7382818006436827,1077.9857432860047,0.688111424446106,0.21188904345035553,0.09999904781579971,0.08450692892074585,0.0012285875855013728,0.5626097321510315
0.01805332861840725,0.062240056693553925,0.11432170867919922,-0.4123792350292206,3.010335922241211,3.447566817492379,1115.8378531378235,0.6784979104995728,0.2136264145374298,0.10786279290914536,0.08864152431488037,0.0013344073668122292,0.5529277920722961
0.017558664083480835,0.07466766983270645,0.12684345245361328,-0.39116525650024414,2.8893725872039795,4.252468722760134,1067.7684685381241,0.7034068703651428,0.19009052217006683,0.10648670792579651,0.09367245435714722,0.001613427186384797,0.5740308165550232
0.01775212585926056,0.07467524707317352,0.12727975845336914,-0.37545788288116455,2.8487136363983154,4.206552367924541,1021.4678995372459,0.7196295261383057,0.17182335257530212,0.10854309052228928,0.0911451056599617,0.0013759990688413382,0.593476414680481
0.01834486983716488,0.05855375900864601,0.11132240295410156,-0.31627532839775085,2.6759579181671143,3.191832895256095,1049.4327924371744,0.7032454609870911,0.18584437668323517,0.11090988665819168,0.08721913397312164,0.001637088367715478,0.5626453757286072
0.01811666414141655,0.05622971057891846,0.10105371475219727,-0.31931379437446594,2.6246659755706787,3.1037563061771305,1017.1718040392918,0.7107728123664856,0.19108757376670837,0.0981033518910408,0.08672837913036346,0.0016222629928961396,0.5735151171684265
0.017819877713918686,0.056158799678087234,0.10510444641113281,-0.31866419315338135,2.638782024383545,3.151469419516356,1014.1416902267409,0.7316374778747559,0.15807956457138062,0.11016098409891129,0.09376109391450882,0.0026987947057932615,0.5798895359039307
0.017608223482966423,0.05445343255996704,0.10336875915527344,-0.31509092450141907,2.6752490997314453,3.092500081541496,1036.3313089194867,0.7291092872619629,0.14991067349910736,0.12096250057220459,0.09194935113191605,0.0017921398393809795,0.5939956307411194
0.017720429226756096,0.05685912445187569,0.10533332824707031,-0.3212135136127472,2.6264400482177734,3.2086764784915798,1030.615607219615,0.7095236778259277,0.18555235862731934,0.10488936305046082,0.08689098060131073,0.0023060531821101904,0.5823729038238525
0.017669619992375374,0.05681958422064781,0.10533332824707031,-0.34267592430114746,2.6180636882781982,3.21566531945511,1028.0959072112248,0.7067713737487793,0.19536694884300232,0.09786024689674377,0.09286300837993622,0.0011694715358316898,0.5800076723098755
0.01776428520679474,0.05660690739750862,0.10841131210327148,-0.3512723743915558,2.6912877559661865,3.186557001047824,1010.9304848701569,0.7096395492553711,0.20178432762622833,0.08855535089969635,0.08732672780752182,0.0019001676701009274,0.5730565786361694
0.018140505999326706,0.057517159730196,0.1093912124633789,-0.28401121497154236,2.7048096656799316,3.1706480364527945,1034.8992425535287,0.7089603543281555,0.19813835620880127,0.09286826103925705,0.08572059124708176,0.001213621348142624,0.5774000287055969
0.01816568896174431,0.0679897665977478,0.11761903762817383,-0.3357538878917694,2.7790305614471436,3.742757389339145,1052.6258071540224,0.7076576352119446,0.18833938241004944,0.10399828851222992,0.08796902000904083,0.0012808929895982146,0.5702425837516785
0.018100624904036522,0.07245644927024841,0.12111902236938477,-0.42051348090171814,2.930356979370117,4.002980540748475,1109.0896882267014,0.6994443535804749,0.17999902367591858,0.1204788014292717,0.08653976768255234,0.0009148022509180009,0.5769457817077637
0.018076147884130478,0.072411447763443,0.12111902236938477,-0.3966701626777649,2.961355447769165,4.005911448810894,1120.2222128249525,0.7035290002822876,0.17091482877731323,0.12549544870853424,0.087840735912323,0.0014259414747357368,0.5822184681892395
0.01824876293540001,0.06669909507036209,0.11637210845947266,-0.29967090487480164,2.725756883621216,3.6549926865080993,1135.7191323082347,0.6868199706077576,0.1919911801815033,0.12112157791852951,0.08497949689626694,0.001392933540046215,0.5669635534286499
0.018318455666303635,0.05803423747420311,0.10894298553466797,-0.24026891589164734,2.517103910446167,3.168074783606767,1127.2253773713521,0.6827815175056458,0.20271506905555725,0.11436425894498825,0.08609137684106827,0.0013732874067500234,0.5647282600402832
0.017992988228797913,0.059951052069664,0.11808633804321289,-0.3098059296607971,2.819570541381836,3.3319119261346475,1132.5347780739557,0.6796920895576477,0.20263606309890747,0.1176685243844986,0.08891323953866959,0.0014688840601593256,0.5562008619308472
0.017792265862226486,0.05998104810714722,0.11808633804321289,-0.3406738042831421,2.914635181427002,3.371186591310868,1128.816487268037,0.6863570809364319,0.19426199793815613,0.11936898529529572,0.09149755537509918,0.0010531579609960318,0.5594035983085632
0.017847659066319466,0.06957830488681793,0.11571884155273438,-0.36756631731987,2.788334608078003,3.898455513094238,1041.1731526653878,0.7097224593162537,0.19268381595611572,0.097568579018116,0.09283871948719025,0.0019732299260795116,0.5689072012901306
0.018282337114214897,0.07696965336799622,0.12608051300048828,-0.3909187316894531,3.1042232513427734,4.210055469546104,1112.0152555599998,0.6860023736953735,0.2030663788318634,0.11092930287122726,0.08323732763528824,0.001781040569767356,0.5613614916801453
0.018482008948922157,0.07694229483604431,0.12608051300048828,-0.36456701159477234,2.94038462638855,4.163091525630302,1117.0776405139381,0.688797116279602,0.19599996507167816,0.11518500745296478,0.08657389879226685,0.0017517026280984282,0.5603448152542114
0.018029119819402695,0.05570145323872566,0.10152578353881836,-0.33395668864250183,2.681382656097412,3.089527042562055,1110.3717777215472,0.6983526945114136,0.1853613704442978,0.11625014990568161,0.08834270387887955,0.001180786988697946,0.5737445950508118
0.017978643998503685,0.05630543828010559,0.10927915573120117,-0.30018770694732666,2.7708659172058105,3.1317956060345793,1104.9767257097515,0.7004425525665283,0.17816229164600372,0.12135495245456696,0.08588041365146637,0.0022656037472188473,0.5814304351806641
0.018106650561094284,0.05804971978068352,0.11095523834228516,-0.2947131395339966,2.7259507179260254,3.2059888482196053,1038.3620839946373,0.7171122431755066,0.1677059680223465,0.11517221480607986,0.09094924479722977,0.0018384231952950358,0.5894338488578796
0.01827314868569374,0.05806063115596771,0.10835647583007812,-0.31973469257354736,2.6738758087158203,3.177374198144991,1075.3253711519533,0.6956731677055359,0.19796514511108398,0.1063460260629654,0.08180505782365799,0.0021397005766630173,0.5705345273017883
0.018258651718497276,0.05698084086179733,0.10823249816894531,-0.29863280057907104,2.6378328800201416,3.1207584074212362,1074.0445166591105,0.6713039875030518,0.23981873691082,0.08886156231164932,0.08607416599988937,0.0012556563597172499,0.5434116125106812
0.018386641517281532,0.06515286862850189,0.1282334327697754,-0.2539752423763275,2.7648072242736816,3.543489362302598,1173.335090514912,0.6663603186607361,0.2049718052148819,0.12866786122322083,0.08636924624443054,0.0014022899558767676,0.5336391925811768
0.017980346456170082,0.06511496752500534,0.1282334327697754,-0.28679758310317993,2.832599639892578,3.6214523274127033,1163.513157336625,0.679534912109375,0.18605241179466248,0.13438205420970917,0.08671119809150696,0.0011996494140475988,0.5536770820617676
0.018057124689221382,0.06694427132606506,0.12719154357910156,-0.29233917593955994,2.788400173187256,3.707360528020163,1121.7143924174454,0.6653217673301697,0.22591179609298706,0.10874592512845993,0.08838413655757904,0.0015634503215551376,0.5401142835617065
0.01844596490263939,0.06705690920352936,0.12719154357910156,-0.31852415204048157,2.802208185195923,3.635315883654264,1095.277673713893,0.6747119426727295,0.22288727760314941,0.10233176499605179,0.0829516053199768,0.0015442522708326578,0.5596493482589722
0.01823301985859871,0.05892900004982948,0.10455608367919922,-0.36621546745300293,2.721935987472534,3.2319934110534367,1030.1081087779323,0.7067580819129944,0.20031367242336273,0.09291849285364151,0.08719580620527267,0.001546948798932135,0.581047534942627
0.018061239272356033,0.059826985001564026,0.11704444885253906,-0.32843783497810364,2.8413281440734863,3.312451825485801,1067.7076883762502,0.706203043460846,0.18541787564754486,0.10837148129940033,0.08802519738674164,0.0014052176848053932,0.5811166167259216
0.018110020086169243,0.05978182703256607,0.11704444885253906,-0.2778934836387634,2.8231468200683594,3.3010359317558606,1041.6709438411767,0.7183202505111694,0.1767023652791977,0.10494685918092728,0.0879526287317276,0.0015337482327595353,0.5930497050285339
0.017887640744447708,0.061317507177591324,0.11258363723754883,-0.28838247060775757,2.8056061267852783,3.427925909860206,1117.227067738129,0.695814311504364,0.1843196302652359,0.11979499459266663,0.09257444739341736,0.0016688148025423288,0.5649278163909912
0.017499089241027832,0.06134069710969925,0.11258363723754883,-0.30995994806289673,2.860762357711792,3.5053651227960114,1115.4797014552198,0.6823956966400146,0.20203499495983124,0.11555813997983932,0.09114418178796768,0.0015761683462187648,0.5532180070877075
0.01818564161658287,0.0763348937034607,0.12761831283569336,-0.2929176986217499,2.858797073364258,4.19753645808438,1034.3726645517804,0.6957122087478638,0.2090303599834442,0.09524168819189072,0.0908304825425148,0.0016964044189080596,0.5614289045333862
0.018523363396525383,0.07650696486234665,0.12761831283569336,-0.2799547612667084,2.7881593704223633,4.130295520335554,1083.4949858526281,0.6868657469749451,0.20890015363693237,0.10420611500740051,0.08423538506031036,0.0014572798972949386,0.5702898502349854
0.01842539571225643,0.0691579207777977,0.13126611709594727,-0.2763742208480835,2.7801852226257324,3.753402198468985,1122.6173018371676,0.6841493844985962,0.2022969275712967,0.11355052143335342,0.08199074119329453,0.0025051929987967014,0.5629968047142029
0.018187565729022026,0.0691090002655983,0.12823820114135742,-0.32209834456443787,2.896540403366089,3.7997938422029063,1101.3112595898292,0.6933976411819458,0.19638001918792725,0.11021506041288376,0.0886615738272667,0.001692403107881546,0.5644199252128601
0.018206218257546425,0.0755537673830986,0.12567758560180664,-0.3619730472564697,2.8898656368255615,4.149888038809592,1056.827449828504,0.7074667811393738,0.19244736433029175,0.10002494603395462,0.08180060982704163,0.0023524360731244087,0.5680211186408997
0.0186203233897686,0.07552555203437805,0.12567758560180664,-0.3004262149333954,2.821866512298584,4.056081650645304,1105.5212939938267,0.6784724593162537,0.21915055811405182,0.10236804187297821,0.08363129198551178,0.001325129414908588,0.5476433038711548
0.018384136259555817,0.058718517422676086,0.1084280014038086,-0.28160691261291504,2.7784063816070557,3.193977491815045,1106.1451959709473,0.6706613898277283,0.22797365486621857,0.1013505607843399,0.08642426133155823,0.0014381500659510493,0.5426976680755615
0.017812183126807213,0.06019025295972824,0.10982990264892578,-0.3605268895626068,2.803628444671631,3.379162033527668,1068.126300341581,0.7032958269119263,0.18733206391334534,0.10936268419027328,0.0880746841430664,0.0011827434645965695,0.5745370984077454
0.017957985401153564,0.06021137535572052,0.1065683364868164,-0.3101007342338562,2.6475813388824463,3.352902567149867,1102.1197823427772,0.6914007663726807,0.19322484731674194,0.11529260128736496,0.088532954454422,0.0014690564712509513,0.5694799423217773
0.018029995262622833,0.06409411877393723,0.10820150375366211,-0.24410507082939148,2.6242499351501465,3.5548605441540513,1115.2363431416409,0.6763964891433716,0.21613135933876038,0.10742948204278946,0.08697930723428726,0.0010828267550095916,0.5543831586837769
0.01799760013818741,0.06404967606067657,0.11272192001342773,-0.25358739495277405,2.597925901412964,3.5587898144940353,1093.7964955437767,0.685184121131897,0.20179781317710876,0.11279679834842682,0.09001979231834412,0.0014013306936249137,0.5455259680747986
0.018254728987812996,0.061136722564697266,0.10975837707519531,-0.30233335494995117,2.6052751541137695,3.349089575756701,1023.4304679944194,0.707321047782898,0.19351354241371155,0.09916315972805023,0.08593737334012985,0.0017189178615808487,0.5770937204360962
0.01841096021234989,0.061511896550655365,0.12072324752807617,-0.28745344281196594,2.701120376586914,3.341047714939536,1043.3606003754232,0.7103666067123413,0.19070890545845032,0.09891662746667862,0.08459126949310303,0.0013902373611927032,0.5774013996124268
0.018360039219260216,0.06134508550167084,0.12072324752807617,-0.2699344754219055,2.7144832611083984,3.341228456308352,1105.1961782506464,0.6807898879051208,0.21731285750865936,0.10186951607465744,0.08826400339603424,0.001919214497320354,0.5496035218238831
0.018607497215270996,0.06402499228715897,0.12371540069580078,-0.2505796551704407,2.80898118019104,3.440816975169205,1159.9016715557425,0.6604053378105164,0.22924725711345673,0.1103387251496315,0.08140121400356293,0.001632892293855548,0.548872172832489
0.01858348771929741,0.06412582099437714,0.12734651565551758,-0.29345595836639404,2.8054521083831787,3.450688157117951,1125.4081982903144,0.6756700277328491,0.2123487889766693,0.1119600310921669,0.0857214406132698,0.0016299677081406116,0.5559043288230896
0.01826643943786621,0.06547453254461288,0.12874603271484375,-0.30483847856521606,2.8404154777526855,3.584416807870076,1152.4671994802166,0.6574433445930481,0.23029273748397827,0.11224745959043503,0.0859304666519165,0.0012973090633749962,0.5418519973754883
0.018489893525838852,0.06552484631538391,0.12372732162475586,-0.20759108662605286,2.7714476585388184,3.5438195585210845,1186.818355435901,0.6451597809791565,0.23332516849040985,0.12151499837636948,0.08339380472898483,0.0021377592347562313,0.5278462171554565
0.018603334203362465,0.06275255233049393,0.11647939682006836,-0.23856976628303528,2.64091157913208,3.3731884640216006,1153.8043046062912,0.6645630598068237,0.21484048664569855,0.12056969106197357,0.08421549201011658,0.001609124126844108,0.5444972515106201
0.01852949894964695,0.06274569034576416,0.11647939682006836,-0.31110531091690063,2.802595376968384,3.386259418718574,1153.6329495463012,0.6697022318840027,0.20397025346755981,0.12629224359989166,0.07929152995347977,0.0024977591820061207,0.5430872440338135
0.01802186109125614,0.06090335175395012,0.10924816131591797,-0.3154846131801605,2.7583465576171875,3.3794152247749727,1097.865470316857,0.6863211989402771,0.20134301483631134,0.11223503202199936,0.08973241597414017,0.0016428818926215172,0.5587655901908875
0.018309352919459343,0.05819360166788101,0.10890960693359375,-0.26007428765296936,2.681675434112549,3.178353812976863,1095.9034836466615,0.6793815493583679,0.21782125532627106,0.10279618203639984,0.08529648929834366,0.001601321273483336,0.5568616390228271
0.01850530318915844,0.05815646052360535,0.10890960693359375,-0.29304948449134827,2.7120048999786377,3.1426915801376514,1106.2242605032895,0.6672272086143494,0.22818130254745483,0.1045820489525795,0.08049508184194565,0.001217962009832263,0.5558609962463379
0.01824696734547615,0.08284911513328552,0.1323080062866211,-0.35538461804389954,2.9482498168945312,4.540432037835883,1156.7773345693754,0.6596770882606506,0.2197592705488205,0.12028089165687561,0.08739818632602692,0.001370247802697122,0.5386521816253662
0.01827480085194111,0.08293486386537552,0.13753652572631836,-0.3212171792984009,3.0824151039123535,4.538208899388808,1129.201960736551,0.6734632849693298,0.21049395203590393,0.11601848155260086,0.08679317682981491,0.00102149392478168,0.544816792011261
0.01834574155509472,0.0721992552280426,0.1268601417541504,-0.26119762659072876,2.796565532684326,3.9354776151884128,1111.3669144080993,0.6801230907440186,0.20597299933433533,0.11386758089065552,0.08467423915863037,0.0013853944838047028,0.5494879484176636
0.01833970472216606,0.06579986214637756,0.11689186096191406,-0.25638604164123535,2.7997398376464844,3.587836507708956,1100.724338623113,0.6772845983505249,0.21434564888477325,0.10836976021528244,0.08474408090114594,0.0013919895282015204,0.5503609776496887
0.018438003957271576,0.0657723918557167,0.11517524719238281,-0.2792402505874634,2.8376858234405518,3.5672186644807717,1070.23248434979,0.6753914952278137,0.23101750016212463,0.09357912838459015,0.08421173691749573,0.0014807273400947452,0.547215461730957
0.01843670941889286,0.06294910609722137,0.1177978515625,-0.27625495195388794,2.669990062713623,3.41433520828291,1111.3655543933335,0.672001302242279,0.22536396980285645,0.10262909531593323,0.0841827541589737,0.0015843615401536226,0.550736665725708
0.01840020716190338,0.06803632527589798,0.12583255767822266,-0.188445046544075,2.6490728855133057,3.697584743125386,1077.6858392433548,0.6885847449302673,0.2128685563802719,0.09854093939065933,0.0856700912117958,0.0014428099384531379,0.5704557299613953
0.01839899830520153,0.06825178861618042,0.12868642807006836,-0.17867527902126312,2.703718423843384,3.709538284656269,1109.5591286879605,0.6839167475700378,0.20182156562805176,0.11414211243391037,0.0888538509607315,0.0026147691532969475,0.5533536672592163
0.01822921819984913,0.06052708625793457,0.1173090934753418,-0.23817509412765503,2.688960552215576,3.3203336309351537,1126.1059019709278,0.6747945547103882,0.20861659944057465,0.11657166481018066,0.08536533266305923,0.0017195460386574268,0.5500965714454651
0.01826517842710018,0.05995189771056175,0.11174917221069336,-0.28698983788490295,2.7015035152435303,3.2823056148374863,1067.3440377324437,0.6894954442977905,0.21558701992034912,0.09485404938459396,0.0839073583483696,0.002032746560871601,0.555828869342804
0.018147950991988182,0.057004664093256,0.10872840881347656,-0.3265312910079956,2.669797420501709,3.1411074514847916,1091.7022138668606,0.6857811212539673,0.2116890549659729,0.10252603888511658,0.08798552304506302,0.001538137556053698,0.5622697472572327
0.018085051327943802,0.059354010969400406,0.10524511337280273,-0.2867690324783325,2.5928642749786377,3.281937656124241,1108.5490570376032,0.6770835518836975,0.21430295705795288,0.10860877484083176,0.08473262935876846,0.0022652563638985157,0.5562157034873962
0.01801437698304653,0.05937923491001129,0.10524511337280273,-0.29593586921691895,2.582362174987793,3.2962136277372975,1050.7338286804456,0.6989015340805054,0.20182837545871735,0.09926407784223557,0.08752983063459396,0.001281582866795361,0.5812187790870667
0.01823827251791954,0.06577341258525848,0.12414693832397461,-0.2899671494960785,2.706301689147949,3.6063400476677927,1040.2366337322883,0.6998593807220459,0.2055979073047638,0.0945265144109726,0.0851571187376976,0.0018133296398445964,0.5810884237289429
0.018400082364678383,0.06580173224210739,0.1245737075805664,-0.2818783223628998,2.776287078857422,3.5761650917849783,1134.6356417077618,0.6829108595848083,0.19658200442790985,0.12050531059503555,0.08338331431150436,0.0014635551488026977,0.5651439428329468
0.018193984404206276,0.06124015897512436,0.11711597442626953,-0.3296758830547333,2.75801420211792,3.3659564398439445,1094.7950792145598,0.6983531713485718,0.18206928670406342,0.1195547953248024,0.0864236056804657,0.00203229789622128,0.5761463642120361
0.018035002052783966,0.06135651469230652,0.11711597442626953,-0.2723832428455353,2.763561964035034,3.4020797175031743,1060.6040758798486,0.7019026279449463,0.1881929636001587,0.10988954454660416,0.08861128240823746,0.0012480660807341337,0.5755842328071594
0.018160901963710785,0.06210336834192276,0.11730432510375977,-0.2588072419166565,2.859823226928711,3.419619161129686,1157.903216521297,0.6682636737823486,0.2123108059167862,0.11941970139741898,0.08766985684633255,0.0009630791028030217,0.535689115524292
0.018398215994238853,0.06269597262144089,0.1129460334777832,-0.3217450976371765,2.89414119720459,3.407720217963826,1174.4639652048572,0.6631855964660645,0.21985268592834473,0.11695965379476547,0.08379632234573364,0.0010403033811599016,0.5445356369018555
0.018016627058386803,0.0625971108675003,0.11272668838500977,-0.3510552644729614,2.715811014175415,3.4744078711939994,1068.1312757301898,0.7030118703842163,0.18687105178833008,0.11011709272861481,0.08822055160999298,0.001208617235533893,0.5816897749900818
0.017636509612202644,0.059321627020835876,0.11815547943115234,-0.34656575322151184,2.6515557765960693,3.3635695680072586,1008.9942669108655,0.7194380760192871,0.17406098544597626,0.10638627409934998,0.09296128898859024,0.002028117887675762,0.5907580256462097
0.018056508153676987,0.05918850004673004,0.11780977249145508,-0.30186060070991516,2.6848063468933105,3.277959367320922,1103.5084329480273,0.6900174021720886,0.18831580877304077,0.12166669964790344,0.08950615674257278,0.001575691974721849,0.5647562146186829
0.018207291141152382,0.06239604949951172,0.11141300201416016,-0.2743750214576721,2.6559503078460693,3.42698147749482,1077.4467368602068,0.6986948847770691,0.18508455157279968,0.11607306450605392,0.08912067115306854,0.0018239071359857917,0.5615392923355103
0.01821020245552063,0.0630279928445816,0.11394262313842773,-0.28567737340927124,2.680133819580078,3.4611363050504043,1053.5783563355078,0.7175037860870361,0.16864533722400665,0.11378736793994904,0.08441133052110672,0.0014565407764166594,0.5917376279830933
0.018570255488157272,0.06297241151332855,0.12052059173583984,-0.27282553911209106,2.700718879699707,3.3910363565055226,1113.2762045416785,0.6926915049552917,0.19158604741096497,0.11564264446496964,0.08281473070383072,0.002119333017617464,0.563984215259552
0.01816270686686039,0.06085270270705223,0.1183009147644043,-0.257262647151947,2.731687068939209,3.3504203503241823,1106.2933915985411,0.679880678653717,0.21293719112873077,0.10717596858739853,0.08692234754562378,0.0015492694219574332,0.5552670359611511
0.017849799245595932,0.054943230003118515,0.1055765151977539,-0.2544519901275635,2.632211208343506,3.0780867193000243,1072.325284668117,0.6946134567260742,0.20022882521152496,0.10515274852514267,0.08709470927715302,0.0024150717072188854,0.5673419237136841
0.017853422090411186,0.05745859071612358,0.10470867156982422,-0.28715842962265015,2.6490697860717773,3.218351665127853,1053.9933510558685,0.7007995247840881,0.19923268258571625,0.09996238350868225,0.09058729559183121,0.001143316039815545,0.5775717496871948
0.017833415418863297,0.05742473900318146,0.10470867156982422,-0.34981974959373474,2.721580982208252,3.2200640007084886,1078.234614086166,0.6990828514099121,0.19440369307994843,0.1065133586525917,0.08856067061424255,0.0017536237137392163,0.5716392397880554
0.017875928431749344,0.05692262575030327,0.10094404220581055,-0.319600373506546,2.6795737743377686,3.184317165088834,1110.926541931306,0.6966282725334167,0.18350619077682495,0.1198544129729271,0.0892907977104187,0.0017345818923786283,0.5705711245536804
0.018329203128814697,0.05613291636109352,0.1049041748046875,-0.25603389739990234,2.644383192062378,3.06248536630523,1171.541096818312,0.6808736324310303,0.18452630937099457,0.13459163904190063,0.08656148612499237,0.0016113289166241884,0.5542532205581665
0.01837461069226265,0.05620145425200462,0.1049041748046875,-0.2866987884044647,2.658963918685913,3.0586473471577715,1093.060265316082,0.6999897956848145,0.1869172751903534,0.11308804154396057,0.08514709025621414,0.001444782130420208,0.5786276459693909
0.01819591037929058,0.06430164724588394,0.12196779251098633,-0.3110279142856598,2.782198429107666,3.533851612917049,1063.066235073399,0.7030564546585083,0.19137974083423615,0.10555785149335861,0.08615703135728836,0.0012018214911222458,0.5801875591278076
0.01823192834854126,0.06438883394002914,0.12196779251098633,-0.3274593651294708,2.8602590560913086,3.531652423461244,1108.7146023892963,0.6930493712425232,0.18384714424610138,0.12307219207286835,0.08478233963251114,0.0013144584372639656,0.5763626098632812
0.01803966611623764,0.05833400413393974,0.11319637298583984,-0.30241337418556213,2.834920883178711,3.233652095046217,1104.9549607013712,0.6870469450950623,0.19557230174541473,0.11733406037092209,0.0882660299539566,0.0013754211831837893,0.5629821419715881
0.018114356324076653,0.05828262120485306,0.11095762252807617,-0.2836005687713623,2.7238266468048096,3.217482319488735,1112.596022720763,0.6811415553092957,0.20609290897846222,0.11276421695947647,0.08820445835590363,0.0013202173868194222,0.55808424949646
0.01793941669166088,0.054021451622247696,0.10069131851196289,-0.32712239027023315,2.6141109466552734,3.011327098742747,1027.7270145424689,0.7171916961669922,0.1809394806623459,0.10186635702848434,0.09007768332958221,0.001170739415101707,0.5866379737854004
0.017923200502991676,0.06589324027299881,0.12476444244384766,-0.3121151030063629,2.7408485412597656,3.6764215329914838,1037.4158889954579,0.7162975668907166,0.17268751561641693,0.11099553108215332,0.09110932052135468,0.0020373426377773285,0.575442910194397
0.017994502559304237,0.06592262536287308,0.12476444244384766,-0.33777758479118347,2.7775704860687256,3.6634869534153163,1064.533824923388,0.6977333426475525,0.18892233073711395,0.11334330588579178,0.0864330604672432,0.002034957753494382,0.5695412755012512
0.018187779933214188,0.060326363891363144,0.10754585266113281,-0.29192307591438293,2.643502712249756,3.3168624268363502,1042.0163549373071,0.7032374143600464,0.19566752016544342,0.10108152031898499,0.08967090398073196,0.002435225062072277,0.5658509731292725
0.01817692071199417,0.06048141047358513,0.1087188720703125,-0.22094495594501495,2.5694656372070312,3.327373840077801,1028.3751024682906,0.7115541696548462,0.19200080633163452,0.09635066986083984,0.08825782686471939,0.001602155389264226,0.5877158641815186
0.0180057343095541,0.060400769114494324,0.11203527450561523,-0.28897127509117126,2.720318078994751,3.354529622215423,1087.3753502517673,0.698654294013977,0.18733522295951843,0.11393608152866364,0.0853508710861206,0.0023687463253736496,0.5742899775505066
0.018087094649672508,0.07082273066043854,0.12240171432495117,-0.3446711599826813,2.7918004989624023,3.9156499165998024,1121.6545677867462,0.6919623017311096,0.18275035917758942,0.1252867579460144,0.08945159614086151,0.0015142466872930527,0.5693368911743164
0.017981749027967453,0.0708284080028534,0.11759519577026367,-0.3430667817592621,2.664120674133301,3.9389053806030403,1038.5656169574406,0.716372549533844,0.1797761768102646,0.10383615642786026,0.08663386106491089,0.0015971435932442546,0.5837164521217346
0.017659926787018776,0.06322246789932251,0.11769294738769531,-0.3416287899017334,2.7639760971069336,3.5799960361225986,1040.1317662537444,0.7178503274917603,0.17696191370487213,0.10514087975025177,0.09129832684993744,0.0009495171834714711,0.5776141285896301
0.017706025391817093,0.06317365169525146,0.11769294738769531,-0.3557581305503845,2.811375141143799,3.5679182816985846,1059.7071629675333,0.7017761468887329,0.19224612414836884,0.1058817133307457,0.09127838909626007,0.0014737730380147696,0.5638110637664795
0.018096257001161575,0.05474480614066124,0.10888338088989258,-0.2888244390487671,2.771165370941162,3.025200522634158,1119.9364292865907,0.6784517168998718,0.21013867855072021,0.11140371859073639,0.08508358895778656,0.0013686309102922678,0.5587212443351746
0.01820506900548935,0.057220350950956345,0.11201143264770508,-0.24010059237480164,2.6392974853515625,3.143099920717668,1121.9970334755124,0.6784220933914185,0.21280233561992645,0.1087477058172226,0.08692055195569992,0.0015848770271986723,0.5642708539962769
0.017787905409932137,0.05739683657884598,0.0998544692993164,-0.3127046227455139,2.5690596103668213,3.2267338538674086,1035.1195133442595,0.7110360860824585,0.188004732131958,0.10095927864313126,0.09016227722167969,0.0014635352417826653,0.5908136367797852
0.01821846142411232,0.06664347648620605,0.12970924377441406,-0.30020207166671753,2.7972021102905273,3.658018914503105,1104.108575099383,0.6943825483322144,0.19183316826820374,0.11368181556463242,0.08626677095890045,0.001298612216487527,0.5736806988716125
0.018421217799186707,0.06948255747556686,0.13252496719360352,-0.2930029332637787,2.9164557456970215,3.771876443199246,1139.8809539908807,0.6773558259010315,0.20698583126068115,0.11559896916151047,0.08409657329320908,0.0011635099072009325,0.5601682662963867
0.018165431916713715,0.06954523921012878,0.11983394622802734,-0.3424009084701538,2.964989423751831,3.8284385158116128,1137.5317759031911,0.6743624210357666,0.21146069467067719,0.11416766047477722,0.08728879690170288,0.0009232764132320881,0.5507888793945312
0.01789202354848385,0.06667626649141312,0.1149892807006836,-0.337629497051239,2.7962095737457275,3.7265917019954182,1045.77322833967,0.7055539488792419,0.19483529031276703,0.09957972913980484,0.09274247288703918,0.0018277977360412478,0.5718246102333069
0.017352985218167305,0.06761540472507477,0.11661767959594727,-0.29666098952293396,2.732774019241333,3.896471060805718,1039.8782202718708,0.7258023619651794,0.16523945331573486,0.10894712060689926,0.09285281598567963,0.0015932874521240592,0.591926097869873
0.017611267045140266,0.06751875579357147,0.11661767959594727,-0.2974512577056885,2.812969446182251,3.8338386225520935,1141.0225554280141,0.6869798302650452,0.18426072597503662,0.12875932455062866,0.09249613434076309,0.002516242442652583,0.555228590965271
0.017954036593437195,0.06545388698577881,0.112152099609375,-0.3116990923881531,2.744682550430298,3.6456362691194903,1113.6350101257192,0.6776878833770752,0.2059118002653122,0.11639999598264694,0.0878484696149826,0.00179924292024225,0.5594499707221985
0.01818637177348137,0.06091458350419998,0.10991573333740234,-0.27991610765457153,2.6955504417419434,3.3494632277161354,1100.342442547473,0.6830308437347412,0.2084852010011673,0.10844516009092331,0.08385172486305237,0.0025974444579333067,0.5671614408493042
0.01804220676422119,0.061007048934698105,0.11179447174072266,-0.29555585980415344,2.7099380493164062,3.3813518339839392,1065.580023316236,0.6990404725074768,0.19882765412330627,0.10210362076759338,0.08998499810695648,0.0014985502930358052,0.5734533071517944
0.017818903550505638,0.059964124113321304,0.11113882064819336,-0.29205086827278137,2.7504947185516357,3.365197187357498,1033.754508326265,0.7119439244270325,0.18933363258838654,0.09869629889726639,0.08560557663440704,0.002035226672887802,0.5692203044891357
0.01772504858672619,0.0566059947013855,0.1078343391418457,-0.23681846261024475,2.673436164855957,3.1935593530943915,1068.9371635897246,0.6978638768196106,0.19351232051849365,0.10862358659505844,0.09042815864086151,0.0011327940737828612,0.5639375448226929
0.018012067303061485,0.06303181499242783,0.12078285217285156,-0.23511672019958496,2.8098413944244385,3.499421467196882,1131.3802057691944,0.6780350208282471,0.20154093205928802,0.12035965174436569,0.08994922041893005,0.0012595021398738027,0.5484652519226074
0.018127841874957085,0.06857287138700485,0.13156652450561523,-0.25982731580734253,2.89158296585083,3.782737727757483,1114.8290918928994,0.6854848861694336,0.19344250857830048,0.12094038724899292,0.08586657047271729,0.001390416407957673,0.5602333545684814
0.018129734322428703,0.06853257119655609,0.12130260467529297,-0.237998366355896,2.7781519889831543,3.780119993705191,1073.7310556128684,0.6959854364395142,0.19211560487747192,0.11179239302873611,0.08731923997402191,0.00180284574162215,0.5725774765014648
0.018267519772052765,0.060158997774124146,0.11286735534667969,-0.2325468808412552,2.7188591957092285,3.2932219875227604,1096.5631045810655,0.6934220194816589,0.195059135556221,0.1115148738026619,0.08460994809865952,0.0014617589768022299,0.5749449133872986
0.01818390190601349,0.062181513756513596,0.1118922233581543,-0.30870935320854187,2.7465505599975586,3.419591354731755,1109.749443711371,0.6874855756759644,0.19947314262390137,0.11302600055932999,0.08678865432739258,0.001018629060126841,0.5625002980232239
0.01782318577170372,0.06219102069735527,0.1103520393371582,-0.352323442697525,2.769881248474121,3.489332462247073,1040.1213563398835,0.7107295989990234,0.18353982269763947,0.10572412610054016,0.08890464901924133,0.0010131229646503925,0.5839508175849915
0.017906777560710907,0.06096828356385231,0.11827468872070312,-0.3325510025024414,2.8054275512695312,3.4047602006414315,1069.7279496068109,0.7017926573753357,0.18801657855510712,0.11019070446491241,0.0895409882068634,0.0013073892332613468,0.5729719996452332
0.01837184466421604,0.06078003719449043,0.11827468872070312,-0.3318852484226227,2.8654181957244873,3.308325228199163,1140.3731539679677,0.6740568280220032,0.20854803919792175,0.11737985163927078,0.08707589656114578,0.0017984856385737658,0.5467320084571838
0.01806008256971836,0.060352642089128494,0.1156759262084961,-0.28641408681869507,2.770768404006958,3.341769997606822,1087.3814373323112,0.6869871616363525,0.21147897839546204,0.10152960568666458,0.08549409359693527,0.0013848074013367295,0.5696154832839966
0.01770625077188015,0.07334305346012115,0.13381004333496094,-0.29595431685447693,2.8020083904266357,4.142212510197661,1086.8784898248812,0.697577953338623,0.19590267539024353,0.10633094608783722,0.09523353725671768,0.002774239517748356,0.5638633370399475
0.017959894612431526,0.07341108471155167,0.12758255004882812,-0.26228296756744385,2.8405420780181885,4.087500861873115,1144.6557502373757,0.6860483288764954,0.1926567256450653,0.12126003950834274,0.08969436585903168,0.0017147603211924434,0.5643702149391174
0.017950300127267838,0.05623478814959526,0.11042118072509766,-0.2293778508901596,2.719998359680176,3.132804897286238,1159.1206989072587,0.6803116798400879,0.19334864616394043,0.12632903456687927,0.08587946742773056,0.0020610636565834284,0.5610159635543823
0.01779848150908947,0.06072216108441353,0.11036396026611328,-0.3122204840183258,2.7316386699676514,3.411648406634679,1062.698113643431,0.7161878943443298,0.1697598248720169,0.11395334452390671,0.09255271404981613,0.001587555161677301,0.5850229263305664
0.01820451021194458,0.060691721737384796,0.11584997177124023,-0.2613067328929901,2.6807315349578857,3.3338838028297557,1053.6225313960276,0.7028999328613281,0.1984330117702484,0.09860558062791824,0.08386146277189255,0.002280713990330696,0.5642724633216858
0.018052024766802788,0.05795915424823761,0.11319398880004883,-0.28274092078208923,2.684051513671875,3.210673317466988,1092.3289451864644,0.6941845417022705,0.20201118290424347,0.10379396378993988,0.08730950951576233,0.001170697738416493,0.5616911053657532
0.01784835197031498,0.05790270119905472,0.10868549346923828,-0.3268849551677704,2.6616880893707275,3.2441483276502607,1068.60528456923,0.7032567858695984,0.19322700798511505,0.10350728034973145,0.0895550549030304,0.0017055390635505319,0.5781853795051575
0.017901252955198288,0.06456591933965683,0.11595964431762695,-0.3084006905555725,2.6799814701080322,3.606782134057324,1104.2343439768733,0.6934493780136108,0.1940499246120453,0.11249727755784988,0.0885469913482666,0.001408617477864027,0.569869875907898
0.01768265850841999,0.06447100639343262,0.11752843856811523,-0.3014528155326843,2.7637858390808105,3.6460018927067623,1038.1923380780058,0.7203476428985596,0.17115938663482666,0.1084866151213646,0.09294246882200241,0.0016390768578276038,0.5918039679527283
0.01772349514067173,0.06682521104812622,0.12510299682617188,-0.2843018174171448,2.9798471927642822,3.7704307482222204,1118.9254638622238,0.6986584663391113,0.17522171139717102,0.12610749900341034,0.08952652662992477,0.001398192485794425,0.5765377879142761
0.018039125949144363,0.06677523255348206,0.12510299682617188,-0.3097440004348755,2.9273102283477783,3.7016889143094915,1120.4407922229846,0.6972206234931946,0.1766398400068283,0.12613257765769958,0.08824427425861359,0.001769959693774581,0.5676348805427551
0.018187254667282104,0.056738898158073425,0.11162281036376953,-0.29463818669319153,2.76582670211792,3.119706585349792,1104.5895709099668,0.700423002243042,0.17607338726520538,0.12350355833768845,0.08575943112373352,0.0012751197209581733,0.5705320835113525
0.018435321748256683,0.05677833780646324,0.11162281036376953,-0.2192610204219818,2.609206438064575,3.0798669303806734,1110.7224904334576,0.6936191320419312,0.1846313327550888,0.12172865867614746,0.08331502974033356,0.0011028462322428823,0.5657044649124146
0.01813090592622757,0.052931513637304306,0.09758949279785156,-0.2268788367509842,2.473809003829956,2.919408100718008,989.5907408473458,0.7150081992149353,0.19500192999839783,0.0899791345000267,0.08933534473180771,0.0015368948224931955,0.5867263674736023
0.017893455922603607,0.06103165075182915,0.1139688491821289,-0.295276403427124,2.766897201538086,3.4108363980890415,1070.3483924317713,0.6961241960525513,0.1940762847661972,0.10979875177145004,0.09003269672393799,0.0012750056339427829,0.5750598907470703
0.018003255128860474,0.060850270092487335,0.11482477188110352,-0.32576051354408264,2.7575995922088623,3.3799593269974912,1049.6229474004274,0.7120031118392944,0.17774759232997894,0.11024565994739532,0.0932125672698021,0.0020064234267920256,0.5813460350036621
0.017807547003030777,0.06013985723257065,0.1138615608215332,-0.28680846095085144,2.670383930206299,3.377211764144599,1036.6213477314295,0.715359628200531,0.18817438185214996,0.09646400809288025,0.09058690816164017,0.0011217647697776556,0.5901796817779541
0.017844129353761673,0.060179002583026886,0.11923551559448242,-0.2494620531797409,2.7223799228668213,3.3724818614906664,1047.56448257892,0.7002428770065308,0.2070404440164566,0.09270785003900528,0.08915528655052185,0.0016432409174740314,0.5682380199432373
0.018118003383278847,0.059138327836990356,0.10682821273803711,-0.2753022611141205,2.7140562534332275,3.2640642891316167,1113.2665267467983,0.6765720844268799,0.21254569292068481,0.11086489260196686,0.09042763710021973,0.0013589700683951378,0.5514031648635864
0.018048500642180443,0.055440500378608704,0.10371208190917969,-0.3020271360874176,2.7167482376098633,3.0717510265627905,1124.5902847328564,0.6756467223167419,0.20641382038593292,0.11791395395994186,0.08399786800146103,0.0020509171299636364,0.552066445350647
0.017936090007424355,0.05568142980337143,0.10404348373413086,-0.32959502935409546,2.6847360134124756,3.1044352351721347,1057.6534437764415,0.7028805613517761,0.18840596079826355,0.10870300978422165,0.08793005347251892,0.0013471095589920878,0.5789521932601929
0.018117675557732582,0.05557820573449135,0.09897470474243164,-0.3155647814273834,2.6609950065612793,3.0676234130764684,1095.9972276815208,0.6982586979866028,0.184394970536232,0.1173434928059578,0.0887622982263565,0.0015486297197639942,0.5755000710487366
0.018224790692329407,0.06220877915620804,0.11096000671386719,-0.329495370388031,2.7517590522766113,3.4134152870670578,1101.314750222911,0.6879974603652954,0.19563917815685272,0.11624947190284729,0.08521704375743866,0.0008835493354126811,0.5706675052642822
0.018076539039611816,0.06223643571138382,0.11096000671386719,-0.35161954164505005,2.8129868507385254,3.4429398001221245,1117.6247820225278,0.6732321977615356,0.20719119906425476,0.11947204172611237,0.08873904496431351,0.0013898018514737487,0.55043625831604
0.017674848437309265,0.055790308862924576,0.10303735733032227,-0.29978707432746887,2.6892545223236084,3.1564801846901354,1046.757613962498,0.6928942203521729,0.20099957287311554,0.10609980672597885,0.09126635640859604,0.0013879190664738417,0.565960168838501
0.017825469374656677,0.05492135509848595,0.10391712188720703,-0.26625528931617737,2.6429340839385986,3.0810608091750566,1026.849154890718,0.7136355042457581,0.1830325573682785,0.10333183407783508,0.08963190019130707,0.0014494891511276364,0.5762489438056946
0.01783592440187931,0.0550585612654686,0.10391712188720703,-0.3075332045555115,2.6498770713806152,3.0869474450441334,1018.2030205225511,0.7270830273628235,0.16674332320690155,0.10617246478796005,0.08969087898731232,0.0014320089248940349,0.5901660323143005
0.01790110021829605,0.06588173657655716,0.11072874069213867,-0.3260887861251831,2.6811933517456055,3.6803177329593164,1027.7127679200446,0.7197752594947815,0.1745133101940155,0.10566507279872894,0.08982086181640625,0.0014907645527273417,0.5871523022651672
0.017633862793445587,0.06582234054803848,0.11207342147827148,-0.3641031086444855,2.762660503387451,3.732723868576973,1058.6876390159994,0.7120407819747925,0.1721944957971573,0.11571268737316132,0.09350057691335678,0.0020924569107592106,0.5810449719429016
0.01774916984140873,0.06186223775148392,0.11278152465820312,-0.3651235103607178,2.751278877258301,3.4853595013595653,1075.890821275172,0.6966466307640076,0.19030910730361938,0.11301896721124649,0.08963777869939804,0.001762830768711865,0.5715509057044983
0.01855199784040451,0.05781708285212517,0.10886430740356445,-0.2711181938648224,2.65118145942688,3.1164882265719385,1124.5450601856132,0.6709527969360352,0.21387097239494324,0.11517520993947983,0.08697085082530975,0.002317628124728799,0.5430021286010742
0.018132001161575317,0.06173786148428917,0.1068878173828125,-0.2715429961681366,2.646712303161621,3.404911621763896,1057.156954808405,0.7000950574874878,0.19608929753303528,0.10380925983190536,0.08588108420372009,0.0015718493377789855,0.5756901502609253
0.017668599262833595,0.061794474720954895,0.10886669158935547,-0.30480337142944336,2.6884148120880127,3.4974178653451,1056.1099909669576,0.7171173691749573,0.17635926604270935,0.1065230444073677,0.090016670525074,0.0019293597433716059,0.5824325084686279
0.017536813393235207,0.05404776707291603,0.1011347770690918,-0.31393811106681824,2.708024740219116,3.0819605510932164,1084.9787901496084,0.705933153629303,0.17886175215244293,0.1152009442448616,0.09612948447465897,0.001579092931933701,0.5710161328315735
0.01787951961159706,0.05977964028716087,0.11619806289672852,-0.3592749834060669,2.734869956970215,3.3434701592901286,1055.2856373255977,0.695513129234314,0.20067158341407776,0.10381309688091278,0.08755744993686676,0.0019133802270516753,0.5659410357475281
0.01888883300125599,0.06285678595304489,0.1232767105102539,-0.24078868329524994,2.843449831008911,3.327722043258977,1177.9999959743357,0.6356192827224731,0.2573998272418976,0.10692993551492691,0.08139371126890182,0.0014947035815566778,0.5179058313369751
0.01887192390859127,0.06285948306322098,0.1232767105102539,-0.16322395205497742,2.7747795581817627,3.3308465721014238,1224.8078001180293,0.6270545721054077,0.2546628713607788,0.11817123740911484,0.07970856875181198,0.001460244064219296,0.5076508522033691
0.018048414960503578,0.060568343847990036,0.11397123336791992,-0.22918403148651123,2.667067050933838,3.355881609392264,1141.6203929846915,0.6885533332824707,0.18193419277668,0.1294884830713272,0.08698252588510513,0.0013473940780386329,0.5654539465904236
0.01774219237267971,0.06050204113125801,0.1109623908996582,-0.32544198632240295,2.7796034812927246,3.410065670407899,1025.5646483061169,0.718631386756897,0.1741700917482376,0.10719049721956253,0.09201172739267349,0.0015036547556519508,0.5899022817611694
0.01801200769841671,0.058818086981773376,0.10994434356689453,-0.3749132454395294,2.896562099456787,3.2654931067833215,1068.2827320354897,0.6823534965515137,0.21588100492954254,0.10175278037786484,0.0864381343126297,0.0013759529683738947,0.5654354691505432
0.018569471314549446,0.061509329825639725,0.11266469955444336,-0.2850635051727295,2.83343505859375,3.312389931862729,1119.8319279485447,0.652701199054718,0.24670638144016266,0.1005617305636406,0.0830194503068924,0.0014613422099500895,0.5338019728660583
0.018485985696315765,0.06162452697753906,0.11407136917114258,-0.2960120439529419,2.74759840965271,3.333580799345051,1051.561693419789,0.6824870705604553,0.22291435301303864,0.09459856152534485,0.08436905592679977,0.001202036626636982,0.5640730261802673
0.01817011646926403,0.060340121388435364,0.11275053024291992,-0.3189336359500885,2.6716794967651367,3.3208439520563275,1073.817322058718,0.692301869392395,0.2011338472366333,0.10656329244375229,0.08761925250291824,0.0015543743502348661,0.5739295482635498
0.01804816536605358,0.06536132842302322,0.12285947799682617,-0.29611197113990784,2.787351608276367,3.621494323314352,1156.043248374759,0.6617875695228577,0.22577054798603058,0.11244115978479385,0.08732787519693375,0.001748485374264419,0.5419952869415283
0.017936984077095985,0.06538742780685425,0.12285947799682617,-0.2844175398349762,2.7520129680633545,3.6453969921678797,1124.218224034633,0.672765851020813,0.21669931709766388,0.1105348989367485,0.0879000872373581,0.0015380593249574304,0.5531441569328308
0.018445169553160667,0.0649995282292366,0.12180805206298828,-0.2241915613412857,2.6256613731384277,3.5239322706347633,1082.491067609673,0.6796603798866272,0.21900755167007446,0.10132744163274765,0.08702730387449265,0.0022686300799250603,0.5488808751106262
0.01876380667090416,0.06511427462100983,0.12180805206298828,-0.18373478949069977,2.693782329559326,3.470206006679241,1168.0523695508352,0.6509952545166016,0.23181000351905823,0.11718620359897614,0.08058597892522812,0.0012502671452239156,0.5264000296592712
0.018464205786585808,0.08088184893131256,0.13190269470214844,-0.2645672857761383,2.8473050594329834,4.380467259831589,1180.0508914079542,0.6590693593025208,0.21303994953632355,0.12777145206928253,0.08432580530643463,0.002036463236436248,0.5258740186691284
0.017984135076403618,0.08099572360515594,0.13190269470214844,-0.34939709305763245,2.884322166442871,4.503731942434307,1125.3568597031126,0.6862958073616028,0.19376279413700104,0.11993782222270966,0.08867448568344116,0.0015137584414333105,0.5606067180633545
0.017999067902565002,0.054173294454813004,0.1008749008178711,-0.3080015480518341,2.673248052597046,3.0097833257289466,1114.1509880853494,0.6815146207809448,0.20163825154304504,0.11684442311525345,0.0847354531288147,0.002077661221846938,0.5604180693626404
0.01820656843483448,0.06105472519993782,0.11716127395629883,-0.26855629682540894,2.7792696952819824,3.3534449621911655,1131.0023793531911,0.6697298884391785,0.21001122891902924,0.12022369354963303,0.08756382763385773,0.0016425307840108871,0.5534225106239319
0.018169555813074112,0.06104505807161331,0.11716127395629883,-0.22577232122421265,2.7730941772460938,3.359744106915806,1097.9718605603243,0.679902195930481,0.21023759245872498,0.1098487600684166,0.08446867763996124,0.0021242524962872267,0.5546225905418396
0.018026672303676605,0.062089793384075165,0.10687828063964844,-0.2845878005027771,2.7359275817871094,3.4443291770476905,1053.641216486818,0.6904676556587219,0.21314087510108948,0.09639149159193039,0.08674921095371246,0.0016980899963527918,0.5645655393600464
0.017817839980125427,0.06201247125864029,0.10784626007080078,-0.2990598976612091,2.6876838207244873,3.480358524059626,1065.2938494688274,0.6982001066207886,0.1963978260755539,0.10538562387228012,0.09164714813232422,0.001900085830129683,0.5593923330307007
0.017668891698122025,0.058151718229055405,0.11188507080078125,-0.2629223167896271,2.6505212783813477,3.2911921822433827,1004.6455560596718,0.7167856097221375,0.18901929259300232,0.09418932348489761,0.0908505916595459,0.0013582635438069701,0.5897552967071533
0.018048007041215897,0.05815625935792923,0.11299371719360352,-0.2282799631357193,2.7057342529296875,3.2223092124186654,1055.30286438459,0.69856196641922,0.20010927319526672,0.10131727159023285,0.08758343011140823,0.0015381511766463518,0.5740265846252441
0.0182858444750309,0.05978627875447273,0.11465787887573242,-0.2630321979522705,2.768260955810547,3.269538840978367,1121.3792294310038,0.682502806186676,0.2056504487991333,0.11184650659561157,0.08513958752155304,0.0015743306139484048,0.5638524889945984
0.01804083213210106,0.059717096388339996,0.11465787887573242,-0.32414960861206055,2.7852890491485596,3.310107646241657,1060.193882895078,0.7043384313583374,0.19136476516723633,0.1042821928858757,0.08904585987329483,0.001634676824323833,0.5822374224662781
0.018056048080325127,0.05866122245788574,0.11559247970581055,-0.27765971422195435,2.7377729415893555,3.248840620808793,1109.8141251621976,0.6874334812164307,0.19184786081314087,0.12070900946855545,0.08795227855443954,0.001630884245969355,0.5655266642570496
0.018305758014321327,0.06386782974004745,0.12076139450073242,-0.3090153932571411,2.8426735401153564,3.4889475588277827,1124.8208076028084,0.6718164086341858,0.21366603672504425,0.11451755464076996,0.08736594021320343,0.0015573380514979362,0.5472761392593384
0.0181433092802763,0.06369808316230774,0.11120796203613281,-0.34381425380706787,2.7556967735290527,3.5108304761162556,1072.5000079837178,0.6909185647964478,0.2010764628648758,0.10800410807132721,0.09034601598978043,0.0024322490207850933,0.5545510649681091
0.01808757521212101,0.058564022183418274,0.10277509689331055,-0.2955976724624634,2.5905728340148926,3.2378039341025113,1092.9310585436306,0.6845787763595581,0.20767390727996826,0.10773323476314545,0.08620895445346832,0.0016628531739115715,0.5594780445098877
0.01840886101126671,0.058489177376031876,0.10553836822509766,-0.28983503580093384,2.6196932792663574,3.1772295601046547,1119.8297019328058,0.6733464598655701,0.2212410271167755,0.10539250075817108,0.08681789040565491,0.002215848071500659,0.5438388586044312
0.01808023452758789,0.055402327328920364,0.10887622833251953,-0.29568034410476685,2.673128366470337,3.0642482674281672,1101.298043466161,0.6787571310997009,0.21752727031707764,0.1037154421210289,0.08726686984300613,0.0014844799879938364,0.5585910081863403
0.01769617199897766,0.06319806724786758,0.11666536331176758,-0.3051029443740845,2.746440887451172,3.5712846398615117,1079.5111374382006,0.6871837973594666,0.2121317982673645,0.10067372769117355,0.08921042084693909,0.0016199852107092738,0.5591484904289246
0.017910083755850792,0.06334546953439713,0.10915994644165039,-0.3029521405696869,2.752351760864258,3.536860597325059,1092.1328930406194,0.6977811455726624,0.19001777470111847,0.11219973862171173,0.09057110548019409,0.0015483431052416563,0.564595103263855
0.01820451021194458,0.06330527365207672,0.11011362075805664,-0.3131571114063263,2.661010265350342,3.477449978690588,1039.1687226632364,0.7136211395263672,0.18447937071323395,0.10189913213253021,0.0829574391245842,0.0023617809638381004,0.5796371698379517
0.018259821459650993,0.06718068569898605,0.12035608291625977,-0.3411726951599121,2.7155046463012695,3.6791534815253857,1071.067904400603,0.6940528750419617,0.19858360290527344,0.10730122029781342,0.0868232473731041,0.0015716562047600746,0.5635166764259338
0.01793312467634678,0.06705594062805176,0.12035608291625977,-0.30891159176826477,2.632546901702881,3.7392223516271645,1108.4723993740229,0.675955593585968,0.21375542879104614,0.11028555035591125,0.0906400978565216,0.0017646902706474066,0.5473822951316833
0.01771816983819008,0.05610204115509987,0.10404348373413086,-0.2797907590866089,2.5831139087677,3.1663564388580423,1084.3893159865358,0.6906201839447021,0.19981156289577484,0.10954193770885468,0.08917907625436783,0.0015277897473424673,0.5689645409584045
0.017761176452040672,0.05607827752828598,0.10404348373413086,-0.2533380389213562,2.585101366043091,3.157351523225564,1025.891918576752,0.7125047445297241,0.18607161939144135,0.10142062604427338,0.09018068760633469,0.0016831328393891454,0.5913887023925781
0.01771189458668232,0.057852160185575485,0.10486841201782227,-0.26386693120002747,2.6296427249908447,3.26628864569963,1059.0630094902504,0.7085217833518982,0.1829686462879181,0.10850675404071808,0.09125956892967224,0.0010583980474621058,0.5848331451416016
0.018089836463332176,0.0668637603521347,0.11462688446044922,-0.3443279266357422,2.906939744949341,3.6962059045680338,1110.4767440485473,0.6938104033470154,0.18520203232765198,0.1209336593747139,0.08942338824272156,0.0010187114821746945,0.566501796245575
0.018091382458806038,0.06680350005626678,0.11852264404296875,-0.36815550923347473,2.8866562843322754,3.6925591620588074,1068.3776762367631,0.6988234519958496,0.19125479459762573,0.10991702228784561,0.08721479773521423,0.0015704674879088998,0.569063127040863
0.017892803996801376,0.056075699627399445,0.10772943496704102,-0.2743132412433624,2.7225828170776367,3.1339805451560245,1138.7577333231038,0.6896358728408813,0.18236781656742096,0.12799017131328583,0.0905376672744751,0.0016009836690500379,0.563407301902771
0.017767438665032387,0.056761931627988815,0.10505199432373047,-0.28822997212409973,2.7342145442962646,3.194716621507506,1073.7715049808298,0.7169675827026367,0.16249115765094757,0.12053168565034866,0.09324411302804947,0.0020885635167360306,0.5822174549102783
0.017681578174233437,0.05907528102397919,0.10686397552490234,-0.3540641963481903,2.7149507999420166,3.34106381446911,1013.4836349933378,0.7265468239784241,0.16922388970851898,0.10422933846712112,0.09047145396471024,0.001604484743438661,0.5965957045555115
0.017885833978652954,0.06119700148701668,0.11097192764282227,-0.310596764087677,2.6518428325653076,3.4215346936930535,1080.497968488705,0.6957561373710632,0.1944626271724701,0.10977250337600708,0.09368664771318436,0.0023077125661075115,0.5654588937759399
0.018124742433428764,0.06134297326207161,0.11249780654907227,-0.2775432765483856,2.6386349201202393,3.3844879994293255,1122.096763484843,0.6812345385551453,0.2116946130990982,0.107049860060215,0.08550667762756348,0.0011715821456164122,0.5658350586891174
0.017882471904158592,0.057691868394613266,0.10886430740356445,-0.2918674051761627,2.611697196960449,3.2261685465291174,1102.4872124167955,0.6924892067909241,0.20106317102909088,0.1063912957906723,0.08703472465276718,0.002088079461827874,0.5639367699623108
0.017341656610369682,0.05775207653641701,0.10524988174438477,-0.3269026279449463,2.6148030757904053,3.3302514189188313,1020.0847798344465,0.7237715721130371,0.17392998933792114,0.10229772329330444,0.09892985969781876,0.0019798255525529385,0.5817902088165283
0.01802152208983898,0.06953775137662888,0.1310420036315918,-0.2581538259983063,2.7431962490081787,3.8585947971607535,1067.9020207856045,0.7151748538017273,0.17071303725242615,0.11411090940237045,0.08460647612810135,0.002341821091249585,0.5802403092384338
0.01827894151210785,0.06957622617483139,0.1310420036315918,-0.25096893310546875,2.813115119934082,3.806359691283995,1098.9764572803292,0.6964923143386841,0.18693524599075317,0.11652453988790512,0.08445574343204498,0.0013914421433582902,0.5685677528381348
0.01798291876912117,0.06211698800325394,0.11708498001098633,-0.3115312159061432,2.7287838459014893,3.4542216865519095,1100.3657020355217,0.6867604851722717,0.19660808145999908,0.11659236997365952,0.08990047872066498,0.0016627844888716936,0.5568386912345886
0.017951803281903267,0.062160640954971313,0.1132512092590332,-0.30441683530807495,2.6012394428253174,3.462640492176692,1076.8680481508304,0.6938331127166748,0.19357456266880035,0.11258448660373688,0.08898912370204926,0.0014967971947044134,0.5724830031394958
0.017819387838244438,0.057979147881269455,0.1080012321472168,-0.23432081937789917,2.553677797317505,3.2537115418510267,1081.8895576391917,0.6924748420715332,0.19549396634101868,0.11201950907707214,0.08949732035398483,0.0016179158119484782,0.5678138732910156
0.017435479909181595,0.058022286742925644,0.10529041290283203,-0.2560151219367981,2.678236722946167,3.3278284877632216,1046.618998038721,0.7034602761268616,0.18906906247138977,0.1074410080909729,0.09190626442432404,0.0013977473136037588,0.5695090293884277
0.01755521446466446,0.06060275435447693,0.10788202285766602,-0.33822545409202576,2.772789478302002,3.4521226996689465,981.7356037084427,0.7282834649085999,0.17766760289669037,0.09400319308042526,0.09453552961349487,0.0019354027463123202,0.5853477716445923
0.018016815185546875,0.07252053171396255,0.11558055877685547,-0.35619229078292847,2.757568120956421,4.025158218202378,1026.6091079276216,0.721474826335907,0.1781252771615982,0.10039430856704712,0.08829839527606964,0.0012533434201031923,0.5850465893745422
0.018050871789455414,0.07241496443748474,0.11934757232666016,-0.315830796957016,2.686406135559082,4.011715626708673,1041.997961481882,0.7066082954406738,0.1999722719192505,0.09341946989297867,0.08721967786550522,0.001034238957799971,0.5796806216239929
0.018188398331403732,0.06417481601238251,0.11235713958740234,-0.28678983449935913,2.7980175018310547,3.5283379459559776,1101.370598771318,0.6855791211128235,0.2122817188501358,0.10208090394735336,0.08905144035816193,0.0017834894824773073,0.5571262836456299
0.018107768148183823,0.06423541158437729,0.11235713958740234,-0.3159960210323334,2.844972848892212,3.5473952977066694,1132.8131814006545,0.6834177374839783,0.19937710464000702,0.11720495671033859,0.08698983490467072,0.0014210311928763986,0.5600413680076599
0.01767970435321331,0.05683682858943939,0.10177850723266602,-0.3010270893573761,2.6813433170318604,3.2148065064161786,1096.402757691758,0.6920492053031921,0.1920059323310852,0.11594412475824356,0.09440839290618896,0.002601747866719961,0.5609119534492493
0.017698785290122032,0.05306793004274368,0.1050257682800293,-0.2822308838367462,2.6566200256347656,2.9983939106467004,1047.9337679012356,0.6970843076705933,0.20138616859912872,0.10151242464780807,0.08945003151893616,0.0016968445852398872,0.5714032053947449
0.018266979604959488,0.059025660157203674,0.11589288711547852,-0.29623255133628845,2.7360827922821045,3.2312764031305385,1043.9119434759746,0.6981621980667114,0.2035062313079834,0.09832354635000229,0.08507684618234634,0.00197517778724432,0.5759463310241699
0.01787673681974411,0.0690460354089737,0.12801885604858398,-0.35977795720100403,2.862478256225586,3.8623399841548762,1015.4995711231314,0.7133731842041016,0.18807309865951538,0.09855044633150101,0.09394814819097519,0.0017018300713971257,0.5786091685295105
0.01745123788714409,0.06898181140422821,0.11467456817626953,-0.37564945220947266,2.7403695583343506,3.9528319908522156,952.0396688211379,0.7430432438850403,0.16189919412136078,0.09503693878650665,0.09007442742586136,0.002894795034080744,0.6001113057136536
0.017820827662944794,0.055648766458034515,0.10468006134033203,-0.2646169364452362,2.6469616889953613,3.1226813651659646,1067.6444877302658,0.7015225887298584,0.1852709949016571,0.1131737157702446,0.0893779993057251,0.0014511897461488843,0.569927453994751
0.01823987066745758,0.055631645023822784,0.1088404655456543,-0.2092263549566269,2.6076745986938477,3.050002164764646,1146.14275674718,0.6675597429275513,0.20904786884784698,0.1232752576470375,0.08646786212921143,0.0013318972196429968,0.5455893874168396
0.018146244809031487,0.06264445185661316,0.12441158294677734,-0.20605231821537018,2.681126594543457,3.4521992022273653,1133.017801051239,0.6889901757240295,0.1843607872724533,0.12656842172145844,0.08451183885335922,0.0015674876049160957,0.5724340677261353
0.01791461557149887,0.0626271516084671,0.12441158294677734,-0.23774605989456177,2.7579104900360107,3.4958691329445806,1030.9806233978454,0.7130809426307678,0.18422438204288483,0.10268948972225189,0.09052981436252594,0.0022244281135499477,0.5858210325241089
0.01782309263944626,0.06224739924073219,0.10815858840942383,-0.32644927501678467,2.742823600769043,3.4925139254156754,1040.5231355021233,0.703775942325592,0.19656962156295776,0.09961283206939697,0.09038648009300232,0.0018015849636867642,0.5743085145950317
0.018125254660844803,0.06693699210882187,0.13216257095336914,-0.35873010754585266,2.9696919918060303,3.6930235385729455,1140.1789136958514,0.6819297671318054,0.20095005631446838,0.11708346009254456,0.08770488947629929,0.001214454066939652,0.5376701951026917
0.01824282668530941,0.06698163598775864,0.13216257095336914,-0.31394463777542114,2.925438404083252,3.6716698097025704,1139.412857379808,0.6762146353721619,0.206959530711174,0.1168220043182373,0.08555905520915985,0.0014603073941543698,0.5361328721046448
0.017905225977301598,0.058427851647138596,0.11127710342407227,-0.2506808042526245,2.6514711380004883,3.2631730935953693,1095.7093993043713,0.6867420673370361,0.1988244503736496,0.1144014373421669,0.08973494172096252,0.0014421194791793823,0.5548388361930847
0.017903538420796394,0.06802183389663696,0.11912345886230469,-0.2567100524902344,2.663059949874878,3.7993514071958425,1044.6863178641258,0.7010766863822937,0.1984221190214157,0.10047489404678345,0.09144376963376999,0.0018304713303223252,0.5717819333076477
0.018261941149830818,0.06809702515602112,0.12813806533813477,-0.27159786224365234,2.8007779121398926,3.728903986360896,1159.3006228715374,0.6771358847618103,0.19562628865242004,0.12723426520824432,0.08531100302934647,0.0014969412004575133,0.5578343868255615
0.018287286162376404,0.06550323218107224,0.1256871223449707,-0.3060658872127533,2.865720510482788,3.581900102392136,1127.1680841922696,0.6809799075126648,0.19993384182453156,0.1190854012966156,0.09109911322593689,0.0025455846916884184,0.5464687347412109
0.018068335950374603,0.07552392780780792,0.1310586929321289,-0.3639111816883087,2.909723997116089,4.179905001271698,1070.7905472223829,0.6881269812583923,0.21739907562732697,0.0944426953792572,0.08644818514585495,0.001720322878099978,0.5591530203819275
0.01806870847940445,0.07552630454301834,0.12382745742797852,-0.3430372476577759,2.807249069213867,4.179950361417739,1063.3608867709954,0.6905970573425293,0.21168038249015808,0.09771189838647842,0.08519226312637329,0.0025863423943519592,0.5549047589302063
0.01805523969233036,0.06276427209377289,0.1110529899597168,-0.35451987385749817,2.7570581436157227,3.476235882759182,1061.4039358905447,0.6946531534194946,0.2027587890625,0.10256514698266983,0.08981041610240936,0.0018650670535862446,0.5619650483131409
0.018432825803756714,0.06354181468486786,0.12446403503417969,-0.2775787115097046,2.8118600845336914,3.4472096333960076,1101.789251925261,0.6877135038375854,0.19674599170684814,0.11551572382450104,0.08130177855491638,0.002155944239348173,0.5659952759742737
0.018160520121455193,0.06346917152404785,0.12446403503417969,-0.24478861689567566,2.7924180030822754,3.4948983341930413,1060.0030863405893,0.7056191563606262,0.17449122667312622,0.11981386691331863,0.08839821815490723,0.001884825062006712,0.5812201499938965
0.01787153258919716,0.06179295480251312,0.10958671569824219,-0.2611151337623596,2.689471960067749,3.4576192327460276,1098.0980134719266,0.6998909711837769,0.1751553863286972,0.12493018805980682,0.08933999389410019,0.0020443869289010763,0.570862889289856
0.017901118844747543,0.06287921220064163,0.11099815368652344,-0.28262463212013245,2.728792667388916,3.512585595485209,1062.3185919571044,0.7033904194831848,0.19121959805488586,0.10537640750408173,0.08818818628787994,0.0011180085130035877,0.5827968120574951
0.018085196614265442,0.0628119558095932,0.11099815368652344,-0.32925134897232056,2.8307716846466064,3.4731143457171254,1029.4523051791095,0.7117063403129578,0.18827064335346222,0.10001763701438904,0.08932865411043167,0.0017535901861265302,0.5853524804115295
0.017969399690628052,0.05813899636268616,0.10482311248779297,-0.3401378095149994,2.8398070335388184,3.2354445535413814,1047.2787503961915,0.7055225372314453,0.1883867383003235,0.10608553886413574,0.08699739724397659,0.0017308116657659411,0.5758258104324341
0.017859704792499542,0.06981740891933441,0.1163935661315918,-0.3956659138202667,2.9162092208862305,3.9092140506569906,1056.2308201692238,0.7058431506156921,0.1860150396823883,0.10813755542039871,0.09054018557071686,0.0019032659474760294,0.566315770149231
0.01800524815917015,0.06983252614736557,0.12318134307861328,-0.31865715980529785,2.8363988399505615,3.8784539666520015,1113.8157021193688,0.6878523230552673,0.19469954073429108,0.1174260601401329,0.08930349349975586,0.0015934858238324523,0.5531339645385742
0.017847493290901184,0.06059945747256279,0.11401891708374023,-0.23186522722244263,2.7389845848083496,3.395404412341847,1105.342394630618,0.6893301010131836,0.1950134038925171,0.11554989963769913,0.08843855559825897,0.0014824048848822713,0.5678494572639465
0.017593156546354294,0.058667734265327454,0.11179447174072266,-0.3135843276977539,2.7763612270355225,3.3346906285643247,1082.846338926615,0.7059742212295532,0.1790178418159485,0.11488217860460281,0.09330204129219055,0.0016850655665621161,0.5793863534927368
0.01734990067780018,0.058742955327034,0.11311531066894531,-0.3268277645111084,2.732739210128784,3.3857804960700406,1055.9322705324153,0.7050654292106628,0.1866133213043213,0.10830910503864288,0.09696246683597565,0.0012511889217421412,0.5726539492607117
0.01778547838330269,0.057208385318517685,0.11173486709594727,-0.2596731185913086,2.624866247177124,3.216578383913998,1068.407995510968,0.7029790878295898,0.184728741645813,0.11228221654891968,0.09342220425605774,0.0024173196870833635,0.5617858171463013
0.018152212724089622,0.05730127543210983,0.10424137115478516,-0.2612117826938629,2.570681095123291,3.156710220396942,1087.5614889560159,0.7070814967155457,0.17377224564552307,0.1191115528345108,0.08521026372909546,0.001802412560209632,0.5774897336959839
0.01804320141673088,0.05780986696481705,0.10648727416992188,-0.2904043197631836,2.6672897338867188,3.2039694966774492,1049.3841531921769,0.720622181892395,0.16756930947303772,0.1118069663643837,0.08824487775564194,0.0024133343249559402,0.5871904492378235
0.01795618049800396,0.057936180382966995,0.10648727416992188,-0.30223238468170166,2.690746784210205,3.226531409961086,1063.20940820079,0.716198742389679,0.1718498021364212,0.11195148527622223,0.09184477478265762,0.0022590658627450466,0.5822511315345764
0.017665579915046692,0.06298656761646271,0.10900735855102539,-0.321554571390152,2.7419307231903076,3.5654967408824367,1047.1651549377282,0.7109833359718323,0.18029940128326416,0.10871068388223648,0.0892077088356018,0.002552647842094302,0.5835484266281128
0.017849398776888847,0.06303662061691284,0.10889053344726562,-0.31799009442329407,2.771763324737549,3.5315822903234255,1088.0050699618637,0.6867033243179321,0.19876278936862946,0.11452402919530869,0.09082668274641037,0.0015199622139334679,0.5594884753227234
0.018208369612693787,0.06137944012880325,0.10716438293457031,-0.2816302180290222,2.734692096710205,3.3709465169601036,1077.6306130365592,0.6918216943740845,0.19298264384269714,0.11518718302249908,0.08508054912090302,0.0025343128945678473,0.5618969798088074
0.017672235146164894,0.06141381710767746,0.1070094108581543,-0.2926940619945526,2.7341129779815674,3.475158439000847,1028.3062373749358,0.7190995216369629,0.17131850123405457,0.10953622311353683,0.08760581910610199,0.0010713577503338456,0.5934076309204102
0.01764237880706787,0.06334736943244934,0.12585163116455078,-0.2615453004837036,2.70949649810791,3.590636507786612,1035.5308211012477,0.7218583822250366,0.17130708694458008,0.10669703781604767,0.09195812791585922,0.0017383820377290249,0.590907871723175
0.01851147785782814,0.06320257484912872,0.12585163116455078,-0.2518277168273926,2.7085235118865967,3.4142371198627646,1090.839670914605,0.6906256079673767,0.20321106910705566,0.1061597540974617,0.08311494439840317,0.001242940197698772,0.5726767182350159
0.018697183579206467,0.057346194982528687,0.10117053985595703,-0.25764572620391846,2.556993007659912,3.0671033814546007,1089.2888906396838,0.681772768497467,0.21417981386184692,0.10390397161245346,0.08185306191444397,0.0015002897707745433,0.5632625222206116
0.018358558416366577,0.055146507918834686,0.10587453842163086,-0.2544292211532593,2.5051491260528564,3.0038582913279264,1073.4799027672684,0.7001412510871887,0.19085687398910522,0.10884243249893188,0.084159716963768,0.0016936332685872912,0.5760039687156677
0.01824680157005787,0.06325788050889969,0.12021541595458984,-0.2622705101966858,2.599403142929077,3.466792810923974,1075.2221514836897,0.7132650017738342,0.1724163293838501,0.11431475728750229,0.08525621145963669,0.0014741865452378988,0.5928834080696106
0.01818571239709854,0.06324847787618637,0.12021541595458984,-0.2899768352508545,2.6887364387512207,3.4779213753979468,1080.91351159802,0.7039563655853271,0.1777041107416153,0.11833958327770233,0.0880264937877655,0.001655559055507183,0.5788956880569458
0.018132617697119713,0.06645163893699646,0.12047290802001953,-0.29746076464653015,2.750668525695801,3.6647570716657896,1145.8362582575166,0.6747596263885498,0.201529860496521,0.12369773536920547,0.08666989952325821,0.0016282550059258938,0.5510004758834839
0.018270304426550865,0.06630787998437881,0.11859655380249023,-0.275826096534729,2.6916544437408447,3.629270669644085,1103.5157022080164,0.6798839569091797,0.21038682758808136,0.10972628742456436,0.08937031775712967,0.0024969629012048244,0.5435947179794312
0.018197383731603622,0.058303430676460266,0.11047840118408203,-0.29197344183921814,2.698164224624634,3.2039457722705507,1050.9746805874186,0.6973021030426025,0.19853194057941437,0.104161836206913,0.08678416162729263,0.0015340911922976375,0.5616269111633301
0.01808374561369419,0.05938855558633804,0.10251760482788086,-0.28620216250419617,2.738125801086426,3.2840848821762387,1039.018639548563,0.7073031663894653,0.18907351791858673,0.10362116247415543,0.08761993795633316,0.0023930722381919622,0.5743510127067566
0.018349412828683853,0.05947883427143097,0.11172294616699219,-0.3030800521373749,2.806675434112549,3.241457087673783,1104.0257347283825,0.6901470422744751,0.19355149567127228,0.11626467853784561,0.08734456449747086,0.001757885911501944,0.5635912418365479
0.01824139431118965,0.061059728264808655,0.1133584976196289,-0.3084636628627777,2.852386474609375,3.3473169440784485,1100.3455629265059,0.69090336561203,0.19354850053787231,0.11552264541387558,0.08486147224903107,0.0023640741128474474,0.56452476978302
0.01790560968220234,0.06106773763895035,0.11091947555541992,-0.25283488631248474,2.7097649574279785,3.410536626197062,1044.5155055737416,0.702160120010376,0.19652481377124786,0.10129482299089432,0.0896792933344841,0.0022928761318325996,0.5776113271713257
0.01787828840315342,0.053544361144304276,0.10659456253051758,-0.22810766100883484,2.628079891204834,2.9949377666301125,1120.6500623131324,0.7022501230239868,0.16894054412841797,0.12868747115135193,0.08645181357860565,0.0024399859830737114,0.5686722993850708
0.017999248579144478,0.053422678261995316,0.10659456253051758,-0.26050975918769836,2.595811367034912,2.9680504730029402,1089.6296631877933,0.7152208685874939,0.16169270873069763,0.12303784489631653,0.08740430325269699,0.001040101982653141,0.5864277482032776
0.014317370019853115,0.06092441827058792,0.10692358016967773,-0.1112697422504425,2.776045799255371,4.255279997782559,1269.2802672181779,0.5740358233451843,0.3354071080684662,0.09047584235668182,0.14035266637802124,0.002678881399333477,0.3345058560371399
0.014378171414136887,0.06099894642829895,0.108642578125,-0.1458434909582138,2.96978497505188,4.242468994637328,1320.3974464671655,0.5652894377708435,0.3364175260066986,0.09828158468008041,0.1337091028690338,0.0028929435648024082,0.32485342025756836
0.01447386760264635,0.047699861228466034,0.09395599365234375,-0.09532814472913742,2.9493319988250732,3.295585018094899,1297.774168581282,0.5657380819320679,0.3475533425807953,0.08658180385828018,0.13134083151817322,0.0027757403440773487,0.33317264914512634
0.01439373567700386,0.05724151432514191,0.1072239875793457,-0.09659293293952942,2.9699604511260986,3.976835173694132,1274.6071090626156,0.57697993516922,0.3348507583141327,0.08816888928413391,0.13754932582378387,0.0033254961017519236,0.3458428382873535
0.014814880676567554,0.06493205577135086,0.12223958969116211,-0.12661367654800415,2.95984148979187,4.382894279376134,1346.4487582078034,0.5442286729812622,0.37076160311698914,0.0850072056055069,0.12842969596385956,0.0026446483097970486,0.32393574714660645
0.015106966719031334,0.06490560621023178,0.10922908782958984,-0.10714704543352127,2.8056633472442627,4.29640227671708,1409.1134916103463,0.5164151787757874,0.3935783803462982,0.08991815149784088,0.12248517572879791,0.0029274604748934507,0.3036002218723297
0.014894843101501465,0.045392949134111404,0.0868082046508789,-0.14029063284397125,2.7395520210266113,3.047561415835796,1333.9042013925007,0.5474820733070374,0.3690416216850281,0.08346517384052277,0.12911809980869293,0.0021782421972602606,0.3254392147064209
0.014651942998170853,0.06982889771461487,0.11098623275756836,-0.2506227195262909,3.0169575214385986,4.765845575468486,1240.8832282086164,0.5772980451583862,0.3490138351917267,0.07364528626203537,0.1383460909128189,0.004109757021069527,0.33215370774269104
0.014339357614517212,0.06987078487873077,0.11098623275756836,-0.18692703545093536,3.043644905090332,4.8726579496923,1269.6001662714555,0.564185380935669,0.35260578989982605,0.08289116621017456,0.13438671827316284,0.003422314068302512,0.32480698823928833
0.014530887827277184,0.04645535349845886,0.0881338119506836,-0.0965353399515152,2.7577028274536133,3.1970072336568798,1313.9236590872706,0.5447077751159668,0.3816237151622772,0.07360027730464935,0.13080528378486633,0.0028114300221204758,0.30508580803871155
0.014674737118184566,0.04877903684973717,0.09042501449584961,-0.0952313095331192,2.75221586227417,3.3240143556621122,1287.3039694383829,0.5599700808525085,0.369017094373703,0.07094349712133408,0.13277755677700043,0.0036649766843765974,0.32246696949005127
0.014324169605970383,0.048794422298669815,0.09403705596923828,-0.1250966191291809,2.9101433753967285,3.406439859168215,1285.2708109140258,0.5718848705291748,0.3469718396663666,0.08113709092140198,0.13293343782424927,0.0047253635711967945,0.3368672728538513
0.014120412059128284,0.048831816762685776,0.09401798248291016,-0.1961795538663864,2.933849811553955,3.4582430423947654,1291.659087597883,0.5666723251342773,0.3560963571071625,0.07720992714166641,0.13728342950344086,0.0026384463999420404,0.3339497148990631
0.014095265418291092,0.048807449638843536,0.08705615997314453,-0.15783147513866425,2.724733352661133,3.4626839713173885,1219.6974799920856,0.5970486998558044,0.3254237174987793,0.07752745598554611,0.1415570080280304,0.0028427201323211193,0.3419716954231262
0.014037108980119228,0.04389194771647453,0.08661031723022461,-0.09731047600507736,2.659107208251953,3.126850961655416,1192.2825339177125,0.6093807220458984,0.3076786398887634,0.08279845118522644,0.14214958250522614,0.002000317443162203,0.3596183657646179
0.014096546918153763,0.04367123544216156,0.08636713027954102,-0.10018132627010345,2.730131149291992,3.0980094410797174,1212.9093088755453,0.5959261059761047,0.32634374499320984,0.07772650569677353,0.1399846374988556,0.00298875430598855,0.3524039685726166
0.014344626106321812,0.0540538989007473,0.10294914245605469,-0.0915708988904953,2.8771109580993652,3.768233378572133,1249.776204575086,0.5880263447761536,0.3246701955795288,0.08729790896177292,0.1352003961801529,0.00321959238499403,0.3400826156139374
0.014041750691831112,0.054019853472709656,0.10294914245605469,-0.0836423709988594,2.7952449321746826,3.847088205339595,1233.4474962879253,0.6023998260498047,0.2985054850578308,0.0990244448184967,0.14394447207450867,0.0034382904414087534,0.3397345542907715
0.01395732443779707,0.048427484929561615,0.08756875991821289,-0.10819599777460098,2.709477186203003,3.4696825413721917,1245.7977116011195,0.5958340167999268,0.2949941158294678,0.10905693471431732,0.14351463317871094,0.003482728498056531,0.34825941920280457
0.014344991184771061,0.05752258375287056,0.09872913360595703,-0.12117757648229599,2.9269144535064697,4.009942077198889,1258.5205606350899,0.5777562260627747,0.3181755244731903,0.1040661484003067,0.13498622179031372,0.002411062363535166,0.34028342366218567
0.014390528202056885,0.05744054540991783,0.10514974594116211,-0.11250346153974533,2.966926336288452,3.9915522626692823,1224.4560801316745,0.5905596017837524,0.3069186508655548,0.10248372703790665,0.13929614424705505,0.0034657625947147608,0.3394627273082733
0.014309165067970753,0.05298097804188728,0.10054349899291992,-0.13389475643634796,2.967604398727417,3.7025904576903566,1241.434686181167,0.585931122303009,0.31437379121780396,0.09969509392976761,0.13873931765556335,0.0028287824243307114,0.34279537200927734
0.014200463891029358,0.0529697984457016,0.0968170166015625,-0.13732747733592987,2.841590642929077,3.7301456380895592,1230.891809404708,0.5851768255233765,0.33282551169395447,0.0818997249007225,0.13892674446105957,0.003955138381570578,0.3461219072341919
0.013978447765111923,0.04463563486933708,0.0869607925415039,-0.13846248388290405,2.661993980407715,3.1931753522410156,1198.8256967685475,0.6073943972587585,0.30703726410865784,0.08554401993751526,0.14249776303768158,0.004125397652387619,0.3700811266899109
0.014292404055595398,0.04576510563492775,0.08799552917480469,-0.1746158003807068,2.792816638946533,3.202057922075671,1235.807720308792,0.5966122150421143,0.3159422278404236,0.08742499351501465,0.13932712376117706,0.004100612364709377,0.34589359164237976
0.014233960770070553,0.04585425183176994,0.08799552917480469,-0.1483568549156189,2.8615915775299072,3.2214681893015498,1239.8430779874457,0.5910475254058838,0.322806715965271,0.08613809943199158,0.13656309247016907,0.0035240454599261284,0.34382423758506775
0.014023922383785248,0.04181713983416557,0.0821375846862793,-0.1020883321762085,2.736776113510132,2.9818433592825344,1209.304459804453,0.6038720607757568,0.3066173195838928,0.08943407237529755,0.1393694430589676,0.003845327766612172,0.3452455699443817
0.014184784144163132,0.046405382454395294,0.0889730453491211,-0.0967194139957428,2.719545364379883,3.271490209473442,1192.5736909547402,0.6036447286605835,0.31128957867622375,0.08492323756217957,0.14098729193210602,0.0032216664403676987,0.3566964268684387
0.014313873834908009,0.047175969928503036,0.09052515029907227,-0.06760615855455399,2.8007009029388428,3.2958212758698946,1258.0285960279036,0.5808866024017334,0.3214690089225769,0.09764351695775986,0.13364137709140778,0.0036427639424800873,0.3579148054122925
0.014803113415837288,0.05541961267590523,0.10556936264038086,0.046088866889476776,2.966792106628418,3.7437808598338584,1386.7820133522089,0.5345320105552673,0.3664492666721344,0.09895982593297958,0.1248820349574089,0.0025247433222830296,0.31737738847732544
0.014851151034235954,0.05559196695685387,0.10556936264038086,0.00672968290746212,2.9928786754608154,3.7432766541095663,1346.1106137509341,0.5435958504676819,0.3742642104625702,0.08201411366462708,0.12863320112228394,0.003114783437922597,0.3059864640235901
0.01437342632561922,0.04643423110246658,0.0911259651184082,-0.11609718203544617,2.826890707015991,3.2305610400264526,1265.6968565786094,0.5856998562812805,0.32803499698638916,0.08621492981910706,0.1359710842370987,0.0027299087960273027,0.3441315293312073
0.014206185936927795,0.0489773154258728,0.09725093841552734,-0.12243726849555969,2.841789960861206,3.4476048419944125,1256.1741193297,0.5988346338272095,0.3030453324317932,0.09795723110437393,0.13682307302951813,0.0024725787807255983,0.346563458442688
0.014697520062327385,0.04908138886094093,0.09789228439331055,-0.15380625426769257,2.807950258255005,3.3394333635513576,1310.6743609247244,0.5711425542831421,0.3276577293872833,0.10119637101888657,0.13007690012454987,0.0027350042946636677,0.33243465423583984
0.015071188099682331,0.04911230504512787,0.09415864944458008,-0.12226090580224991,2.730510711669922,3.2586883473974,1357.7419992508324,0.5397322177886963,0.3632778525352478,0.09691502898931503,0.12437429279088974,0.0028537199832499027,0.314527302980423
0.01498726848512888,0.05313369259238243,0.10167360305786133,-0.11574122309684753,2.8081676959991455,3.545255270602451,1329.4439555267218,0.5262835621833801,0.3880094885826111,0.08542833477258682,0.12566910684108734,0.0037160576321184635,0.3066554665565491
0.015044529922306538,0.05301115661859512,0.10378599166870117,-0.1409888118505478,2.960240364074707,3.523616682530693,1350.420152777293,0.5205782651901245,0.39673858880996704,0.08264335244894028,0.12592028081417084,0.002297184197232127,0.310477077960968
0.014959348365664482,0.05066556856036186,0.09943962097167969,-0.12303666770458221,3.0342140197753906,3.3868833934815887,1339.4360835313573,0.5336077213287354,0.3815690875053406,0.08475979417562485,0.13056477904319763,0.003053448861464858,0.3125948905944824
0.014300149865448475,0.0466577410697937,0.0897669792175293,-0.10442853718996048,2.9447362422943115,3.262744901664546,1249.8259429259647,0.5764447450637817,0.33823439478874207,0.0852336585521698,0.13635168969631195,0.0032035200856626034,0.33880406618118286
0.014498956501483917,0.05230821296572685,0.0984048843383789,-0.09563873708248138,2.969609260559082,3.6077225941581084,1210.736693897412,0.590177059173584,0.3243718445301056,0.08543279021978378,0.1343914270401001,0.004299013409763575,0.3335828185081482
0.015293099917471409,0.052175071090459824,0.09992122650146484,-0.11208967864513397,2.945575475692749,3.4116739816393533,1255.971207190992,0.5514025688171387,0.36351916193962097,0.08506608009338379,0.12447130680084229,0.003328094258904457,0.31381088495254517
0.015200764872133732,0.04801462963223457,0.09562253952026367,-0.13626836240291595,2.9123642444610596,3.1586982650522413,1290.8068031523333,0.5281326174736023,0.39203691482543945,0.07982758432626724,0.12076488882303238,0.003408906515687704,0.3056187033653259
0.014858337119221687,0.05522456765174866,0.10337114334106445,-0.11138376593589783,2.903409004211426,3.716739444321122,1324.9802428276332,0.5159645080566406,0.3992255628108978,0.0845295786857605,0.12335392832756042,0.0037253338377922773,0.30594906210899353
0.014411285519599915,0.057164136320352554,0.1123356819152832,-0.08239992707967758,2.9342844486236572,3.966622980208147,1273.2863191787624,0.5476096272468567,0.3617349863052368,0.09062021225690842,0.13220062851905823,0.0039214687421917915,0.3168475925922394
0.014406156726181507,0.05713997781276703,0.10226726531982422,-0.04979383200407028,2.846442699432373,3.9663581963505528,1212.7629976681721,0.5796787142753601,0.34523627161979675,0.07500926405191422,0.13582421839237213,0.002783167641609907,0.3367825746536255
0.014802958816289902,0.04980287700891495,0.09494781494140625,-0.028180265799164772,2.7278494834899902,3.3643866488870477,1256.8817182233306,0.5635792016983032,0.36049357056617737,0.07549229264259338,0.1261700838804245,0.003078561509028077,0.3242420554161072
0.014743566513061523,0.05803611874580383,0.10623931884765625,-0.12793922424316406,2.9640958309173584,3.93636903868901,1286.4743843241174,0.5465083718299866,0.3687034249305725,0.08463366329669952,0.12472574412822723,0.0027380806859582663,0.32191377878189087
0.014720393344759941,0.058001283556222916,0.10623931884765625,-0.11450444906949997,2.892353057861328,3.940199299968407,1305.905520480619,0.5458375215530396,0.36668312549591064,0.08715856820344925,0.13076108694076538,0.003072071587666869,0.3149896562099457
0.014623922295868397,0.048484668135643005,0.09142398834228516,-0.13490240275859833,2.7793896198272705,3.315435295086711,1291.8027437632934,0.5583987236022949,0.353298544883728,0.08813324570655823,0.130894735455513,0.002874345751479268,0.3375757932662964
0.014298097230494022,0.05210783705115318,0.09506702423095703,-0.20502915978431702,2.953963279724121,3.6443896140513505,1240.3154110798237,0.5804365277290344,0.33267736434936523,0.08681520819664001,0.13502280414104462,0.0029367641545832157,0.3413615822792053
0.014064530842006207,0.052077483385801315,0.10113000869750977,-0.13505412638187408,2.880980968475342,3.702752972502997,1198.8844438806213,0.607021152973175,0.30191415548324585,0.09106287360191345,0.14417089521884918,0.003849938279017806,0.3343236446380615
0.014318248257040977,0.04904927685856819,0.08961915969848633,-0.023798108100891113,2.6818008422851562,3.4256478847559184,1280.842006946659,0.582660973072052,0.31629595160484314,0.10099233686923981,0.1394389420747757,0.003402192145586014,0.3359524607658386
0.014229655265808105,0.05362066626548767,0.09724140167236328,-0.053194936364889145,2.703777313232422,3.7682336824113007,1261.2849476185208,0.5831871032714844,0.3247593343257904,0.09199224412441254,0.1405814290046692,0.005298905074596405,0.34263837337493896
0.013787556439638138,0.05364835634827614,0.09724140167236328,-0.1299196183681488,2.7872331142425537,3.891070660653854,1165.2711388986984,0.6120569109916687,0.30609238147735596,0.08178694546222687,0.14819151163101196,0.0037332680076360703,0.3595908284187317
0.014351013116538525,0.04707947000861168,0.091552734375,-0.0932353138923645,2.772571563720703,3.280567693933424,1258.8774334261304,0.5809149742126465,0.3314536213874817,0.08754226565361023,0.1407785415649414,0.0034866526257246733,0.3392624855041504
0.014547222293913364,0.05540856719017029,0.09985685348510742,-0.130477637052536,2.8512117862701416,3.8088760910421127,1296.2056980493667,0.5661575794219971,0.354219526052475,0.07946783304214478,0.1297341138124466,0.0034000284504145384,0.3243463635444641
0.01431257277727127,0.05542568117380142,0.10136842727661133,-0.18961277604103088,2.964179754257202,3.872516984364006,1224.2191716328869,0.5864177346229553,0.3390825390815735,0.07435019314289093,0.13183921575546265,0.003023790195584297,0.33678850531578064
0.01445284578949213,0.05535097047686577,0.10136842727661133,-0.15881049633026123,2.940246820449829,3.8297627525562232,1255.287648446024,0.5733236074447632,0.33299049735069275,0.09368573129177094,0.13776767253875732,0.002363246399909258,0.3443942368030548
0.014285054057836533,0.05161381885409355,0.09580135345458984,-0.12533141672611237,2.873575448989868,3.6131343039731774,1302.4922434854736,0.5649206042289734,0.33513757586479187,0.09987788647413254,0.13702192902565002,0.0035944003611803055,0.3268835246562958
0.014064143411815166,0.051538754254579544,0.09580135345458984,-0.16380107402801514,2.8634753227233887,3.6645498230356304,1259.5707029417033,0.5907614231109619,0.31190159916877747,0.09726449847221375,0.14000391960144043,0.0040692551992833614,0.3422323763370514
0.014700453728437424,0.06092292070388794,0.10726213455200195,-0.07470832020044327,3.0632612705230713,4.14428845702162,1329.4604769644066,0.565985918045044,0.3369690477848053,0.09701637178659439,0.12843669950962067,0.003661444876343012,0.3223668038845062
0.0149253960698843,0.060987457633018494,0.10726213455200195,-0.034120090305805206,3.092479944229126,4.086153382019101,1360.8762838608382,0.5370256900787354,0.373141348361969,0.08980870991945267,0.12502562999725342,0.002411552472040057,0.3142172396183014
0.014360696077346802,0.048812735825777054,0.09368658065795898,-0.1153872013092041,2.937237024307251,3.3990508231266987,1284.2101085481727,0.5567894577980042,0.35371464490890503,0.08940968662500381,0.13500212132930756,0.003428202588111162,0.3241097033023834
0.014314966276288033,0.04881666600704193,0.09092330932617188,-0.09798184782266617,2.8320860862731934,3.4101837937609334,1269.3344629842832,0.5614760518074036,0.3580726087093353,0.0800897553563118,0.13412511348724365,0.0038948962464928627,0.3281708061695099
0.01496279425919056,0.05107548460364342,0.09505033493041992,-0.11538027971982956,2.88236927986145,3.4134990908438074,1350.7409689709384,0.5387877225875854,0.37152957916259766,0.08958831429481506,0.12665390968322754,0.002962106140330434,0.3153943121433258
0.01498064212501049,0.05106276273727417,0.09872913360595703,-0.08508255332708359,2.902423620223999,3.4085830438880356,1379.5091352331756,0.5362941026687622,0.3619738817214966,0.10168801248073578,0.12326743453741074,0.0027013954240828753,0.31307414174079895
0.014410915784537792,0.047725021839141846,0.09392976760864258,-0.009065135382115841,2.7983224391937256,3.311727203835077,1279.516123716233,0.5711956024169922,0.3402957320213318,0.08831191807985306,0.13532987236976624,0.0027839085087180138,0.3323465585708618
0.01437989342957735,0.049284376204013824,0.09209156036376953,-0.07184921205043793,2.841153621673584,3.427311644689641,1288.375745591338,0.5706626772880554,0.3332619369029999,0.09597496688365936,0.14153601229190826,0.004177219700068235,0.3255867660045624
0.014369558542966843,0.0492597259581089,0.09688854217529297,-0.021787138655781746,2.978301763534546,3.42806118972882,1299.477826306117,0.5584994554519653,0.3543145954608917,0.08718349039554596,0.1362699419260025,0.0023541487753391266,0.31821975111961365
0.014145064167678356,0.04763517528772354,0.09398937225341797,-0.10474230349063873,2.9472827911376953,3.3676181825461686,1221.75634314752,0.5915147066116333,0.3245078921318054,0.0838405042886734,0.14266380667686462,0.003210268449038267,0.34146711230278015
0.013904222287237644,0.04897143691778183,0.0939178466796875,-0.11271894723176956,2.7929954528808594,3.522055092517436,1211.934575712338,0.6060882806777954,0.2975218892097473,0.09562548995018005,0.14488154649734497,0.0029102913103997707,0.3512851893901825
0.014198648743331432,0.048976484686136246,0.0939178466796875,-0.014188986271619797,2.6751821041107178,3.449376456029963,1218.8949606400643,0.602900505065918,0.30507856607437134,0.0918833464384079,0.14143730700016022,0.002685967367142439,0.34980326890945435
0.014269385486841202,0.04559050500392914,0.08887767791748047,-0.09750769287347794,2.757293939590454,3.194987271370329,1251.0038985601939,0.5926553010940552,0.3126085102558136,0.09473615139722824,0.13752739131450653,0.002786127617582679,0.35066673159599304
0.014319741167128086,0.06322630494832993,0.1071023941040039,-0.18562820553779602,3.131042003631592,4.415324565296946,1254.1490484300166,0.5853322744369507,0.31882596015930176,0.09577135741710663,0.13073629140853882,0.0032343491911888123,0.33980265259742737
0.01429116353392601,0.06321670114994049,0.1071023941040039,-0.16674339771270752,3.074122905731201,4.4234817546833,1272.3300193418088,0.579639196395874,0.3116786777973175,0.10864853858947754,0.1398075968027115,0.0030376079957932234,0.3354872465133667
0.014074146747589111,0.043675124645233154,0.08399486541748047,-0.12580472230911255,2.74009370803833,3.103216516454999,1257.5038537162075,0.5902431011199951,0.2990001440048218,0.11071868240833282,0.14163294434547424,0.003128873882815242,0.33373329043388367
0.014301400631666183,0.049694422632455826,0.09919881820678711,-0.1305791437625885,2.8565335273742676,3.474794106456088,1253.4784469019953,0.5787243843078613,0.33576294779777527,0.08547966927289963,0.1340285688638687,0.00236688693985343,0.34815850853919983
0.014238419011235237,0.051363904029130936,0.10089635848999023,-0.1070261001586914,2.8544466495513916,3.6074162436850146,1265.3890966828706,0.5763963460922241,0.3374822437763214,0.08611910045146942,0.1393710970878601,0.0025624430272728205,0.33592936396598816
0.014138658531010151,0.051396433264017105,0.09864091873168945,-0.03423016145825386,2.8416409492492676,3.6351704192908225,1260.285178821318,0.5849185585975647,0.32309719920158386,0.09190298616886139,0.14028973877429962,0.0024968725629150867,0.33536022901535034
0.014079694636166096,0.04731983318924904,0.09447574615478516,0.005666772369295359,2.8153443336486816,3.3608564964426946,1280.1048068126856,0.5869464874267578,0.3123345375061035,0.10060390084981918,0.13940973579883575,0.002868085168302059,0.33190521597862244
0.014045911841094494,0.04592755436897278,0.09087324142456055,-0.09851507842540741,2.711498737335205,3.2698165049941084,1264.4548496315554,0.6016486287117004,0.294890820980072,0.10276603698730469,0.14132849872112274,0.0022460834588855505,0.3500712513923645
0.014258697628974915,0.04592655226588249,0.09087324142456055,-0.07523167133331299,2.7718069553375244,3.2209500094408896,1221.5756902930948,0.6017813682556152,0.3109475076198578,0.08709146827459335,0.14195416867733002,0.0026044512633234262,0.357292115688324
0.01439473032951355,0.04655793309211731,0.09122610092163086,-0.015073900111019611,2.8043127059936523,3.2343734146533536,1263.5567704528605,0.5824481248855591,0.32945385575294495,0.08797251433134079,0.13645631074905396,0.004781336523592472,0.3402915298938751
0.014258978888392448,0.046524640172719955,0.09122610092163086,-0.058220021426677704,2.836352825164795,3.262831127923936,1259.553521212819,0.5807770490646362,0.3366788327693939,0.08253325521945953,0.13655926287174225,0.003524558385834098,0.3422769606113434
0.014446527697145939,0.05700031667947769,0.09667158126831055,-0.16424071788787842,2.9160547256469727,3.9456067139782722,1275.1650844584526,0.5689941644668579,0.3517037034034729,0.07920840382575989,0.14117932319641113,0.0040296404622495174,0.3196045756340027
0.014359335415065289,0.057040371000766754,0.10254621505737305,-0.13900324702262878,2.876786470413208,3.97235452393916,1303.1108807740648,0.5590349435806274,0.3542255163192749,0.0867118388414383,0.13406527042388916,0.0029988589230924845,0.3156317174434662
0.014329137280583382,0.045560572296381,0.0904226303100586,-0.08747263252735138,2.858158826828003,3.179575392507267,1258.6674838215908,0.5633054375648499,0.35963645577430725,0.0770576074719429,0.13245826959609985,0.002919035032391548,0.32521146535873413
0.014493952505290508,0.0456925593316555,0.08729696273803711,-0.15806983411312103,2.912086009979248,3.1525258076997638,1284.8496662867622,0.5539867281913757,0.3684684932231903,0.07754330337047577,0.136520653963089,0.0029285720083862543,0.32469066977500916
0.014587007462978363,0.06175306439399719,0.10431528091430664,-0.24311429262161255,3.0243966579437256,4.2334292723502225,1309.8618093713824,0.5574872493743896,0.35280841588974,0.08969579637050629,0.1294875144958496,0.003079883987084031,0.32250458002090454
0.014539058320224285,0.06171576306223869,0.10733842849731445,-0.19770307838916779,2.9881083965301514,4.244825331785437,1267.677223586944,0.5751627087593079,0.3381127417087555,0.08659983426332474,0.1321249157190323,0.002746945945546031,0.3458749055862427
0.014538895338773727,0.04565659910440445,0.08902788162231445,-0.013795929960906506,2.792881488800049,3.1403072955276543,1243.959416933001,0.5867093801498413,0.32650846242904663,0.08655701577663422,0.13109281659126282,0.003649792168289423,0.3503856062889099
0.01445094496011734,0.04655041545629501,0.08937835693359375,-0.02600697986781597,2.901646852493286,3.2212713827051873,1281.5758463553718,0.5757325291633606,0.32714182138442993,0.09710504859685898,0.1341313272714615,0.0026849512942135334,0.34124237298965454
0.01409679464995861,0.04647288843989372,0.08822917938232422,-0.07870148122310638,2.883256435394287,3.296698972396074,1318.6024304614102,0.5686904788017273,0.3238753080368042,0.10743408650159836,0.1411236971616745,0.0022706277668476105,0.3263551890850067
0.01428490411490202,0.04904540255665779,0.09174823760986328,-0.1253310739994049,2.811830759048462,3.433372892021041,1334.3792602830817,0.5577715635299683,0.340932697057724,0.10129454731941223,0.13348600268363953,0.003289505373686552,0.3285742998123169
0.014518257230520248,0.048980627208948135,0.0923776626586914,-0.15505950152873993,2.851973295211792,3.373726365903439,1326.6432176893352,0.5502858757972717,0.3571816682815552,0.09242907911539078,0.13421864807605743,0.0033589040394872427,0.3129698634147644
0.014408507384359837,0.05128610134124756,0.0947427749633789,-0.1676933318376541,2.974789619445801,3.559431936257202,1329.96647257176,0.5546953678131104,0.3479420840740204,0.09721747040748596,0.13542219996452332,0.0026304658968001604,0.3134709596633911
0.014038712717592716,0.057157695293426514,0.10064125061035156,-0.23351511359214783,3.059633255004883,4.07143421474303,1244.5663739309002,0.5861732363700867,0.3267492651939392,0.08707170188426971,0.13997234404087067,0.00265967333689332,0.33724671602249146
0.014389426447451115,0.05719161033630371,0.10168075561523438,-0.20415958762168884,2.947946071624756,3.974558022947457,1264.5891805909062,0.5830370783805847,0.31973373889923096,0.09700452536344528,0.14006298780441284,0.0034920319449156523,0.33806976675987244
0.014370926655828953,0.048168715089559555,0.0923466682434082,-0.1658126413822174,2.819383144378662,3.3518169175729633,1265.6233554656933,0.5959751605987549,0.30085042119026184,0.10315557569265366,0.1381116658449173,0.0031061035115271807,0.3515556752681732
0.014019723050296307,0.04812025651335716,0.09148120880126953,-0.0739365667104721,2.8046817779541016,3.43232575545833,1189.2061090379345,0.6187571287155151,0.29288172721862793,0.08826740086078644,0.14308404922485352,0.0036916290409862995,0.34924444556236267
0.014079732820391655,0.04635680466890335,0.08971452713012695,-0.14936594665050507,2.9597067832946777,3.2924491719382925,1274.154550166826,0.5921177268028259,0.30475085973739624,0.103116475045681,0.14113442599773407,0.0030693081207573414,0.33783626556396484
0.01406633947044611,0.045311614871025085,0.08535623550415039,-0.22378894686698914,2.888713836669922,3.2212797766615227,1283.0726793793408,0.5854663848876953,0.3102773129940033,0.10423874855041504,0.14276273548603058,0.003531303722411394,0.3375382423400879
0.014002323150634766,0.05198793485760689,0.09193897247314453,-0.14286410808563232,2.768195152282715,3.7128078172897556,1240.6720448314384,0.6037609577178955,0.30140650272369385,0.09483255445957184,0.14495466649532318,0.0028925116639584303,0.35412922501564026
0.014214610680937767,0.05345778167247772,0.09913206100463867,-0.0854792594909668,3.019090414047241,3.7607629831470164,1326.6047050327677,0.5765603184700012,0.3286972641944885,0.09462269395589828,0.13349582254886627,0.0029835058376193047,0.33186841011047363
0.014549373649060726,0.05353258177638054,0.09913206100463867,-0.09192533791065216,3.030156135559082,3.679373632428301,1316.4070977500155,0.5646733641624451,0.35732096433639526,0.07798592746257782,0.13425348699092865,0.0030129479710012674,0.3164549469947815
0.014713020995259285,0.05283716693520546,0.09486198425292969,-0.08195723593235016,2.827040195465088,3.5911840911964346,1252.3729634950103,0.586729884147644,0.33588510751724243,0.07728562504053116,0.13073943555355072,0.00347127509303391,0.3331911861896515
0.014537968672811985,0.04777751490473747,0.08967876434326172,-0.10815416276454926,2.882312059402466,3.2863955052263694,1263.2323598518128,0.5804071426391602,0.33592748641967773,0.08366530388593674,0.12744750082492828,0.002250825986266136,0.3494504690170288
0.0144016332924366,0.047802407294511795,0.08739233016967773,-0.1701982021331787,2.831836700439453,3.319235139551655,1262.0609225515745,0.5728501081466675,0.34812965989112854,0.07899566739797592,0.13745680451393127,0.002782039809972048,0.34205362200737
0.014603246934711933,0.05051837116479874,0.099639892578125,-0.1469297856092453,2.8686323165893555,3.4593930642408792,1348.6054318518673,0.542267382144928,0.3749295175075531,0.08278357982635498,0.1316443830728531,0.0026256474666297436,0.32520928978919983
0.014498451724648476,0.05059131979942322,0.099639892578125,-0.059616174548864365,2.8733890056610107,3.489429130555001,1330.0179625869293,0.5586053729057312,0.3561796247959137,0.08521419018507004,0.13111241161823273,0.0027639358304440975,0.32569095492362976
0.01451883465051651,0.046097904443740845,0.08733987808227539,-0.024692077189683914,2.6720516681671143,3.1750416304194125,1302.5860991960596,0.5710420608520508,0.33941763639450073,0.08951883763074875,0.13290123641490936,0.0028444554191082716,0.33877840638160706
0.014700612984597683,0.052658647298812866,0.0987553596496582,-0.11714279651641846,2.72584867477417,3.582071533370955,1363.1982326844136,0.533793568611145,0.3738058805465698,0.09238490462303162,0.13212448358535767,0.0030435523949563503,0.31265076994895935
0.014545559883117676,0.05254955217242241,0.09478569030761719,-0.15515683591365814,2.934736728668213,3.612755548158814,1330.2000021438043,0.5472992658615112,0.36868637800216675,0.0839986577630043,0.1337066888809204,0.003570988541468978,0.3189290165901184
0.014511588029563427,0.04680805280804634,0.09246587753295898,-0.04677807539701462,2.9570116996765137,3.225563784574235,1335.384919268652,0.5631614923477173,0.3406573534011841,0.09603746235370636,0.12946054339408875,0.0026777731254696846,0.3307909369468689
0.014762867242097855,0.05328258499503136,0.0990915298461914,-0.04843980446457863,2.827413558959961,3.609230112120854,1317.5098279242204,0.562947154045105,0.33982542157173157,0.09717012941837311,0.1323539912700653,0.004131680820137262,0.3255731165409088
0.014496966265141964,0.05345528572797775,0.09311437606811523,-0.1292557418346405,2.814948797225952,3.687342906551693,1288.9747883760272,0.5630849003791809,0.34382927417755127,0.09299512207508087,0.1348498910665512,0.0034094981383532286,0.3270871639251709
0.014450004324316978,0.05341283231973648,0.0908803939819336,-0.18710629642009735,2.7729814052581787,3.6963886734729265,1282.9388318605302,0.5575665235519409,0.35271501541137695,0.08970243483781815,0.13283582031726837,0.003509670728817582,0.3162056803703308
0.01476064883172512,0.04895833134651184,0.09392261505126953,-0.24376912415027618,2.808706760406494,3.316814314962137,1290.6447005939378,0.5455940961837769,0.3666398525238037,0.08776219189167023,0.13203683495521545,0.0021992234978824854,0.32449883222579956
0.014915348961949348,0.05154210329055786,0.09663581848144531,-0.16109441220760345,2.8374245166778564,3.455641796822296,1299.815106319619,0.5393684506416321,0.3753061890602112,0.08525551855564117,0.12683403491973877,0.002708014566451311,0.31735220551490784
0.015094859525561333,0.05491257458925247,0.10687828063964844,-0.069999098777771,2.9279351234436035,3.637832766355115,1307.4485410416448,0.5361235737800598,0.38551998138427734,0.07835577428340912,0.12313663214445114,0.0024393487256020308,0.3039121925830841
0.014806361868977547,0.05497291684150696,0.10687828063964844,-0.07917144149541855,3.053532123565674,3.7127903075889312,1294.6390077857443,0.5582607388496399,0.3611624240875244,0.08056565374135971,0.12525637447834015,0.002802889794111252,0.31658267974853516
0.014151645824313164,0.054081231355667114,0.10262250900268555,-0.11112914979457855,2.9087674617767334,3.8215506537714203,1211.8740225049837,0.5977926254272461,0.3174414038658142,0.08476302772760391,0.13787738978862762,0.003504294902086258,0.34609970450401306
0.014210292138159275,0.05404697731137276,0.09781837463378906,-0.07082905620336533,2.7726619243621826,3.803368486875481,1196.8281944216665,0.5904715061187744,0.3291859030723572,0.0802820548415184,0.13948406279087067,0.002940248465165496,0.34883344173431396
0.014585849829018116,0.050861768424510956,0.09498357772827148,-0.00304080406203866,2.8149895668029785,3.4870623938439236,1243.5699411089015,0.5788769125938416,0.3398812711238861,0.08087534457445145,0.1291850358247757,0.002781315241008997,0.34248676896095276
0.014659290201961994,0.05160003900527954,0.09903192520141602,-0.08753884583711624,2.9090206623077393,3.5199548061920116,1289.0205957186952,0.561043918132782,0.35632121562957764,0.08259570598602295,0.13022515177726746,0.0030388880986720324,0.3116486668586731
0.014695432037115097,0.05159934237599373,0.09914636611938477,-0.1325758397579193,2.973344326019287,3.511250451307731,1338.595855616241,0.5421971082687378,0.36328697204589844,0.09449788928031921,0.12957951426506042,0.002573388861492276,0.3054018020629883
0.014608885161578655,0.05953386798501015,0.11120080947875977,-0.16462211310863495,3.122859001159668,4.075182145829234,1333.2691432896147,0.5547904372215271,0.3444178104400635,0.10078508406877518,0.12971000373363495,0.003458829363808036,0.31686702370643616
0.014691025018692017,0.05956779047846794,0.11120080947875977,-0.13251468539237976,2.939547538757324,4.054706216797166,1360.4506193643476,0.5444161295890808,0.36152929067611694,0.0940266102552414,0.1310812532901764,0.003011372173205018,0.3157258927822113
0.014679774641990662,0.05364600196480751,0.1016378402709961,-0.0898783951997757,2.7448718547821045,3.6544159068833215,1373.1918420342336,0.5387898683547974,0.3650684952735901,0.09569692611694336,0.13337959349155426,0.002325732260942459,0.3168967664241791
0.014520787633955479,0.05736120790243149,0.10228157043457031,-0.1715506762266159,2.941551685333252,3.9502821296241177,1327.4488422777729,0.5513145327568054,0.35637086629867554,0.09229783713817596,0.13402600586414337,0.0038334932178258896,0.32226282358169556
0.014133668504655361,0.057406388223171234,0.10161638259887695,-0.17743180692195892,2.9773128032684326,4.061676428890418,1284.3029841875446,0.5704848170280457,0.3408195376396179,0.08869443088769913,0.1382613182067871,0.0033296432811766863,0.3389192819595337
0.014156513847410679,0.05367790535092354,0.09512901306152344,-0.17305025458335876,2.8487653732299805,3.791746041837118,1203.047779535955,0.6029969453811646,0.3201068043708801,0.07687988877296448,0.14393934607505798,0.004097677767276764,0.35146763920783997
0.014739838428795338,0.049524158239364624,0.09238243103027344,-0.11269721388816833,2.7348809242248535,3.3598847419694726,1286.855777952417,0.5566318035125732,0.3686572015285492,0.07470225542783737,0.1305810511112213,0.002773992484435439,0.33223333954811096
0.014780283905565739,0.054125234484672546,0.10082483291625977,-0.07979113608598709,2.8506882190704346,3.6619888242220355,1375.2873009211255,0.5268776416778564,0.37715205550193787,0.09595329314470291,0.12548798322677612,0.0034562957007437944,0.3083069324493408
0.01465492695569992,0.054106589406728745,0.10583162307739258,-0.15751191973686218,3.072202205657959,3.6920408792615893,1365.5795136836289,0.5406685471534729,0.3635309636592865,0.09579947590827942,0.13093069195747375,0.0033371401950716972,0.315559059381485
0.014748931862413883,0.05328848958015442,0.09943485260009766,-0.1492004692554474,3.137122392654419,3.6130405966781596,1348.3184027707239,0.5503742694854736,0.358277291059494,0.09130816906690598,0.1296020746231079,0.0034893241245299578,0.3168002963066101
0.01479738112539053,0.05324704572558403,0.09943485260009766,-0.12630687654018402,2.9493775367736816,3.5984101018132244,1375.090665680481,0.5337020754814148,0.3743381202220917,0.09194397926330566,0.12439006567001343,0.0030542861204594374,0.31620389223098755
0.015378235839307308,0.06723155081272125,0.1170802116394043,-0.05184417590498924,2.841367244720459,4.371863685202642,1471.8615111364466,0.484171986579895,0.4361893832683563,0.07963573932647705,0.11607692390680313,0.002771408762782812,0.2850291132926941
0.01565111242234707,0.06718374043703079,0.12298107147216797,0.028090910986065865,2.925705671310425,4.292585639907072,1427.948344475603,0.500063955783844,0.41997843980789185,0.07994823902845383,0.1163090392947197,0.00227091321721673,0.28850501775741577
0.015344197861850262,0.05574772134423256,0.10671138763427734,-0.029008671641349792,3.076404094696045,3.633146668370525,1336.8737688772842,0.5200401544570923,0.39907464385032654,0.0808783546090126,0.11817317456007004,0.0025308087933808565,0.29953068494796753
0.01490625087171793,0.05230909213423729,0.10394573211669922,-0.12057407945394516,3.1083526611328125,3.5092051368849337,1308.0919055756183,0.5383865833282471,0.3676060736179352,0.09391792863607407,0.12326635420322418,0.0030212998390197754,0.30735787749290466
0.014253365807235241,0.051689885556697845,0.09879827499389648,-0.15274330973625183,2.887394905090332,3.6265038203701128,1250.5408100714187,0.5852822661399841,0.3060873746871948,0.10835087299346924,0.13928164541721344,0.003844956401735544,0.33899933099746704
0.014439666643738747,0.05444299802184105,0.10536909103393555,-0.18554185330867767,2.9991607666015625,3.770377762957427,1268.7092697203416,0.5554918646812439,0.3539312481880188,0.09057120233774185,0.13476845622062683,0.0032845765817910433,0.33097633719444275
0.01490255631506443,0.05932346731424332,0.11376142501831055,-0.16640548408031464,3.168426752090454,3.9807578012837106,1292.753846784443,0.5418623089790344,0.37599003314971924,0.08212590217590332,0.12596535682678223,0.003125445917248726,0.316435843706131
0.014716686680912971,0.05915004014968872,0.10959148406982422,-0.14209195971488953,3.082702159881592,4.019249809971494,1261.2507737547257,0.565460741519928,0.3510592579841614,0.08342667669057846,0.13339786231517792,0.003805312095209956,0.3273492753505707
0.014457170851528645,0.0502622164785862,0.0983881950378418,-0.19784386456012726,2.887206792831421,3.4766287948928154,1286.9483403331171,0.5572700500488281,0.3505706191062927,0.09213048964738846,0.13724705576896667,0.0036348800640553236,0.32237452268600464
0.01435097400099039,0.045884810388088226,0.08443355560302734,-0.16329316794872284,2.6747074127197266,3.1973307443609253,1287.4864853725828,0.5638604760169983,0.3433540165424347,0.09276332706212997,0.13665345311164856,0.005122997798025608,0.31993308663368225
0.014188860543072224,0.05224819853901863,0.1002645492553711,-0.1445644497871399,2.785384178161621,3.682339281348897,1254.4824686438315,0.5761057138442993,0.33846917748451233,0.08540172129869461,0.13531632721424103,0.003464232664555311,0.3463458716869354
0.014603544026613235,0.0522308349609375,0.10165691375732422,-0.13425491750240326,3.0187344551086426,3.5765862630452157,1287.936065155104,0.5643500685691833,0.34376031160354614,0.09185890853404999,0.13263098895549774,0.0036847859155386686,0.33753669261932373
0.014704305678606033,0.04950971156358719,0.09810447692871094,-0.12911632657051086,2.9564833641052246,3.367021377436006,1257.783247349977,0.5693516731262207,0.3381950259208679,0.09245327115058899,0.1323898732662201,0.0030729444697499275,0.3393496572971344
0.014297928661108017,0.05208631977438927,0.09550333023071289,-0.15743446350097656,2.9746432304382324,3.6429276579360073,1249.6474620567571,0.5685218572616577,0.3423047959804535,0.08895433694124222,0.13279500603675842,0.0029685802292078733,0.3258938789367676
0.01454868633300066,0.05206097289919853,0.09550333023071289,-0.12849441170692444,2.906033992767334,3.5783968190674837,1337.1352523371831,0.5580523014068604,0.3396993577480316,0.10198182612657547,0.13380785286426544,0.002886777278035879,0.3176659047603607
0.014711135998368263,0.0492120161652565,0.09317636489868164,-0.10502465069293976,2.8685200214385986,3.3452220255029794,1300.6127224839327,0.5628028512001038,0.34470680356025696,0.09243369847536087,0.1321144551038742,0.0032874508760869503,0.3267410695552826
0.014411325566470623,0.050886671990156174,0.09670495986938477,-0.12028821557760239,3.057279109954834,3.531019527101521,1270.5864402476177,0.5657572746276855,0.3497542440891266,0.08439436554908752,0.1310850828886032,0.002366617089137435,0.33527255058288574
0.014509323053061962,0.05087616294622421,0.09670495986938477,-0.08771572262048721,2.970627546310425,3.5064463556748198,1318.737518780599,0.5546074509620667,0.356976181268692,0.08832523226737976,0.13177505135536194,0.0032739697489887476,0.3189464211463928
0.014820065349340439,0.05627050623297691,0.10192155838012695,-0.1842537522315979,2.9443774223327637,3.7969135022528286,1280.8316136032008,0.5626196265220642,0.35724902153015137,0.0801238864660263,0.13087747991085052,0.0030715828761458397,0.33695492148399353
0.014485283754765987,0.05619411543011665,0.10128498077392578,-0.21613794565200806,3.0008153915405273,3.879393484973887,1242.9171378644671,0.5857019424438477,0.32269778847694397,0.09159784764051437,0.13272938132286072,0.0025858415756374598,0.34687092900276184
0.014564454555511475,0.04913580045104027,0.09752035140991211,-0.08537080138921738,2.9880011081695557,3.3736794097155283,1274.4122800363198,0.5647310614585876,0.35121476650238037,0.08404491096735,0.12902003526687622,0.0028907041996717453,0.32909002900123596
0.014995195902884007,0.049444764852523804,0.09871959686279297,-0.07033054530620575,2.9264562129974365,3.2973737168526607,1318.2738510923134,0.5497225522994995,0.3645341098308563,0.08570057153701782,0.1263505220413208,0.0033908092882484198,0.32441529631614685
0.014895981177687645,0.05405699834227562,0.10345935821533203,-0.1354733258485794,2.856584310531616,3.6289652688080336,1347.1482743073436,0.5446693301200867,0.3534844219684601,0.10179124027490616,0.12865270674228668,0.004586747847497463,0.3155551254749298
0.014765597879886627,0.05411442741751671,0.10355949401855469,-0.19743578135967255,2.8991098403930664,3.6648991699526974,1345.1984631483012,0.5247023701667786,0.3908478021621704,0.08436261862516403,0.12625724077224731,0.0031365149188786745,0.30964139103889465
0.01515710074454546,0.052569545805454254,0.10208606719970703,-0.06447824835777283,2.9030637741088867,3.4683114329040787,1367.533503885999,0.5119462013244629,0.40824079513549805,0.07980522513389587,0.12543748319149017,0.003198277670890093,0.3071853816509247
0.015039466321468353,0.05249879136681557,0.09852409362792969,0.0033624935895204544,2.936800241470337,3.4907349929288713,1375.5427312738575,0.5221238732337952,0.3811480700969696,0.09664516150951385,0.12553726136684418,0.002184609416872263,0.3107968270778656
0.014686296693980694,0.05567284673452377,0.1066136360168457,-0.08726344257593155,3.089844226837158,3.7908022621898256,1338.0017356144633,0.5465848445892334,0.3452073633670807,0.10809943825006485,0.12691468000411987,0.0031537669710814953,0.31689730286598206
0.015002470463514328,0.055710259824991226,0.10234832763671875,-0.14355811476707458,2.91343092918396,3.713405732526781,1338.8667185257464,0.5396138429641724,0.3595375716686249,0.10081301629543304,0.1252499669790268,0.0033049515914171934,0.31975671648979187
0.014973403885960579,0.052744828164577484,0.0997614860534668,-0.07143571227788925,2.8019604682922363,3.5225676514683295,1348.0026763114843,0.5401031374931335,0.3653559982776642,0.09452664107084274,0.12533554434776306,0.003677405184134841,0.3184259533882141
0.01460967119783163,0.052726950496435165,0.10340213775634766,-0.06942152976989746,3.0051636695861816,3.609044295305692,1349.4243314913697,0.5453696846961975,0.36369916796684265,0.09065164625644684,0.1302701234817505,0.0031202498357743025,0.3204016089439392
0.014594757929444313,0.050690244883298874,0.09844303131103516,-0.14971870183944702,2.9591338634490967,3.4731816125267994,1324.2228356731284,0.5436275601387024,0.36195144057273865,0.09437300264835358,0.1285344362258911,0.0031980681233108044,0.3161759078502655
0.014947440475225449,0.06024960055947304,0.11319637298583984,-0.09750573337078094,2.899993896484375,4.030763705351604,1312.7128570156447,0.5465161204338074,0.3641352951526642,0.08932474255561829,0.12459629029035568,0.0020565560553222895,0.3172983229160309
0.014902220107614994,0.06018589809536934,0.11319637298583984,-0.0702909380197525,2.8485348224639893,4.03872024817133,1334.138846437834,0.5429002642631531,0.37757715582847595,0.07944724708795547,0.12873637676239014,0.0027194686699658632,0.30782100558280945
0.014653285965323448,0.046807661652565,0.08983612060546875,-0.10257137566804886,2.713855504989624,3.194345743346547,1369.510764197725,0.5326889753341675,0.37275242805480957,0.09449279308319092,0.12975795567035675,0.003879286115989089,0.3067629635334015
0.014500322751700878,0.04582672566175461,0.08888721466064453,-0.07510924339294434,2.5920565128326416,3.1603934921530468,1338.7618004337987,0.5405519008636475,0.3584898114204407,0.10084998607635498,0.13379435241222382,0.002858599415048957,0.31598347425460815
0.014513463713228703,0.04468205198645592,0.08764505386352539,-0.10359583050012589,2.687103748321533,3.0786621902427433,1260.1288597870825,0.5679541826248169,0.3360486626625061,0.09589890390634537,0.13432738184928894,0.001935423701070249,0.34391725063323975
0.014581259340047836,0.05995631590485573,0.10239601135253906,-0.1891951709985733,2.912475824356079,4.111875010416429,1231.6323660495104,0.5850003957748413,0.3256029784679413,0.08932670205831528,0.1301881968975067,0.003244119929149747,0.34627434611320496
0.01449302677065134,0.05983901768922806,0.0998234748840332,-0.17902407050132751,2.8888745307922363,4.1288144037844745,1217.2609745692469,0.5847529172897339,0.3332028090953827,0.08200684934854507,0.13758166134357452,0.004141504410654306,0.3332284688949585
0.014164301566779613,0.04542507603764534,0.0852513313293457,-0.18839047849178314,2.782824754714966,3.207011360233708,1199.9608081158372,0.5958036780357361,0.31584489345550537,0.08834843337535858,0.14337578415870667,0.0031002142932265997,0.3503546416759491
0.013981813564896584,0.047815583646297455,0.0891733169555664,-0.1770162731409073,2.8935794830322266,3.4198413117827378,1236.8159762237779,0.5991716980934143,0.3021835386753082,0.09863017499446869,0.1456294059753418,0.005047164391726255,0.3461165428161621
0.014560080133378506,0.058024439960718155,0.10589838027954102,-0.06438285857439041,3.0484089851379395,3.9851731189111974,1340.0610525585219,0.5460166931152344,0.36326783895492554,0.09066537767648697,0.12950314581394196,0.0036127332132309675,0.31363946199417114
0.015010759234428406,0.05800879746675491,0.10216951370239258,-0.01257305033504963,2.99993634223938,3.8644812402188493,1344.7766031204096,0.5248627662658691,0.396713525056839,0.07840936630964279,0.1281651109457016,0.0030721211805939674,0.3035591244697571
0.014680634252727032,0.05006507411599159,0.09357213973999023,-0.019981039687991142,2.8489179611206055,3.4102800499427586,1314.9191637623117,0.5361089706420898,0.38292238116264343,0.08091800659894943,0.13420327007770538,0.00270010344684124,0.31063544750213623
0.014467746950685978,0.04709906131029129,0.08799552917480469,-0.1181856244802475,2.818434953689575,3.2554523843674685,1259.7545278554499,0.5586840510368347,0.35933583974838257,0.08192175626754761,0.12881827354431152,0.003912952728569508,0.3261244595050812
0.014643499627709389,0.04714576154947281,0.09154796600341797,-0.1497218757867813,2.9187583923339844,3.219569279534855,1250.9148065477714,0.5654743909835815,0.34829461574554443,0.0862145870923996,0.13418711721897125,0.0034052105620503426,0.3372214436531067
0.014589098282158375,0.04697191342711449,0.09139776229858398,-0.12052231281995773,2.909865617752075,3.2196584405315005,1255.3217306122056,0.5659152865409851,0.3499404191970825,0.08411458134651184,0.1332320123910904,0.004180047195404768,0.32726219296455383
0.01444037165492773,0.048214152455329895,0.09512186050415039,-0.0662342831492424,2.8099210262298584,3.338844290447201,1260.463940016917,0.5663520693778992,0.3535940945148468,0.0799797922372818,0.13172191381454468,0.002962921280413866,0.3224203288555145
0.014642789028584957,0.049358539283275604,0.09456157684326172,-0.0035608094185590744,2.670738697052002,3.370842752944768,1298.610776373797,0.5511671900749207,0.3616327941417694,0.08719839155673981,0.1298554390668869,0.0029816427268087864,0.3134273588657379
0.014936871826648712,0.056679051369428635,0.10198116302490234,-0.025993403047323227,2.7538962364196777,3.794573055418041,1305.2876600933728,0.5481709241867065,0.36948394775390625,0.08233936876058578,0.12370132654905319,0.003056351561099291,0.3250249922275543
0.01488626841455698,0.056769292801618576,0.10130643844604492,-0.06560097634792328,2.8359241485595703,3.813534138769895,1357.7740545757956,0.5278635025024414,0.3847263753414154,0.08714795857667923,0.12775319814682007,0.0020034045446664095,0.2988169491291046
0.014799196273088455,0.05473731458187103,0.10281562805175781,-0.10600999742746353,2.8925983905792236,3.6986680606236186,1403.5071825203302,0.5095972418785095,0.3959401845932007,0.09446246176958084,0.1261182427406311,0.0022941811475902796,0.28079935908317566
0.01471049152314663,0.05468572676181793,0.10281562805175781,-0.08463237434625626,2.8653345108032227,3.717464278610521,1294.9774612177005,0.554803192615509,0.36637037992477417,0.07881050556898117,0.13185259699821472,0.003104275558143854,0.30466872453689575
0.014816204085946083,0.04455789178609848,0.08714914321899414,-0.05906831845641136,2.6591110229492188,3.0073756762946124,1270.9236249061994,0.5658580660820007,0.35007375478744507,0.08403956890106201,0.1330650895833969,0.003611610736697912,0.3215017020702362
0.015042680315673351,0.04748259857296944,0.09202003479003906,-0.11558189243078232,2.7132928371429443,3.1565251386974955,1347.5091731967036,0.5352512001991272,0.3729231357574463,0.09182398021221161,0.12254972010850906,0.002677633659914136,0.3153448700904846
0.014816856943070889,0.047945838421583176,0.09538650512695312,-0.0959678590297699,2.788026809692383,3.235898045217287,1320.3851178278453,0.5441986918449402,0.3662395477294922,0.08953745663166046,0.13158534467220306,0.0035580408293753862,0.30678337812423706
0.014596004039049149,0.04783959686756134,0.09063243865966797,-0.023924672976136208,2.7696430683135986,3.2775817776082397,1320.8458731110632,0.5527801513671875,0.3578853905200958,0.08932958543300629,0.13307993113994598,0.003222001949325204,0.31567633152008057
0.014718599617481232,0.047816209495067596,0.09468555450439453,-0.14653180539608002,2.8802764415740967,3.248692860360693,1311.7887851811251,0.5628837943077087,0.3547872006893158,0.08219679445028305,0.12909656763076782,0.004392613656818867,0.3230527639389038
0.015030107460916042,0.04778487607836723,0.0947260856628418,-0.20989716053009033,2.9109485149383545,3.1792770743287555,1401.0641223863659,0.5330906510353088,0.3661288022994995,0.10060308128595352,0.12290842086076736,0.003108216216787696,0.3151257336139679
0.014919331297278404,0.049371231347322464,0.09717941284179688,-0.13496194779872894,2.8254764080047607,3.3092120792987276,1405.4641501762608,0.5190626382827759,0.38036471605300903,0.10057199001312256,0.12375190109014511,0.0034149845596402884,0.29506930708885193
0.014619025401771069,0.04941561073064804,0.09006738662719727,-0.14515043795108795,2.7588672637939453,3.3802260663204815,1318.8452477041594,0.5411792397499084,0.37463632225990295,0.0841478705406189,0.13402342796325684,0.00344739924184978,0.30405014753341675
0.014823561534285545,0.06210531294345856,0.11012554168701172,-0.15016622841358185,2.948681354522705,4.189635047935343,1331.3993101538128,0.5442992448806763,0.36086615920066833,0.09481097757816315,0.12348072230815887,0.003582095494493842,0.31387171149253845
0.014820626005530357,0.06205413490533829,0.10794878005981445,-0.11975403875112534,2.990206480026245,4.187011727979344,1280.411513184758,0.5696032047271729,0.3371411859989166,0.09325345605611801,0.127162903547287,0.0033765495754778385,0.3365165591239929
0.014275185763835907,0.05126270651817322,0.10144710540771484,-0.11772911995649338,2.8732659816741943,3.5910360371245567,1206.3695111789095,0.6101637482643127,0.29489824175834656,0.09490403532981873,0.1429411768913269,0.003271846566349268,0.35227692127227783
0.014195297844707966,0.050293173640966415,0.0965428352355957,-0.1078503206372261,2.8640191555023193,3.542945994343673,1264.1929663706314,0.5836829543113708,0.31655436754226685,0.09971319139003754,0.13581709563732147,0.003043455071747303,0.3365251123905182
0.014652812853455544,0.05373743176460266,0.10443449020385742,-0.08858738094568253,2.9206323623657227,3.667379928916685,1318.2960029565052,0.5458541512489319,0.3730109632015228,0.08113470673561096,0.12835456430912018,0.0031944422516971827,0.31971317529678345
0.014400881715118885,0.060548894107341766,0.11118888854980469,-0.12013977766036987,3.08380389213562,4.204526868627043,1243.5175287097359,0.5795106291770935,0.34091952443122864,0.07956245541572571,0.13673512637615204,0.0033875026274472475,0.3386872112751007
0.013951217755675316,0.06048076972365379,0.10583639144897461,-0.18751183152198792,2.9450926780700684,4.3351606131095775,1206.8273638082069,0.5982180237770081,0.31342920660972595,0.08830182254314423,0.14350202679634094,0.003257943782955408,0.3438630998134613
0.014278884045779705,0.058147329837083817,0.10894298553466797,-0.11517644673585892,2.8614962100982666,4.072260104261978,1291.8436678435246,0.5658268928527832,0.35138392448425293,0.08278394490480423,0.13796627521514893,0.003015014575794339,0.31944191455841064
0.014476078562438488,0.058242809027433395,0.10894298553466797,-0.13334715366363525,2.785310745239258,4.023383043425473,1274.714937873931,0.5733723044395447,0.34684836864471436,0.07942920178174973,0.13710542023181915,0.0035324268974363804,0.3377205729484558
0.014613381586968899,0.04935726895928383,0.09464502334594727,-0.1923958659172058,2.7685015201568604,3.377539186407022,1293.5983498128567,0.5657515525817871,0.3408980369567871,0.09291601926088333,0.13531745970249176,0.004172928631305695,0.33638352155685425
0.014920169487595558,0.04937922954559326,0.09464502334594727,-0.2056354284286499,2.9679644107818604,3.309562239446205,1401.3645724630544,0.5255306363105774,0.3730888068675995,0.10137620568275452,0.12358987331390381,0.0034876347053796053,0.3104417622089386
0.014752628281712532,0.04694771394133568,0.0919485092163086,-0.13451015949249268,2.9589953422546387,3.182328805528848,1343.0428141235373,0.5419210195541382,0.3708394765853882,0.08709585666656494,0.13037362694740295,0.0044183083809912205,0.30027398467063904
0.01457502692937851,0.047853413969278336,0.09290456771850586,-0.06148165091872215,2.849433422088623,3.2832470360338193,1272.1206641725691,0.571378231048584,0.34220725297927856,0.08639465272426605,0.1357942521572113,0.0035711401142179966,0.3246621787548065
0.014460509642958641,0.04780653119087219,0.09290456771850586,-0.12309005111455917,2.8920223712921143,3.3060059685271854,1248.733244230751,0.5679473280906677,0.35045045614242554,0.08152085542678833,0.128716379404068,0.004588249605149031,0.33570775389671326
0.014285978861153126,0.046943843364715576,0.08692502975463867,-0.1710362434387207,2.899191379547119,3.286008177506178,1265.024442672099,0.5530702471733093,0.3653922975063324,0.08152226358652115,0.13631097972393036,0.0030665320809930563,0.32526087760925293
0.014489447697997093,0.055120743811130524,0.10950565338134766,-0.10041524469852448,2.9591927528381348,3.8041990941411643,1346.0514886089622,0.5361513495445251,0.37640514969825745,0.08743851631879807,0.13469231128692627,0.0034043467603623867,0.2974439263343811
0.014426992274820805,0.05507408455014229,0.10950565338134766,-0.009804362431168556,2.999189615249634,3.817433564613794,1273.7429912795074,0.5716203451156616,0.34655284881591797,0.08181505650281906,0.1335315704345703,0.0032473881728947163,0.32975253462791443
0.014484250918030739,0.05147431045770645,0.10256528854370117,-0.10414008051156998,2.980365037918091,3.5538123956465553,1186.4931362098419,0.603111982345581,0.31912943720817566,0.07774119079113007,0.13223183155059814,0.0030398317612707615,0.3552533686161041
0.014651614241302013,0.05112026631832123,0.10062694549560547,-0.13029347360134125,2.9763998985290527,3.4890535249506662,1249.8914090817716,0.5733361840248108,0.3476979434490204,0.07893818616867065,0.1298903077840805,0.002689677756279707,0.34429943561553955
0.01451378408819437,0.049531325697898865,0.09717702865600586,-0.08485960215330124,2.8635897636413574,3.412709283361555,1309.7254610919624,0.5465553998947144,0.36252981424331665,0.09091483056545258,0.13572347164154053,0.003326960140839219,0.3177764117717743
0.014294929802417755,0.04961591958999634,0.0959467887878418,-0.1344762146472931,2.7725696563720703,3.4708753573685778,1264.0440936006653,0.5664434432983398,0.33870619535446167,0.09484627097845078,0.13567911088466644,0.003578033996745944,0.32938963174819946
0.014436026103794575,0.051407430320978165,0.0910329818725586,-0.1682841181755066,2.8132054805755615,3.5610513549781153,1262.7141386294875,0.569312334060669,0.34175196290016174,0.08892140537500381,0.13483721017837524,0.002868108218535781,0.332254558801651
0.01440925057977438,0.051342952996492386,0.0910329818725586,-0.2121330350637436,2.9074742794036865,3.5631938461113997,1263.0381300496258,0.584445595741272,0.3228934109210968,0.09193365275859833,0.13987572491168976,0.003320040414109826,0.32858774065971375
0.013926193118095398,0.04870224371552467,0.08796930313110352,-0.1704820841550827,2.8125085830688477,3.4971684866803154,1201.1250759988934,0.6152146458625793,0.29383528232574463,0.09059734642505646,0.14289766550064087,0.0031975489109754562,0.35291483998298645
0.01425419095903635,0.05150289833545685,0.09514808654785156,-0.07113510370254517,2.7530319690704346,3.6131758357841943,1275.5644510883535,0.5762982964515686,0.3318599760532379,0.0918341726064682,0.1383811980485916,0.003836703021079302,0.33973339200019836
0.01456598099321127,0.05144505575299263,0.09514808654785156,-0.04601852223277092,2.7536206245422363,3.5318634408103122,1313.0817748351933,0.5626271963119507,0.33923253417015076,0.09814014285802841,0.13408227264881134,0.003919399343430996,0.33709463477134705
0.014643768779933453,0.05214318633079529,0.10042190551757812,-0.03971322625875473,2.713904857635498,3.5607764033181812,1300.1793463509496,0.5617372989654541,0.34581372141838074,0.09227999299764633,0.1308285892009735,0.00408104807138443,0.32140541076660156
0.014850239269435406,0.05899535119533539,0.11143922805786133,-0.1358116716146469,3.135911703109741,3.972686912377652,1326.637993356702,0.5444910526275635,0.36926695704460144,0.08624028414487839,0.12429339438676834,0.0032189087942242622,0.3145346939563751
0.014924941584467888,0.05899811536073685,0.11143922805786133,-0.19241105020046234,3.1644110679626465,3.9529880249703697,1331.1544865168219,0.5375936031341553,0.3769581615924835,0.08544488251209259,0.12470585852861404,0.004091384820640087,0.31003591418266296
0.014843327924609184,0.04786783456802368,0.0901174545288086,-0.08026617020368576,2.7752726078033447,3.2248721316354763,1330.8728703071183,0.5418475270271301,0.36988145112991333,0.08822613209486008,0.13019400835037231,0.003025537123903632,0.32360267639160156
0.014806229621171951,0.05529296025633812,0.1031947135925293,-0.039670754224061966,2.9830243587493896,3.7344389265406446,1375.3515132438222,0.527362585067749,0.3763945996761322,0.09612740576267242,0.12409979104995728,0.0038491308223456144,0.31858697533607483
0.014824916608631611,0.0553080290555954,0.10364532470703125,-0.07087985426187515,3.1618828773498535,3.7307480717741295,1365.4465580594417,0.5263275504112244,0.3903264105319977,0.08294631540775299,0.12452198565006256,0.003219402162358165,0.3010350167751312
0.014926929026842117,0.04913884401321411,0.09759664535522461,-0.08037815243005753,2.930725336074829,3.291959379022905,1302.4031318375435,0.5454522371292114,0.3846834599971771,0.06972983479499817,0.12978826463222504,0.0029198219999670982,0.2911536991596222
0.01464226096868515,0.05050051212310791,0.09624481201171875,-0.14078457653522491,2.819575548171997,3.448955883771126,1259.4891128276504,0.5589630007743835,0.3635992407798767,0.07727105170488358,0.1295085847377777,0.0025925503578037024,0.3176967203617096
0.014866095036268234,0.0532822422683239,0.1038217544555664,-0.10355059802532196,2.924750328063965,3.58414513930855,1293.188912498864,0.5473530888557434,0.3673994243144989,0.0851418524980545,0.12375789135694504,0.0026393570005893707,0.328101247549057
0.015141090378165245,0.06028793379664421,0.11349201202392578,-0.14517374336719513,3.022235870361328,3.981743209168268,1320.1368108942172,0.5293532609939575,0.3884596526622772,0.08217538893222809,0.125413179397583,0.0027917867992073298,0.31388208270072937
0.015000034123659134,0.0602550208568573,0.10374069213867188,-0.1818673461675644,3.0808169841766357,4.016992251891064,1340.0586553306198,0.5164610147476196,0.4071636497974396,0.07636923342943192,0.12603753805160522,0.0025657019577920437,0.29359886050224304
0.015020042657852173,0.05326807498931885,0.09609460830688477,-0.14682453870773315,3.0046801567077637,3.5464662916869223,1343.9898103819344,0.5215268731117249,0.4017491638660431,0.07668343931436539,0.1222509890794754,0.0032969643361866474,0.306939959526062
0.014834387227892876,0.0502089187502861,0.09294509887695312,-0.15168558061122894,2.8219776153564453,3.3846304519066615,1289.5372837691657,0.5588490962982178,0.3581681251525879,0.08296505361795425,0.13033796846866608,0.0029523528646677732,0.3365427851676941
0.014513535425066948,0.04208733141422272,0.0809025764465332,-0.12781286239624023,2.7505383491516113,2.8998676186528622,1221.205511064133,0.5907533764839172,0.3289785385131836,0.0802508145570755,0.1394241452217102,0.004054073244333267,0.3422386944293976
0.014349309727549553,0.050278596580028534,0.09311437606811523,-0.13166503608226776,2.8736841678619385,3.5039034999707095,1271.5910877071387,0.5558677315711975,0.35412469506263733,0.0899992510676384,0.13157543540000916,0.0035325000062584877,0.32570719718933105
0.014898816123604774,0.050223253667354584,0.09311437606811523,-0.130604088306427,2.8732495307922363,3.3709560039749045,1330.6460576145762,0.5266129374504089,0.3788531720638275,0.09445594251155853,0.1258414089679718,0.0033628845121711493,0.30043327808380127
0.015203407034277916,0.04969605430960655,0.09935140609741211,-0.13090531527996063,2.8873534202575684,3.268744577731298,1349.7283832805542,0.5183810591697693,0.3896027207374573,0.09200537949800491,0.12371378391981125,0.0033296772744506598,0.30008581280708313
0.014934617094695568,0.049606986343860626,0.09765625,-0.09072636812925339,2.8955955505371094,3.321610860593023,1328.7858938395943,0.5247411727905273,0.3867340683937073,0.08851000666618347,0.12228041887283325,0.003548180917277932,0.30822834372520447
0.014910663478076458,0.04820382967591286,0.09120464324951172,-0.0630616769194603,2.8755874633789062,3.23284270639971,1318.7156478728255,0.540955662727356,0.37742146849632263,0.08148230612277985,0.12310879677534103,0.0024994348641484976,0.32065773010253906
0.014792436733841896,0.05481341853737831,0.09697914123535156,-0.08840180933475494,2.91483211517334,3.7055029891235947,1307.9050288847848,0.5584858655929565,0.35998138785362244,0.08148558437824249,0.12828035652637482,0.002866336377337575,0.321608304977417
0.014492543414235115,0.05483374372124672,0.1040506362915039,-0.08261310309171677,2.8754193782806396,3.7835831951763135,1242.7832431984273,0.5768821239471436,0.34874066710472107,0.0742758959531784,0.13625778257846832,0.0024076737463474274,0.3400397002696991
0.015055378898978233,0.05478597432374954,0.10587930679321289,-0.09348220378160477,3.043133497238159,3.6389635018636928,1323.047866759997,0.5246657133102417,0.40383949875831604,0.07149212807416916,0.12132151424884796,0.0029407506808638573,0.3091459572315216
0.015194685198366642,0.054824359714984894,0.10587930679321289,-0.09147866815328598,3.109099864959717,3.6081273810970513,1358.9833334784253,0.516599178314209,0.404838889837265,0.07855437695980072,0.12026947736740112,0.0027984194457530975,0.2978948950767517
0.01496889814734459,0.050492528825998306,0.09779214859008789,-0.056659288704395294,2.911125898361206,3.373162695450785,1283.134624407107,0.5471954345703125,0.3718399107456207,0.08096064627170563,0.12767118215560913,0.0030352806206792593,0.3216276466846466
0.014786838553845882,0.05053361877799034,0.09502410888671875,-0.08673757314682007,2.865870475769043,3.4174728147978373,1252.026048284067,0.5544040203094482,0.36230936646461487,0.08324660360813141,0.12691648304462433,0.0031662490218877792,0.33431878685951233
0.01435925904661417,0.049701135605573654,0.09217500686645508,-0.18220926821231842,2.890153169631958,3.461260462031405,1249.0875724561467,0.5715442895889282,0.33582761883735657,0.09255698323249817,0.13585294783115387,0.0033002737909555435,0.3367633521556854
0.014337338507175446,0.05103007331490517,0.10050773620605469,-0.1923144906759262,3.0286648273468018,3.5592431109725675,1265.5489840665991,0.5668731331825256,0.3425438702106476,0.09040751308202744,0.1406923085451126,0.0033440033439546824,0.32200777530670166
0.014725807122886181,0.05099429190158844,0.1013636589050293,-0.10212771594524384,2.976309061050415,3.46291999294711,1302.379406511157,0.5607532262802124,0.34677761793136597,0.09230835735797882,0.13259369134902954,0.002462205942720175,0.32267722487449646
0.01477397233247757,0.05693740025162697,0.10745525360107422,-0.09429474920034409,2.920654535293579,3.853899206417748,1260.1170481293507,0.5703000426292419,0.34722578525543213,0.08245410770177841,0.12851540744304657,0.003642083378508687,0.34041449427604675
0.014656562358140945,0.05702110752463341,0.0984644889831543,-0.1040310189127922,2.964263677597046,3.8904830564904405,1262.8197538154518,0.5622466206550598,0.35980087518692017,0.07792790234088898,0.13280224800109863,0.0032060914672911167,0.3296337127685547
0.014786815270781517,0.0500914566218853,0.09584426879882812,-0.1074112206697464,3.0093517303466797,3.387575735626964,1333.6166315787527,0.5413520336151123,0.3697052597999573,0.08892539888620377,0.1324140876531601,0.0035712895914912224,0.3020518720149994
0.015029839240014553,0.06303071230649948,0.11631965637207031,-0.059796251356601715,3.1560492515563965,4.193705022106727,1430.8058039585414,0.504895806312561,0.4013345241546631,0.09356581419706345,0.11906449496746063,0.003967856056988239,0.2971346974372864
0.015301169827580452,0.06299997121095657,0.11631965637207031,-0.038441792130470276,2.926051616668701,4.11733036864158,1421.0599875819973,0.5018570423126221,0.407970130443573,0.09015444666147232,0.11884279549121857,0.003706858027726412,0.30602559447288513
0.014889786951243877,0.04920314997434616,0.09532690048217773,-0.11955246329307556,2.784055233001709,3.3044898581931212,1286.1851800575027,0.5470324754714966,0.37279409170150757,0.08016758412122726,0.1303284615278244,0.003069943282753229,0.32915550470352173
0.014927395619452,0.052034176886081696,0.09796142578125,-0.0949207991361618,2.928311824798584,3.485817500193386,1407.1731637315038,0.5181837677955627,0.39270034432411194,0.088889479637146,0.12245800346136093,0.004048157949000597,0.30468428134918213
0.014958119951188564,0.052077073603868484,0.09796142578125,-0.08328762650489807,2.865591287612915,3.4815253367619197,1388.7552727991897,0.5259969830513,0.37910035252571106,0.09479578584432602,0.12403621524572372,0.0032017440535128117,0.31190362572669983
0.014857299625873566,0.05005352571606636,0.08859395980834961,-0.08368314802646637,2.682819366455078,3.3689517592773464,1258.6755536312653,0.5679178833961487,0.3487955331802368,0.08328581601381302,0.12702326476573944,0.003530452959239483,0.32083573937416077
0.015462616458535194,0.052950575947761536,0.10204792022705078,-0.03989255055785179,2.847175121307373,3.424425360761566,1370.3516022123029,0.5162010192871094,0.40096431970596313,0.08276057243347168,0.11490585654973984,0.0024704558309167624,0.30719584226608276
0.01556663028895855,0.05866755545139313,0.11163949966430664,-0.10508984327316284,3.1306304931640625,3.7688025191449026,1381.0449816987366,0.4939849078655243,0.42404332756996155,0.08196791261434555,0.11245665699243546,0.0020284412894397974,0.29368045926094055
0.014980737119913101,0.06004384160041809,0.11111736297607422,-0.20685411989688873,3.1668269634246826,4.008069904423923,1315.2986451806325,0.5336746573448181,0.3833647668361664,0.0829605832695961,0.1268128752708435,0.0027305972762405872,0.3030088543891907
0.014691627584397793,0.060059573501348495,0.10698795318603516,-0.17270663380622864,2.9169793128967285,4.088013608583607,1312.2989255526668,0.5483191013336182,0.36501508951187134,0.08661485463380814,0.13389064371585846,0.003887034486979246,0.3087344169616699
0.014652751386165619,0.04674990102648735,0.09021520614624023,-0.10229001939296722,2.7390668392181396,3.1905203187597726,1307.02222306917,0.5490438342094421,0.3682717978954315,0.08223671466112137,0.12706352770328522,0.003822654252871871,0.3187308609485626
0.014673031866550446,0.057499971240758896,0.11301517486572266,-0.06463999301195145,3.029804229736328,3.918751881669435,1328.4890126821854,0.5448178648948669,0.3734223544597626,0.08109360933303833,0.12878772616386414,0.0031235332135111094,0.32093533873558044
0.015139700844883919,0.05737870931625366,0.11301517486572266,-0.07137254625558853,3.1978750228881836,3.789950006301043,1379.5336950155227,0.5119389295578003,0.4080044627189636,0.07975150644779205,0.12676961719989777,0.003219897160306573,0.29229241609573364
0.015244955196976662,0.05243445187807083,0.09991168975830078,-0.09090951085090637,2.883744478225708,3.4394625105247947,1360.6748884821563,0.5200745463371277,0.39469051361083984,0.08505071699619293,0.11952333152294159,0.0025254306383430958,0.2999868392944336
0.014766799286007881,0.04601734131574631,0.0883793830871582,-0.04001558944582939,2.623717784881592,3.1162705215498705,1277.7674251130227,0.5664554238319397,0.3349652886390686,0.09826193749904633,0.12769217789173126,0.0032338621094822884,0.3308454155921936
0.014701783657073975,0.05316795036196709,0.10140180587768555,-0.011207496747374535,2.797276735305786,3.616428563942861,1290.3824624742524,0.5584542751312256,0.3414301574230194,0.10007993876934052,0.131810262799263,0.00351959397085011,0.3179949223995209
0.015026013366878033,0.057042911648750305,0.11018753051757812,-0.10992545634508133,3.1250295639038086,3.7962771795940364,1345.9598334620564,0.5314978361129761,0.37640246748924255,0.09207603335380554,0.12726952135562897,0.0028488351963460445,0.29139530658721924
0.015171187929809093,0.06114427372813225,0.11295080184936523,-0.1309930682182312,3.187962770462036,4.030289124819467,1341.644731696539,0.5119426250457764,0.3975805640220642,0.09037850052118301,0.12138902395963669,0.0026009127032011747,0.29748839139938354
0.015070702880620956,0.06117270886898041,0.11295080184936523,-0.04502284154295921,3.051718235015869,4.059048164474254,1307.0405093987438,0.5189688801765442,0.394970566034317,0.08605298399925232,0.11926652491092682,0.0035814743023365736,0.3067995309829712
0.014828461222350597,0.06254488229751587,0.11119842529296875,0.002336628967896104,3.0187489986419678,4.217894315225744,1267.6044095675504,0.558601975440979,0.35938480496406555,0.08190912753343582,0.1303144097328186,0.0029413853771984577,0.32302647829055786
0.014486731961369514,0.06252764165401459,0.11119842529296875,-0.0443691611289978,2.87561297416687,4.316200632167097,1268.5992063575218,0.5651546120643616,0.35144686698913574,0.08338811248540878,0.1320478618144989,0.0030407351441681385,0.3215075433254242
0.01404092088341713,0.0450909398496151,0.0850534439086914,-0.16788524389266968,2.796210289001465,3.211394766824578,1230.6846260233278,0.5842392444610596,0.32927820086479187,0.086463563144207,0.13738495111465454,0.0023996219970285892,0.3535686135292053
0.014435689896345139,0.047723378986120224,0.09281396865844727,-0.13375194370746613,2.922731637954712,3.3059299088225087,1220.1882830039763,0.5727903246879578,0.35041674971580505,0.07677984982728958,0.13596755266189575,0.0031389184296131134,0.34401363134384155
0.014818871393799782,0.05777718126773834,0.10147809982299805,-0.08962070941925049,2.8401548862457275,3.898892144243416,1234.06688966663,0.5603727698326111,0.37375709414482117,0.06569468975067139,0.12803487479686737,0.003024549223482609,0.32639676332473755
0.01458064466714859,0.05763037130236626,0.10403871536254883,-0.03074958361685276,2.813302755355835,3.952525599108781,1307.284938756391,0.5600255131721497,0.3477610945701599,0.09214257448911667,0.12997081875801086,0.003588061546906829,0.31173020601272583
0.014794600196182728,0.048819564282894135,0.09276866912841797,0.09206023067235947,2.814971923828125,3.299823153868709,1407.225767107186,0.5295669436454773,0.363303005695343,0.10709885507822037,0.129615917801857,0.0034545755479484797,0.3067004978656769
0.01473893504589796,0.04889421537518501,0.0976872444152832,-0.04253391921520233,2.864004135131836,3.3173506240178163,1394.411186630903,0.5323097109794617,0.36997827887535095,0.09762255847454071,0.13128700852394104,0.0030547315254807472,0.31597891449928284
0.014531711116433144,0.05240466073155403,0.09910345077514648,-0.1428782343864441,2.887263059616089,3.606227808140649,1302.2796514074923,0.5581186413764954,0.35442280769348145,0.08739416301250458,0.13291987776756287,0.003884547157213092,0.330257385969162
0.01446374412626028,0.05242319032549858,0.09910345077514648,-0.05972341448068619,2.793529987335205,3.624455041810019,1268.4425102273267,0.5732605457305908,0.34355199337005615,0.08303966373205185,0.1318083554506302,0.0026841626968234777,0.3461911678314209
0.014396700076758862,0.045230232179164886,0.08966207504272461,-0.05940885469317436,2.6398961544036865,3.1417083036299447,1326.8077290083095,0.5665395855903625,0.33986324071884155,0.09348295629024506,0.13926111161708832,0.004288865718990564,0.32101961970329285
0.01440464798361063,0.07625006139278412,0.12131452560424805,-0.1529536247253418,3.019284725189209,5.293434554891362,1270.0016157578525,0.5829043984413147,0.33252206444740295,0.08447062969207764,0.13353759050369263,0.0030932589434087276,0.3461662530899048
0.01456393301486969,0.07629372179508209,0.12537240982055664,-0.1931731104850769,3.2513270378112793,5.238538361303098,1266.0834549463482,0.5833548307418823,0.3310105800628662,0.08539563417434692,0.12945732474327087,0.0028241502586752176,0.35383978486061096
0.014797034673392773,0.04924130067229271,0.09824275970458984,-0.1512865275144577,2.9670941829681396,3.327781664086249,1303.865369043309,0.545756459236145,0.3701212406158447,0.08409375697374344,0.13230891525745392,0.0029929864685982466,0.32886210083961487
0.014703305438160896,0.04916674271225929,0.09676694869995117,-0.11740074306726456,2.821427822113037,3.3439244607752086,1281.3478049806288,0.543014645576477,0.37587645649909973,0.08070597797632217,0.12884826958179474,0.0034660622477531433,0.31889817118644714
0.014656045474112034,0.04594571515917778,0.08834600448608398,-0.05027627944946289,2.7828760147094727,3.134932628122632,1296.2148859315319,0.5579491853713989,0.3539743721485138,0.08799009025096893,0.12982617318630219,0.003409688826650381,0.3249380886554718
0.014483478851616383,0.04595223069190979,0.08834600448608398,-0.07123104482889175,2.783719539642334,3.1727343381737807,1247.246557372594,0.5838590264320374,0.32680103182792664,0.08928988128900528,0.13323412835597992,0.0035950918681919575,0.3377239406108856
0.013974915258586407,0.05039922147989273,0.09949207305908203,-0.12284364551305771,2.8453872203826904,3.606406231717237,1243.2331884061414,0.5937557816505432,0.31437167525291443,0.09185709804296494,0.14357614517211914,0.002556821797043085,0.34122589230537415
0.014840133488178253,0.049549564719200134,0.09491682052612305,0.10264722257852554,2.9510016441345215,3.3388894214012796,1518.1556902982377,0.4695334732532501,0.38759395480155945,0.1428644061088562,0.13917477428913116,0.005100414622575045,0.214325413107872
0.014607058838009834,0.05593293160200119,0.10130167007446289,0.10523474216461182,3.002812623977661,3.829171376555686,1492.3970580912487,0.4714048206806183,0.39685726165771484,0.13166522979736328,0.1389811784029007,0.004355445969849825,0.2284117043018341
0.014689617790281773,0.05603991448879242,0.10056734085083008,-0.0035694220568984747,2.847644567489624,3.814933464235664,1462.0060600278773,0.4820084273815155,0.38118860125541687,0.13678942620754242,0.14457960426807404,0.004638187121599913,0.23571766912937164
0.014422277919948101,0.05246039107441902,0.09866476058959961,-0.04246417060494423,2.8234963417053223,3.637455287019621,1398.6620789086455,0.5041427612304688,0.37688693404197693,0.11895950883626938,0.14806267619132996,0.0036087254993617535,0.24326294660568237
0.014684011228382587,0.052431438118219376,0.10457038879394531,0.06179426982998848,2.9746639728546143,3.5706481900057727,1522.2489549097954,0.4646996855735779,0.4129038453102112,0.12232844531536102,0.14024287462234497,0.004367217421531677,0.21555927395820618
0.015172170475125313,0.06446316093206406,0.12312650680541992,0.10368195921182632,3.1719484329223633,4.24877647094081,1597.1269616645723,0.4424269199371338,0.4085582494735718,0.14893725514411926,0.132376566529274,0.0036955580580979586,0.20191502571105957
0.014956843107938766,0.06448134034872055,0.12312650680541992,-0.0475621372461319,3.1378748416900635,4.311159773427328,1473.2200233258466,0.4868771433830261,0.37354758381843567,0.13934235274791718,0.13527655601501465,0.004843649920076132,0.22528502345085144
0.014389730989933014,0.05160941556096077,0.09726762771606445,-0.11156430840492249,2.96964168548584,3.5865448487869522,1395.0489751909367,0.5157888531684875,0.3679730296134949,0.1159614697098732,0.14697611331939697,0.004331306088715792,0.2539162039756775
0.014277207665145397,0.05159648507833481,0.1006627082824707,-0.06805483251810074,3.0419697761535645,3.613905904071295,1462.5224688037918,0.477012038230896,0.3865964710712433,0.13638809323310852,0.14255405962467194,0.0038377682212740183,0.23145684599876404
0.014448692090809345,0.049790751188993454,0.0981593132019043,-0.10122957080602646,2.958914041519165,3.4460386360658046,1466.2927819373701,0.4715765416622162,0.3986521363258362,0.12976397573947906,0.14514890313148499,0.003252315567806363,0.22765327990055084
0.01460855919867754,0.04979773610830307,0.0981593132019043,-0.0701138973236084,2.790184736251831,3.4088054425930157,1452.7271679131143,0.4899486005306244,0.3822767734527588,0.12772154808044434,0.14779822528362274,0.0046469164080917835,0.23409010469913483
0.01457892544567585,0.050210487097501755,0.09162187576293945,-0.0698406770825386,2.842984676361084,3.4440458099022844,1484.1740469320523,0.47935155034065247,0.3901650905609131,0.13018205761909485,0.13982221484184265,0.00452588964253664,0.23277229070663452
0.014817510731518269,0.05134151875972748,0.09629011154174805,-0.06144717335700989,3.0892086029052734,3.4649219890257417,1541.08969701435,0.45555609464645386,0.3969210386276245,0.14751338958740234,0.13482551276683807,0.0043570008128881454,0.22356028854846954
0.015003413893282413,0.05139560252428055,0.09629011154174805,-0.10184624046087265,3.0570220947265625,3.425593860599065,1537.9288640404652,0.45019519329071045,0.398499459028244,0.1512509137392044,0.1371309906244278,0.004234954249113798,0.21828091144561768
0.014999093487858772,0.05898391455411911,0.11620283126831055,-0.10961277037858963,3.2676753997802734,3.932498627195835,1540.9618600148804,0.45395901799201965,0.403697669506073,0.14234301447868347,0.13686032593250275,0.003831535577774048,0.22586262226104736
0.015045086853206158,0.058997415006160736,0.11620283126831055,-0.07778798788785934,3.201903820037842,3.9213741720385493,1529.5111221581287,0.4562188684940338,0.41545164585113525,0.12816570699214935,0.1309179961681366,0.004364223685115576,0.21640323102474213
0.014739693142473698,0.052601590752601624,0.0982666015625,-0.10523595660924911,2.8329110145568848,3.568703245080245,1445.3232522740632,0.47849076986312866,0.4114946126937866,0.10971475392580032,0.14035607874393463,0.004041449632495642,0.21758385002613068
0.014587104320526123,0.05286698788404465,0.09907722473144531,-0.1799660474061966,3.052217483520508,3.624227723252042,1393.876853941158,0.5056666135787964,0.39213746786117554,0.10210051387548447,0.14951415359973907,0.004798336420208216,0.2362092137336731
0.014405122958123684,0.05295361578464508,0.09907722473144531,-0.1810033917427063,3.0672106742858887,3.6760266423901764,1394.6505470360073,0.5148129463195801,0.37196290493011475,0.11321253329515457,0.14376600086688995,0.004044102039188147,0.2468586415052414
0.01464817114174366,0.05305301770567894,0.10073423385620117,-0.10909441858530045,2.9178242683410645,3.6218185320670617,1492.184885566424,0.47951945662498474,0.3861435055732727,0.1343359351158142,0.14015990495681763,0.005015564616769552,0.22283755242824554
0.014931471087038517,0.05306263640522957,0.10360479354858398,-0.060581836849451065,3.0479302406311035,3.553744710910476,1503.082924524928,0.45675787329673767,0.4263722896575928,0.11686083674430847,0.14070937037467957,0.0043053217232227325,0.212194561958313
0.014825706370174885,0.06292685866355896,0.113525390625,-0.09256511181592941,3.248332977294922,4.244442530300311,1445.8581900046831,0.47671884298324585,0.4096008837223053,0.11367083340883255,0.13567247986793518,0.004868237767368555,0.2261633723974228
0.014718460850417614,0.06292059272527695,0.11175155639648438,-0.22392556071281433,3.2304835319519043,4.2749437838954965,1477.7297819315877,0.48100343346595764,0.3896380662918091,0.1293146163225174,0.1353549361228943,0.003869092557579279,0.23741398751735687
0.014846657402813435,0.05596194043755531,0.10119438171386719,-0.2211853712797165,3.044281244277954,3.769329278331783,1525.799821888252,0.4641278386116028,0.414010614156723,0.12181077897548676,0.13679423928260803,0.0037160327192395926,0.22757863998413086
0.015456573106348515,0.05596928298473358,0.10938644409179688,-0.1424134224653244,3.047088384628296,3.6210667523789035,1623.219456408527,0.4259192645549774,0.43503308296203613,0.13900727033615112,0.12977562844753265,0.0031908652745187283,0.21386435627937317
0.015192417427897453,0.05347039923071861,0.10637760162353516,-0.09321893751621246,3.0365190505981445,3.5195451600094083,1629.9891425051128,0.42817747592926025,0.418209046125412,0.15360012650489807,0.12918472290039062,0.003437763312831521,0.20810967683792114
0.01448750775307417,0.052793920040130615,0.1017308235168457,-0.14362145960330963,2.946528673171997,3.644099519138061,1500.624952219212,0.4769933223724365,0.38281014561653137,0.1401953399181366,0.13851158320903778,0.00345564354211092,0.23431706428527832
0.014638148248195648,0.05279034748673439,0.09459972381591797,-0.11263184994459152,2.84625244140625,3.606354204647105,1432.4857608788404,0.49343183636665344,0.3831576704978943,0.12336833029985428,0.14179489016532898,0.0034431228414177895,0.2446160465478897
0.014622616581618786,0.04610082507133484,0.09122848510742188,-0.1173497885465622,2.8705224990844727,3.1527069598564674,1415.7042081382594,0.4949718713760376,0.3936285972595215,0.11138352751731873,0.14294055104255676,0.003444852540269494,0.23619265854358673
0.014256823807954788,0.04738515987992287,0.09258031845092773,-0.1668219268321991,2.9701473712921143,3.3236827862149765,1417.670649746366,0.5009447932243347,0.38753142952919006,0.11152354627847672,0.14638681709766388,0.00356356892734766,0.23318657279014587
0.014698827639222145,0.05144958570599556,0.10225534439086914,-0.06601537764072418,3.05751633644104,3.500250970030287,1500.614823988638,0.4674428105354309,0.4084349274635315,0.12405958771705627,0.14028988778591156,0.004169612191617489,0.21834783256053925
0.01511617936193943,0.055334191769361496,0.10997772216796875,-0.059849102050065994,3.106438636779785,3.6605937545981484,1531.5676676223393,0.4519003927707672,0.4233800172805786,0.12463817000389099,0.13611096143722534,0.0038494537584483624,0.2175898253917694
0.01526931207627058,0.06373066455125809,0.1253819465637207,-0.0882265642285347,3.2377703189849854,4.17377444568217,1553.7758079248501,0.44891849160194397,0.41791805624961853,0.13269230723381042,0.13262009620666504,0.004700725432485342,0.21089501678943634
0.015230972319841385,0.06428726762533188,0.12790679931640625,-0.14840620756149292,3.3421101570129395,4.220824926414188,1578.8591213514896,0.4400770664215088,0.43073999881744385,0.12902620434761047,0.1280890852212906,0.0032005340326577425,0.21335463225841522
0.014726153574883938,0.06432162970304489,0.11094331741333008,-0.20936916768550873,3.2692699432373047,4.367849986868277,1494.4498006465126,0.4684579074382782,0.4117271304130554,0.119735948741436,0.14232628047466278,0.0039661359041929245,0.2233990728855133
0.014751926995813847,0.055570390075445175,0.10207653045654297,-0.19509060680866241,3.1623024940490723,3.766991938575034,1485.1797730356334,0.466349333524704,0.4276283383369446,0.1060018241405487,0.14092129468917847,0.004269743803888559,0.2175987809896469
0.015157850459218025,0.055612001568078995,0.09932756423950195,-0.1615217626094818,3.051650047302246,3.6688580425063178,1529.5286088351518,0.45142918825149536,0.440061092376709,0.10845606029033661,0.12752225995063782,0.00400522630661726,0.2188926339149475
0.015276512131094933,0.05021299421787262,0.09979724884033203,-0.11749890446662903,3.0158064365386963,3.2869410100737895,1586.5734307390799,0.4383711516857147,0.43783947825431824,0.12368738651275635,0.1300956755876541,0.0032135520596057177,0.21233884990215302
0.014942988753318787,0.05658219754695892,0.10679483413696289,-0.12187200039625168,3.091832160949707,3.786538187054827,1554.043718067345,0.4584926664829254,0.4107797145843506,0.13066810369491577,0.13856296241283417,0.0044889263808727264,0.21572566032409668
0.014387477189302444,0.05666657164692879,0.09882688522338867,-0.06112015247344971,2.9697489738464355,3.9386037522355632,1406.2402453135994,0.5173004269599915,0.35571467876434326,0.12689857184886932,0.1453297883272171,0.0038561574183404446,0.24963907897472382
0.014493273571133614,0.06281336396932602,0.10790824890136719,-0.13021980226039886,3.119626045227051,4.333966626428553,1424.5256070892415,0.5084661245346069,0.3573586940765381,0.13408157229423523,0.13938850164413452,0.00430558156222105,0.2407461255788803
0.014870445244014263,0.06289803981781006,0.1144266128540039,-0.22584910690784454,3.1894567012786865,4.229734804941257,1495.6603463183278,0.4743868112564087,0.38890019059181213,0.1367129236459732,0.13663502037525177,0.003662633942440152,0.22865982353687286
0.015052263624966145,0.05467095971107483,0.10349750518798828,-0.02540172077715397,2.989173650741577,3.632075617966445,1507.9700848559535,0.4652247726917267,0.3977675437927246,0.13698013126850128,0.13669773936271667,0.0032448978163301945,0.21638543903827667
0.014834976755082607,0.05450902879238129,0.10250568389892578,0.03944837301969528,2.96148419380188,3.6743588944304615,1468.9910546756728,0.48568853735923767,0.3774505853652954,0.13685645163059235,0.13532748818397522,0.0034553073346614838,0.23288092017173767
0.014367139898240566,0.048761263489723206,0.09584665298461914,-0.16574658453464508,2.9580936431884766,3.3939436680992214,1425.2019579583011,0.5049782395362854,0.36720842123031616,0.12781237065792084,0.14493487775325775,0.00328169297426939,0.25059300661087036
0.014900775626301765,0.05985585227608681,0.10898590087890625,-0.08127480745315552,3.0677244663238525,4.016962188627057,1486.7637857086688,0.46761831641197205,0.4225723445415497,0.10973846912384033,0.14065927267074585,0.0034172949381172657,0.21638301014900208
0.01515390444546938,0.059763435274362564,0.10898590087890625,0.03868062049150467,2.9177699089050293,3.9437648221601727,1494.0603809126019,0.4649978578090668,0.4261328876018524,0.10878192633390427,0.13396026194095612,0.0035923400428146124,0.2184685319662094
0.014680908992886543,0.0468142069876194,0.08993864059448242,-0.1519184559583664,2.813098669052124,3.1887812264972064,1442.9342289159451,0.4900180995464325,0.39469900727272034,0.11527177691459656,0.14172129333019257,0.004351597744971514,0.240533247590065
0.014812725596129894,0.051149360835552216,0.09807825088500977,-0.16421636939048767,3.0164246559143066,3.453068815739278,1483.184327378181,0.47130271792411804,0.41432079672813416,0.11426479369401932,0.13935358822345734,0.0038133421912789345,0.23474232852458954
0.014918504282832146,0.051296427845954895,0.09928464889526367,-0.044466372579336166,3.0332133769989014,3.438443081827388,1495.4868319473683,0.46309685707092285,0.41720786690711975,0.11957546323537827,0.14121697843074799,0.004848845303058624,0.2140224277973175
0.014669189229607582,0.052183542400598526,0.10154247283935547,-0.020390059798955917,2.952714681625366,3.5573569595595935,1469.822528959577,0.47402748465538025,0.4090315103530884,0.116940937936306,0.13937827944755554,0.004327809903770685,0.22001008689403534
0.014520889148116112,0.05221358686685562,0.10154247283935547,-0.05172988772392273,2.913123846054077,3.59575686658512,1414.6438075952708,0.5057451725006104,0.3804682791233063,0.11369719356298447,0.1385892927646637,0.004890006501227617,0.24288129806518555
0.014866640791296959,0.059587787836790085,0.10732173919677734,-0.1784108579158783,3.0047805309295654,4.008154139815167,1459.2166017947604,0.4902293384075165,0.3855719566345215,0.12409094721078873,0.14109285175800323,0.004414569586515427,0.23276613652706146
0.015477183274924755,0.05948546901345253,0.10869503021240234,-0.13792406022548676,2.963587522506714,3.843429902777209,1555.2316433976914,0.44008561968803406,0.4248702824115753,0.13501448929309845,0.12650223076343536,0.003553349757567048,0.2130679339170456
0.01523925643414259,0.05640074983239174,0.10561466217041016,-0.08229690045118332,2.928708076477051,3.701017177080137,1573.9025246096826,0.43080076575279236,0.42518430948257446,0.14398832619190216,0.12498583644628525,0.0033445183653384447,0.2114873230457306
0.015161906369030476,0.049687616527080536,0.09748697280883789,-0.10593992471694946,2.8704349994659424,3.2771351645657645,1587.5415720467813,0.43474099040031433,0.41398149728775024,0.15127690136432648,0.13188743591308594,0.00452369125559926,0.20556406676769257
0.015536434017121792,0.055730611085891724,0.10495185852050781,-0.11306295543909073,2.9915528297424316,3.5870915437150632,1573.9989727916475,0.44890064001083374,0.39849427342414856,0.15258827805519104,0.12726257741451263,0.004083418287336826,0.20621240139007568
0.015246447175741196,0.05566444993019104,0.10495185852050781,-0.1578407883644104,3.249042272567749,3.6509784400859258,1533.4280572531786,0.47200456261634827,0.3854804039001465,0.14246203005313873,0.13054786622524261,0.004223537631332874,0.22133708000183105
0.01476164162158966,0.05716535449028015,0.11232852935791016,-0.14749707281589508,3.2522013187408447,3.872560786383021,1552.0631055256035,0.4590393602848053,0.39392611384391785,0.14702968299388885,0.13750872015953064,0.004524368792772293,0.22276701033115387
0.014714873395860195,0.057133570313453674,0.11232852935791016,-0.0601915568113327,3.0640554428100586,3.882708928073049,1554.8142892903659,0.4630265533924103,0.37391719222068787,0.16305595636367798,0.14258961379528046,0.003618787508457899,0.21715182065963745
0.014665917493402958,0.051895689219236374,0.10015010833740234,-0.029261374846100807,2.871941566467285,3.538523194272819,1477.7941844574098,0.48380395770072937,0.3666810989379883,0.14950354397296906,0.14352945983409882,0.003527384251356125,0.23247219622135162
0.01453740056604147,0.05328903719782829,0.10024309158325195,-0.0575798824429512,2.95200252532959,3.6656510187001907,1465.9531754635598,0.4827185571193695,0.38453274965286255,0.13271264731884003,0.1393795609474182,0.0033572325482964516,0.2365792989730835
0.015072252601385117,0.05817442387342453,0.11162042617797852,-0.07404569536447525,3.027951240539551,3.859703350793012,1522.4852055802457,0.46620526909828186,0.395718514919281,0.1380670666694641,0.13607749342918396,0.004067591857165098,0.22100424766540527
0.015125727280974388,0.058263760060071945,0.11538505554199219,-0.05949801579117775,3.0758097171783447,3.8519642046902405,1534.2017116159604,0.4613410234451294,0.405434787273407,0.13322389125823975,0.137987419962883,0.003809686517342925,0.2245103269815445
0.014654655009508133,0.05723777040839195,0.10853052139282227,-0.08668385446071625,3.0539870262145996,3.905773992451515,1492.4459676964484,0.4724007248878479,0.3990499973297119,0.12853990495204926,0.14134572446346283,0.005172495264559984,0.22852133214473724
0.014329315163195133,0.05129079520702362,0.09739875793457031,-0.07841048389673233,2.9800219535827637,3.579431020903544,1460.0183622354618,0.4766640067100525,0.4078724682331085,0.11542008817195892,0.14128558337688446,0.004775851033627987,0.23825763165950775
0.014682486653327942,0.053625356405973434,0.09582281112670898,0.044824354350566864,3.0040974617004395,3.6523347623930134,1494.5975472353414,0.47103142738342285,0.4008616507053375,0.12800195813179016,0.1390926092863083,0.004317869897931814,0.2208985686302185
0.015036513097584248,0.0551874116063118,0.1048135757446289,0.040999751538038254,2.9525747299194336,3.670226683838551,1509.5519878071614,0.4691489040851593,0.40325823426246643,0.12747281789779663,0.13805224001407623,0.0037936370354145765,0.2272985279560089
0.01465028990060091,0.05524364486336708,0.1048135757446289,-0.07707549631595612,2.882082223892212,3.770822641354717,1458.6175544978832,0.4843432605266571,0.3979256749153137,0.11767826974391937,0.13561789691448212,0.004328801762312651,0.24424047768115997
0.014629184268414974,0.050875335931777954,0.09508132934570312,-0.19085797667503357,3.014962673187256,3.477660476130736,1486.5644433906741,0.47834548354148865,0.39535683393478394,0.1262872964143753,0.13940592110157013,0.003658495144918561,0.22564665973186493
0.014831827953457832,0.05081336945295334,0.09681224822998047,-0.17921742796897888,3.0162034034729004,3.4259681010984857,1500.9648918986775,0.4749469757080078,0.3906550705432892,0.1343975067138672,0.13974981009960175,0.004085634369403124,0.2182990461587906
0.014642812311649323,0.06253072619438171,0.10850667953491211,-0.10837988555431366,2.9335315227508545,4.270404131340534,1492.4807053772354,0.47770658135414124,0.3901810646057129,0.1321059912443161,0.1386253386735916,0.003846660489216447,0.22850927710533142
0.014515967108309269,0.06250136345624924,0.11485576629638672,-0.017089160159230232,2.912776231765747,4.305697511271319,1435.8521619893816,0.5024890899658203,0.3648092448711395,0.13249997794628143,0.14073170721530914,0.004292825702577829,0.24019241333007812
0.014896021224558353,0.05633380264043808,0.10860443115234375,-0.03364429622888565,3.0487077236175537,3.781801985068432,1439.2819950702108,0.4939754903316498,0.3857290744781494,0.12025526911020279,0.13884110748767853,0.004022338427603245,0.24454821646213531
0.015198520384728909,0.06290566176176071,0.11861324310302734,-0.09828635305166245,3.3621387481689453,4.138933275427772,1555.379438852316,0.44857367873191833,0.4144172668457031,0.13694235682487488,0.1330479234457016,0.0036640637554228306,0.2128245085477829
0.015587431378662586,0.06291015446186066,0.11937856674194336,-0.1679968684911728,3.2545583248138428,4.035953899623355,1585.9275844879114,0.43277037143707275,0.4277760088443756,0.1394498497247696,0.1230972558259964,0.003850208595395088,0.1923949122428894
0.015523138456046581,0.06664392352104187,0.12304067611694336,-0.3280988037586212,3.301919460296631,4.293199065733353,1568.736747266811,0.4418370723724365,0.4267817735671997,0.13137558102607727,0.12798821926116943,0.0032648725900799036,0.19852200150489807
0.015104981139302254,0.06653983891010284,0.1141810417175293,-0.3159556984901428,3.291792631149292,4.405158688517989,1544.3080748850814,0.4626513719558716,0.3939855396747589,0.14331448078155518,0.13902877271175385,0.0033521815203130245,0.20989106595516205
0.014679469168186188,0.05088355019688606,0.09983062744140625,-0.1851392686367035,3.051302671432495,3.466307235666001,1498.8372646868067,0.47478392720222473,0.3997858166694641,0.12539811432361603,0.1395663321018219,0.0029789970722049475,0.23314222693443298
0.014261022210121155,0.0490458682179451,0.09430170059204102,-0.1350162923336029,2.9682037830352783,3.4391551665698774,1415.5133161949295,0.5031086206436157,0.39329707622528076,0.10356931388378143,0.14772656559944153,0.005163939669728279,0.2405858337879181
0.014389473013579845,0.04820407181978226,0.09134769439697266,-0.14334794878959656,2.9064676761627197,3.349953940004644,1406.445883232585,0.5082293748855591,0.38236361742019653,0.10940362513065338,0.1469544917345047,0.004057571291923523,0.240958571434021
0.014910446479916573,0.05715686455368996,0.10024309158325195,-0.12077420204877853,2.915363073348999,3.833343597513548,1513.18994316024,0.46826350688934326,0.40514853596687317,0.12658774852752686,0.139581561088562,0.004213900305330753,0.22051721811294556
0.014844530262053013,0.05719912052154541,0.09807109832763672,-0.17068812251091003,2.9920575618743896,3.8532118907063015,1548.6383528867275,0.4555423855781555,0.4242677390575409,0.12018971890211105,0.13670791685581207,0.003773806383833289,0.2258094847202301
0.014700285159051418,0.05286912992596626,0.09720087051391602,-0.1990278959274292,3.0819358825683594,3.5964696841147084,1560.175157306602,0.4546869099140167,0.4251510202884674,0.12014662474393845,0.13281020522117615,0.004853398073464632,0.231583371758461
0.014603085815906525,0.0584317222237587,0.10309696197509766,-0.19195328652858734,3.1513099670410156,4.001327045281769,1512.8939718650274,0.4742978811264038,0.40367090702056885,0.12203117460012436,0.1451440155506134,0.004108692053705454,0.23139972984790802
0.014571248553693295,0.05832168087363243,0.10661602020263672,-0.16789837181568146,3.1461451053619385,4.002517742712407,1480.4511790711601,0.475490927696228,0.4106897711753845,0.11381310969591141,0.14554589986801147,0.004417199641466141,0.22424523532390594
0.015072506852447987,0.05459190532565117,0.10414600372314453,0.009088044054806232,2.9508888721466064,3.621952595971965,1558.0819652554985,0.43905919790267944,0.432283490896225,0.12865589559078217,0.12902423739433289,0.003724986920133233,0.21125680208206177
0.015340063720941544,0.05738318711519241,0.10509490966796875,0.025146672502160072,2.9694087505340576,3.7407398140800945,1570.2571018727504,0.4434967041015625,0.40330949425697327,0.15314951539039612,0.12988266348838806,0.003666812786832452,0.2074006050825119
0.014938381500542164,0.0573049858212471,0.10729312896728516,-0.06117992103099823,3.121314525604248,3.836090664529569,1496.4289109270442,0.4783640205860138,0.3659376800060272,0.155642569065094,0.13756506145000458,0.0034153785090893507,0.2348363697528839
0.014649715274572372,0.04998059198260307,0.09708166122436523,-0.0791761726140976,3.020533800125122,3.4117108109222487,1455.7202515800616,0.48571595549583435,0.3895213007926941,0.12475941330194473,0.13711310923099518,0.0036692279390990734,0.24721646308898926
0.014608283527195454,0.04769726097583771,0.09314537048339844,-0.09474150836467743,2.906759023666382,3.2650831895326515,1479.0624257328227,0.4760146141052246,0.4080861508846283,0.1158662661910057,0.1409589797258377,0.004319542087614536,0.22833459079265594
0.014450781978666782,0.04777063801884651,0.09314537048339844,-0.07555897533893585,2.846662759780884,3.305747611863704,1440.9388358106155,0.49614787101745605,0.390280157327652,0.11353708058595657,0.1500876247882843,0.003617950016632676,0.22646217048168182
0.014823532663285732,0.06194038689136505,0.10788440704345703,-0.09124787896871567,2.8831679821014404,4.17851724647241,1463.8106883887579,0.4831571877002716,0.39648693799972534,0.12034573405981064,0.1403709053993225,0.003934384323656559,0.22480584681034088
0.015098582953214645,0.06197038292884827,0.10843753814697266,-0.20482386648654938,3.142871856689453,4.104384041652713,1536.7352541622522,0.4504722058773041,0.4242629110813141,0.12521030008792877,0.128118634223938,0.003199684666469693,0.22250142693519592
0.014861035160720348,0.0600302517414093,0.10658979415893555,-0.19191983342170715,3.0639665126800537,4.039439452780358,1466.0475790931498,0.4771777093410492,0.41110244393348694,0.1116713359951973,0.14003176987171173,0.004428977612406015,0.22550666332244873
0.014459576457738876,0.052743684500455856,0.10061264038085938,-0.09986016899347305,2.853795051574707,3.6476645530360168,1427.3935932307938,0.5034832954406738,0.38334038853645325,0.11317628622055054,0.14968276023864746,0.004008092451840639,0.23496688902378082
0.014554969035089016,0.04791822284460068,0.09502410888671875,-0.03577211871743202,2.9377005100250244,3.2922243067496426,1471.4535526504874,0.4845150113105774,0.3876217305660248,0.1278502345085144,0.140968456864357,0.004720164462924004,0.23002249002456665
0.01498970203101635,0.05559798330068588,0.09963512420654297,-0.09346363693475723,3.0442302227020264,3.709078618236355,1476.0640051595494,0.47457340359687805,0.401145339012146,0.12423168122768402,0.13395048677921295,0.003985853400081396,0.22673742473125458
0.015386227518320084,0.05555225536227226,0.10127067565917969,-0.16354520618915558,3.0178139209747314,3.610518256831751,1511.436439048266,0.45731285214424133,0.42526453733444214,0.11742128431797028,0.12776096165180206,0.0043527488596737385,0.21794186532497406
0.015471374616026878,0.05413804575800896,0.0998830795288086,-0.030044255778193474,2.9020681381225586,3.4992395374117455,1508.5164158248551,0.445149302482605,0.4477332532405853,0.10711245238780975,0.12803326547145844,0.0036474494263529778,0.21524344384670258
0.015038573183119297,0.05404192954301834,0.09946584701538086,0.017812220379710197,2.8745932579040527,3.593554314054641,1488.2886539707024,0.45662951469421387,0.43025967478752136,0.11305373162031174,0.13214324414730072,0.0038826013915240765,0.21170753240585327
0.014587915502488613,0.04870552197098732,0.09114980697631836,-0.0798603743314743,2.8044486045837402,3.338758163175519,1477.6553428506875,0.48380962014198303,0.3880551755428314,0.127642422914505,0.14052510261535645,0.003774773795157671,0.22966454923152924
0.014618800953030586,0.06369956582784653,0.11116743087768555,-0.11288225650787354,3.007584571838379,4.35737281245927,1474.6183973597933,0.49122822284698486,0.371726930141449,0.13693749904632568,0.14486245810985565,0.004099507350474596,0.23563678562641144
0.014778407290577888,0.06378249078989029,0.11116743087768555,-0.10803825408220291,3.2267251014709473,4.315924546634974,1515.4777352949884,0.4704461097717285,0.3971223533153534,0.13240274786949158,0.1373285949230194,0.0049692317843437195,0.23173828423023224
0.014799755997955799,0.05654638633131981,0.10369062423706055,-0.04101021587848663,2.9760351181030273,3.820764770399556,1473.2488316296815,0.49077579379081726,0.3795648515224457,0.1296587586402893,0.13463133573532104,0.004918093327432871,0.23446820676326752
0.015120787546038628,0.05149195343255997,0.097503662109375,-0.04763197898864746,2.8542685508728027,3.405375101817666,1433.7822714599981,0.5042290687561035,0.37080100178718567,0.12479894608259201,0.13717618584632874,0.00428997864946723,0.23023462295532227
0.015353485010564327,0.05534288287162781,0.10572671890258789,-0.07664412260055542,2.900552749633789,3.6045811638167655,1502.2985701479063,0.4741676151752472,0.3918605446815491,0.13396373391151428,0.13129661977291107,0.0038225955795496702,0.21995453536510468
0.015348664484918118,0.058001480996608734,0.10843992233276367,-0.06748220324516296,2.910400629043579,3.778926892943887,1598.3056401125436,0.4442828297615051,0.4066200852394104,0.14908495545387268,0.12686137855052948,0.004669925197958946,0.20680348575115204
0.01503168884664774,0.058111872524023056,0.10241031646728516,-0.14876191318035126,3.0355889797210693,3.8659576520649437,1599.0787367371108,0.448876291513443,0.38485002517700195,0.16627350449562073,0.13681204617023468,0.003813000861555338,0.20934893190860748
0.01480681262910366,0.054817043244838715,0.10214090347290039,-0.20511288940906525,3.143568515777588,3.702150126043362,1504.0401963574532,0.4853368103504181,0.35795873403549194,0.1566884070634842,0.14332787692546844,0.0038925115950405598,0.22248446941375732
0.01479735504835844,0.050852272659540176,0.09809017181396484,-0.12794648110866547,3.1116459369659424,3.436578529738323,1451.781691928161,0.4997670352458954,0.3740216791629791,0.12609685957431793,0.13575445115566254,0.003369250800460577,0.23426683247089386
0.0146151939406991,0.055926352739334106,0.11156797409057617,-0.05783221125602722,3.1305813789367676,3.8265898463221037,1468.8833438226882,0.49329304695129395,0.370464950799942,0.13623757660388947,0.1390463262796402,0.004362701438367367,0.22978459298610687
0.014461624436080456,0.056011512875556946,0.11156797409057617,-0.09694766253232956,3.001150131225586,3.8731135025149825,1474.5683589963323,0.4879298508167267,0.3693704903125763,0.1426936537027359,0.14726091921329498,0.0036765187978744507,0.22630754113197327
0.014352510683238506,0.05275539681315422,0.09206533432006836,-0.1485520303249359,2.814460039138794,3.6756911716560228,1449.754918341141,0.49636560678482056,0.3743590712547302,0.1291782557964325,0.14543169736862183,0.004514799453318119,0.2349611520767212
0.014740019105374813,0.05277751013636589,0.0993657112121582,-0.07003217935562134,2.8635830879211426,3.580559140085544,1507.9383390532873,0.4761808514595032,0.3871828317642212,0.1362552046775818,0.1342727094888687,0.0037707698065787554,0.23550467193126678
0.014900454320013523,0.046588487923145294,0.08979082107543945,-0.015022027306258678,2.7068488597869873,3.126648820193582,1491.8066498842722,0.4771493375301361,0.3850603699684143,0.13758820295333862,0.13390333950519562,0.00442476337775588,0.2283448725938797
0.015118601731956005,0.06317654252052307,0.12042045593261719,-0.038144513964653015,3.0223770141601562,4.178729199725451,1522.7675921538573,0.4663960933685303,0.38679832220077515,0.14669963717460632,0.13451234996318817,0.003512210911139846,0.2226785123348236
0.014912440441548824,0.06309326738119125,0.12042045593261719,-0.06517871469259262,3.1941261291503906,4.23091496152238,1526.5849732312595,0.4736626148223877,0.3682195246219635,0.1581159383058548,0.13581767678260803,0.003965872339904308,0.22472608089447021
0.01457914337515831,0.052258122712373734,0.10375022888183594,-0.022624801844358444,3.115811586380005,3.5844439802843926,1538.6443184386303,0.4833188056945801,0.3479151129722595,0.16876202821731567,0.13767902553081512,0.003917418885976076,0.23521766066551208
0.015377143397927284,0.055051274597644806,0.10736227035522461,-0.05443552881479263,3.223494291305542,3.5800716146982934,1622.1420905121242,0.43562042713165283,0.4071827530860901,0.15719576179981232,0.12948495149612427,0.003981239628046751,0.2056710571050644
0.015076176263391972,0.05500414967536926,0.10359764099121094,-0.15906700491905212,3.0815939903259277,3.6484151359573933,1515.2783281557413,0.4674513339996338,0.40526989102363586,0.1272757202386856,0.1362963616847992,0.0038682424928992987,0.2145301103591919
0.014627417549490929,0.05940626561641693,0.10895729064941406,-0.05439876765012741,3.1461727619171143,4.061295537052822,1465.9452636305423,0.49208199977874756,0.3844459056854248,0.12347196787595749,0.13909924030303955,0.0030071481596678495,0.22252951562404633
0.014681484550237656,0.05941218510270119,0.11050224304199219,-0.09684634953737259,3.211543321609497,4.046742336945258,1469.8624299066375,0.49258461594581604,0.37624114751815796,0.13103336095809937,0.14171037077903748,0.004668909125030041,0.23047932982444763
0.014550017192959785,0.05118893086910248,0.0927877426147461,-0.28732064366340637,2.9926440715789795,3.518135421197493,1445.0218537407013,0.5021452307701111,0.3690192699432373,0.12873683869838715,0.14793525636196136,0.004611330572515726,0.24299180507659912
0.01459116954356432,0.06801807880401611,0.11423826217651367,-0.21980305016040802,3.1195826530456543,4.661591971519174,1496.0057123230051,0.4681704640388489,0.40091949701309204,0.13090813159942627,0.1444452852010727,0.003928483929485083,0.21659310162067413
0.014633900485932827,0.06810927391052246,0.11755228042602539,-0.12100968509912491,3.2237510681152344,4.654211908256439,1479.253979627248,0.4716927409172058,0.3997543454170227,0.1284971535205841,0.13942579925060272,0.00283885863609612,0.22177785634994507
0.014827423729002476,0.05280425027012825,0.10227441787719727,-0.11203694343566895,3.1136934757232666,3.5612559020136287,1501.3721288570634,0.4820779860019684,0.36939889192581177,0.14830537140369415,0.14044493436813354,0.0031176074407994747,0.23030397295951843
0.01461428590118885,0.048711564391851425,0.09605169296264648,-0.050442587584257126,3.051917791366577,3.3331470807311674,1516.3163752392477,0.4815387427806854,0.36567389965057373,0.15272307395935059,0.14475998282432556,0.00334098725579679,0.23071761429309845
0.014611284248530865,0.05394682660698891,0.10026931762695312,-0.014409068040549755,3.023725748062134,3.6921344958928586,1511.343100859531,0.46828824281692505,0.40978047251701355,0.12189231812953949,0.13834843039512634,0.004164501093327999,0.2233850508928299
0.014538448303937912,0.05831052362918854,0.1123046875,-0.1377052664756775,3.053870916366577,4.0107804083454806,1513.973536916892,0.47371262311935425,0.4007241427898407,0.12554700672626495,0.14165472984313965,0.003962005954235792,0.22783543169498444
0.014617515727877617,0.05825626850128174,0.10223388671875,-0.15267710387706757,2.943598508834839,3.9853740937793987,1462.3860113605936,0.4960682988166809,0.36472198367118835,0.13920189440250397,0.142961323261261,0.005320096854120493,0.2382371574640274
0.014785198494791985,0.053304366767406464,0.09800910949707031,-0.09321179986000061,2.8405776023864746,3.6052520216470154,1484.0176826933455,0.4773210287094116,0.39010345935821533,0.13256271183490753,0.1382329910993576,0.0044752489775419235,0.2412259578704834
0.015038089826703072,0.05114376172423363,0.09589195251464844,-0.15539811551570892,2.8526687622070312,3.400948013358513,1576.8369773526747,0.4504729211330414,0.3866311013698578,0.16287541389465332,0.13102470338344574,0.004043393302708864,0.22160154581069946
0.01490756031125784,0.05110938847064972,0.10181427001953125,-0.1287912130355835,2.951032876968384,3.4284207073524087,1550.4171282815867,0.46489834785461426,0.3779459595680237,0.15708589553833008,0.1353650987148285,0.0033238306641578674,0.2154698371887207
0.01456036139279604,0.05077701434493065,0.10019779205322266,-0.06927798688411713,2.9210004806518555,3.487345744492716,1437.2170167178451,0.4946719706058502,0.38639262318611145,0.11878396570682526,0.14542409777641296,0.004194566514343023,0.22294560074806213
0.014759870246052742,0.048542387783527374,0.09195327758789062,-0.04017512872815132,2.804816246032715,3.2888085715536923,1466.4649100901954,0.4855639636516571,0.38298362493515015,0.13142696022987366,0.13925838470458984,0.004894551821053028,0.2275494635105133
0.014553551562130451,0.04842856153845787,0.09350061416625977,-0.004391231574118137,2.9320592880249023,3.3276112245443508,1500.8183125579794,0.47439301013946533,0.3945922553539276,0.13101373612880707,0.14036712050437927,0.0034213499166071415,0.22781167924404144
0.014857804402709007,0.05402226746082306,0.09928226470947266,-0.14894013106822968,3.0853066444396973,3.6359522573427663,1463.241526988429,0.47005149722099304,0.41404595971107483,0.1158117726445198,0.14425960183143616,0.0037414217367768288,0.2220715880393982
0.015316802076995373,0.057920947670936584,0.11206865310668945,-0.07146558910608292,3.0811960697174072,3.781530072399887,1517.930330390034,0.4510380029678345,0.42228713631629944,0.12667468190193176,0.1330478936433792,0.004263086710125208,0.21316346526145935
0.015072589740157127,0.05793850123882294,0.10993242263793945,-0.051912542432546616,3.1708812713623047,3.843964589616368,1528.6596001434905,0.4590641260147095,0.41272664070129395,0.12820608913898468,0.13031186163425446,0.004843235947191715,0.21645203232765198
0.01474443357437849,0.054278645664453506,0.10744571685791016,-0.14558105170726776,3.118803024291992,3.6812974460472057,1494.2254036796946,0.48173514008522034,0.3864414095878601,0.1317753940820694,0.140239879488945,0.0038619539700448513,0.23236192762851715
0.014514421112835407,0.05722067877650261,0.10479927062988281,-0.09179385751485825,2.8783905506134033,3.942332823867073,1478.7379001227944,0.5003185868263245,0.3547440469264984,0.1449245661497116,0.1500629186630249,0.004531551152467728,0.22528888285160065
0.014303856529295444,0.05735866352915764,0.10479927062988281,-0.045174259692430496,2.870408296585083,4.010013901333006,1462.6223891351585,0.5076854228973389,0.350687712430954,0.1415763944387436,0.14624038338661194,0.0037483712658286095,0.2379094809293747
0.014982965774834156,0.054569125175476074,0.10056018829345703,-0.058074209839105606,3.0435807704925537,3.642077676202795,1514.6866663468793,0.46644672751426697,0.4050320088863373,0.12848955392837524,0.13176120817661285,0.003576561575755477,0.2284608781337738
0.0155325997620821,0.058763258159160614,0.10472774505615234,-0.17953284084796906,3.1073780059814453,3.783221035465627,1596.9353391757559,0.4298369288444519,0.4318139851093292,0.13834886252880096,0.12848347425460815,0.0033082515001296997,0.20608645677566528
0.015034962445497513,0.058703165501356125,0.10218381881713867,-0.2099180817604065,3.0593862533569336,3.9044437729893624,1581.351747376384,0.4389866888523102,0.4327961206436157,0.12814879417419434,0.134108304977417,0.004833336919546127,0.20164169371128082
0.014660827815532684,0.05256630480289459,0.10031938552856445,-0.11316732317209244,2.9951186180114746,3.5854936338326513,1490.880541423116,0.46880024671554565,0.43456822633743286,0.09629988670349121,0.1368388533592224,0.004055211786180735,0.21919788420200348
0.014695721678435802,0.05252040922641754,0.10031938552856445,-0.10424588620662689,2.997253656387329,3.5738570974647024,1435.9855129427121,0.49544885754585266,0.40295884013175964,0.10152313858270645,0.13803286850452423,0.004043757915496826,0.2332741916179657
0.014730455353856087,0.05587272346019745,0.09647846221923828,-0.20666669309139252,3.0898938179016113,3.7930072162893644,1461.1573299647846,0.4931463301181793,0.3880130350589752,0.11883927136659622,0.14295881986618042,0.004018709063529968,0.2337808907032013
0.014647010713815689,0.05577158182859421,0.1000356674194336,-0.1461857110261917,2.996920108795166,3.80771086431857,1485.101117736869,0.4785378873348236,0.39898815751075745,0.12243665754795074,0.13832946121692657,0.003999470733106136,0.2239035815000534
0.014920320361852646,0.053138863295316696,0.09733438491821289,-0.11803223192691803,2.859480857849121,3.561509538871387,1510.6934905284384,0.4663803279399872,0.40648117661476135,0.127138152718544,0.13174636662006378,0.003851397428661585,0.22058312594890594
0.01528928242623806,0.05314105749130249,0.0982522964477539,-0.1478225588798523,2.923750877380371,3.4757064462770986,1565.641507852986,0.45632725954055786,0.41780561208724976,0.1257372796535492,0.132290780544281,0.003411682555451989,0.21317730844020844
0.01500377245247364,0.04860159754753113,0.09374618530273438,-0.1010044664144516,2.86006498336792,3.239291831320662,1535.8784633663586,0.4674239158630371,0.38965651392936707,0.1429051011800766,0.13688074052333832,0.0038151931948959827,0.22128291428089142
0.014496189542114735,0.047615837305784225,0.09267330169677734,-0.07980865240097046,2.943256378173828,3.284714039104183,1494.488217955326,0.47191107273101807,0.37636327743530273,0.15153157711029053,0.14159689843654633,0.0036323880776762962,0.23534876108169556
0.014579478651285172,0.04865771532058716,0.09629249572753906,-0.0845801830291748,2.851608991622925,3.3374111983737222,1510.4382072489875,0.46345648169517517,0.3969501256942749,0.13954463601112366,0.14285467565059662,0.004162082448601723,0.22764095664024353
0.01447564922273159,0.048805877566337585,0.09623289108276367,-0.09957171231508255,2.823573350906372,3.3715847083614405,1442.31622393524,0.4982641935348511,0.3715989887714386,0.1299622654914856,0.14986717700958252,0.004085151944309473,0.24265573918819427
0.01449400745332241,0.04876745119690895,0.09415626525878906,-0.06806350499391556,2.9953174591064453,3.3646630409566605,1427.141126946508,0.5087320804595947,0.3610638678073883,0.13020358979701996,0.1451842337846756,0.005494819954037666,0.24433104693889618
0.014886491931974888,0.04882856085896492,0.09466886520385742,-0.09252292662858963,2.8554391860961914,3.28005826213531,1520.1954494641757,0.4718630313873291,0.39565885066986084,0.13247796893119812,0.1346435844898224,0.004232965409755707,0.23384155333042145
0.014439273625612259,0.045790378004312515,0.08850574493408203,-0.167131245136261,2.8499529361724854,3.1712383315403554,1490.304979655593,0.48236262798309326,0.37915533781051636,0.13843847811222076,0.148805633187294,0.004920431412756443,0.22542057931423187
0.014406319707632065,0.05019288510084152,0.09668827056884766,-0.09575954079627991,2.8896336555480957,3.484087963893141,1459.568140688419,0.4890657961368561,0.3676815927028656,0.14325250685214996,0.1485535055398941,0.004565982613712549,0.2249777913093567
0.014773995615541935,0.05392434075474739,0.1012873649597168,-0.024584142491221428,2.9424777030944824,3.649949692307351,1482.0097369691377,0.48414960503578186,0.3714168071746826,0.14437586069107056,0.1330755203962326,0.005011480301618576,0.23362800478935242
0.014648995362222195,0.05392240360379219,0.10675668716430664,-0.09964150190353394,3.0452635288238525,3.6809625688850933,1462.9355511136941,0.4882236421108246,0.3852878212928772,0.12648119032382965,0.14023534953594208,0.003589547472074628,0.23662272095680237
0.014584756456315517,0.052868060767650604,0.09702920913696289,-0.12381768971681595,3.001973867416382,3.624884715927683,1480.0979830177391,0.48463165760040283,0.3898167610168457,0.1254912167787552,0.143507719039917,0.00370414974167943,0.22514478862285614
0.01492389664053917,0.046419378370046616,0.09045600891113281,-0.0711946040391922,2.8250112533569336,3.110406047763888,1508.0893262482314,0.4771050810813904,0.38278627395629883,0.14010050892829895,0.1354917585849762,0.003252222668379545,0.23035413026809692
0.015258773230016232,0.04645692929625511,0.08933305740356445,-0.11270804703235626,2.7872071266174316,3.0446044772343135,1499.4053497825842,0.4739086329936981,0.379638671875,0.14642024040222168,0.1266583800315857,0.0030327308923006058,0.2308947592973709
0.014993238262832165,0.05106938257813454,0.09379863739013672,-0.18992933630943298,2.908332586288452,3.4061609426515953,1472.6448948164027,0.47027161717414856,0.38871315121650696,0.14095021784305573,0.1355791985988617,0.003824645886197686,0.2243226021528244
0.014861139468848705,0.051306065171957016,0.09961843490600586,-0.19834919273853302,3.0097851753234863,3.4523641525638236,1498.8643564757958,0.4564324617385864,0.4136184751987457,0.12992970645427704,0.13952934741973877,0.00467390101402998,0.20899227261543274
0.014993072487413883,0.05133543536067009,0.09961843490600586,-0.10991185158491135,3.0983259677886963,3.423943651332327,1504.689120721441,0.46206140518188477,0.4243582487106323,0.11355651915073395,0.13390295207500458,0.004560224711894989,0.2100953459739685
0.015039900317788124,0.05431048199534416,0.10746479034423828,-0.039749812334775925,3.075277328491211,3.611093214992821,1505.1339022059483,0.46598896384239197,0.41301077604293823,0.12098728865385056,0.13458296656608582,0.0038323230110108852,0.2226572334766388
0.014700666069984436,0.0542212575674057,0.10746479034423828,-0.053546253591775894,3.0111966133117676,3.688353800133272,1455.0433921354063,0.4905296266078949,0.37867942452430725,0.13079047203063965,0.14440494775772095,0.003940291702747345,0.22288097441196442
0.014559238217771053,0.05568646639585495,0.10029077529907227,-0.1758686900138855,3.069761276245117,3.8248200598887823,1425.4646554323258,0.5004784464836121,0.38894355297088623,0.11054762452840805,0.1434028446674347,0.004127306863665581,0.22860698401927948
0.014891007915139198,0.055575549602508545,0.0962972640991211,-0.19732429087162018,2.9315779209136963,3.732154996860525,1468.8144681842632,0.4744103252887726,0.41913890838623047,0.10639891028404236,0.13578377664089203,0.005552834831178188,0.21368567645549774
0.01537070982158184,0.04951396957039833,0.09586334228515625,-0.10641732811927795,2.8646128177642822,3.2213196489894695,1506.5927544406854,0.4580552279949188,0.4273129999637604,0.11451862007379532,0.1264735907316208,0.003801333252340555,0.21232108771800995
0.015523848123848438,0.05263262987136841,0.1020956039428711,-0.03652717545628548,3.023829460144043,3.3904370519524307,1582.0895184602011,0.43409401178359985,0.45457062125205994,0.11080953478813171,0.1268005669116974,0.0038282976020127535,0.19956520199775696
0.014981303364038467,0.05447397008538246,0.10064840316772461,-0.036849480122327805,2.9853734970092773,3.6361302323339335,1584.1827064330773,0.43898501992225647,0.4505138695240021,0.1103973388671875,0.1348208338022232,0.0032656460534781218,0.2055433988571167
0.014976294711232185,0.0545443557202816,0.10631084442138672,-0.1139199510216713,2.9086925983428955,3.6420460980733385,1480.9475038304813,0.46617546677589417,0.4143942892551422,0.11939142644405365,0.13050971925258636,0.004280125722289085,0.21966424584388733
0.01540291216224432,0.05619904771447182,0.1041412353515625,-0.13132625818252563,2.971980571746826,3.6485988570770758,1494.3017740765904,0.4606993496417999,0.4119549095630646,0.12727442383766174,0.13165253400802612,0.0032847535330802202,0.21803414821624756
0.015090340748429298,0.05608027055859566,0.10692596435546875,-0.08219356089830399,3.0476198196411133,3.71630246723995,1491.4394051963445,0.4667547643184662,0.41596320271492004,0.1172812432050705,0.13649342954158783,0.0027840484399348497,0.2247464656829834
0.014638928696513176,0.051129117608070374,0.10195493698120117,-0.024745101109147072,3.021681785583496,3.4926816479921823,1462.8786655903266,0.4716896414756775,0.42273423075675964,0.10556825250387192,0.13671134412288666,0.003787221619859338,0.2320398986339569
0.01448115985840559,0.05113957077264786,0.09735822677612305,-0.13870342075824738,2.9936788082122803,3.5314554406657166,1506.8189901431979,0.4729609191417694,0.39900580048561096,0.1279163956642151,0.1436697542667389,0.004124791827052832,0.2193596214056015
0.014424901455640793,0.049962300807237625,0.09893178939819336,-0.13356707990169525,3.0311689376831055,3.463614705266252,1471.4936920706114,0.4979970157146454,0.3639405369758606,0.13803838193416595,0.1498103141784668,0.0035715715494006872,0.23190747201442719
0.014413021504878998,0.05196598172187805,0.10103225708007812,-0.10969644784927368,3.0946779251098633,3.605488391221882,1419.6918191375348,0.5081548094749451,0.35450640320777893,0.13705937564373016,0.1418953388929367,0.0035120146349072456,0.25569775700569153
0.014398397877812386,0.05201108753681183,0.09342432022094727,-0.19250990450382233,3.0429694652557373,3.6122829758266013,1456.5153591400763,0.4809625744819641,0.38803672790527344,0.13097918033599854,0.14090684056282043,0.0036365275736898184,0.2377953976392746
0.014734428375959396,0.05206543579697609,0.09649038314819336,-0.10897980630397797,2.9046213626861572,3.5335904770077233,1495.7350101900463,0.45697522163391113,0.42373237013816833,0.11919022351503372,0.14406909048557281,0.0034617215860635042,0.2129652351140976
0.014825398102402687,0.04748563840985298,0.09236812591552734,-0.07379137724637985,2.9252383708953857,3.202992464597237,1474.1954126578753,0.4700412154197693,0.3969712257385254,0.13295991718769073,0.1395236998796463,0.004154774360358715,0.2164849042892456
0.014793500304222107,0.057365190237760544,0.10225534439086914,-0.15402549505233765,2.994006872177124,3.8777293442519905,1490.935289290389,0.47130605578422546,0.39209437370300293,0.13659162819385529,0.13286249339580536,0.004025681875646114,0.21868298947811127
0.014919478446245193,0.057315338402986526,0.10402202606201172,-0.15636283159255981,2.9926199913024902,3.841644907739353,1496.4971483734255,0.46895408630371094,0.4057900309562683,0.12525594234466553,0.13849736750125885,0.004569596145302057,0.21764719486236572
0.014982195571064949,0.051225095987319946,0.0983881950378418,-0.13445526361465454,2.923229932785034,3.4190646985567117,1465.216588931437,0.4776223301887512,0.3993138074874878,0.12306220084428787,0.13722246885299683,0.004336309619247913,0.22719110548496246
0.015288911759853363,0.06452783942222595,0.1151275634765625,-0.15505646169185638,3.068572998046875,4.220564578536378,1471.5741106414573,0.4622005522251129,0.4348173141479492,0.10297475010156631,0.1288769543170929,0.004295009188354015,0.21246904134750366
0.014910409227013588,0.06456369906663895,0.1165914535522461,-0.09962941706180573,3.191859722137451,4.330109125733253,1422.1549014243385,0.4861578345298767,0.40334466099739075,0.1104791909456253,0.13425062596797943,0.00371777662076056,0.2175159752368927
0.014613035134971142,0.0519508495926857,0.10203838348388672,-0.060065221041440964,3.0177488327026367,3.5551033107971235,1388.7816678783513,0.5070443153381348,0.3695126175880432,0.12342172861099243,0.14101214706897736,0.004015413578599691,0.22335000336170197
0.014765042811632156,0.06426841765642166,0.11440753936767578,-0.009432343766093254,3.098994493484497,4.352741707016057,1451.1465536237106,0.48554185032844543,0.38215285539627075,0.13230377435684204,0.14227236807346344,0.003382009919732809,0.23346182703971863
0.014912926591932774,0.06438048928976059,0.11729001998901367,0.0010479494230821729,3.235670566558838,4.317092885059225,1473.1563560045288,0.471447229385376,0.401923269033432,0.12662316858768463,0.13182207942008972,0.003968182485550642,0.22503548860549927
0.014855223707854748,0.05575476959347725,0.10863542556762695,-0.1084485650062561,3.107412815093994,3.7532096915002042,1408.147491810447,0.4791869521141052,0.40849921107292175,0.11231303960084915,0.13527025282382965,0.003320771735161543,0.2245573252439499
0.014595367945730686,0.049582261592149734,0.0951695442199707,-0.09784021973609924,3.0041117668151855,3.3971230991306385,1411.495057546094,0.48264533281326294,0.3941151201725006,0.12320011109113693,0.14622171223163605,0.003783538704738021,0.22062815725803375
0.014741229824721813,0.04964771121740341,0.09447336196899414,-0.027276623994112015,2.902632236480713,3.3679490656046656,1540.1959703106556,0.4526478350162506,0.4154979884624481,0.1318540722131729,0.13943180441856384,0.00380053767003119,0.2165064811706543
0.014817035757005215,0.05433037504553795,0.09870290756225586,-0.0699131116271019,2.7757818698883057,3.666750619548503,1498.108665714301,0.4737233817577362,0.4088437259197235,0.11743214726448059,0.13596391677856445,0.003584775375202298,0.22774779796600342
0.015081985853612423,0.054329726845026016,0.10442733764648438,-0.10269215703010559,2.8666603565216064,3.602292653550707,1463.4126141312158,0.48158159852027893,0.3973395526409149,0.12107467651367188,0.13441747426986694,0.0034766404423862696,0.22625267505645752
0.014963037334382534,0.06433211266994476,0.11448144912719727,-0.0839838758111,3.0509872436523438,4.2994020016124015,1480.0036141683395,0.47093665599823,0.40200066566467285,0.12705782055854797,0.13864724338054657,0.003795162308961153,0.2194216400384903
0.014562249183654785,0.0643158033490181,0.10530710220336914,-0.14466804265975952,3.186340570449829,4.416611921240295,1466.1702844940446,0.4732985198497772,0.3866962194442749,0.13984449207782745,0.1416534185409546,0.004428977146744728,0.2209906131029129
0.014646965079009533,0.060598861426115036,0.11094093322753906,-0.132985457777977,3.0565600395202637,4.137298143000392,1482.898293515397,0.4673011600971222,0.3795388340950012,0.15281642973423004,0.14187796413898468,0.0031573225278407335,0.22024665772914886
0.015481417067348957,0.07075808197259903,0.1394200325012207,-0.018459301441907883,3.233116865158081,4.57051713420089,1580.917914888171,0.44359275698661804,0.4133874773979187,0.14292608201503754,0.1366555243730545,0.003589258762076497,0.21201246976852417
0.015442569740116596,0.07085800915956497,0.1394200325012207,-0.035261329263448715,3.264151096343994,4.588485617837429,1590.6957145594565,0.4450145661830902,0.4160694479942322,0.13891226053237915,0.12436368316411972,0.003948643337935209,0.22351139783859253
0.014854692853987217,0.054136574268341064,0.1019430160522461,-0.12853971123695374,2.9750869274139404,3.6444088610129426,1499.0752089353957,0.4580513536930084,0.4279552400112152,0.11398578435182571,0.13258035480976105,0.005159889813512564,0.21874916553497314
0.01500763650983572,0.0541951060295105,0.10327339172363281,-0.1341749131679535,2.9598727226257324,3.611168620080909,1509.898879676855,0.4491562843322754,0.43454810976982117,0.11620079725980759,0.13697361946105957,0.004988390486687422,0.20404940843582153
0.01533382385969162,0.057010237127542496,0.1088094711303711,-0.1473958045244217,3.117888927459717,3.7179400027992164,1487.1150502744974,0.45415881276130676,0.4211678206920624,0.12448479980230331,0.12735076248645782,0.0044985003769397736,0.21146225929260254
0.015224460512399673,0.057056818157434464,0.1088094711303711,-0.15508714318275452,3.1486265659332275,3.7477070604384575,1490.532409631093,0.4502584636211395,0.42291077971458435,0.12679816782474518,0.12948386371135712,0.0031383554451167583,0.22382979094982147
0.014695808291435242,0.051908280700445175,0.10029792785644531,-0.09480857104063034,2.958554267883301,3.5321827603838085,1464.597825826095,0.46535640954971313,0.41269388794898987,0.1219104677438736,0.13830123841762543,0.004712535534054041,0.2304380089044571
0.01473686471581459,0.05532781779766083,0.1025533676147461,-0.02342880330979824,3.009570360183716,3.7543818757142033,1455.4256389833374,0.47966235876083374,0.39661386609077454,0.12371336668729782,0.13884074985980988,0.0040297238156199455,0.23054663836956024
0.015023771673440933,0.05539092794060707,0.10605096817016602,-0.026849640533328056,3.1204612255096436,3.686885633042495,1482.2467124172713,0.463398277759552,0.408406138420105,0.1281687617301941,0.1332973837852478,0.003168445313349366,0.22029034793376923
0.015194387175142765,0.06139936298131943,0.10827302932739258,-0.18114231526851654,3.279848575592041,4.040923945766282,1486.981520482347,0.45076435804367065,0.41967013478279114,0.1294528692960739,0.12864969670772552,0.0028873051051050425,0.21375474333763123
0.015262937173247337,0.06140608340501785,0.10717153549194336,-0.2294919788837433,3.229980945587158,4.023215368312356,1529.64162887062,0.43106523156166077,0.44038712978363037,0.1285461038351059,0.13226135075092316,0.0034639593213796616,0.19656704366207123
0.015196690335869789,0.053726885467767715,0.10171175003051758,-0.11885911226272583,3.114122152328491,3.5354333263879854,1513.1285010242602,0.43389996886253357,0.45244359970092773,0.11344103515148163,0.1331290900707245,0.003974716179072857,0.20755398273468018
0.015018749050796032,0.054015692323446274,0.10205268859863281,-0.16727127134799957,3.1947250366210938,3.5965506938799776,1484.0110784064045,0.46727678179740906,0.40906035900115967,0.12365421652793884,0.13112589716911316,0.0033077446278184652,0.2276746779680252
0.014763307757675648,0.05392906069755554,0.0965571403503418,-0.17159312963485718,2.992676019668579,3.652911771473718,1456.6786052749542,0.48024192452430725,0.39792880415916443,0.12181219458580017,0.14061233401298523,0.003955604042857885,0.22581589221954346
0.01474903617054224,0.055526815354824066,0.10828495025634766,-0.0003790253249462694,2.900804042816162,3.764775861216013,1442.079071897972,0.47886964678764343,0.397788941860199,0.12320928275585175,0.14648203551769257,0.0037361611612141132,0.21367862820625305
0.015415918081998825,0.058286041021347046,0.1153421401977539,0.025696992874145508,3.0767009258270264,3.780899762669781,1526.8073920477673,0.4391172528266907,0.43914470076560974,0.12169468402862549,0.13030080497264862,0.004200759809464216,0.19813092052936554
0.015767129138112068,0.059049855917692184,0.1173090934753418,-0.09975279867649078,3.104332685470581,3.7451241374824944,1578.223844154191,0.41431745886802673,0.45512980222702026,0.13052579760551453,0.11875039339065552,0.0031255637295544147,0.19890564680099487
0.01550547406077385,0.05898315832018852,0.11348962783813477,-0.11242233961820602,2.9731662273406982,3.804021604576517,1558.251884727647,0.43559500575065613,0.4117746949195862,0.1526293158531189,0.12821371853351593,0.003818855620920658,0.20957712829113007
0.015366235747933388,0.05838799849152565,0.10530233383178711,-0.003328037215396762,2.9795632362365723,3.7997593845049864,1557.8572476683364,0.4391528069972992,0.42175254225730896,0.13908186554908752,0.13106660544872284,0.004005021881312132,0.2102077603340149
0.015066771768033504,0.06121310219168663,0.11963605880737305,-0.07484928518533707,3.084383726119995,4.062788175865047,1504.8296153376323,0.45619863271713257,0.43157026171684265,0.11222653090953827,0.13098903000354767,0.004263463895767927,0.20999914407730103
0.014907230623066425,0.06118948012590408,0.10668039321899414,-0.11877524107694626,2.9803502559661865,4.104684610374176,1474.0601132292682,0.46401533484458923,0.4256587624549866,0.11029854416847229,0.1343223750591278,0.0032083371188491583,0.21567337214946747
0.015451092272996902,0.06309691071510315,0.10946035385131836,-0.06169288605451584,3.038672924041748,4.083653737625449,1475.3271746007329,0.4431430995464325,0.44876202940940857,0.10809160023927689,0.1270219385623932,0.0041429526172578335,0.2170085608959198
0.015845119953155518,0.06309548765420914,0.12256383895874023,0.0057475087232887745,3.2382354736328125,3.9820138841966806,1546.4594391594103,0.4226078391075134,0.44517892599105835,0.13214905560016632,0.12195484340190887,0.0031997403129935265,0.20593109726905823
0.015596393495798111,0.05946793779730797,0.117034912109375,-0.01777104288339615,3.158264636993408,3.8129287908462004,1600.698285644351,0.41223782300949097,0.440912127494812,0.1465837061405182,0.12230586260557175,0.002959446981549263,0.19283196330070496
0.015428257174789906,0.053409889340400696,0.1059412956237793,-0.11541980504989624,3.0192623138427734,3.4618225980969353,1553.2666046944018,0.43674522638320923,0.4405546188354492,0.12250900268554688,0.12699228525161743,0.0027796539943665266,0.20565687119960785
0.015623693354427814,0.05340929329395294,0.1059412956237793,-0.07588851451873779,3.141289472579956,3.4184806421202616,1557.8052939667903,0.43828049302101135,0.4386175274848938,0.12288164347410202,0.12558743357658386,0.0031976457685232162,0.20963625609874725
0.015602976083755493,0.06238372251391411,0.11786222457885742,-0.037698373198509216,3.1939706802368164,3.9981938173233886,1552.9467405911305,0.42811766266822815,0.4536246955394745,0.11788157373666763,0.12154324352741241,0.0039901891723275185,0.20753242075443268
0.015588424168527126,0.06227000430226326,0.11786222457885742,-0.009053145535290241,3.0615808963775635,3.9946311201866798,1551.068595651308,0.4210564196109772,0.4681423306465149,0.11074121296405792,0.12186907976865768,0.0032406786922365427,0.19889844954013824
0.015594907104969025,0.060024093836545944,0.11869430541992188,-0.03295562416315079,3.040144205093384,3.8489548817877495,1574.0321758426742,0.4093165099620819,0.4740346074104309,0.11663294583559036,0.1281268447637558,0.003405652241781354,0.19451168179512024
0.015818960964679718,0.06367615610361099,0.1222085952758789,-0.11164982616901398,3.157227039337158,4.025305849212261,1589.2029354172937,0.4056774973869324,0.48323601484298706,0.11100443452596664,0.12309236079454422,0.003300477284938097,0.19629472494125366
0.015580124221742153,0.06361371278762817,0.11692285537719727,-0.16189518570899963,3.1271376609802246,4.083004209605201,1529.1562115522452,0.4350661337375641,0.4666489064693451,0.09826238453388214,0.12470857799053192,0.003918588161468506,0.20381881296634674
0.01505789440125227,0.05322658643126488,0.10630130767822266,-0.17724986374378204,3.059415817260742,3.5347961015919704,1518.5881938406642,0.44311586022377014,0.44890883564949036,0.10795549303293228,0.1334886997938156,0.003500173334032297,0.20920293033123016
0.015517125837504864,0.05478571355342865,0.10407209396362305,-0.1501079648733139,3.041194200515747,3.5306611626156323,1541.4320764495137,0.42539069056510925,0.46191707253456116,0.11267779767513275,0.13304798305034637,0.0042336806654930115,0.19272153079509735
0.015458242036402225,0.05486924201250076,0.10384082794189453,-0.04593963921070099,3.043625831604004,3.5495137079456414,1527.0347201990817,0.4306950271129608,0.4567869305610657,0.11244190484285355,0.1254117488861084,0.003685148898512125,0.2000310719013214
0.014851310290396214,0.048936877399683,0.09497880935668945,-0.046907782554626465,2.9889047145843506,3.29512187406343,1499.366523306257,0.44814321398735046,0.436761736869812,0.11502327769994736,0.13016222417354584,0.004910649266093969,0.21026469767093658
0.014810633845627308,0.047284550964832306,0.0913548469543457,-0.08797380328178406,2.9619851112365723,3.192608193173312,1460.0482033912972,0.47216764092445374,0.4100460410118103,0.11778436601161957,0.14383399486541748,0.004796280059963465,0.22087903320789337
0.01528937928378582,0.055065885186195374,0.10211706161499023,-0.002024009358137846,3.0100960731506348,3.6015775500441944,1530.6506593174006,0.43793532252311707,0.4553520977497101,0.10669626295566559,0.12902520596981049,0.004474729299545288,0.21425406634807587
0.015174747444689274,0.05503519997000694,0.10616064071655273,-0.009989405982196331,3.093846559524536,3.6267621696492167,1510.3114451343422,0.4420478940010071,0.456837922334671,0.10111045092344284,0.1259426474571228,0.003333632368594408,0.22050726413726807
0.015319256111979485,0.05909832939505577,0.11111736297607422,-0.010315237566828728,3.1362416744232178,3.8577806232369056,1506.5475454579644,0.45517659187316895,0.41384264826774597,0.13097716867923737,0.129399374127388,0.0036967163905501366,0.22076153755187988
0.015218350104987621,0.05915047973394394,0.11111736297607422,-0.054381001740694046,2.9705140590667725,3.8867866307446386,1500.865725776241,0.45627328753471375,0.4117739200592041,0.13195034861564636,0.13382770121097565,0.003086175536736846,0.22235950827598572
0.014905648306012154,0.04655513912439346,0.09187459945678711,-0.037619512528181076,2.8026344776153564,3.1233219894563224,1459.3109518556896,0.4669642448425293,0.4259219169616699,0.10697521269321442,0.13644638657569885,0.0035356248263269663,0.21636633574962616
0.015131618827581406,0.04694646969437599,0.0934147834777832,0.04183987155556679,2.925488233566284,3.102541124397147,1510.65625082959,0.45081186294555664,0.435726135969162,0.1134287565946579,0.1293555349111557,0.004203564487397671,0.2201889008283615
0.014997131191194057,0.06193096563220024,0.11491775512695312,0.019331151619553566,3.215487241744995,4.1295208289192695,1508.4261034788829,0.4642859399318695,0.4099603593349457,0.1257534921169281,0.13727428019046783,0.0038746451027691364,0.2333739846944809
0.015087706968188286,0.06195539981126785,0.11602163314819336,-0.09106332063674927,3.2330751419067383,4.106349622099072,1500.2061855310997,0.4639585316181183,0.407537043094635,0.12847000360488892,0.13584350049495697,0.003331555984914303,0.21993835270404816
0.014849172905087471,0.05414599925279617,0.09982824325561523,-0.13574405014514923,2.942427396774292,3.6463983277209215,1465.4455320867721,0.45914700627326965,0.4254497289657593,0.11536765098571777,0.13365669548511505,0.0034710834734141827,0.2038710117340088
0.014891006052494049,0.050996437668800354,0.0945901870727539,-0.08958794176578522,2.7870032787323,3.4246468966302293,1459.9263413366866,0.46213799715042114,0.42549630999565125,0.11235348880290985,0.13960225880146027,0.00469187693670392,0.2078431099653244
0.014889425598084927,0.04988351836800575,0.09422779083251953,-0.08527871966362,2.78194260597229,3.350264792690961,1463.5682008724386,0.47379669547080994,0.40937307476997375,0.1168300211429596,0.13939085602760315,0.0036589133087545633,0.22847966849803925
0.015010282397270203,0.058582279831171036,0.11518001556396484,-0.08750200271606445,3.018631935119629,3.9028099723108545,1521.7005324748163,0.4599911570549011,0.408103883266449,0.13190065324306488,0.13430193066596985,0.004594266414642334,0.21408037841320038
0.014852778986096382,0.0587054118514061,0.11518001556396484,-0.07098586112260818,3.1023428440093994,3.9524867300865028,1519.6836031842922,0.46389588713645935,0.3917368948459625,0.14431175589561462,0.13369400799274445,0.00392052810639143,0.22296415269374847
0.014974907971918583,0.05307822674512863,0.10510683059692383,-0.05004231631755829,2.9644594192504883,3.544477658301347,1478.2050000169736,0.4678376019001007,0.4097111225128174,0.12242534011602402,0.13440878689289093,0.00381869962438941,0.21888965368270874
0.015419495292007923,0.055805061012506485,0.10626554489135742,-0.0731198787689209,2.956512689590454,3.619123710087429,1498.3337670670053,0.4455552399158478,0.4437587261199951,0.11058133840560913,0.13140715658664703,0.0031933586578816175,0.20550519227981567
0.014924523420631886,0.05760205164551735,0.10580301284790039,-0.12524822354316711,3.1574883460998535,3.8595571877375896,1469.0386887863017,0.45721670985221863,0.42602041363716125,0.11662725359201431,0.1302095353603363,0.0052450490184128284,0.22066377103328705
0.014792891219258308,0.05757979676127434,0.10580301284790039,-0.12558692693710327,3.0701186656951904,3.8923964155445807,1491.7288100158908,0.46034151315689087,0.4183318614959717,0.12127906084060669,0.1358836442232132,0.004393204115331173,0.23058854043483734
0.015026692301034927,0.053168803453445435,0.10360002517700195,0.024777375161647797,2.9301867485046387,3.5382905555499575,1511.6576804041727,0.46794354915618896,0.4048289358615875,0.12705667316913605,0.13940052688121796,0.004155277740210295,0.21721556782722473
0.014876014553010464,0.05324110761284828,0.10360002517700195,0.052370019257068634,3.091607093811035,3.578990019103932,1507.5302754243355,0.466781884431839,0.41142770648002625,0.12173880636692047,0.13691647350788116,0.004118803422898054,0.21684764325618744
0.015023131854832172,0.051878660917282104,0.10276317596435547,-0.12512797117233276,3.007662057876587,3.4532520525766497,1521.2775166674414,0.4518853425979614,0.42324721813201904,0.12484163045883179,0.13110321760177612,0.003977205138653517,0.21429476141929626
0.015310229733586311,0.0569559708237648,0.10775327682495117,-0.15540817379951477,2.9166066646575928,3.7201251588733113,1483.739080437267,0.45252525806427,0.42590203881263733,0.12157249450683594,0.13111454248428345,0.0042071230709552765,0.22021447122097015
0.01486735139042139,0.05686647817492485,0.10604381561279297,-0.053033247590065,2.9003777503967285,3.824923261566103,1434.1419441022158,0.46761393547058105,0.4122548997402191,0.12011343240737915,0.13914957642555237,0.0031768623739480972,0.2250281125307083
0.014686058275401592,0.05603476241230965,0.1059412956237793,-0.06834398955106735,2.9598236083984375,3.8155072898185036,1511.1281896323544,0.4628724455833435,0.39006155729293823,0.1470547765493393,0.13911476731300354,0.003578271484002471,0.2235683798789978
0.014977854676544666,0.05604255199432373,0.1059412956237793,-0.0328681543469429,2.9276092052459717,3.741694201262663,1585.1492268913644,0.44659164547920227,0.40520280599594116,0.1482052356004715,0.1370224803686142,0.00311160646378994,0.21484996378421783
0.0154234254732728,0.04958684742450714,0.09394645690917969,0.07208719849586487,2.8285558223724365,3.21503465667993,1569.0350127614286,0.4451361298561096,0.4198819398880005,0.13495825231075287,0.1311468929052353,0.00374649278819561,0.20538000762462616
0.015549852512776852,0.061465825885534286,0.11106014251708984,0.0028077613096684217,2.9799399375915527,3.952823721709053,1561.3310012257168,0.42966920137405396,0.4521661698818207,0.11807794868946075,0.12529021501541138,0.0033723933156579733,0.20451712608337402
0.015387031249701977,0.06134604290127754,0.10917186737060547,-0.15834520757198334,3.231092691421509,3.9868667257355996,1521.4983283596487,0.4327913820743561,0.45877549052238464,0.10836509615182877,0.1273634284734726,0.004845458548516035,0.20986156165599823
0.015072031877934933,0.061173953115940094,0.10757684707641602,-0.22374434769153595,3.2339699268341064,4.058772805638662,1532.5470683938097,0.45183509588241577,0.4225667715072632,0.1255655586719513,0.1314590573310852,0.004566725809127092,0.22033697366714478
0.0148118631914258,0.054016195237636566,0.09804964065551758,-0.1634182631969452,3.0902786254882812,3.6468197508911846,1558.4782214534803,0.45893216133117676,0.41054487228393555,0.13051864504814148,0.1414627581834793,0.004295273683965206,0.21556468307971954
0.01488671638071537,0.053483400493860245,0.10045051574707031,-0.03546260669827461,3.0350029468536377,3.5926929164547867,1549.0745800923435,0.4497279226779938,0.4371098577976227,0.11312257498502731,0.13628365099430084,0.0033350572921335697,0.2106308937072754
0.015269601717591286,0.06043969467282295,0.11862993240356445,-0.06770996004343033,3.2320170402526855,3.9581709979531072,1548.905789377477,0.4425683915615082,0.44967010617256165,0.10774274170398712,0.12284574657678604,0.003916888497769833,0.2141270935535431
0.015588662587106228,0.06651435792446136,0.12685775756835938,-0.06585505604743958,3.3424935340881348,4.266841850513219,1547.3315121651071,0.4396412670612335,0.44295960664749146,0.11739860475063324,0.1266585886478424,0.00299819721840322,0.21328817307949066
0.015692126005887985,0.06659524887800217,0.11957168579101562,-0.034718602895736694,3.009371757507324,4.243864014905979,1578.0414763488486,0.41283997893333435,0.46581438183784485,0.1213226392865181,0.12489497661590576,0.0033518346026539803,0.19028706848621368
0.015236854553222656,0.05292416363954544,0.0926518440246582,-0.1616382747888565,2.903414726257324,3.473431045181063,1519.4517109931917,0.43698522448539734,0.4546414315700531,0.10830443352460861,0.127801313996315,0.0038014103192836046,0.20730771124362946
0.01462949626147747,0.06735064089298248,0.11964082717895508,-0.1546483039855957,3.1182000637054443,4.603756662881625,1459.0736952866125,0.4907905161380768,0.38542038202285767,0.12365411967039108,0.14226889610290527,0.004648851230740547,0.23905465006828308
0.014368818141520023,0.06738430261611938,0.11964082717895508,-0.1260429471731186,3.0149829387664795,4.689620395202624,1439.2194600126584,0.49941396713256836,0.36153772473335266,0.13892169296741486,0.147983580827713,0.0038136227522045374,0.2465202361345291
0.014666120521724224,0.06416486203670502,0.10410308837890625,-0.2115473449230194,3.0666089057922363,4.375039870788299,1443.4598920416336,0.4848846197128296,0.3921593427658081,0.12282006442546844,0.1397802084684372,0.0033244641963392496,0.23457662761211395
0.015022804029285908,0.06423012912273407,0.10868072509765625,-0.21140269935131073,3.2460601329803467,4.27550868621107,1497.975356974827,0.4510572850704193,0.4272419810295105,0.12170004099607468,0.13317695260047913,0.0035840636119246483,0.20267009735107422
0.015041652135550976,0.0568610355257988,0.101318359375,-0.0898674950003624,3.071788787841797,3.7802387004833986,1503.6120476749938,0.4522676467895508,0.40504053235054016,0.14255408942699432,0.1375478059053421,0.0033914954401552677,0.2038087099790573
0.01506300363689661,0.056069787591695786,0.10181903839111328,-0.0465993657708168,3.010282516479492,3.722351062216522,1521.6926211974453,0.45992112159729004,0.3953566551208496,0.14468611776828766,0.13663482666015625,0.004308527335524559,0.21141494810581207
0.015310177579522133,0.05617710202932358,0.10450363159179688,-0.009938046336174011,3.061270236968994,3.6692652148459097,1583.078031510568,0.4339010715484619,0.4266589879989624,0.1393553912639618,0.12437915056943893,0.003905859077349305,0.21324469149112701
0.015200816094875336,0.052240584045648575,0.10060548782348633,0.006136971525847912,2.9192135334014893,3.436696011329536,1563.1474902787236,0.4420536458492279,0.4099957048892975,0.1477113515138626,0.13436783850193024,0.004308681935071945,0.21588896214962006
0.014455227181315422,0.04940596967935562,0.09743690490722656,-0.09050323069095612,2.776111125946045,3.4178618610573666,1456.2526415660423,0.4813098907470703,0.39312997460365295,0.12549380958080292,0.1494481861591339,0.004172481596469879,0.23156727850437164
0.014440389350056648,0.05008365586400032,0.0914907455444336,-0.14439144730567932,2.829575538635254,3.468303703344089,1429.4486117218567,0.4843643009662628,0.4095053970813751,0.10612261295318604,0.14425988495349884,0.005211398471146822,0.23434315621852875
0.015408662147819996,0.07124053686857224,0.12134313583374023,-0.14657023549079895,3.1916325092315674,4.623408325818077,1563.628197553859,0.42156508564949036,0.46801745891571045,0.11041384190320969,0.12439226359128952,0.0034102171193808317,0.21037770807743073
0.015385658480226994,0.07127151638269424,0.12134313583374023,-0.04959908872842789,3.1610300540924072,4.632334486668678,1569.9664374550252,0.4294866621494293,0.44299376010894775,0.127454936504364,0.12683384120464325,0.0037298814859241247,0.20347058773040771
0.014688474126160145,0.04495299980044365,0.08982419967651367,0.027408551424741745,2.68440318107605,3.060426795273582,1475.7058044855935,0.48317238688468933,0.36220309138298035,0.15459537506103516,0.14612823724746704,0.003903698641806841,0.23223601281642914
0.014706360176205635,0.057809166610240936,0.10317564010620117,-0.10668398439884186,2.8910932540893555,3.930895606639854,1490.2119626678732,0.4729810655117035,0.38171714544296265,0.14529873430728912,0.1366576850414276,0.003998325672000647,0.23219244182109833
0.0148649662733078,0.057830654084682465,0.10317564010620117,-0.07530862092971802,3.022249698638916,3.890399279589041,1523.736694635895,0.45691540837287903,0.4219062328338623,0.121174655854702,0.13134297728538513,0.0038823557551950216,0.22185063362121582
0.01478863600641489,0.049584098160266876,0.093231201171875,-0.03411125764250755,2.8040573596954346,3.3528513471699384,1491.997524186717,0.4633614718914032,0.4217948317527771,0.11475164443254471,0.14162388443946838,0.003965424839407206,0.21118898689746857
0.014865104109048843,0.05626026168465614,0.10361433029174805,-0.11587915569543839,3.0752460956573486,3.784720326756681,1474.3479055810146,0.46764782071113586,0.40018805861473083,0.13215316832065582,0.13739779591560364,0.00330853252671659,0.2193865329027176
0.015288864262402058,0.0562150739133358,0.11059761047363281,-0.0986781194806099,3.182610034942627,3.676863954368504,1520.2297627099142,0.4502379298210144,0.40426889061927795,0.14540395140647888,0.12564431130886078,0.004139505326747894,0.22404657304286957
0.015532536432147026,0.054374560713768005,0.1071619987487793,-0.036792341619729996,3.1081652641296387,3.500687794797675,1565.2573170486614,0.427573561668396,0.44480186700820923,0.12759219110012054,0.1275789439678192,0.004007113166153431,0.20726628601551056
0.01537635549902916,0.054706308990716934,0.10586261749267578,0.0004387452208902687,3.1847662925720215,3.5578202513991815,1615.9470970645598,0.4144412577152252,0.4599761664867401,0.1255774199962616,0.12846510112285614,0.002790449419990182,0.1943126767873764
0.015384018421173096,0.05818634480237961,0.1101231575012207,-0.16351260244846344,3.0444459915161133,3.7822591734884567,1484.8135507953389,0.4942527711391449,0.3543550670146942,0.1511809378862381,0.12192777544260025,0.0035633184015750885,0.24296478927135468
0.015523781068623066,0.058286380022764206,0.1101231575012207,-0.14271074533462524,3.029874324798584,3.754650993939807,1538.0992742884039,0.48244768381118774,0.34574517607688904,0.17160990834236145,0.11760406196117401,0.0029399683699011803,0.24614650011062622
0.015313942916691303,0.047942519187927246,0.09572982788085938,-0.010245654731988907,2.772117853164673,3.130645023662851,1457.193186939938,0.4976063370704651,0.37883925437927246,0.1233440712094307,0.12573744356632233,0.003676138585433364,0.24477744102478027
0.015269249677658081,0.06030232086777687,0.10551214218139648,-0.07886413484811783,2.954850673675537,3.949265493514182,1429.389753999581,0.5060040354728699,0.37362244725227356,0.12036903202533722,0.12345362454652786,0.0035702029708772898,0.24465082585811615
0.015360756777226925,0.06022445112466812,0.10497808456420898,-0.08071648329496384,2.9929821491241455,3.9206695343313522,1436.3027949616232,0.5128553509712219,0.353895902633667,0.13284696638584137,0.12196239829063416,0.0034232845064252615,0.25719091296195984
0.015375984832644463,0.06390437483787537,0.1079869270324707,-0.14291562139987946,3.0465638637542725,4.156115886511873,1464.162170133509,0.5006171464920044,0.3705506920814514,0.12871384620666504,0.1248323991894722,0.004333084914833307,0.2574808597564697
0.015175473876297474,0.06397707015275955,0.10956764221191406,-0.20463231205940247,3.111466646194458,4.215820255107112,1422.9698086906583,0.5055555105209351,0.3825216591358185,0.11191971600055695,0.1298336535692215,0.003909878898411989,0.2519581913948059
0.014839285053312778,0.05370199307799339,0.09939193725585938,-0.15338048338890076,2.9373269081115723,3.6189070350384465,1357.7685208631542,0.5286682844161987,0.3695333003997803,0.10178156942129135,0.13453409075737,0.00419272854924202,0.2592322826385498
0.014879212714731693,0.05376415699720383,0.09499073028564453,-0.13875959813594818,2.831716537475586,3.61337377349,1397.1697046064555,0.5215734243392944,0.37167292833328247,0.10672682523727417,0.1273154467344284,0.004068110138177872,0.26911380887031555
0.015070845372974873,0.0502503402531147,0.09159088134765625,-0.0842919871211052,2.765883684158325,3.334274820435065,1381.824985780366,0.5308440923690796,0.3584764301776886,0.11065639555454254,0.13286416232585907,0.004951015580445528,0.2584703862667084
0.015089599415659904,0.05766468495130539,0.10277271270751953,-0.09185205399990082,2.8387928009033203,3.821485472148439,1418.1611257810744,0.5196184515953064,0.36236757040023804,0.11799541860818863,0.13028867542743683,0.004292356316000223,0.2603849470615387
0.015081201680004597,0.05768414959311485,0.10419607162475586,-0.11995070427656174,2.8934950828552246,3.824904063564805,1485.4901013540887,0.49039140343666077,0.39393386244773865,0.11565811187028885,0.1224331334233284,0.00474472064524889,0.24977456033229828
0.01489973720163107,0.05096567049622536,0.09749174118041992,-0.23560526967048645,3.0212810039520264,3.4205751284811643,1443.6710146880232,0.5062917470932007,0.368893027305603,0.12480741739273071,0.13112707436084747,0.004107196815311909,0.2609812021255493
0.014830579981207848,0.053845666348934174,0.10626554489135742,-0.17291055619716644,2.971082925796509,3.630718853445548,1353.2063539980495,0.5313440561294556,0.35049688816070557,0.11815299838781357,0.12993638217449188,0.0047301300801336765,0.279478520154953
0.015123588033020496,0.05386047065258026,0.10626554489135742,-0.006857002153992653,2.7530581951141357,3.561355316702702,1351.1491099832517,0.5266574621200562,0.3826432228088379,0.09069545567035675,0.1270601898431778,0.003312136512249708,0.2723502814769745
0.015336425043642521,0.049537189304828644,0.09551763534545898,-0.036622341722249985,2.7492165565490723,3.2300349762497933,1416.320048870168,0.510662317276001,0.3873227834701538,0.10200048983097076,0.12469635158777237,0.0034251778852194548,0.25748196244239807
0.01484991516917944,0.05548035725951195,0.10077953338623047,-0.07654239982366562,2.7885520458221436,3.736072336017361,1375.4589594591162,0.5365622639656067,0.3375541567802429,0.12587542831897736,0.13183735311031342,0.0037496888544410467,0.27239611744880676
0.01464537251740694,0.05544052645564079,0.1007699966430664,-0.11304374039173126,2.8079147338867188,3.7855320092377798,1321.6100090977543,0.5512802004814148,0.3326323330402374,0.11608604341745377,0.13760443031787872,0.00426566693931818,0.2815403342247009
0.015148540027439594,0.05310598015785217,0.10042428970336914,-0.15364280343055725,3.0552256107330322,3.505683059763645,1439.752730386543,0.5090832114219666,0.3649708926677704,0.12588399648666382,0.12490091472864151,0.0038184025324881077,0.2646333575248718
0.01524791494011879,0.05897179991006851,0.10637283325195312,-0.1759573370218277,3.1225359439849854,3.8675320617798223,1461.468382657882,0.49836215376853943,0.379853218793869,0.12176920473575592,0.1245560497045517,0.003269386477768421,0.2515486180782318
0.015049310401082039,0.05893813073635101,0.10209083557128906,-0.16459153592586517,2.9297173023223877,3.9163343144412153,1390.2802646322514,0.509974479675293,0.39450347423553467,0.09551950544118881,0.13020730018615723,0.004232092760503292,0.2518789768218994
0.015251362696290016,0.05446121469140053,0.10067462921142578,-0.14594878256320953,2.896033525466919,3.570908106531204,1461.9546883091825,0.48083052039146423,0.407081663608551,0.11197709292173386,0.12440884858369827,0.004238914232701063,0.24937516450881958
0.015690796077251434,0.07169836014509201,0.11799335479736328,-0.18438220024108887,3.1306729316711426,4.569453314384162,1499.8030576851538,0.47443702816963196,0.4033375382423401,0.12222424894571304,0.12050825357437134,0.004243241623044014,0.23740804195404053
0.01567910425364971,0.07180151343345642,0.11989831924438477,-0.20129211246967316,3.310338258743286,4.5794397605439325,1510.01903984524,0.48246777057647705,0.38875094056129456,0.1286841332912445,0.11961673200130463,0.004142753779888153,0.24433597922325134
0.015337232500314713,0.059266529977321625,0.1073765754699707,-0.1628185361623764,3.171578884124756,3.86422582902367,1450.8374568437061,0.5007978677749634,0.3818153440952301,0.11737628281116486,0.1267445683479309,0.004626940935850143,0.2581026554107666
0.015210489742457867,0.05938790366053581,0.1087808609008789,-0.1233162134885788,3.0102124214172363,3.9044044381331604,1449.0171600511178,0.49660632014274597,0.4000149071216583,0.10337203741073608,0.1253175437450409,0.0038022156804800034,0.26738476753234863
0.015404541045427322,0.05398359149694443,0.10480403900146484,-0.0572793148458004,2.892026424407959,3.504394667406498,1516.1027602520508,0.4745631217956543,0.4150170385837555,0.11039567738771439,0.12027645111083984,0.004269110504537821,0.24371857941150665
0.01514984667301178,0.05067548528313637,0.1013040542602539,-0.098941870033741,2.834231376647949,3.3449503730005183,1451.334859860057,0.4956261217594147,0.3878529965877533,0.11649280041456223,0.13078461587429047,0.003834002185612917,0.24978095293045044
0.015369560569524765,0.06428325176239014,0.11571645736694336,-0.13504339754581451,3.0179569721221924,4.18250420806893,1481.8364103659753,0.47691023349761963,0.39067909121513367,0.1323954463005066,0.12248095870018005,0.003996185027062893,0.2431693822145462
0.015747690573334694,0.06436286121606827,0.11571645736694336,-0.070963054895401,2.9776320457458496,4.087130167579348,1542.6278441041502,0.456066757440567,0.40175381302833557,0.1421194076538086,0.1142209991812706,0.0033202546183019876,0.23599036037921906
0.015526905655860901,0.06080203130841255,0.11803150177001953,-0.03289617970585823,2.879265308380127,3.9159142621276795,1465.5387833537447,0.4918128550052643,0.3753795921802521,0.13280275464057922,0.12038733810186386,0.003938887733966112,0.2485760599374771
0.015735849738121033,0.06069756671786308,0.12137889862060547,-0.012968056835234165,2.977898120880127,3.8572792524170043,1478.6046473977008,0.48086270689964294,0.38755106925964355,0.13158534467220306,0.11967698484659195,0.0035675372928380966,0.24781915545463562
0.015407534316182137,0.06057586148381233,0.10990142822265625,-0.11915715783834457,2.946702003479004,3.931574010272331,1452.491777930738,0.4879808723926544,0.3972500264644623,0.11473383009433746,0.12519770860671997,0.004157014656811953,0.2539795935153961
0.014812816865742207,0.05309826880693436,0.09801626205444336,-0.2354322373867035,2.9040729999542236,3.5846165712175106,1363.7272065289876,0.5280860662460327,0.3795894682407379,0.09231041371822357,0.13205651938915253,0.0047661662101745605,0.27090758085250854
0.01504820492118597,0.056132055819034576,0.10993480682373047,-0.1358252465724945,3.050161600112915,3.7301496164687116,1431.7399423605832,0.501589834690094,0.39327672123908997,0.1051321029663086,0.12823326885700226,0.004036085680127144,0.25390687584877014
0.014944159425795078,0.05611197277903557,0.10993480682373047,-0.1168697327375412,3.0519649982452393,3.754776108613111,1417.0167707331855,0.5103470683097839,0.366885244846344,0.12276536226272583,0.1304265558719635,0.00323885353282094,0.2559630274772644
0.014504246413707733,0.053332023322582245,0.09961605072021484,-0.1940312683582306,2.9525036811828613,3.6769937436047693,1331.5701926221147,0.5414960980415344,0.3498838245868683,0.10860947519540787,0.1349451094865799,0.0034762267023324966,0.2804010212421417
0.014511843211948872,0.053258735686540604,0.09961605072021484,-0.14108528196811676,2.8533167839050293,3.6700186809500535,1320.779596337664,0.5481289029121399,0.3502226769924164,0.10149876773357391,0.14021824300289154,0.004994871094822884,0.27763915061950684
0.014470446854829788,0.050377458333969116,0.09278535842895508,-0.13094767928123474,2.712926149368286,3.481403085605008,1341.1322068139234,0.546157956123352,0.3493117392063141,0.10451338440179825,0.142389178276062,0.00517039280384779,0.2753453850746155
0.014729485847055912,0.04394015297293663,0.08774518966674805,-0.10147420316934586,2.7239151000976562,2.983142346325423,1402.8060089932428,0.5238493084907532,0.3486000895500183,0.12751330435276031,0.13548056781291962,0.005156988278031349,0.27033933997154236
0.014755452051758766,0.060204386711120605,0.10395050048828125,-0.06239215284585953,2.914539337158203,4.080145189443006,1409.7989475816696,0.5310569405555725,0.32078659534454346,0.14814803004264832,0.13014134764671326,0.004466736223548651,0.27571484446525574
0.014597056433558464,0.06020046025514603,0.10292530059814453,-0.17738506197929382,2.965672254562378,4.124150682367831,1334.4378039818075,0.550261914730072,0.32365819811820984,0.12605497241020203,0.13880600035190582,0.0047972542233765125,0.27621498703956604
0.014578058384358883,0.05762876197695732,0.1036691665649414,-0.1835612803697586,2.925294876098633,3.9531164201424356,1296.414335979932,0.5552402138710022,0.3420941233634949,0.10263050347566605,0.13927510380744934,0.004766581114381552,0.2925705909729004
0.01451596524566412,0.057593934237957,0.1036691665649414,-0.0848999172449112,2.8322219848632812,3.9676269031570275,1338.8878946846987,0.5468096733093262,0.3451021909713745,0.10795444250106812,0.1308649778366089,0.005236642435193062,0.28685829043388367
0.014976464211940765,0.06297008693218231,0.11647701263427734,-0.07962407916784286,3.0363857746124268,4.204603038263967,1401.4596715467035,0.513982355594635,0.37270495295524597,0.1133025586605072,0.12902261316776276,0.003781850915402174,0.26311299204826355
0.015517891384661198,0.07086975872516632,0.13397693634033203,-0.16801854968070984,3.2164363861083984,4.5669709217485055,1461.0500288286626,0.48043733835220337,0.40438541769981384,0.11516360193490982,0.12224031984806061,0.003860300173982978,0.23916804790496826
0.015386587008833885,0.0708446353673935,0.11733055114746094,-0.1872725784778595,3.033543109893799,4.604311230431754,1493.5431640025324,0.4708467423915863,0.3922947943210602,0.1368362456560135,0.12032239139080048,0.003568480024114251,0.24557286500930786
0.014990470372140408,0.05773549526929855,0.10550260543823242,-0.05972672253847122,2.928440809249878,3.8514798957041223,1438.1150626925473,0.5061119794845581,0.360347718000412,0.13348521292209625,0.1274864822626114,0.0037757132668048143,0.26439449191093445
0.015291213057935238,0.05513354763388634,0.10663509368896484,0.0024879651609808207,2.9528818130493164,3.6055705601243786,1458.4034192107572,0.5069482922554016,0.3506402373313904,0.1424088478088379,0.1232428327202797,0.0035268880892544985,0.25704649090766907
0.015477020293474197,0.05524396523833275,0.11002302169799805,-0.06722535192966461,2.9776840209960938,3.569418672795606,1455.4956622852546,0.5023999810218811,0.3665941655635834,0.13098441064357758,0.12284532189369202,0.003916354849934578,0.2528590261936188
0.015290811657905579,0.05487761273980141,0.1025700569152832,-0.1059705838561058,2.881129026412964,3.5889273875033267,1387.1596676850158,0.5163078308105469,0.3805316090583801,0.10315641015768051,0.122237928211689,0.0037720215041190386,0.2594797909259796
0.015360178425908089,0.05392444506287575,0.10298490524291992,-0.06098080798983574,2.8363049030303955,3.5106652777164653,1430.9783166753411,0.5036057233810425,0.3660432696342468,0.1303461641073227,0.12286358326673508,0.0032603375148028135,0.2505008280277252
0.015130197629332542,0.05373445898294449,0.1055908203125,-0.026084428653120995,3.036025285720825,3.5514710578016073,1415.0533524506282,0.5119725465774536,0.35503852367401123,0.1329290121793747,0.1324743777513504,0.004621836822479963,0.2512090802192688
0.014841428026556969,0.05176201090216637,0.09879827499389648,-0.1286536008119583,3.0139095783233643,3.487670512976025,1407.8440447270734,0.5069202780723572,0.37980982661247253,0.11326614022254944,0.13205105066299438,0.0050076949410140514,0.25003620982170105
0.01461768802255392,0.0468306839466095,0.0902557373046875,-0.13510484993457794,2.78826904296875,3.203699782835001,1393.1579656904016,0.5217783451080322,0.3563371002674103,0.12179794162511826,0.1368645280599594,0.005982513539493084,0.26240384578704834
0.014741504564881325,0.06275869905948639,0.11604785919189453,-0.009829199872910976,2.9322004318237305,4.25727908430318,1377.798348260864,0.5421223044395447,0.323040634393692,0.1347583532333374,0.1325051188468933,0.004682452417910099,0.28035640716552734
0.015556471422314644,0.06284520775079727,0.1198720932006836,-0.07004152983427048,3.0771324634552,4.039811216868275,1458.0624812652545,0.49726346135139465,0.3646934926509857,0.1379842609167099,0.12148753553628922,0.004269090946763754,0.24962933361530304
0.015658238902688026,0.0571666844189167,0.10434389114379883,-0.09859368205070496,3.065922498703003,3.6509012776304037,1479.5737100816866,0.4826216399669647,0.3834622800350189,0.1338844895362854,0.11851665377616882,0.003979337401688099,0.24602290987968445
0.015049854293465614,0.0527455098927021,0.09992837905883789,-0.10409072786569595,2.916234254837036,3.50471897339887,1414.1461140397846,0.5201678276062012,0.3511815667152405,0.12863995134830475,0.12310926616191864,0.004904970061033964,0.2659207880496979
0.015042219310998917,0.05130843445658684,0.09930610656738281,-0.10497937351465225,2.780306100845337,3.4109617332635875,1407.1804465583734,0.5262715220451355,0.33443719148635864,0.1392848938703537,0.13148458302021027,0.003313143039122224,0.2693662643432617
0.015126372687518597,0.05484073609113693,0.10618448257446289,-0.03866468742489815,2.8508124351501465,3.6255047538768372,1414.5983579592453,0.5244349837303162,0.3440536856651306,0.13146987557411194,0.12704890966415405,0.0036417008377611637,0.2679557502269745
0.014925231225788593,0.054853010922670364,0.1022791862487793,-0.06370976567268372,2.912781238555908,3.6751866747777604,1408.4010375027362,0.5197635889053345,0.3503875434398651,0.12981341779232025,0.12556004524230957,0.0033888444304466248,0.2690918445587158
0.015109710395336151,0.051346711814403534,0.10124683380126953,-0.12153814733028412,2.942429542541504,3.3982591636471233,1452.4196438139102,0.5045379996299744,0.35391250252723694,0.14147761464118958,0.128025084733963,0.0034300144761800766,0.2518389821052551
0.015219534747302532,0.06654193252325058,0.11618852615356445,-0.23774389922618866,3.1158621311187744,4.372139728559846,1456.9488547769122,0.5093134641647339,0.37464970350265503,0.11603682488203049,0.12734802067279816,0.0032022311352193356,0.2545176148414612
0.014784681610763073,0.06659827381372452,0.1146078109741211,-0.24763616919517517,3.1267037391662598,4.504545688744303,1369.2392940325567,0.5404017567634583,0.35708513855934143,0.10247349739074707,0.1314542293548584,0.0036585177294909954,0.2797970473766327
0.014924093149602413,0.0562223419547081,0.10854244232177734,-0.14294421672821045,2.9245259761810303,3.7672199836436073,1404.6932899381648,0.5301587581634521,0.35241326689720154,0.11737371236085892,0.1287088692188263,0.003744678571820259,0.2760883569717407
0.01574721932411194,0.06395825743675232,0.11622905731201172,-0.17271165549755096,3.0612034797668457,4.061558813419123,1513.735897408122,0.4766335189342499,0.39829474687576294,0.1249198317527771,0.11637916415929794,0.003103966359049082,0.2425929456949234
0.01532552856951952,0.06395397335290909,0.11123895645141602,-0.1628023087978363,3.0029141902923584,4.173035406813451,1439.429457386837,0.4971983730792999,0.3676201403141022,0.13508962094783783,0.12677209079265594,0.004505352582782507,0.24824896454811096
0.014892934821546078,0.04884052649140358,0.09760379791259766,-0.10828108340501785,2.779914379119873,3.2794427071194194,1447.5206667184636,0.508956789970398,0.3487996757030487,0.14223375916481018,0.1309266984462738,0.0036718363407999277,0.26268482208251953
0.015494133345782757,0.07349374890327454,0.12239694595336914,-0.18032890558242798,3.100879669189453,4.743327507151923,1494.9644524178043,0.48693251609802246,0.3913358449935913,0.12172224372625351,0.12232092022895813,0.0043482184410095215,0.2363448441028595
0.015253802761435509,0.0737108439207077,0.1166844367980957,-0.23671874403953552,3.1533665657043457,4.8322929743283645,1432.6727920912463,0.5005772113800049,0.40025174617767334,0.09915851056575775,0.12613555788993835,0.0038500381633639336,0.2489912062883377
0.014787050895392895,0.05413893982768059,0.1032876968383789,-0.0631859079003334,2.8532052040100098,3.6612398379508564,1356.2096801864438,0.5289407968521118,0.3787343502044678,0.09232480078935623,0.13425332307815552,0.0046168300323188305,0.26391541957855225
0.014878153800964355,0.05403835326433182,0.10503768920898438,-0.013061333447694778,2.8534271717071533,3.632060401015424,1394.287816727655,0.5179250836372375,0.37865328788757324,0.10334769636392593,0.13100895285606384,0.004408663604408503,0.25854063034057617
0.015137718990445137,0.05104801058769226,0.09602785110473633,-0.12833385169506073,2.9135193824768066,3.3722392796788805,1425.5800659802478,0.5042989253997803,0.38028788566589355,0.11523835361003876,0.1276077926158905,0.004726992454379797,0.2551610469818115
0.015293114818632603,0.05410734936594963,0.10770082473754883,-0.15379993617534637,3.022653579711914,3.5380202139389607,1433.4664739360035,0.4926984906196594,0.3947674036026001,0.11231774836778641,0.12746912240982056,0.003597416216507554,0.24961639940738678
0.015457279980182648,0.05415680259466171,0.1081991195678711,-0.02866647206246853,2.8999125957489014,3.5036437627183443,1447.669865695312,0.4939461648464203,0.37738773226737976,0.12866564095020294,0.11884302645921707,0.0037573231384158134,0.24823635816574097
0.01522837020456791,0.0541432648897171,0.10434627532958984,0.016500338912010193,2.8915958404541016,3.5554208466721438,1412.588842011593,0.5218976140022278,0.34068480134010315,0.13736307621002197,0.12586745619773865,0.0032619526609778404,0.2652868926525116
0.01508277840912342,0.050181794911623,0.09943008422851562,-0.0859174132347107,2.9748001098632812,3.3270922337453057,1402.9306352991089,0.5286914110183716,0.34456709027290344,0.12672342360019684,0.13069729506969452,0.003935171291232109,0.25375163555145264
0.015080924145877361,0.05570077896118164,0.10496139526367188,-0.13591831922531128,2.9252169132232666,3.6934592614282846,1420.6060595864385,0.5202897787094116,0.35119348764419556,0.12850505113601685,0.1275595724582672,0.003972572274506092,0.2630882263183594
0.014912893064320087,0.05564508214592934,0.09877681732177734,-0.11316787451505661,2.913651943206787,3.731340518717451,1440.4670229411436,0.5015097260475159,0.37744274735450745,0.12091768532991409,0.12717007100582123,0.004519199952483177,0.25608667731285095
0.015554851852357388,0.055212412029504776,0.10369300842285156,-0.09769413620233536,2.932042121887207,3.5495299183828375,1469.0386455322323,0.48239225149154663,0.4014137089252472,0.11606114357709885,0.1184578686952591,0.003777708625420928,0.23624947667121887
0.01572452299296856,0.05602452903985977,0.1045846939086914,-0.10375972092151642,2.919905662536621,3.5628762196060926,1448.6495355158766,0.49766772985458374,0.3718358278274536,0.13045646250247955,0.12158123403787613,0.0037061586044728756,0.2500512897968292
0.015059390105307102,0.055924054235219955,0.10342121124267578,-0.08700264990329742,3.0215559005737305,3.7135670063954387,1395.6946089352887,0.5191739797592163,0.3571731746196747,0.1236448734998703,0.12853080034255981,0.004702889360487461,0.2713436186313629
0.015308964997529984,0.05387198179960251,0.10689735412597656,-0.11280971765518188,3.1368815898895264,3.5189826225858813,1445.9077259652208,0.5007342100143433,0.3759312629699707,0.12333440780639648,0.12314814329147339,0.003689099568873644,0.2482157200574875
0.015307817608118057,0.054869912564754486,0.10801315307617188,-0.137125164270401,3.0349347591400146,3.584437309474564,1471.308771021328,0.49490970373153687,0.37149882316589355,0.13359041512012482,0.12793774902820587,0.005287285428494215,0.23559637367725372
0.015423375181853771,0.054907821118831635,0.10777473449707031,-0.05632496252655983,2.9813497066497803,3.560039256509359,1553.1444169185834,0.47446927428245544,0.37792912125587463,0.14736008644104004,0.12145907431840897,0.004120464436709881,0.2418932467699051
0.015386630780994892,0.052881017327308655,0.10488510131835938,-0.03018217347562313,2.9176673889160156,3.4368159005406755,1497.1946486449403,0.4908495545387268,0.38274991512298584,0.1261804848909378,0.12481779605150223,0.0033361928071826696,0.2467845380306244
0.014816578477621078,0.05048234760761261,0.09766340255737305,-0.09896378219127655,2.8582189083099365,3.4071528511426483,1326.2552738637996,0.5514609813690186,0.3389316201210022,0.10960108786821365,0.13445457816123962,0.004083812702447176,0.28150439262390137
0.014943541958928108,0.058978937566280365,0.10267496109008789,-0.17763890326023102,2.9548516273498535,3.9467843516908827,1358.9229761453298,0.5436406135559082,0.34735262393951416,0.1089354157447815,0.1291854828596115,0.005327124148607254,0.27300548553466797
0.01485603116452694,0.05898047611117363,0.10546684265136719,-0.13894134759902954,2.94750714302063,3.9701368053155672,1391.6404550061816,0.5215088725090027,0.377331405878067,0.10110906511545181,0.13029839098453522,0.004330267198383808,0.2604381740093231
0.015057774260640144,0.057227447628974915,0.10812759399414062,-0.10240054875612259,3.041377544403076,3.8005250068572556,1397.5968620659855,0.5172526836395264,0.35177555680274963,0.13085798919200897,0.1255999654531479,0.00489290663972497,0.2575274705886841
0.01524095144122839,0.05713841691613197,0.10812759399414062,-0.17559809982776642,3.032994508743286,3.749005902467315,1386.638587057136,0.5253052115440369,0.33929625153541565,0.13506796956062317,0.12609882652759552,0.003459943225607276,0.26958978176116943
0.015127770602703094,0.05823323130607605,0.11069536209106445,-0.13148866593837738,2.9307940006256104,3.8494258560360017,1355.0533482423282,0.5358721613883972,0.3576679825782776,0.1063130721449852,0.12548725306987762,0.004083744250237942,0.2623840272426605
0.015112685039639473,0.05831589922308922,0.1110696792602539,-0.008994917385280132,2.9287772178649902,3.8587384747496634,1367.720034928585,0.5344157218933105,0.34954580664634705,0.11602608859539032,0.1243165135383606,0.004507426172494888,0.2625613510608673
0.015030214563012123,0.054411474615335464,0.10725736618041992,-0.07176756113767624,3.026832342147827,3.6201395784206967,1407.7192724736126,0.5173496603965759,0.3503917157649994,0.132101908326149,0.1315951943397522,0.003918220289051533,0.2599595785140991
0.01520268339663744,0.0544201023876667,0.10190725326538086,-0.13560804724693298,3.0137171745300293,3.579637947082672,1410.6016710420006,0.5071825385093689,0.3763585388660431,0.1164550706744194,0.12514156103134155,0.004080187529325485,0.25831571221351624
0.015284284017980099,0.05424346774816513,0.10129213333129883,-0.08803918212652206,2.8591206073760986,3.5489701500446684,1402.8640217520187,0.506237804889679,0.39275604486465454,0.10099487751722336,0.12121139466762543,0.004096716642379761,0.262768417596817
0.015290181152522564,0.05852069333195686,0.10834693908691406,-0.1063799187541008,2.801168441772461,3.8273381292460895,1409.4186435941315,0.5007084012031555,0.4045141041278839,0.09477685391902924,0.12495697289705276,0.005258915014564991,0.25089848041534424
0.015303299762308598,0.05851569399237633,0.10834693908691406,-0.08507311344146729,2.859849691390991,3.8237304958682414,1407.0866842087232,0.509861946105957,0.3829866349697113,0.10710379481315613,0.12686218321323395,0.004289243370294571,0.2550620138645172
0.014996535144746304,0.053319722414016724,0.10486841201782227,-0.10242995619773865,3.120656728744507,3.5554694398286135,1387.1272584790993,0.5244882702827454,0.36601701378822327,0.1094946563243866,0.1331092119216919,0.004506011493504047,0.2562759220600128
0.014802425168454647,0.05783911421895027,0.10931968688964844,-0.10909969359636307,3.1146621704101562,3.907407979221096,1363.9625414351508,0.5351216793060303,0.35177773237228394,0.11309914290904999,0.1297847479581833,0.004527275916188955,0.25990480184555054
0.01497438084334135,0.057692769914865494,0.11001825332641602,-0.03854440152645111,2.841212272644043,3.852764966684211,1370.6446250804242,0.5289072394371033,0.3408026695251465,0.13028468191623688,0.1298200637102127,0.004554247949272394,0.25669094920158386
0.01547536626458168,0.052816472947597504,0.1051187515258789,-0.059339240193367004,2.8792717456817627,3.4129384753280516,1454.839903522424,0.49086129665374756,0.38251304626464844,0.1266254037618637,0.12348762899637222,0.0034508134704083204,0.2508034408092499
0.015579941682517529,0.056083861738443375,0.1028895378112793,-0.13180571794509888,3.0916147232055664,3.599747860274478,1525.037103330953,0.46577581763267517,0.39335522055625916,0.14086879789829254,0.11860665678977966,0.004206828773021698,0.238252192735672
0.015814125537872314,0.06550280749797821,0.11229515075683594,-0.0902080237865448,3.08010196685791,4.142044233616798,1549.1636055045626,0.46057745814323425,0.4093543589115143,0.1300637573003769,0.11520673334598541,0.0044288598001003265,0.2287272810935974
0.015424090437591076,0.06535951793193817,0.10764122009277344,-0.020445505157113075,2.9637298583984375,4.237495766259815,1452.322825282957,0.49953997135162354,0.389362633228302,0.11108838766813278,0.12031511962413788,0.00392999267205596,0.24353918433189392
0.014985760673880577,0.047917455434799194,0.09570121765136719,0.005620789714157581,2.8724899291992188,3.1975324092236015,1380.612147890262,0.5238752961158752,0.3492220640182495,0.12679044902324677,0.12947238981723785,0.0036424752324819565,0.26323357224464417
0.015570421703159809,0.06168059632182121,0.1106715202331543,-0.008913244120776653,3.0560340881347656,3.961395361908699,1465.0559948734663,0.48903146386146545,0.3794076144695282,0.1314903199672699,0.11887414008378983,0.0038805294316262007,0.23956266045570374
0.015644589439034462,0.06376377493143082,0.11280059814453125,-0.10863394290208817,3.106566905975342,4.075771702148955,1470.956734127044,0.4905359745025635,0.3954194486141205,0.11403718590736389,0.11760982871055603,0.0034544081427156925,0.24666482210159302
0.015239406377077103,0.06374507397413254,0.10877847671508789,-0.11949823051691055,2.872421979904175,4.1829105670306195,1390.5074093238047,0.5295088291168213,0.35104405879974365,0.11944437772035599,0.12653259932994843,0.004828962497413158,0.26337680220603943
0.014884372241795063,0.050055131316185,0.09323835372924805,-0.05902845039963722,2.848954200744629,3.3629319731918628,1344.7732752222,0.5598636269569397,0.30935782194137573,0.13076896965503693,0.13136297464370728,0.0041590528562664986,0.27678409218788147
0.014791630208492279,0.04994652047753334,0.09323835372924805,-0.14642487466335297,2.9162204265594482,3.3766744956536976,1396.5674642828933,0.5343052744865417,0.3271406590938568,0.13852718472480774,0.1330365389585495,0.003985434304922819,0.2673477530479431
0.014939263463020325,0.05151433125138283,0.09325504302978516,-0.21723905205726624,2.9031081199645996,3.448251071778055,1401.1044244342913,0.5160918235778809,0.3610464334487915,0.12280847132205963,0.13233503699302673,0.004977700300514698,0.24682652950286865
0.015115509741008282,0.057719841599464417,0.10671615600585938,-0.11456707864999771,2.9295332431793213,3.8185838641651806,1366.7372332376626,0.5279968976974487,0.35339784622192383,0.1184520423412323,0.12821415066719055,0.003887286875396967,0.26049986481666565
0.015315643511712551,0.06023237854242325,0.10927677154541016,-0.06625048071146011,3.0035884380340576,3.932735734703419,1437.2031714462735,0.5051764845848083,0.3539021611213684,0.14079980552196503,0.12395940721035004,0.004433026537299156,0.25330761075019836
0.01528136432170868,0.06028168275952339,0.10810136795043945,-0.18306195735931396,3.0464820861816406,3.9447840838361894,1461.9319461526609,0.4953167140483856,0.37800896167755127,0.1266462653875351,0.1241789385676384,0.004564228467643261,0.2472609430551529
0.015396066009998322,0.05906295403838158,0.10770082473754883,-0.1394406408071518,2.913147449493408,3.836236737111247,1429.7837827688932,0.5017202496528625,0.38541775941848755,0.1128581091761589,0.12754742801189423,0.005077514331787825,0.24695514142513275
0.015524018555879593,0.06362742930650711,0.11216878890991211,-0.11029556393623352,2.8763697147369385,4.0986442442965325,1429.9319909679934,0.5016877055168152,0.3827681541442871,0.11547999083995819,0.119676873087883,0.0038585318252444267,0.25565287470817566
0.015826020389795303,0.06358622014522552,0.1073312759399414,-0.16192542016506195,2.8781158924102783,4.017827512860303,1473.9035384782937,0.4813385605812073,0.3967463970184326,0.12189982831478119,0.11442353576421738,0.004400198347866535,0.23793259263038635
0.015868796035647392,0.06397020071744919,0.10990619659423828,-0.15864574909210205,3.101854085922241,4.0311943369690075,1486.2218625135047,0.4732508361339569,0.3999490439891815,0.12678281962871552,0.1181364580988884,0.004152883775532246,0.23229199647903442
0.015820370987057686,0.06400513648986816,0.11597156524658203,-0.13337573409080505,3.189284563064575,4.045741818455691,1469.6541129472926,0.4789873957633972,0.4040950834751129,0.11689676344394684,0.11367392539978027,0.004703694023191929,0.23429012298583984
0.015848467126488686,0.05454862117767334,0.10660409927368164,-0.08064484596252441,2.92972469329834,3.441886255552148,1456.9784687359781,0.47809097170829773,0.4153389036655426,0.10656789690256119,0.11388108134269714,0.003984383773058653,0.24339500069618225
0.015411775559186935,0.05842181295156479,0.10691165924072266,-0.0863010436296463,2.8457441329956055,3.790725651526174,1396.8372478427154,0.5029051899909973,0.38971006870269775,0.1073206290602684,0.11988158524036407,0.0038078478537499905,0.2522675693035126
0.01531267911195755,0.05852772295475006,0.10979413986206055,-0.055915962904691696,2.8600881099700928,3.8221739333141285,1417.9966712965957,0.4930703639984131,0.40634241700172424,0.10053908079862595,0.12399433553218842,0.0033983432222157717,0.2413848489522934
0.01565437950193882,0.06935455650091171,0.12071847915649414,-0.023410258814692497,3.029275417327881,4.430361260112014,1523.7268764987916,0.46289345622062683,0.4163264036178589,0.12076934427022934,0.12071381509304047,0.0036895875819027424,0.22755937278270721
0.015459519810974598,0.06937170028686523,0.11943578720092773,-0.07005107402801514,3.0196149349212646,4.4873127451948065,1508.7110563477943,0.4796253442764282,0.38178956508636475,0.13858485221862793,0.1176571398973465,0.0035418879706412554,0.24706804752349854
0.015135196037590504,0.054042086005210876,0.10116338729858398,-0.11786997318267822,2.98391056060791,3.5706234572329767,1415.6456219921351,0.5151523947715759,0.3645661175251007,0.12027570605278015,0.1275857836008072,0.004011922515928745,0.26766008138656616
0.015425057150423527,0.05405395105481148,0.10605573654174805,-0.08765110373497009,3.014936923980713,3.504295026214734,1433.188356930999,0.5062988996505737,0.37421536445617676,0.11947839707136154,0.12428445369005203,0.004457150120288134,0.2559700310230255
0.015458477661013603,0.06252796202898026,0.11451244354248047,-0.06487828493118286,2.9365997314453125,4.044897783345856,1404.9047989119786,0.5110641717910767,0.3771679997444153,0.11175397783517838,0.1190401092171669,0.004321373533457518,0.2528388202190399
0.0155878197401762,0.06252295523881912,0.11605024337768555,-0.16388839483261108,3.0217678546905518,4.011013488542007,1420.8566544797059,0.504533588886261,0.3809412717819214,0.11452338099479675,0.12145357578992844,0.003884060773998499,0.24539496004581451
0.015483684837818146,0.05687414109706879,0.11028051376342773,-0.12405809760093689,2.8502233028411865,3.673165767006785,1432.394950119716,0.5008217096328735,0.3700340986251831,0.12902836501598358,0.12199859321117401,0.003462238237261772,0.24972067773342133
0.015486189164221287,0.052578333765268326,0.10471820831298828,-0.09708652645349503,2.75724196434021,3.395175740417027,1424.2781700042067,0.5028148293495178,0.3728785216808319,0.12430240958929062,0.12388256192207336,0.0050155469216406345,0.24655678868293762
0.015387692488729954,0.05587540194392204,0.10860204696655273,-0.19747605919837952,3.005723714828491,3.631174848419565,1483.0290675662504,0.4918019771575928,0.36394694447517395,0.14424096047878265,0.12004060298204422,0.004285853356122971,0.2546357214450836
0.015378730371594429,0.055873241275548935,0.1020956039428711,-0.11423826217651367,3.01285982131958,3.6331504566279085,1495.5677841463018,0.4895292818546295,0.3685325086116791,0.141893669962883,0.1239703968167305,0.0037836076226085424,0.24485044181346893
0.015640350058674812,0.06396061182022095,0.11305570602416992,-0.09091167896986008,3.0427792072296143,4.089461653747077,1460.7205119704533,0.49490001797676086,0.37657812237739563,0.12851795554161072,0.1253221333026886,0.003783622058108449,0.24929150938987732
0.015952184796333313,0.0639318972826004,0.11996984481811523,-0.14085978269577026,3.3260653018951416,4.007720453018306,1499.9195821262244,0.4607452154159546,0.4125836193561554,0.1266709864139557,0.10906745493412018,0.005304098129272461,0.23343990743160248
0.01630723476409912,0.05913645401597023,0.115203857421875,-0.09113554656505585,3.1556143760681152,3.6263937367563117,1556.4402071806132,0.44138428568840027,0.3990525007247925,0.15956202149391174,0.10770120471715927,0.0037027050275355577,0.2212657481431961
0.015597149729728699,0.05145696550607681,0.09396553039550781,-0.08986413478851318,2.809654712677002,3.2991262118038756,1467.8940821378762,0.4877687394618988,0.354448527097702,0.1575787365436554,0.12325727939605713,0.004223158583045006,0.2448340505361557
0.014936832711100578,0.05356397479772568,0.09511232376098633,-0.15382051467895508,2.7681522369384766,3.5860329850472654,1387.039538738804,0.5092282891273499,0.38937416672706604,0.10122201591730118,0.128634512424469,0.0034442523028701544,0.26277971267700195
0.015319443307816982,0.05355807766318321,0.10375261306762695,-0.09635961055755615,2.8955564498901367,3.496085111157942,1415.7369486264852,0.4953857958316803,0.4120921194553375,0.09252119064331055,0.12060519307851791,0.0037357513792812824,0.2567101716995239
0.015796173363924026,0.0524350143969059,0.10250329971313477,-0.04036378860473633,2.926379442214966,3.3194757480529904,1488.244172808351,0.4705406129360199,0.42072010040283203,0.10861828923225403,0.11554358154535294,0.003783911932259798,0.23940594494342804
0.015688911080360413,0.05701882764697075,0.1121830940246582,-0.05413351580500603,3.015139579772949,3.6343393975069014,1514.0320740900306,0.45880162715911865,0.4285009801387787,0.11253328621387482,0.11862578988075256,0.003775190794840455,0.2257739007472992
0.01543092355132103,0.05695635452866554,0.1121830940246582,-0.06486130505800247,3.070019245147705,3.691052861194332,1451.396418634585,0.47963085770606995,0.4022403657436371,0.11804869025945663,0.12089017778635025,0.003350002458319068,0.24013946950435638
0.01564938761293888,0.0570148229598999,0.10474681854248047,-0.017437491565942764,2.8971519470214844,3.6432622391637173,1433.4865693700415,0.47861942648887634,0.4102558195590973,0.11107338964939117,0.11746558547019958,0.0032211143989115953,0.24176320433616638
0.01571650430560112,0.05712728574872017,0.10725259780883789,-0.051278892904520035,2.791735887527466,3.634859548552793,1441.7312442141326,0.4847041368484497,0.405840128660202,0.10942792892456055,0.12116052210330963,0.004469075705856085,0.2443341165781021
0.015197688713669777,0.05021146684885025,0.0970911979675293,-0.09834013879299164,2.8602547645568848,3.3038883603651485,1418.8922937950035,0.5054357051849365,0.3722892105579376,0.12226469814777374,0.1274227350950241,0.003888783510774374,0.2509255111217499
0.015241019427776337,0.04978826642036438,0.09663105010986328,-0.10025592148303986,2.9633867740631104,3.2667280986703493,1446.9107960820697,0.4936404526233673,0.3671630918979645,0.1390768587589264,0.12624144554138184,0.005238870624452829,0.24588313698768616
0.015694506466388702,0.056492194533348083,0.10326862335205078,-0.11730845272541046,2.9075920581817627,3.59948843569768,1521.9706305715688,0.4602763056755066,0.3932933211326599,0.14636361598968506,0.11909273266792297,0.004384428262710571,0.24676229059696198
0.015546430833637714,0.05642949417233467,0.10113716125488281,-0.10318585485219955,2.8699285984039307,3.629739505649669,1475.6066171453992,0.4816571772098541,0.3935261368751526,0.12473348528146744,0.1215522512793541,0.004113580100238323,0.23891079425811768
0.015193039551377296,0.05757365748286247,0.11002779006958008,-0.09021855145692825,2.9869437217712402,3.789475916545861,1409.1235492671528,0.5102165341377258,0.35715004801750183,0.1326238363981247,0.1245850920677185,0.004045726265758276,0.25910457968711853
0.015496177598834038,0.05762635916471481,0.11002779006958008,-0.12899149954319,2.8757762908935547,3.7187466904955957,1431.823329954477,0.4959038197994232,0.3807806670665741,0.12328124046325684,0.11683036386966705,0.005076881963759661,0.24717049300670624
0.015570384450256824,0.048060521483421326,0.09386301040649414,-0.11046940833330154,2.6857833862304688,3.0866624799069706,1423.2607978465162,0.4945308566093445,0.4058622717857361,0.0994819775223732,0.11916042864322662,0.00419278210029006,0.25129324197769165
0.016148008406162262,0.07070736587047577,0.13428688049316406,-0.10237814486026764,3.2084481716156006,4.378705044463214,1497.7400976469783,0.4674319624900818,0.42637792229652405,0.10593917220830917,0.11048798263072968,0.0029192136134952307,0.24705876410007477
0.016467679291963577,0.07073155790567398,0.13428688049316406,-0.16174353659152985,3.335601329803467,4.295174605197507,1538.2668992204353,0.45021751523017883,0.44517117738723755,0.10460373759269714,0.10441093146800995,0.0019394713453948498,0.23567958176136017
0.01552131213247776,0.05753426253795624,0.10517358779907227,-0.11515190452337265,2.896730899810791,3.706791155488792,1417.1245983107442,0.4981675148010254,0.41128990054130554,0.09053120017051697,0.11976417899131775,0.0033350621815770864,0.24784089624881744
0.014983000233769417,0.04758039116859436,0.09186029434204102,-0.06568782776594162,2.7884178161621094,3.1756250699495903,1355.0934446864592,0.533591091632843,0.35882946848869324,0.10755667835474014,0.13276639580726624,0.004292883910238743,0.259920597076416
0.0147928511723876,0.05168561264872551,0.09682655334472656,-0.09906455129384995,3.011770248413086,3.4939588077319494,1390.057734314243,0.5220409631729126,0.36477699875831604,0.11310067772865295,0.13292433321475983,0.004254770465195179,0.26370760798454285
0.014975935220718384,0.054124921560287476,0.09917736053466797,-0.12289512902498245,3.0322651863098145,3.6141263139142383,1402.2289328376326,0.5064482092857361,0.3758000433444977,0.11773212999105453,0.12775444984436035,0.004037818405777216,0.2631661593914032
0.015643734484910965,0.05815573409199715,0.10219573974609375,-0.18380296230316162,3.0579519271850586,3.7175096614157748,1423.8447531628399,0.48497384786605835,0.39855071902275085,0.11647532135248184,0.12075678259134293,0.004463137127459049,0.2456231415271759
0.015568728558719158,0.06567015498876572,0.10974645614624023,-0.16733291745185852,3.125342845916748,4.218080798111771,1401.9775736420102,0.4999869763851166,0.3823019564151764,0.11757901310920715,0.1211651936173439,0.004831796977669001,0.24685832858085632
0.015094613656401634,0.06581342220306396,0.10775327682495117,-0.18121019005775452,3.095782518386841,4.360060064922059,1402.6831050564995,0.5182449817657471,0.348525732755661,0.1331368088722229,0.12727372348308563,0.0029975699726492167,0.2593488097190857
0.015185926109552383,0.06158756464719772,0.11052370071411133,-0.21080154180526733,3.033648729324341,4.0555685704543105,1398.403919146239,0.5306794047355652,0.3266865015029907,0.14241769909858704,0.12859204411506653,0.0032953196205198765,0.25925111770629883
0.015190091915428638,0.05481072887778282,0.10365009307861328,-0.12343259900808334,2.9348864555358887,3.60832108056588,1395.0766459370261,0.519957423210144,0.35725438594818115,0.12270836532115936,0.1250452846288681,0.004162380006164312,0.2583147883415222
0.015392327681183815,0.05813448876142502,0.10854721069335938,-0.11730080842971802,2.963472604751587,3.7768484378560916,1406.297723267025,0.5009865760803223,0.3995961546897888,0.09937863051891327,0.12407416105270386,0.005383019335567951,0.24748319387435913
0.015284382738173008,0.05819404125213623,0.10854721069335938,-0.11355151236057281,2.9274511337280273,3.8074184770961144,1406.0833797180844,0.5003830790519714,0.38332313299179077,0.1162751317024231,0.12192042171955109,0.004651571623980999,0.258831650018692
0.015244985930621624,0.05025281384587288,0.0937509536743164,-0.065880186855793,2.8693645000457764,3.2963502932224378,1407.9686326796054,0.4995749294757843,0.3848789930343628,0.1155252605676651,0.12237618863582611,0.004398717544972897,0.253726989030838
0.01535029336810112,0.05896112322807312,0.10347604751586914,-0.08167146891355515,2.960484504699707,3.841042109772118,1409.131219387025,0.5078014135360718,0.37343674898147583,0.1187496930360794,0.1287989467382431,0.003627737518399954,0.2543044090270996
0.015352677553892136,0.058913446962833405,0.10575056076049805,-0.013565383851528168,2.8296499252319336,3.8373402132750853,1454.7494759078445,0.4960622489452362,0.3727761209011078,0.1310659795999527,0.1212991252541542,0.004631547722965479,0.2563052475452423
0.01515192724764347,0.046916767954826355,0.0908350944519043,0.059065476059913635,2.764665126800537,3.0964224672492895,1383.4895818688117,0.5183407068252563,0.38073351979255676,0.10092413425445557,0.12386943399906158,0.0036244229413568974,0.275012344121933
0.015418821014463902,0.06743202358484268,0.11403083801269531,-0.11038003861904144,3.067911148071289,4.373357957603471,1415.5329962280748,0.509972095489502,0.3835878372192383,0.10643262416124344,0.12240297347307205,0.004379369784146547,0.26069313287734985
0.015913913026452065,0.0675157755613327,0.12857675552368164,-0.12581098079681396,3.1803057193756104,4.242562809339576,1507.6156513072679,0.47384920716285706,0.3958251476287842,0.13029804825782776,0.11481843888759613,0.004640873987227678,0.24587224423885345
0.015854405239224434,0.06365134567022324,0.12481451034545898,-0.04453462362289429,3.092735528945923,4.014741941169292,1464.5671312228872,0.4692873954772949,0.42477115988731384,0.10593963414430618,0.11552269756793976,0.004547848366200924,0.24137400090694427
0.01561217661947012,0.05853240191936493,0.10924339294433594,-0.101865254342556,3.045602321624756,3.7491506368573466,1425.6082434894533,0.4809630811214447,0.4275881052017212,0.09141428023576736,0.1190786212682724,0.004162137862294912,0.2521156370639801
0.014986876398324966,0.058566898107528687,0.10318994522094727,-0.1354459971189499,2.857675075531006,3.907878903316146,1364.4817785917207,0.5221480131149292,0.3661227822303772,0.11172838509082794,0.1291199028491974,0.004520446062088013,0.2789166569709778
0.014764506369829178,0.05382012203335762,0.10190963745117188,-0.13152861595153809,2.825714588165283,3.6452368051865367,1356.7067234948881,0.5234323143959045,0.35653501749038696,0.12003098428249359,0.1327863186597824,0.005349026992917061,0.2667981684207916
0.015477410517632961,0.0538807287812233,0.1053762435913086,-0.11349043995141983,2.9934327602386475,3.481249574427021,1511.482514029715,0.47497743368148804,0.39063113927841187,0.13432471454143524,0.12172599136829376,0.003559121862053871,0.23715448379516602
0.016054974868893623,0.0583578385412693,0.1099252700805664,-0.08271751552820206,2.9154601097106934,3.6348757325495566,1544.0481187223118,0.473293662071228,0.375746488571167,0.15086551010608673,0.1176297664642334,0.003593185916543007,0.23764383792877197
0.015194603241980076,0.05846751853823662,0.1065969467163086,-0.09357018023729324,2.8807761669158936,3.847913473176648,1408.3833723064831,0.5222212672233582,0.34395962953567505,0.13378554582595825,0.12478344887495041,0.00383144523948431,0.2746061086654663
0.01505864318460226,0.05699141323566437,0.10476350784301758,-0.1341734230518341,3.0836074352264404,3.7846313597598553,1419.1340048814884,0.524289071559906,0.34046459197998047,0.13524602353572845,0.12775950133800507,0.004335443954914808,0.2663939595222473
0.015248572453856468,0.05708792433142662,0.10476350784301758,-0.12654484808444977,3.066568374633789,3.743820905231353,1447.5969522903185,0.5130631923675537,0.35623860359191895,0.1306801438331604,0.1270509958267212,0.003831588663160801,0.26071009039878845
0.015402227640151978,0.05979739502072334,0.11427640914916992,-0.16790491342544556,2.98671293258667,3.882386133610665,1470.4333445268305,0.48688891530036926,0.392787903547287,0.12031450122594833,0.1209559366106987,0.004239084664732218,0.25345075130462646
0.015488839708268642,0.05976397916674614,0.11775732040405273,-0.17459319531917572,3.0583043098449707,3.858518797310744,1487.0050066983135,0.4732155501842499,0.4032367467880249,0.12354519963264465,0.12182796746492386,0.003461363259702921,0.24817132949829102
0.015020070597529411,0.05802193284034729,0.1072549819946289,-0.09946497529745102,3.0301003456115723,3.8629600613214237,1410.2665576208658,0.49756982922554016,0.4010767936706543,0.10133708268404007,0.12495215237140656,0.004900010768324137,0.2531222999095917
0.014799173921346664,0.05001012235879898,0.09577512741088867,-0.052392423152923584,2.973876953125,3.3792509380056677,1363.8350317687407,0.5261098146438599,0.37316152453422546,0.10071133077144623,0.13140255212783813,0.0033032752107828856,0.2758212685585022
0.014985212124884129,0.050056613981723785,0.09550333023071289,-0.07788971811532974,2.840020179748535,3.340400760511119,1361.7515008456091,0.5358868837356567,0.35345733165740967,0.11059194803237915,0.13187788426876068,0.002924455562606454,0.26553940773010254
0.015741094946861267,0.06292342394590378,0.11188030242919922,-0.20095163583755493,3.0799756050109863,3.997398157772573,1461.3001102274682,0.4937957525253296,0.40477433800697327,0.10138079524040222,0.11550016701221466,0.0034482083283364773,0.24765580892562866
0.01596801169216633,0.06295707076787949,0.11317968368530273,-0.1538585126399994,3.1553096771240234,3.9426994404583637,1481.903886957715,0.47358909249305725,0.4229181110858917,0.10347121953964233,0.11351602524518967,0.003949142526835203,0.24542009830474854
0.015456991270184517,0.06058814376592636,0.11072158813476562,-0.0467652790248394,3.024059534072876,3.919788961702849,1389.848056129808,0.5040192604064941,0.38632798194885254,0.10964196920394897,0.12230781465768814,0.0034246442373842,0.257064551115036
0.014907081611454487,0.057824332267045975,0.10485172271728516,-0.03660600259900093,2.870487689971924,3.878984080877052,1345.4196500853238,0.5328286290168762,0.3586886525154114,0.10844267904758453,0.12924905121326447,0.003827097360044718,0.26996153593063354
0.014991099014878273,0.05168084800243378,0.09993314743041992,0.02859111875295639,2.7527151107788086,3.4474355714477274,1405.8355033977195,0.5161818265914917,0.3641224801540375,0.1196957603096962,0.12975113093852997,0.004550053272396326,0.2590707838535309
0.015618488192558289,0.058528587222099304,0.11013031005859375,-0.07087477296590805,3.0146641731262207,3.7473913285819123,1470.2866476167724,0.49291443824768066,0.3857218325138092,0.121346615254879,0.12032528221607208,0.004052394535392523,0.24480493366718292
0.01570388861000538,0.05843372642993927,0.10894775390625,-0.15330122411251068,3.031233072280884,3.7209717845928028,1477.3594867981526,0.48453980684280396,0.3970613479614258,0.11839879304170609,0.12059640139341354,0.004820571281015873,0.23261448740959167
0.015367407351732254,0.05284717306494713,0.10233402252197266,-0.0650564506649971,2.816636562347412,3.4389127490364304,1449.524647828848,0.48941147327423096,0.3857274353504181,0.12482062727212906,0.12162381410598755,0.0034564314410090446,0.25070151686668396
0.015713077038526535,0.06804022192955017,0.1176142692565918,-0.058134108781814575,3.024705648422241,4.330165362162595,1492.5607368099968,0.4765584468841553,0.39928701519966125,0.12412428110837936,0.11820099502801895,0.0037624500691890717,0.24383287131786346
0.015321840532124043,0.06807254254817963,0.11768579483032227,-0.11047495156526566,3.121020793914795,4.442843691070578,1442.716954989614,0.49587589502334595,0.382217675447464,0.1217590942978859,0.1252918541431427,0.0043312376365065575,0.2511521279811859
0.015219679102301598,0.07597833126783371,0.1257777214050293,-0.23514612019062042,3.291224956512451,4.992111249661747,1380.8636671208396,0.5157686471939087,0.37522047758102417,0.10900688171386719,0.12583357095718384,0.004855194594711065,0.25534650683403015
0.015580379404127598,0.07606810331344604,0.1257777214050293,-0.2813604474067688,3.277592420578003,4.882301087508278,1472.5856577820466,0.49329978227615356,0.3626410961151123,0.14405809342861176,0.12055372446775436,0.00431279931217432,0.24925650656223297
0.015321188606321812,0.06178944930434227,0.10842323303222656,-0.10943594574928284,2.905385971069336,4.032940973966852,1425.3823145660658,0.5132840275764465,0.34175848960876465,0.144926980137825,0.11989867687225342,0.004809195175766945,0.252663791179657
0.015138852410018444,0.051555976271629333,0.09821414947509766,-0.1328248828649521,2.9690089225769043,3.4055405833869927,1372.0398849139478,0.5289400815963745,0.34798040986061096,0.12307514995336533,0.12566815316677094,0.003519355086609721,0.26516175270080566
0.015255773440003395,0.051537733525037766,0.09650945663452148,-0.15992802381515503,2.963907241821289,3.3782445527486837,1446.393457606484,0.5062061548233032,0.3608624339103699,0.13285882771015167,0.12397127598524094,0.003527351189404726,0.25260940194129944
0.015364081598818302,0.05118861049413681,0.09579896926879883,-0.14979851245880127,2.8076331615448,3.33170649749362,1459.3414240055604,0.498645544052124,0.3731001019477844,0.1282518208026886,0.12176630645990372,0.002906868001446128,0.2610919177532196
0.015138791874051094,0.050760701298713684,0.09374856948852539,-0.19600996375083923,2.8551018238067627,3.353021939773669,1397.0986237168045,0.5137941837310791,0.3713618814945221,0.11484365910291672,0.12870575487613678,0.0031153361778706312,0.2702532112598419
0.015116157941520214,0.050789643079042435,0.10093927383422852,-0.10445345938205719,2.884535551071167,3.3599571579082497,1372.4153227415718,0.5213608741760254,0.37141770124435425,0.10720008611679077,0.12623009085655212,0.003754246747121215,0.2656669616699219
0.015339200384914875,0.05024763569235802,0.09711027145385742,-0.06690843403339386,2.887244939804077,3.275766299949872,1392.2294109690106,0.5222017168998718,0.3572407364845276,0.12044447660446167,0.12265875935554504,0.004337227903306484,0.26162391901016235
0.015185179188847542,0.05333126708865166,0.09967565536499023,-0.19079068303108215,2.9337379932403564,3.512060438793353,1390.1792124259669,0.523141622543335,0.35326242446899414,0.12345049530267715,0.1280561089515686,0.004799200687557459,0.25800520181655884
0.01527439709752798,0.05346082150936127,0.09839057922363281,-0.10820476710796356,2.7872774600982666,3.5000282606580506,1457.9396278790139,0.4979461431503296,0.3585434556007385,0.1434708833694458,0.12596313655376434,0.004045299720019102,0.24908018112182617
0.015320157632231712,0.05627153441309929,0.10049104690551758,0.02461855858564377,2.750814914703369,3.6730388655426047,1440.3827808835274,0.5028905272483826,0.36205118894577026,0.13504855334758759,0.12570913136005402,0.004590577911585569,0.25216397643089294
0.015289129689335823,0.05623667687177658,0.11087656021118164,-0.11215584725141525,3.085801124572754,3.6782130841184166,1396.5253707549023,0.5150001645088196,0.376964271068573,0.10797574371099472,0.12319909036159515,0.003776462748646736,0.2661382257938385
0.01524879690259695,0.06089238449931145,0.11806011199951172,-0.16338175535202026,3.35135817527771,3.9932582802613035,1423.702530657047,0.5103683471679688,0.36987587809562683,0.11973901093006134,0.12760858237743378,0.0037299410905689,0.2573457360267639
0.014930479228496552,0.06091367453336716,0.11806011199951172,-0.11628317087888718,3.0693068504333496,4.0798204529849595,1372.047307704851,0.5326470732688904,0.34376996755599976,0.12356612831354141,0.12802447378635406,0.003782253712415695,0.2639460861682892
0.015221984125673771,0.05298338085412979,0.0985860824584961,-0.03805432841181755,2.783928871154785,3.4807144990570587,1410.3133106607156,0.5178999900817871,0.3484676778316498,0.1336321234703064,0.12298364192247391,0.004626832902431488,0.25919222831726074
0.015402179211378098,0.0609273761510849,0.11686563491821289,-0.10174226015806198,3.1417250633239746,3.9557633573124558,1450.6670026357351,0.5038893222808838,0.37798675894737244,0.11806973814964294,0.12560829520225525,0.004014045000076294,0.2631573975086212
0.015143421478569508,0.06093043461441994,0.11686563491821289,-0.13174472749233246,3.289109945297241,4.0235579982121745,1395.8100829667196,0.5243564248085022,0.37163418531417847,0.10391006618738174,0.1245875433087349,0.004498699214309454,0.2651119530200958
0.015051419846713543,0.05303143337368965,0.10084152221679688,-0.1331377923488617,2.9370057582855225,3.523350880531423,1374.5319604467127,0.5236241817474365,0.3752632439136505,0.10110391676425934,0.12616026401519775,0.003964786883443594,0.26806557178497314
0.015293530188500881,0.05287397280335426,0.10030031204223633,-0.07306931912899017,2.848792791366577,3.4572771719934634,1399.1758992932914,0.5108616948127747,0.3851830065250397,0.10377435386180878,0.12213655561208725,0.004378099460154772,0.2521219849586487
0.0152242761105299,0.05287357047200203,0.102691650390625,0.010822873562574387,2.93294358253479,3.472977636812495,1433.074148039729,0.5089945197105408,0.38728153705596924,0.1036556288599968,0.12519888579845428,0.003603766206651926,0.2516680657863617
0.014968916773796082,0.05838078632950783,0.10011434555053711,-0.14073461294174194,3.0133137702941895,3.9001343388992913,1469.1565079817049,0.5010825395584106,0.37647300958633423,0.12243641167879105,0.1308497190475464,0.0037025294732302427,0.2527395784854889
0.014964442700147629,0.05846522003412247,0.11272907257080078,-0.17881861329078674,3.127013921737671,3.906942690865377,1461.1457062643735,0.5099707841873169,0.35080191493034363,0.1392258107662201,0.12755809724330902,0.004093457944691181,0.2593173682689667
0.015249095857143402,0.054281044751405716,0.10705947875976562,-0.06261143088340759,2.8300251960754395,3.559623813527165,1458.4980509090497,0.5044466853141785,0.35849255323410034,0.13698124885559082,0.12521061301231384,0.0040835244581103325,0.26284727454185486
0.01552655640989542,0.0585503950715065,0.10785579681396484,-0.08049355447292328,2.660998821258545,3.7709839530431903,1477.3955558881576,0.4888252019882202,0.3708513081073761,0.14030125737190247,0.12205208837985992,0.0033371096942573786,0.24474255740642548
0.01554958801716566,0.058568112552165985,0.10785579681396484,-0.16027043759822845,2.897881031036377,3.7665378969361973,1460.5890316284813,0.48862630128860474,0.3835892677307129,0.12777447700500488,0.11961673200130463,0.003695048624649644,0.23794083297252655
0.015568639151751995,0.05773394927382469,0.10967731475830078,-0.14892439544200897,3.058426856994629,3.7083491182091746,1479.9260608159902,0.48274973034858704,0.38504135608673096,0.13220885396003723,0.12113161385059357,0.005034571513533592,0.24402061104774475
0.015319154597818851,0.05711055546998978,0.10976552963256836,-0.10284501314163208,2.982050657272339,3.7280487706804104,1457.9574076729402,0.49838370084762573,0.35607847571372986,0.14553038775920868,0.12541994452476501,0.0043468177318573,0.25647103786468506
0.014995233155786991,0.057198308408260345,0.10832548141479492,-0.08521737903356552,2.821826934814453,3.814432747407587,1393.8096194427671,0.5192756056785583,0.34451210498809814,0.1361997127532959,0.13040579855442047,0.004503629636019468,0.2581157088279724
0.015159692615270615,0.059907764196395874,0.11127710342407227,-0.13671869039535522,3.1493310928344727,3.9517796114215398,1443.4286705646946,0.502955973148346,0.3711218535900116,0.12592096626758575,0.12450114637613297,0.00408370653167367,0.25583329796791077
0.015324229374527931,0.05984530597925186,0.11127710342407227,-0.13657930493354797,3.115781784057617,3.905273440687463,1499.5224271226953,0.48144757747650146,0.3832905888557434,0.13519984483718872,0.12404386699199677,0.004462349694222212,0.23180793225765228
0.0156350526958704,0.061685748398303986,0.11646270751953125,-0.09420476853847504,3.0673727989196777,3.9453495676833477,1511.785391402274,0.4709894061088562,0.3906095325946808,0.13837473094463348,0.1218213140964508,0.004153335466980934,0.22751598060131073
0.015676349401474,0.06161348149180412,0.11646270751953125,-0.11009164154529572,3.2046234607696533,3.93034627577773,1443.467079645493,0.4877614974975586,0.38835659623146057,0.12383432686328888,0.11483273655176163,0.004749514628201723,0.2456822395324707
0.01552612241357565,0.06050717830657959,0.11517047882080078,-0.015192706137895584,3.113422155380249,3.8971210383976183,1429.199440460618,0.4926753044128418,0.38850516080856323,0.11878322064876556,0.1187736913561821,0.0035141147673130035,0.2530728280544281
0.015432778745889664,0.06052067503333092,0.11517047882080078,0.027774175629019737,2.9917845726013184,3.921566946945851,1446.18230390415,0.4966064691543579,0.39098241925239563,0.11234374344348907,0.12283404171466827,0.004518325440585613,0.25623470544815063
0.014948306605219841,0.050398629158735275,0.09419679641723633,-0.04647812247276306,2.7407643795013428,3.371527657705717,1356.9135304662566,0.5247495174407959,0.37411436438560486,0.1011345237493515,0.12820740044116974,0.004134689457714558,0.2743629217147827
0.014905291609466076,0.07117729634046555,0.11399269104003906,-0.14793181419372559,2.9146852493286133,4.7753038451449585,1356.7429130105083,0.5237590074539185,0.363646000623703,0.11257787048816681,0.12826170027256012,0.0035564235877245665,0.27019160985946655
0.014721057377755642,0.07124138623476028,0.11456966400146484,-0.17174391448497772,3.0615198612213135,4.839420457498567,1339.8149428217457,0.541079044342041,0.34719762206077576,0.11168467253446579,0.13352592289447784,0.004414403345435858,0.2745256721973419
0.014591820538043976,0.059762466698884964,0.10315895080566406,-0.12582823634147644,3.000896453857422,4.09561415170752,1289.0358350157528,0.5644599199295044,0.34321534633636475,0.09229040890932083,0.13724306225776672,0.004397989250719547,0.2769142687320709
0.014832924120128155,0.05977236479520798,0.10469913482666016,-0.12847095727920532,2.9660167694091797,4.0297087955885695,1335.833641852379,0.5458227396011353,0.34442704916000366,0.10975024104118347,0.13195271790027618,0.00417924951761961,0.26612943410873413
0.014509566128253937,0.048764005303382874,0.09373188018798828,-0.07173959910869598,2.841855049133301,3.3608176060527217,1323.789588275452,0.5489782691001892,0.337161660194397,0.11383554339408875,0.1361219882965088,0.004027781542390585,0.27924516797065735
0.014671427197754383,0.054578326642513275,0.1018071174621582,-0.080685093998909,2.9793925285339355,3.7200420860996415,1411.803024542104,0.5161705017089844,0.36134904623031616,0.12247805297374725,0.13667449355125427,0.004432271234691143,0.2654086649417877
0.015177536755800247,0.054686952382326126,0.1051020622253418,-0.09315409511327744,3.07045841217041,3.6031507127020337,1459.8668481713382,0.49714234471321106,0.37159502506256104,0.1312614530324936,0.12896573543548584,0.0037418585270643234,0.2570711672306061
0.01518753357231617,0.05056089907884598,0.10052204132080078,-0.01360817439854145,2.904470682144165,3.3291053372668262,1410.0598506635959,0.5231684446334839,0.345131516456604,0.13165853917598724,0.12745904922485352,0.0047033061273396015,0.2640286684036255
0.015261638909578323,0.052797287702560425,0.09866476058959961,-0.04925799369812012,2.8651695251464844,3.4594769285207603,1449.8347399307495,0.5071346759796143,0.3540377914905548,0.1388212889432907,0.1235615462064743,0.003998742438852787,0.26415619254112244
0.015234038233757019,0.05268532782793045,0.09590864181518555,-0.1828220933675766,3.015378713607788,3.458395404819645,1436.6300401460949,0.4964602589607239,0.3888556659221649,0.11467548459768295,0.1290137618780136,0.004241820424795151,0.2515219748020172
0.015451498329639435,0.05076606571674347,0.09391307830810547,-0.18719136714935303,2.9722421169281006,3.285510869588438,1483.1387182047142,0.4817919433116913,0.4030941128730774,0.11510990560054779,0.12230286747217178,0.003855667309835553,0.2513795495033264
0.015434027649462223,0.059910811483860016,0.10774850845336914,-0.13121235370635986,2.8591017723083496,3.8817353992537256,1490.4731614740417,0.4822043478488922,0.3854530155658722,0.13233791291713715,0.11566527932882309,0.004070375580340624,0.25291022658348083
0.01543477177619934,0.05986839532852173,0.11365175247192383,-0.04856295511126518,2.8721673488616943,3.8788001658023172,1496.1933146552174,0.48490333557128906,0.39196982979774475,0.12312568724155426,0.1221470832824707,0.003507565939798951,0.24746164679527283
0.01544883195310831,0.053904931992292404,0.10768413543701172,-0.004219819791615009,2.9769420623779297,3.489256155573461,1476.225709291609,0.4918784499168396,0.3837313652038574,0.12438718229532242,0.12325583398342133,0.004349910654127598,0.24096107482910156
0.015503122471272945,0.05225250869989395,0.1022028923034668,-0.10609859973192215,3.0199780464172363,3.370450616857773,1459.2932800375008,0.49092230200767517,0.3644629418849945,0.14461302757263184,0.1196221187710762,0.0035743732005357742,0.24174273014068604
0.015714101493358612,0.0590725876390934,0.10637998580932617,-0.1861543208360672,2.9844892024993896,3.759208737470644,1466.6047294301077,0.4753016531467438,0.4008413553237915,0.12383555620908737,0.11550955474376678,0.0038825145456939936,0.24261710047721863
0.015856241807341576,0.059179387986660004,0.10667085647583008,-0.21225890517234802,3.033022403717041,3.732245553642301,1457.8662943083289,0.4711160957813263,0.42352572083473206,0.10526445508003235,0.1155708059668541,0.003121501300483942,0.24412766098976135
0.01550516951829195,0.0570552758872509,0.10454416275024414,-0.1843622326850891,3.0175485610961914,3.6797582777963944,1456.9752819658395,0.4802180528640747,0.4087277352809906,0.11105332523584366,0.1217518076300621,0.0034090951085090637,0.2504613697528839
0.015227830968797207,0.055330608040094376,0.10354995727539062,-0.15281318128108978,2.9838809967041016,3.633518663940832,1438.1908818960069,0.496574729681015,0.37832218408584595,0.12506544589996338,0.12483414262533188,0.004363261628895998,0.2538485527038574
0.015257536433637142,0.05533789098262787,0.10354995727539062,-0.24462611973285675,2.987257242202759,3.6269217654956183,1408.763697233805,0.5046080946922302,0.38086625933647156,0.11434729397296906,0.12769676744937897,0.004269266966730356,0.24785137176513672
0.015070955269038677,0.04937049001455307,0.09797096252441406,-0.15929162502288818,2.9020705223083496,3.2758699850103374,1393.7568312434876,0.505536675453186,0.3953486680984497,0.09908650070428848,0.13243183493614197,0.004078719764947891,0.25282642245292664
0.01559822540730238,0.06064936891198158,0.11925458908081055,-0.1540742665529251,3.1702589988708496,3.8882223666097353,1472.0080439457631,0.484713077545166,0.40518075227737427,0.11010283976793289,0.11993289738893509,0.0035594692453742027,0.23924285173416138
0.01609748601913452,0.060597460716962814,0.11925458908081055,-0.155930757522583,2.989023447036743,3.764405239499405,1516.488095670925,0.47771120071411133,0.4011133015155792,0.12114735692739487,0.11520516872406006,0.00394716951996088,0.2248016893863678
0.015435047447681427,0.05617785453796387,0.10706663131713867,-0.10241220146417618,2.7390599250793457,3.6396295330315285,1461.9640461124095,0.5012195706367493,0.36815714836120605,0.1306154578924179,0.12306143343448639,0.004341083578765392,0.2503097355365753
0.015260295011103153,0.05610596761107445,0.10778665542602539,-0.13800422847270966,2.9488298892974854,3.676597835531752,1465.961858662846,0.4881843626499176,0.3819386661052704,0.12987647950649261,0.12649467587471008,0.004698385484516621,0.24463747441768646
0.015962982550263405,0.054219167679548264,0.1058506965637207,-0.13153482973575592,2.993870496749878,3.396556220332211,1540.8656899572088,0.45559969544410706,0.3953631818294525,0.1490066796541214,0.11322301626205444,0.003329363651573658,0.2296494096517563
0.01589057594537735,0.055166393518447876,0.1055455207824707,-0.1557750701904297,2.9094786643981934,3.471642167320211,1499.046082591508,0.47066444158554077,0.37539535760879517,0.15387599170207977,0.11241666227579117,0.0037203487008810043,0.23778283596038818
0.015335452742874622,0.05522609129548073,0.09980916976928711,-0.1703801453113556,2.922445297241211,3.601203839093662,1425.419616804599,0.5006542801856995,0.3751020133495331,0.12418732792139053,0.1270156353712082,0.0033351625315845013,0.25552502274513245
0.01537011656910181,0.05698772892355919,0.10650157928466797,-0.12380394339561462,3.0309841632843018,3.7076965983727543,1480.6423231797016,0.48504960536956787,0.3742602467536926,0.14067122340202332,0.11993737518787384,0.003658834844827652,0.24728868901729584
0.01538341585546732,0.05695093050599098,0.10650157928466797,-0.08331824094057083,2.884676456451416,3.7020991330770223,1471.179369861885,0.48790374398231506,0.37508875131607056,0.1370055228471756,0.12107609212398529,0.0029988817404955626,0.2450057864189148
0.015138624235987663,0.05167485401034355,0.10086536407470703,-0.10820239782333374,2.8244104385375977,3.413444524508919,1392.738079766319,0.518608808517456,0.3570297956466675,0.12433182448148727,0.13033759593963623,0.005538199096918106,0.2613178491592407
0.015380254946649075,0.05140487477183342,0.10180950164794922,-0.0521465465426445,2.8600523471832275,3.3422641527597587,1454.1047180490925,0.5013627409934998,0.3763319253921509,0.12222016602754593,0.12080873548984528,0.004945667926222086,0.25628095865249634
0.015534746460616589,0.057496678084135056,0.1082158088684082,-0.08346191048622131,3.0292608737945557,3.701166171343603,1489.7097902351625,0.4946750998497009,0.37146836519241333,0.13383115828037262,0.11994520574808121,0.0033158559817820787,0.25083252787590027
0.015613755211234093,0.057495441287755966,0.11072158813476562,-0.14727461338043213,3.086514949798584,3.6823583120289762,1498.4734051695027,0.4997306168079376,0.3437706530094147,0.1564914733171463,0.120768703520298,0.0038777883164584637,0.25898951292037964
0.015300699509680271,0.05328861624002457,0.10600805282592773,-0.14961954951286316,2.9953479766845703,3.482756863686381,1453.4416200488608,0.5138987898826599,0.35622355341911316,0.1298733949661255,0.1268801987171173,0.004508691374212503,0.2607296109199524
0.014834058471024036,0.05258498713374138,0.09489297866821289,-0.22051014006137848,2.9724154472351074,3.5448820181552385,1403.3145955288373,0.5201030373573303,0.3780219256877899,0.10179988294839859,0.1339077204465866,0.004398310091346502,0.25884154438972473
0.015004012733697891,0.0504780113697052,0.1007533073425293,-0.12821927666664124,2.8436341285705566,3.364300754888794,1482.8903741085767,0.4921315014362335,0.36643436551094055,0.1413528323173523,0.12887947261333466,0.0031796249095350504,0.2523397207260132
0.015291390009224415,0.0504385381937027,0.09897947311401367,-0.03650441765785217,2.794300079345703,3.2984926916374206,1418.1402299728327,0.5117490291595459,0.35562223196029663,0.13254547119140625,0.12884214520454407,0.0036737301852554083,0.25153666734695435
0.015252875164151192,0.04858604073524475,0.09550809860229492,-0.06287284195423126,2.7854928970336914,3.1853693293347782,1382.0717469587792,0.527402937412262,0.3517405092716217,0.12073571234941483,0.12576058506965637,0.004216332919895649,0.2610047161579132
0.014618922024965286,0.047757796943187714,0.09172439575195312,-0.07593151181936264,2.844418525695801,3.266848052022103,1338.9977466320884,0.551528811454773,0.3280600905418396,0.12036120891571045,0.13427028059959412,0.0053660087287425995,0.2759144604206085
0.014491689391434193,0.04976678267121315,0.09272098541259766,-0.14959819614887238,2.9148683547973633,3.4341601812964155,1294.3155637348802,0.5620276927947998,0.3364133834838867,0.10154979676008224,0.13833306729793549,0.004157484974712133,0.2823731303215027
0.014773872680962086,0.050002507865428925,0.09306907653808594,-0.19424107670783997,2.973207950592041,3.384522727509264,1346.605464967771,0.5362703800201416,0.3548136055469513,0.10867177695035934,0.13276851177215576,0.005389979109168053,0.27866330742836
0.014949578791856766,0.056580301374197006,0.10877609252929688,-0.19246138632297516,2.995513439178467,3.784742176229895,1330.6766614251637,0.5278324484825134,0.36173349618911743,0.11028479039669037,0.13093048334121704,0.004170441068708897,0.2726445496082306
0.015074515715241432,0.056610338389873505,0.10877609252929688,-0.13505308330059052,2.7899842262268066,3.7553669686967766,1346.7257275407837,0.5200030207633972,0.37045493721961975,0.10952407866716385,0.12375558912754059,0.00471897330135107,0.26524683833122253
0.014948159456253052,0.05264928564429283,0.09415388107299805,-0.09531024098396301,2.7795886993408203,3.522124967615774,1397.5284092762254,0.5071899890899658,0.3863334059715271,0.10644899308681488,0.12822116911411285,0.004360680002719164,0.2638477683067322
0.015348230488598347,0.05266125872731209,0.10227203369140625,-0.061316512525081635,2.9886703491210938,3.4310964226788987,1463.1703974842287,0.4795845150947571,0.40882614254951477,0.1115773543715477,0.12467262893915176,0.0044197989627718925,0.24189047515392303
0.015356235206127167,0.049498166888952255,0.09325742721557617,-0.04750625044107437,2.9302854537963867,3.2233269562046734,1482.9773625395694,0.47548162937164307,0.3914016783237457,0.1330914944410324,0.1214919313788414,0.0039931414648890495,0.24524229764938354
0.015262406319379807,0.05135579779744148,0.0970458984375,0.007423291448503733,2.8983099460601807,3.3648558896552485,1432.164298287471,0.49652931094169617,0.3655605614185333,0.13788533210754395,0.1252652108669281,0.004475725349038839,0.25355273485183716
0.015574894845485687,0.05940324440598488,0.11065244674682617,-0.09548589587211609,3.008852243423462,3.8140382321353905,1405.4965947724197,0.5032660961151123,0.3720431327819824,0.12457744777202606,0.12219451367855072,0.0037429360672831535,0.2474597841501236
0.015577119775116444,0.05936455354094505,0.10763883590698242,-0.17758622765541077,2.8943660259246826,3.8110096342692,1406.301938180377,0.4959338903427124,0.39779412746429443,0.10617657005786896,0.12109672278165817,0.0034844453912228346,0.24934549629688263
0.015287731774151325,0.0645323097705841,0.11288881301879883,-0.1407710611820221,2.878385543823242,4.2211827575019925,1423.2634418257735,0.4971271753311157,0.40078413486480713,0.10203831642866135,0.12470204383134842,0.004965679254382849,0.2587871253490448
0.015239975415170193,0.06464143097400665,0.11239290237426758,-0.11325310170650482,2.9424455165863037,4.241570554334335,1453.4043649982484,0.4944206774234772,0.391683429479599,0.11374572664499283,0.12635253369808197,0.004284731578081846,0.2550660967826843
0.015192368067800999,0.05120256915688515,0.09935379028320312,-0.03904629498720169,2.8067362308502197,3.3702822973355016,1386.7579050112802,0.5148147344589233,0.37654855847358704,0.10862327367067337,0.1300116777420044,0.004349671769887209,0.2497224360704422
0.014527872204780579,0.05118399113416672,0.10158538818359375,-0.13794471323490143,2.775280237197876,3.5231581341829825,1294.016059042282,0.5557181239128113,0.34526437520980835,0.09899235516786575,0.13623493909835815,0.004010900389403105,0.2867165803909302
0.01466904953122139,0.050331007689237595,0.09882688522338867,-0.1028781533241272,2.8802638053894043,3.431102170504143,1317.3033290816961,0.5543402433395386,0.3324016034603119,0.1132519394159317,0.13641901314258575,0.004379632417112589,0.2822361886501312
0.015330424532294273,0.04925135150551796,0.09766340255737305,-0.057571105659008026,2.9058644771575928,3.2126541178657493,1412.2591299405326,0.5197566747665405,0.3488229811191559,0.1313219964504242,0.12411320209503174,0.00396795105189085,0.2567428648471832
0.015310016460716724,0.05121203884482384,0.0966501235961914,-0.19065754115581512,2.9995086193084717,3.345002206423584,1452.339598172302,0.5051314234733582,0.35189735889434814,0.14290793240070343,0.1240285187959671,0.005003649741411209,0.2444649487733841
0.015052087604999542,0.051270559430122375,0.0966501235961914,-0.15702277421951294,2.99417781829834,3.4062092097900547,1412.441003854573,0.5194713473320007,0.35385188460350037,0.12658081948757172,0.12990765273571014,0.0050523108802735806,0.25447219610214233
0.01469303946942091,0.04702592268586159,0.09069204330444336,-0.07542680203914642,2.710732936859131,3.2005578410465154,1328.671826565836,0.5553238987922668,0.34576329588890076,0.09889134019613266,0.1326833814382553,0.005475691985338926,0.27476516366004944
0.014864634722471237,0.0530833937227726,0.09588956832885742,-0.08389256149530411,2.7678468227386475,3.571119957556306,1360.7938363939486,0.5414348244667053,0.34949958324432373,0.10905443131923676,0.13143697381019592,0.003637654474005103,0.2854987680912018
