样本编号,均方根_RMS,峰值_Peak,峰峰值_PeakToPeak,偏度_Skewness,峭度_Kurtosis,峰值因子_CrestFactor,频率重心_Hz,0到1kHz能量占比,1到3kHz能量占比,3到5kHz能量占比,一倍频能量占比,二倍频能量占比,三四倍频能量占比
0,0.03141035884618759,0.10000119358301163,0.1763271689414978,-0.16499345004558563,2.17209529876709,3.1837010863047017,626.0938722537418,0.8767468333244324,0.07631700485944748,0.04692433774471283,0.043979350477457047,0.0011932550696656108,0.8153875470161438
1,0.030978884547948837,0.08228804916143417,0.1571938693523407,-0.13201095163822174,2.099168062210083,2.6562624949072395,612.8851545799972,0.8853111267089844,0.066724993288517,0.047962937504053116,0.04098157584667206,0.0013426010264083743,0.8199160099029541
2,0.031388841569423676,0.07480160892009735,0.14864641427993774,-0.11740072816610336,2.061433792114258,2.3830636996358483,601.8749843654091,0.8907140493392944,0.06337384879589081,0.04591115191578865,0.04325713589787483,0.0011407558340579271,0.8291677832603455
3,0.029568612575531006,0.08925437182188034,0.16008049249649048,-0.1379082053899765,2.159770965576172,3.0185512286336595,590.2162565006203,0.8877047896385193,0.07243403792381287,0.039860520511865616,0.0414109081029892,0.001069235848262906,0.8233063220977783
4,0.032170701771974564,0.09881221503019333,0.17227894067764282,-0.14499548077583313,2.269550323486328,3.0714970325329327,615.4546826653207,0.8769571781158447,0.07988999783992767,0.043152108788490295,0.043752335011959076,0.0012192536378279328,0.8132765293121338
5,0.03347170725464821,0.09041015803813934,0.16547664999961853,-0.13194777071475983,2.183701992034912,2.701091920636436,607.3558868066892,0.8839675188064575,0.07213106751441956,0.043901246041059494,0.04274806007742882,0.0008898786036297679,0.8188567757606506
6,0.03276311606168747,0.08773580938577652,0.16353991627693176,-0.1190090999007225,2.096717119216919,2.677883544956676,612.1149646956975,0.8836709856987,0.07074769586324692,0.045572273433208466,0.04036574438214302,0.0009786654263734818,0.825182318687439
7,0.030336981639266014,0.08691718429327011,0.16628994047641754,-0.12152969092130661,2.105292797088623,2.8650570885373017,601.7294028890931,0.8867368102073669,0.06858683377504349,0.04467497393488884,0.04162892699241638,0.0008884033304639161,0.8203049898147583
8,0.03222426399588585,0.09497912228107452,0.18131360411643982,-0.13211561739444733,2.180399179458618,2.9474411670117058,623.4110208163802,0.8761439919471741,0.07699770480394363,0.04685824364423752,0.04275535047054291,0.0013075993629172444,0.809982180595398
9,0.03135865926742554,0.08161807060241699,0.1606624573469162,-0.1296922117471695,2.1336894035339355,2.602728321506932,640.8170968105484,0.8691638112068176,0.08409431576728821,0.04673660546541214,0.04393468424677849,0.001363935531117022,0.805062472820282
10,0.03352406993508339,0.0886339619755745,0.17160949110984802,-0.13856805860996246,2.0905699729919434,2.643890259880826,629.0917394304909,0.878912627696991,0.07495692372322083,0.04609941691160202,0.0409771092236042,0.0014346031239256263,0.8216668963432312
11,0.028042389079928398,0.07510632276535034,0.142746239900589,-0.1394781768321991,2.0631260871887207,2.6783139820433517,590.2769356936466,0.8955086469650269,0.059953473508358,0.044535424560308456,0.042300108820199966,0.0015213360311463475,0.834245502948761
12,0.02861962281167507,0.08017568290233612,0.14808304607868195,-0.13878118991851807,2.108466148376465,2.8014234648413283,582.8456077508068,0.8921985626220703,0.06838484853506088,0.03941645845770836,0.04492097720503807,0.0018241866491734982,0.8270208835601807
13,0.03218129649758339,0.08977624773979187,0.16575750708580017,-0.1322731375694275,2.1583268642425537,2.7897026381066965,624.163363771558,0.8776383399963379,0.07967382669448853,0.0426875464618206,0.04015662893652916,0.0017263948684558272,0.8151729106903076
14,0.02989482507109642,0.08232954889535904,0.15995776653289795,-0.11280059814453125,2.1400580406188965,2.753973261151635,639.3114748068924,0.8752170205116272,0.07678118348121643,0.04799686372280121,0.04334846884012222,0.0016598156653344631,0.8090176582336426
15,0.03289234638214111,0.11274819821119308,0.1992199420928955,-0.12120955437421799,2.2395834922790527,3.4277943232709567,662.4074287058913,0.8636711835861206,0.0842365026473999,0.05209030210971832,0.04276048392057419,0.0013648753520101309,0.8030299544334412
16,0.02805427834391594,0.09557986259460449,0.17763656377792358,-0.1326099932193756,2.2279603481292725,3.406962083269046,651.6509882574125,0.8655620813369751,0.08279097825288773,0.05163654685020447,0.04163793474435806,0.0010604815324768424,0.7997806072235107
17,0.033043272793293,0.09724552184343338,0.18314793705940247,-0.1315707564353943,2.1289215087890625,2.9429748817202195,620.54666926048,0.8758447170257568,0.07784539461135864,0.04629345238208771,0.04497147351503372,0.0010860312031581998,0.8141053318977356
18,0.02773597650229931,0.07278616726398468,0.13751345872879028,-0.14515922963619232,2.0968968868255615,2.624251114985134,625.3040827853474,0.8739338517189026,0.07976929843425751,0.04629701375961304,0.04216763377189636,0.001215964904986322,0.8078451156616211
19,0.028062956407666206,0.077843077480793,0.15000250935554504,-0.12261585891246796,2.125537395477295,2.773873014204378,630.0784813701445,0.8767299056053162,0.07635253667831421,0.0469171404838562,0.04230785742402077,0.0008647380163893104,0.8168612718582153
20,0.030017659068107605,0.08305667340755463,0.1657661497592926,-0.10344794392585754,2.1431238651275635,2.7669270683746165,619.2889705001435,0.880368709564209,0.07527381181716919,0.04435744881629944,0.04228939488530159,0.0008074194774962962,0.8200923204421997
21,0.03389805182814598,0.09247419238090515,0.18435464799404144,-0.1309058517217636,2.1399424076080322,2.7280090563020103,624.825393717849,0.8767478466033936,0.07756051421165466,0.04568760097026825,0.03977854549884796,0.0011074020294472575,0.8208314180374146
22,0.028568707406520844,0.09306146204471588,0.1600104570388794,-0.16603325307369232,2.2075233459472656,3.257461414590183,633.8693066025356,0.868255615234375,0.08798661082983017,0.04375642165541649,0.04138413444161415,0.0008728119428269565,0.8031216263771057
23,0.029890010133385658,0.09832261502742767,0.1773184835910797,-0.17284470796585083,2.286696434020996,3.289480819356321,705.5389171878713,0.8453466296195984,0.09595061838626862,0.05870255082845688,0.04158393666148186,0.0012709165457636118,0.7844209671020508
24,0.03336662799119949,0.09111377596855164,0.17816591262817383,-0.142977774143219,2.2303967475891113,2.730685761529525,709.4529066073151,0.8487987518310547,0.09093006700277328,0.060270678251981735,0.040971506386995316,0.001521404949016869,0.7890365123748779
25,0.02849992737174034,0.07895661145448685,0.14850464463233948,-0.1637999564409256,2.2047524452209473,2.770414479371881,616.0753591133347,0.878591775894165,0.0790364220738411,0.04236944764852524,0.04116009920835495,0.0014576081885024905,0.8211143612861633
26,0.03163830563426018,0.08702229708433151,0.16880394518375397,-0.1649613082408905,2.143094062805176,2.7505359511840335,592.8143195277997,0.8923339247703552,0.06281247735023499,0.04485350102186203,0.04374018684029579,0.0012565040960907936,0.8282039761543274
27,0.027781976386904716,0.07246609032154083,0.13970430195331573,-0.12739963829517365,2.1096479892730713,2.6083849942760007,609.2752546827099,0.8872853517532349,0.06559532135725021,0.04711725935339928,0.043879441916942596,0.0014994426164776087,0.8195657730102539
28,0.029505489394068718,0.0829685628414154,0.16286352276802063,-0.12733134627342224,2.1395645141601562,2.8119704008462243,596.3683802741102,0.8843644261360168,0.07555563002824783,0.040079496800899506,0.0399913527071476,0.001382960006594658,0.8232384920120239
29,0.029175953939557076,0.0805465579032898,0.15834525227546692,-0.1353856772184372,2.143831253051758,2.7607172011374472,600.7490275487028,0.8774135112762451,0.08470218628644943,0.037880945950746536,0.043149057775735855,0.0016035597072914243,0.8119754195213318
30,0.032807327806949615,0.08964956551790237,0.17700982093811035,-0.11697119474411011,2.185490131378174,2.732607972301212,643.1673124840103,0.8631824851036072,0.09201984852552414,0.044797420501708984,0.040020059794187546,0.001507870852947235,0.8054572343826294
31,0.03437988832592964,0.0997127965092659,0.19311383366584778,-0.13458745181560516,2.1469552516937256,2.9003234554185924,633.9596512793557,0.8700489401817322,0.08446069061756134,0.04548696428537369,0.040025096386671066,0.0014106977032497525,0.8094669580459595
32,0.02861848846077919,0.08445730060338974,0.15615954995155334,-0.15047988295555115,2.1725871562957764,2.951144702005659,676.40908705303,0.8576639890670776,0.08738245815038681,0.05495284125208855,0.043492335826158524,0.0014670721720904112,0.7946263551712036
33,0.02975955232977867,0.08131559938192368,0.15601475536823273,-0.13619616627693176,2.2051141262054443,2.732420114324886,683.7148276849349,0.8529191017150879,0.09323976933956146,0.05382851883769035,0.04053674265742302,0.0012145355576649308,0.7888791561126709
34,0.029167016968131065,0.08435486257076263,0.15523478388786316,-0.1351742297410965,2.1718389987945557,2.892131981136078,615.4478778507956,0.8739232420921326,0.08614595234394073,0.03993074968457222,0.042304836213588715,0.0009207261027768254,0.8153383135795593
35,0.031297821551561356,0.08971917629241943,0.17338624596595764,-0.1230672150850296,2.1816246509552,2.8666268718334162,638.0254355679832,0.8643274307250977,0.09209907799959183,0.04357244819402695,0.0398106649518013,0.0007395601714961231,0.8024977445602417
36,0.0340694859623909,0.09122861176729202,0.1801067590713501,-0.12254231423139572,2.1602389812469482,2.6777219904439127,635.8926856041456,0.8667201399803162,0.08930560201406479,0.04397296532988548,0.04018619284033775,0.0009047352941706777,0.8103625774383545
37,0.032579973340034485,0.08708606660366058,0.1683618426322937,-0.14501385390758514,2.1417086124420166,2.6729937956694294,607.9930080446455,0.8783033490180969,0.08047795295715332,0.0412115715444088,0.04284811392426491,0.0007850933470763266,0.8113213777542114
38,0.027836725115776062,0.07563097029924393,0.1459110975265503,-0.16588914394378662,2.1397438049316406,2.716949281281088,614.7213389701822,0.8783454895019531,0.07845665514469147,0.04319776967167854,0.04147738963365555,0.0012365304864943027,0.8130266070365906
39,0.03223772346973419,0.08401762694120407,0.16646715998649597,-0.1339845061302185,2.1373391151428223,2.606189826569991,644.0111213561092,0.8723295331001282,0.07868185639381409,0.048985548317432404,0.043055303394794464,0.0010995963821187615,0.8106485605239868
40,0.032656021416187286,0.08533302694559097,0.17022930085659027,-0.13406701385974884,2.142523765563965,2.6130870584461063,650.0442156232593,0.8652347326278687,0.08929495513439178,0.04546831175684929,0.04132000729441643,0.0014288566308096051,0.8071799278259277
41,0.03127843886613846,0.08215464651584625,0.15736068785190582,-0.14800356328487396,2.135580062866211,2.626558405450312,618.121266811144,0.8682940602302551,0.09611467272043228,0.03558402508497238,0.043449968099594116,0.0013524035457521677,0.8046326637268066
42,0.03128208965063095,0.10390403121709824,0.17973671853542328,-0.15315139293670654,2.217620372772217,3.3215182353293016,636.7440682723701,0.8668786287307739,0.08892073482275009,0.044200461357831955,0.04430978000164032,0.0015681945951655507,0.7987948060035706
43,0.030203107744455338,0.09864715486764908,0.16660720109939575,-0.14132827520370483,2.183837890625,3.2661259794529762,631.8764806513722,0.8757160902023315,0.07621234655380249,0.04806916043162346,0.04019412770867348,0.0017135399393737316,0.8089241981506348
44,0.032505832612514496,0.09521092474460602,0.18012921512126923,-0.1129937395453453,2.084937334060669,2.9290412547384346,622.423656862265,0.8792473673820496,0.07418273389339447,0.04656732454895973,0.043995242565870285,0.0017781214555725455,0.8115555644035339
45,0.03209557756781578,0.08417751640081406,0.16387873888015747,-0.11696060001850128,2.11600923538208,2.622713868299455,630.0373252972474,0.8706770539283752,0.0855477973818779,0.0437716506421566,0.039931222796440125,0.0016214740462601185,0.8141018748283386
46,0.02834155596792698,0.07322845607995987,0.14375519752502441,-0.1302364021539688,2.1270852088928223,2.583783902346288,633.5964170306177,0.861227810382843,0.09756332635879517,0.041207827627658844,0.04029986634850502,0.0013723579468205571,0.799082338809967
47,0.03219971805810928,0.08541189134120941,0.16655337810516357,-0.12197976559400558,2.131889820098877,2.652566435035801,628.9086318857487,0.8610907196998596,0.09802807122468948,0.040874868631362915,0.04297342896461487,0.0012183086946606636,0.7999082803726196
48,0.029312143102288246,0.0784010961651802,0.15289273858070374,-0.12649177014827728,2.1491518020629883,2.6746968274859833,640.7873558882975,0.8588510751724243,0.09669923037290573,0.04444897174835205,0.03863998129963875,0.0012861996656283736,0.7985232472419739
49,0.03279947116971016,0.08615942299365997,0.17165103554725647,-0.14443066716194153,2.1451611518859863,2.626854028994227,646.123254131557,0.8608806133270264,0.09410934895277023,0.04500860720872879,0.04370595142245293,0.0009696909110061824,0.7993091940879822
50,0.0321270115673542,0.08332125097513199,0.16390657424926758,-0.1178404837846756,2.1169114112854004,2.5934952212363633,608.7790617290063,0.8792134523391724,0.0806046724319458,0.04018184915184975,0.04343940690159798,0.0008668457739986479,0.8139098286628723
51,0.027915645390748978,0.07558035850524902,0.14497146010398865,-0.12153532356023788,2.12276029586792,2.7074551723453366,613.2267614753259,0.8821385502815247,0.07356641441583633,0.04429507255554199,0.0420207716524601,0.0008405207772739232,0.82294762134552
52,0.03254837542772293,0.08849311619997025,0.16180822253227234,-0.14101028442382812,2.121995449066162,2.718818221627056,617.3580131111135,0.8797354698181152,0.07522411644458771,0.04503931850194931,0.04268902912735939,0.0006151233101263642,0.8119302988052368
53,0.034243546426296234,0.09220785647630692,0.175780788064003,-0.1327999085187912,2.1142399311065674,2.692707563805545,601.8003574721662,0.8796722292900085,0.08172068744897842,0.03860517218708992,0.04028714448213577,0.0009314196067862213,0.8185424208641052
54,0.031573254615068436,0.07982251793146133,0.1578790247440338,-0.11488393694162369,2.104647159576416,2.528168822064914,586.2673497442828,0.8842010498046875,0.07886777073144913,0.036930665373802185,0.0427597314119339,0.0011662442702800035,0.8214954733848572
55,0.030161967501044273,0.0846950113773346,0.15571795403957367,-0.15387067198753357,2.1085433959960938,2.8080068507332707,584.7683112756059,0.8901431560516357,0.06946179270744324,0.04038648679852486,0.040211983025074005,0.0012504584155976772,0.832951009273529
56,0.029673557728528976,0.08611804991960526,0.1534283608198166,-0.16918756067752838,2.146106004714966,2.902181487793316,604.9524042048758,0.8864309787750244,0.06901374459266663,0.0445537306368351,0.0422382727265358,0.0011653263354673982,0.8244912028312683
57,0.029170507565140724,0.08629462867975235,0.15407827496528625,-0.1343746781349182,2.1197993755340576,2.9582834129330573,612.8500151520126,0.8811674118041992,0.07625430077314377,0.04257678613066673,0.044862449169158936,0.0013734560925513506,0.8097690939903259
58,0.031999215483665466,0.0904695987701416,0.16547879576683044,-0.1416061371564865,2.087078332901001,2.8272442745821715,608.1322070133378,0.8754896521568298,0.08453251421451569,0.0399741493165493,0.042744919657707214,0.001425406662747264,0.811316967010498
59,0.033581431955099106,0.0936652272939682,0.18417270481586456,-0.13354535400867462,2.1304452419281006,2.7891969412268196,652.317674381207,0.8610627055168152,0.08791536837816238,0.05102038010954857,0.044291332364082336,0.0018258371856063604,0.7982239127159119
60,0.03454505279660225,0.09127437323331833,0.18096983432769775,-0.12801147997379303,2.150986909866333,2.6421836367739937,648.1423220043763,0.8658546805381775,0.08524711430072784,0.048883408308029175,0.03913602605462074,0.0016023333882912993,0.8117446303367615
61,0.03158852830529213,0.0859207883477211,0.16111218929290771,-0.15589140355587006,2.18343186378479,2.719999726312242,634.2637577390686,0.8707348108291626,0.08481638878583908,0.044432103633880615,0.0419754832983017,0.0014717353042215109,0.8087188601493835
62,0.030883051455020905,0.08656897395849228,0.15578602254390717,-0.16298355162143707,2.1801722049713135,2.803122420780572,604.0921880462139,0.8833358287811279,0.0749511644244194,0.04171295464038849,0.044280197471380234,0.0014793280279263854,0.8187941312789917
63,0.03071533516049385,0.09885640442371368,0.16696697473526,-0.1603924185037613,2.1481308937072754,3.2184706402827925,603.7648414646226,0.886009693145752,0.06913822889328003,0.04483417421579361,0.04000399261713028,0.001416883897036314,0.8184903264045715
64,0.032402876764535904,0.10283080488443375,0.18291009962558746,-0.1603238880634308,2.1412885189056396,3.173508501374972,634.6928890086235,0.8689631819725037,0.08501079678535461,0.04602160304784775,0.04243289679288864,0.0012215767055749893,0.8078757524490356
65,0.03071160428225994,0.08388248831033707,0.16025704145431519,-0.14151404798030853,2.0859031677246094,2.731296207670243,616.573289232305,0.8695467114448547,0.09288623183965683,0.03756346181035042,0.041356466710567474,0.0010211123153567314,0.8069762587547302
66,0.03105807676911354,0.07824209332466125,0.15140272676944733,-0.13130417466163635,2.09220552444458,2.5192188783547533,620.1886510852013,0.8758683800697327,0.0810336172580719,0.04309385269880295,0.044192444533109665,0.0010396898724138737,0.8134666085243225
67,0.030546890571713448,0.08187663555145264,0.1542186737060547,-0.12525594234466553,2.0746548175811768,2.6803590812804496,597.0615005072268,0.8925749659538269,0.061142951250076294,0.04628059267997742,0.045372869819402695,0.0007016803720034659,0.8250901103019714
68,0.03199310228228569,0.0879874899983406,0.1598038375377655,-0.15250475704669952,2.084453821182251,2.7502018784939257,586.6052937029311,0.8954780101776123,0.06324876099824905,0.04126987233757973,0.04363126680254936,0.0009680180810391903,0.8303014636039734
69,0.03283035010099411,0.0967724546790123,0.17873719334602356,-0.1600356101989746,2.1151793003082275,2.94765222967069,596.0450993462915,0.8901492357254028,0.0695057064294815,0.040343984961509705,0.04315202683210373,0.0009175472077913582,0.8287734985351562
70,0.02959464304149151,0.08591237664222717,0.1583804488182068,-0.16368301212787628,2.109440803527832,2.9029705314869174,597.0594248772641,0.8864523768424988,0.0732831358909607,0.040262144058942795,0.04004300758242607,0.0014781298814341426,0.8306095004081726
71,0.031568776816129684,0.08242452144622803,0.1544409990310669,-0.15086959302425385,2.10361385345459,2.610950748066465,606.9837653996664,0.87539142370224,0.08773207664489746,0.03687167167663574,0.041989974677562714,0.0013745817122980952,0.8120676279067993
72,0.02983313612639904,0.0892576053738594,0.15707455575466156,-0.11953091621398926,2.0912973880767822,2.991894817651583,615.8547465343049,0.8715807795524597,0.09049168974161148,0.037924375385046005,0.04114857688546181,0.0015355325303971767,0.8087961673736572
73,0.031125588342547417,0.09671635925769806,0.1658477485179901,-0.13911937177181244,2.1323390007019043,3.107294171926814,612.5934091060309,0.8789852261543274,0.07822369784116745,0.04278171807527542,0.043155912309885025,0.0013873974094167352,0.8104254007339478
74,0.028256261721253395,0.07376618683338165,0.14297449588775635,-0.13280165195465088,2.071794033050537,2.610613801587442,601.4900242171027,0.8862582445144653,0.07055550068616867,0.043184440582990646,0.045908160507678986,0.001776897581294179,0.8157344460487366
75,0.02793181501328945,0.07738474756479263,0.14454896748065948,-0.1238868460059166,2.0719072818756104,2.770487615115734,618.0736784051,0.8757737278938293,0.08295184373855591,0.04126980900764465,0.040676798671483994,0.0015474329702556133,0.8204513788223267
76,0.031203676015138626,0.08929762244224548,0.16820766031742096,-0.1423841118812561,2.1719369888305664,2.861766107174697,653.5986718816571,0.8609846234321594,0.09209561347961426,0.04691840708255768,0.04460272565484047,0.0013499303022399545,0.7939963340759277
77,0.03131403401494026,0.08829871565103531,0.17158660292625427,-0.1132369190454483,2.1667778491973877,2.8197809201486868,661.1251740813593,0.8644048571586609,0.08184173703193665,0.05374838039278984,0.04067986458539963,0.0011348719708621502,0.8035128116607666
78,0.029232164844870567,0.07949786633253098,0.15792125463485718,-0.10873888432979584,2.1535747051239014,2.7195340048091277,638.2709010398318,0.8727943897247314,0.07672925293445587,0.0504734069108963,0.03862683102488518,0.0011556862154975533,0.8102503418922424
79,0.03216191381216049,0.08775687217712402,0.16340157389640808,-0.1394539475440979,2.139280319213867,2.7285960868788335,619.286423419109,0.8781960010528564,0.07795215398073196,0.04385155811905861,0.04464859142899513,0.0012349645840004086,0.8129450678825378
80,0.03381289169192314,0.08913318812847137,0.1676856279373169,-0.127915158867836,2.111083507537842,2.6360711452290984,627.0605893470845,0.875764012336731,0.07881832122802734,0.04541638121008873,0.04174375161528587,0.0012905261246487498,0.8163580298423767
81,0.032703056931495667,0.08788661658763885,0.1652066856622696,-0.12777046859264374,2.158867359161377,2.6874128852556773,653.532931868621,0.8687631487846375,0.0795653760433197,0.05166643485426903,0.0435870997607708,0.0011695284629240632,0.80903160572052
82,0.03163623809814453,0.10785195231437683,0.17816638946533203,-0.16495198011398315,2.224501609802246,3.409126963085198,671.8437240395584,0.8638817667961121,0.08146223425865173,0.054648686200380325,0.04242105036973953,0.0005973136867396533,0.7950974702835083
83,0.033755384385585785,0.11552155762910843,0.1900707483291626,-0.15768811106681824,2.1921088695526123,3.422314979621921,669.1929765150005,0.8585624694824219,0.09305249899625778,0.048383861780166626,0.041057489812374115,0.0008022235124371946,0.7985228896141052
84,0.03271536901593208,0.08920011669397354,0.168262779712677,-0.11738115549087524,2.1249961853027344,2.726550834496391,630.622507510359,0.8678722977638245,0.09144483506679535,0.040681637823581696,0.04199964553117752,0.0007110140286386013,0.8042205572128296
85,0.02811817079782486,0.07680276036262512,0.14473691582679749,-0.1269441545009613,2.1221537590026855,2.7314280474402315,638.5908171368412,0.8686715364456177,0.08447860926389694,0.04684634134173393,0.04097168147563934,0.0010090213036164641,0.8094830513000488
86,0.03031439706683159,0.07773613929748535,0.14696040749549866,-0.14156916737556458,2.096628189086914,2.5643307080639843,634.918508860768,0.8755459189414978,0.07497841864824295,0.0494740791618824,0.0448763370513916,0.001213776064105332,0.8096281886100769
87,0.031136460602283478,0.07895651459693909,0.15764448046684265,-0.1304594725370407,2.093345880508423,2.5358217686634803,619.187450248911,0.8837040662765503,0.0700673833489418,0.04622756317257881,0.041984423995018005,0.0011999786365777254,0.8155896663665771
88,0.03238314390182495,0.10893172025680542,0.19657045602798462,-0.11990872770547867,2.1612510681152344,3.3638401689374806,637.2330967821525,0.8705846071243286,0.08459267765283585,0.04482249543070793,0.041455380618572235,0.0012286459095776081,0.8051308989524841
89,0.033742908388376236,0.11187999695539474,0.2071332037448883,-0.13248029351234436,2.180124282836914,3.3156595650960408,621.6389245684566,0.8729813694953918,0.08543822914361954,0.041580427438020706,0.04360935091972351,0.0019027063390240073,0.8100703954696655
90,0.029853133484721184,0.08629847317934036,0.16736310720443726,-0.14836162328720093,2.173758029937744,2.8907676716957402,637.9378907733791,0.8693498969078064,0.08484451472759247,0.04580564796924591,0.04150375351309776,0.001396983745507896,0.8112697601318359
91,0.02782316505908966,0.07674724608659744,0.14862707257270813,-0.14601010084152222,2.118018865585327,2.7583938031797066,627.5066524667383,0.8777498006820679,0.07511001080274582,0.04713474214076996,0.045773718506097794,0.0014998066471889615,0.8107494711875916
92,0.02921486832201481,0.08283116668462753,0.14516815543174744,-0.14781086146831512,2.1163172721862793,2.8352401170802137,596.2527853421534,0.8904767036437988,0.06850286573171616,0.04101785644888878,0.041677042841911316,0.001211330876685679,0.8249666094779968
93,0.03410739079117775,0.09626273065805435,0.1781068742275238,-0.15954652428627014,2.1636321544647217,2.8223422672405483,624.6279017074494,0.8819116353988647,0.07146094739437103,0.046627227216959,0.038881074637174606,0.0010912541765719652,0.8158042430877686
94,0.0336909219622612,0.09398718923330307,0.1763630509376526,-0.17278136312961578,2.169645309448242,2.78968884662144,637.820285906128,0.877845048904419,0.07321586459875107,0.04893721267580986,0.04265178367495537,0.0009716434869915247,0.8166947364807129
95,0.028533566743135452,0.07977086305618286,0.15075194835662842,-0.16536062955856323,2.1793129444122314,2.795684947889604,625.5003590019751,0.8746591210365295,0.08214098960161209,0.043198633939027786,0.040808163583278656,0.0012568472884595394,0.8124260306358337
96,0.03086506389081478,0.10183025896549225,0.17687353491783142,-0.15016813576221466,2.2081871032714844,3.2992077814067637,637.0857804094088,0.8697521090507507,0.08530104905366898,0.044938329607248306,0.04237998276948929,0.001153014600276947,0.8109926581382751
97,0.030630487948656082,0.10084805637598038,0.1753867268562317,-0.14801856875419617,2.254145383834839,3.2924077651565034,651.5582333111033,0.8640560507774353,0.08868243545293808,0.047250546514987946,0.04360537603497505,0.0008602738380432129,0.7983173131942749
98,0.030483515933156013,0.08942300081253052,0.16177819669246674,-0.12873198091983795,2.229769706726074,2.933487101871156,635.2838303500961,0.8735752105712891,0.0777829959988594,0.04864080250263214,0.04108057916164398,0.0009227963746525347,0.8143671154975891
99,0.02882762812077999,0.08386334031820297,0.15163788199424744,-0.1180761456489563,2.1611344814300537,2.9091307812050666,641.0979821740904,0.8735668659210205,0.07605044543743134,0.050370752811431885,0.0418999008834362,0.0009581785998307168,0.8076991438865662
100,0.028417009860277176,0.08211991935968399,0.14975211024284363,-0.13497811555862427,2.143401622772217,2.889815633684451,633.2065764391348,0.871079683303833,0.08426657319068909,0.044646941125392914,0.043209001421928406,0.0010590171441435814,0.8102914094924927
101,0.029831310734152794,0.09489620476961136,0.16746442019939423,-0.14692294597625732,2.1607823371887207,3.181094039484729,622.3160794883364,0.8754967451095581,0.08233655244112015,0.0421663261950016,0.04286748170852661,0.0011726823868229985,0.8112940192222595
102,0.03154446929693222,0.09958009421825409,0.17580364644527435,-0.13903850317001343,2.139472484588623,3.1568162798282264,622.9171694462535,0.8759019374847412,0.08140379190444946,0.042687345296144485,0.04126466065645218,0.0013387512881308794,0.8132975697517395
103,0.030384253710508347,0.09482529014348984,0.16678258776664734,-0.14265379309654236,2.1441683769226074,3.1208694820624734,610.3743310677372,0.8828531503677368,0.07439596951007843,0.0427507683634758,0.04165501147508621,0.0010908999247476459,0.8216811418533325
104,0.03303338214755058,0.10355586558580399,0.18259498476982117,-0.1235474944114685,2.1427955627441406,3.134885344773809,628.4326799667855,0.8777124881744385,0.07430125772953033,0.04798389971256256,0.043976303189992905,0.0019096413161605597,0.8107618093490601
105,0.030663633719086647,0.0808677077293396,0.1552392542362213,-0.09886697679758072,2.0955233573913574,2.637251294727215,614.2438348822373,0.8783353567123413,0.07636165618896484,0.04530249908566475,0.04315266013145447,0.0018034102395176888,0.8190889954566956
106,0.03178110718727112,0.08488109707832336,0.1646421253681183,-0.1270325481891632,2.108635187149048,2.6708036499637404,602.3655568004318,0.8849615454673767,0.07021063566207886,0.044818948954343796,0.04640289023518562,0.0018597932066768408,0.8168034553527832
107,0.027386939153075218,0.09455347061157227,0.16765931248664856,-0.14038307964801788,2.1878247261047363,3.452502307016758,671.1209897741626,0.8645504713058472,0.07794249057769775,0.05750330165028572,0.04316762462258339,0.0019194937776774168,0.7976713180541992
108,0.030823716893792152,0.10383341461420059,0.1925024688243866,-0.15793107450008392,2.214463472366333,3.3686208243024662,685.5207893866535,0.8541240096092224,0.08937746286392212,0.05649850517511368,0.0407043881714344,0.001150772674009204,0.7917086482048035
109,0.03211794048547745,0.0954638347029686,0.16999301314353943,-0.16089752316474915,2.2263898849487305,2.9722900427927983,682.1786859837575,0.856031596660614,0.08915954828262329,0.054808180779218674,0.04306887090206146,0.0012106962967664003,0.7944803833961487
110,0.032910291105508804,0.0976865217089653,0.17400649189949036,-0.12151992321014404,2.137012243270874,2.9682667161107377,657.9889359123359,0.8688355088233948,0.07988830655813217,0.05127502232789993,0.04009992629289627,0.0010784059995785356,0.8091039657592773
111,0.03005317971110344,0.09583570063114166,0.183574378490448,-0.09489341080188751,2.0795559883117676,3.1888705803913777,669.0700298108115,0.8693276047706604,0.07503118366003036,0.055640775710344315,0.040837228298187256,0.000976803945377469,0.8133365511894226
112,0.031812138855457306,0.10114477574825287,0.19402851164340973,-0.11999673396348953,2.1997058391571045,3.179439653669255,692.5684364176261,0.8531306385993958,0.08988378196954727,0.056983958929777145,0.04040297493338585,0.0007341750897467136,0.787584662437439
113,0.02914518117904663,0.08080597966909409,0.1487073004245758,-0.131902813911438,2.1795692443847656,2.7725331048693382,633.4992299259957,0.8664674162864685,0.08966763317584991,0.04386340454220772,0.03882748633623123,0.0008626320632174611,0.811201274394989
114,0.032872188836336136,0.0857933759689331,0.15624502301216125,-0.13095109164714813,2.1589834690093994,2.60990761501982,640.2874730170281,0.8645616173744202,0.08799814432859421,0.04743373021483421,0.04015296697616577,0.0009784844005480409,0.8024148344993591
115,0.03013475053012371,0.08138774335384369,0.1531401127576828,-0.12894855439662933,2.2185842990875244,2.7007936657642135,639.0158535416433,0.8656550049781799,0.08969897031784058,0.044645000249147415,0.04285717010498047,0.001159918261691928,0.8025085926055908
116,0.028459828346967697,0.08166156709194183,0.15032066404819489,-0.12292971462011337,2.1978867053985596,2.869362600979048,649.1607324869368,0.8682249188423157,0.08215798437595367,0.04961585998535156,0.045595381408929825,0.0012672458542510867,0.8017808794975281
117,0.03153625875711441,0.08930201828479767,0.16509565711021423,-0.13730654120445251,2.1490869522094727,2.8317251887660864,657.5966077826995,0.8656952977180481,0.07997490465641022,0.05432978644967079,0.04276811704039574,0.0013933813897892833,0.8022770881652832
118,0.029394730925559998,0.07580789923667908,0.14787980914115906,-0.12940756976604462,2.1307930946350098,2.5789621761151027,608.4977462801095,0.8813118934631348,0.07455657422542572,0.044131021946668625,0.04248553514480591,0.0012134106364101171,0.8189904093742371
119,0.028810031712055206,0.07341668009757996,0.14358486235141754,-0.1312958151102066,2.154283285140991,2.5483026477999795,614.9530962087048,0.8797723650932312,0.07740180194377899,0.0428243912756443,0.04194830358028412,0.0012623951770365238,0.8174657225608826
120,0.03181328624486923,0.09207088500261307,0.16686499118804932,-0.13230416178703308,2.1594414710998535,2.8941016747230233,630.4704694159619,0.8739231824874878,0.07987618446350098,0.046198807656764984,0.04064680635929108,0.0013520614011213183,0.8149378299713135
121,0.03288605809211731,0.09618493914604187,0.17018432915210724,-0.14032499492168427,2.156550645828247,2.9247938099997555,650.5656278708781,0.8656612634658813,0.08168170601129532,0.052646178752183914,0.046555228531360626,0.0018011628417298198,0.7962232232093811
122,0.02938607521355152,0.07623055577278137,0.14671480655670166,-0.13860659301280975,2.1352314949035645,2.5941046980997724,635.0343003556964,0.873968780040741,0.07689794898033142,0.049133092164993286,0.04186198487877846,0.001736882608383894,0.8102596402168274
123,0.028084829449653625,0.0718991681933403,0.13820970058441162,-0.13558542728424072,2.0939011573791504,2.560071383722324,565.2953503292829,0.9015494585037231,0.061596572399139404,0.03685193508863449,0.04037819430232048,0.0013368981890380383,0.8375580906867981
124,0.031523991376161575,0.0851772353053093,0.16607096791267395,-0.12672023475170135,2.1788744926452637,2.7019813032628317,623.9365319171314,0.8802171945571899,0.07329713553190231,0.04648543521761894,0.043646957725286484,0.0011678306618705392,0.8189517855644226
125,0.03243592381477356,0.08845065534114838,0.1725480854511261,-0.1366460919380188,2.2393171787261963,2.726934982444832,651.0033779529045,0.8645099997520447,0.08797911554574966,0.04750281572341919,0.04041193053126335,0.001270695822313428,0.8035053014755249
126,0.03230610862374306,0.092610664665699,0.1742187738418579,-0.15264208614826202,2.219013214111328,2.8666610931521803,617.460239387789,0.8696412444114685,0.0907149463891983,0.03962833806872368,0.043547991663217545,0.0011768740369006991,0.8079609274864197
127,0.028793739154934883,0.08063183724880219,0.1520782709121704,-0.12338262051343918,2.164903163909912,2.8003253350366824,632.4191925214836,0.8714323043823242,0.08180848509073257,0.04675747826695442,0.04086418077349663,0.0008260117610916495,0.8053985238075256
128,0.028555620461702347,0.07829377800226212,0.14387813210487366,-0.11346568912267685,2.1076998710632324,2.741799223187071,626.0658252992422,0.8800146579742432,0.07185761630535126,0.048127736896276474,0.039657387882471085,0.0007977050845511258,0.8219389915466309
129,0.03293029963970184,0.08350536972284317,0.16094085574150085,-0.12374009937047958,2.1262762546539307,2.5358217396731657,623.1695657135591,0.8765004873275757,0.07666284590959549,0.046833015978336334,0.043928440660238266,0.0010276335524395108,0.807958722114563
130,0.028971059247851372,0.075087770819664,0.14000001549720764,-0.13755011558532715,2.1591458320617676,2.5918200012877004,617.394071815665,0.8751841187477112,0.08047845214605331,0.044321052730083466,0.042751654982566833,0.001411972101777792,0.8128579258918762
131,0.02763260528445244,0.08375024795532227,0.1534697413444519,-0.14551177620887756,2.217231273651123,3.0308487777449535,637.293181265626,0.8636856079101562,0.0924564078450203,0.04385184496641159,0.04462241753935814,0.0010949828429147601,0.7970783710479736
132,0.03018929809331894,0.09013386070728302,0.1651194989681244,-0.13914042711257935,2.2184154987335205,2.9856229325266934,671.2054694578264,0.8514446020126343,0.1012047529220581,0.04735008627176285,0.04198483005166054,0.0016444929642602801,0.791295051574707
133,0.028786946088075638,0.07332286983728409,0.1405613124370575,-0.1312623769044876,2.1606760025024414,2.5470874753577766,645.5572160401773,0.8665766716003418,0.08421049267053604,0.04921280965209007,0.042633380740880966,0.001446861308068037,0.803913414478302
134,0.029388757422566414,0.08143039792776108,0.1492215096950531,-0.14802253246307373,2.2015931606292725,2.7708009819586055,621.4898121373666,0.877998948097229,0.07446498423814774,0.04753602296113968,0.04481816291809082,0.001366295968182385,0.8083528876304626
135,0.027690215036273003,0.07663974910974503,0.14115913212299347,-0.14977554976940155,2.212578773498535,2.7677556496611695,632.3212985123363,0.8696512579917908,0.0854293704032898,0.04491942748427391,0.04216505587100983,0.0015834749210625887,0.8084151744842529
136,0.02830677106976509,0.09098257124423981,0.1570626199245453,-0.15865540504455566,2.169816493988037,3.2141628240391418,614.4396784480034,0.8747245073318481,0.08518023788928986,0.04009521007537842,0.04645343869924545,0.0018614560831338167,0.8036796450614929
137,0.030287422239780426,0.09634542465209961,0.16896255314350128,-0.15917623043060303,2.1466405391693115,3.1810374579311524,607.0467442559927,0.8827342987060547,0.07588858902454376,0.04137587174773216,0.04082617163658142,0.0015461507719010115,0.8229527473449707
138,0.03281395509839058,0.0939684584736824,0.1711559295654297,-0.14420707523822784,2.1255862712860107,2.863673647052305,609.5237810007063,0.8792383074760437,0.08144400268793106,0.039316266775131226,0.040894441306591034,0.0015099203446879983,0.8184937238693237
139,0.02959625981748104,0.08758800476789474,0.16430188715457916,-0.1333884596824646,2.177910804748535,2.9594281610273416,624.4376733927762,0.8747474551200867,0.08291340619325638,0.04233712702989578,0.043507616966962814,0.0011726701632142067,0.8141409754753113
140,0.03152326121926308,0.09511145204305649,0.1784655898809433,-0.15013383328914642,2.2361574172973633,3.017183132750208,669.1522747666947,0.863700807094574,0.08182930201292038,0.05444154143333435,0.04023338481783867,0.001407249947078526,0.8005024790763855
141,0.027426518499851227,0.08353208005428314,0.14329767227172852,-0.14482349157333374,2.1648874282836914,3.045668375725143,667.7199015087841,0.8675410747528076,0.07656221836805344,0.05589527264237404,0.04536726325750351,0.00148404308129102,0.8022304177284241
142,0.030197711661458015,0.0803002193570137,0.15670844912528992,-0.12291532754898071,2.1103222370147705,2.6591491519154893,654.1814254523409,0.8729499578475952,0.06983643025159836,0.05720536410808563,0.04245174303650856,0.000981462188065052,0.804256021976471
143,0.0322260744869709,0.08299779146909714,0.16241095960140228,-0.1304766833782196,2.1041758060455322,2.575485621125772,653.7943413237801,0.8630391359329224,0.08398117870092392,0.0529792457818985,0.03848332166671753,0.0007259121630340815,0.80574631690979
144,0.03375416249036789,0.09013081341981888,0.17485785484313965,-0.12199997901916504,2.124767303466797,2.6702132942231485,661.8747716995704,0.8603978753089905,0.0887271985411644,0.05087394267320633,0.038907308131456375,0.0007245364831760526,0.8039969801902771
145,0.028948353603482246,0.08018066734075546,0.15986737608909607,-0.14878518879413605,2.2101216316223145,2.7697833333202277,679.9189437046172,0.8634380102157593,0.07782883197069168,0.058730125427246094,0.04135563224554062,0.0012129677925258875,0.8037378191947937
146,0.028050919994711876,0.08059985190629959,0.1557973027229309,-0.14938776195049286,2.2016541957855225,2.873340764531817,660.8273936726231,0.8697748184204102,0.0739978700876236,0.05622723698616028,0.04548811912536621,0.0010140914237126708,0.8033957481384277
147,0.03029429167509079,0.07948775589466095,0.15537068247795105,-0.1347746104001999,2.1576926708221436,2.6238525972005213,636.2861586574493,0.8748503923416138,0.07388059049844742,0.05126858502626419,0.041921015828847885,0.001371012069284916,0.8161401152610779
148,0.028895294293761253,0.07261129468679428,0.144331693649292,-0.13487392663955688,2.143854856491089,2.51291071639851,623.6511345759901,0.8753488659858704,0.07688475400209427,0.047766298055648804,0.043306998908519745,0.001323555945418775,0.8089354038238525
149,0.028780942782759666,0.07439293712377548,0.14858227968215942,-0.11838008463382721,2.1202657222747803,2.5847984787264675,635.9060493889576,0.8726574182510376,0.07884091883897781,0.04849955812096596,0.04266975820064545,0.0014890573220327497,0.8065335154533386
150,0.03206200897693634,0.08402597904205322,0.16775354743003845,-0.13314767181873322,2.1421573162078857,2.620733438752269,636.6839323273676,0.8745479583740234,0.07422718405723572,0.0512215830385685,0.04221630096435547,0.0016573094762861729,0.810555100440979
151,0.03125917166471481,0.0837886705994606,0.1634485125541687,-0.11291604489088058,2.1397180557250977,2.680450764834577,628.2373995134373,0.8796557784080505,0.06950461119413376,0.050838470458984375,0.045657455921173096,0.0021073941607028246,0.808795154094696
152,0.03199639916419983,0.08317233622074127,0.16201286017894745,-0.09625571966171265,2.0933637619018555,2.5994280103619225,630.3399532556138,0.882973313331604,0.06626741588115692,0.050754331052303314,0.039170484989881516,0.0017544577131047845,0.8265756368637085
153,0.03244520351290703,0.08159006386995316,0.1553986519575119,-0.09872318059206009,2.0874223709106445,2.514703408624979,632.0896911457098,0.876878023147583,0.0767517164349556,0.04635302349925041,0.04086019843816757,0.0013955399626865983,0.8144044876098633
154,0.03174735605716705,0.0764407366514206,0.1495351791381836,-0.10738491266965866,2.0824854373931885,2.4077827618579315,612.8972922943866,0.8830952048301697,0.07384340465068817,0.043056439608335495,0.04095063731074333,0.0017554364167153835,0.8232232928276062
155,0.03210880607366562,0.08867960423231125,0.1667148470878601,-0.15454110503196716,2.1732311248779297,2.7618468287514726,641.9380458809945,0.8701527714729309,0.08306068181991577,0.04678629711270332,0.04127342253923416,0.0017543121939525008,0.8090059161186218
156,0.027310755103826523,0.07595013082027435,0.14337411522865295,-0.14959409832954407,2.2067935466766357,2.7809604871324844,672.5115729623855,0.8565436005592346,0.09341634809970856,0.050039712339639664,0.04625852033495903,0.001363726332783699,0.7898694276809692
157,0.03235483542084694,0.09439977258443832,0.1727352738380432,-0.12277770042419434,2.14231538772583,2.917640326511963,634.696165125649,0.8747915625572205,0.0757603719830513,0.04944650083780289,0.04096902534365654,0.0011074383510276675,0.8111843466758728
158,0.029675036668777466,0.08594796806573868,0.15794330835342407,-0.10568821430206299,2.1191723346710205,2.8963053701386787,607.4959839987221,0.8905489444732666,0.05960538610816002,0.04984572157263756,0.04067055881023407,0.000977328629232943,0.832389771938324
159,0.02990819327533245,0.0827401876449585,0.1556374877691269,-0.1070806011557579,2.1143290996551514,2.7664722800368593,601.5053897101791,0.888154923915863,0.06641730666160583,0.04541774094104767,0.04308238625526428,0.0007728782948106527,0.8231374621391296
160,0.029354488477110863,0.08079454302787781,0.1512390524148941,-0.13926208019256592,2.1626625061035156,2.7523744141590107,619.9322437667752,0.8703578114509583,0.08813346922397614,0.04150870442390442,0.043316952884197235,0.0009347798768430948,0.8102022409439087
161,0.033285755664110184,0.09089925140142441,0.17664429545402527,-0.12212681025266647,2.208907127380371,2.730875402558583,632.8818037627656,0.8661407232284546,0.08945610374212265,0.04440207779407501,0.04278618097305298,0.0011182848829776049,0.8008707761764526
162,0.029801851138472557,0.075617216527462,0.15024161338806152,-0.12059582024812698,2.1878609657287598,2.5373328714908916,647.3852611671343,0.8704729080200195,0.07896892726421356,0.05055758357048035,0.04096152260899544,0.001463258289732039,0.8091224431991577
163,0.02940855361521244,0.07619162648916245,0.14454501867294312,-0.12570735812187195,2.102957248687744,2.590798156328208,633.6902918771519,0.8756798505783081,0.07685130834579468,0.04746701940894127,0.044113777577877045,0.0016329106874763966,0.8086097240447998
164,0.03110901266336441,0.08145859092473984,0.15288661420345306,-0.12527194619178772,2.072007656097412,2.6184884683933163,634.3644071785159,0.8736235499382019,0.08039403706789017,0.04598211497068405,0.04291829466819763,0.001603826996870339,0.8071794509887695
165,0.030328013002872467,0.08816089481115341,0.17067131400108337,-0.13777820765972137,2.1278629302978516,2.906912985031248,650.9200258783009,0.8709303736686707,0.07665660232305527,0.052413031458854675,0.043353088200092316,0.001723162829875946,0.8055683374404907
166,0.02995409071445465,0.08592887222766876,0.16603916883468628,-0.132012739777565,2.1271815299987793,2.8686857178854117,629.5364227766182,0.8767066597938538,0.07359209656715393,0.0497012734413147,0.04671384021639824,0.0019441122421994805,0.8096664547920227
167,0.0312994159758091,0.08137313276529312,0.160489022731781,-0.11906304955482483,2.0777549743652344,2.5998291094500137,620.5679375669765,0.8813887238502502,0.0701487585902214,0.04845879226922989,0.03958520665764809,0.0015842971624806523,0.8247826099395752
168,0.031126830726861954,0.08746584504842758,0.16425299644470215,-0.11798601597547531,2.0924503803253174,2.809982352945942,610.8484049450911,0.8895153999328613,0.060598503798246384,0.04988260939717293,0.04069150239229202,0.001590432715602219,0.8268553018569946
169,0.029186535626649857,0.08297987282276154,0.14932474493980408,-0.12767745554447174,2.1275861263275146,2.84308743872125,643.8026792804454,0.8790760636329651,0.06426504999399185,0.056658774614334106,0.04074734449386597,0.0013497482286766171,0.8198826313018799
170,0.032778434455394745,0.09577543288469315,0.1893206238746643,-0.1307889223098755,2.1781668663024902,2.9219038210047374,707.002804105437,0.860169529914856,0.07048427313566208,0.06934396177530289,0.039940785616636276,0.0014725503278896213,0.795941948890686
171,0.028994955122470856,0.09162389487028122,0.17660775780677795,-0.16320346295833588,2.190354824066162,3.1599943672998982,655.525048242944,0.8791899681091309,0.06081138923764229,0.05999498814344406,0.04520951211452484,0.001447329530492425,0.8162482976913452
172,0.03078400529921055,0.09711556881666183,0.16784676909446716,-0.17711229622364044,2.121833086013794,3.1547411673554255,582.5177784483403,0.8961148262023926,0.06126412749290466,0.042620472609996796,0.041611507534980774,0.0013019702164456248,0.8294571042060852
173,0.03248421847820282,0.08303148299455643,0.16432148218154907,-0.1438506692647934,2.124925136566162,2.55605604449789,612.4859071372417,0.8804953098297119,0.07571345567703247,0.04378548637032509,0.04134666547179222,0.0011818219209089875,0.8196672797203064
174,0.03253578022122383,0.09024697542190552,0.17337077856063843,-0.12160272151231766,2.1711044311523438,2.773776279699037,650.3984834126014,0.8673474788665771,0.08352328091859818,0.04912857338786125,0.04241121932864189,0.0009056415292434394,0.8041471838951111
175,0.032724253833293915,0.09278886765241623,0.17850203812122345,-0.14330919086933136,2.159838914871216,2.8354769560911004,624.3153454302923,0.8793663382530212,0.07434031367301941,0.0462915264070034,0.04250827431678772,0.0008097154786810279,0.8180412650108337
176,0.02805279940366745,0.07876720279455185,0.1404780149459839,-0.15118509531021118,2.1231818199157715,2.807819699500168,589.7087051893122,0.8934876918792725,0.0634160041809082,0.04309435933828354,0.043663039803504944,0.0009658574126660824,0.8292720913887024
177,0.031485140323638916,0.08641233295202255,0.1566033661365509,-0.14427050948143005,2.092360258102417,2.7445433642993797,615.8111955979941,0.8786266446113586,0.0758172944188118,0.045552369207143784,0.041003741323947906,0.0013701600255444646,0.8212653398513794
178,0.03254876658320427,0.08382318168878555,0.1606239229440689,-0.13881921768188477,2.0872395038604736,2.5753105412438106,648.7333878749341,0.8639970421791077,0.0864153653383255,0.04955531284213066,0.04162916913628578,0.0012192270951345563,0.7971941828727722
179,0.028086014091968536,0.07325416058301926,0.14062397181987762,-0.11682822555303574,2.1321847438812256,2.6082077841497195,663.2873665126324,0.8600998520851135,0.08853409439325333,0.05136038735508919,0.04142230376601219,0.0014172064838930964,0.7962208390235901
180,0.027170289307832718,0.07132890075445175,0.14046311378479004,-0.10547251999378204,2.178438425064087,2.625253634353596,664.517925384241,0.8587921857833862,0.08769700676202774,0.05350734293460846,0.044461823999881744,0.0011822585947811604,0.791339099407196
181,0.030826127156615257,0.08018815517425537,0.15839876234531403,-0.11045274883508682,2.180878162384033,2.6013048854385774,649.8500769639721,0.8712159395217896,0.07394582033157349,0.054838165640830994,0.04676241800189018,0.0015615354059264064,0.8024958372116089
182,0.030895695090293884,0.08126543462276459,0.15419429540634155,-0.12646131217479706,2.1210269927978516,2.630315789388549,634.8632492523027,0.879098117351532,0.07083480805158615,0.05006701499223709,0.04028453677892685,0.001474029733799398,0.8235294818878174
183,0.03251635283231735,0.08581416308879852,0.16232356429100037,-0.1346784085035324,2.0809574127197266,2.6391078829994252,623.7390777996212,0.8807010650634766,0.0732574313879013,0.04604153707623482,0.0433911569416523,0.0014834695030003786,0.8179900646209717
184,0.033490799367427826,0.08351194113492966,0.16270104050636292,-0.13496364653110504,2.112555503845215,2.493578615912565,634.7894690476044,0.8735377192497253,0.08017069846391678,0.046287909150123596,0.042719658464193344,0.0014522087294608355,0.8107850551605225
185,0.03360029682517052,0.08770737797021866,0.16555804014205933,-0.14412087202072144,2.125114917755127,2.61031557024536,635.4276553132196,0.870794951915741,0.08259837329387665,0.046605125069618225,0.04039749503135681,0.0014123209984973073,0.8085816502571106
186,0.03053813800215721,0.0802074745297432,0.1501457393169403,-0.14415539801120758,2.1142489910125732,2.626469057198277,606.6949626342783,0.8852238655090332,0.0694957971572876,0.0452796034514904,0.044366080313920975,0.0014709363458678126,0.8230675458908081
187,0.028725184500217438,0.07308304309844971,0.14286285638809204,-0.14292918145656586,2.1550748348236084,2.5442149238537453,608.4597607171812,0.8894259333610535,0.06440097838640213,0.046166758984327316,0.04210977628827095,0.0013145065167918801,0.8240066170692444
188,0.03313475474715233,0.08436290174722672,0.16505558788776398,-0.1388552486896515,2.1083762645721436,2.5460548112833394,587.5889804055553,0.8962805271148682,0.061438001692295074,0.04228052869439125,0.04429706186056137,0.0013101946096867323,0.8331493735313416
189,0.028911590576171875,0.08077852427959442,0.15362632274627686,-0.14239376783370972,2.1169819831848145,2.7939840965849814,603.8314802145577,0.8878647089004517,0.0651010125875473,0.04703395813703537,0.04519883543252945,0.0009341892437078059,0.8191552758216858
190,0.03166942670941353,0.08846665918827057,0.16814027726650238,-0.15275096893310547,2.2132837772369385,2.793440500114295,643.6605401478103,0.8660269975662231,0.0834418311715126,0.050531040877103806,0.04287164658308029,0.0011402486125007272,0.8065480589866638
191,0.02855057083070278,0.09351281821727753,0.1619083285331726,-0.1468132883310318,2.2071447372436523,3.2753397040118073,639.2448228031618,0.860292911529541,0.09597846865653992,0.043727774173021317,0.04257123917341232,0.001078034401871264,0.8015309572219849
192,0.030645020306110382,0.09990333765745163,0.1656036376953125,-0.14931726455688477,2.163426399230957,3.2600186476062363,645.1223016201599,0.8630847930908203,0.09144467860460281,0.045458171516656876,0.04163563996553421,0.001297738985158503,0.8024957180023193
193,0.03312135860323906,0.09858669340610504,0.17404550313949585,-0.1465122401714325,2.156613349914551,2.9765292717638507,632.2985990382134,0.8772615790367126,0.0743422582745552,0.04838903993368149,0.041924893856048584,0.0012727394932880998,0.8125042915344238
194,0.033160366117954254,0.09960737079381943,0.1759413778781891,-0.13686248660087585,2.1616592407226562,3.003807932533184,624.6724904292327,0.882076621055603,0.06815408170223236,0.04976864531636238,0.042137548327445984,0.0015825909795239568,0.8121061325073242
195,0.02912687137722969,0.08182165771722794,0.14865216612815857,-0.13630551099777222,2.1381561756134033,2.8091468065596614,629.2572804448041,0.874237060546875,0.07817677408456802,0.04758591204881668,0.04408452659845352,0.0014849796425551176,0.807013750076294
196,0.03090839460492134,0.08553244173526764,0.15571197867393494,-0.13357415795326233,2.148695945739746,2.767288396107172,634.8523383491304,0.8702599406242371,0.08389561623334885,0.04584367200732231,0.04352761432528496,0.001987758558243513,0.8088402152061462
197,0.029444370418787003,0.0794912651181221,0.14683207869529724,-0.12489459663629532,2.1323599815368652,2.6997101308270097,610.0565501188887,0.8784278631210327,0.07893288880586624,0.042637284845113754,0.040814999490976334,0.0016856295987963676,0.8192672729492188
198,0.03029538504779339,0.0819888785481453,0.15159806609153748,-0.13449694216251373,2.165440559387207,2.7063157776702615,634.112025407137,0.8752712607383728,0.07510266453027725,0.04962559789419174,0.044879086315631866,0.001766588306054473,0.810196578502655
199,0.029350418597459793,0.07709508389234543,0.14503735303878784,-0.14087176322937012,2.140986919403076,2.6267115623485897,637.9711027300156,0.8796494603157043,0.06912675499916077,0.05121767148375511,0.041987624019384384,0.001543183228932321,0.8123733401298523
200,0.03201854228973389,0.08152212202548981,0.15204188227653503,-0.13860273361206055,2.0783660411834717,2.5460909895664483,595.2756152736708,0.8923305869102478,0.06609843671321869,0.0415695421397686,0.04101764038205147,0.0012210389832034707,0.8244471549987793
201,0.033665578812360764,0.09477905184030533,0.18752847611904144,-0.13875649869441986,2.1272754669189453,2.815310331236326,633.6630378785756,0.8788500428199768,0.07104596495628357,0.05008314922451973,0.0433952696621418,0.0012061300221830606,0.8186513185501099
202,0.03090444579720497,0.08471563458442688,0.16762781143188477,-0.13367055356502533,2.1421236991882324,2.741211899983252,645.1301530515589,0.8729978799819946,0.07355967909097672,0.05344128608703613,0.03859645873308182,0.0011782170040532947,0.8107426762580872
203,0.029900869354605675,0.07789867371320724,0.14762455224990845,-0.12963509559631348,2.1423068046569824,2.605231064915615,618.8739245688015,0.8790538907051086,0.0759793147444725,0.04492930322885513,0.040918316692113876,0.00103331683203578,0.8209717273712158
204,0.03144647553563118,0.08653946965932846,0.157366544008255,-0.14071564376354218,2.143371343612671,2.751960853562775,609.433928172407,0.8819642066955566,0.07555723935365677,0.042468179017305374,0.04354703053832054,0.0006601324421353638,0.8151466250419617
205,0.02947046048939228,0.0820721685886383,0.1507454216480255,-0.1421021819114685,2.130187749862671,2.784896035655595,612.3833385695527,0.8809402585029602,0.07516232132911682,0.04388131946325302,0.04364578798413277,0.0010119248181581497,0.8194313049316406
206,0.030812982469797134,0.09192196279764175,0.16301056742668152,-0.12652604281902313,2.1338744163513184,2.983221857370035,610.7668834562029,0.884495198726654,0.06918741017580032,0.04630853235721588,0.04356404393911362,0.000918536214157939,0.8206666707992554
207,0.03291471302509308,0.09693825244903564,0.173416405916214,-0.14189612865447998,2.164767265319824,2.945134365053951,617.9315255542174,0.8815845251083374,0.07122734934091568,0.04718763753771782,0.04158121347427368,0.0014171318616718054,0.8217393755912781
208,0.03011101298034191,0.08224707096815109,0.15217559039592743,-0.151764377951622,2.1580610275268555,2.731461442998113,618.1051882982863,0.8789280652999878,0.07563688606023788,0.04543236643075943,0.043415699154138565,0.0012462990125641227,0.8097515106201172
209,0.02993709407746792,0.082926906645298,0.15713214874267578,-0.13558074831962585,2.1283535957336426,2.770038615903696,591.0762145840322,0.8898929357528687,0.07038483768701553,0.03972220420837402,0.04265356436371803,0.0014541054842993617,0.8234017491340637
210,0.03087262064218521,0.08570530265569687,0.16250136494636536,-0.1202407106757164,2.1071300506591797,2.776094185402928,572.025341050888,0.8955807685852051,0.06748315691947937,0.03693211078643799,0.04426545649766922,0.0015565294306725264,0.830944299697876
211,0.030980432406067848,0.08931320905685425,0.16690823435783386,-0.12026787549257278,2.1201562881469727,2.8828909772246565,604.1216561772668,0.8890011310577393,0.06482687592506409,0.046170640736818314,0.044489361345767975,0.0015961395110934973,0.8245980739593506
212,0.031186003237962723,0.08978307247161865,0.16766048967838287,-0.13174471259117126,2.127478837966919,2.878954118732559,630.9734714054359,0.8829352855682373,0.06634922325611115,0.050692491233348846,0.04218556359410286,0.0016652747290208936,0.8232687711715698
213,0.03278593719005585,0.09149812161922455,0.17006583511829376,-0.1384848952293396,2.143178701400757,2.79077340647702,627.6409816344466,0.8799875974655151,0.07166038453578949,0.04834969341754913,0.045657213777303696,0.0021087871864438057,0.81437748670578
214,0.03158320486545563,0.09249414503574371,0.1823851615190506,-0.10856717824935913,2.2409822940826416,2.928586425185156,684.4667394865686,0.8521795868873596,0.09125542640686035,0.056564148515462875,0.03946826234459877,0.0017141400603577495,0.7893410921096802
215,0.032277122139930725,0.09451382607221603,0.18666745722293854,-0.12034974992275238,2.216054916381836,2.9281986683801264,669.1757362625953,0.8545089960098267,0.09377745538949966,0.05170728638768196,0.04111608862876892,0.0012556961737573147,0.7885815501213074
216,0.032003529369831085,0.09323418140411377,0.16996361315250397,-0.1657203584909439,2.1105942726135254,2.913246858613351,607.9079301114823,0.8828141093254089,0.07361284643411636,0.04357244819402695,0.04493487626314163,0.001350940903648734,0.8202664256095886
217,0.02814561128616333,0.08160783350467682,0.1599065065383911,-0.16362567245960236,2.1295337677001953,2.8994869811868886,643.7061375714429,0.8730283975601196,0.07657687366008759,0.050391893833875656,0.03916831314563751,0.00129648856818676,0.8128464818000793
218,0.03039768896996975,0.08631285279989243,0.16386929154396057,-0.1504395753145218,2.133572816848755,2.839454436234363,627.8410628886242,0.8773770928382874,0.07575305551290512,0.04686429724097252,0.04446655139327049,0.0011070686159655452,0.816048800945282
219,0.02894749864935875,0.07604480534791946,0.14421701431274414,-0.1498836874961853,2.1389989852905273,2.6269905481790925,601.158166557722,0.8826619982719421,0.07687852531671524,0.040459346026182175,0.043426282703876495,0.0007460216293111444,0.8142354488372803
220,0.03078036569058895,0.08332962542772293,0.15499259531497955,-0.1525723785161972,2.1520490646362305,2.7072331194068173,618.2906249681417,0.8741531372070312,0.08424323052167892,0.04158621281385422,0.04059678688645363,0.0007674655062146485,0.817470133304596
221,0.0321364551782608,0.08927363902330399,0.1646333634853363,-0.13212473690509796,2.1463804244995117,2.7779553944368,628.2565375834714,0.8773513436317444,0.07338708639144897,0.049252938479185104,0.04222382232546806,0.0007932893931865692,0.8178043961524963
222,0.02842916175723076,0.0805494636297226,0.15239764750003815,-0.1275143176317215,2.167835235595703,2.8333393828047733,626.6859279483953,0.8819851875305176,0.06676305830478668,0.05124597251415253,0.042520977556705475,0.0010246358579024673,0.8207585215568542
223,0.030301043763756752,0.07934106886386871,0.1556129902601242,-0.13594788312911987,2.131951332092285,2.6184269254826984,607.981179247784,0.8887685537338257,0.0648534893989563,0.04637344554066658,0.043768614530563354,0.0010552526218816638,0.8210925459861755
224,0.02886049449443817,0.07744346559047699,0.14464367926120758,-0.13621941208839417,2.1193130016326904,2.683372788457179,612.6865154995909,0.8895711898803711,0.06260629743337631,0.047821808606386185,0.041227035224437714,0.0015617763856425881,0.8262208104133606
225,0.0303884856402874,0.0820816308259964,0.1502322256565094,-0.12315607815980911,2.0964908599853516,2.701076710268049,620.8544422865132,0.8798627853393555,0.0752938836812973,0.04484202340245247,0.043849699199199677,0.0011418006615713239,0.8155409693717957
226,0.02883506566286087,0.08170351386070251,0.15879195928573608,-0.12901881337165833,2.1165475845336914,2.8334776418803838,651.8224981989993,0.870059072971344,0.07693071663379669,0.053005725145339966,0.04313737154006958,0.001382825430482626,0.8092994093894958
227,0.032433465123176575,0.0920262560248375,0.17897166311740875,-0.13326069712638855,2.1153249740600586,2.837385881295774,638.190913838166,0.8762770295143127,0.07121511548757553,0.05250014364719391,0.04048462584614754,0.0015548233641311526,0.8175356388092041
228,0.02976200357079506,0.09082276374101639,0.16140016913414001,-0.12564878165721893,2.135892629623413,3.0516347302332685,625.3351200761646,0.8798489570617676,0.07245198637247086,0.04769802466034889,0.045683760195970535,0.001852742861956358,0.8071664571762085
229,0.028963608667254448,0.08890236169099808,0.157787024974823,-0.10914772748947144,2.230281352996826,3.0694504510565177,685.2536921840444,0.8581526279449463,0.08552561700344086,0.056319721043109894,0.04161909967660904,0.001756973215378821,0.7929099202156067
230,0.030268743634223938,0.08595246076583862,0.16206498444080353,-0.09659560024738312,2.1642563343048096,2.8396441491484694,658.6438138419827,0.860267698764801,0.08959010243415833,0.05013987049460411,0.04205024987459183,0.0010130886221304536,0.794140100479126
231,0.03138723969459534,0.08409610390663147,0.162176251411438,-0.1262187510728836,2.1441683769226074,2.679308684746589,636.0106429725754,0.8667981028556824,0.08732032775878906,0.04587361961603165,0.043285518884658813,0.0012156340526416898,0.807669997215271
232,0.02871842309832573,0.07546820491552353,0.14143455028533936,-0.12071045488119125,2.1650068759918213,2.627867298093238,648.3297968699563,0.8583512306213379,0.09675224125385284,0.044891126453876495,0.03888388350605965,0.0014548009494319558,0.8019710183143616
233,0.031706374138593674,0.08001253753900528,0.15332630276679993,-0.11963026970624924,2.141139507293701,2.5235473847225176,649.7272410400175,0.859643280506134,0.0938824787735939,0.046471673995256424,0.04195752739906311,0.001268793479539454,0.800332248210907
234,0.03223278373479843,0.08129018545150757,0.15680380165576935,-0.12114305049180984,2.1403167247772217,2.5219722292004496,640.3878334132413,0.8655304908752441,0.08812792599201202,0.046340104192495346,0.04073840752243996,0.0007193959900178015,0.7973953485488892
235,0.028221337124705315,0.07413339614868164,0.14639678597450256,-0.12562605738639832,2.127892017364502,2.62685626192947,619.9778236937091,0.8757572174072266,0.0805603638291359,0.043676454573869705,0.04082779586315155,0.000813458114862442,0.8166086077690125
236,0.029423879459500313,0.07744386047124863,0.15202359855175018,-0.1291166990995407,2.1223745346069336,2.6320071279251973,652.9860887959702,0.8678245544433594,0.08115016669034958,0.051024824380874634,0.041974809020757675,0.0008593514794483781,0.8046752214431763
237,0.031708724796772,0.08487733453512192,0.16317525506019592,-0.13860972225666046,2.166813611984253,2.6767817083923156,677.2358355354669,0.8582903742790222,0.08851761370897293,0.05316624417901039,0.043000832200050354,0.0010037333704531193,0.7984791398048401
238,0.028435222804546356,0.07661397010087967,0.14812809228897095,-0.14954042434692383,2.197995901107788,2.6943333845070465,654.335756336505,0.8669620752334595,0.08231619745492935,0.05070552974939346,0.0450831800699234,0.0013046088861301541,0.7943565845489502
239,0.0333782322704792,0.08903054147958755,0.16871294379234314,-0.13890457153320312,2.1931815147399902,2.6673234446768994,650.736960998486,0.8707669973373413,0.07569337636232376,0.05353053659200668,0.04259824752807617,0.001735588302835822,0.8062838912010193
240,0.0328657366335392,0.08812405914068222,0.1663733571767807,-0.13965801894664764,2.1302459239959717,2.681335279978817,618.5652496703134,0.8807298541069031,0.07071410864591599,0.04855567589402199,0.044209714978933334,0.001510823960416019,0.8175028562545776
241,0.030075475573539734,0.08861365169286728,0.15606258809566498,-0.12640616297721863,2.122498035430908,2.946375743028409,613.8117265616172,0.8784672021865845,0.07565126568078995,0.045878566801548004,0.042639583349227905,0.001503454172052443,0.816297173500061
242,0.033650826662778854,0.09890997409820557,0.1729242354631424,-0.1305122822523117,2.1604132652282715,2.939302950458287,625.2970260352196,0.8745036721229553,0.07961449027061462,0.04587772861123085,0.04209033027291298,0.0015448759077116847,0.8145802617073059
243,0.030306225642561913,0.08185626566410065,0.15189561247825623,-0.15831594169139862,2.15329909324646,2.7009719595844737,613.9918141852678,0.8802746534347534,0.07561022788286209,0.044100772589445114,0.046435147523880005,0.0022503696382045746,0.8113505840301514
244,0.02985500544309616,0.07724449038505554,0.14930416643619537,-0.14781999588012695,2.1391119956970215,2.587321262750956,620.9399395108928,0.8769482374191284,0.07816768437623978,0.04488397762179375,0.040050946176052094,0.0020013879984617233,0.8121142387390137
245,0.03233467787504196,0.08268353343009949,0.16309846937656403,-0.12099327147006989,2.11856746673584,2.557116348802812,627.2119082393367,0.8719163537025452,0.08310675621032715,0.04497641697525978,0.040443941950798035,0.0016117716440930963,0.8067289590835571
246,0.03136948123574257,0.10232816636562347,0.1803749054670334,-0.11970337480306625,2.124846935272217,3.262029282325783,657.6768561086733,0.8609945774078369,0.09113261103630066,0.047870934009552,0.0418313704431057,0.0014573730295524001,0.8032282590866089
247,0.028675448149442673,0.09478052705526352,0.16509827971458435,-0.14190514385700226,2.122364044189453,3.305284944737659,631.4564480919613,0.870612621307373,0.08527683466672897,0.044110171496868134,0.04080246761441231,0.0012897357810288668,0.8090119361877441
248,0.032829202711582184,0.08478548377752304,0.16761261224746704,-0.14844337105751038,2.166698455810547,2.5826239071297334,599.7574532778021,0.8860296607017517,0.0730251893401146,0.04093823581933975,0.047064293175935745,0.0013318462297320366,0.8209883570671082
249,0.031180400401353836,0.08067472279071808,0.1525065004825592,-0.12856146693229675,2.1799468994140625,2.587353650039333,617.6084546931469,0.877811849117279,0.07957877963781357,0.04259263351559639,0.04211202263832092,0.0012320688692852855,0.8113061785697937
250,0.03084646537899971,0.08869262784719467,0.15705062448978424,-0.13539288938045502,2.114474296569824,2.8752930604717313,618.076203796823,0.8740169405937195,0.08316957950592041,0.042813174426555634,0.04054154083132744,0.0010907608084380627,0.8157219290733337
251,0.029113419353961945,0.08470936864614487,0.15151655673980713,-0.13315026462078094,2.093362331390381,2.9096331012628864,626.0427838699926,0.8770599365234375,0.07679661363363266,0.04612676799297333,0.04286661744117737,0.000806520925834775,0.8154352307319641
252,0.028176292777061462,0.07845035940408707,0.14498913288116455,-0.1335076093673706,2.1257870197296143,2.7842683216711124,665.4476036163503,0.8667162656784058,0.07918772101402283,0.05408073216676712,0.042847007513046265,0.0010915313614532351,0.8079433441162109
253,0.032174475491046906,0.08963683247566223,0.16715557873249054,-0.15062592923641205,2.128239154815674,2.7859609552242506,665.7088139471678,0.8618963360786438,0.08642838895320892,0.05167512968182564,0.04397234693169594,0.0008645420311950147,0.7955992221832275
254,0.029432764276862144,0.09087260812520981,0.16556604206562042,-0.15098920464515686,2.199385166168213,3.0874642716980425,644.5008741037159,0.8624115586280823,0.09422433376312256,0.04336252063512802,0.041840411722660065,0.0012889971258118749,0.8024097084999084
255,0.032923098653554916,0.1015656441450119,0.18495726585388184,-0.1369517594575882,2.19443416595459,3.084935753183131,653.8636386696755,0.8613766431808472,0.09217336028814316,0.046433694660663605,0.04322783648967743,0.0013906535459682345,0.7964529991149902
256,0.03256155177950859,0.09208276122808456,0.1717560589313507,-0.12477018684148788,2.144397497177124,2.8279598542722244,654.0132561917735,0.8650622367858887,0.08762352913618088,0.04730668663978577,0.04193614423274994,0.0013829724630340934,0.8029519319534302
257,0.030142804607748985,0.08972378075122833,0.1637345850467682,-0.1494743674993515,2.190202236175537,2.9766235065328295,654.4676838478201,0.8626649975776672,0.09086998552083969,0.04646003991365433,0.043478336185216904,0.0011507117887958884,0.8001260161399841
258,0.03271062672138214,0.09545224905014038,0.17354974150657654,-0.14854927361011505,2.1855204105377197,2.918080716100358,649.2390357553271,0.8620976209640503,0.09233967959880829,0.04556213691830635,0.04492054507136345,0.0018076006090268493,0.7909421920776367
259,0.028571031987667084,0.08841059356927872,0.16245102882385254,-0.14988519251346588,2.2566475868225098,3.094413726614686,654.5398801894522,0.8555182814598083,0.10068439692258835,0.0437973290681839,0.03803640231490135,0.0015778923407196999,0.7969698309898376
260,0.03437039256095886,0.10671611875295639,0.19710250198841095,-0.15705524384975433,2.2620301246643066,3.1048850710849822,654.7003176951021,0.8573288321495056,0.09504802525043488,0.04762313514947891,0.04117557778954506,0.0014285462675616145,0.792389988899231
261,0.032772257924079895,0.08587761223316193,0.16923528909683228,-0.13317915797233582,2.1539292335510254,2.6204362369381227,622.7381259648583,0.8737552165985107,0.08216990530490875,0.04406922683119774,0.041381776332855225,0.0011959255207329988,0.8155555725097656
262,0.0285869762301445,0.07568888366222382,0.14397427439689636,-0.1399834007024765,2.169658899307251,2.647670150568896,620.9450743068512,0.8743547201156616,0.0818711444735527,0.04377399757504463,0.04171764850616455,0.00134460034314543,0.8157786726951599
263,0.028589488938450813,0.07610474526882172,0.1487775444984436,-0.12948811054229736,2.177401065826416,2.6619834104066236,660.2336468861284,0.8651891350746155,0.08121280372142792,0.05359261482954025,0.045394133776426315,0.0013978119241073728,0.8000259399414062
264,0.029603179544210434,0.08652860671281815,0.17130586504936218,-0.12001852691173553,2.168367862701416,2.9229497656044114,650.3342088924309,0.8712037205696106,0.07894136011600494,0.049843478947877884,0.04084696248173714,0.0011987119214609265,0.8031322956085205
265,0.03175931051373482,0.09952704608440399,0.1915874034166336,-0.1366214156150818,2.233372688293457,3.133791145693423,649.8567604689731,0.8689814805984497,0.08312896639108658,0.0478895865380764,0.04243602231144905,0.0009423221345059574,0.8059254288673401
266,0.03350621834397316,0.10364057868719101,0.18272611498832703,-0.14381293952465057,2.197436809539795,3.0931744555631093,644.9861052018462,0.8673213124275208,0.08324482291936874,0.04942669719457626,0.0418691411614418,0.0006733475020155311,0.8030194640159607
267,0.03239159286022186,0.08214020729064941,0.15435919165611267,-0.14024996757507324,2.1034440994262695,2.5358495842600237,615.8417804835694,0.878495454788208,0.07720000296831131,0.04429507628083229,0.041157908737659454,0.000989251653663814,0.8206207752227783
268,0.02955564297735691,0.08432863652706146,0.15289653837680817,-0.13190430402755737,2.1254918575286865,2.8532161045798894,605.8893153467449,0.8837606310844421,0.07512718439102173,0.041105110198259354,0.04337441921234131,0.0009537972509860992,0.8148161768913269
269,0.03193660080432892,0.0903114601969719,0.16998045146465302,-0.13387177884578705,2.1826889514923096,2.8278357094879865,626.9491482516871,0.8770409226417542,0.07650963962078094,0.0464487262070179,0.04020874947309494,0.0013755616964772344,0.8171178698539734
270,0.028933066874742508,0.08254172652959824,0.15470024943351746,-0.1133323460817337,2.194962501525879,2.8528509225823293,646.1016670880152,0.8702706694602966,0.07893220335245132,0.05078534036874771,0.04170868545770645,0.001312510808929801,0.8100717067718506
271,0.03211427852511406,0.0947100892663002,0.1664128601551056,-0.12996257841587067,2.218867540359497,2.9491582440279864,675.1250319102732,0.8560325503349304,0.09189609438180923,0.052060555666685104,0.04087226837873459,0.0012604581424966455,0.7980236411094666
272,0.03245633840560913,0.09754586219787598,0.17089247703552246,-0.1449713259935379,2.187633991241455,3.0054487655333473,685.0022744287501,0.8417084813117981,0.10999133437871933,0.04830018803477287,0.04365093261003494,0.001451913034543395,0.7793061137199402
273,0.03188697621226311,0.08610588312149048,0.1559627801179886,-0.12072792649269104,2.1344470977783203,2.7003464532229775,652.528572124699,0.8568601608276367,0.0978257805109024,0.04531126469373703,0.04690844938158989,0.0019394526025280356,0.7845178842544556
274,0.030563659965991974,0.08858048915863037,0.17080216109752655,-0.12972477078437805,2.1406404972076416,2.8982291143892844,630.4406431778947,0.8752383589744568,0.07828238606452942,0.04646602272987366,0.0399760827422142,0.0015736320056021214,0.8137676119804382
275,0.031192705035209656,0.08973667025566101,0.17517897486686707,-0.13575954735279083,2.1524863243103027,2.8768479729953316,638.0648062372173,0.8707712888717651,0.08172241598367691,0.04749608412384987,0.042814772576093674,0.0014203903265297413,0.802402138710022
276,0.02829851768910885,0.08062662929296494,0.15808993577957153,-0.14189858734607697,2.150261402130127,2.8491467353834676,640.022007297005,0.8728108406066895,0.07824984937906265,0.04893932864069939,0.04185023531317711,0.0011722601484507322,0.8145055770874023
277,0.032871875911951065,0.09534716606140137,0.16981273889541626,-0.1499062180519104,2.160067558288574,2.900569663681284,624.566982850072,0.8751676678657532,0.08048301935195923,0.04434937983751297,0.04117467999458313,0.0013159536756575108,0.8164424896240234
278,0.03227709233760834,0.0850302129983902,0.1674061268568039,-0.13849112391471863,2.1770453453063965,2.6343826794051415,642.4661965030823,0.8621810078620911,0.09257718920707703,0.04522635415196419,0.04552333801984787,0.0012141717597842216,0.7988433837890625
279,0.02840808965265751,0.07794932276010513,0.15236800909042358,-0.14351116120815277,2.1811294555664062,2.743912868145615,658.0149494928226,0.8601357340812683,0.08860743790864944,0.0512351393699646,0.04150715097784996,0.0012279261136427522,0.7953917980194092
280,0.03290600702166557,0.09021767228841782,0.17041921615600586,-0.13449899852275848,2.1435494422912598,2.741677901736182,629.981050569224,0.8749427199363708,0.07762893289327621,0.04742780327796936,0.041556466370821,0.0009682547533884645,0.8136600852012634
281,0.032686568796634674,0.08044853806495667,0.1603834331035614,-0.10354183614253998,2.0823557376861572,2.46121085890111,595.1341190675492,0.8868119716644287,0.07389236241579056,0.03928718715906143,0.04250876232981682,0.0009090877720154822,0.8238873481750488
282,0.03316176310181618,0.08504540473222733,0.1685858964920044,-0.1048077642917633,2.1194841861724854,2.564562217893809,623.1304974662258,0.8819561004638672,0.07046585530042648,0.04757746309041977,0.041695695370435715,0.0009537655278109014,0.8243227601051331
283,0.030638396739959717,0.08674362301826477,0.16426827013492584,-0.12591150403022766,2.1967477798461914,2.8312063373178846,651.2484514865131,0.8696091771125793,0.0781322494149208,0.05225853621959686,0.04086202010512352,0.0008828770369291306,0.8040717840194702
284,0.03151107206940651,0.09008846431970596,0.1680797040462494,-0.14713509380817413,2.2160658836364746,2.8589463449043415,627.6521925968775,0.8686216473579407,0.08851464092731476,0.042863089591264725,0.040671441704034805,0.001258670468814671,0.8080011606216431
285,0.03379979357123375,0.09602643549442291,0.1802939772605896,-0.14472313225269318,2.174999952316284,2.841036152756502,611.9585905715879,0.8760277032852173,0.08321186155080795,0.04076038673520088,0.04353269189596176,0.0012809077743440866,0.8083614110946655
286,0.028702637180685997,0.0797916054725647,0.14390790462493896,-0.1553664356470108,2.147582530975342,2.7799398698972695,620.88022774517,0.876173198223114,0.07962576299905777,0.044200997799634933,0.04229896515607834,0.0014203268801793456,0.8114162683486938
287,0.028035590425133705,0.07680504769086838,0.151213139295578,-0.1422009915113449,2.181523084640503,2.739555205488865,638.8231986782158,0.8673511743545532,0.08796510100364685,0.04467843100428581,0.04411524534225464,0.0011514924699440598,0.8038063645362854
288,0.02870381996035576,0.07579204440116882,0.14815586805343628,-0.1206291988492012,2.1812803745269775,2.6404863360768154,626.8736058785023,0.8712567687034607,0.08720533549785614,0.04153609648346901,0.04559741169214249,0.0018522168975323439,0.8036189079284668
289,0.03037821128964424,0.08428085595369339,0.163435161113739,-0.13377360999584198,2.169671058654785,2.7743850731478017,634.2075566109394,0.8734754323959351,0.07877866923809052,0.047740813344717026,0.041916076093912125,0.0016589324222877622,0.811388373374939
290,0.029854463413357735,0.08451429754495621,0.16114187240600586,-0.12017296999692917,2.1617274284362793,2.8308764546178793,617.5171645000111,0.8782678246498108,0.07638547569513321,0.045342132449150085,0.04322751238942146,0.0015093724941834807,0.8138145208358765
291,0.024263612926006317,0.06854407489299774,0.13419193029403687,0.04851999506354332,2.2533419132232666,2.8249739681886203,620.6988529724158,0.8695757389068604,0.08734188973903656,0.043082185089588165,0.026503901928663254,0.00212364480830729,0.8208879828453064
292,0.024762926623225212,0.07293543964624405,0.14219775795936584,0.0588747039437294,2.2497832775115967,2.945348130817961,622.2348077540074,0.8679613471031189,0.08635071665048599,0.04568729177117348,0.030398640781641006,0.0017474580090492964,0.8136249780654907
293,0.02571885474026203,0.06918777525424957,0.1327088624238968,0.09565798938274384,2.2561275959014893,2.6901577053214663,608.907451229501,0.8749392628669739,0.08200357854366302,0.043055567890405655,0.03159506991505623,0.0017993521178141236,0.8195809125900269
294,0.02427525445818901,0.06746144592761993,0.1318937987089157,0.08982136100530624,2.2939953804016113,2.779021164990651,609.2317443215678,0.8728451132774353,0.0889715850353241,0.038181647658348083,0.03052549436688423,0.0015274264151230454,0.8210271596908569
295,0.027529248967766762,0.07633562386035919,0.14872786402702332,0.06678932160139084,2.3055028915405273,2.77289162326824,621.6961456264987,0.8713340163230896,0.08521702885627747,0.04344873130321503,0.031468961387872696,0.0013885515509173274,0.8212913870811462
296,0.027120055630803108,0.07868418097496033,0.15191084146499634,0.06674987822771072,2.2898740768432617,2.90132815519335,642.8937533860002,0.8616830706596375,0.0869033932685852,0.051413483917713165,0.028686581179499626,0.0013660448603332043,0.8110133409500122
297,0.02486358769237995,0.07203144580125809,0.13305795192718506,0.07628631591796875,2.2356512546539307,2.8970656483511754,622.6795704039814,0.8688510656356812,0.08388124406337738,0.047267645597457886,0.03081526607275009,0.0015668569831177592,0.8136733770370483
298,0.023363204672932625,0.07298056781291962,0.13117432594299316,0.0718788281083107,2.2860870361328125,3.1237396081346374,626.9064013907151,0.8701634407043457,0.08219937980175018,0.04763523489236832,0.031017174944281578,0.0009023540187627077,0.8143060803413391
299,0.026121363043785095,0.08186254650354385,0.14722293615341187,0.05454997345805168,2.306586980819702,3.1339308887974364,643.5004360834167,0.8626589775085449,0.08927908539772034,0.04806151241064072,0.03047281503677368,0.0011036418145522475,0.8131474256515503
300,0.02378884144127369,0.07474146783351898,0.13016289472579956,0.08365332335233688,2.225160837173462,3.141870864745036,620.3727553779752,0.8688438534736633,0.0896177813410759,0.041538137942552567,0.030055314302444458,0.0008821425726637244,0.8141574859619141
301,0.025438327342271805,0.07818284630775452,0.15533003211021423,0.07217401266098022,2.2919485569000244,3.073427165738283,645.1314060580124,0.8533908724784851,0.10451705753803253,0.04209161177277565,0.02942611277103424,0.0009647555416449904,0.804116427898407
302,0.024607324972748756,0.07449571043252945,0.13628874719142914,0.04153898358345032,2.303926944732666,3.027379469812421,645.3198961005296,0.8549086451530457,0.10000806301832199,0.04508274421095848,0.03147345408797264,0.0011772298021242023,0.7966973185539246
303,0.024060605093836784,0.06980834156274796,0.136409729719162,0.07970967143774033,2.327662229537964,2.90135436276822,669.2237911056453,0.8507006764411926,0.09618169069290161,0.05311760678887367,0.03002609685063362,0.0015047371853142977,0.7991958856582642
304,0.027134938165545464,0.08324678242206573,0.16197329759597778,0.07830933481454849,2.412698268890381,3.067881780718421,691.4316046716488,0.8408421874046326,0.10441525280475616,0.0547427274286747,0.03214527294039726,0.0011945123551413417,0.784142792224884
305,0.024798041209578514,0.07365492731332779,0.14699687063694,0.06067262589931488,2.343759059906006,2.9701913424479502,652.840642523029,0.8590655326843262,0.09034790843725204,0.05058620497584343,0.0306903887540102,0.0014958771644160151,0.8105232119560242
306,0.024450911208987236,0.07268548011779785,0.13643556833267212,0.05443378537893295,2.241790294647217,2.9727104848390558,622.4875221703397,0.871577799320221,0.0797082930803299,0.04871388524770737,0.026820916682481766,0.001646786229684949,0.8238967061042786
307,0.024928506463766098,0.06673657149076462,0.13253197073936462,0.058020900934934616,2.254725456237793,2.6771187269116967,595.2952544759393,0.8783610463142395,0.0822484940290451,0.039390284568071365,0.032029103487730026,0.001579907606355846,0.8229734301567078
308,0.026500001549720764,0.07393858581781387,0.14375227689743042,0.07047582417726517,2.261676788330078,2.7901351506072967,592.3945652804645,0.8781858682632446,0.08252444118261337,0.03928752243518829,0.029859863221645355,0.0021537260618060827,0.8225537538528442
309,0.02648940496146679,0.07507549226284027,0.14259612560272217,0.07453842461109161,2.2592825889587402,2.834170581378321,616.9639416846777,0.8690873384475708,0.08662325143814087,0.044289011508226395,0.030057381838560104,0.0019408754305914044,0.8175627589225769
310,0.02627916820347309,0.0740569680929184,0.14069724082946777,0.05616934597492218,2.2634084224700928,2.8180864598413295,621.3947457165804,0.8663427829742432,0.09210861474275589,0.04154855012893677,0.03103826753795147,0.0022256774827837944,0.8131311535835266
311,0.02438182756304741,0.0642973929643631,0.1236787959933281,0.06616537272930145,2.272207260131836,2.6371030963722255,609.6297804393178,0.8727821111679077,0.08704196661710739,0.040175288915634155,0.02876466140151024,0.0020228021312505007,0.8168426156044006
312,0.024367142468690872,0.06506877392530441,0.12448053807020187,0.0965593010187149,2.299884557723999,2.6703489753154424,615.0300284142079,0.8712605237960815,0.08572838455438614,0.04300997778773308,0.03237030282616615,0.0020090441685169935,0.8143660426139832
313,0.02481064759194851,0.07618802040815353,0.13805072009563446,0.08483586460351944,2.321312427520752,3.070779193599409,627.6476932514724,0.8690857291221619,0.08295747637748718,0.047956112772226334,0.030656903982162476,0.0012302016839385033,0.812825620174408
314,0.025776401162147522,0.07779049128293991,0.14982175827026367,0.08695274591445923,2.302265167236328,3.017895740781566,653.0843683024273,0.8626735806465149,0.08484802395105362,0.05247838795185089,0.029583925381302834,0.0008076484082266688,0.8146223425865173
315,0.024756142869591713,0.072120800614357,0.14086821675300598,0.091634601354599,2.257152795791626,2.9132486830180095,636.4462484353656,0.8657995462417603,0.08578051626682281,0.048419155180454254,0.029281288385391235,0.0009123545023612678,0.8167174458503723
316,0.02665228396654129,0.07037900388240814,0.13936348259449005,0.08301898092031479,2.227461338043213,2.640636876303727,609.6674593319631,0.8764156103134155,0.07898149639368057,0.04460081458091736,0.02921123243868351,0.000899975304491818,0.8277235627174377
317,0.027837855741381645,0.07869923859834671,0.15721642971038818,0.048971112817525864,2.3474857807159424,2.827058209031931,650.2328438433123,0.8652557134628296,0.07945740967988968,0.055282965302467346,0.03371952474117279,0.0008243288029916584,0.8038418292999268
318,0.026335543021559715,0.07633805274963379,0.1522614061832428,0.05120711028575897,2.4021031856536865,2.898670161623044,658.0819222836195,0.8618147373199463,0.08529770374298096,0.05288068577647209,0.031750500202178955,0.0012084771879017353,0.8096892833709717
319,0.025879060849547386,0.07567029446363449,0.14128434658050537,0.07644928246736526,2.300236463546753,2.923996929433934,614.5164815957503,0.87067711353302,0.08951044082641602,0.039811234921216965,0.03148035705089569,0.0011427372228354216,0.8123764395713806
320,0.02675587683916092,0.07772345095872879,0.14437541365623474,0.08011098206043243,2.2980048656463623,2.9049113741645307,632.7797913723872,0.8629677295684814,0.09126407653093338,0.045768048614263535,0.03141181543469429,0.0016953166341409087,0.8103081583976746
321,0.0234206710010767,0.06391941756010056,0.12108033895492554,0.08372224867343903,2.2439332008361816,2.729188141297611,636.1687116194946,0.8653756976127625,0.08503684401512146,0.04958728328347206,0.029072502627968788,0.0023666999768465757,0.8127809762954712
322,0.023066936060786247,0.06862571090459824,0.1293644905090332,0.07344049215316772,2.243528127670288,2.975068328137726,615.045521969938,0.8750708699226379,0.07984220236539841,0.0450863391160965,0.03331626579165459,0.002306263195350766,0.8135291337966919
323,0.026973765343427658,0.09012758731842041,0.1645745187997818,0.05939487740397453,2.363445281982422,3.3413053820103507,630.1221433696546,0.8719070553779602,0.07738646119832993,0.050706446170806885,0.02888442575931549,0.0019204822601750493,0.8191068172454834
324,0.027125030755996704,0.08940541744232178,0.16284899413585663,0.07352389395236969,2.32198429107666,3.2960485185536723,607.2628550927446,0.8763373494148254,0.07898009568452835,0.04467862844467163,0.028422389179468155,0.0016082279616966844,0.8265151977539062
325,0.02700181119143963,0.07206016033887863,0.14276623725891113,0.08852683007717133,2.246701717376709,2.6687158067031858,599.0743059937581,0.8747593760490417,0.08742014318704605,0.03782041370868683,0.031406790018081665,0.0018920968286693096,0.8226510882377625
326,0.024213243275880814,0.06472551822662354,0.1285524070262909,0.06104939430952072,2.291966199874878,2.6731453315229556,617.0681433154177,0.8670530915260315,0.09293535351753235,0.040010642260313034,0.029449602589011192,0.0024527565110474825,0.8132647275924683
327,0.023765208199620247,0.06276770681142807,0.12495860457420349,0.051913995295763016,2.2636489868164062,2.641159559030916,632.6952065153836,0.8606936931610107,0.09562281519174576,0.043681878596544266,0.031372327357530594,0.0020124439615756273,0.803550124168396
328,0.024127762764692307,0.06393487006425858,0.1264438033103943,0.081119604408741,2.2600603103637695,2.649846597263825,627.8506999803835,0.8658702969551086,0.0894257128238678,0.044703688472509384,0.02984725311398506,0.00114387774374336,0.80754154920578
329,0.0245811864733696,0.06770733743906021,0.13074812293052673,0.09058953821659088,2.3031539916992188,2.7544373217972025,615.5082100531475,0.8727723360061646,0.08421178162097931,0.043015263974666595,0.029567008838057518,0.0014527116436511278,0.8246374130249023
330,0.025362133979797363,0.07356935739517212,0.14558705687522888,0.06674747169017792,2.269000291824341,2.900755805914214,604.0168768391642,0.875261127948761,0.08390937000513077,0.04082922264933586,0.029465671628713608,0.0014525748556479812,0.8218898773193359
331,0.02585439197719097,0.07566045224666595,0.15000194311141968,0.07241447269916534,2.2925338745117188,2.9264061715505836,604.495232703556,0.8673386573791504,0.09652639925479889,0.03613040968775749,0.029011815786361694,0.0016174159245565534,0.8181874752044678
332,0.024683965370059013,0.07413948327302933,0.13607186079025269,0.09961231797933578,2.3007168769836426,3.003548342356491,617.8206702244971,0.8622707724571228,0.0996246486902237,0.03810439631342888,0.032414358109235764,0.0011601257137954235,0.8024680614471436
333,0.02442888356745243,0.07656878978013992,0.1500183492898941,0.0696493536233902,2.3372397422790527,3.1343548535726455,635.6178710812366,0.8589940667152405,0.0969463586807251,0.044053815305233,0.030749060213565826,0.0012400232953950763,0.8063065409660339
334,0.02431921474635601,0.07444392889738083,0.14010632038116455,0.04981986805796623,2.3783748149871826,3.0611156515846956,664.0083644245955,0.8506439328193665,0.09646998345851898,0.05288487672805786,0.02993682399392128,0.0013093873858451843,0.8002944588661194
335,0.0241760965436697,0.07447858899831772,0.1421811282634735,0.06756309419870377,2.3303511142730713,3.0806705648575274,660.2034473916647,0.8573404550552368,0.09008362144231796,0.05257495865225792,0.030402617529034615,0.001445999601855874,0.8074350953102112
336,0.025207653641700745,0.08502578735351562,0.1488209217786789,0.058462828397750854,2.3236193656921387,3.373014742216443,648.6459699773184,0.8621222376823425,0.09071285277605057,0.047164466232061386,0.030507946386933327,0.0015295533230528235,0.8071560859680176
337,0.02318207360804081,0.07819878309965134,0.1424572914838791,0.06078055873513222,2.3100602626800537,3.373243671746193,654.1019177224726,0.8542157411575317,0.10028707981109619,0.0454912930727005,0.03256605938076973,0.0021417024545371532,0.7978777289390564
338,0.02639530412852764,0.0779617428779602,0.1492859423160553,0.06550007313489914,2.298875570297241,2.9536216932900095,637.7168694018977,0.8534612059593201,0.1065308228135109,0.04000556468963623,0.02753446437418461,0.0021804897114634514,0.79746013879776
339,0.024317586794495583,0.07114414125680923,0.13630850613117218,0.06396003067493439,2.260279893875122,2.9256250570877977,602.2359241584197,0.875432014465332,0.08504024893045425,0.039527393877506256,0.028895454481244087,0.0017446540296077728,0.822752833366394
340,0.023904860019683838,0.06063198298215866,0.11912069469690323,0.0631551444530487,2.2404894828796387,2.5363872839956576,604.2305725194866,0.876763105392456,0.08463173359632492,0.03860390931367874,0.030541948974132538,0.0016107250703498721,0.8246642351150513
341,0.025782737880945206,0.07117502391338348,0.14105109870433807,0.054973214864730835,2.2611806392669678,2.7605688829201105,628.9725746735228,0.8614609837532043,0.09959441423416138,0.03894445300102234,0.028705216944217682,0.0022809982765465975,0.8076493144035339
342,0.025928417220711708,0.07333280891180038,0.14533112943172455,0.06038734316825867,2.279574394226074,2.82827942348882,644.052998607602,0.8593939542770386,0.09329847246408463,0.047307536005973816,0.03193848580121994,0.0019872672855854034,0.8041929006576538
343,0.024813402444124222,0.0696127861738205,0.13104328513145447,0.09904803335666656,2.3204565048217773,2.805451059272174,644.1753205422967,0.8632153272628784,0.08595672994852066,0.05082797259092331,0.03107885830104351,0.0010045303497463465,0.8028570413589478
344,0.023727882653474808,0.06767747551202774,0.12876001000404358,0.07348048686981201,2.3554067611694336,2.8522340782591717,658.4939191769013,0.8509941101074219,0.09819319099187851,0.05081244185566902,0.02948414720594883,0.0011363404337316751,0.8035473823547363
345,0.027477452531456947,0.0774821937084198,0.14722725749015808,0.042363084852695465,2.2845864295959473,2.81984633098342,644.0757139365761,0.8530807495117188,0.10064119845628738,0.0462777279317379,0.02798609808087349,0.0009916460840031505,0.80364990234375
346,0.0266169011592865,0.0746496245265007,0.137823224067688,0.06658941507339478,2.1921963691711426,2.8045948728953087,617.150321159778,0.8682030439376831,0.09158418327569962,0.04021260514855385,0.030200466513633728,0.001163232373073697,0.818146288394928
347,0.02725505642592907,0.0763510912656784,0.14296601712703705,0.04414010047912598,2.2005703449249268,2.801355097920125,631.0702827358049,0.8630548715591431,0.09583593904972076,0.04110337421298027,0.031303416937589645,0.001151370583102107,0.803813099861145
348,0.02735987864434719,0.09094018489122391,0.15790119767189026,0.05698379501700401,2.360128402709961,3.3238519099458492,652.1483067129851,0.8459977507591248,0.11310194432735443,0.04089878499507904,0.028259282931685448,0.001172418356873095,0.7950533628463745
349,0.026674345135688782,0.08811036497354507,0.16802112758159637,0.1008918359875679,2.418388843536377,3.3031875580088808,642.4321369646968,0.8519548177719116,0.10435769706964493,0.04368608444929123,0.031257264316082,0.0008963360451161861,0.794350266456604
350,0.02368069626390934,0.07281708717346191,0.14026236534118652,0.07994208484888077,2.3423428535461426,3.0749554978822196,603.4918483962679,0.8718617558479309,0.08869722485542297,0.039440516382455826,0.03143378719687462,0.001023710472509265,0.8201456069946289
351,0.027313707396388054,0.07274588197469711,0.14477235078811646,0.054172083735466,2.3395895957946777,2.6633470482902526,618.3283210364983,0.8616418242454529,0.09880610555410385,0.039550118148326874,0.030317777767777443,0.0017290660180151463,0.8091757893562317
352,0.02621372975409031,0.07893539220094681,0.14848051965236664,0.07938182353973389,2.325730323791504,3.0112232382962882,650.7350540124418,0.8527234792709351,0.09941528737545013,0.047854721546173096,0.03303167223930359,0.00205258559435606,0.7938842177391052
353,0.026420464739203453,0.07921730726957321,0.14818282425403595,0.10060703754425049,2.2722349166870117,2.998331333249787,631.4375699832786,0.8650524020195007,0.0901995599269867,0.044746365398168564,0.02766125276684761,0.001685218303464353,0.810929000377655
354,0.0269809328019619,0.07734864950180054,0.14818714559078217,0.09194734692573547,2.2708053588867188,2.8667893014176813,607.8975178097123,0.8719121217727661,0.08767588436603546,0.04040532559156418,0.02960561215877533,0.0015490635996684432,0.8193598389625549
355,0.027173828333616257,0.07656820118427277,0.14823651313781738,0.06636141240596771,2.266477584838867,2.8177185872162847,612.1180261045142,0.8653501868247986,0.09625232964754105,0.03839476406574249,0.031064897775650024,0.0016999586950987577,0.8129285573959351
356,0.02708188071846962,0.08781757205724716,0.16348528861999512,0.045000314712524414,2.30155348777771,3.242668888727275,648.0737565957874,0.8523908853530884,0.10122508555650711,0.046382512897253036,0.02834703028202057,0.0017130826599895954,0.8038250207901001
357,0.02416537143290043,0.07777156680822372,0.14473266899585724,0.048996374011039734,2.330033779144287,3.218306286785303,661.670804052069,0.8480919599533081,0.10669756680727005,0.04520883783698082,0.02988418936729431,0.0017209257930517197,0.7961639165878296
358,0.02771599590778351,0.08501440286636353,0.15843945741653442,0.06893360614776611,2.2773241996765137,3.0673407207215497,641.2728522641083,0.8596668243408203,0.09797901660203934,0.042353786528110504,0.029285814613103867,0.0013109608553349972,0.7996183037757874
359,0.026448268443346024,0.08136990666389465,0.1558813452720642,0.07699114829301834,2.336441993713379,3.0765683899162592,663.7057072315014,0.8546627163887024,0.09540162235498428,0.04993533343076706,0.03060583397746086,0.0018767665605992079,0.8039416074752808
360,0.026317212730646133,0.07607460767030716,0.14881953597068787,0.04495790973305702,2.313645839691162,2.8906787525727737,661.2439372634947,0.8495637774467468,0.1039973720908165,0.046438831835985184,0.029497623443603516,0.0011742149945348501,0.7968901991844177
361,0.02656119503080845,0.08541254699230194,0.15491506457328796,0.05261290818452835,2.326612949371338,3.2156891619528363,663.6979849119692,0.8434677720069885,0.11380307376384735,0.042728621512651443,0.028666941449046135,0.0008543890435248613,0.7949007153511047
362,0.025343187153339386,0.08351752161979675,0.15172719955444336,0.09563931822776794,2.423402786254883,3.2954624495797273,665.7943914847643,0.8415035009384155,0.11732842773199081,0.04116697236895561,0.03084389492869377,0.0007995396154001355,0.7874760627746582
363,0.025835637003183365,0.08107886463403702,0.1510368287563324,0.09057281911373138,2.4094064235687256,3.1382568434797466,644.7330638703187,0.854860782623291,0.10462509840726852,0.04051334038376808,0.03006787784397602,0.001336366985924542,0.8022578358650208
364,0.025160081684589386,0.07691512256860733,0.14338259398937225,0.07030733674764633,2.3564422130584717,3.057029922627835,626.1245840560939,0.8697830438613892,0.08607575297355652,0.04413994774222374,0.029901951551437378,0.0012699707876890898,0.8184330463409424
365,0.029255013912916183,0.08975201100111008,0.1667487919330597,0.0876607745885849,2.3330190181732178,3.067918930587702,611.2736247058314,0.8759760856628418,0.08200313150882721,0.042020611464977264,0.028232961893081665,0.0017192879458889365,0.8299000263214111
366,0.027860088273882866,0.08973726630210876,0.16270330548286438,0.08517326414585114,2.3198797702789307,3.2209971991729467,658.1431065264713,0.848642885684967,0.10965076088905334,0.04170425608754158,0.029313841834664345,0.0020053263287991285,0.7956562638282776
367,0.025586750358343124,0.08393150568008423,0.15115445852279663,0.06398861110210419,2.335230827331543,3.2802721917141087,676.6576828100272,0.8374961614608765,0.11975813657045364,0.042743779718875885,0.033467039465904236,0.002500900300219655,0.7815389633178711
368,0.025448746979236603,0.06945521384477615,0.1363944113254547,0.07091723382472992,2.308668375015259,2.729219395309121,628.5712666618632,0.8573079705238342,0.10250166058540344,0.040189482271671295,0.02861623652279377,0.002169913612306118,0.7995590567588806
369,0.024320395663380623,0.0663633644580841,0.12888237833976746,0.07240153849124908,2.2480173110961914,2.728712368577093,616.209621807495,0.8667758107185364,0.09208332002162933,0.04114028438925743,0.028732197359204292,0.001571665983647108,0.8133594989776611
370,0.02595854364335537,0.07131820917129517,0.13720044493675232,0.07997767627239227,2.248694896697998,2.747388688224933,616.5143704195588,0.8724804520606995,0.08465468883514404,0.04286069795489311,0.029919644817709923,0.001126894960179925,0.8224531412124634
371,0.02266833931207657,0.06323739886283875,0.12176257371902466,0.06673135608434677,2.3082950115203857,2.789679384513153,653.2023165886577,0.8576804399490356,0.09361948817968369,0.04869898036122322,0.030478574335575104,0.0013831021497026086,0.8039923310279846
372,0.02487282268702984,0.06962775439023972,0.1342279464006424,0.04026466980576515,2.3159379959106445,2.7993507316621686,661.6399080125715,0.8510962724685669,0.09956094622612,0.04934028163552284,0.032571256160736084,0.0018793850904330611,0.7960976958274841
373,0.02663300186395645,0.07427047193050385,0.1448649913072586,0.06537514925003052,2.258222818374634,2.7886631896432412,630.6862098343321,0.8624445796012878,0.09464148432016373,0.04291307553648949,0.029991086572408676,0.0010028505930677056,0.806699275970459
374,0.025717811658978462,0.07054099440574646,0.1395367681980133,0.06423286348581314,2.2589645385742188,2.7428847888920864,644.8397057898142,0.8548661470413208,0.10134058445692062,0.04378771409392357,0.029708199203014374,0.0013751478400081396,0.8041674494743347
375,0.025439346209168434,0.06837193667888641,0.13178099691867828,0.040886253118515015,2.2729969024658203,2.687645197876873,659.430764378629,0.8478227257728577,0.10314260423183441,0.04903465136885643,0.029730331152677536,0.000980102107860148,0.7975130677223206
376,0.02766733430325985,0.07364878803491592,0.14476877450942993,0.05239962041378021,2.2478370666503906,2.661940150250632,625.2641883334894,0.8653872609138489,0.08823845535516739,0.04637438431382179,0.03014994040131569,0.0009820681298151612,0.8152333498001099
377,0.02582751028239727,0.08056911826133728,0.14865249395370483,0.07999900728464127,2.3216567039489746,3.119507741058945,601.1515506007992,0.8720468878746033,0.0884610041975975,0.03949197754263878,0.0313248485326767,0.0009515560232102871,0.8132436871528625
378,0.02329138293862343,0.07242882251739502,0.13078275322914124,0.11155384033918381,2.439682960510254,3.109683212248368,666.7420968268445,0.8402033448219299,0.11440879851579666,0.045387715101242065,0.031060505658388138,0.0014656868297606707,0.7878255248069763
379,0.026381587609648705,0.07789968699216843,0.1548701673746109,0.08122123032808304,2.3680646419525146,2.952805120823164,696.7597914362009,0.8362403512001038,0.10869204998016357,0.055067598819732666,0.03062346577644348,0.0017977379029616714,0.779096245765686
380,0.02785845473408699,0.08225970715284348,0.15569257736206055,0.06382034718990326,2.3005709648132324,2.952773509337528,645.8790461318214,0.8586189150810242,0.09292963892221451,0.0484490841627121,0.02862001210451126,0.0013356361305341125,0.8111517429351807
381,0.02386174164712429,0.06508958339691162,0.1286441683769226,0.0636395663022995,2.321863889694214,2.7277800739254987,640.003876791836,0.8581424355506897,0.09804821759462357,0.043805304914712906,0.03157992660999298,0.0014489147579297423,0.8016659617424011
382,0.022968940436840057,0.0633675679564476,0.12333887815475464,0.06526875495910645,2.359152317047119,2.7588372275132484,662.1550298795828,0.8526998162269592,0.09862419962882996,0.04867522418498993,0.03310643509030342,0.002313878620043397,0.7914885878562927
383,0.024805838242173195,0.06734871119260788,0.13405689597129822,0.08524821698665619,2.2807981967926025,2.7150346838669277,633.6279198237527,0.8603514432907104,0.09663757681846619,0.04300554096698761,0.02840484119951725,0.002479888964444399,0.8064131140708923
384,0.02483515813946724,0.06605206429958344,0.131638765335083,0.06753511726856232,2.2682435512542725,2.659619235198506,645.0873588415036,0.8552550077438354,0.1021822839975357,0.04255813732743263,0.030286958441138268,0.0018856623210012913,0.8024528622627258
385,0.027675209566950798,0.07363999634981155,0.1419355869293213,0.04104623571038246,2.261768102645874,2.660864994319326,640.558990592484,0.8586313128471375,0.09737442433834076,0.043989356607198715,0.028897061944007874,0.0016352101229131222,0.8094360828399658
386,0.024733221158385277,0.06863299012184143,0.13495925068855286,0.052083007991313934,2.2769482135772705,2.774931323322516,634.4394172649414,0.8592602014541626,0.09493762254714966,0.045798346400260925,0.029528416693210602,0.0015882832231000066,0.8091902136802673
387,0.02711392752826214,0.07555761188268661,0.14861971139907837,0.06836987286806107,2.3197083473205566,2.7866716026714555,663.6127877074302,0.8521676659584045,0.0944662094116211,0.053362224251031876,0.03101518750190735,0.0016020324546843767,0.7967103123664856
388,0.023947766050696373,0.06809549778699875,0.12992329895496368,0.07852865010499954,2.281670331954956,2.843501044732108,624.7334015441977,0.8692305088043213,0.08526385575532913,0.045503392815589905,0.028851065784692764,0.0012498564319685102,0.809880256652832
389,0.025883488357067108,0.07258372008800507,0.133585587143898,0.0739927589893341,2.2485575675964355,2.804247985584327,604.1238492562072,0.8778190612792969,0.08104220032691956,0.04113840311765671,0.031138263642787933,0.0011253396514803171,0.8235445022583008
390,0.028449520468711853,0.08066131919622421,0.15459351241588593,0.07443848997354507,2.289742946624756,2.835243542403412,628.5874966176698,0.8691684603691101,0.0837772861123085,0.04705379903316498,0.029407188296318054,0.0008981105638667941,0.8156182169914246
391,0.02654128707945347,0.07712152600288391,0.14764925837516785,0.10219420492649078,2.308319330215454,2.9057191450101394,623.3549483861898,0.8707717061042786,0.08342213928699493,0.04580608382821083,0.030389312654733658,0.0012258434435352683,0.8200332522392273
392,0.025051340460777283,0.07532555609941483,0.13488595187664032,0.09495669603347778,2.217026472091675,3.006847326766594,627.3405442181495,0.866129994392395,0.08888806402683258,0.04498207941651344,0.031892403960227966,0.0011376324109733105,0.807796061038971
393,0.02623966708779335,0.0769716426730156,0.15110096335411072,0.059796322137117386,2.312352418899536,2.9334077453249883,641.8300400182582,0.8573272228240967,0.09728579223155975,0.04538704454898834,0.029418742284178734,0.0013265210436657071,0.8057457208633423
394,0.02694530040025711,0.0762140154838562,0.15024924278259277,0.05827392637729645,2.299586296081543,2.828471546017743,636.3707798872958,0.8606814742088318,0.09376528114080429,0.04555202275514603,0.030352748930454254,0.0012097377330064774,0.8049903512001038
395,0.027187135070562363,0.07609005272388458,0.1409602016210556,0.0634438768029213,2.167051315307617,2.7987521496325107,618.7119385684884,0.8713677525520325,0.08456463366746902,0.044065285474061966,0.02792436257004738,0.0013800596352666616,0.8257295489311218
396,0.02507670968770981,0.08395149558782578,0.15499430894851685,0.05578068643808365,2.264627695083618,3.3477875139904394,630.6068899653767,0.8692054748535156,0.08169195055961609,0.04910268634557724,0.03096175752580166,0.0012708426220342517,0.8157895803451538
397,0.02640686184167862,0.09079519659280777,0.16790929436683655,0.07140740007162094,2.318512201309204,3.4383183103592074,645.1527307478083,0.8604263067245483,0.08938266336917877,0.050183478742837906,0.03324580937623978,0.0022449421230703592,0.8026642203330994
398,0.02312166430056095,0.06715681403875351,0.12395592778921127,0.08444347232580185,2.186957359313965,2.9044974082691675,600.7046179311629,0.873644232749939,0.08754357695579529,0.038812000304460526,0.027872590348124504,0.001987166004255414,0.8210102915763855
399,0.027872199192643166,0.07870545983314514,0.1453448235988617,0.07680988311767578,2.191272735595703,2.823797981864867,586.224123178816,0.8787060379981995,0.0850912407040596,0.03620022162795067,0.030338820070028305,0.001100074267014861,0.825699508190155
400,0.024735284969210625,0.07477008551359177,0.14092989265918732,0.05883925408124924,2.3056297302246094,3.0228107581392094,636.5877116482948,0.8568021059036255,0.09849072992801666,0.04470512643456459,0.02774711139500141,0.0013485850067809224,0.8075492978096008
401,0.02384897693991661,0.07464919239282608,0.14454174041748047,0.06016220897436142,2.3719794750213623,3.1300794402108645,667.3920435372645,0.843955397605896,0.10759984701871872,0.04844125360250473,0.02943010814487934,0.0017437211936339736,0.7929385304450989
402,0.02650892175734043,0.07902500033378601,0.1500597894191742,0.08774971216917038,2.2932991981506348,2.9810718464594883,628.9476106034413,0.8623191714286804,0.09428827464580536,0.04339218512177467,0.03490440547466278,0.002127011539414525,0.7996904850006104
403,0.02280600741505623,0.06545589119195938,0.12097406387329102,0.1200556829571724,2.3082756996154785,2.870116193414729,615.6723707003977,0.8671820759773254,0.09338117390871048,0.0394367016851902,0.030631311237812042,0.0019724832382053137,0.8107015490531921
404,0.02336893416941166,0.0655650794506073,0.12508735060691833,0.09229854494333267,2.2990052700042725,2.8056512536041063,635.8273063761446,0.8511199951171875,0.11274626851081848,0.03613162785768509,0.030304454267024994,0.0013494878076016903,0.8015344142913818
405,0.025883730500936508,0.07035142928361893,0.1378953754901886,0.044708725064992905,2.2489020824432373,2.717978742606501,638.7474374119662,0.8506464958190918,0.11002413183450699,0.039327267557382584,0.028811154887080193,0.0011170280631631613,0.7988698482513428
406,0.02633976750075817,0.07244951277971268,0.14362531900405884,0.06157408654689789,2.2726821899414062,2.7505752575407776,621.335510738244,0.8671919107437134,0.08973410725593567,0.04307382553815842,0.02960999868810177,0.0013707739999517798,0.8200579285621643
407,0.024252623319625854,0.06722339987754822,0.12820634245872498,0.08595775067806244,2.2754666805267334,2.7717991158662616,610.0873316895093,0.8702883720397949,0.0884060487151146,0.04130548611283302,0.031554825603961945,0.0014429128495976329,0.8126652240753174
408,0.025802792981266975,0.0748482197523117,0.13958381116390228,0.08553437143564224,2.2785985469818115,2.900779764568561,618.2497669589948,0.867499828338623,0.09238483756780624,0.04011419788002968,0.03099488466978073,0.0013224041322246194,0.8159629702568054
409,0.023809213191270828,0.07033994048833847,0.12713536620140076,0.10623781383037567,2.299607753753662,2.954316042294623,647.482720927338,0.8597138524055481,0.09348297864198685,0.04680251702666283,0.03132278472185135,0.0009028434869833291,0.8049904108047485
410,0.02570824883878231,0.07698334753513336,0.1402374804019928,0.09098830074071884,2.31467866897583,2.9944998593605194,674.7828350176684,0.8500284552574158,0.09761139005422592,0.05236011743545532,0.029719501733779907,0.0008140093996189535,0.7990796566009521
411,0.024544119834899902,0.06857781112194061,0.12982556223869324,0.04962364584207535,2.333785057067871,2.7940627563932456,671.3755703916505,0.8466952443122864,0.10287286341190338,0.05042961612343788,0.03260771930217743,0.0010537197813391685,0.7900053858757019
412,0.026581311598420143,0.0733947604894638,0.13588623702526093,0.07604946941137314,2.262915849685669,2.76114142129333,641.621521430877,0.8572366833686829,0.09682400524616241,0.0459384061396122,0.03233829513192177,0.002195300767198205,0.8007986545562744
413,0.025018323212862015,0.06605639308691025,0.13147637248039246,0.09551113843917847,2.193878173828125,2.6403205571470947,648.0854718598611,0.8575802445411682,0.09777462482452393,0.04464506357908249,0.028260862454771996,0.002274556318297982,0.8058234453201294
414,0.026873677968978882,0.08341333270072937,0.1542038917541504,0.0794772058725357,2.2492780685424805,3.103904601145852,646.5072311604962,0.8562808036804199,0.09834519773721695,0.04537346959114075,0.0310771893709898,0.0018881811993196607,0.8032522201538086
415,0.027742359787225723,0.08632741123437881,0.1550309956073761,0.08097431063652039,2.251403331756592,3.1117544395418544,607.6854515789562,0.8749768137931824,0.08268017321825027,0.04234292358160019,0.028805231675505638,0.0023189533967524767,0.8215931057929993
416,0.02292538248002529,0.063224196434021,0.12425661087036133,0.07295737415552139,2.248544931411743,2.7578251523764075,609.5017113203133,0.875512957572937,0.0837395042181015,0.04074357822537422,0.03093302808701992,0.0018973930273205042,0.8205538988113403
417,0.023563232272863388,0.06547826528549194,0.1286102831363678,0.07366757094860077,2.256129026412964,2.7788320602399357,601.8745817725656,0.8790516257286072,0.07953719794750214,0.04141118749976158,0.032435279339551926,0.0025046977680176497,0.8230871558189392
418,0.02424420416355133,0.06548191606998444,0.12957647442817688,0.07487644255161285,2.270913600921631,2.70093073072404,606.9117915570981,0.8785221576690674,0.07708999514579773,0.044384848326444626,0.028738373890519142,0.0019071607384830713,0.822532057762146
419,0.026581697165966034,0.07204581797122955,0.13952961564064026,0.05647091940045357,2.269794464111328,2.710354328344516,638.3257698147355,0.8662440776824951,0.08418884128332138,0.049566105008125305,0.03043905459344387,0.0018957705469802022,0.8149401545524597
420,0.02843633107841015,0.08089841157197952,0.15751460194587708,0.06751659512519836,2.265204906463623,2.844896247201015,629.9062699589065,0.8705257773399353,0.0817183330655098,0.04775550588965416,0.029869502410292625,0.0012746789725497365,0.8163387179374695
421,0.026980428025126457,0.07832811027765274,0.14278879761695862,0.07761543989181519,2.2611498832702637,2.9031455765566,611.6777939393708,0.8736541271209717,0.08682458847761154,0.03952115401625633,0.030940568074584007,0.0013291144277900457,0.8217003345489502
422,0.026422707363963127,0.07278498262166977,0.14133310317993164,0.07746102660894394,2.2401022911071777,2.7546375780622565,605.0574364391668,0.8756495714187622,0.08575116842985153,0.03859926760196686,0.02941446751356125,0.0011307935928925872,0.8261860013008118
423,0.027495848014950752,0.07515840977430344,0.1469610631465912,0.08764675259590149,2.264662742614746,2.733445781730497,603.1557894095127,0.8786159157752991,0.0789843499660492,0.04239899292588234,0.029146293178200722,0.001204142114147544,0.8292906880378723
424,0.024016018956899643,0.06373468786478043,0.12677119672298431,0.06875761598348618,2.2442421913146973,2.653840670950005,613.3013195597701,0.8769052028656006,0.07895055413246155,0.04414106532931328,0.03116307221353054,0.001091528800316155,0.8211079239845276
425,0.023683933541178703,0.06423024833202362,0.1267353594303131,0.05312342569231987,2.2494025230407715,2.711975534707358,632.6355796682592,0.8674188852310181,0.08604372292757034,0.04653741791844368,0.030292455106973648,0.0015652998117730021,0.8176820278167725
426,0.024690959602594376,0.07466062903404236,0.13460436463356018,0.0900384858250618,2.298217296600342,3.0238042681489654,638.0373162272554,0.856623649597168,0.09896998107433319,0.04440613090991974,0.03443377837538719,0.0014405596302822232,0.7961481809616089
427,0.024721775203943253,0.0743660032749176,0.13386192917823792,0.09617384523153305,2.2830076217651367,3.0081174453866777,612.853055220496,0.8682637214660645,0.09299907088279724,0.03873680904507637,0.03262988477945328,0.0016011303523555398,0.8145548105239868
428,0.027489762753248215,0.08664736151695251,0.16069181263446808,0.06939630955457687,2.2703356742858887,3.1519865155461266,599.3203346174632,0.8817235827445984,0.07705694437026978,0.041219208389520645,0.0288141667842865,0.001686872448772192,0.830633282661438
429,0.026501044631004333,0.0857618972659111,0.1649051010608673,0.07782557606697083,2.3165931701660156,3.23617043995087,602.9361267239956,0.8816344141960144,0.07479335367679596,0.04357200860977173,0.031526923179626465,0.0015347220469266176,0.8281925916671753
430,0.02604435570538044,0.08472853153944016,0.1628873348236084,0.06794879585504532,2.326690435409546,3.2532396844312435,636.6921311848344,0.865678071975708,0.08781710267066956,0.04650473594665527,0.028712168335914612,0.0012946826172992587,0.8151580095291138
431,0.027495471760630608,0.0797078013420105,0.1532604992389679,0.03780611976981163,2.2945547103881836,2.8989428525915013,637.7861538104196,0.8625142574310303,0.09067133814096451,0.04681374877691269,0.03111925721168518,0.0020423862151801586,0.8069325685501099
432,0.025197988376021385,0.07288426905870438,0.1429966688156128,0.08680460602045059,2.258307456970215,2.8924637938625763,599.1864096245854,0.8769127726554871,0.08230887353420258,0.04077723249793053,0.03236623480916023,0.0023294349666684866,0.8220144510269165
433,0.027228016406297684,0.0749797448515892,0.14403659105300903,0.10700620710849762,2.275545358657837,2.753771840371488,610.3421724069691,0.8715779185295105,0.08822246640920639,0.040198590606451035,0.028828037902712822,0.00179983489215374,0.8215761780738831
434,0.024482032284140587,0.07073245942592621,0.13261815905570984,0.0659528449177742,2.249394416809082,2.8891579997162817,636.4362683798316,0.8602471947669983,0.0945076122879982,0.045243557542562485,0.030978616327047348,0.0015597391175106168,0.8088915944099426
435,0.024613162502646446,0.07176928967237473,0.13320980966091156,0.06376543641090393,2.2501327991485596,2.9158906199779118,638.8253414414035,0.8592678904533386,0.09395870566368103,0.046772584319114685,0.03069380111992359,0.0016733630327507854,0.8012242913246155
436,0.02642444334924221,0.07324670255184174,0.1401045024394989,0.0962236225605011,2.267791271209717,2.7719298219831887,631.1210721759384,0.860637366771698,0.09714923799037933,0.04221329092979431,0.030046988278627396,0.0016857151640579104,0.8101176619529724
437,0.027979185804724693,0.08162858337163925,0.15085285902023315,0.08292955905199051,2.265204906463623,2.9174752953296306,658.6517279312486,0.8481282591819763,0.10778506100177765,0.04408521205186844,0.02875296212732792,0.0010823518969118595,0.7950853109359741
438,0.02810978889465332,0.08343775570392609,0.152761310338974,0.06184162572026253,2.3002851009368896,2.9682811213437557,644.3563418115724,0.8581480383872986,0.09660668671131134,0.04524427652359009,0.03009721077978611,0.0016330383950844407,0.8080645203590393
439,0.028087938204407692,0.07716911286115646,0.14715734124183655,0.04802929610013962,2.240833044052124,2.747411087877547,591.1562207633892,0.879058301448822,0.08488820493221283,0.03605210408568382,0.0316024124622345,0.0012522625038400292,0.8221989870071411
440,0.023975873365998268,0.06636469811201096,0.13183322548866272,0.05665060505270958,2.2729456424713135,2.7679783378969227,604.7229291906432,0.8741554021835327,0.08767222613096237,0.038167595863342285,0.030349140986800194,0.0015421092975884676,0.8249162435531616
441,0.025323722511529922,0.07046341150999069,0.13911889493465424,0.09867444634437561,2.2850165367126465,2.7825060662043706,644.8798408798847,0.8625373244285583,0.08589262515306473,0.05156928673386574,0.034339435398578644,0.0013194059720262885,0.8038812875747681
442,0.02356104366481304,0.06497528403997421,0.12534812092781067,0.08394567668437958,2.248218059539795,2.7577421850057107,650.4724535702294,0.8572970032691956,0.09345404803752899,0.0492452010512352,0.03176695480942726,0.0017240537563338876,0.8048019409179688
443,0.02438097447156906,0.06629817932844162,0.12910713255405426,0.07325821369886398,2.3204493522644043,2.7192587975937323,635.8978380137979,0.8601558208465576,0.09435110539197922,0.04549297317862511,0.028756028041243553,0.0018522021127864718,0.808805525302887
444,0.025385506451129913,0.07013806700706482,0.13749665021896362,0.07942657917737961,2.27260160446167,2.762917775122034,639.2722564454406,0.8640381693840027,0.08698496967554092,0.048972468823194504,0.03231130540370941,0.0018628162797540426,0.8102989196777344
445,0.027472613379359245,0.07685581594705582,0.1468886435031891,0.07937843352556229,2.234412908554077,2.7975429524299162,626.5288688837448,0.8668333292007446,0.08680404722690582,0.04636263847351074,0.02915436401963234,0.0016892453422769904,0.8117514848709106
446,0.025153329595923424,0.07986360788345337,0.14935049414634705,0.07601860165596008,2.345365524291992,3.1750710209443493,640.3012537915694,0.8545311689376831,0.10102520138025284,0.04444307088851929,0.031076567247509956,0.001506871310994029,0.7970989346504211
447,0.02381369099020958,0.07492087781429291,0.1401560753583908,0.0860336571931839,2.2945609092712402,3.146126228057158,634.9909786926661,0.8596024513244629,0.09881266206502914,0.041584473103284836,0.031849876046180725,0.0019111908040940762,0.8053144812583923
448,0.027632536366581917,0.0814724937081337,0.15477392077445984,0.07671213150024414,2.273994207382202,2.948426182249271,609.383318470011,0.8696677088737488,0.09354297071695328,0.03678597882390022,0.028646813705563545,0.0014050147728994489,0.8180705308914185
449,0.024090247228741646,0.0655234307050705,0.12965127825737,0.05474831908941269,2.275350570678711,2.7199152453767987,604.6267913343082,0.8664895296096802,0.09765949100255966,0.03585008904337883,0.030541257932782173,0.0015833639772608876,0.8163241147994995
450,0.0248664990067482,0.0794125497341156,0.14701732993125916,0.07337968051433563,2.3145387172698975,3.193555703574166,620.2369175239717,0.8605400323867798,0.10098223388195038,0.03847742825746536,0.030531276017427444,0.0013802116736769676,0.8047109842300415
451,0.0244159959256649,0.0783580094575882,0.14478722214698792,0.08695608377456665,2.3101911544799805,3.209289913585413,637.1394001993012,0.8595184683799744,0.09707682579755783,0.04340464249253273,0.03215622901916504,0.001453177072107792,0.8043984174728394
452,0.02667383849620819,0.07094580680131912,0.13870537281036377,0.09932288527488708,2.240321636199951,2.6597524315349155,637.0655389246604,0.8621547222137451,0.09255458414554596,0.04528951272368431,0.032638270407915115,0.0015722737880423665,0.8058712482452393
453,0.024295952171087265,0.06671615689992905,0.12642374634742737,0.10029476135969162,2.294057846069336,2.7459782776728057,653.9980761058608,0.8527668118476868,0.0979415699839592,0.0492885559797287,0.030395589768886566,0.0017720669275149703,0.8034529089927673
454,0.027009200304746628,0.07245354354381561,0.14432787895202637,0.0766746997833252,2.2587480545043945,2.6825504910784046,652.3631540025666,0.8510270118713379,0.09958942234516144,0.049382828176021576,0.028607415035367012,0.001353918807581067,0.800810694694519
455,0.026995336636900902,0.08016902208328247,0.15357856452465057,0.05358123034238815,2.2457196712493896,2.969735964348998,626.1290248903781,0.8625423908233643,0.09301161020994186,0.044441107660532,0.02908170036971569,0.0016552824527025223,0.8149576187133789
456,0.024951279163360596,0.07483713328838348,0.1369534730911255,0.05667075142264366,2.3240063190460205,2.999330527120944,628.3699952257997,0.8577544093132019,0.10145150125026703,0.040794000029563904,0.032268770039081573,0.0010724550811573863,0.7961394190788269
457,0.025182219222187996,0.0722665935754776,0.14018145203590393,0.0566154308617115,2.3847291469573975,2.869746821556296,647.9096215922447,0.8490481376647949,0.10997400432825089,0.040977101773023605,0.0301225446164608,0.0014098600950092077,0.7974334359169006
458,0.026684166863560677,0.07609713822603226,0.14374668896198273,0.04729384183883667,2.3168411254882812,2.8517711874713654,641.3057302913071,0.8581013679504395,0.09712832421064377,0.04476676136255264,0.03023059479892254,0.0013169925659894943,0.8086813688278198
459,0.026114095002412796,0.06785518676042557,0.13453786075115204,0.07577165216207504,2.2670681476593018,2.598412342130092,618.24943718917,0.870514988899231,0.08542259782552719,0.044061124324798584,0.03296726197004318,0.0016062813811004162,0.8127467632293701
460,0.026932289823889732,0.08231760561466217,0.15771836042404175,0.07726459950208664,2.2407779693603516,3.056465163188151,615.0890334061743,0.8715563416481018,0.08420061320066452,0.044242970645427704,0.028928179293870926,0.002195412293076515,0.819322407245636
461,0.027731258422136307,0.08424916118383408,0.1615501344203949,0.07124299556016922,2.226634979248047,3.0380576279057228,641.4487056966348,0.8575069308280945,0.09712374955415726,0.04536619037389755,0.03127798065543175,0.0018688528798520565,0.8025956749916077
462,0.02393302135169506,0.06568551063537598,0.12768450379371643,0.07337718456983566,2.2291269302368164,2.7445557193713546,626.0600984466491,0.8620499968528748,0.09730806946754456,0.040641479194164276,0.03135423734784126,0.0018649257253855467,0.8065623044967651
463,0.027861353009939194,0.07931315153837204,0.14549750089645386,0.0652075856924057,2.234255790710449,2.846708539503855,604.7149681745744,0.8729721903800964,0.08828742057085037,0.03873683139681816,0.029176071286201477,0.0016476733144372702,0.8242912888526917
464,0.025999348610639572,0.07399924844503403,0.14771592617034912,0.05187108740210533,2.2420878410339355,2.846196247082341,590.789019875885,0.8823451399803162,0.07820817083120346,0.03944260627031326,0.03103596717119217,0.0018020758870989084,0.830011785030365
465,0.02401554025709629,0.06901655346155167,0.13452142477035522,0.05381304398179054,2.296715259552002,2.8738288924516,622.9099596497826,0.8735353946685791,0.07973097264766693,0.04673316702246666,0.029511980712413788,0.0017342192586511374,0.8163159489631653
466,0.024727197363972664,0.07307370752096176,0.1359226107597351,0.07497204095125198,2.326474905014038,2.955195707883757,648.5307173154526,0.8581678867340088,0.09561727941036224,0.046214330941438675,0.030711764469742775,0.0013990480219945312,0.8060951232910156
467,0.02496926486492157,0.07737717777490616,0.15175172686576843,0.08711781352758408,2.3421335220336914,3.098896911479028,631.1145452940572,0.8609481453895569,0.09565671533346176,0.043394628912210464,0.031385596841573715,0.0013939592754468322,0.8002077341079712
468,0.02331523410975933,0.07077378779649734,0.1374971717596054,0.08135795593261719,2.3098807334899902,3.0355169268421465,634.3113715224697,0.8620491027832031,0.09426054358482361,0.043689075857400894,0.03007693402469158,0.0015951895620673895,0.8140954375267029
469,0.02766927145421505,0.07306722551584244,0.1455727517604828,0.07771331071853638,2.261821746826172,2.6407354322323826,623.7918526883632,0.8662962317466736,0.09141276776790619,0.042288437485694885,0.030206438153982162,0.0011440996313467622,0.8132949471473694
470,0.023633867502212524,0.07424751669168472,0.13784456253051758,0.07849527895450592,2.315423011779785,3.141572858593387,612.9636142028083,0.8710070252418518,0.08947277069091797,0.039520055055618286,0.030483504757285118,0.0013107568956911564,0.8167202472686768
471,0.02479189820587635,0.07779596000909805,0.13824522495269775,0.07435723394155502,2.342165946960449,3.1379589961175443,635.280085842309,0.8637154698371887,0.0905589908361435,0.045725222676992416,0.03356656804680824,0.001533806324005127,0.8063844442367554
472,0.027499904856085777,0.07577837258577347,0.14178214967250824,0.06921972334384918,2.280245542526245,2.7555867185572462,638.7659741296557,0.8682528138160706,0.08024750649929047,0.05149943754076958,0.03120439127087593,0.0015360673423856497,0.815798819065094
473,0.027866827324032784,0.07336876541376114,0.14462369680404663,0.06203620508313179,2.250791549682617,2.632835254548477,632.8538689168047,0.8687575459480286,0.08132491260766983,0.04991668835282326,0.02980220690369606,0.0012877522967755795,0.8167009353637695
474,0.025768321007490158,0.06861966103315353,0.1356353759765625,0.06504625827074051,2.3046011924743652,2.6629465307632847,635.969021087206,0.8627687096595764,0.09143126010894775,0.04579995572566986,0.03229542821645737,0.0023863117676228285,0.8075523972511292
475,0.024193361401557922,0.07091576606035233,0.1367720067501068,0.08404047042131424,2.3393826484680176,2.931207651569018,631.9434987955221,0.8613895177841187,0.09499003738164902,0.04361855983734131,0.029978366568684578,0.0027744602411985397,0.8042283058166504
476,0.024794835597276688,0.07231514155864716,0.13964617252349854,0.09119316190481186,2.294403314590454,2.91654047360061,634.5223567199243,0.8621920943260193,0.0927298292517662,0.045077886432409286,0.03299831598997116,0.0018214754527434707,0.8033781051635742
477,0.02662465162575245,0.07352335005998611,0.14632081985473633,0.09312913566827774,2.271563768386841,2.76147651021694,652.6160327310711,0.8528989553451538,0.10121680796146393,0.045883696526288986,0.029693616554141045,0.0019364114850759506,0.7974426746368408
478,0.028002498671412468,0.08422106504440308,0.15936169028282166,0.11066411435604095,2.287564992904663,3.0076267846546165,664.9208247211986,0.8430127501487732,0.11223316937685013,0.04475342109799385,0.027894053608179092,0.0012331305770203471,0.7939861416816711
479,0.025548554956912994,0.0774320662021637,0.15255707502365112,0.07594161480665207,2.373931646347046,3.030780657838386,675.6720052138671,0.8373623490333557,0.11741466075181961,0.04522094503045082,0.030663803219795227,0.0015539086889475584,0.7874951362609863
480,0.026155827566981316,0.07826166599988937,0.1509188413619995,0.04368637874722481,2.3712456226348877,2.9921311339310663,672.8013678066264,0.8430169820785522,0.10841468721628189,0.048559948801994324,0.028951585292816162,0.0020447401329874992,0.7854347229003906
481,0.02417905256152153,0.0724426805973053,0.13365790247917175,0.07287771254777908,2.2952351570129395,2.9960926057787005,653.213889011653,0.8500500321388245,0.10469433665275574,0.045254480093717575,0.030824212357401848,0.0017620354192331433,0.7950366139411926
482,0.02822687104344368,0.0844220370054245,0.16371506452560425,0.0675685927271843,2.332183361053467,2.9908393626945258,664.0613858463543,0.8505011796951294,0.09961486607789993,0.04988011345267296,0.03086012415587902,0.0008832178427837789,0.797531008720398
483,0.023393923416733742,0.06659635901451111,0.129106342792511,0.05821985751390457,2.325878858566284,2.8467374978250892,645.9433981117884,0.8606053590774536,0.08907464891672134,0.05031820759177208,0.030534952878952026,0.0011680984171107411,0.812098503112793
484,0.02759733609855175,0.07217174023389816,0.14253437519073486,0.08025112748146057,2.3358888626098633,2.6151705357920547,633.2283111483151,0.8566480278968811,0.10171402990818024,0.04163794964551926,0.031123138964176178,0.0012454852694645524,0.805043637752533
485,0.024333786219358444,0.06484442949295044,0.12296333909034729,0.07121079415082932,2.3274037837982178,2.6647899716773,624.5610438283225,0.8610170483589172,0.09913484007120132,0.039847634732723236,0.031391691416502,0.0013895778683945537,0.8093062043190002
486,0.022942781448364258,0.06111173331737518,0.1194697916507721,0.08361023664474487,2.232393980026245,2.6636584344514422,597.5609063729011,0.8758831024169922,0.08119920641183853,0.042917653918266296,0.03380066901445389,0.0012583310017362237,0.8120455741882324
487,0.027144959196448326,0.07842115312814713,0.14690163731575012,0.07246517390012741,2.243645668029785,2.8889766441615743,628.9941450320028,0.8633347153663635,0.08640999346971512,0.05025521665811539,0.03184526413679123,0.0012554257409647107,0.8107035756111145
488,0.025202909484505653,0.07245733588933945,0.140213280916214,0.058431580662727356,2.2984166145324707,2.8749591760828292,638.8351252102769,0.8554939031600952,0.09768117219209671,0.046821292489767075,0.030894780531525612,0.0011140526039525867,0.8030614852905273
489,0.023252740502357483,0.06714479625225067,0.12681353092193604,0.09590679407119751,2.303421974182129,2.8876078603533024,635.480339287333,0.8557834625244141,0.1017194539308548,0.04249728098511696,0.030684461817145348,0.0015621994389221072,0.8049103021621704
490,0.024983985349535942,0.0722118616104126,0.13823717832565308,0.05887703597545624,2.311487913131714,2.8903259667042493,694.4156507180559,0.8346853256225586,0.1098906546831131,0.05542328208684921,0.02813262864947319,0.0016015893779695034,0.7847282290458679
491,0.025637302547693253,0.07364021241664886,0.14139977097511292,0.06472773104906082,2.3414289951324463,2.8723853563292425,683.4402880680873,0.840477466583252,0.10654187947511673,0.05297889932990074,0.03220897912979126,0.001910623861476779,0.7849040627479553
492,0.02395189367234707,0.0688098818063736,0.13563375174999237,0.12958645820617676,2.388378858566284,2.8728368096816963,637.8716420633498,0.8568987846374512,0.09814641624689102,0.04495471715927124,0.030048305168747902,0.0015558365266770124,0.803841769695282
493,0.0265028178691864,0.0738711878657341,0.14745505154132843,0.09756052494049072,2.3301239013671875,2.7872956086240706,670.1833710066605,0.8486102819442749,0.09943527728319168,0.05195387452840805,0.02904730662703514,0.001472174539230764,0.7997114062309265
494,0.024563129991292953,0.06704790890216827,0.1262543648481369,0.099495530128479,2.2567131519317627,2.729615847947943,663.4434327957046,0.8520629405975342,0.09672470390796661,0.05121230334043503,0.03083733096718788,0.0010993905598297715,0.8006545305252075
495,0.023272499442100525,0.06893116980791092,0.13152384757995605,0.12964093685150146,2.326211452484131,2.9619151985132643,649.732666488703,0.8508664965629578,0.10347545892000198,0.04565739259123802,0.029626617208123207,0.0014198197750374675,0.7952600717544556
496,0.025502467527985573,0.07709562033414841,0.14702090620994568,0.09152139723300934,2.33801007270813,3.02306513071816,663.2020199304762,0.8497799038887024,0.10330449044704437,0.046915534883737564,0.03232535347342491,0.0015220422064885497,0.7905434370040894
497,0.023479128256440163,0.06381914019584656,0.1254638284444809,0.08780979365110397,2.2934467792510986,2.718122218852963,649.2385448414365,0.8566898703575134,0.0968112200498581,0.04649881646037102,0.03141576424241066,0.0011902439873665571,0.7995567917823792
498,0.026862841099500656,0.07236519455909729,0.1441783308982849,0.07688090950250626,2.280642509460449,2.693877177338051,626.4389412140777,0.8639495372772217,0.09209372848272324,0.04395676776766777,0.030679674819111824,0.0011561637511476874,0.8168116211891174
499,0.023097509518265724,0.06697604805231094,0.1255434900522232,0.05789802968502045,2.3426284790039062,2.8997086459233175,619.5087250160057,0.8673109412193298,0.09056104719638824,0.04212607815861702,0.029578864574432373,0.0009739369270391762,0.817246675491333
500,0.024433789774775505,0.07280678302049637,0.1449829339981079,0.07076334953308105,2.3638551235198975,2.9797581009180782,633.339903309349,0.8643637895584106,0.09428346157073975,0.04135274887084961,0.0319829061627388,0.0013123665703460574,0.8094804883003235
501,0.023207467049360275,0.06822361052036285,0.13394519686698914,0.07564572244882584,2.306295394897461,2.939726699700463,658.3274102798773,0.850736677646637,0.10366296768188477,0.04559873044490814,0.03435719758272171,0.0012050408404320478,0.7907888293266296
502,0.023746207356452942,0.06699685752391815,0.1260714828968048,0.07975758612155914,2.2963526248931885,2.821370862109087,667.2355226202951,0.8443828821182251,0.10954304039478302,0.04607390612363815,0.029085280373692513,0.0008675660938024521,0.7955342531204224
503,0.024408116936683655,0.07075264304876328,0.1386597752571106,0.07866799831390381,2.3134312629699707,2.8987341886882056,655.0253191575947,0.8508438467979431,0.10388930141925812,0.0452648289501667,0.030242225155234337,0.0012372988276183605,0.7965342402458191
504,0.02544705756008625,0.07496273517608643,0.14651928842067719,0.07192595303058624,2.291025161743164,2.945831163235146,651.8024444085755,0.8525440096855164,0.10018172860145569,0.04727409407496452,0.03091610223054886,0.0017392173176631331,0.8011104464530945
505,0.024896232411265373,0.07261554151773453,0.1339452713727951,0.06917312741279602,2.2746458053588867,2.9167281344128106,654.099486949987,0.8515848517417908,0.09987717866897583,0.04853537306189537,0.029889820143580437,0.0020338138565421104,0.7951158285140991
506,0.026415104046463966,0.08941624313592911,0.1634414792060852,0.08407937735319138,2.433709144592285,3.385042246105167,687.6728979939467,0.8421153426170349,0.1026596799492836,0.05522075295448303,0.031196538358926773,0.0017185815377160907,0.7850170731544495
507,0.02494220621883869,0.08371300995349884,0.15303251147270203,0.08469986915588379,2.3860177993774414,3.3562792808165725,682.5000242682232,0.8420766592025757,0.10633232444524765,0.05159064754843712,0.02722245827317238,0.0015600834740325809,0.7937847971916199
508,0.02588263899087906,0.07098613679409027,0.1352444887161255,0.0890999436378479,2.2689595222473145,2.742615883038932,646.8439060544425,0.8533589243888855,0.09990648925304413,0.0467342808842659,0.030187159776687622,0.001264318940229714,0.8007815480232239
509,0.024665556848049164,0.08721742033958435,0.15562757849693298,0.10385701060295105,2.3296191692352295,3.5360004589941587,648.3939938016651,0.8530188798904419,0.10020937770605087,0.04676807299256325,0.03185776621103287,0.0016524425009265542,0.7996824383735657
510,0.024565858766436577,0.08832120895385742,0.15500247478485107,0.1046777293086052,2.3334624767303467,3.595282778020858,638.2731761780519,0.8589454889297485,0.09561500698328018,0.04543865844607353,0.030258193612098694,0.0012680098880082369,0.8070679306983948
511,0.02590327337384224,0.07706861943006516,0.14717073738574982,0.10056521743535995,2.2874512672424316,2.9752463449239466,644.3205643019108,0.8580179810523987,0.09701920300722122,0.044962793588638306,0.03354744240641594,0.0012182284845039248,0.8009375333786011
512,0.028301572427153587,0.08049628883600235,0.15472808480262756,0.07845927029848099,2.2758476734161377,2.844233797975372,651.3746874188328,0.8521824479103088,0.1036306843161583,0.04418662562966347,0.029589980840682983,0.0012596151791512966,0.800715446472168
513,0.026271220296621323,0.08250018209218979,0.1510552167892456,0.07438495755195618,2.3382129669189453,3.140325464807572,633.4100819170361,0.8612765073776245,0.09344221651554108,0.04527930170297623,0.029198601841926575,0.0013533234596252441,0.8141158223152161
514,0.02492852695286274,0.0804896354675293,0.14435452222824097,0.07969627529382706,2.3730220794677734,3.2288163523058557,635.512045816641,0.859464168548584,0.09612350910902023,0.044412266463041306,0.030901499092578888,0.0009979094611480832,0.8073282241821289
515,0.02317541278898716,0.06621610373258591,0.12599918246269226,0.08970512449741364,2.36492919921875,2.857170412998827,671.1842197557932,0.844700813293457,0.10680355131626129,0.04849424958229065,0.030845003202557564,0.001470708753913641,0.7937939167022705
516,0.024321142584085464,0.06886537373065948,0.1320151686668396,0.10208231955766678,2.3814024925231934,2.831502405355332,662.8094502648414,0.8491150736808777,0.10200819373130798,0.04887598007917404,0.033514298498630524,0.0013996502384543419,0.782741904258728
517,0.022785041481256485,0.06454349309206009,0.12156420946121216,0.07404889911413193,2.3272738456726074,2.832713433606096,640.8579089888068,0.8610243797302246,0.09108258783817291,0.047893039882183075,0.030997181311249733,0.0013003385392948985,0.8097638487815857
518,0.025660784915089607,0.07071854919195175,0.14140963554382324,0.07577484846115112,2.2737770080566406,2.755899689865309,665.1445744959734,0.8474041819572449,0.10175815969705582,0.050831910222768784,0.03086872585117817,0.0010178618831560016,0.7974054217338562
519,0.027494722977280617,0.07779392600059509,0.15352821350097656,0.08375018835067749,2.2517786026000977,2.8294129772483325,666.2314784620718,0.8402826189994812,0.11333863437175751,0.046374157071113586,0.030628815293312073,0.0015497911954298615,0.7898316979408264
520,0.025152115151286125,0.07207602262496948,0.14085057377815247,0.05836792290210724,2.272355556488037,2.865604828404197,650.9343832325737,0.849368691444397,0.10596402734518051,0.04466693848371506,0.030093258246779442,0.002054439624771476,0.7977957129478455
521,0.027037015184760094,0.07436440140008926,0.14551687240600586,0.07818575203418732,2.2969698905944824,2.7504663842943597,651.9403334854602,0.8519093990325928,0.09993553161621094,0.04815487936139107,0.033806659281253815,0.002270469209179282,0.7928605079650879
522,0.023544251918792725,0.06899277120828629,0.1273270845413208,0.09525344520807266,2.291980504989624,2.9303445887056103,637.6313654878663,0.8588707447052002,0.09820689260959625,0.04292229190468788,0.028081024065613747,0.0020289625972509384,0.806631863117218
523,0.02818465791642666,0.08117275685071945,0.1497804969549179,0.07610397040843964,2.2924251556396484,2.8800334241605285,641.7084304277377,0.8594051003456116,0.0988226905465126,0.04177205264568329,0.02912093512713909,0.00140009552706033,0.8086097836494446
524,0.024343952536582947,0.07108267396688461,0.13394507765769958,0.0589565709233284,2.356269121170044,2.919931504842732,652.3203229416101,0.8586145043373108,0.0946148931980133,0.04677070304751396,0.03182830661535263,0.0015622584614902735,0.8036356568336487
525,0.023580580949783325,0.07006508111953735,0.13480328023433685,0.07518363744020462,2.364187717437744,2.971304280661069,647.4020663372401,0.8590182662010193,0.09127438813447952,0.049706149846315384,0.030189448967576027,0.0017739080358296633,0.8034524917602539
526,0.022698454558849335,0.06501656025648117,0.12708497047424316,0.0766102746129036,2.294286012649536,2.8643606587863104,644.1366521858831,0.8554242253303528,0.09812705218791962,0.046448662877082825,0.032880913466215134,0.001379524590447545,0.7995128631591797
527,0.024425461888313293,0.06868638098239899,0.1349678933620453,0.0698438286781311,2.3116250038146973,2.812081150958741,663.2914457620985,0.852478563785553,0.09843216091394424,0.04908866807818413,0.030394893139600754,0.0010713759111240506,0.7942409515380859
528,0.02402900718152523,0.06718470901250839,0.13162924349308014,0.0834738165140152,2.339737892150879,2.7959835586285715,658.6868228461597,0.8581095337867737,0.09123566746711731,0.0506548173725605,0.030067771673202515,0.0015063423197716475,0.8098153471946716
529,0.026244021952152252,0.07420546561479568,0.1450919657945633,0.07003422826528549,2.2856149673461914,2.8275188058925793,634.0646541042145,0.8643675446510315,0.08927574008703232,0.046353451907634735,0.031681694090366364,0.0014852595049887896,0.8097245097160339
530,0.027106519788503647,0.0704653263092041,0.1355217844247818,0.08887340873479843,2.293149471282959,2.599571131093344,643.0340501293908,0.8579085469245911,0.09710586816072464,0.044977325946092606,0.03225594386458397,0.0011523215798661113,0.8040409088134766
531,0.027203919366002083,0.07791796326637268,0.14836126565933228,0.06771062314510345,2.3715946674346924,2.864218284696356,682.2264730940196,0.8412531614303589,0.10769854485988617,0.05104486271739006,0.031769100576639175,0.0011286827502772212,0.7825071215629578
532,0.027518417686223984,0.07703627645969391,0.15311366319656372,0.04595711827278137,2.2950339317321777,2.7994442607599366,669.8806630033805,0.8475785851478577,0.10001519322395325,0.05240621417760849,0.029055675491690636,0.0013426775112748146,0.8002089858055115
533,0.026089288294315338,0.07159534841775894,0.1378149390220642,0.06233811751008034,2.240020751953125,2.7442430627981063,635.9236692896254,0.8616785407066345,0.0887475237250328,0.04957312345504761,0.03096405602991581,0.0011967398459091783,0.80830317735672
534,0.02734830603003502,0.0723537802696228,0.14413771033287048,0.0826704204082489,2.304387331008911,2.6456402889274133,640.1322123604712,0.8597790598869324,0.09357868880033493,0.04664134979248047,0.031972888857126236,0.001211192924529314,0.8086971640586853
535,0.0252318624407053,0.06701840460300446,0.1322437822818756,0.09828375279903412,2.326092004776001,2.656102170731199,657.1998370542874,0.8556098937988281,0.09613990038633347,0.04824931547045708,0.03200053796172142,0.001139827654697001,0.7972952723503113
536,0.023533092811703682,0.060696542263031006,0.12091736495494843,0.0979834720492363,2.2951507568359375,2.5791995444927527,656.8463222101085,0.8543863296508789,0.09271900355815887,0.052894797176122665,0.032285358756780624,0.0020314252469688654,0.7988075017929077
537,0.026009725406765938,0.07034279406070709,0.1343046873807907,0.09452182054519653,2.20261287689209,2.7044804571333256,609.9214555223904,0.8716437220573425,0.08348790556192398,0.04486110433936119,0.027284016832709312,0.0018722348613664508,0.8202354311943054
538,0.025582505390048027,0.07300067692995071,0.13636592030525208,0.0634295716881752,2.2439322471618652,2.8535390030835495,617.71586351754,0.8685526847839355,0.0881318747997284,0.04331348091363907,0.02933548577129841,0.0013225942384451628,0.8186305165290833
539,0.023588920012116432,0.07258222252130508,0.13487760722637177,0.04704522341489792,2.3415398597717285,3.076962509557297,667.5993779613166,0.8500195741653442,0.09826839715242386,0.051711492240428925,0.030336009338498116,0.0013716627145186067,0.797846794128418
540,0.026398103684186935,0.0833044946193695,0.15494225919246674,0.06835249066352844,2.3285319805145264,3.1556999553007703,642.5247106150142,0.8604176044464111,0.09246022999286652,0.047118932008743286,0.0309308934956789,0.0017556827515363693,0.8065803050994873
541,0.026962215080857277,0.07797551155090332,0.1438688337802887,0.09459125250577927,2.3248753547668457,2.8920291346304334,604.8303605938828,0.871372401714325,0.09171998500823975,0.03690619021654129,0.034291498363018036,0.0016041757771745324,0.8138437867164612
542,0.02404436096549034,0.07440470159053802,0.1432071328163147,0.07189387828111649,2.357997417449951,3.0944761515697117,653.7966183807545,0.848002552986145,0.10871215164661407,0.043285101652145386,0.02937937341630459,0.0010138715151697397,0.7937271595001221
543,0.027055520564317703,0.08254100382328033,0.158649742603302,0.0755065381526947,2.2927329540252686,3.0508008014116395,676.7538426453825,0.8381121158599854,0.11356697231531143,0.04831878840923309,0.029743142426013947,0.001156359096057713,0.7879592776298523
544,0.02565176971256733,0.07078228890895844,0.13441160321235657,0.0978945791721344,2.2464890480041504,2.759353046566662,652.0217155379911,0.850633978843689,0.10042332112789154,0.04894270747900009,0.03144916892051697,0.0011122800642624497,0.7963719964027405
545,0.027822624891996384,0.07740069925785065,0.1523353010416031,0.08213410526514053,2.3276078701019287,2.7819337519564606,668.0436798497174,0.8449442386627197,0.10715550929307938,0.04790020361542702,0.031121082603931427,0.0010996605269610882,0.7951056957244873
546,0.026001816615462303,0.07165201008319855,0.14263862371444702,0.08304908871650696,2.2670176029205322,2.7556540044911375,657.5547369689049,0.8474713563919067,0.10880707204341888,0.04372134804725647,0.030681032687425613,0.0009754914790391922,0.7914193868637085
547,0.02449760213494301,0.07371806353330612,0.13260410726070404,0.0997493639588356,2.2590346336364746,3.009195068326569,615.0625334728041,0.8611283302307129,0.10293417423963547,0.03593567758798599,0.02893626131117344,0.0011264901841059327,0.8128969073295593
548,0.024745294824242592,0.07446905225515366,0.13689719140529633,0.09377152472734451,2.287771224975586,3.0094227117143917,596.6463063278162,0.8710274696350098,0.0940585806965828,0.03491397574543953,0.03185876086354256,0.001195021322928369,0.8176131248474121
549,0.02517067641019821,0.0673719048500061,0.13245424628257751,0.07432503253221512,2.2490897178649902,2.6766028750833626,638.7643275095704,0.8517081141471863,0.10886969417333603,0.03942204639315605,0.030428357422351837,0.0015480407746508718,0.8020860552787781
550,0.025559119880199432,0.06999003142118454,0.13437308371067047,0.06134854629635811,2.2953875064849854,2.7383584312176272,660.7410235353998,0.8416838645935059,0.11709558963775635,0.04122032970190048,0.03251377120614052,0.0018399960827082396,0.7846141457557678
551,0.023287028074264526,0.07577157020568848,0.13830596208572388,0.0670972689986229,2.3289008140563965,3.2538102312064896,655.9866910098838,0.8535599112510681,0.09849138557910919,0.04794834926724434,0.03404770791530609,0.001800650847144425,0.7960319519042969
552,0.026488129049539566,0.08387301117181778,0.15310272574424744,0.08304488658905029,2.340153694152832,3.166437728077638,661.3297214881978,0.854315996170044,0.09611506760120392,0.049567848443984985,0.028069790452718735,0.0017332042334601283,0.8026747107505798
553,0.023532232269644737,0.07011017948389053,0.13484419882297516,0.08328580856323242,2.353299617767334,2.979325491842498,671.5894433115052,0.8467085361480713,0.10370543599128723,0.049585971981287,0.030833479017019272,0.001201509265229106,0.7930678129196167
554,0.027495749294757843,0.08223401755094528,0.1576283872127533,0.08189842849969864,2.3106086254119873,2.9907902005650264,662.4960077280776,0.8486692309379578,0.099576435983181,0.05175384506583214,0.030115138739347458,0.0010488579282537103,0.7973912954330444
555,0.023325854912400246,0.06967633217573166,0.13235411047935486,0.07781581580638885,2.3356759548187256,2.987085893932401,644.2729244148442,0.8529895544052124,0.10241643339395523,0.04459404945373535,0.029855690896511078,0.0010445433435961604,0.8005157113075256
556,0.024918610230088234,0.07441505044698715,0.1412515938282013,0.07558633387088776,2.3100461959838867,2.9863242675607813,633.3839437517793,0.8597718477249146,0.09740971028804779,0.042815838009119034,0.0322384387254715,0.0016989512369036674,0.8066912889480591
557,0.02490881457924843,0.06321904063224792,0.12637965381145477,0.06041470542550087,2.2423973083496094,2.53801883781245,649.2823796780981,0.8569503426551819,0.09487336128950119,0.04817614704370499,0.030021246522665024,0.0011504038702696562,0.80168217420578
558,0.023968366906046867,0.06748252362012863,0.12568245828151703,0.0675872340798378,2.2434163093566895,2.81548275198876,656.1344052879475,0.853755533695221,0.09909390658140182,0.047148339450359344,0.031045205891132355,0.0014581835130229592,0.7998087406158447
559,0.025877809152007103,0.07303746044635773,0.13710397481918335,0.065181665122509,2.263622522354126,2.8223973681276835,647.4144186991626,0.8542841076850891,0.09888894855976105,0.04682338610291481,0.03080597333610058,0.001045864075422287,0.80259108543396
560,0.02293277718126774,0.05996515974402428,0.11943209171295166,0.05550112575292587,2.319636344909668,2.6148232840456416,665.9594062510939,0.8465602397918701,0.10182441025972366,0.051615070551633835,0.031889934092760086,0.001145923975855112,0.7939745783805847
561,0.025951454415917397,0.07735205441713333,0.1447485089302063,0.08436867594718933,2.325324535369873,2.980644289697636,652.1854982194711,0.8557692766189575,0.09697263687849045,0.047256726771593094,0.031552210450172424,0.0012459284625947475,0.8006600737571716
562,0.027019686996936798,0.0786551833152771,0.15342862904071808,0.08024667203426361,2.2674405574798584,2.9110323639679154,636.0102005448588,0.8643397092819214,0.09157557785511017,0.04408463090658188,0.029463496059179306,0.0014450089074671268,0.815606951713562
563,0.02771504409611225,0.07634325325489044,0.14961311221122742,0.07541344314813614,2.2364580631256104,2.7545780907794035,618.1757349785929,0.8697385787963867,0.08760568499565125,0.042654410004615784,0.031234512105584145,0.0010309751378372312,0.8109099268913269
564,0.022938372567296028,0.06306453794240952,0.12595507502555847,0.10370304435491562,2.3286287784576416,2.74930306213499,642.4526616354051,0.8550280332565308,0.10205300897359848,0.042916592210531235,0.030826598405838013,0.0013992313761264086,0.8018516302108765
565,0.02433823235332966,0.0672692283987999,0.1344972401857376,0.10115250945091248,2.338966131210327,2.763932376824113,676.8341452215466,0.8365704417228699,0.11701963096857071,0.04640977457165718,0.031212234869599342,0.0012026597978547215,0.7800580859184265
566,0.023076733574271202,0.0653909221291542,0.12791535258293152,0.05791373923420906,2.328834295272827,2.8336298946236687,649.7468957239872,0.8507630228996277,0.10520069301128387,0.04403596743941307,0.03255143761634827,0.0010839360766112804,0.7950169444084167
567,0.02773437835276127,0.08826329559087753,0.16615280508995056,0.04824524000287056,2.36498761177063,3.1824508364690813,637.8925131271177,0.8544935584068298,0.10335393995046616,0.04215196147561073,0.02887054905295372,0.0016608892474323511,0.8060310482978821
568,0.02618284896016121,0.0833650752902031,0.1548660844564438,0.05212317407131195,2.318129539489746,3.183957384235159,628.8509601280874,0.8578495979309082,0.10273555666208267,0.03941468894481659,0.03097877837717533,0.001900881645269692,0.8023712038993835
569,0.026216857135295868,0.07148110121488571,0.13928674161434174,0.04823479801416397,2.291938543319702,2.726532049332636,639.6203196749765,0.8594645857810974,0.09689854085445404,0.04363657906651497,0.030270293354988098,0.001967521384358406,0.8064295649528503
570,0.025958918035030365,0.07354133576154709,0.13482236862182617,0.06933567672967911,2.265347480773926,2.8329892509184496,634.4225506958384,0.8626157641410828,0.09292417764663696,0.04445914924144745,0.029740016907453537,0.001745393150486052,0.8127996921539307
571,0.02479950338602066,0.06820957362651825,0.13071966171264648,0.06001411750912666,2.2175240516662598,2.7504411101319537,620.51434976371,0.8676543831825256,0.08970212191343307,0.042643189430236816,0.03119657374918461,0.002019803738221526,0.8144330978393555
572,0.024363035336136818,0.06339916586875916,0.12460299581289291,0.04371263086795807,2.2291200160980225,2.602268764603365,646.2951193574191,0.8563028573989868,0.09880606085062027,0.04489103704690933,0.029194198548793793,0.0013885492226108909,0.8033711314201355
573,0.02501090057194233,0.079550601541996,0.13831904530525208,0.06309467554092407,2.307558536529541,3.180637230954276,654.5619629015614,0.8521336317062378,0.10275693982839584,0.04510841518640518,0.029900893568992615,0.0014206953346729279,0.800023078918457
574,0.02340451069176197,0.07669927924871445,0.13361740112304688,0.08918947726488113,2.3322806358337402,3.2771152644705497,636.9914542530208,0.8610419034957886,0.09321087598800659,0.04574695602059364,0.030796129256486893,0.0008260610629804432,0.8030715584754944
575,0.026267144829034805,0.07719578593969345,0.1541881263256073,0.09648362547159195,2.2874765396118164,2.938872360859906,646.7084510319006,0.8601363301277161,0.09034107625484467,0.04952247813344002,0.03325476869940758,0.0011137959081679583,0.8052558302879333
576,0.024697070941329002,0.09207674115896225,0.16173401474952698,0.12140107899904251,2.370311975479126,3.728245401002163,664.9192786619034,0.8461421132087708,0.10744045674800873,0.04641715809702873,0.03061462938785553,0.0008587718475610018,0.7908301949501038
577,0.0282111968845129,0.102997325360775,0.17193827033042908,0.12078597396612167,2.371709108352661,3.650937809507348,659.408798843631,0.845122218132019,0.11407820135354996,0.04079892113804817,0.028190594166517258,0.001024082419462502,0.7995126247406006
578,0.025563927367329597,0.06934800744056702,0.13462945818901062,0.07167768478393555,2.2940900325775146,2.712729012306624,653.4827576002205,0.8518480658531189,0.10435845702886581,0.04379354417324066,0.031554900109767914,0.0007515792967751622,0.7977126240730286
579,0.02355307899415493,0.07033450156450272,0.13400420546531677,0.04993283376097679,2.3446438312530518,2.9862126127531408,645.6792815650533,0.8575342297554016,0.09393684566020966,0.048528317362070084,0.0314599983394146,0.001093341619707644,0.8047066330909729
580,0.025411255657672882,0.08347402513027191,0.15982156991958618,0.08137621730566025,2.3588433265686035,3.2849232738242184,609.9223542280848,0.8707100749015808,0.08836768567562103,0.040920231491327286,0.033698782324790955,0.0011407587444409728,0.812568724155426
581,0.024703197181224823,0.07981278747320175,0.14192546904087067,0.07208158820867538,2.3111281394958496,3.2308687367249376,611.8842029656266,0.8737566471099854,0.08513123542070389,0.04111192375421524,0.03272933140397072,0.0015151527477428317,0.8203249573707581
582,0.017604384571313858,0.05405145138502121,0.09788715839385986,-0.283751517534256,2.6187849044799805,3.070340298633733,1047.2309626966403,0.7125747799873352,0.18259645998477936,0.10470499843358994,0.0922188088297844,0.0016411031829193234,0.5827639102935791
583,0.017153991386294365,0.0638432502746582,0.11147162318229675,-0.2915342450141907,2.7181003093719482,3.721772317196433,1052.6008537119105,0.7134148478507996,0.18078641593456268,0.105796217918396,0.09127232432365417,0.0015888356138020754,0.5860574245452881
584,0.01767585799098015,0.0679611787199974,0.12877382338047028,-0.26063358783721924,2.903038740158081,3.844858832359516,1109.634866925794,0.6883343458175659,0.20122335851192474,0.1102772206068039,0.08836090564727783,0.0015447468031197786,0.5483651757240295
585,0.01793121173977852,0.0672357901930809,0.13196823000907898,-0.2811143398284912,3.020697593688965,3.7496512318894593,1165.3191750567776,0.6607663035392761,0.22614046931266785,0.11308202147483826,0.08334346115589142,0.0013856951845809817,0.5307919383049011
586,0.02021125704050064,0.0726943388581276,0.14498010277748108,-0.3526870310306549,2.9594602584838867,3.596725265967436,1150.5452987914553,0.6740542054176331,0.20951509475708008,0.11642610281705856,0.08433348685503006,0.0013969377614557743,0.549403727054596
587,0.017640510573983192,0.05921073630452156,0.11583536118268967,-0.34751370549201965,2.772585153579712,3.3565205526698865,1075.4353145975886,0.7031254172325134,0.18876275420188904,0.10810597985982895,0.08909954875707626,0.0017824143869802356,0.5758282542228699
588,0.018780890852212906,0.06201523169875145,0.12293937802314758,-0.28872931003570557,2.670109510421753,3.30203887469706,1067.4377102935207,0.7025265097618103,0.1900748461484909,0.10738813877105713,0.09136594086885452,0.001590656116604805,0.5748143196105957
589,0.019185742363333702,0.0709836408495903,0.12083161622285843,-0.32164978981018066,2.7286171913146973,3.6998120532228613,1021.2933597412734,0.7191838622093201,0.17894943058490753,0.10184346139431,0.09323662519454956,0.0019128917483612895,0.5781707167625427
590,0.016675470396876335,0.061018358916044235,0.10761703550815582,-0.3312007188796997,2.8534305095672607,3.6591686747148726,1048.2908774549933,0.7054476737976074,0.19476620852947235,0.09978195279836655,0.08473528176546097,0.001635480672121048,0.5809563398361206
591,0.01667666994035244,0.057477664202451706,0.10478711128234863,-0.3080972135066986,2.764578104019165,3.4465912202247737,1034.8468318798489,0.7029377222061157,0.19841521978378296,0.09863462299108505,0.08858899772167206,0.0021836813539266586,0.5584138035774231
592,0.016004439443349838,0.0565987229347229,0.09714926034212112,-0.31690722703933716,2.7762749195098877,3.5364389444270325,1076.6947581133738,0.6962396502494812,0.19380368292331696,0.10987517237663269,0.09475520998239517,0.0013220185646787286,0.5620890259742737
593,0.01840897835791111,0.06170831248164177,0.12054242193698883,-0.2512080669403076,2.751697301864624,3.3520769745362347,1146.467526307192,0.6774990558624268,0.2036895900964737,0.11878082156181335,0.0877792090177536,0.001975793857127428,0.5571756958961487
594,0.016804538667201996,0.06322547048330307,0.11607974767684937,-0.28982728719711304,2.8753271102905273,3.762404415358336,1140.038622357002,0.6812881827354431,0.19355691969394684,0.12515492737293243,0.08910223841667175,0.0012391956988722086,0.5593778491020203
595,0.018156228587031364,0.06782863289117813,0.11556392908096313,-0.31482887268066406,2.9013431072235107,3.7358327233162814,1079.769534917249,0.6996287703514099,0.18463414907455444,0.11570965498685837,0.08476202189922333,0.0020941521506756544,0.5783879160881042
596,0.017064275220036507,0.05794445425271988,0.1060810312628746,-0.26905035972595215,2.7026243209838867,3.395658678857165,1009.5325976725453,0.7114591598510742,0.1945485770702362,0.09397799521684647,0.08713945746421814,0.0013155752094462514,0.5919218063354492
597,0.01796412654221058,0.06855806708335876,0.11858263611793518,-0.30154287815093994,2.708361864089966,3.8163874496458514,1088.2631629806174,0.7052793502807617,0.17937861382961273,0.11529207229614258,0.08678306639194489,0.0014937272062525153,0.5771634578704834
598,0.016607636585831642,0.06355132162570953,0.10912114381790161,-0.28339606523513794,2.697089672088623,3.8266324828001115,1115.5938602973563,0.6960123181343079,0.1828400045633316,0.12114748358726501,0.08283375203609467,0.0016088313423097134,0.5735518932342529
599,0.017058437690138817,0.064151331782341,0.10954869538545609,-0.2860884368419647,2.7238731384277344,3.7606803708445753,1066.3469479745302,0.6925206780433655,0.20616751909255981,0.10130984336137772,0.08574330806732178,0.0017132846405729651,0.5660637617111206
600,0.019148053601384163,0.07158081978559494,0.12196798622608185,-0.4016181230545044,3.003901720046997,3.7382817738029663,1077.9857432079289,0.6881113648414612,0.21188901364803314,0.09999904781579971,0.08450693637132645,0.0012285880511626601,0.5626097321510315
601,0.016735218465328217,0.05769578740000725,0.10597485303878784,-0.41237929463386536,3.010336399078369,3.447567028544801,1115.8378283473114,0.678497850894928,0.2136264145374298,0.10786278545856476,0.08864150941371918,0.001334407483227551,0.5529278516769409
602,0.017734205350279808,0.07541415095329285,0.1281115561723709,-0.39116522669792175,2.8893723487854004,4.2524685746830215,1067.7685203353417,0.7034068703651428,0.19009055197238922,0.10648670792579651,0.09367246180772781,0.0016134270699694753,0.5740307569503784
603,0.017593657597899437,0.07400864362716675,0.12614357471466064,-0.3754579424858093,2.8487133979797363,4.206552458528938,1021.4677995541549,0.7196294665336609,0.17182333767414093,0.10854306817054749,0.0911450907588005,0.0013759987195953727,0.593476414680481
604,0.01778072491288185,0.05675309896469116,0.10789898782968521,-0.31627529859542847,2.675957679748535,3.19183268621307,1049.4327685775932,0.7032454013824463,0.18584434688091278,0.11090989410877228,0.08721915632486343,0.0016370891826227307,0.5626453161239624
605,0.01934221386909485,0.06003352254629135,0.10788977146148682,-0.31931379437446594,2.624666213989258,3.1037565270183296,1017.1718520441788,0.7107728719711304,0.19108758866786957,0.0981033518910408,0.08672835677862167,0.0016222631093114614,0.5735151171684265
606,0.018823837861418724,0.05932275205850601,0.11102596670389175,-0.31866419315338135,2.638782262802124,3.151469561738112,1014.1417067919524,0.7316374778747559,0.1580795794725418,0.11016099154949188,0.09376110136508942,0.0026987940073013306,0.5798895359039307
607,0.016904206946492195,0.05227626487612724,0.09923584759235382,-0.3150908946990967,2.675248622894287,3.0925002893367104,1036.3313506502193,0.7291092276573181,0.14991068840026855,0.12096250057220459,0.09194935113191605,0.0017921397229656577,0.5939955711364746
608,0.01887434534728527,0.06056166812777519,0.11219240725040436,-0.32121357321739197,2.6264402866363525,3.2086764870643427,1030.615578414027,0.7095237374305725,0.18555235862731934,0.10488935559988022,0.08689098805189133,0.002306053414940834,0.5823729038238525
609,0.017790701240301132,0.057208940386772156,0.1060551255941391,-0.34267592430114746,2.6180636882781982,3.215665285523515,1028.095873856757,0.7067714333534241,0.19536694884300232,0.09786024689674377,0.09286297857761383,0.001169471419416368,0.5800076723098755
610,0.01608261466026306,0.05124816671013832,0.09814846515655518,-0.3512723743915558,2.6912879943847656,3.186556899455894,1010.9304218525078,0.7096394896507263,0.20178431272506714,0.08855535089969635,0.08732672780752182,0.0019001677865162492,0.5730565786361694
611,0.018041903153061867,0.05720451846718788,0.1087966039776802,-0.28401121497154236,2.7048091888427734,3.1706476849316827,1034.8992608990156,0.7089602947235107,0.19813837110996246,0.09286826103925705,0.08572059869766235,0.0012136211153119802,0.5774000287055969
612,0.018646005541086197,0.06978747248649597,0.1207289844751358,-0.335753858089447,2.7790303230285645,3.742757253234617,1052.6257275920016,0.7076576948165894,0.18833938241004944,0.10399829596281052,0.08796901255846024,0.0012808929895982146,0.5702425241470337
613,0.018388472497463226,0.07360869646072388,0.12304513156414032,-0.4205135107040405,2.9303572177886963,4.002980479584455,1109.089649799175,0.6994442343711853,0.17999900877475739,0.1204787939786911,0.08653974533081055,0.0009148023673333228,0.5769457221031189
614,0.019076285883784294,0.07641791552305222,0.1278204321861267,-0.3966701924800873,2.9613561630249023,4.005911632096319,1120.2222066298357,0.7035290002822876,0.17091482877731323,0.12549543380737305,0.0878407284617424,0.0014259417075663805,0.5822184681892395
615,0.01903389021754265,0.06956873089075089,0.12137885391712189,-0.29967084527015686,2.725756883621216,3.6549927572334973,1135.7191121332683,0.6868199706077576,0.1919911503791809,0.12112156301736832,0.08497947454452515,0.0013929336564615369,0.5669636130332947
616,0.0199614055454731,0.06323922425508499,0.11871388554573059,-0.24026893079280853,2.517103910446167,3.1680747183786604,1127.225485628109,0.6827813982963562,0.20271508395671844,0.11436427384614944,0.08609138429164886,0.0013732874067500234,0.5647281408309937
617,0.016829736530780792,0.05607520416378975,0.11045202612876892,-0.3098060190677643,2.819570541381836,3.331912181625597,1132.534818709538,0.6796921491622925,0.20263610780239105,0.117668516933918,0.08891323208808899,0.0014688837109133601,0.5562009215354919
618,0.01954290084540844,0.06588276475667953,0.12970520555973053,-0.3406737744808197,2.914635181427002,3.3711865640861274,1128.8165381761446,0.6863570809364319,0.19426196813583374,0.11936898529529572,0.09149754792451859,0.00105315784458071,0.5594035983085632
619,0.018234221264719963,0.07108529657125473,0.11822518706321716,-0.36756622791290283,2.7883338928222656,3.898455302003707,1041.1731264185082,0.7097224593162537,0.19268381595611572,0.097568579018116,0.09283870458602905,0.001973230391740799,0.5689071416854858
620,0.0186194758862257,0.07838901877403259,0.12840551137924194,-0.39091870188713074,3.1042232513427734,4.210055065395966,1112.0152459673839,0.6860023736953735,0.2030663937330246,0.11092929542064667,0.08323732763528824,0.0017810409190133214,0.5613614916801453
621,0.017539843916893005,0.07301997393369675,0.11965325474739075,-0.36456701159477234,2.940385341644287,4.1630914320284536,1117.0776225990717,0.6887971758842468,0.19599995017051697,0.11518500000238419,0.08657389134168625,0.0017517030937597156,0.5603448748588562
622,0.01967111974954605,0.06077445298433304,0.11077222228050232,-0.3339567184448242,2.681382894515991,3.0895268675615686,1110.371716925864,0.6983527541160583,0.1853613704442978,0.11625014990568161,0.08834271132946014,0.0011807868722826242,0.573744535446167
623,0.018912561237812042,0.05923027545213699,0.11495576053857803,-0.30018770694732666,2.7708654403686523,3.1317955672014226,1104.9769355249318,0.7004425525665283,0.1781623214483261,0.12135497480630875,0.08588042855262756,0.0022656044457107782,0.5814304351806641
624,0.017581067979335785,0.05636470764875412,0.10773453116416931,-0.2947130799293518,2.725950002670288,3.2059888347964627,1038.3623190990631,0.7171123027801514,0.16770599782466888,0.11517225205898285,0.09094927459955215,0.0018384241266176105,0.5894339084625244
625,0.01697162538766861,0.053925201296806335,0.10063867270946503,-0.3197346031665802,2.673875331878662,3.1773740028937008,1075.3253731564714,0.6956732869148254,0.19796514511108398,0.10634604096412659,0.08180506527423859,0.0021397010423243046,0.5705346465110779
626,0.01743379607796669,0.05440666526556015,0.10334296524524689,-0.29863280057907104,2.6378324031829834,3.1207583832645622,1074.0444599621874,0.671303927898407,0.2398187220096588,0.08886156976222992,0.08607414364814758,0.0012556564761325717,0.5434115529060364
627,0.01804124191403389,0.06392894685268402,0.12582451105117798,-0.2539752423763275,2.764808177947998,3.543489253886208,1173.3349744574805,0.6663601994514465,0.2049717754125595,0.12866784632205963,0.08636923879384995,0.0014022900722920895,0.5336391925811768
628,0.017845667898654938,0.06462723761796951,0.12727293372154236,-0.28679749369621277,2.8325986862182617,3.6214524433248667,1163.5131358011295,0.6795349717140198,0.18605239689350128,0.13438205420970917,0.08671121299266815,0.0011996494140475988,0.5536770820617676
629,0.018024126067757607,0.06682193279266357,0.12695911526679993,-0.29233917593955994,2.788400650024414,3.7073604865919347,1121.7144128145874,0.6653217673301697,0.22591181099414825,0.10874592512845993,0.08838413655757904,0.0015634505543857813,0.5401142239570618
630,0.019677966833114624,0.071535624563694,0.13568663597106934,-0.31852421164512634,2.802208185195923,3.635315841658833,1095.27758422605,0.6747119426727295,0.22288726270198822,0.10233177244663239,0.0829516276717186,0.0015442522708326578,0.5596493482589722
631,0.019629336893558502,0.06344188749790192,0.11256317049264908,-0.36621540784835815,2.721935510635376,3.2319934106122967,1030.1081867491964,0.7067580819129944,0.20031365752220154,0.0929185003042221,0.08719580620527267,0.001546948798932135,0.5810476541519165
632,0.017584599554538727,0.058248136192560196,0.11395561695098877,-0.3284377455711365,2.8413279056549072,3.312451671622709,1067.707702538506,0.706203043460846,0.18541787564754486,0.10837147384881973,0.08802518993616104,0.0014052173355594277,0.5811165571212769
633,0.019590668380260468,0.06466949731111526,0.1266138255596161,-0.27789342403411865,2.823146343231201,3.301035781554811,1041.6710218514042,0.7183202505111694,0.1767023652791977,0.10494687408208847,0.0879526436328888,0.001533748465590179,0.5930497646331787
634,0.019666224718093872,0.06741436570882797,0.12377793341875076,-0.2883824408054352,2.805605411529541,3.4279261358879722,1117.2269023257184,0.6958142518997192,0.1843196004629135,0.11979497224092484,0.09257443249225616,0.0016688150353729725,0.5649278163909912
635,0.01880507543683052,0.06591865420341492,0.12098594009876251,-0.30995991826057434,2.860762119293213,3.505365050054792,1115.4795036017626,0.6823955774307251,0.20203495025634766,0.11555812507867813,0.09114418178796768,0.0015761681133881211,0.5532180070877075
636,0.019758932292461395,0.08293884247541428,0.13865894079208374,-0.2929176986217499,2.8587965965270996,4.197536650442409,1034.3726758565276,0.695712149143219,0.2090303748846054,0.09524167329072952,0.0908304750919342,0.0016964043024927378,0.5614290237426758
637,0.017061004415154457,0.07046698778867722,0.11754326522350311,-0.2799547016620636,2.788159132003784,4.130295384130758,1083.495018419723,0.6868657469749451,0.20890016853809357,0.10420612245798111,0.08423539251089096,0.001457279548048973,0.5702897906303406
638,0.01727066934108734,0.06482376903295517,0.1230396181344986,-0.2763742506504059,2.7801852226257324,3.7534022422040385,1122.6173938708412,0.6841493248939514,0.20229695737361908,0.11355052143335342,0.08199074119329453,0.0025051936972886324,0.5629968643188477
639,0.01672823540866375,0.06356385350227356,0.11794865876436234,-0.3220982849597931,2.8965401649475098,3.7997942966269656,1101.311332835498,0.6933977603912354,0.19638000428676605,0.11021508276462555,0.08866158127784729,0.0016924036899581552,0.5644200444221497
640,0.01650889404118061,0.06851006299257278,0.11396095156669617,-0.36197301745414734,2.8898651599884033,4.1498881038019855,1056.827591941623,0.7074669003486633,0.19244737923145294,0.10002494603395462,0.08180062472820282,0.0023524360731244087,0.5680212378501892
641,0.019102059304714203,0.07747951149940491,0.1289290487766266,-0.3004262447357178,2.821866750717163,4.056081611903887,1105.52125185088,0.6784725189208984,0.21915052831172943,0.10236804932355881,0.08363131433725357,0.0013251295313239098,0.54764324426651
642,0.01704641617834568,0.05444587394595146,0.10053825378417969,-0.2816069424152374,2.7784066200256348,3.1939777471771986,1106.1452012232135,0.670661449432373,0.22797366976737976,0.10135055333375931,0.08642426878213882,0.0014381505316123366,0.5426976084709167
643,0.01693897321820259,0.05723953992128372,0.1044456958770752,-0.3605269193649292,2.80362868309021,3.379162312884175,1068.1264071363096,0.7032959461212158,0.18733207881450653,0.10936269909143448,0.0880747139453888,0.0011827434645965695,0.5745371580123901
644,0.017577284947037697,0.05893491953611374,0.10430913418531418,-0.3101006746292114,2.647580862045288,3.3529023231027018,1102.1197661370888,0.6914007663726807,0.19322484731674194,0.11529259383678436,0.0885329470038414,0.0014690561220049858,0.5694799423217773
645,0.019580047577619553,0.06960433721542358,0.11750367283821106,-0.24410505592823029,2.6242501735687256,3.554860473956565,1115.2363242678898,0.6763965487480164,0.2161313146352768,0.10742948204278946,0.08697931468486786,0.0010828266385942698,0.5543831586837769
646,0.01829724945127964,0.06511606276035309,0.11459866911172867,-0.25358739495277405,2.5979254245758057,3.5587896929634053,1093.7964081969983,0.6851840615272522,0.20179779827594757,0.11279680579900742,0.09001976996660233,0.0014013310428708792,0.5455257892608643
647,0.017983054742217064,0.06022685766220093,0.10812490433454514,-0.30233335494995117,2.6052746772766113,3.349089380096426,1023.4304471229124,0.7073209881782532,0.19351352751255035,0.09916315227746964,0.08593736588954926,0.0017189173959195614,0.5770937204360962
648,0.020129412412643433,0.06725332885980606,0.13199138641357422,-0.28745347261428833,2.7011210918426514,3.3410477900598186,1043.3606901589224,0.7103666663169861,0.1907089203596115,0.09891663491725922,0.08459126949310303,0.0013902373611927032,0.5774014592170715
649,0.017063142731785774,0.05701185762882233,0.11219573020935059,-0.26993444561958313,2.7144827842712402,3.3412284314587355,1105.196212204382,0.6807898879051208,0.21731288731098175,0.10186952352523804,0.08826398849487305,0.001919214497320354,0.5496035218238831
650,0.017381718382239342,0.05980731174349785,0.11556558310985565,-0.2505796551704407,2.80898118019104,3.4408169793596595,1159.9017438426413,0.6604053378105164,0.22924727201461792,0.1103387176990509,0.08140122145414352,0.0016328932251781225,0.5488721132278442
651,0.018007174134254456,0.06213713809847832,0.12339721620082855,-0.29345589876174927,2.8054511547088623,3.450687910926912,1125.408420456327,0.6756700277328491,0.2123488485813141,0.1119600459933281,0.085721455514431,0.0016299685230478644,0.5559044480323792
652,0.016855433583259583,0.06041690707206726,0.11880095303058624,-0.30483853816986084,2.840416193008423,3.5844172604665294,1152.4672617815102,0.6574433445930481,0.23029276728630066,0.11224745959043503,0.0859304890036583,0.0012973092962056398,0.5418519377708435
653,0.019919555634260178,0.07059131562709808,0.13329407572746277,-0.20759108662605286,2.7714474201202393,3.5438197979749293,1186.8182433183752,0.6451597809791565,0.23332515358924866,0.12151497602462769,0.08339377492666245,0.0021377590019255877,0.527846097946167
654,0.01893542893230915,0.06387276947498322,0.11855871975421906,-0.23856975138187408,2.64091157913208,3.3731884131035015,1153.8043821685585,0.664563000202179,0.21484050154685974,0.12056968361139297,0.08421548455953598,0.0016091238940134645,0.5444973707199097
655,0.0184928048402071,0.06262142956256866,0.1162487268447876,-0.31110525131225586,2.8025949001312256,3.3862591478297954,1153.6327277410242,0.6697021722793579,0.20397020876407623,0.12629222869873047,0.07929150015115738,0.0024977587163448334,0.5430871844291687
656,0.017836183309555054,0.06027586758136749,0.10812258720397949,-0.31548458337783813,2.7583460807800293,3.3794151210420442,1097.8654906629008,0.6863212585449219,0.20134302973747253,0.11223503202199936,0.08973238617181778,0.0016428823582828045,0.5587655901908875
657,0.017098555341362953,0.0543452650308609,0.10170742869377136,-0.26007431745529175,2.681675910949707,3.178354190907371,1095.9034905816018,0.6793816685676575,0.21782128512859344,0.10279616713523865,0.08529648929834366,0.0016013215063139796,0.5568615794181824
658,0.019421445205807686,0.06103561446070671,0.114301398396492,-0.29304951429367065,2.712005138397217,3.1426916900763007,1106.2242387995802,0.6672270894050598,0.22818128764629364,0.1045820489525795,0.08049508184194565,0.0012179617770016193,0.5558609962463379
659,0.01899431273341179,0.08624238520860672,0.13772697746753693,-0.3553846478462219,2.9482500553131104,4.540431992170074,1156.7772390974571,0.6596770882606506,0.2197592556476593,0.12028088420629501,0.08739818632602692,0.0013702475698664784,0.5386521816253662
660,0.01884814351797104,0.08553680777549744,0.1418515145778656,-0.32121720910072327,3.0824155807495117,4.538208640516925,1129.2020253905243,0.6734633445739746,0.21049393713474274,0.11601848900318146,0.0867931991815567,0.0010214938083663583,0.5448167324066162
661,0.01781303621828556,0.07010280340909958,0.12317650020122528,-0.26119759678840637,2.796565055847168,3.935477509061689,1111.366919407647,0.6801231503486633,0.20597301423549652,0.11386757344007492,0.08467425405979156,0.0013853944838047028,0.5494880080223083
662,0.016658790409564972,0.05976901948451996,0.10617821663618088,-0.25638607144355774,2.7997398376464844,3.5878366923095792,1100.7243304118606,0.6772844791412354,0.21434563398361206,0.10836976766586304,0.08474408090114594,0.0013919896446168423,0.5503609776496887
663,0.018011227250099182,0.06424998492002487,0.1125093325972557,-0.2792402505874634,2.8376855850219727,3.567218603391052,1070.2324866222289,0.6753915548324585,0.23101750016212463,0.09357914328575134,0.08421173691749573,0.0014807271072641015,0.547215461730957
664,0.02005176432430744,0.06846344470977783,0.1281169354915619,-0.27625495195388794,2.669990301132202,3.414335197595044,1111.3656450853562,0.6720013618469238,0.22536395490169525,0.10262911021709442,0.08418276906013489,0.0015843614237383008,0.5507367253303528
665,0.017216751351952553,0.0636603981256485,0.11773931980133057,-0.18844503164291382,2.6490728855133057,3.6975848010217787,1077.685809365941,0.6885847449302673,0.2128685563802719,0.09854093939065933,0.0856701135635376,0.0014428100548684597,0.5704557299613953
666,0.016712583601474762,0.0619959682226181,0.1168912947177887,-0.17867526412010193,2.703718662261963,3.709538255559594,1109.5591054893969,0.6839166879653931,0.20182158052921295,0.11414211243391037,0.0888538584113121,0.002614769386127591,0.5533536076545715
667,0.01723407581448555,0.0572228766977787,0.11090512573719025,-0.23817506432533264,2.688960552215576,3.3203333506495034,1126.1058594130877,0.6747944355010986,0.20861659944057465,0.11657167226076126,0.08536534011363983,0.0017195456894114614,0.5500965118408203
668,0.017168927937746048,0.05635366961359978,0.10504214465618134,-0.28698986768722534,2.7015035152435303,3.2823056753836917,1067.3439209925318,0.6894954442977905,0.21558700501918793,0.09485404193401337,0.083907350897789,0.002032746560871601,0.5558288097381592
669,0.019579533487558365,0.06150142103433609,0.11730533838272095,-0.326531320810318,2.669797897338867,3.141107579007207,1091.7020849498388,0.6857811212539673,0.2116890400648117,0.10252603143453598,0.08798551559448242,0.0015381372068077326,0.5622696876525879
670,0.019248569384217262,0.0631726086139679,0.11201615631580353,-0.2867690324783325,2.5928640365600586,3.2819378598850015,1108.54900075334,0.6770835518836975,0.2143029272556305,0.10860875993967056,0.08473262935876846,0.0022652563638985157,0.5562157034873962
671,0.016522720456123352,0.05446241796016693,0.09653043746948242,-0.29593589901924133,2.582361936569214,3.2962137259113917,1050.7337648928972,0.6989014744758606,0.20182837545871735,0.09926407039165497,0.08752981573343277,0.0012815830996260047,0.5812187194824219
672,0.017689671367406845,0.06379497051239014,0.12041264027357101,-0.2899671494960785,2.7063019275665283,3.606340060467477,1040.2366739838621,0.6998594403266907,0.2055978924036026,0.0945265144109726,0.08515714854001999,0.001813329174183309,0.5810884833335876
673,0.02007531002163887,0.0717926174402237,0.13591545820236206,-0.28187835216522217,2.776287078857422,3.576164819335959,1134.635786988211,0.6829108595848083,0.19658204913139343,0.12050532549619675,0.08338333666324615,0.0014635551488026977,0.5651440620422363
674,0.01645394042134285,0.055383242666721344,0.10591517388820648,-0.3296758532524109,2.7580137252807617,3.3659561931752404,1094.7952179713964,0.6983532309532166,0.1820693165063858,0.11955481022596359,0.08642363548278809,0.002032298594713211,0.5761464238166809
675,0.016540003940463066,0.05627041310071945,0.10740773379802704,-0.2723832428455353,2.763561964035034,3.4020797878807514,1060.6040213904894,0.7019025087356567,0.1881929486989975,0.10988952964544296,0.08861127495765686,0.0012480661971494555,0.5755842328071594
676,0.016359945759177208,0.055944785475730896,0.10567164421081543,-0.2588072121143341,2.859823226928711,3.4196192515448116,1157.903073639922,0.6682637333869934,0.2123107761144638,0.11941966414451599,0.08766983449459076,0.000963078869972378,0.5356891751289368
677,0.017039280384778976,0.05806509777903557,0.10460357367992401,-0.3217451274394989,2.894141674041748,3.4077200717641127,1174.4642293383324,0.6631856560707092,0.2198527604341507,0.11695968359708786,0.08379635959863663,0.0010403036139905453,0.544535756111145
678,0.01719285175204277,0.059734977781772614,0.10757248103618622,-0.3510552644729614,2.715810775756836,3.474407773637715,1068.1312391350975,0.7030118107795715,0.18687105178833008,0.11011708527803421,0.08822056651115417,0.0012086165370419621,0.5816897749900818
679,0.018510745838284492,0.06226218491792679,0.12401241064071655,-0.34656572341918945,2.6515557765960693,3.3635697588041356,1008.9941202748344,0.7194381356239319,0.17406097054481506,0.10638625919818878,0.09296128153800964,0.002028117887675762,0.5907579660415649
680,0.019440416246652603,0.06372489780187607,0.12683910131454468,-0.3018606901168823,2.6848063468933105,3.2779595349235766,1103.5084919014605,0.6900174617767334,0.18831582367420197,0.12166669219732285,0.08950617164373398,0.001575691974721849,0.5647562742233276
681,0.017460627481341362,0.05983724445104599,0.10684405267238617,-0.27437499165534973,2.6559503078460693,3.4269813333777277,1077.4466856618487,0.6986948251724243,0.1850845366716385,0.11607304960489273,0.08912064135074615,0.0018239073688164353,0.5615392327308655
682,0.017873188480734825,0.061861541122198105,0.11183390021324158,-0.28567737340927124,2.680133819580078,3.4611362816106577,1053.5783587815097,0.7175037860870361,0.16864532232284546,0.11378737539052963,0.08441135287284851,0.0014565406600013375,0.5917376279830933
683,0.02024620585143566,0.06865561753511429,0.13139748573303223,-0.27282559871673584,2.700719118118286,3.3910362284919118,1113.2761485423969,0.6926913857460022,0.19158603250980377,0.11564264446496964,0.08281472325325012,0.0021193325519561768,0.5639841556549072
684,0.017311356961727142,0.058000318706035614,0.11275573074817657,-0.257262647151947,2.731687068939209,3.350420121941645,1106.293442211167,0.6798807978630066,0.21293719112873077,0.10717596113681793,0.08692234754562378,0.0015492694219574332,0.5552670955657959
685,0.017998769879341125,0.055401772260665894,0.10645762830972672,-0.25445201992988586,2.6322109699249268,3.078086593083098,1072.3254396032278,0.6946134567260742,0.20022885501384735,0.10515276342630386,0.08709471672773361,0.002415071940049529,0.5673419833183289
686,0.016450926661491394,0.052944865077733994,0.09648316353559494,-0.2871584892272949,2.6490700244903564,3.218351535080992,1053.9932916057485,0.7007994055747986,0.19923268258571625,0.09996238350868225,0.09058728814125061,0.0011433156905695796,0.5775716304779053
687,0.0165112242102623,0.0531671978533268,0.09694544225931168,-0.3498198091983795,2.721581220626831,3.220063950016588,1078.234690715711,0.6990829110145569,0.1944037228822708,0.1065133735537529,0.08856068551540375,0.0017536235973238945,0.5716392993927002
688,0.017002541571855545,0.054141487926244736,0.09601210057735443,-0.31960034370422363,2.6795735359191895,3.184317338337305,1110.9263795961356,0.6966283321380615,0.18350614607334137,0.1198543906211853,0.0892907902598381,0.0017345817759633064,0.5705711841583252
689,0.01829456351697445,0.05602683499455452,0.10470592975616455,-0.25603392720222473,2.6443839073181152,3.0624854722282953,1171.5412047017044,0.680873692035675,0.18452633917331696,0.13459165394306183,0.08656151592731476,0.0016113290330395103,0.5542532801628113
690,0.018935175612568855,0.05791602283716202,0.10810454189777374,-0.2866987884044647,2.658963918685913,3.0586472509745133,1093.060283124478,0.6999897956848145,0.1869172751903534,0.11308804899454117,0.08514708280563354,0.001444782130420208,0.5786277055740356
691,0.017099924385547638,0.06042858958244324,0.1146213561296463,-0.3110278844833374,2.7821977138519287,3.5338512742186095,1063.0662738515389,0.7030564546585083,0.19137975573539734,0.1055578663945198,0.08615703880786896,0.0012018214911222458,0.5801876187324524
692,0.017268599942326546,0.06098669767379761,0.1155233308672905,-0.3274594247341156,2.860259532928467,3.5316527034008875,1108.714486363605,0.6930493116378784,0.183847114443779,0.12307219952344894,0.08478234708309174,0.0013144583208486438,0.5763624906539917
693,0.01941394805908203,0.06277795881032944,0.12181980907917023,-0.30241337418556213,2.83492112159729,3.2336523522183658,1104.954955596645,0.6870469450950623,0.19557231664657593,0.11733406037092209,0.08826601505279541,0.0013754211831837893,0.5629822015762329
694,0.0187093336135149,0.060196951031684875,0.11460209637880325,-0.2836005389690399,2.7238266468048096,3.217482368532006,1112.5960070323488,0.6811415553092957,0.20609290897846222,0.11276422441005707,0.08820445835590363,0.0013202171539887786,0.5580841898918152
695,0.01742071658372879,0.0524594783782959,0.09777993708848953,-0.32712244987487793,2.6141111850738525,3.0113272392183057,1027.726992726206,0.717191755771637,0.1809394657611847,0.10186634212732315,0.09007769823074341,0.0011707396479323506,0.5866380929946899
696,0.017565008252859116,0.06457637250423431,0.12227104604244232,-0.31211501359939575,2.7408478260040283,3.67642141529006,1037.4159256258306,0.716297447681427,0.17268753051757812,0.11099553108215332,0.09110930562019348,0.002037343569099903,0.575442910194397
697,0.019606593996286392,0.07182850688695908,0.13594184815883636,-0.33777767419815063,2.777571201324463,3.663487237859893,1064.533850678082,0.697733461856842,0.18892233073711395,0.11334330588579178,0.086433045566082,0.002034957753494382,0.569541335105896
698,0.01721161976456642,0.05708857625722885,0.10177373886108398,-0.2919231355190277,2.6435024738311768,3.316862505377925,1042.016552316742,0.7032375335693359,0.19566753506660461,0.10108154267072678,0.08967089653015137,0.002435225062072277,0.5658509731292725
699,0.019537823274731636,0.06500964611768723,0.11685863882303238,-0.22094497084617615,2.5694663524627686,3.3273740477751765,1028.375056041963,0.711554229259491,0.19200077652931213,0.09635066986083984,0.0882578194141388,0.001602155389264226,0.5877158641815186
700,0.018484435975551605,0.06200658902525902,0.11501385271549225,-0.28897127509117126,2.72031831741333,3.35452967588069,1087.3753291156422,0.698654294013977,0.18733520805835724,0.11393606662750244,0.08535084873437881,0.0023687458597123623,0.5742900371551514
701,0.017287854105234146,0.06769318133592606,0.11699296534061432,-0.3446711599826813,2.791800022125244,3.9156497341977987,1121.6546129802512,0.6919623017311096,0.18275035917758942,0.1252867728471756,0.08945157378911972,0.0015142465708777308,0.5693369507789612
702,0.01630673184990883,0.06423066556453705,0.10664108395576477,-0.3430668115615845,2.664120674133301,3.9389048738762,1038.5656932141394,0.7163726091384888,0.17977622151374817,0.10383617877960205,0.08663386851549149,0.001597144058905542,0.5837164521217346
703,0.01878342218697071,0.06724457442760468,0.12518037855625153,-0.341628760099411,2.763975143432617,3.5799959003567245,1040.1315545578514,0.7178501486778259,0.17696188390254974,0.10514084994792938,0.09129830449819565,0.0009495168342255056,0.5776141881942749
704,0.01630508154630661,0.05817519873380661,0.10838079452514648,-0.35575810074806213,2.8113744258880615,3.5679182937552625,1059.7070854508731,0.7017761468887329,0.19224612414836884,0.1058817058801651,0.09127839654684067,0.001473772805184126,0.5638110041618347
705,0.019569145515561104,0.05920059233903885,0.11774560809135437,-0.2888244688510895,2.771165370941162,3.025200680782827,1119.9365840696855,0.6784515976905823,0.2101386934518814,0.11140371859073639,0.08508361130952835,0.0013686311431229115,0.5587213039398193
706,0.018851013854146004,0.05925062671303749,0.11598578840494156,-0.24010060727596283,2.639298439025879,3.1431002686819993,1121.9970443022269,0.6784220933914185,0.21280235052108765,0.10874772071838379,0.08692057430744171,0.0015848770271986723,0.5642709136009216
707,0.017190616577863693,0.05546954646706581,0.09650152176618576,-0.3127046227455139,2.569059371948242,3.2267339692322063,1035.1195403586144,0.711035966873169,0.188004732131958,0.10095928609371185,0.09016228467226028,0.0014635351253673434,0.5908135175704956
708,0.01845708303153515,0.06751635670661926,0.13140815496444702,-0.30020201206207275,2.797201633453369,3.658018798940498,1104.1085926220603,0.6943824291229248,0.19183319807052612,0.11368180811405182,0.08626677840948105,0.0012986123329028487,0.5736806988716125
709,0.02007286809384823,0.07571238279342651,0.14440718293190002,-0.2930029332637787,2.9164555072784424,3.771876666337401,1139.881118827253,0.6773558855056763,0.20698584616184235,0.11559897661209106,0.08409658074378967,0.0011635101400315762,0.5601683259010315
710,0.01765507459640503,0.06759137660264969,0.11646722257137299,-0.3424009680747986,2.9649899005889893,3.828439026396659,1137.5318320112303,0.6743624210357666,0.21146072447299957,0.11416766047477722,0.08728881925344467,0.0009232763550244272,0.5507888793945312
711,0.019565152004361153,0.0729113295674324,0.12574221193790436,-0.3376294672489166,2.7962090969085693,3.7265915208557328,1045.7731690058768,0.7055538892745972,0.19483529031276703,0.09957972168922424,0.09274246543645859,0.0018277982017025352,0.5718244910240173
712,0.01598772034049034,0.062295686453580856,0.10744266211986542,-0.2966609597206116,2.732774019241333,3.8964708615721126,1039.8781833236076,0.725802481174469,0.16523945331573486,0.10894712060689926,0.09285279363393784,0.00159328687004745,0.591926097869873
713,0.016225501894950867,0.0622059591114521,0.10744147002696991,-0.29745128750801086,2.81296968460083,3.8338388242385175,1141.022619207624,0.6869797706604004,0.184260755777359,0.12875933945178986,0.09249613434076309,0.0025162422098219395,0.555228590965271
714,0.018725113943219185,0.06826495379209518,0.11696873605251312,-0.3116990625858307,2.7446823120117188,3.6456362292615014,1113.6351796981614,0.67768794298172,0.20591183006763458,0.11640001833438873,0.08784846216440201,0.0017992432694882154,0.5594499707221985
715,0.019269227981567383,0.06454157084226608,0.11646035313606262,-0.27991607785224915,2.6955502033233643,3.349463242671476,1100.3423846375636,0.6830307841300964,0.2084851861000061,0.10844514518976212,0.08385172486305237,0.0025974439922720194,0.5671615600585938
716,0.01713392324745655,0.05793582648038864,0.10616650432348251,-0.2955559194087982,2.7099390029907227,3.3813520488138984,1065.580228270596,0.6990404725074768,0.19882769882678986,0.10210363566875458,0.08998500555753708,0.001498550409451127,0.5734533667564392
717,0.017958249896764755,0.060433052480220795,0.11200794577598572,-0.292050838470459,2.7504940032958984,3.3651972115469246,1033.7546380536457,0.7119439244270325,0.18933367729187012,0.09869632869958878,0.08560559153556824,0.002035227371379733,0.5692203640937805
718,0.017285604029893875,0.05520259961485863,0.10516087710857391,-0.23681849241256714,2.673435688018799,3.1935591904221114,1068.9373208752893,0.6978639364242554,0.19351235032081604,0.10862359404563904,0.0904281809926033,0.001132794190198183,0.5639376640319824
719,0.01753378100693226,0.06135808676481247,0.11757561564445496,-0.23511667549610138,2.8098411560058594,3.4994213020599583,1131.3802392356583,0.6780350208282471,0.20154094696044922,0.12035965174436569,0.08994925022125244,0.0012595021398738027,0.5484653115272522
720,0.019493458792567253,0.07373864948749542,0.1414777785539627,-0.2598273456096649,2.891583204269409,3.782738110685048,1114.829083948899,0.685484766960144,0.19344252347946167,0.12094037979841232,0.08586657047271729,0.0013904168736189604,0.5602332949638367
721,0.018624814227223396,0.07040403038263321,0.12461508810520172,-0.237998366355896,2.7781522274017334,3.780119872333835,1073.731073226546,0.6959854364395142,0.19211560487747192,0.11179238557815552,0.08731924742460251,0.0018028459744527936,0.5725774168968201
722,0.016905810683965683,0.055674586445093155,0.1044539213180542,-0.2325468510389328,2.7188591957092285,3.2932219272160963,1096.563102146993,0.6934219598770142,0.195059135556221,0.1115148738026619,0.08460994064807892,0.0014617589768022299,0.5749449729919434
723,0.019240491092205048,0.06579462438821793,0.11839381605386734,-0.30870935320854187,2.746551036834717,3.4195917385629464,1109.7494777184936,0.6874856352806091,0.19947315752506256,0.11302600800991058,0.08678865432739258,0.001018629176542163,0.5625003576278687
724,0.017551183700561523,0.06124191731214523,0.10866793990135193,-0.3523235023021698,2.769881248474121,3.4893325916642626,1040.1214217949127,0.710729718208313,0.18353982269763947,0.10572414100170135,0.08890466392040253,0.0010131228482350707,0.5839508771896362
725,0.01637793704867363,0.05576295033097267,0.10817666351795197,-0.3325510323047638,2.805427312850952,3.4047603285960784,1069.7279747299642,0.7017927169799805,0.18801656365394592,0.11019071191549301,0.0895410031080246,0.0013073892332613468,0.5729719400405884
726,0.01983519457280636,0.0656212791800499,0.1276954859495163,-0.33188527822494507,2.865417957305908,3.3083254583601107,1140.3731845450363,0.674056887626648,0.20854805409908295,0.11737985163927078,0.08707591146230698,0.0017984857549890876,0.5467320680618286
727,0.016585422679781914,0.05542466789484024,0.10623063892126083,-0.2864139974117279,2.7707674503326416,3.341769996556233,1087.3814192300815,0.686987042427063,0.21147896349430084,0.10152962058782578,0.08549407869577408,0.0013848076341673732,0.569615364074707
728,0.01689004898071289,0.06996217370033264,0.12764182686805725,-0.29595428705215454,2.8020081520080566,4.142212599624888,1086.8785287135522,0.6975778937339783,0.19590269029140472,0.10633096098899841,0.09523353725671768,0.002774238819256425,0.5638632774353027
729,0.018081242218613625,0.07390709221363068,0.12844456732273102,-0.26228293776512146,2.8405418395996094,4.087500809731976,1144.655710370183,0.6860483884811401,0.1926567256450653,0.12126003950834274,0.08969436585903168,0.001714759855531156,0.5643702149391174
730,0.017599478363990784,0.055135734379291534,0.10826310515403748,-0.2293778657913208,2.719998359680176,3.13280503182234,1159.1207609101884,0.6803115606307983,0.19334864616394043,0.12632903456687927,0.08587948232889175,0.002061063889414072,0.5610159635543823
731,0.016680587083101273,0.056908298283815384,0.10343217849731445,-0.3122205138206482,2.7316384315490723,3.4116484028344694,1062.6981302996485,0.7161880135536194,0.1697598397731781,0.1139533519744873,0.09255269169807434,0.001587555045261979,0.5850229859352112
732,0.016447605565190315,0.05483439937233925,0.10466936230659485,-0.2613067328929901,2.6807312965393066,3.3338834124923813,1053.6223698446217,0.7028998732566833,0.19843298196792603,0.09860555827617645,0.08386145532131195,0.002280713524669409,0.5642722845077515
733,0.018271878361701965,0.05866502597928047,0.11457255482673645,-0.28274086117744446,2.6840500831604004,3.210672970493951,1092.3288935534497,0.6941844820976257,0.20201116800308228,0.10379396378993988,0.08730952441692352,0.0011706979712471366,0.5616911053657532
734,0.017670538276433945,0.05732584372162819,0.10760270804166794,-0.3268849551677704,2.6616883277893066,3.244148130724225,1068.6052920154661,0.7032566666603088,0.19322702288627625,0.10350728034973145,0.08955502510070801,0.0017055394127964973,0.5781853795051575
735,0.018409406766295433,0.06639871746301651,0.1192513257265091,-0.3084007501602173,2.6799817085266113,3.606782027380413,1104.234311723409,0.6934492588043213,0.19404993951320648,0.11249728500843048,0.08854697644710541,0.0014086172450333834,0.5698697566986084
736,0.01741514727473259,0.06349565833806992,0.11575041711330414,-0.30145278573036194,2.7637856006622314,3.64600180134847,1038.1922477549576,0.72034752368927,0.17115937173366547,0.1084866002202034,0.09294244647026062,0.0016390768578276038,0.5918039679527283
737,0.016857517883181572,0.0635601058602333,0.11899042129516602,-0.28430184721946716,2.9798471927642822,3.770430872262375,1118.9255493040378,0.6986585259437561,0.17522172629833221,0.12610752880573273,0.08952654153108597,0.0013981928350403905,0.5765378475189209
738,0.019365249201655388,0.07168412953615189,0.13429978489875793,-0.3097440004348755,2.9273107051849365,3.7016889783335434,1120.440699899832,0.6972205638885498,0.17663982510566711,0.12613257765769958,0.08824428915977478,0.0017699592281132936,0.5676347613334656
739,0.018727796152234077,0.05842522904276848,0.114940345287323,-0.29463815689086914,2.76582670211792,3.119706588256468,1104.5895462808544,0.700423002243042,0.176073357462883,0.12350355833768845,0.08575942367315292,0.001275119255296886,0.5705320835113525
740,0.01707260124385357,0.052581336349248886,0.1033717542886734,-0.2192610204219818,2.609205961227417,3.0798667171529712,1110.7224625633305,0.6936191320419312,0.1846313178539276,0.12172865122556686,0.08331502228975296,0.0011028462322428823,0.5657044053077698
741,0.01753435656428337,0.05118994042277336,0.09437856078147888,-0.2268788367509842,2.4738082885742188,2.9194079766876286,989.5907084915481,0.7150082588195801,0.19500192999839783,0.0899791270494461,0.08933534473180771,0.0015368948224931955,0.5867263674736023
742,0.018736690282821655,0.06390777975320816,0.11933965981006622,-0.2952764332294464,2.766896963119507,3.410836107398853,1070.3482448429784,0.6961241364479065,0.194076269865036,0.10979872941970825,0.09003268927335739,0.0012750057503581047,0.5750598907470703
743,0.01832743175327778,0.061945974826812744,0.11689236760139465,-0.32576054334640503,2.757599353790283,3.3799593776882584,1049.6229146412256,0.7120030522346497,0.17774759232997894,0.11024564504623413,0.09321258217096329,0.0020064234267920256,0.5813460946083069
744,0.018014270812273026,0.0608380101621151,0.11518336087465286,-0.28680849075317383,2.670383930206299,3.377211922299363,1036.6213567687644,0.7153595685958862,0.18817439675331116,0.09646400809288025,0.09058690816164017,0.0011217646533623338,0.5901796221733093
745,0.019425952807068825,0.06551367044448853,0.12980535626411438,-0.2494620531797409,2.722379684448242,3.372481704849842,1047.5644163072554,0.700242817401886,0.20704038441181183,0.09270785748958588,0.08915530145168304,0.0016432406846433878,0.5682379603385925
746,0.016427863389253616,0.05362160503864288,0.09686273336410522,-0.27530229091644287,2.7140567302703857,3.2640644595605606,1113.2665475991141,0.6765720844268799,0.21254567801952362,0.11086488515138626,0.09042764455080032,0.0013589704176411033,0.5514031648635864
747,0.01919514499604702,0.05896269902586937,0.11030103266239166,-0.3020271360874176,2.716747999191284,3.0717506450167575,1124.590302582742,0.6756469011306763,0.20641380548477173,0.11791395395994186,0.08399786055088043,0.0020509164314717054,0.5520665645599365
748,0.017329644411802292,0.05379875749349594,0.1005256175994873,-0.32959505915641785,2.6847362518310547,3.1044351639293915,1057.653480862047,0.7028806209564209,0.18840596079826355,0.10870301723480225,0.08793006837368011,0.001347109442576766,0.5789523124694824
749,0.017670748755335808,0.054207202047109604,0.09653319418430328,-0.31556472182273865,2.6609950065612793,3.0676233811356597,1095.9972397355832,0.6982586979866028,0.1843949854373932,0.1173434928059578,0.08876228332519531,0.001548629836179316,0.5755000710487366
750,0.018962180241942406,0.06472580134868622,0.11544954776763916,-0.3294954299926758,2.7517600059509277,3.413415573495391,1101.314657656211,0.6879974603652954,0.19563916325569153,0.11624947190284729,0.08521702885627747,0.0008835492189973593,0.5706675052642822
751,0.017712533473968506,0.06098318472504616,0.10872560739517212,-0.35161954164505005,2.8129870891571045,3.4429397020605825,1117.6247816094474,0.6732322573661804,0.20719119906425476,0.11947204917669296,0.0887390524148941,0.0013898018514737487,0.55043625831604
752,0.016915328800678253,0.05339289829134941,0.09860965609550476,-0.29978710412979126,2.6892542839050293,3.1564800730360054,1046.7575904719522,0.6928942799568176,0.20099957287311554,0.10609979927539825,0.09126634895801544,0.0013879189500585198,0.5659601092338562
753,0.018388599157333374,0.05665639042854309,0.10719999670982361,-0.26625531911849976,2.6429343223571777,3.0810607127116296,1026.8491431983289,0.7136354446411133,0.1830325424671173,0.10333184897899628,0.08963192254304886,0.0014494890347123146,0.5762489438056946
754,0.018133090808987617,0.05597590282559395,0.10564850270748138,-0.3075332045555115,2.6498773097991943,3.0869476920483243,1018.2030446617384,0.7270830869674683,0.16674330830574036,0.10617245733737946,0.08969087153673172,0.0014320090413093567,0.5901660919189453
755,0.016775241121649742,0.06173821911215782,0.10376465320587158,-0.3260888457298279,2.6811933517456055,3.6803178363141127,1027.7129140868103,0.719775378704071,0.1745133250951767,0.10566508024930954,0.08982086926698685,0.0014907647855579853,0.587152361869812
756,0.01843990944325924,0.06883108615875244,0.11719630658626556,-0.3641030788421631,2.762659788131714,3.732723653921257,1058.6875553271707,0.7120407819747925,0.1721944808959961,0.11571268737316132,0.09350059926509857,0.0020924562122672796,0.5810449719429016
757,0.016125692054629326,0.05620383471250534,0.10246564447879791,-0.3651234805583954,2.751278877258301,3.485359544174423,1075.8908134897881,0.696646511554718,0.19030910730361938,0.11301897466182709,0.08963775634765625,0.0017628308851271868,0.5715509057044983
758,0.019613001495599747,0.06112368777394295,0.11509034037590027,-0.2711181342601776,2.6511809825897217,3.116488202203003,1124.5453081473636,0.6709528565406799,0.213871031999588,0.11517523974180222,0.08697086572647095,0.002317628590390086,0.5430022478103638
759,0.017851708456873894,0.060783494263887405,0.1052355021238327,-0.2715429961681366,2.6467127799987793,3.4049118832140404,1057.1569956719293,0.700094997882843,0.19608931243419647,0.10380926728248596,0.0858810767531395,0.0015718494541943073,0.5756902694702148
760,0.018322039395570755,0.06407983601093292,0.11289294064044952,-0.30480343103408813,2.688415288925171,3.4974183072069165,1056.1101591748063,0.7171173691749573,0.17635929584503174,0.1065230593085289,0.0900166928768158,0.0019293593941256404,0.5824325084686279
761,0.017260447144508362,0.0531960166990757,0.09954097121953964,-0.31393805146217346,2.708024740219116,3.081960522263686,1084.9787508642416,0.7059330940246582,0.17886173725128174,0.115200936794281,0.09612946957349777,0.0015790928155183792,0.571016252040863
762,0.018367821350693703,0.0614122599363327,0.11937150359153748,-0.3592749834060669,2.7348690032958984,3.3434700153303627,1055.285634188247,0.695513129234314,0.20067158341407776,0.10381308943033218,0.08755745738744736,0.0019133798778057098,0.5659410357475281
763,0.017460282891988754,0.05810296908020973,0.1139533668756485,-0.24078868329524994,2.843449831008911,3.3277220899749116,1177.999986772473,0.6356193423271179,0.2573998272418976,0.1069299504160881,0.08139370381832123,0.0014947035815566778,0.5179058313369751
764,0.017754973843693733,0.05913909524679184,0.11598047614097595,-0.16322393715381622,2.774779796600342,3.33084665537067,1224.8076865326914,0.6270544528961182,0.2546628713607788,0.11817122250795364,0.07970856130123138,0.0014602437149733305,0.5076508522033691
765,0.0191335491836071,0.06420993059873581,0.12082359194755554,-0.22918401658535004,2.667066812515259,3.355881858572928,1141.620618097181,0.6885533928871155,0.18193422257900238,0.1294885128736496,0.08698254078626633,0.001347394660115242,0.5654539465904236
766,0.016798079013824463,0.05728255584836006,0.10505776852369308,-0.32544201612472534,2.779603958129883,3.4100658651389644,1025.5647623143948,0.7186314463615417,0.1741701066493988,0.10719050467014313,0.0920117124915123,0.0015036549884825945,0.5899023413658142
767,0.018014967441558838,0.05882775038480759,0.10996240377426147,-0.3749132454395294,2.896562337875366,3.265493016980536,1068.2827324960735,0.6823535561561584,0.21588097512722015,0.10175278037786484,0.0864381268620491,0.0013759530847892165,0.565435528755188
768,0.017190169543027878,0.05694054812192917,0.10429620742797852,-0.2850635051727295,2.833434581756592,3.3123901411263956,1119.83173594991,0.652701199054718,0.24670636653900146,0.1005617082118988,0.0830194428563118,0.0014613415114581585,0.5338019728660583
769,0.019914019852876663,0.06638499349355698,0.12288333475589752,-0.2960120141506195,2.7475979328155518,3.3335807627325336,1051.5617195783389,0.6824871301651001,0.22291436791419983,0.09459856897592545,0.08436906337738037,0.0012020365102216601,0.5640730261802673
770,0.019960302859544754,0.06628505140542984,0.12385912239551544,-0.3189336657524109,2.6716792583465576,3.3208439705819575,1073.8173200286358,0.6923019289970398,0.2011338323354721,0.10656329244375229,0.08761925250291824,0.0015543741174042225,0.5739295482635498
771,0.0163580272346735,0.05924050137400627,0.11135417968034744,-0.29611194133758545,2.787351131439209,3.6214942376923607,1156.0432505389476,0.6617876291275024,0.22577054798603058,0.11244115233421326,0.08732786029577255,0.0017484859563410282,0.5419953465461731
772,0.01759931817650795,0.06415650248527527,0.12054663896560669,-0.2844175398349762,2.7520134449005127,3.645397045396209,1124.218246925698,0.6727657914161682,0.2166992723941803,0.1105349063873291,0.08790009468793869,0.0015380590921267867,0.5531442165374756
773,0.020214200019836426,0.07123346626758575,0.13349035382270813,-0.2241915464401245,2.6256608963012695,3.523931998009301,1082.4909964503204,0.679660439491272,0.21900756657123566,0.10132741928100586,0.08702729642391205,0.0022686298470944166,0.548880934715271
774,0.017564155161380768,0.06095123291015625,0.11402032524347305,-0.18373475968837738,2.693782329559326,3.4702057882466635,1168.0522951082244,0.6509951949119568,0.23180997371673584,0.11718619614839554,0.08058597147464752,0.0012502673780545592,0.5264000296592712
775,0.02028040960431099,0.08883767575025558,0.1448771208524704,-0.2645672857761383,2.8473055362701416,4.38046752896899,1180.0509396131858,0.6590693593025208,0.21303997933864594,0.12777145206928253,0.08432580530643463,0.0020364634692668915,0.5258740782737732
776,0.017273686826229095,0.07779605686664581,0.126691997051239,-0.3493971526622772,2.8843231201171875,4.503732043121985,1125.3566914283206,0.6862956881523132,0.19376279413700104,0.11993779987096786,0.08867447078227997,0.001513758092187345,0.5606066584587097
777,0.019573532044887543,0.05891209468245506,0.10969891399145126,-0.3080015480518341,2.673248291015625,3.0097835456750217,1114.1510727291225,0.6815145015716553,0.20163826644420624,0.11684443801641464,0.08473547548055649,0.0020776609890162945,0.5604180693626404
778,0.017086638137698174,0.05729910358786583,0.10995440185070038,-0.26855629682540894,2.7792696952819824,3.353445137817581,1131.00225178221,0.6697298884391785,0.21001118421554565,0.12022366374731064,0.08756381273269653,0.0016425312496721745,0.5534224510192871
779,0.0183199942111969,0.06155049055814743,0.11813133209943771,-0.22577232122421265,2.7730941772460938,3.359743995834288,1097.9718642889572,0.6799022555351257,0.21023757755756378,0.10984876751899719,0.08446867018938065,0.002124252961948514,0.5546226501464844
780,0.01735069416463375,0.05976150184869766,0.10287047922611237,-0.2845877707004547,2.7359275817871094,3.4443291592947527,1053.6412220624336,0.6904675960540771,0.21314087510108948,0.09639148414134979,0.08674921095371246,0.0016980897635221481,0.5645654797554016
781,0.019045783206820488,0.06628615409135818,0.11527864634990692,-0.2990598678588867,2.687683582305908,3.480358532283413,1065.2939408823506,0.6982001662254333,0.19639785587787628,0.10538563132286072,0.09164715558290482,0.001900085830129683,0.5593923330307007
782,0.018601378425955772,0.06122070550918579,0.1177898645401001,-0.2629222869873047,2.6505208015441895,3.2911918732038252,1004.645650934909,0.716785728931427,0.1890193223953247,0.09418933838605881,0.0908505916595459,0.0013582641258835793,0.5897552967071533
783,0.016275716945528984,0.052445389330387115,0.10189788043498993,-0.2282799333333969,2.7057342529296875,3.2223090081184904,1055.3026918639364,0.6985619068145752,0.20010922849178314,0.10131724923849106,0.08758340775966644,0.00153815106023103,0.5740265250205994
784,0.01716870814561844,0.05613376200199127,0.10765309631824493,-0.2630321681499481,2.768261194229126,3.2695390662254007,1121.3791438652415,0.6825028657913208,0.2056504637002945,0.11184650659561157,0.08513960242271423,0.0015743302647024393,0.5638525485992432
785,0.01909075863659382,0.0631924644112587,0.12133064866065979,-0.3241496682167053,2.7852890491485596,3.3101075557478956,1060.193814848379,0.7043382525444031,0.19136475026607513,0.10428217053413391,0.08904585987329483,0.0016346769407391548,0.5822373032569885
786,0.01956142857670784,0.06355196237564087,0.12522973120212555,-0.27765968441963196,2.7377729415893555,3.2488405498187665,1109.8139934883727,0.6874334812164307,0.19184783101081848,0.12070899456739426,0.08795227855443954,0.001630884362384677,0.5655266642570496
787,0.016621187329292297,0.05799045413732529,0.1096484437584877,-0.3090154528617859,2.8426740169525146,3.48894774993824,1124.8207979129309,0.6718164682388306,0.21366606652736664,0.11451753973960876,0.08736594021320343,0.001557338167913258,0.5472761392593384
788,0.019430790096521378,0.06821820884943008,0.11909946799278259,-0.34381425380706787,2.755697011947632,3.5108304143603566,1072.5000946460252,0.6909186840057373,0.201076477766037,0.10800410062074661,0.09034604579210281,0.002432249253615737,0.5545511841773987
789,0.017431819811463356,0.0564408078789711,0.09904903173446655,-0.2955975830554962,2.5905721187591553,3.237803538940737,1092.9311907467281,0.6845788359642029,0.20767392218112946,0.10773324221372604,0.08620894700288773,0.001662852824665606,0.559478223323822
790,0.016913456842303276,0.053737934678792953,0.09696518629789352,-0.28983500599861145,2.6196930408477783,3.1772295383879485,1119.8296551168035,0.6733464598655701,0.22124099731445312,0.10539249330759048,0.08681789040565491,0.002215847373008728,0.5438387989997864
791,0.019790085032582283,0.060641735792160034,0.11917267739772797,-0.29568037390708923,2.673128843307495,3.064248369284699,1101.297956055767,0.6787570714950562,0.21752725541591644,0.1037154346704483,0.08726687729358673,0.001484479638747871,0.5585910677909851
792,0.019337927922606468,0.06906124204397202,0.12748894095420837,-0.3051029145717621,2.7464401721954346,3.5712844890515187,1079.5109521495297,0.687183678150177,0.21213175356388092,0.10067372024059296,0.0892103910446167,0.0016199849778786302,0.559148371219635
793,0.016465025022625923,0.05823449790477753,0.10035248100757599,-0.30295220017433167,2.752351999282837,3.536860576963347,1092.1329477254164,0.6977811455726624,0.19001780450344086,0.11219973862171173,0.09057111293077469,0.0015483436873182654,0.564595103263855
794,0.01790032908320427,0.06224749982357025,0.10827372968196869,-0.3131571412086487,2.6610107421875,3.4774500251226734,1039.1686709669743,0.713621199131012,0.18447938561439514,0.10189911723136902,0.0829574465751648,0.0023617807310074568,0.5796371698379517
795,0.019342297688126564,0.07116328924894333,0.1274910271167755,-0.3411727249622345,2.7155051231384277,3.6791538623122513,1071.0678268647234,0.6940528154373169,0.19858357310295105,0.10730122029781342,0.0868232399225235,0.0015716560883447528,0.5635166168212891
796,0.01659243367612362,0.06204279884696007,0.11135818809270859,-0.3089115619659424,2.6325459480285645,3.7392223500341575,1108.4725533882133,0.675955593585968,0.21375547349452972,0.11028556525707245,0.0906401053071022,0.0017646903870627284,0.5473824143409729
797,0.019026024267077446,0.06024317070841789,0.11172337830066681,-0.2797907590866089,2.5831139087677,3.1663562423546403,1084.3891872513727,0.6906201839447021,0.19981154799461365,0.10954193025827408,0.08917909860610962,0.0015277898637577891,0.568964421749115
798,0.018936503678560257,0.059789203107357025,0.11092846095561981,-0.2533380687236786,2.5851008892059326,3.1573517540036966,1025.8917990880034,0.7125046849250793,0.18607157468795776,0.10142061114311218,0.09018068760633469,0.0016831340035423636,0.5913887023925781
799,0.016359824687242508,0.05343591049313545,0.09686309099197388,-0.2638669013977051,2.6296424865722656,3.2662886987743103,1059.063030003258,0.708521842956543,0.1829686462879181,0.10850675404071808,0.09125955402851105,0.001058397931046784,0.5848332047462463
800,0.01817934401333332,0.06719459593296051,0.11519405245780945,-0.3443279266357422,2.906939744949341,3.6962057530778676,1110.4765679536874,0.693810224533081,0.1852019727230072,0.1209336519241333,0.08942337334156036,0.0010187112493440509,0.5665017366409302
801,0.018023915588855743,0.06655437499284744,0.11808064579963684,-0.36815547943115234,2.8866562843322754,3.692559181219519,1068.377629736617,0.6988233923912048,0.19125477969646454,0.10991702228784561,0.08721477538347244,0.0015704670222476125,0.5690632462501526
802,0.019677387550473213,0.061668552458286285,0.11847410351037979,-0.27431321144104004,2.7225825786590576,3.1339806819868863,1138.7578809154186,0.6896358728408813,0.18236784636974335,0.12799018621444702,0.09053768217563629,0.0016009836690500379,0.5634072422981262
803,0.017675144597887993,0.05646708235144615,0.10450629889965057,-0.28822997212409973,2.7342145442962646,3.1947168542541204,1073.7712880348602,0.7169675230979919,0.16249112784862518,0.12053165584802628,0.09324407577514648,0.0020885630510747433,0.5822173953056335
804,0.019132094457745552,0.06392154842615128,0.1156306117773056,-0.3540641963481903,2.7149503231048584,3.3410638110733264,1013.4836074144132,0.7265467643737793,0.1692238748073578,0.10422933846712112,0.09047146141529083,0.001604484859853983,0.5965957045555115
805,0.01838020421564579,0.062888503074646,0.11403921991586685,-0.3105967044830322,2.6518423557281494,3.421534512532339,1080.4978045848266,0.6957560777664185,0.1944626122713089,0.10977248847484589,0.09368664026260376,0.002307712333276868,0.5654588341712952
806,0.017099764198064804,0.05787394568324089,0.10613590478897095,-0.2775432765483856,2.638634443283081,3.384487938518243,1122.0968181422375,0.68123459815979,0.2116946130990982,0.1070498675107956,0.08550668507814407,0.001171582262031734,0.5658351182937622
807,0.01909784972667694,0.06161287799477577,0.1162632405757904,-0.2918674349784851,2.6116974353790283,3.226168331688426,1102.4873100139957,0.6924892663955688,0.20106318593025208,0.1063913106918335,0.08703473210334778,0.0020880799274891615,0.5639367699623108
808,0.018006209284067154,0.05996520817279816,0.1092831939458847,-0.32690268754959106,2.6148035526275635,3.3302516494978374,1020.084764658782,0.7237715125083923,0.17392998933792114,0.10229772329330444,0.09892985969781876,0.0019798260182142258,0.5817902088165283
809,0.017561061307787895,0.06776101887226105,0.1276938021183014,-0.2581538259983063,2.7431957721710205,3.858594744404891,1067.9018305626123,0.7151747345924377,0.17071300745010376,0.11411090940237045,0.08460643887519836,0.002341820392757654,0.5802401304244995
810,0.01752989925444126,0.06672510504722595,0.1256721019744873,-0.25096893310546875,2.8131155967712402,3.8063598697815997,1098.9764258080786,0.6964923739433289,0.18693524599075317,0.11652452498674393,0.08445573598146439,0.0013914419105276465,0.5685677528381348
811,0.018131695687770844,0.06263089925050735,0.11805365979671478,-0.3115311861038208,2.728783369064331,3.4542218403376004,1100.3655242199386,0.686760425567627,0.1966080516576767,0.11659234762191772,0.08990047872066498,0.0016627844888716936,0.5568386316299438
812,0.017015058547258377,0.058917026966810226,0.10734163224697113,-0.30441686511039734,2.6012396812438965,3.462640272421563,1076.867975917057,0.6938331723213196,0.19357454776763916,0.11258447915315628,0.08898912370204926,0.0014967969618737698,0.5724830031394958
813,0.016799015924334526,0.054659154266119,0.10181687772274017,-0.2343207746744156,2.5536773204803467,3.253711676270737,1081.8897856208123,0.6924749612808228,0.19549399614334106,0.11201952397823334,0.08949733525514603,0.001617915229871869,0.5678139328956604
814,0.018017014488577843,0.05995753034949303,0.10880221426486969,-0.2560151219367981,2.6782360076904297,3.3278282805498205,1046.6189917109034,0.7034603357315063,0.18906907737255096,0.1074410006403923,0.09190625697374344,0.0013977469643577933,0.5695090293884277
815,0.016516780480742455,0.05701795220375061,0.10150053352117538,-0.33822542428970337,2.7727890014648438,3.4521226619665923,981.7355024967427,0.7282834649085999,0.17766757309436798,0.09400318562984467,0.09453551471233368,0.0019354027463123202,0.5853477716445923
816,0.0166950486600399,0.06720020622015,0.10710121691226959,-0.3561922609806061,2.7575676441192627,4.0251578527572995,1026.6091386987193,0.7214748859405518,0.1781253069639206,0.10039430856704712,0.08829841017723083,0.0012533434201031923,0.5850465297698975
817,0.01844007521867752,0.07397633790969849,0.1219208836555481,-0.3158308267593384,2.6864054203033447,4.011715626341799,1041.9980618568475,0.7066082954406738,0.1999722719192505,0.09341949224472046,0.08721966296434402,0.001034239074215293,0.5796806812286377
818,0.019944941624999046,0.07037249207496643,0.12320802360773087,-0.2867898643016815,2.7980175018310547,3.528337830943211,1101.3706894455045,0.6855791807174683,0.2122817188501358,0.10208089649677277,0.08905144035816193,0.0017834901809692383,0.5571262836456299
819,0.01963251829147339,0.06964430212974548,0.12181808054447174,-0.3159959614276886,2.844972848892212,3.5473952496682686,1132.813379180142,0.6834179759025574,0.1993771195411682,0.11720497161149979,0.08698984980583191,0.0014210316585376859,0.5600414276123047
820,0.018721837550401688,0.06018707901239395,0.10777784883975983,-0.30102699995040894,2.681342601776123,3.214806177392977,1096.4026226702742,0.6920490860939026,0.19200588762760162,0.11594410985708237,0.09440838545560837,0.002601747866719961,0.5609118938446045
821,0.01872735656797886,0.056151993572711945,0.11112938076257706,-0.2822308838367462,2.6566202640533447,2.998394000022702,1047.9337170175168,0.697084367275238,0.20138616859912872,0.10151242464780807,0.08945002406835556,0.0016968444688245654,0.5714030861854553
822,0.019277894869446754,0.06229220703244209,0.12230652570724487,-0.29623252153396606,2.7360825538635254,3.231276415348483,1043.9119892559017,0.6981621980667114,0.2035062611103058,0.09832354635000229,0.08507684618234634,0.0019751775544136763,0.5759463906288147
823,0.01864740066230297,0.07202260196208954,0.13353773951530457,-0.3597779870033264,2.862478256225586,3.8623400259654392,1015.4995337298387,0.7133731842041016,0.188073068857193,0.09855043143033981,0.093948133289814,0.0017018297221511602,0.5786092281341553
824,0.018966516479849815,0.07497145980596542,0.12463169544935226,-0.3756495714187622,2.740370512008667,3.9528323443929674,952.0397128846514,0.7430433630943298,0.1618991643190384,0.09503694623708725,0.09007441997528076,0.002894795034080744,0.6001113057136536
825,0.019542168825864792,0.06102396920323372,0.11479127407073975,-0.2646169662475586,2.6469621658325195,3.1226815070466247,1067.6445070428144,0.7015225291252136,0.1852710098028183,0.1131737232208252,0.0893780067563057,0.0014511900953948498,0.5699275135993958
826,0.018580427393317223,0.05667034536600113,0.11087262630462646,-0.20922636985778809,2.607675075531006,3.05000225039676,1146.142766281309,0.6675596237182617,0.20904786884784698,0.1232752650976181,0.08646786212921143,0.0013318975688889623,0.54558926820755
827,0.018477732315659523,0.06378880888223648,0.1266842782497406,-0.20605233311653137,2.681126117706299,3.4521989922283103,1133.0177812190354,0.6889901757240295,0.18436077237129211,0.12656842172145844,0.08451185375452042,0.001567487488500774,0.5724340677261353
828,0.019163360819220543,0.0669926106929779,0.1330837607383728,-0.23774611949920654,2.75791072845459,3.4958696087530496,1030.9806015617924,0.7130809426307678,0.18422436714172363,0.10268948972225189,0.09052980691194534,0.002224427880719304,0.5858210325241089
829,0.01641385443508625,0.05732561647891998,0.09960669279098511,-0.32644933462142944,2.742823362350464,3.492514004077449,1040.5231713166565,0.7037760019302368,0.19656963646411896,0.09961282461881638,0.09038648754358292,0.0018015855457633734,0.5743085145950317
830,0.01755949854850769,0.06484763324260712,0.12803727388381958,-0.35873013734817505,2.9696924686431885,3.6930230700936066,1140.1790159400691,0.681929886341095,0.20095008611679077,0.11708348989486694,0.08770488202571869,0.001214454066939652,0.5376701951026917
831,0.017059920355677605,0.06263839453458786,0.12359285354614258,-0.31394466757774353,2.925438404083252,3.6716698099982574,1139.412826375646,0.6762146353721619,0.206959530711174,0.11682199686765671,0.08555907011032104,0.0014603075105696917,0.5361329913139343
832,0.017713746055960655,0.057803019881248474,0.11008709669113159,-0.2506807744503021,2.6514713764190674,3.2631731139972313,1095.7093549539577,0.6867420673370361,0.1988244652748108,0.1144014373421669,0.08973493427038193,0.0014421193627640605,0.5548387169837952
833,0.017077546566724777,0.06488360464572906,0.11362762749195099,-0.256710022687912,2.663059949874878,3.799351645063231,1044.686187535252,0.7010767459869385,0.19842210412025452,0.10047486424446106,0.09144376218318939,0.0018304713303223252,0.5717819333076477
834,0.019653692841529846,0.07328673452138901,0.13790354132652283,-0.27159780263900757,2.8007774353027344,3.7289040338922614,1159.3004867783966,0.6771359443664551,0.19562625885009766,0.12723426520824432,0.08531098812818527,0.0014969408512115479,0.5578344464302063
835,0.018751833587884903,0.06716718524694443,0.12887990474700928,-0.3060658276081085,2.865720272064209,3.58189960083464,1127.1682528484407,0.6809799075126648,0.19993388652801514,0.1190854161977768,0.09109912067651749,0.002545584924519062,0.5464687943458557
836,0.016961220651865005,0.07089629024267197,0.1230282336473465,-0.3639112114906311,2.909724473953247,4.1799049545821765,1070.7906111396549,0.6881269812583923,0.21739907562732697,0.0944426953792572,0.08644818514585495,0.0017203227616846561,0.5591530799865723
837,0.018803950399160385,0.07859957963228226,0.12886618077754974,-0.34303727746009827,2.8072495460510254,4.179950380618525,1063.3606619412487,0.6905969381332397,0.2116803526878357,0.09771186858415604,0.0851922407746315,0.0025863416958600283,0.5549047589302063
838,0.019184593111276627,0.06669016927480698,0.11799933016300201,-0.35451990365982056,2.7570583820343018,3.4762357942389994,1061.4039665182063,0.6946532726287842,0.2027588188648224,0.10256513953208923,0.08981043845415115,0.0018650672864168882,0.5619651079177856
839,0.019476328045129776,0.06713898479938507,0.13151007890701294,-0.2775786817073822,2.8118600845336914,3.4472095890131893,1101.789317869275,0.6877135634422302,0.19674602150917053,0.11551573872566223,0.08130177855491638,0.002155944472178817,0.5659953951835632
840,0.01843300089240074,0.06442146748304367,0.12633150815963745,-0.24478858709335327,2.7924180030822754,3.4948985168284463,1060.0031069612323,0.7056191563606262,0.17449121177196503,0.11981385946273804,0.08839822560548782,0.001884825062006712,0.5812200903892517
841,0.016323117539286613,0.056439127773046494,0.10009197145700455,-0.2611151337623596,2.689472198486328,3.4576193937065467,1098.097925274706,0.6998908519744873,0.175155371427536,0.12493017315864563,0.089339978992939,0.0020443859975785017,0.5708628296852112
842,0.017267100512981415,0.06065216287970543,0.10706683248281479,-0.28262460231781006,2.7287917137145996,3.512585267607293,1062.3185877333797,0.7033904194831848,0.19121961295604706,0.10537640750408173,0.08818819373846054,0.0011180085130035877,0.5827966928482056
843,0.019777219742536545,0.0686885416507721,0.12138296663761139,-0.3292512595653534,2.830770969390869,3.4731141455421417,1029.4524136275852,0.7117064595222473,0.1882706582546234,0.10001765936613083,0.08932866901159286,0.0017535900697112083,0.5853525400161743
844,0.0164733175188303,0.053298503160476685,0.09609583020210266,-0.340137779712677,2.839806318283081,3.235444414661276,1047.2787581494856,0.7055226564407349,0.1883867084980011,0.10608554631471634,0.08699741214513779,0.0017308116657659411,0.5758258104324341
845,0.01889743097126484,0.0738741010427475,0.12315653264522552,-0.39566588401794434,2.916208505630493,3.9092139641187305,1056.230816472412,0.7058431506156921,0.1860150247812271,0.10813755542039871,0.09054019302129745,0.0019032662967219949,0.566315770149231
846,0.018104681745171547,0.07021817564964294,0.12386161088943481,-0.31865718960762024,2.8363986015319824,3.8784540172594544,1113.8157396626818,0.6878523230552673,0.19469955563545227,0.11742604523897171,0.08930350095033646,0.0015934858238324523,0.5531340837478638
847,0.01660829782485962,0.056391891092061996,0.10610230267047882,-0.23186524212360382,2.7389848232269287,3.3954046154120703,1105.3423816410916,0.6893300414085388,0.19501341879367828,0.11554990708827972,0.08843854069709778,0.0014824050012975931,0.567849338054657
848,0.01927364058792591,0.06427162885665894,0.12247298657894135,-0.3135843276977539,2.7763612270355225,3.334690639275882,1082.8462388024786,0.7059741020202637,0.1790178269147873,0.11488217115402222,0.09330205619335175,0.001685065682977438,0.5793862342834473
849,0.018356051295995712,0.06214956194162369,0.11967507004737854,-0.3268277645111084,2.7327394485473633,3.385780576446501,1055.93235517539,0.7050654292106628,0.18661335110664368,0.10830910503864288,0.09696249663829803,0.0012511892709881067,0.5726540684700012
850,0.01672154664993286,0.05378616601228714,0.10505086183547974,-0.25967317819595337,2.6248667240142822,3.2165784143709293,1068.407891064308,0.7029790878295898,0.1847287118434906,0.11228220909833908,0.09342220425605774,0.0024173192214220762,0.5617858171463013
851,0.01730356179177761,0.05462232604622841,0.09936787933111191,-0.26121172308921814,2.570680618286133,3.1567099710666158,1087.56147249068,0.7070814967155457,0.17377223074436188,0.1191115528345108,0.08521028608083725,0.001802412560209632,0.5774897336959839
852,0.016734329983592033,0.05361628159880638,0.09876257926225662,-0.2904043197631836,2.6672894954681396,3.2039694238235437,1049.3842754412435,0.7206222414970398,0.1675693243741989,0.11180698126554489,0.08824486285448074,0.002413335256278515,0.5871905088424683
853,0.018224021419882774,0.05880038067698479,0.10807567834854126,-0.30223238468170166,2.690746307373047,3.2265315826289505,1063.2094146881798,0.7161986827850342,0.1718498170375824,0.11195146292448044,0.09184479713439941,0.002259065629914403,0.5822511315345764
854,0.0176787618547678,0.0630335733294487,0.1090887039899826,-0.32155463099479675,2.741931200027466,3.565497054811202,1047.1651830787343,0.7109834551811218,0.18029941618442535,0.10871067643165588,0.0892077088356018,0.0025526483077555895,0.5835486054420471
855,0.016762826591730118,0.05919929966330528,0.10226187855005264,-0.31799015402793884,2.771763324737549,3.5315821789255684,1088.005041330859,0.6867032647132874,0.19876277446746826,0.11452402174472809,0.09082669019699097,0.0015199625631794333,0.5594885945320129
856,0.017104100435972214,0.05765700712800026,0.10066526383161545,-0.28163018822669983,2.734691858291626,3.3709464780368634,1077.630479183829,0.6918215155601501,0.19298262894153595,0.11518716812133789,0.08508055657148361,0.0025343128945678473,0.5618968605995178
857,0.018491040915250778,0.06425929814577103,0.11196747422218323,-0.292694091796875,2.7341129779815674,3.4751585071285525,1028.3063012125992,0.7190995812416077,0.17131850123405457,0.10953623056411743,0.08760583400726318,0.0010713578667491674,0.5934076309204102
858,0.019120801240205765,0.06865584850311279,0.13639792799949646,-0.261545330286026,2.70949649810791,3.590636586669698,1035.53079123067,0.7218583822250366,0.17130707204341888,0.10669704526662827,0.09195813536643982,0.0017383816884830594,0.590907871723175
859,0.016790863126516342,0.057327985763549805,0.1141539067029953,-0.2518276870250702,2.7085232734680176,3.4142369768712184,1090.839646141174,0.6906255483627319,0.20321105420589447,0.1061597615480423,0.08311494439840317,0.0012429410126060247,0.5726767182350159
860,0.017916379496455193,0.05495138466358185,0.09694559872150421,-0.2576456367969513,2.556992530822754,3.0671031874150154,1089.2888120130722,0.6817727088928223,0.21417978405952454,0.10390396416187286,0.08185306191444397,0.0015002895379438996,0.5632624626159668
861,0.017428629100322723,0.05235312879085541,0.1005115956068039,-0.2544292211532593,2.5051493644714355,3.003858105333261,1073.4799510787793,0.7001413106918335,0.1908569037914276,0.10884242504835129,0.0841597244143486,0.0016936331521719694,0.5760040283203125
862,0.018526773899793625,0.06422848254442215,0.12205995619297028,-0.262270450592041,2.599402904510498,3.4667925936998034,1075.2220104908924,0.7132649421691895,0.17241628468036652,0.1143147423863411,0.08525620400905609,0.0014741861959919333,0.5928834676742554
863,0.016962459310889244,0.058994099497795105,0.11212918162345886,-0.2899768650531769,2.688736915588379,3.4779213563946625,1080.9136015124943,0.7039563655853271,0.17770414054393768,0.11833959072828293,0.0880264937877655,0.0016555592883378267,0.5788957476615906
864,0.018191445618867874,0.06666723638772964,0.12086378037929535,-0.2974608242511749,2.750668525695801,3.6647574789173825,1145.8364161371378,0.6747596859931946,0.20152992010116577,0.12369777262210846,0.0866699144244194,0.001628255588002503,0.5510004758834839
865,0.0178458783775568,0.0647675171494484,0.11584150791168213,-0.275826096534729,2.6916544437408447,3.629270343300757,1103.5156119108885,0.6798839569091797,0.21038681268692017,0.10972627252340317,0.08937031030654907,0.0024969622027128935,0.5435947179794312
866,0.019102612510323524,0.061203733086586,0.11597414314746857,-0.29197341203689575,2.6981639862060547,3.203945693307973,1050.974710926191,0.6973021030426025,0.19853195548057556,0.1041618287563324,0.08678416162729263,0.0015340913087129593,0.5616269707679749
867,0.018936753273010254,0.06218990311026573,0.1073533445596695,-0.28620222210884094,2.7381255626678467,3.2840847747442674,1039.0187226312592,0.7073031067848206,0.18907353281974792,0.10362117737531662,0.08761992305517197,0.0023930727038532495,0.5743510723114014
868,0.018988391384482384,0.06155005469918251,0.11561345309019089,-0.3030800223350525,2.8066749572753906,3.2414570275942776,1104.0255927299788,0.6901469826698303,0.19355148077011108,0.11626467108726501,0.08734456449747086,0.0017578855622559786,0.5635911822319031
869,0.017467934638261795,0.0584707148373127,0.10855194926261902,-0.3084636330604553,2.852386951446533,3.347317015137613,1100.3455490670576,0.69090336561203,0.19354848563671112,0.11552263051271439,0.08486147224903107,0.002364074345678091,0.56452476978302
870,0.016787100583314896,0.057253021746873856,0.10399067401885986,-0.2528349459171295,2.7097654342651367,3.4105366474284717,1044.515586607995,0.7021600604057312,0.19652484357357025,0.10129483789205551,0.0896793007850647,0.002292876597493887,0.5776112675666809
871,0.017530808225274086,0.05250368267297745,0.10452280938625336,-0.22810770571231842,2.628079652786255,2.994937939842853,1120.650005529463,0.702250063419342,0.16894054412841797,0.12868745625019073,0.08645183593034744,0.0024399864487349987,0.5686722993850708
872,0.016688575968146324,0.049532532691955566,0.09883253276348114,-0.2605096995830536,2.595810890197754,2.968050286826799,1089.6296982771764,0.7152208685874939,0.16169270873069763,0.12303785979747772,0.08740430325269699,0.0010401018662378192,0.5864277482032776
873,0.013191192410886288,0.05613221600651741,0.0985131710767746,-0.1112697422504425,2.776045083999634,4.255279906002881,1269.2801555044143,0.5740357637405396,0.3354070782661438,0.09047582745552063,0.14035266637802124,0.0026788811665028334,0.3345057964324951
874,0.013959137722849846,0.059221211820840836,0.10547633469104767,-0.145843505859375,2.969784736633301,4.242469197768469,1320.3975483954946,0.565289318561554,0.336417555809021,0.09828159958124161,0.1337091028690338,0.0028929440304636955,0.3248533308506012
875,0.014715845696628094,0.04849731922149658,0.09552676975727081,-0.09532812982797623,2.9493327140808105,3.2955849237610177,1297.7742411728711,0.5657381415367126,0.3475533425807953,0.08658181875944138,0.13134081661701202,0.002775740111246705,0.33317267894744873
876,0.015732813626527786,0.06256680935621262,0.11719925701618195,-0.09659293293952942,2.969961166381836,3.976835347921439,1274.6072769739765,0.57697993516922,0.3348507881164551,0.08816889673471451,0.13754931092262268,0.003325496567413211,0.3458428680896759
877,0.013487175107002258,0.05911286175251007,0.11128450930118561,-0.12661366164684296,2.959841728210449,4.382894214625939,1346.4487729972257,0.5442285537719727,0.37076160311698914,0.0850072056055069,0.12842969596385956,0.002644648775458336,0.32393571734428406
878,0.016553794965147972,0.07112175971269608,0.11969020962715149,-0.10714702308177948,2.805663824081421,4.2964021155353205,1409.113506483747,0.5164151787757874,0.3935784101486206,0.08991815894842148,0.12248518317937851,0.002927460940554738,0.3036002218723297
879,0.013950455002486706,0.042514868080616,0.08130423724651337,-0.14029060304164886,2.7395517826080322,3.0475613927997363,1333.9042144191733,0.5474820733070374,0.36904165148735046,0.08346518129110336,0.12911809980869293,0.0021782417315989733,0.3254392743110657
880,0.01379013154655695,0.06572163850069046,0.10445813834667206,-0.2506226897239685,3.0169572830200195,4.765845653759094,1240.8832032548012,0.5772979855537415,0.3490138351917267,0.07364527881145477,0.1383461058139801,0.004109756555408239,0.3321537375450134
881,0.013219418935477734,0.06441371142864227,0.1023179441690445,-0.18692706525325775,3.0436453819274902,4.8726583020149805,1269.600120814972,0.564185380935669,0.35260576009750366,0.08289116621017456,0.13438673317432404,0.003422314068302512,0.32480695843696594
882,0.01521325297653675,0.04863687977194786,0.09227254241704941,-0.09653538465499878,2.757702589035034,3.1970072307193624,1313.9236769854037,0.5447077751159668,0.3816237151622772,0.07360027730464935,0.13080529868602753,0.0028114300221204758,0.30508577823638916
883,0.014345485717058182,0.047684598714113235,0.08839617669582367,-0.09523133188486099,2.752215623855591,3.3240142335569427,1287.30400250399,0.5599700212478638,0.3690171241760254,0.07094348967075348,0.13277754187583923,0.0036649771500378847,0.32246702909469604
884,0.015618476085364819,0.05320340022444725,0.10253407806158066,-0.1250966638326645,2.9101436138153076,3.4064399068289815,1285.2707404260134,0.5718848705291748,0.3469717800617218,0.08113708347082138,0.13293342292308807,0.004725364502519369,0.3368673026561737
885,0.013305182568728924,0.04601255804300308,0.08858994394540787,-0.1961795538663864,2.933850049972534,3.458243267378219,1291.6591151194455,0.5666723847389221,0.3560963571071625,0.07720991969108582,0.13728341460227966,0.0026384463999420404,0.3339497447013855
886,0.01281653344631195,0.04437959939241409,0.07915835827589035,-0.15783146023750305,2.7247328758239746,3.462683538794334,1219.6973727353588,0.5970486402511597,0.3254236876964569,0.07752744108438492,0.1415569931268692,0.0028427198994904757,0.3419717252254486
887,0.013413586653769016,0.0419422872364521,0.08276312053203583,-0.09731046110391617,2.659106731414795,3.12685102917944,1192.282506078101,0.6093807220458984,0.3076786398887634,0.08279845118522644,0.14214956760406494,0.0020003176759928465,0.35961833596229553
888,0.013009144924581051,0.04030245169997215,0.07970479875802994,-0.10018131136894226,2.730130672454834,3.098009279666169,1212.9093717150563,0.5959261655807495,0.3263438045978546,0.07772650569677353,0.1399846225976944,0.0029887540731579065,0.3524039685726166
889,0.015353765338659286,0.057856567203998566,0.11019156873226166,-0.0915709063410759,2.877110481262207,3.7682331287526667,1249.7764147607818,0.5880264639854431,0.3246702253818512,0.08729792386293411,0.1352004110813141,0.0032195928506553173,0.340082585811615
890,0.013624919578433037,0.05241626501083374,0.09989307820796967,-0.08364240825176239,2.7952449321746826,3.847088029052051,1233.4475760310665,0.6023998260498047,0.2985055148601532,0.0990244597196579,0.14394447207450867,0.003438291372731328,0.3397345244884491
891,0.012892965227365494,0.044734496623277664,0.08089093118906021,-0.10819598287343979,2.7094767093658447,3.469682561840654,1245.7976655294565,0.5958340167999268,0.2949940860271454,0.10905694216489792,0.14351466298103333,0.003482729196548462,0.34825947880744934
892,0.015130603685975075,0.06067284196615219,0.10413609445095062,-0.12117759138345718,2.9269139766693115,4.009941917808698,1258.5206367533463,0.5777561664581299,0.3181755244731903,0.10406617075204849,0.13498623669147491,0.002411062130704522,0.34028351306915283
893,0.01497469563037157,0.05977227911353111,0.10941818356513977,-0.11250347644090652,2.966926336288452,3.9915521880998934,1224.4561204149556,0.5905595421791077,0.3069186806678772,0.10248373448848724,0.13929617404937744,0.0034657639916986227,0.3394626975059509
894,0.013139561749994755,0.04865041747689247,0.09232527017593384,-0.13389474153518677,2.967604398727417,3.7025905733278583,1241.434709751591,0.585931122303009,0.31437379121780396,0.09969509392976761,0.13873931765556335,0.0028287824243307114,0.34279534220695496
895,0.015365038998425007,0.05731383338570595,0.10475695133209229,-0.13732749223709106,2.841590642929077,3.7301456499948196,1230.8918403846726,0.5851767659187317,0.33282551169395447,0.0818997323513031,0.13892674446105957,0.00395513791590929,0.3461218774318695
896,0.015245839953422546,0.04868264123797417,0.09484532475471497,-0.13846249878406525,2.661994457244873,3.1931754093910842,1198.8256268106086,0.6073943376541138,0.30703723430633545,0.08554401248693466,0.14249774813652039,0.004125397652387619,0.3700811266899109
897,0.01316231768578291,0.042146503925323486,0.08103780448436737,-0.17461581528186798,2.792816400527954,3.2020579451326703,1235.8074876355115,0.5966122150421143,0.3159421384334564,0.08742497861385345,0.13932710886001587,0.00410061189904809,0.34589362144470215
898,0.014110958203673363,0.045458003878593445,0.08723512291908264,-0.1483568400144577,2.8615915775299072,3.221468253200435,1239.8430677580272,0.591047465801239,0.3228066861629486,0.08613809198141098,0.13656306266784668,0.0035240454599261284,0.34382420778274536
899,0.01492384634912014,0.04450057074427605,0.0874084010720253,-0.1020883098244667,2.736776351928711,2.981843266157575,1209.3044655527497,0.6038721799850464,0.3066173195838928,0.08943406492471695,0.13936947286128998,0.0038453279994428158,0.3452455699443817
900,0.014183050952851772,0.046399712562561035,0.08896217495203018,-0.0967193990945816,2.719545602798462,3.271490225448284,1192.5737736422745,0.6036447882652283,0.31128957867622375,0.08492323756217957,0.14098727703094482,0.003221666207537055,0.35669654607772827
901,0.013844376429915428,0.04562859237194061,0.0875559151172638,-0.06760616600513458,2.800701379776001,3.295821418872206,1258.028527507283,0.5808865427970886,0.3214689791202545,0.09764350205659866,0.1336413323879242,0.003642764175310731,0.3579147458076477
902,0.013756701722741127,0.051502078771591187,0.09810681641101837,0.04608885571360588,2.966791868209839,3.7437810171248826,1386.7821189801984,0.5345320105552673,0.3664492666721344,0.09895984083414078,0.1248820573091507,0.002524743787944317,0.31737738847732544
903,0.016023533418774605,0.059980519115924835,0.1139032393693924,0.006729692220687866,2.9928784370422363,3.743276688392775,1346.110528164707,0.5435958504676819,0.3742641806602478,0.08201409876346588,0.12863318622112274,0.0031147829722613096,0.3059864342212677
904,0.013898313045501709,0.0448993481695652,0.08811379969120026,-0.11609717458486557,2.826890230178833,3.2305610054499847,1265.6969169293063,0.5856998562812805,0.32803502678871155,0.08621492981910706,0.1359710693359375,0.00272990926168859,0.3441315293312073
905,0.013562156818807125,0.04675695672631264,0.09284212440252304,-0.12243726849555969,2.841790199279785,3.447604783482926,1256.1739801875017,0.5988346338272095,0.30304527282714844,0.09795722365379333,0.13682304322719574,0.002472578315064311,0.3465634286403656
906,0.015184345655143261,0.05070711299777031,0.1011347770690918,-0.15380622446537018,2.807950019836426,3.3394335288498453,1310.674535737739,0.5711426734924316,0.3276577591896057,0.10119637846946716,0.13007692992687225,0.002735004760324955,0.3324347138404846
907,0.016168465837836266,0.05268799141049385,0.10101399570703506,-0.12226090580224991,2.730511426925659,3.2586883589127282,1357.7419828846205,0.5397322773933411,0.3632779121398926,0.09691502898931503,0.12437430769205093,0.00285372044891119,0.31452733278274536
908,0.015424582175910473,0.05468408018350601,0.10464033484458923,-0.11574122309684753,2.8081672191619873,3.545255200841957,1329.4439550498068,0.5262834429740906,0.3880094587802887,0.08542833477258682,0.12566910684108734,0.003716058097779751,0.3066554665565491
909,0.015003523789346218,0.05286666750907898,0.10350310802459717,-0.14098882675170898,2.960240602493286,3.5236167348296674,1350.419955918731,0.5205782651901245,0.39673852920532227,0.08264333754777908,0.12592026591300964,0.00229718373157084,0.31047704815864563
910,0.01452541258186102,0.049195874482393265,0.09655509889125824,-0.12303666025400162,3.0342140197753906,3.386883105850018,1339.4361221924933,0.5336077809333801,0.38156914710998535,0.08475980162620544,0.13056480884552002,0.0030534486286342144,0.3125949501991272
911,0.013472949154675007,0.04395879805088043,0.08457435667514801,-0.10442855209112167,2.9447364807128906,3.262745041412431,1249.8260268463155,0.5764448046684265,0.33823442459106445,0.0852336660027504,0.13635171949863434,0.0032035198528319597,0.33880409598350525
912,0.015143828466534615,0.05463473126292229,0.10278165340423584,-0.0956387147307396,2.969609022140503,3.6077225372730806,1210.7367428711689,0.590177059173584,0.32437190413475037,0.08543279021978378,0.1343914270401001,0.004299012944102287,0.3335828185081482
913,0.015266040340065956,0.05208275467157364,0.09974442422389984,-0.11208966374397278,2.945575475692749,3.4116741150925676,1255.971317629263,0.5514026284217834,0.36351919174194336,0.08506609499454498,0.12447134405374527,0.003328094957396388,0.3138108551502228
914,0.01626964844763279,0.051390908658504486,0.1023464947938919,-0.13626842200756073,2.9123642444610596,3.1586981624561834,1290.8067654078807,0.5281326770782471,0.39203697443008423,0.07982758432626724,0.12076491117477417,0.0034089067485183477,0.30561867356300354
915,0.014734666794538498,0.05476491525769234,0.10251075029373169,-0.11138378828763962,2.903409004211426,3.7167393072149126,1324.9802778495841,0.5159645080566406,0.3992255628108978,0.0845295786857605,0.12335393577814102,0.003725335467606783,0.30594903230667114
916,0.014631362631917,0.05803710222244263,0.11405117809772491,-0.08239994198083878,2.9342846870422363,3.966623183262049,1273.2863037238574,0.5476096272468567,0.3617349863052368,0.09062020480632782,0.13220064342021942,0.003921468276530504,0.3168475329875946
917,0.015607492066919804,0.0619049072265625,0.11079537868499756,-0.04979382082819939,2.846442699432373,3.9663583974393974,1212.763048241203,0.5796786546707153,0.34523627161979675,0.07500926405191422,0.13582423329353333,0.0027831681072711945,0.3367825746536255
918,0.014032458886504173,0.04721061512827873,0.09000574052333832,-0.02818026766180992,2.727849006652832,3.36438649182999,1256.8817542765805,0.5635791420936584,0.36049357056617737,0.07549229264259338,0.1261700838804245,0.003078561509028077,0.3242420256137848
919,0.014160276390612125,0.05574007332324982,0.1020362377166748,-0.12793920934200287,2.9640958309173584,3.9363690214597495,1286.4744443561692,0.5465083718299866,0.3687034547328949,0.08463367074728012,0.12472577393054962,0.00273808091878891,0.3219137489795685
920,0.015078052878379822,0.05941053479909897,0.1088206022977829,-0.11450441181659698,2.89235258102417,3.9401993927443097,1305.905506794038,0.5458375811576843,0.36668306589126587,0.08715856820344925,0.13076110184192657,0.0030720720533281565,0.31498968601226807
921,0.01604454219341278,0.053194645792245865,0.10030524432659149,-0.1349024623632431,2.7793900966644287,3.3154355635506967,1291.8027726345056,0.5583986639976501,0.3532985746860504,0.08813324570655823,0.13089469075202942,0.002874345751479268,0.3375757336616516
922,0.014179251156747341,0.05167471617460251,0.09427683055400848,-0.2050292044878006,2.9539635181427,3.6443896507445794,1240.3154627950187,0.5804365873336792,0.33267733454704285,0.08681520074605942,0.13502275943756104,0.002936764620244503,0.34136155247688293
923,0.012960978783667088,0.047991301864385605,0.09319499135017395,-0.13505412638187408,2.880981206893921,3.702752906374601,1198.8845576171086,0.6070212125778198,0.3019142150878906,0.09106288105249405,0.14417091012001038,0.003849938977509737,0.3343236744403839
924,0.013477682135999203,0.046169791370630264,0.08435797691345215,-0.023798100650310516,2.6818008422851562,3.425647741304421,1280.8420986632939,0.582660973072052,0.3162959814071655,0.1009923443198204,0.1394389271736145,0.0034021923784166574,0.335952490568161
925,0.01508795190602541,0.05685493350028992,0.10310676693916321,-0.053194936364889145,2.7037787437438965,3.76823400887277,1261.2848179887185,0.5831870436668396,0.324759304523468,0.09199224412441254,0.140581414103508,0.00529890414327383,0.3426382839679718
926,0.014959544874727726,0.0582086481153965,0.1055072546005249,-0.12991963326931,2.7872331142425537,3.891070791187079,1165.2712060495166,0.6120569109916687,0.30609241127967834,0.08178694546222687,0.14819151163101196,0.003733268706128001,0.3595908582210541
927,0.013101445510983467,0.04298017546534538,0.08358107507228851,-0.09323533624410629,2.772571086883545,3.280567432504513,1258.8773814226608,0.5809149742126465,0.3314535915851593,0.08754225820302963,0.1407785564661026,0.0034866523928940296,0.339262455701828
928,0.014459310099482536,0.05507371947169304,0.09925339370965958,-0.1304776668548584,2.8512115478515625,3.8088760175255607,1296.2058355793656,0.5661576390266418,0.35421955585479736,0.07946783304214478,0.12973414361476898,0.0034000291489064693,0.3243463933467865
929,0.01337606180459261,0.05179902911186218,0.09473561495542526,-0.18961279094219208,2.964179515838623,3.872517177679659,1224.219171557699,0.5864176154136658,0.3390825092792511,0.07435019314289093,0.13183921575546265,0.003023791126906872,0.33678850531578064
930,0.013637401163578033,0.05222800746560097,0.0956491082906723,-0.15881046652793884,2.940246105194092,3.8297624917904947,1255.2875852687707,0.573323667049408,0.33299046754837036,0.09368573129177094,0.13776767253875732,0.0023632459342479706,0.3443942964076996
931,0.01394921075552702,0.05040036886930466,0.09354904294013977,-0.12533141672611237,2.8735756874084473,3.613134086867363,1302.4922769032567,0.5649205446243286,0.33513757586479187,0.09987787902355194,0.13702191412448883,0.0035944003611803055,0.32688355445861816
932,0.015258737839758396,0.05591640621423721,0.10393862426280975,-0.16380107402801514,2.8634750843048096,3.664549899066752,1259.5707419184578,0.5907614827156067,0.31190162897109985,0.09726449847221375,0.14000388979911804,0.004069254267960787,0.34223246574401855
933,0.01481924019753933,0.061415206640958786,0.1081288605928421,-0.07470830529928207,3.0632612705230713,4.144288493752347,1329.4604657085706,0.5659859776496887,0.3369690477848053,0.0970163643360138,0.12843666970729828,0.0036614444106817245,0.3223668038845062
934,0.015216486528515816,0.0621768943965435,0.10935406386852264,-0.03412007540464401,3.0924794673919678,4.086153152104946,1360.876352136187,0.5370256900787354,0.3731413781642914,0.08980871737003326,0.12502562999725342,0.0024115522392094135,0.3142172396183014
935,0.015595443546772003,0.05300970375537872,0.10174185037612915,-0.11538724601268768,2.937236785888672,3.399050728695164,1284.2101650711325,0.5567895174026489,0.3537146747112274,0.08940970152616501,0.13500210642814636,0.003428202122449875,0.3241097331047058
936,0.014415483921766281,0.0491594523191452,0.09156176447868347,-0.09798182547092438,2.8320865631103516,3.4101839787360864,1269.3343867832189,0.561475932598114,0.35807254910469055,0.0800897553563118,0.13412511348724365,0.0038948969449847937,0.3281707465648651
937,0.015190869569778442,0.05185401812195778,0.09649916738271713,-0.11538024246692657,2.882368564605713,3.4134990021707208,1350.7408474293616,0.5387876629829407,0.3715295195579529,0.08958829939365387,0.12665392458438873,0.0029621063731610775,0.3153943121433258
938,0.016209309920668602,0.055250778794288635,0.10682660341262817,-0.0850825309753418,2.902423620223999,3.4085830341506034,1379.5092602109605,0.536294162273407,0.36197391152381897,0.10168802738189697,0.12326747179031372,0.00270139635540545,0.31307411193847656
939,0.013033585622906685,0.04316367954015732,0.08495238423347473,-0.009065113961696625,2.7983226776123047,3.311727162860303,1279.5162472881168,0.571195662021637,0.34029579162597656,0.08831192553043365,0.13532987236976624,0.0027839080430567265,0.332346647977829
940,0.014667184092104435,0.05026901140809059,0.0939314216375351,-0.0718492716550827,2.841153621673584,3.4273116836192052,1288.3757545396313,0.5706626772880554,0.3332619369029999,0.09597496688365936,0.14153602719306946,0.004177219700068235,0.3255867660045624
941,0.01390965934842825,0.04768316447734833,0.09378761798143387,-0.021787136793136597,2.978301763534546,3.4280612687548184,1299.4777604652636,0.5584993958473206,0.35431456565856934,0.08718348294496536,0.1362699419260025,0.0023541480768471956,0.3182196617126465
942,0.01432702038437128,0.048247937113046646,0.09519842267036438,-0.10474231839179993,2.9472827911376953,3.3676183752980897,1221.7563297454892,0.5915147066116333,0.3245078921318054,0.083840511739254,0.14266380667686462,0.003210268449038267,0.3414670526981354
943,0.01378264743834734,0.04854324087500572,0.09309665113687515,-0.11271893978118896,2.7929954528808594,3.522054894651243,1211.934584404244,0.6060883402824402,0.2975218594074249,0.09562549740076065,0.14488157629966736,0.0029102906119078398,0.3512852191925049
944,0.012849908322095871,0.04432417079806328,0.08499652147293091,-0.014188988134264946,2.675182580947876,3.449376422273529,1218.8950802396137,0.6029005646705627,0.3050785958766937,0.0918833538889885,0.14143730700016022,0.002685967367142439,0.3498033881187439
945,0.015551307238638401,0.04968622699379921,0.09686219692230225,-0.09750771522521973,2.757293939590454,3.1949871626968456,1251.004007525745,0.5926553010940552,0.312608540058136,0.09473617374897003,0.13752736151218414,0.0027861283160746098,0.35066670179367065
946,0.013387215323746204,0.059108901768922806,0.10012771189212799,-0.18562819063663483,3.131042003631592,4.415324646318363,1254.1489773511653,0.5853323340415955,0.318825900554657,0.09577134996652603,0.13073627650737762,0.0032343489583581686,0.33980268239974976
947,0.01567895896732807,0.06935558468103409,0.11750295758247375,-0.16674338281154633,3.074122667312622,4.423481483760132,1272.3299639551096,0.5796391367912292,0.3116786479949951,0.10864853113889694,0.1398075819015503,0.0030376077629625797,0.3354872465133667
948,0.014650008641183376,0.04546215012669563,0.08743162453174591,-0.12580472230911255,2.7400941848754883,3.103216608063389,1257.5039237582578,0.5902431607246399,0.29900017380714417,0.11071868985891342,0.14163294434547424,0.003128873649984598,0.33373335003852844
949,0.013187078759074211,0.0458223856985569,0.09146955609321594,-0.1305791735649109,2.8565337657928467,3.4747942688634574,1253.478460668511,0.5787243843078613,0.33576294779777527,0.08547966927289963,0.1340285837650299,0.0023668871726840734,0.34815850853919983
950,0.015616259537637234,0.056334350258111954,0.11066001653671265,-0.10702608525753021,2.8544459342956543,3.6074163674554307,1265.3890351364823,0.5763964056968689,0.3374822437763214,0.08611909300088882,0.1393711268901825,0.002562442561611533,0.33592939376831055
951,0.01443325262516737,0.05246732756495476,0.10069619864225388,-0.034230176359415054,2.8416404724121094,3.6351700426715956,1260.285181363859,0.5849186182022095,0.3230971395969391,0.09190297871828079,0.140289768576622,0.0024968734942376614,0.33536025881767273
952,0.01428062655031681,0.04799513518810272,0.09582401067018509,0.005666743963956833,2.8153443336486816,3.3608564032981527,1280.1047621443165,0.586946427822113,0.3123345375061035,0.10060390084981918,0.13940972089767456,0.002868084004148841,0.33190521597862244
953,0.012711006216704845,0.04156265780329704,0.08223676681518555,-0.09851506352424622,2.711498737335205,3.2698164953617477,1264.4548284185494,0.6016486883163452,0.294890820980072,0.1027660220861435,0.14132848381996155,0.002246083691716194,0.3500712513923645
954,0.015155487693846226,0.04881506785750389,0.09658864140510559,-0.07523166388273239,2.7718069553375244,3.2209499846121044,1221.5756434279474,0.60178142786026,0.3109474778175354,0.08709146082401276,0.1419541984796524,0.0026044512633234262,0.35729214549064636
955,0.014400067739188671,0.046575192362070084,0.0912599191069603,-0.015073897317051888,2.8043127059936523,3.234373143404383,1263.556902085515,0.5824480652809143,0.32945388555526733,0.08797252178192139,0.13645632565021515,0.004781336523592472,0.3402915596961975
956,0.014233003370463848,0.04643988236784935,0.09105990827083588,-0.05822001397609711,2.8363521099090576,3.262830841518522,1259.5535921846174,0.580777108669281,0.3366788923740387,0.08253325521945953,0.13655926287174225,0.003524558851495385,0.34227699041366577
957,0.015663992613554,0.06180395931005478,0.10481847822666168,-0.16424071788787842,2.91605544090271,3.9456070256717575,1275.1651453751933,0.5689941048622131,0.3517036736011505,0.07920840382575989,0.14117933809757233,0.004029639530926943,0.3196045756340027
958,0.015446675010025501,0.061359670013189316,0.11031137406826019,-0.1390032172203064,2.87678599357605,3.9723545662346176,1303.110964323278,0.5590349435806274,0.35422560572624207,0.08671184629201889,0.13406528532505035,0.0029988596215844154,0.3156317472457886
959,0.015586385503411293,0.049558088183403015,0.09835637360811234,-0.08747261762619019,2.858158588409424,3.17957541659527,1258.6673764125348,0.5633054375648499,0.35963645577430725,0.07705759257078171,0.13245828449726105,0.002919034566730261,0.32521140575408936
960,0.014683050103485584,0.04628869146108627,0.08843588829040527,-0.15806984901428223,2.91208553314209,3.1525256082144235,1284.8496284123694,0.5539867877960205,0.3684684634208679,0.07754330337047577,0.1365206390619278,0.0029285720083862543,0.32469069957733154
961,0.014306571334600449,0.06056585907936096,0.10230981558561325,-0.24311427772045135,3.0243966579437256,4.233429356246173,1309.8617648564368,0.5574871897697449,0.35280841588974,0.08969578891992569,0.12948749959468842,0.0030798842199146748,0.32250460982322693
962,0.013326372019946575,0.056568119674921036,0.09838545322418213,-0.19770309329032898,2.9881083965301514,4.244825192183325,1267.677258177218,0.5751626491546631,0.3381127417087555,0.08659984171390533,0.13212493062019348,0.0027469461783766747,0.34587493538856506
963,0.014757576398551464,0.046343326568603516,0.09036695957183838,-0.01379593089222908,2.792881488800049,3.1403074132153606,1243.9594330339633,0.5867093205451965,0.326508492231369,0.08655702322721481,0.131092831492424,0.003649791469797492,0.3503855764865875
964,0.013384280726313591,0.043114401400089264,0.08278109133243561,-0.02600697986781597,2.9016475677490234,3.221271451076543,1281.5758496072272,0.5757324695587158,0.32714182138442993,0.09710504859685898,0.1341313272714615,0.002684951527044177,0.34124237298965454
965,0.01317634992301464,0.04343846067786217,0.08246829360723495,-0.0787014365196228,2.883256673812866,3.2966990804253857,1318.602473418067,0.5686904788017273,0.3238753080368042,0.10743408650159836,0.14112365245819092,0.0022706282325088978,0.3263551890850067
966,0.01570689119398594,0.05392761528491974,0.10088129341602325,-0.1253310889005661,2.811830759048462,3.4333729453817625,1334.3790663043974,0.5577715635299683,0.34093260765075684,0.10129453241825104,0.13348603248596191,0.0032895044423639774,0.3285743296146393
967,0.013837126083672047,0.04668267443776131,0.08804371953010559,-0.15505948662757874,2.851973295211792,3.373726173491591,1326.643222636294,0.5502858757972717,0.35718172788619995,0.09242907911539078,0.13421863317489624,0.0033589049708098173,0.3129698634147644
968,0.013294868171215057,0.04732218012213707,0.08742007613182068,-0.16769331693649292,2.9747891426086426,3.5594320687613648,1329.9663555411873,0.5546953082084656,0.3479420244693756,0.09721747040748596,0.13542217016220093,0.002630465431138873,0.3134709298610687
969,0.014405854977667332,0.05865249037742615,0.10327323526144028,-0.23351509869098663,3.059633731842041,4.07143418174629,1244.5665036322491,0.5861732959747314,0.3267492651939392,0.08707171678543091,0.13997238874435425,0.002659672638401389,0.33724677562713623
970,0.014914185740053654,0.05927729606628418,0.10538888722658157,-0.20415957272052765,2.947946071624756,3.974557987642198,1264.5891750653789,0.5830370783805847,0.31973370909690857,0.09700452536344528,0.14006301760673523,0.0034920310135930777,0.33806973695755005
971,0.015770751982927322,0.052860673516988754,0.1013418585062027,-0.1658126562833786,2.8193836212158203,3.3518169311686234,1265.6234384708655,0.5959751605987549,0.30085045099258423,0.10315557569265366,0.1381116658449173,0.003106103278696537,0.3515556752681732
972,0.014060520566999912,0.04826028645038605,0.09174741804599762,-0.07393655180931091,2.8046815395355225,3.4323257248540835,1189.2060526484336,0.6187571287155151,0.29288172721862793,0.08826739341020584,0.14308404922485352,0.0036916290409862995,0.34924450516700745
973,0.013668793253600597,0.04500380530953407,0.08709606528282166,-0.14936596155166626,2.9597067832946777,3.29244904588683,1274.1543413738893,0.5921177268028259,0.30475080013275146,0.10311645269393921,0.14113441109657288,0.0030693081207573414,0.3378363251686096
974,0.013363886624574661,0.04304882138967514,0.0810936689376831,-0.22378891706466675,2.88871431350708,3.2212800509166244,1283.0726465250134,0.5854663848876953,0.3102773129940033,0.10423874855041504,0.14276272058486938,0.003531303256750107,0.3375382125377655
975,0.014442311599850655,0.053621526807546616,0.09482792019844055,-0.14286406338214874,2.7681949138641357,3.7128077754802282,1240.6720917005152,0.6037609577178955,0.30140647292137146,0.09483254700899124,0.14495466649532318,0.0028925116639584303,0.35412925481796265
976,0.01410514023154974,0.0530460923910141,0.09836862236261368,-0.08547928929328918,3.019090414047241,3.760763205218069,1326.6049837585074,0.576560378074646,0.3286973237991333,0.09462271630764008,0.13349583745002747,0.0029835072346031666,0.331868439912796
977,0.014634968712925911,0.05384751781821251,0.09971526265144348,-0.09192532300949097,3.030156135559082,3.6793736201823157,1316.4072030459768,0.5646733641624451,0.35732099413871765,0.07798593491315842,0.13425347208976746,0.0030129477381706238,0.3164549171924591
978,0.015798581764101982,0.05673561617732048,0.10186111927032471,-0.08195725083351135,2.827039957046509,3.591184134176252,1252.3729146851642,0.586729884147644,0.33588507771492004,0.07728561758995056,0.13073939085006714,0.003471274860203266,0.3331912159919739
979,0.01471406128257513,0.04835622385144234,0.09076500684022903,-0.10815417766571045,2.882312536239624,3.286395436277063,1263.232372958281,0.5804071426391602,0.33592748641967773,0.08366530388593674,0.1274474859237671,0.002250825986266136,0.3494504392147064
980,0.0142028434202075,0.04714258015155792,0.08618603646755219,-0.1701982170343399,2.8318371772766113,3.3192353638965866,1262.0609631555872,0.5728501081466675,0.34812963008880615,0.07899566739797592,0.13745683431625366,0.0027820393443107605,0.34205362200737
981,0.014657256193459034,0.050705213099718094,0.10000841319561005,-0.1469298005104065,2.8686325550079346,3.4593932470721547,1348.605345062004,0.5422673225402832,0.37492942810058594,0.08278358727693558,0.1316443681716919,0.002625646535307169,0.32520923018455505
982,0.014056538231670856,0.049049295485019684,0.09660287201404572,-0.059616196900606155,2.87338924407959,3.4894292373507043,1330.0177814754304,0.5586052536964417,0.3561795651912689,0.08521418273448944,0.13111239671707153,0.00276393536478281,0.3256909251213074
983,0.014163757674396038,0.044970519840717316,0.0852038711309433,-0.024692092090845108,2.6720516681671143,3.1750416006365256,1302.5861419931798,0.5710421204566956,0.33941763639450073,0.08951884508132935,0.13290123641490936,0.0028444554191082716,0.33877837657928467
984,0.01494724303483963,0.05354209244251251,0.10041216015815735,-0.11714277416467667,2.7258481979370117,3.582071443819599,1363.1981271106902,0.5337934494018555,0.37380585074424744,0.09238489717245102,0.13212446868419647,0.0030435516964644194,0.3126506805419922
985,0.013992993161082268,0.05055326223373413,0.09118489921092987,-0.15515683591365814,2.934736490249634,3.612755444683674,1330.1999563018337,0.5472992062568665,0.36868640780448914,0.0839986577630043,0.13370667397975922,0.0035709890071302652,0.318928986787796
986,0.01439078338444233,0.04641839116811752,0.0916961282491684,-0.04677807167172432,2.9570114612579346,3.225563885220746,1335.3848073706572,0.5631614923477173,0.3406573235988617,0.09603745490312576,0.12946052849292755,0.0026777738239616156,0.3307909369468689
987,0.015975691378116608,0.057659946382045746,0.10723226517438889,-0.04843980073928833,2.827413320541382,3.609230111782124,1317.5098382130845,0.5629472136497498,0.33982542157173157,0.09717012941837311,0.1323539912700653,0.004131680820137262,0.325573205947876
988,0.014578212983906269,0.05375486984848976,0.09363622963428497,-0.12925578653812408,2.8149490356445312,3.687342879689405,1288.9748487155389,0.5630849599838257,0.34382927417755127,0.09299512207508087,0.1348499059677124,0.0034094976726919413,0.3270871937274933
989,0.015693172812461853,0.058008067309856415,0.09869904816150665,-0.18710635602474213,2.772981882095337,3.696388741739731,1282.938825050146,0.5575664639472961,0.35271498560905457,0.08970243483781815,0.13283579051494598,0.0035096711944788694,0.3162057101726532
990,0.015925824642181396,0.05282300338149071,0.10133667290210724,-0.243769109249115,2.808706283569336,3.316814329241453,1290.6446893911523,0.5455940365791321,0.3666398525238037,0.08776219189167023,0.13203680515289307,0.0021992227993905544,0.3244988024234772
991,0.014432389289140701,0.049873169511556625,0.09350675344467163,-0.16109444200992584,2.8374242782592773,3.4556419251819124,1299.8150471010242,0.5393684506416321,0.3753061890602112,0.08525550365447998,0.12683400511741638,0.002708014566451311,0.31735217571258545
992,0.013659153133630753,0.04968971386551857,0.09671284258365631,-0.069999098777771,2.9279356002807617,3.637832695464676,1307.4484639530071,0.5361235737800598,0.38552001118659973,0.07835577428340912,0.12313664704561234,0.0024393480271101,0.3039121925830841
993,0.01411532238125801,0.05240723490715027,0.10189008712768555,-0.07917147129774094,3.053532600402832,3.712790504382851,1294.6389362696718,0.5582606196403503,0.361162394285202,0.08056566119194031,0.12525634467601776,0.00280289095826447,0.31658267974853516
994,0.01535448431968689,0.05867793783545494,0.11134504526853561,-0.11112914979457855,2.9087677001953125,3.8215505392388165,1211.8738851319213,0.5977925658226013,0.3174413740634918,0.08476301282644272,0.13787737488746643,0.0035042953677475452,0.34609970450401306
995,0.013781961053609848,0.052417878061532974,0.09486990422010422,-0.07082904130220413,2.7726619243621826,3.803368610158713,1196.8281806114094,0.5904715061187744,0.32918593287467957,0.0802820548415184,0.13948407769203186,0.0029402479995042086,0.3488333821296692
996,0.014475171454250813,0.0504758246243,0.09426283836364746,-0.003040808252990246,2.8149895668029785,3.4870622970058216,1243.5698505992123,0.5788769721984863,0.3398812413215637,0.08087533712387085,0.1291850358247757,0.002781315939500928,0.34248679876327515
997,0.013786841183900833,0.04852905496954918,0.09313802421092987,-0.08753881603479385,2.9090206623077393,3.5199545942907906,1289.0206248165296,0.561043918132782,0.35632121562957764,0.08259569853544235,0.13022513687610626,0.003038888331502676,0.3116486370563507
998,0.01613520458340645,0.05665474385023117,0.10886014997959137,-0.1325758844614029,2.973344564437866,3.5112504185403415,1338.595916998294,0.5421971082687378,0.36328697204589844,0.09449790418148041,0.12957949936389923,0.002573388861492276,0.3054017722606659
999,0.014549512416124344,0.059291914105415344,0.11074887216091156,-0.16462209820747375,3.122859239578247,4.0751822058057785,1333.2691574162804,0.5547904372215271,0.3444177806377411,0.10078509151935577,0.12970998883247375,0.003458829363808036,0.31686702370643616
1000,0.016079049557447433,0.06519582122564316,0.12170718610286713,-0.13251464068889618,2.939547061920166,4.054706155899078,1360.4506280987118,0.5444161295890808,0.36152932047843933,0.0940266102552414,0.1310812532901764,0.003011372173205018,0.3157258927822113
1001,0.015466582961380482,0.05652132257819176,0.10708542913198471,-0.0898783951997757,2.744871139526367,3.6544156337355904,1373.1916432623423,0.5387898087501526,0.3650684356689453,0.09569691121578217,0.13337957859039307,0.002325731795281172,0.3168967366218567
1002,0.013804124668240547,0.05453018471598625,0.09723353385925293,-0.1715506762266159,2.941551446914673,3.950281964454781,1327.4488611223871,0.5513144731521606,0.3563708961009979,0.09229784458875656,0.13402600586414337,0.003833492984995246,0.32226285338401794
1003,0.013425088487565517,0.054528363049030304,0.09652192145586014,-0.17743177711963654,2.9773125648498535,4.061676248575454,1284.3029181380364,0.5704848170280457,0.34081950783729553,0.08869441598653793,0.1382613331079483,0.0033296430483460426,0.3389192819595337
1004,0.01453370414674282,0.055108118802309036,0.09766366332769394,-0.17305026948451996,2.8487656116485596,3.791746291386266,1203.047689964497,0.6029969453811646,0.32010674476623535,0.07687988877296448,0.14393934607505798,0.004097678232938051,0.35146763920783997
1005,0.01433898787945509,0.04817734658718109,0.08987008780241013,-0.11269722878932953,2.7348809242248535,3.3598847414363,1286.8556508520978,0.5566318035125732,0.3686571717262268,0.07470224797725677,0.1305810660123825,0.002773991785943508,0.3322332501411438
1006,0.015280572697520256,0.055957287549972534,0.10423759371042252,-0.0797911211848259,2.8506877422332764,3.661988896227125,1375.2873037299942,0.5268775820732117,0.3771520256996155,0.09595328569412231,0.12548798322677612,0.003456295933574438,0.3083069622516632
1007,0.01523483544588089,0.056247636675834656,0.11001947522163391,-0.15751191973686218,3.07220196723938,3.6920409722804415,1365.5794621963091,0.5406684875488281,0.3635309338569641,0.09579946845769882,0.13093070685863495,0.0033371399622410536,0.3155590295791626
1008,0.014721954241394997,0.05319102108478546,0.09925298392772675,-0.1492004692554474,3.13712215423584,3.6130407831054527,1348.3183562423656,0.5503741502761841,0.358277291059494,0.09130816161632538,0.1296020746231079,0.003489324590191245,0.3168003261089325
1009,0.01445841509848833,0.05202730745077133,0.0971570834517479,-0.12630686163902283,2.9493775367736816,3.5984101364341465,1375.090735078412,0.5337021350860596,0.37433815002441406,0.09194397181272507,0.12439007312059402,0.0030542868189513683,0.31620389223098755
1010,0.015207250602543354,0.06648402661085129,0.11577843874692917,-0.05184416472911835,2.841367244720459,4.371863681615152,1471.8614726861838,0.48417195677757263,0.43618932366371155,0.07963573932647705,0.11607693880796432,0.0027714078314602375,0.2850291430950165
1011,0.014668122865259647,0.06296417117118835,0.11525706946849823,0.028090912848711014,2.925705671310425,4.292585475679489,1427.948410266658,0.5000640749931335,0.41997843980789185,0.07994825392961502,0.11630904674530029,0.00227091321721673,0.2885049879550934
1012,0.015067948959767818,0.054744068533182144,0.10479021072387695,-0.02900867909193039,3.0764036178588867,3.6331466661931504,1336.8737177060614,0.5200400352478027,0.39907464385032654,0.0808783546090126,0.11817317456007004,0.0025308090262115,0.29953065514564514
1013,0.016169900074601173,0.05674349516630173,0.11275753378868103,-0.12057409435510635,3.1083526611328125,3.5092050600808733,1308.092008132798,0.5383865833282471,0.36760610342025757,0.09391794353723526,0.1232663244009018,0.0030212998390197754,0.30735787749290466
1014,0.01464153453707695,0.05309757962822914,0.10148889571428299,-0.15274330973625183,2.887395143508911,3.6265037308857853,1250.540762375013,0.5852823257446289,0.3060874044895172,0.10835086554288864,0.13928163051605225,0.0038449547719210386,0.33899930119514465
1015,0.01419796235859394,0.05353168025612831,0.10360532253980637,-0.18554183840751648,2.9991602897644043,3.770377671127965,1268.7092657691276,0.5554918646812439,0.3539312481880188,0.09057120233774185,0.13476847112178802,0.003284576814621687,0.33097633719444275
1016,0.014739099889993668,0.05867278575897217,0.11251364648342133,-0.16640546917915344,3.168426275253296,3.9807577255666877,1292.753765761642,0.5418623089790344,0.37599000334739685,0.08212590217590332,0.12596534192562103,0.003125445917248726,0.31643587350845337
1017,0.013912064023315907,0.055916063487529755,0.1035996675491333,-0.14209195971488953,3.0827019214630127,4.019250011342533,1261.250739936262,0.5654608011245728,0.3510592579841614,0.08342668414115906,0.13339786231517792,0.0038053125608712435,0.32734930515289307
1018,0.015158514492213726,0.05270052328705788,0.10316117852926254,-0.19784383475780487,2.8872063159942627,3.4766284856376415,1286.9483607319478,0.5572700500488281,0.3505706489086151,0.09213048964738846,0.13724705576896667,0.0036348786670714617,0.322374552488327
1019,0.013028940185904503,0.04165782779455185,0.07665540277957916,-0.16329316794872284,2.6747071743011475,3.197330496337874,1287.4865141986988,0.5638605356216431,0.3433540165424347,0.09276332706212997,0.13665349781513214,0.005122997798025608,0.31993311643600464
1020,0.01543955598026514,0.05685368552803993,0.10910250246524811,-0.1445644646883011,2.7853846549987793,3.6823394142310857,1254.4825313701667,0.5761057734489441,0.33846917748451233,0.08540170639753342,0.13531629741191864,0.003464233363047242,0.3463459014892578
1021,0.015287093818187714,0.05467561259865761,0.10641518235206604,-0.13425491750240326,3.018734931945801,3.576586449023495,1287.9359348442772,0.5643500685691833,0.34376028180122375,0.0918588936328888,0.13263098895549774,0.0036847861483693123,0.33753663301467896
1022,0.013591278344392776,0.04576212540268898,0.09067855775356293,-0.12911629676818848,2.9564828872680664,3.3670214265166307,1257.7833973713816,0.5693516731262207,0.3381950855255127,0.09245327115058899,0.13238990306854248,0.003072944702580571,0.3393496870994568
1023,0.013978403992950916,0.05092231184244156,0.09336905181407928,-0.15743446350097656,2.974642276763916,3.6429274661454865,1249.64754343982,0.5685219764709473,0.3423048257827759,0.08895435184240341,0.13279499113559723,0.0029685792978852987,0.32589390873908997
1024,0.013695971108973026,0.049009617418050766,0.0899057686328888,-0.12849441170692444,2.906033754348755,3.578396670416698,1337.1353871861465,0.5580523610115051,0.339699387550354,0.10198183357715607,0.13380786776542664,0.0028867782093584538,0.3176659047603607
1025,0.014564691111445427,0.04872212931513786,0.0922488272190094,-0.10502462089061737,2.8685200214385986,3.3452222871726502,1300.6126251935564,0.562802791595459,0.34470680356025696,0.09243369102478027,0.13211442530155182,0.003287450410425663,0.3267410099506378
1026,0.013157319277524948,0.04645875096321106,0.08829014003276825,-0.12028821557760239,3.0572783946990967,3.531019501749105,1270.5865132400506,0.5657574534416199,0.3497542440891266,0.08439436554908752,0.1310851126909256,0.0023666173219680786,0.33527258038520813
1027,0.01420508325099945,0.04980936273932457,0.09467719495296478,-0.08771573007106781,2.970627784729004,3.506446379489793,1318.737598465624,0.5546074509620667,0.3569762110710144,0.08832524716854095,0.13177506625652313,0.0032739692833274603,0.31894639134407043
1028,0.01562657579779625,0.05933276191353798,0.10746815800666809,-0.1842537671327591,2.9443771839141846,3.796913839441941,1280.8316078108294,0.5626195669174194,0.35724902153015137,0.0801238864660263,0.13087745010852814,0.0030715838074684143,0.3369549512863159
1029,0.013057703152298927,0.05065596476197243,0.09130294620990753,-0.21613793075084686,3.000814914703369,3.879393195515751,1242.9171893995392,0.5857020020484924,0.32269781827926636,0.09159784018993378,0.13272935152053833,0.0025858411099761724,0.346871018409729
1030,0.014839483425021172,0.050063662230968475,0.09936188161373138,-0.08537078648805618,2.988001823425293,3.373679581270422,1274.4124295608324,0.5647311210632324,0.35121485590934753,0.0840449333190918,0.12902003526687622,0.0028907046653330326,0.32909008860588074
1031,0.015638859942555428,0.051567163318395615,0.1029570996761322,-0.07033052295446396,2.9264562129974365,3.2973735620444495,1318.274060492928,0.5497226119041443,0.3645341992378235,0.08570057898759842,0.1263504922389984,0.003390809753909707,0.3244153559207916
1032,0.01408532913774252,0.05111517012119293,0.09782901406288147,-0.13547329604625702,2.856583595275879,3.6289652600731688,1347.1482124850293,0.5446693897247314,0.3534843921661377,0.10179123282432556,0.1286526918411255,0.004586747847497463,0.3155550956726074
1033,0.015518473461270332,0.05687364563345909,0.10883983969688416,-0.19743579626083374,2.8991103172302246,3.6648995000529228,1345.1986315397498,0.5247023701667786,0.3908478617668152,0.08436262607574463,0.12625722587108612,0.003136515384539962,0.3096415102481842
1034,0.014408249408006668,0.0499722957611084,0.09704240411520004,-0.06447825580835342,2.9030635356903076,3.4683114056778104,1367.5334337879642,0.5119462013244629,0.40824073553085327,0.07980521023273468,0.12543751299381256,0.003198276972398162,0.30718544125556946
1035,0.013811236247420311,0.048211365938186646,0.09047791361808777,0.003362475661560893,2.936800479888916,3.49073501249397,1375.5427679382042,0.5221238732337952,0.3811480700969696,0.09664516150951385,0.12553727626800537,0.0021846091840416193,0.310796856880188
1036,0.015417144633829594,0.0584433451294899,0.11191914975643158,-0.08726341277360916,3.089844226837158,3.790802156545759,1338.0017791355165,0.5465849041938782,0.3452073633670807,0.10809943079948425,0.12691468000411987,0.0031537676695734262,0.31689736247062683
1037,0.013676110655069351,0.05078494921326637,0.09329977631568909,-0.14355815947055817,2.913430690765381,3.7134058425250025,1338.8666710618827,0.5396138429641724,0.3595375716686249,0.10081301629543304,0.1252499520778656,0.0033049513585865498,0.31975674629211426
1038,0.015606759116053581,0.05497586354613304,0.10398126393556595,-0.07143571227788925,2.8019604682922363,3.522567570486857,1348.0026516440637,0.5401031970977783,0.3653559386730194,0.09452664852142334,0.12533557415008545,0.0036774049513041973,0.3184259831905365
1039,0.015186159871518612,0.054807521402835846,0.10748231410980225,-0.06942151486873627,3.0051634311676025,3.6090441469681473,1349.4243116226821,0.5453696250915527,0.36369919776916504,0.09065163880586624,0.1302701234817505,0.003120250068604946,0.3204016387462616
1040,0.014442222192883492,0.05016046389937401,0.09741416573524475,-0.14971870183944702,2.9591336250305176,3.473181843208156,1324.222830250261,0.5436275601387024,0.36195147037506104,0.09437301009893417,0.1285344362258911,0.0031980678904801607,0.3161759078502655
1041,0.01495180744677782,0.06026720255613327,0.11322944611310959,-0.09750572592020035,2.8999946117401123,4.030763689716346,1312.7128965917996,0.5465161204338074,0.3641352951526642,0.08932474255561829,0.12459630519151688,0.002056555822491646,0.3172983229160309
1042,0.014687486924231052,0.059318650513887405,0.11156527698040009,-0.0702909454703331,2.848534345626831,4.038720225989529,1334.138886562219,0.5429003238677979,0.37757715582847595,0.07944723963737488,0.1287364363670349,0.002719468902796507,0.30782100558280945
1043,0.015410768799483776,0.04922732338309288,0.09448008239269257,-0.10257136821746826,2.7138547897338867,3.194345721515693,1369.510841512426,0.5326890349388123,0.37275242805480957,0.09449280053377151,0.12975797057151794,0.0038792877458035946,0.30676302313804626
1044,0.015240081585943699,0.04816465452313423,0.09342195093631744,-0.07510925829410553,2.5920562744140625,3.1603934826961346,1338.7616474266772,0.5405519604682922,0.3584897816181183,0.10084997117519379,0.13379433751106262,0.0028585996478796005,0.31598344445228577
1045,0.014048108831048012,0.04324938356876373,0.08483482897281647,-0.10359586030244827,2.6871039867401123,3.078662337103961,1260.128908502434,0.5679542422294617,0.3360486924648285,0.09589889645576477,0.13432738184928894,0.001935423817485571,0.3439173400402069
1046,0.015744490548968315,0.06473937630653381,0.11056473106145859,-0.1891951709985733,2.9124770164489746,4.111874950864263,1231.6324459945351,0.5850003361701965,0.3256029784679413,0.08932670950889587,0.13018816709518433,0.0032441208604723215,0.34627434611320496
1047,0.014900295063853264,0.06152055785059929,0.10262861847877502,-0.1790240854024887,2.8888752460479736,4.128814737079512,1217.2610405276691,0.5847529172897339,0.3332028090953827,0.08200686424970627,0.13758166134357452,0.004141504876315594,0.3332284688949585
1048,0.015414423309266567,0.04943422973155975,0.09277549386024475,-0.18839041888713837,2.782824754714966,3.2070112995167817,1199.9607839066077,0.5958036184310913,0.31584489345550537,0.08834842592477798,0.14337579905986786,0.0031002145260572433,0.3503546714782715
1049,0.015136491507291794,0.05176439881324768,0.09653763473033905,-0.17701628804206848,2.8935792446136475,3.4198413010631334,1236.8158117932192,0.5991716384887695,0.30218344926834106,0.09863017499446869,0.1456293910741806,0.005047163460403681,0.3461165428161621
1050,0.01550605520606041,0.06179431825876236,0.11277864873409271,-0.06438285112380981,3.0484094619750977,3.985173368312619,1340.0612055893773,0.5460166931152344,0.36326783895492554,0.09066537767648697,0.12950317561626434,0.003612733678892255,0.31363949179649353
1051,0.01451235543936491,0.056082725524902344,0.0987771674990654,-0.012573031708598137,2.999936103820801,3.864481252224081,1344.7766218193735,0.5248627066612244,0.3967135548591614,0.07840937376022339,0.1281651109457016,0.00307212071493268,0.3035590648651123
1052,0.01410948857665062,0.04811730980873108,0.08993174880743027,-0.019981030374765396,2.8489177227020264,3.4102802198620243,1314.9191586589081,0.5361089110374451,0.38292235136032104,0.08091800659894943,0.134203240275383,0.0027001029811799526,0.31063544750213623
1053,0.01590711809694767,0.05178486555814743,0.09675005078315735,-0.1181856170296669,2.818434715270996,3.255452385484502,1259.7545411503004,0.5586840510368347,0.35933583974838257,0.08192175626754761,0.12881827354431152,0.003912952728569508,0.3261244595050812
1054,0.014320884831249714,0.046107079833745956,0.0895310491323471,-0.1497218906879425,2.9187588691711426,3.2195692077570355,1250.9148551783019,0.5654743313789368,0.34829461574554443,0.0862145945429802,0.13418713212013245,0.0034052105620503426,0.3372214138507843
1055,0.015125633217394352,0.04869937151670456,0.09475904703140259,-0.12052232772111893,2.909865379333496,3.219658364945742,1255.3218025416022,0.5659152865409851,0.3499404191970825,0.08411458879709244,0.13323204219341278,0.004180047661066055,0.3272622227668762
1056,0.015356328338384628,0.05127238482236862,0.10115545988082886,-0.0662342756986618,2.8099205493927,3.3388440054950825,1260.4638158076737,0.5663520097732544,0.3535940647125244,0.0799797847867012,0.1317218840122223,0.0029629203490912914,0.3224203288555145
1057,0.01576007716357708,0.05312473699450493,0.10177689790725708,-0.003560827812179923,2.670738458633423,3.370842441933598,1298.610825589411,0.5511671304702759,0.3616328239440918,0.087198406457901,0.1298554390668869,0.0029816434253007174,0.3134273886680603
1058,0.015221298672258854,0.05775832757353783,0.10392308235168457,-0.02599341794848442,2.7538957595825195,3.7945729082242536,1305.2877559354567,0.5481709241867065,0.36948397755622864,0.08233938366174698,0.12370133399963379,0.0030563524924218655,0.32502496242523193
1059,0.014191219583153725,0.054118696600198746,0.09657637774944305,-0.06560096144676208,2.835923433303833,3.8135338741871805,1357.7741972024157,0.5278635025024414,0.38472646474838257,0.08714796602725983,0.12775322794914246,0.002003404777497053,0.2988170087337494
1060,0.015120075084269047,0.05592413619160652,0.105044886469841,-0.10600995272397995,2.8925979137420654,3.698667888633134,1403.5072134960158,0.5095972418785095,0.3959401845932007,0.09446246176958084,0.1261182427406311,0.002294181613251567,0.28079932928085327
1061,0.016107682138681412,0.05987973138689995,0.11258096992969513,-0.08463236689567566,2.8653335571289062,3.717464180608936,1294.9774099493525,0.554803192615509,0.36637037992477417,0.07881049811840057,0.13185261189937592,0.003104275092482567,0.30466872453689575
1062,0.013826454058289528,0.04158134385943413,0.081327423453331,-0.059068311005830765,2.6591105461120605,3.0073758377331044,1270.9235206589885,0.5658581256866455,0.3500737249851227,0.08403955399990082,0.13306507468223572,0.003611611435189843,0.3215016722679138
1063,0.015965396538376808,0.0503951758146286,0.09766453504562378,-0.11558188498020172,2.713292360305786,3.1565251567873505,1347.5089931381606,0.5352512001991272,0.3729230463504791,0.09182397276163101,0.12254969775676727,0.002677634358406067,0.31534478068351746
1064,0.01599116064608097,0.051745761185884476,0.10294631123542786,-0.0959678441286087,2.788027048110962,3.235897776771454,1320.385119263113,0.5441986918449402,0.3662395477294922,0.08953746408224106,0.13158537447452545,0.0035580408293753862,0.3067832887172699
1065,0.014225922524929047,0.04662662371993065,0.08833445608615875,-0.023924674838781357,2.7696428298950195,3.2775817269457272,1320.8460266327331,0.5527802109718323,0.3578854501247406,0.08932958543300629,0.13307994604110718,0.003222003346309066,0.31567633152008057
1066,0.01425020769238472,0.04629454389214516,0.09167236089706421,-0.1465318351984024,2.8802757263183594,3.24869257264483,1311.7886533550368,0.5628837943077087,0.35478711128234863,0.08219678699970245,0.12909655272960663,0.004392612259835005,0.3230527341365814
1067,0.01649262011051178,0.05243460834026337,0.10394345223903656,-0.2098972052335739,2.910949230194092,3.179277033348039,1401.0641303517687,0.5330905914306641,0.3661288022994995,0.10060308873653412,0.12290841341018677,0.003108216216787696,0.3151257038116455
1068,0.01368970051407814,0.045302122831344604,0.08917002379894257,-0.13496200740337372,2.82547664642334,3.3092121176389386,1405.4640856129765,0.5190626382827759,0.38036471605300903,0.10057199001312256,0.1237519159913063,0.003414984093979001,0.29506924748420715
1069,0.01563672348856926,0.052855655550956726,0.09633738547563553,-0.14515042304992676,2.758866786956787,3.3802257606086714,1318.8451542686134,0.5411792397499084,0.37463629245758057,0.0841478630900383,0.13402344286441803,0.00344739924184978,0.3040502369403839
1070,0.013479713350534439,0.05647508054971695,0.1001419723033905,-0.15016619861125946,2.948681354522705,4.189635126275753,1331.3992273513416,0.5442992448806763,0.36086612939834595,0.09481097757816315,0.12348070740699768,0.0035820957273244858,0.31387171149253845
1071,0.014624068513512611,0.06123114749789238,0.10651712119579315,-0.11975404620170593,2.990206241607666,4.187011804350336,1280.4115066306547,0.5696032047271729,0.33714115619659424,0.09325345605611801,0.127162903547287,0.003376549342647195,0.33651652932167053
1072,0.014262174256145954,0.05121598392724991,0.10135464370250702,-0.11772911995649338,2.8732659816741943,3.5910361915251827,1206.369445207799,0.6101637482643127,0.29489824175834656,0.09490402787923813,0.1429411768913269,0.0032718477305024862,0.35227692127227783
1073,0.01373204868286848,0.04865190386772156,0.0933922529220581,-0.1078503280878067,2.864018678665161,3.5429457750812268,1264.192947893628,0.5836829543113708,0.31655436754226685,0.09971317648887634,0.13581709563732147,0.0030434560030698776,0.3365250825881958
1074,0.013856032863259315,0.05081533268094063,0.0987556204199791,-0.08858738839626312,2.9206318855285645,3.667379630140405,1318.2958953200675,0.5458540916442871,0.3730109632015228,0.08113469928503036,0.1283545345067978,0.0031944424845278263,0.31971317529678345
1075,0.013824356719851494,0.058124881237745285,0.10673755407333374,-0.12013976275920868,3.083804130554199,4.204527010654652,1243.517742481211,0.5795107483863831,0.3409195840358734,0.0795624628663063,0.13673515617847443,0.0033875037916004658,0.3386872112751007
1076,0.013900726102292538,0.060261886566877365,0.10545336455106735,-0.1875118613243103,2.9450929164886475,4.335161064183811,1206.8272678719618,0.5982180237770081,0.31342917680740356,0.08830181509256363,0.14350204169750214,0.003257943084463477,0.3438630998134613
1077,0.014021780341863632,0.057100336998701096,0.10698137432336807,-0.11517643183469772,2.8614964485168457,4.0722601269219165,1291.84378121592,0.5658270120620728,0.3513839840888977,0.08278395980596542,0.13796629011631012,0.0030150150414556265,0.31944194436073303
1078,0.013414277695119381,0.05397077649831772,0.1009521633386612,-0.13334715366363525,2.785310983657837,4.023382974539951,1274.7148725664463,0.5733721256256104,0.34684836864471436,0.07942920178174973,0.13710539042949677,0.0035324268974363804,0.3377205431461334
1079,0.015619835816323757,0.05275660753250122,0.10116342455148697,-0.19239582121372223,2.7685017585754395,3.3775391847582386,1293.598313506627,0.5657516121864319,0.3408980667591095,0.09291601926088333,0.13531741499900818,0.004172929096966982,0.33638349175453186
1080,0.01574261300265789,0.05210115760564804,0.09986213594675064,-0.2056354433298111,2.9679641723632812,3.3095622431639544,1401.3645900859403,0.5255306363105774,0.3730888068675995,0.10137620568275452,0.123589888215065,0.0034876351710408926,0.3104417622089386
1081,0.014770529232919216,0.04700468108057976,0.09206008166074753,-0.1345101296901703,2.9589953422546387,3.1823288344088345,1343.0428144660902,0.5419210195541382,0.37083950638771057,0.08709584921598434,0.13037364184856415,0.004418309777975082,0.30027398467063904
1082,0.014300110749900341,0.046950794756412506,0.09115218371152878,-0.06148163229227066,2.849432945251465,3.283246932437671,1272.1207313337475,0.5713781714439392,0.34220725297927856,0.08639465272426605,0.1357942521572113,0.003571140579879284,0.3246621787548065
1083,0.015660135075449944,0.05177249759435654,0.10061180591583252,-0.12309002876281738,2.8920223712921143,3.306005812951969,1248.7331850930634,0.5679471492767334,0.35045045614242554,0.08152084797620773,0.1287163496017456,0.004588249605149031,0.3357076942920685
1084,0.013547871261835098,0.04451841488480568,0.08243390917778015,-0.1710362732410431,2.899191379547119,3.2860081130922647,1265.0243628145029,0.5530702471733093,0.3653922975063324,0.08152226358652115,0.13631099462509155,0.0030665325466543436,0.3252609074115753
1085,0.01409055944532156,0.05360329523682594,0.10649101436138153,-0.10041525959968567,2.959192991256714,3.80419921870593,1346.0513371093964,0.5361514091491699,0.37640509009361267,0.08743850886821747,0.13469232618808746,0.003404345829039812,0.2974439561367035
1086,0.01345994882285595,0.051382459700107574,0.10216547548770905,-0.00980436522513628,2.9991893768310547,3.8174335112655906,1273.7431185454466,0.5716203451156616,0.34655293822288513,0.08181505650281906,0.1335316002368927,0.00324738840572536,0.3297525644302368
1087,0.013888079673051834,0.049355629831552505,0.09834370017051697,-0.10414007306098938,2.9803647994995117,3.5538124053080873,1186.4930978038399,0.6031120419502258,0.31912940740585327,0.07774117588996887,0.13223184645175934,0.003039831295609474,0.3552533984184265
1088,0.014024688862264156,0.048932891339063644,0.096321240067482,-0.13029348850250244,2.9763998985290527,3.489053612250677,1249.8914208941985,0.5733361840248108,0.3476979434490204,0.07893818616867065,0.1298903226852417,0.002689677756279707,0.34429946541786194
1089,0.014056265354156494,0.04796994850039482,0.09411371499300003,-0.08485964685678482,2.8635897636413574,3.412709371113089,1309.7255874830612,0.5465553402900696,0.36252984404563904,0.09091483801603317,0.13572345674037933,0.0033269610721617937,0.3177764415740967
1090,0.012989970855414867,0.045086570084095,0.08718797564506531,-0.1344761997461319,2.772569179534912,3.470875383975923,1264.0441567119544,0.5664435029029846,0.33870619535446167,0.09484627097845078,0.13567915558815002,0.0035780330654233694,0.32938966155052185
1091,0.015028252266347408,0.05351638048887253,0.09476754069328308,-0.1682841181755066,2.8132054805755615,3.5610515139641414,1262.714146259925,0.5693123936653137,0.34175199270248413,0.08892141282558441,0.13483723998069763,0.00286810752004385,0.3322545289993286
1092,0.014194964431226254,0.050579410046339035,0.08967919647693634,-0.21213304996490479,2.9074740409851074,3.5631938556683274,1263.038102581598,0.5844455361366272,0.3228934109210968,0.09193364530801773,0.13987571001052856,0.0033200399484485388,0.32858768105506897
1093,0.014948340132832527,0.052276860922575,0.09442602097988129,-0.17048214375972748,2.8125083446502686,3.4971682778515962,1201.125154772698,0.6152147054672241,0.29383528232574463,0.09059735387563705,0.14289768040180206,0.0031975493766367435,0.35291486978530884
1094,0.013005582615733147,0.04699145630002022,0.08681350946426392,-0.07113509625196457,2.7530322074890137,3.613175794182447,1275.5644032110893,0.5762982964515686,0.3318599760532379,0.0918341726064682,0.13838115334510803,0.0038367020897567272,0.33973339200019836
1095,0.015979237854480743,0.05643649026751518,0.10437978804111481,-0.046018507331609726,2.7536211013793945,3.531863708265532,1313.0817941097355,0.5626273155212402,0.33923253417015076,0.09814015030860901,0.13408230245113373,0.003919399343430996,0.33709463477134705
1096,0.015478655695915222,0.05511603504419327,0.10614727437496185,-0.03971322625875473,2.713904857635498,3.5607766025299905,1300.179429091292,0.5617372989654541,0.3458137512207031,0.09227999299764633,0.1308286041021347,0.004081049468368292,0.32140544056892395
1097,0.01618354022502899,0.06429214030504227,0.12144459784030914,-0.1358116716146469,3.1359128952026367,3.972687026886567,1326.637980917864,0.5444910526275635,0.36926692724227905,0.08624029159545898,0.12429338693618774,0.003218907630071044,0.31453466415405273
1098,0.01613948866724968,0.06379920244216919,0.12050780653953552,-0.19241106510162354,3.1644105911254883,3.9529878395514366,1331.1544783939974,0.5375936627388,0.3769582509994507,0.08544488996267319,0.12470585852861404,0.0040913843549788,0.3100358545780182
1099,0.013529670424759388,0.04363146051764488,0.0821419209241867,-0.08026616275310516,2.775272846221924,3.224872383777667,1330.8729276709068,0.5418474674224854,0.3698814809322357,0.08822612464427948,0.13019399344921112,0.003025537123903632,0.3236026465892792
1100,0.015935242176055908,0.059509191662073135,0.11106357723474503,-0.03967071324586868,2.9830236434936523,3.7344391130595085,1375.351528304896,0.5273625254631042,0.3763945698738098,0.09612740576267242,0.12409978359937668,0.0038491301238536835,0.3185870349407196
1101,0.015051172114908695,0.056152135133743286,0.10522715002298355,-0.07087985426187515,3.1618831157684326,3.730748323208127,1365.4465643089786,0.5263276100158691,0.39032644033432007,0.08294631540775299,0.12452195584774017,0.0032194016966968775,0.3010350465774536
1102,0.016093650832772255,0.052979644387960434,0.10522501170635223,-0.08037813752889633,2.930725336074829,3.2919593531123184,1302.403176981705,0.5454522967338562,0.3846835196018219,0.06972982734441757,0.12978827953338623,0.0029198224656283855,0.2911536693572998
1103,0.01569698192179203,0.054138198494911194,0.10317758470773697,-0.1407846063375473,2.8195762634277344,3.4489559051031646,1259.4890746087958,0.5589630007743835,0.3635992705821991,0.07727105170488358,0.12950855493545532,0.002592551289126277,0.3176966607570648
1104,0.016105417162179947,0.05772415176033974,0.11247693002223969,-0.10355059802532196,2.9247500896453857,3.5841450845686973,1293.1889931546145,0.5473531484603882,0.3673994243144989,0.08514184504747391,0.12375786155462265,0.0026393583975732327,0.32810133695602417
1105,0.015116607770323753,0.06019045040011406,0.11330850422382355,-0.14517374336719513,3.022235631942749,3.9817432132026016,1320.1367217495115,0.5293532013893127,0.38845962285995483,0.08217538148164749,0.12541316449642181,0.0027917874976992607,0.31388208270072937
1106,0.01572631672024727,0.06317249685525894,0.1087636947631836,-0.1818673461675644,3.080817222595215,4.016992533916656,1340.0588098178418,0.5164610147476196,0.40716370940208435,0.07636923342943192,0.12603755295276642,0.0025657014921307564,0.29359886050224304
1107,0.01629123091697693,0.05777629837393761,0.10422736406326294,-0.14682452380657196,3.0046792030334473,3.546466112034729,1343.9896839478154,0.5215268135070801,0.4017491042613983,0.07668343931436539,0.1222509890794754,0.003296964569017291,0.30693987011909485
1108,0.015627821907401085,0.05289439857006073,0.0979163721203804,-0.15168558061122894,2.821977376937866,3.384630237027859,1289.537332178948,0.5588491559028625,0.3581681549549103,0.08296504616737366,0.13033801317214966,0.002952353097498417,0.3365427851676941
1109,0.015063321217894554,0.043681636452674866,0.08396723866462708,-0.12781286239624023,2.7505385875701904,2.899867553636389,1221.205504609247,0.5907533168792725,0.3289785385131836,0.0802508145570755,0.1394241452217102,0.004054073244333267,0.34223875403404236
1110,0.014788202941417694,0.051816437393426895,0.09596240520477295,-0.13166502118110657,2.8736841678619385,3.503903590935947,1271.5910859214061,0.5558676719665527,0.35412469506263733,0.0899992436170578,0.13157540559768677,0.0035325002390891314,0.32570725679397583
1111,0.015409035608172417,0.051943179219961166,0.09630313515663147,-0.1306040734052658,2.873249053955078,3.370955881823088,1330.6461480114833,0.5266129374504089,0.3788532018661499,0.09445594996213913,0.1258413940668106,0.0033628845121711493,0.3004332482814789
1112,0.014327367767691612,0.046832505613565445,0.09362665563821793,-0.13090531527996063,2.8873536586761475,3.2687445712048073,1349.728515757538,0.5183810591697693,0.38960275053977966,0.09200538694858551,0.12371380627155304,0.003329677041620016,0.30008578300476074
1113,0.014044733718037605,0.046651143580675125,0.09183737635612488,-0.09072641283273697,2.8955962657928467,3.3216111116040317,1328.7857417658981,0.5247411131858826,0.3867340087890625,0.08850999921560287,0.12228043377399445,0.0035481806844472885,0.3082283139228821
1114,0.014050813391804695,0.045424070209264755,0.08594516664743423,-0.0630616769194603,2.8755874633789062,3.2328427500521815,1318.7157867099547,0.5409557819366455,0.377421498298645,0.08148231357336044,0.12310881912708282,0.002499435795471072,0.3206578195095062
1115,0.014821975491940975,0.05492287501692772,0.0971727967262268,-0.08840181678533554,2.9148318767547607,3.705503024417019,1307.9048947041135,0.5584858655929565,0.35998132824897766,0.0814855769276619,0.128280371427536,0.0028663359116762877,0.3216083347797394
1116,0.01344339456409216,0.05086420476436615,0.09651817381381989,-0.08261308073997498,2.8754193782806396,3.783583418465071,1242.783289561204,0.5768820643424988,0.3487406373023987,0.0742758959531784,0.13625778257846832,0.00240767328068614,0.3400396704673767
1117,0.015664594247937202,0.05700288712978363,0.11016371101140976,-0.09348219633102417,3.0431337356567383,3.63896352653061,1323.047810410085,0.5246657133102417,0.40383949875831604,0.07149211317300797,0.12132152915000916,0.0029407506808638573,0.3091459274291992
1118,0.01624365523457527,0.05860917642712593,0.1131887137889862,-0.09147865325212479,3.1090996265411377,3.6081273320038107,1358.9831613699478,0.516599178314209,0.4048388600349426,0.07855436205863953,0.12026949226856232,0.0027984182815998793,0.2978948652744293
1119,0.014588255435228348,0.04920855909585953,0.09530539810657501,-0.05665929242968559,2.9111263751983643,3.37316270002069,1283.1344708441525,0.5471954345703125,0.37183982133865356,0.08096063137054443,0.12767118215560913,0.003035280853509903,0.3216276466846466
1120,0.015009094029664993,0.05129317194223404,0.09645238518714905,-0.08673753589391708,2.865870237350464,3.417472889265485,1252.0261199387671,0.5544040203094482,0.36230936646461487,0.083246611058712,0.12691648304462433,0.003166249953210354,0.33431878685951233
1121,0.013840730302035809,0.04790636897087097,0.08884645998477936,-0.18220925331115723,2.8901526927948,3.461260202459349,1249.0875830016425,0.5715442299842834,0.33582761883735657,0.09255699068307877,0.13585297763347626,0.003300273325294256,0.3367633521556854
1122,0.015610582195222378,0.0555618591606617,0.10943344235420227,-0.1923144906759262,3.028665065765381,3.559243240403114,1265.5488814227501,0.5668730139732361,0.3425438404083252,0.09040752053260803,0.14069227874279022,0.0033440033439546824,0.3220077455043793
1123,0.014092713594436646,0.04880193993449211,0.09700582176446915,-0.10212771594524384,2.9763095378875732,3.462920012104315,1302.3794492970835,0.5607532262802124,0.34677761793136597,0.09230835735797882,0.13259369134902954,0.0024622061755508184,0.32267722487449646
1124,0.014705037698149681,0.05667173117399216,0.10695387423038483,-0.09429474920034409,2.920653820037842,3.8538990741430874,1260.117027571773,0.5702999830245972,0.34722578525543213,0.08245411515235901,0.12851539254188538,0.003642082680016756,0.34041449427604675
1125,0.013561504893004894,0.052760809659957886,0.09110777080059052,-0.104031041264534,2.964263677597046,3.890483399322574,1262.8195617815759,0.562246561050415,0.3598008155822754,0.07792787998914719,0.13280226290225983,0.0032060914672911167,0.3296336531639099
1126,0.014310869388282299,0.04847915470600128,0.09275931119918823,-0.107411228120327,3.009351968765259,3.387575792027583,1333.616476733037,0.5413519740104675,0.3697052597999573,0.08892538398504257,0.1324140876531601,0.003571289824321866,0.3020518124103546
1127,0.013556738384068012,0.05685295909643173,0.1049189567565918,-0.05979625880718231,3.15604829788208,4.193704819077432,1430.8057924379743,0.504895806312561,0.4013345539569855,0.09356583654880524,0.11906450241804123,0.003967855125665665,0.2971346974372864
1128,0.016184920445084572,0.06663866341114044,0.12303793430328369,-0.03844179958105087,2.926051378250122,4.117330303422131,1421.0598519173316,0.5018569827079773,0.4079701900482178,0.09015443176031113,0.11884275078773499,0.003706857794895768,0.30602550506591797
1129,0.013860485516488552,0.045801833271980286,0.0887371376156807,-0.11955246329307556,2.78405499458313,3.3044898184980274,1286.1851814629076,0.5470324754714966,0.37279409170150757,0.08016758412122726,0.1303284615278244,0.003069943282753229,0.3291555643081665
1130,0.014165010303258896,0.04937664046883583,0.09295825660228729,-0.0949208065867424,2.928311824798584,3.4858174761786156,1407.1732172875672,0.5181837677955627,0.3927003741264343,0.08888948708772659,0.12245799601078033,0.00404815748333931,0.3046843111515045
1131,0.015163987874984741,0.05279380828142166,0.09930966794490814,-0.08328761160373688,2.865591049194336,3.4815253555452514,1388.7551994155983,0.5259969830513,0.3791002929210663,0.09479580074548721,0.12403620034456253,0.0032017435878515244,0.31190362572669983
1132,0.016269559040665627,0.05481136217713356,0.09701526165008545,-0.08368315547704697,2.6828196048736572,3.3689519203786698,1258.6753804580505,0.5679178237915039,0.34879550337791443,0.08328579366207123,0.12702324986457825,0.003530452959239483,0.320835679769516
1133,0.01598646678030491,0.05474446713924408,0.10550515353679657,-0.0398925356566906,2.847175359725952,3.4244256650421363,1370.3517361900613,0.5162009596824646,0.40096431970596313,0.08276057988405228,0.11490583419799805,0.0024704551324248314,0.30719587206840515
1134,0.014645752497017384,0.05519694834947586,0.1050352156162262,-0.10508985072374344,3.1306307315826416,3.768802480920523,1381.0450344743253,0.4939849376678467,0.4240432679653168,0.08196792751550674,0.11245667189359665,0.0020284419879317284,0.29368042945861816
1135,0.014999142847955227,0.06011761724948883,0.11125388741493225,-0.20685409009456635,3.1668272018432617,4.00807018473568,1315.2986628994681,0.5336747169494629,0.3833647072315216,0.0829605832695961,0.1268128901720047,0.0027305965777486563,0.3030088543891907
1136,0.01477968692779541,0.060419559478759766,0.10762922465801239,-0.17270666360855103,2.9169793128967285,4.088013485660764,1312.2988169859668,0.5483190417289734,0.36501502990722656,0.08661484718322754,0.13389059901237488,0.0038870342541486025,0.30873435735702515
1137,0.015002084895968437,0.04786445572972298,0.09236600995063782,-0.10229000449180603,2.7390670776367188,3.1905202549143845,1307.0221496571194,0.5490438342094421,0.3682717978954315,0.08223669975996017,0.1270635426044464,0.0038226537872105837,0.31873080134391785
1138,0.01375571358948946,0.05390523001551628,0.1059497743844986,-0.06463994830846786,3.02980375289917,3.9187519906481425,1328.488848170049,0.5448177456855774,0.373422235250473,0.08109359443187714,0.12878771126270294,0.0031235332135111094,0.32093530893325806
1139,0.016389740630984306,0.06211629509925842,0.12234649062156677,-0.07137255370616913,3.1978745460510254,3.789949853022049,1379.53371413684,0.5119389891624451,0.408004492521286,0.07975149899721146,0.12676964700222015,0.0032198976259678602,0.29229238629341125
1140,0.01628999039530754,0.056028809398412704,0.10676059126853943,-0.09090951830148697,2.883744478225708,3.439462395945475,1360.6750018177058,0.5200745463371277,0.39469048380851746,0.08505074679851532,0.11952332407236099,0.0025254308711737394,0.299986869096756
1141,0.014557469636201859,0.04536501318216324,0.08712653815746307,-0.040015555918216705,2.6237175464630127,3.116270499801159,1277.7673811351606,0.5664553642272949,0.3349652886390686,0.09826193004846573,0.12769217789173126,0.0032338628079742193,0.3308454751968384
1142,0.014582064002752304,0.052734993398189545,0.10057607293128967,-0.011207476258277893,2.797276735305786,3.6164286060340705,1290.3823284273544,0.5584542155265808,0.34143009781837463,0.10007992386817932,0.1318102329969406,0.0035195935051888227,0.3179948627948761
1143,0.013846573419868946,0.052565429359674454,0.10153855383396149,-0.10992543399333954,3.1250293254852295,3.796277083285468,1345.9598127922952,0.5314978957176208,0.37640249729156494,0.09207602590322495,0.12726955115795135,0.0028488340321928263,0.291395366191864
1144,0.01583353988826275,0.06381374597549438,0.11788207292556763,-0.1309930831193924,3.187962770462036,4.030289273390382,1341.6448880401954,0.5119426846504211,0.397580623626709,0.09037850797176361,0.12138903886079788,0.0026009127032011747,0.2974884808063507
1145,0.014258782379329205,0.057877086102962494,0.10686568170785904,-0.04502282291650772,3.0517187118530273,4.059048280504456,1307.0404957049557,0.5189688801765442,0.3949705958366394,0.08605298399925232,0.11926651746034622,0.0035814745351672173,0.3067995011806488
1146,0.015991535037755966,0.06745060533285141,0.11992029845714569,0.0023366340901702642,3.0187489986419678,4.217894352817465,1267.6043803198086,0.5586017966270447,0.35938477516174316,0.08190912753343582,0.1303143948316574,0.0029413856100291014,0.3230264186859131
1147,0.01313727255910635,0.0567031092941761,0.10084014385938644,-0.0443691685795784,2.8756134510040283,4.316201025345634,1268.5991479455113,0.5651546120643616,0.35144680738449097,0.08338810503482819,0.1320478767156601,0.0030407351441681385,0.3215075135231018
1148,0.015081259422004223,0.0484318770468235,0.0913553386926651,-0.16788524389266968,2.796210527420044,3.2113947309299555,1230.68473806874,0.5842392444610596,0.32927820086479187,0.0864635780453682,0.13738490641117096,0.00239962269552052,0.3535687327384949
1149,0.013470577076077461,0.04453278332948685,0.08660879731178284,-0.13375194370746613,2.922731399536133,3.3059298851618726,1220.188318551259,0.572790265083313,0.35041680932044983,0.07677985727787018,0.13596756756305695,0.003138917963951826,0.34401366114616394
1150,0.013557913713157177,0.052860841155052185,0.0928431898355484,-0.08962071686983109,2.8401548862457275,3.8988919880685535,1234.0668774309333,0.5603727102279663,0.37375715374946594,0.06569468230009079,0.12803487479686737,0.0030245499219745398,0.32639676332473755
1151,0.015818685293197632,0.06252375990152359,0.11287263035774231,-0.03074955940246582,2.813302755355835,3.952525683310585,1307.284899884797,0.5600255131721497,0.3477610647678375,0.09214257448911667,0.12997081875801086,0.0035880613140761852,0.31173020601272583
1152,0.01464505773037672,0.048326101154088974,0.09183096885681152,0.09206023067235947,2.814972162246704,3.2998231922672003,1407.2257490272473,0.5295668840408325,0.36330297589302063,0.10709884762763977,0.1296158879995346,0.0034545757807791233,0.3067004978656769
1153,0.015582890249788761,0.05169391259551048,0.10328084230422974,-0.04253387078642845,2.864004135131836,3.317350745821616,1394.4112356701407,0.5323097705841064,0.36997830867767334,0.09762255847454071,0.13128702342510223,0.0030547333881258965,0.3159789443016052
1154,0.015101495198905468,0.05445943400263786,0.10298927128314972,-0.1428782343864441,2.8872625827789307,3.6062279450963746,1302.2794340768044,0.558118462562561,0.3544227182865143,0.08739413321018219,0.13291984796524048,0.0038845459930598736,0.33025726675987244
1155,0.014122050255537033,0.05118473619222641,0.09676221013069153,-0.059723421931266785,2.793529987335205,3.6244550375065567,1268.4425914372264,0.573260486125946,0.3435520529747009,0.08303965628147125,0.13180837035179138,0.002684162463992834,0.3461912274360657
1156,0.013863383792340755,0.04355471208691597,0.08634060621261597,-0.05940882861614227,2.6398966312408447,3.1417085998756935,1326.8077635964328,0.5665396451950073,0.33986321091651917,0.09348294883966446,0.13926111161708832,0.004288866650313139,0.32101964950561523
1157,0.013282309286296368,0.07030903548002243,0.11186230182647705,-0.1529536098241806,3.019284963607788,5.293434594786034,1270.0016651138717,0.5829043984413147,0.33252212405204773,0.08447064459323883,0.13353759050369263,0.003093260107561946,0.3461662828922272
1158,0.013591784983873367,0.07120108604431152,0.11700375378131866,-0.1931730955839157,3.251326560974121,5.2385382879108935,1266.08355011931,0.5833548903465271,0.3310106098651886,0.08539564907550812,0.12945736944675446,0.0028241509571671486,0.3538397550582886
1159,0.015390822663903236,0.05121729522943497,0.10218513011932373,-0.15128648281097412,2.9670937061309814,3.3277815191925595,1303.865314568333,0.5457565188407898,0.37012121081352234,0.08409376442432404,0.13230890035629272,0.0029929860029369593,0.32886210083961487
1160,0.01468837633728981,0.0491168238222599,0.09666870534420013,-0.11740075051784515,2.8214282989501953,3.3439246579093744,1281.3475984085273,0.5430145859718323,0.37587639689445496,0.08070596307516098,0.12884825468063354,0.0034660601522773504,0.31889817118644714
1161,0.01458684355020523,0.04572877287864685,0.08792886137962341,-0.05027627944946289,2.7828760147094727,3.1349327027551848,1296.2149215732215,0.5579491853713989,0.3539743423461914,0.08799009770154953,0.12982617318630219,0.0034096892923116684,0.3249381482601166
1162,0.013966587372124195,0.04431227222084999,0.08519308269023895,-0.07123104482889175,2.783719301223755,3.1727344008257723,1247.246568629691,0.5838590264320374,0.32680103182792664,0.08928988873958588,0.13323408365249634,0.0035950918681919575,0.3377239406108856
1163,0.014068206772208214,0.05073566734790802,0.10015624761581421,-0.12284362316131592,2.8453872203826904,3.606406144422762,1243.233320200643,0.5937557220458984,0.3143717050552368,0.09185709804296494,0.14357613027095795,0.0025568220298737288,0.3412259817123413
1164,0.014308257959783077,0.04777368903160095,0.0915149599313736,0.10264723002910614,2.9510014057159424,3.3388892737705675,1518.1556191833747,0.46953344345092773,0.38759392499923706,0.1428643763065338,0.13917478919029236,0.005100414156913757,0.2143254280090332
1165,0.013803270645439625,0.05285508930683136,0.09572730958461761,0.10523475706577301,3.002812385559082,3.8291714087678668,1492.397171248603,0.4714048206806183,0.39685726165771484,0.13166524469852448,0.13898120820522308,0.004355446435511112,0.2284117192029953
1166,0.014323985204100609,0.05464504659175873,0.09806415438652039,-0.003569420427083969,2.8476438522338867,3.8149331913789077,1462.006000823189,0.4820084273815155,0.3811885714530945,0.13678941130638123,0.14457960426807404,0.004638187121599913,0.23571763932704926
1167,0.01568349450826645,0.0570480115711689,0.10729292035102844,-0.042464159429073334,2.823495864868164,3.6374553858174026,1398.6620314959523,0.5041427612304688,0.37688690423965454,0.11895950138568878,0.14806267619132996,0.00360872526653111,0.24326291680335999
1168,0.014203011058270931,0.050713956356048584,0.10114499926567078,0.061794254928827286,2.974663496017456,3.570648233984536,1522.2489138077322,0.46469971537590027,0.4129038453102112,0.12232845276594162,0.14024288952350616,0.004367218352854252,0.21555925905704498
1169,0.014842147938907146,0.06306096911430359,0.1204482764005661,0.10368193686008453,3.171948194503784,4.248776482327537,1597.1271009854706,0.44242697954177856,0.40855833888053894,0.14893728494644165,0.13237659633159637,0.003695559687912464,0.20191505551338196
1170,0.014491860754787922,0.06247672438621521,0.11929871141910553,-0.047562140971422195,3.137874126434326,4.311159583924552,1473.2199463518552,0.4868771433830261,0.3735475540161133,0.13934235274791718,0.13527654111385345,0.0048436508513987064,0.22528502345085144
1171,0.013390982523560524,0.048027362674474716,0.0905165746808052,-0.11156432330608368,2.96964168548584,3.5865450937888452,1395.049066820434,0.5157889127731323,0.36797305941581726,0.1159614846110344,0.14697614312171936,0.004331307020038366,0.2539161741733551
1172,0.015410026535391808,0.05569038912653923,0.10864975303411484,-0.06805484741926193,3.0419702529907227,3.6139061146340437,1462.522411003487,0.4770120680332184,0.3865964412689209,0.13638807833194733,0.14255408942699432,0.0038377689197659492,0.23145687580108643
1173,0.013062321580946445,0.04501326382160187,0.08874079585075378,-0.10122957080602646,2.9589133262634277,3.4460385574808625,1466.2927596264617,0.4715765714645386,0.3986521363258362,0.12976396083831787,0.14514894783496857,0.0032523153349757195,0.22765325009822845
1174,0.013990390114486217,0.04769051820039749,0.09400564432144165,-0.0701138898730278,2.790184736251831,3.408805459084946,1452.727074333861,0.48994866013526917,0.3822767436504364,0.12772153317928314,0.14779824018478394,0.004646915942430496,0.23409008979797363
1175,0.014423341490328312,0.04967465251684189,0.09064410626888275,-0.0698406845331192,2.842985153198242,3.4440460656573637,1484.1741695117348,0.4793515205383301,0.3901650905609131,0.13018207252025604,0.13982219994068146,0.00452588964253664,0.23277227580547333
1176,0.015204669907689095,0.05268299579620361,0.09880603104829788,-0.06144717335700989,3.0892081260681152,3.464922034650458,1541.089829535863,0.45555615425109863,0.3969210386276245,0.14751340448856354,0.13482549786567688,0.004357001278549433,0.22356034815311432
1177,0.014163331128656864,0.04851781576871872,0.0908985584974289,-0.10184622555971146,3.057021379470825,3.4255935503143293,1537.9288507874023,0.4501951336860657,0.398499459028244,0.1512509137392044,0.1371309608221054,0.0042349547147750854,0.21828092634677887
1178,0.015315123833715916,0.06022670492529869,0.11865122616291046,-0.10961280018091202,3.26767635345459,3.9324987231757405,1540.9618789655144,0.45395901799201965,0.403697669506073,0.14234302937984467,0.13686034083366394,0.003831536043435335,0.22586262226104736
1179,0.014322875998914242,0.05616535618901253,0.11062473803758621,-0.07778800278902054,3.201904296875,3.9213741841616736,1529.5110384709503,0.4562188684940338,0.41545161604881287,0.12816570699214935,0.1309179961681366,0.00436422461643815,0.21640321612358093
1180,0.014780144207179546,0.05274594575166702,0.09853627532720566,-0.10523594170808792,2.832911252975464,3.5687030524693153,1445.3232904694373,0.47849079966545105,0.411494642496109,0.10971474647521973,0.14035606384277344,0.004041450563818216,0.21758385002613068
1181,0.013354170136153698,0.04839855432510376,0.09070299565792084,-0.17996610701084137,3.052217483520508,3.6242277751464536,1393.876897448759,0.5056666135787964,0.3921374976634979,0.10210052877664566,0.14951415359973907,0.00479833735153079,0.23620927333831787
1182,0.01357948500663042,0.04991854727268219,0.0933985561132431,-0.1810033619403839,3.0672109127044678,3.6760265389028053,1394.6504781237315,0.5148129463195801,0.37196284532546997,0.11321253329515457,0.14376601576805115,0.004044102039188147,0.2468586564064026
1183,0.015143971890211105,0.05484871566295624,0.10414381325244904,-0.10909442603588104,2.9178240299224854,3.6218183747942647,1492.1849059231786,0.4795195162296295,0.3861435055732727,0.1343359351158142,0.14015990495681763,0.005015563685446978,0.22283759713172913
1184,0.016175074502825737,0.05748208239674568,0.11223375797271729,-0.060581840574741364,3.0479304790496826,3.5537445211241527,1503.0828978602467,0.4567578434944153,0.4263722598552704,0.11686085164546967,0.14070935547351837,0.004305321257561445,0.2121945470571518
1185,0.014621848240494728,0.06206159293651581,0.11196437478065491,-0.0925651341676712,3.24833345413208,4.244442420103487,1445.858402185097,0.47671887278556824,0.40960097312927246,0.11367084830999374,0.13567249476909637,0.004868239164352417,0.22616340219974518
1186,0.015683792531490326,0.06704732775688171,0.11908094584941864,-0.22392554581165314,3.2304837703704834,4.274943551949403,1477.729800734439,0.4810033440589905,0.3896380066871643,0.1293146312236786,0.1353549361228943,0.003869092557579279,0.23741397261619568
1187,0.015945257619023323,0.0601029247045517,0.10868240892887115,-0.22118538618087769,3.044280529022217,3.7693291721469087,1525.799643756954,0.4641278386116028,0.41401055455207825,0.12181076407432556,0.13679422438144684,0.00371603318490088,0.22757862508296967
1188,0.01420695148408413,0.051444318145513535,0.10054284334182739,-0.1424134075641632,3.047088384628296,3.6210666447003,1623.2194803473426,0.4259192645549774,0.43503308296203613,0.13900725543498993,0.12977562844753265,0.003190866205841303,0.2138642966747284
1189,0.015452401712536812,0.05438542366027832,0.10819801688194275,-0.09321893006563187,3.0365188121795654,3.5195450305071283,1629.9893244436275,0.42817750573158264,0.41820910573005676,0.15360014140605927,0.129184752702713,0.003437763312831521,0.20810967683792114
1190,0.01409867126494646,0.051376961171627045,0.09900042414665222,-0.14362148940563202,2.946528673171997,3.644099518493032,1500.6250292935088,0.4769933223724365,0.38281020522117615,0.14019536972045898,0.13851161301136017,0.0034556447062641382,0.23431704938411713
1191,0.014826750382781029,0.053470510989427567,0.09581857174634933,-0.11263184249401093,2.846251964569092,3.6063540293980343,1432.4857625489099,0.49343186616897583,0.3831576704978943,0.12336832284927368,0.14179490506649017,0.0034431228414177895,0.2446160465478897
1192,0.014931397512555122,0.047074317932128906,0.0931549221277237,-0.11734981834888458,2.8705220222473145,3.15270676367658,1415.7041870953778,0.4949718713760376,0.39362862706184387,0.11138352006673813,0.14294056594371796,0.003444852540269494,0.23619264364242554
1193,0.012962776236236095,0.04308415949344635,0.08417709171772003,-0.16682195663452148,2.9701478481292725,3.3236830371016794,1417.6705677302286,0.5009448528289795,0.38753145933151245,0.11152353882789612,0.14638681709766388,0.00356356892734766,0.23318660259246826
1194,0.01454274170100689,0.05090324208140373,0.10116949677467346,-0.06601537764072418,3.057516098022461,3.5002507178119733,1500.614517115766,0.46744275093078613,0.40843483805656433,0.12405955791473389,0.14028987288475037,0.004169612191617489,0.21834781765937805
1195,0.016181154176592827,0.05923263356089592,0.11772594600915909,-0.05984910577535629,3.1064391136169434,3.6605938557163915,1531.5677652147895,0.45190033316612244,0.423380047082901,0.12463819235563278,0.13611093163490295,0.003849453991279006,0.2175898253917694
1196,0.015518158674240112,0.06476929783821106,0.12742532789707184,-0.08822654187679291,3.2377705574035645,4.173774685108308,1553.775812222122,0.44891852140426636,0.41791799664497375,0.13269232213497162,0.13262009620666504,0.004700725432485342,0.21089504659175873
1197,0.01583942584693432,0.06685544550418854,0.13301648199558258,-0.1484062224626541,3.3421101570129395,4.2208250567937995,1578.8592114037258,0.4400770366191864,0.43073999881744385,0.12902621924877167,0.1280890554189682,0.003200533566996455,0.21335460245609283
1198,0.015451192855834961,0.06748849153518677,0.11640559136867523,-0.20936910808086395,3.2692694664001465,4.367849923336675,1494.4496694450697,0.4684578478336334,0.41172707080841064,0.11973594129085541,0.14232629537582397,0.003966136369854212,0.22339902818202972
1199,0.013624293729662895,0.05132260546088219,0.09427383542060852,-0.1950906217098236,3.1623029708862305,3.7669919979319957,1485.1798969810934,0.466349333524704,0.4276283383369446,0.1060018390417099,0.14092133939266205,0.004269744269549847,0.21759876608848572
1200,0.015916137024760246,0.058394044637680054,0.10429652035236359,-0.1615217626094818,3.051650285720825,3.6688578731867776,1529.5285933441498,0.451429158449173,0.4400610625743866,0.1084560677409172,0.127522274851799,0.004005226772278547,0.2188926339149475
1201,0.01611705683171749,0.052975814789533615,0.1052882969379425,-0.11749886721372604,3.015806198120117,3.2869409929729327,1586.5736344341137,0.4383712410926819,0.437839537858963,0.12368740141391754,0.1300957053899765,0.0032135515939444304,0.21233883500099182
1202,0.01349505502730608,0.05109954625368118,0.09644672274589539,-0.12187201529741287,3.0918331146240234,3.7865385614581872,1554.0436885404795,0.4584926962852478,0.4107797145843506,0.13066807389259338,0.13856294751167297,0.0044889263808727264,0.21572567522525787
1203,0.015158829279243946,0.05970462039113045,0.1041252613067627,-0.06112014129757881,2.9697484970092773,3.93860365384164,1406.2401853112087,0.5173003673553467,0.3557146489620209,0.12689855694770813,0.1453297734260559,0.003856158582493663,0.24963903427124023
1204,0.01494884118437767,0.06478777527809143,0.11130012571811676,-0.13021977245807648,3.119626045227051,4.333966390750349,1424.5255520893222,0.5084661245346069,0.3573586344718933,0.13408157229423523,0.13938850164413452,0.00430558156222105,0.2407461404800415
1205,0.015632733702659607,0.06612232327461243,0.12029235064983368,-0.22584907710552216,3.1894569396972656,4.2297351524086455,1495.6602537345116,0.4743868112564087,0.38890016078948975,0.1367129236459732,0.13663503527641296,0.0036626337096095085,0.22865982353687286
1206,0.014401277527213097,0.05230652913451195,0.09902140498161316,-0.025401722639799118,2.9891738891601562,3.6320756288488885,1507.9699606956015,0.4652246832847595,0.39776748418807983,0.1369801163673401,0.13669772446155548,0.0032448982819914818,0.21638540923595428
1207,0.015156107023358345,0.05568897724151611,0.10472460836172104,0.03944836184382439,2.96148419380188,3.6743589334658835,1468.9909177456557,0.4856885075569153,0.37745052576065063,0.13685643672943115,0.1353275179862976,0.003455305937677622,0.2328808754682541
1208,0.015245670452713966,0.05174294859170914,0.10170754790306091,-0.16574659943580627,2.9580936431884766,3.3939437920294377,1425.2019733094005,0.5049782395362854,0.36720842123031616,0.12781237065792084,0.14493489265441895,0.003281692508608103,0.25059306621551514
1209,0.015035473741590977,0.06039692834019661,0.10997109115123749,-0.08127480000257492,3.0677242279052734,4.016962110685629,1486.7637279048415,0.46761834621429443,0.4225723445415497,0.10973846167325974,0.14065924286842346,0.0034172951709479094,0.21638299524784088
1210,0.016524475067853928,0.06516864150762558,0.1188429519534111,0.038680627942085266,2.9177703857421875,3.9437647027262224,1494.0604345580434,0.46499788761138916,0.42613285779953003,0.10878191888332367,0.1339602917432785,0.0035923393443226814,0.2184685617685318
1211,0.01574956439435482,0.050221920013427734,0.09648548066616058,-0.1519184559583664,2.813098669052124,3.188781527712614,1442.9341536622908,0.4900180399417877,0.39469897747039795,0.11527177691459656,0.14172124862670898,0.004351598210632801,0.24053320288658142
1212,0.015076776966452599,0.05206114798784256,0.09982658922672272,-0.16421639919281006,3.0164246559143066,3.4530687891869047,1483.1842215595148,0.47130271792411804,0.4143207371234894,0.11426478624343872,0.13935357332229614,0.003813342424109578,0.23474231362342834
1213,0.014996516518294811,0.051564667373895645,0.09980383515357971,-0.04446639120578766,3.0332133769989014,3.4384430082513853,1495.4869504078276,0.46309685707092285,0.41720789670944214,0.11957547068595886,0.1412169635295868,0.00484884437173605,0.2140224575996399
1214,0.013704046607017517,0.04875018820166588,0.09486161172389984,-0.020390069112181664,2.9527149200439453,3.5573571512187288,1469.8226214043632,0.47402751445770264,0.4090315103530884,0.1169409528374672,0.13937829434871674,0.004327811766415834,0.22001008689403534
1215,0.014682292938232422,0.0527939572930336,0.10267114639282227,-0.05172989144921303,2.9131247997283936,3.5957569782553067,1414.643632026217,0.5057451128959656,0.3804682493209839,0.11369717866182327,0.1385893076658249,0.004890006501227617,0.24288128316402435
1216,0.013523632660508156,0.054204802960157394,0.09762661159038544,-0.1784108281135559,3.0047802925109863,4.008154045357845,1459.216677843591,0.49022936820983887,0.38557198643684387,0.12409095466136932,0.14109285175800323,0.004414571449160576,0.23276616632938385
1217,0.015711672604084015,0.06038671359419823,0.11034183204174042,-0.13792406022548676,2.963587999343872,3.843429984319949,1555.231439888794,0.44008564949035645,0.42487022280693054,0.13501448929309845,0.12650224566459656,0.0035533499903976917,0.2130679041147232
1218,0.01615840382874012,0.05980253592133522,0.11198475956916809,-0.08229688555002213,2.928708076477051,3.7010175356099544,1573.9025097310393,0.43080076575279236,0.42518436908721924,0.14398832619190216,0.12498581409454346,0.0033445183653384447,0.2114873230457306
1219,0.01582082360982895,0.051846977323293686,0.10172362625598907,-0.10593995451927185,2.8704352378845215,3.277135160511224,1587.541496355159,0.43474099040031433,0.41398146748542786,0.15127688646316528,0.13188743591308594,0.004523690324276686,0.20556406676769257
1220,0.014177840203046799,0.05085720866918564,0.09577427059412003,-0.11306297034025192,2.99155330657959,3.587091400188683,1573.9990257205043,0.44890064001083374,0.39849433302879333,0.15258829295635223,0.12726256251335144,0.004083419218659401,0.2062123864889145
1221,0.015668930485844612,0.05720692127943039,0.10786008834838867,-0.157840758562088,3.249041795730591,3.6509780503181393,1533.4278165491335,0.4720044732093811,0.38548028469085693,0.14246200025081635,0.13054786622524261,0.004223537165671587,0.22133702039718628
1222,0.01425861194729805,0.05521734058856964,0.10850073397159576,-0.14749710261821747,3.252202033996582,3.8725607225155283,1552.0631565810388,0.4590393900871277,0.39392614364624023,0.14702969789505005,0.13750874996185303,0.00452436925843358,0.22276704013347626
1223,0.014758323319256306,0.05730227380990982,0.11266021430492401,-0.060191553086042404,3.0640552043914795,3.8827089342364847,1554.8141489927816,0.4630265235900879,0.3739171624183655,0.16305594146251678,0.14258956909179688,0.0036187879741191864,0.21715183556079865
1224,0.014565949328243732,0.051541950553655624,0.0994674563407898,-0.029261352494359016,2.8719422817230225,3.5385232633053305,1477.7941800331523,0.48380398750305176,0.3666810691356659,0.14950352907180786,0.1435294896364212,0.003527383552864194,0.23247218132019043
1225,0.01567794941365719,0.057469889521598816,0.10810777544975281,-0.05757986009120941,2.9520013332366943,3.6656509089046225,1465.953223302192,0.4827185869216919,0.3845328092575073,0.13271266222000122,0.1393795609474182,0.0033572327811270952,0.23657934367656708
1226,0.014697735197842121,0.056728899478912354,0.10884687304496765,-0.07404572516679764,3.027952194213867,3.8597034652918105,1522.485218298613,0.46620529890060425,0.3957184851169586,0.1380670666694641,0.13607749342918396,0.004067591391503811,0.22100430727005005
1227,0.01633947528898716,0.06293907761573792,0.12464401125907898,-0.05949801951646805,3.0758097171783447,3.8519644296232096,1534.2017092819349,0.461340993642807,0.40543481707572937,0.13322387635707855,0.13798744976520538,0.003809685120359063,0.2245102971792221
1228,0.015771524980664253,0.061600010842084885,0.116801917552948,-0.08668386191129684,3.0539865493774414,3.905773913029981,1492.446152579897,0.4724007546901703,0.3990500867366791,0.12853993475437164,0.14134572446346283,0.0051724957302212715,0.22852136194705963
1229,0.015597154386341572,0.05582893639802933,0.10601647198200226,-0.07841048389673233,2.9800217151641846,3.5794309020457793,1460.0184743180243,0.4766640067100525,0.4078724682331085,0.11542008072137833,0.14128559827804565,0.004775850102305412,0.23825770616531372
1230,0.014318527653813362,0.05229605734348297,0.0934474915266037,0.04482435807585716,3.0040977001190186,3.6523348352721836,1494.5974536314595,0.47103145718574524,0.40086159110069275,0.12800194323062897,0.1390926092863083,0.004317869897931814,0.22089849412441254
1231,0.013960950076580048,0.051239851862192154,0.09731625020503998,0.04099976271390915,2.9525742530822754,3.6702267093181904,1509.5520360194948,0.4691489338874817,0.4032582640647888,0.12747280299663544,0.13805225491523743,0.003793637501075864,0.22729849815368652
1232,0.01537318341434002,0.05796955153346062,0.10998542606830597,-0.07707550376653671,2.882082223892212,3.770822865198897,1458.6176308610309,0.4843432605266571,0.3979257047176361,0.11767826974391937,0.13561786711215973,0.004328800830990076,0.24424049258232117
1233,0.01426631212234497,0.04961339011788368,0.09272287040948868,-0.19085803627967834,3.014962673187256,3.4776604976066516,1486.5645487253537,0.47834548354148865,0.3953568637371063,0.1262873113155365,0.13940593600273132,0.003658495144918561,0.22564668953418732
1234,0.014275077730417252,0.04890596121549606,0.0931781530380249,-0.17921742796897888,3.0162034034729004,3.4259681197995553,1500.9649164032026,0.4749470055103302,0.3906550705432892,0.1343975067138672,0.13974978029727936,0.0040856353007256985,0.2182990312576294
1235,0.01365791168063879,0.05832480266690254,0.10120833665132523,-0.10837986320257187,2.9335315227508545,4.2704041457020345,1492.4805584772535,0.47770655155181885,0.3901810646057129,0.1321059763431549,0.1386253535747528,0.0038466588594019413,0.22850924730300903
1236,0.01581469178199768,0.06809327751398087,0.125131756067276,-0.017089158296585083,2.9127755165100098,4.305697414045572,1435.8521261459828,0.5024890899658203,0.3648092746734619,0.13249997794628143,0.14073172211647034,0.004292825702577829,0.24019235372543335
1237,0.014224719256162643,0.053795069456100464,0.10371007770299911,-0.03364429995417595,3.0487077236175537,3.781801839710317,1439.2819080897011,0.4939754605293274,0.385729044675827,0.1202552542090416,0.13884112238883972,0.004022337030619383,0.24454818665981293
1238,0.01600405015051365,0.06623969972133636,0.12489981949329376,-0.09828636795282364,3.3621392250061035,4.138933525840737,1555.3793595872776,0.44857367873191833,0.4144172668457031,0.13694234192371368,0.133047953248024,0.003664063522592187,0.2128244936466217
1239,0.014699217863380909,0.059325363487005234,0.11257605254650116,-0.16799688339233398,3.2545578479766846,4.035953751713704,1585.9276120475402,0.43277040123939514,0.4277759790420532,0.1394498348236084,0.1230972483754158,0.0038502097595483065,0.1923949122428894
1240,0.014810175634920597,0.06358303129673004,0.11738952994346619,-0.32809877395629883,3.301919460296631,4.293199004508479,1568.7366854479271,0.4418370723724365,0.42678168416023254,0.13137558102607727,0.12798818945884705,0.0032648718915879726,0.19852197170257568
1241,0.01439483929425478,0.06341154873371124,0.10881295800209045,-0.3159557282924652,3.2917935848236084,4.405158503896232,1544.3081137590593,0.46265146136283875,0.3939855694770813,0.14331446588039398,0.13902881741523743,0.003352181054651737,0.20989111065864563
1242,0.014562093652784824,0.050476688891649246,0.09903238713741302,-0.1851392388343811,3.051302433013916,3.4663071184499548,1498.8371460206008,0.47478392720222473,0.3997857868671417,0.12539809942245483,0.1395663470029831,0.002978997305035591,0.23314224183559418
1243,0.015219210647046566,0.05234122648835182,0.1006377637386322,-0.1350162774324417,2.9682040214538574,3.4391551374624005,1415.5134438999364,0.5031086802482605,0.39329710602760315,0.10356930643320084,0.14772655069828033,0.005163939669728279,0.24058589339256287
1244,0.013576342724263668,0.04548012465238571,0.0861857533454895,-0.14334796369075775,2.9064671993255615,3.3499540762000346,1406.4458294251908,0.5082294940948486,0.38236358761787415,0.10940363258123398,0.1469545066356659,0.00405757175758481,0.24095849692821503
1245,0.015273207798600197,0.058547452092170715,0.10268193483352661,-0.12077420949935913,2.91536283493042,3.833343516330819,1513.1898652175657,0.46826350688934326,0.4051485061645508,0.12658773362636566,0.13958154618740082,0.004213899839669466,0.22051723301410675
1246,0.013568718917667866,0.0522831492125988,0.08964239060878754,-0.17068810760974884,2.9920578002929688,3.853211900547778,1548.6383951837067,0.4555423855781555,0.4242677390575409,0.12018972635269165,0.13670793175697327,0.0037738068494945765,0.2258094698190689
1247,0.014617061242461205,0.05256981775164604,0.09665058553218842,-0.1990279108285904,3.0819363594055176,3.596469692234656,1560.1751133934008,0.4546869397163391,0.425150990486145,0.12014662474393845,0.13281019032001495,0.004853397142142057,0.231583371758461
1248,0.014795568771660328,0.059201907366514206,0.1044558733701706,-0.19195331633090973,3.1513099670410156,4.001326902410752,1512.893883372193,0.4742978513240814,0.40367087721824646,0.12203118205070496,0.1451440453529358,0.0041086915880441666,0.23139968514442444
1249,0.01507735624909401,0.060347385704517365,0.11031914502382278,-0.16789840161800385,3.1461448669433594,4.002517729468725,1480.4510935234198,0.4754909574985504,0.41068971157073975,0.11381308734416962,0.14554588496685028,0.004417199641466141,0.22424525022506714
1250,0.015992870554327965,0.05792541429400444,0.11050540208816528,0.009088024497032166,2.9508886337280273,3.6219523001583234,1558.0817191052347,0.43905919790267944,0.4322834312915802,0.12865586578845978,0.12902426719665527,0.0037249864544719458,0.21125678718090057
1251,0.013934260234236717,0.05212444067001343,0.09546373784542084,0.02514665573835373,2.9694087505340576,3.7407397156400193,1570.2570806735139,0.4434966742992401,0.4033094644546509,0.1531495302915573,0.12988266348838806,0.0036668130196630955,0.2074006050825119
1252,0.013848484493792057,0.053124044090509415,0.09946507960557938,-0.061179935932159424,3.121314764022827,3.8360908091053254,1496.4290187930255,0.4783639907836914,0.3659376800060272,0.15564259886741638,0.13756504654884338,0.0034153778105974197,0.2348363697528839
1253,0.015578292310237885,0.05314863100647926,0.10323521494865417,-0.07917619496583939,3.020534038543701,3.41171098504416,1455.7202234479535,0.4857158660888672,0.3895213007926941,0.12475939840078354,0.1371130794286728,0.003669227007776499,0.24721643328666687
1254,0.014590256847441196,0.04763840138912201,0.0930304229259491,-0.09474147856235504,2.906759023666382,3.2650831225230714,1479.0623397309905,0.4760146141052246,0.4080861210823059,0.11586625874042511,0.1409589648246765,0.004319541621953249,0.22833456099033356
1255,0.013567538931965828,0.04485085979104042,0.0874522477388382,-0.07555898278951645,2.846662759780884,3.305747638730832,1440.9388775679495,0.4961477816104889,0.39028018712997437,0.11353708803653717,0.1500876098871231,0.0036179504822939634,0.22646212577819824
1256,0.015879368409514427,0.06635221838951111,0.11556869745254517,-0.09124790132045746,2.8831682205200195,4.178517474635603,1463.8106961071724,0.483157217502594,0.39648693799972534,0.12034572660923004,0.1403709352016449,0.003934384323656559,0.22480586171150208
1257,0.016105882823467255,0.06610473245382309,0.11567194014787674,-0.20482389628887177,3.1428720951080322,4.104384290776044,1536.735098610636,0.45047223567962646,0.4242628514766693,0.12521028518676758,0.12811864912509918,0.003199684200808406,0.22250139713287354
1258,0.01518369372934103,0.061333611607551575,0.10890404134988785,-0.19191984832286835,3.063966751098633,4.039439460306738,1466.0476934895578,0.4771776497364044,0.4111025333404541,0.1116713434457779,0.14003176987171173,0.004428976681083441,0.22550666332244873
1259,0.013775631785392761,0.050248883664608,0.09585361182689667,-0.09986015409231186,2.853795289993286,3.647664545900729,1427.3937666739057,0.5034834146499634,0.38334041833877563,0.11317630112171173,0.14968276023864746,0.004008093383163214,0.2349669635295868
1260,0.015451513230800629,0.05086984857916832,0.1008773222565651,-0.035772133618593216,2.9377002716064453,3.292224380617525,1471.4535177461448,0.48451492190361023,0.38762176036834717,0.1278502196073532,0.1409684419631958,0.004720164462924004,0.23002249002456665
1261,0.01610099896788597,0.05971986800432205,0.10702180862426758,-0.09346362203359604,3.0442299842834473,3.7090784317001964,1476.0642036686104,0.47457343339920044,0.40114539861679077,0.12423168867826462,0.13395047187805176,0.003985854331403971,0.22673748433589935
1262,0.014305195771157742,0.051649171859025955,0.09415543079376221,-0.163545161485672,3.0178136825561523,3.610518351629339,1511.436390580118,0.4573128819465637,0.42526450753211975,0.11742127686738968,0.12776094675064087,0.0043527474626898766,0.21794189512729645
1263,0.01622738689184189,0.0567835196852684,0.10476389527320862,-0.030044281855225563,2.9020681381225586,3.499239899821231,1508.5162300031363,0.4451492428779602,0.44773319363594055,0.10711243003606796,0.12803322076797485,0.003647448727861047,0.2152434140443802
1264,0.01465107686817646,0.05264944210648537,0.09690292924642563,0.017812222242355347,2.8745932579040527,3.5935544244704247,1488.288722047152,0.45662951469421387,0.43025973439216614,0.11305373907089233,0.13214325904846191,0.0038826020900160074,0.2117074728012085
1265,0.014200774021446705,0.04741295054554939,0.0887308269739151,-0.0798603966832161,2.804448366165161,3.3387581881526507,1477.6554149481524,0.4838096797466278,0.3880552053451538,0.1276424080133438,0.14052511751651764,0.0037747735623270273,0.229664608836174
1266,0.01356535591185093,0.059109315276145935,0.10315659642219543,-0.11288226395845413,3.007584571838379,4.357372976860094,1474.618558919035,0.49122825264930725,0.37172695994377136,0.13693751394748688,0.14486245810985565,0.004099508747458458,0.23563677072525024
1267,0.015787798911333084,0.06813894957304001,0.1187603622674942,-0.1080382764339447,3.226724624633789,4.315924591604175,1515.4776555707142,0.4704461395740509,0.397122323513031,0.13240273296833038,0.1373285949230194,0.0049692303873598576,0.23173826932907104
1268,0.015719858929514885,0.06006188318133354,0.11013709008693695,-0.041010212153196335,2.9760355949401855,3.820764769379918,1473.248770498638,0.49077579379081726,0.37956488132476807,0.1296587437391281,0.13463132083415985,0.004918092396110296,0.23446819186210632
1269,0.01589471660554409,0.05412747710943222,0.10249421000480652,-0.047631990164518356,2.854269027709961,3.405375411798606,1433.7823471181557,0.5042291879653931,0.37080103158950806,0.12479895353317261,0.13717620074748993,0.0042899795807898045,0.23023466765880585
1270,0.016646383330225945,0.060003235936164856,0.1146298348903656,-0.07664414495229721,2.900552749633789,3.6045809316194477,1502.2985355302328,0.4741676151752472,0.3918605446815491,0.13396373391151428,0.13129664957523346,0.0038225953467190266,0.2199545055627823
1271,0.015681525692343712,0.05925934016704559,0.11079162359237671,-0.06748219579458237,2.910400629043579,3.7789269568457375,1598.3058890038571,0.4442828893661499,0.40662017464637756,0.14908497035503387,0.12686140835285187,0.004669927526265383,0.20680350065231323
1272,0.015481323003768921,0.059850141406059265,0.10547365993261337,-0.14876194298267365,3.0355892181396484,3.8659577988020026,1599.07865842864,0.448876291513443,0.38484999537467957,0.16627348959445953,0.13681206107139587,0.003813000163063407,0.20934893190860748
1273,0.013457504101097584,0.049821700900793076,0.09283305704593658,-0.20511290431022644,3.143569231033325,3.702150155245169,1504.0403753072162,0.48533686995506287,0.35795876383781433,0.15668842196464539,0.14332787692546844,0.003892511362209916,0.22248448431491852
1274,0.015142659656703472,0.05203894153237343,0.10037916898727417,-0.12794648110866547,3.1116461753845215,3.4365786928255924,1451.7815311737238,0.499767005443573,0.37402158975601196,0.12609684467315674,0.13575445115566254,0.003369250101968646,0.23426678776741028
1275,0.014162643812596798,0.054194629192352295,0.10811334103345871,-0.057832200080156326,3.1305809020996094,3.826589858902116,1468.8834670249273,0.49329307675361633,0.3704650104045868,0.13623757660388947,0.1390463262796402,0.004362702835351229,0.22978460788726807
1276,0.015142407268285751,0.05864826217293739,0.11682005226612091,-0.09694765508174896,3.0011496543884277,3.8731135102869123,1474.5682959049655,0.4879297912120819,0.3693704307079315,0.1426936537027359,0.14726093411445618,0.0036765194963663816,0.22630749642848969
1277,0.015636032447218895,0.05747322738170624,0.10029859095811844,-0.1485520303249359,2.814459800720215,3.675691232544931,1449.7549394566224,0.49636563658714294,0.3743590712547302,0.1291782557964325,0.1454317271709442,0.004514799453318119,0.23496113717556
1278,0.015791859477758408,0.05654368922114372,0.10645639896392822,-0.07003217935562134,2.8635830879211426,3.5805592936791584,1507.9383239941214,0.4761808514595032,0.3871828615665436,0.13625521957874298,0.1342727243900299,0.003770769340917468,0.2355046421289444
1279,0.013715782202780247,0.04288443177938461,0.08265192806720734,-0.015022017993032932,2.7068493366241455,3.126648640393627,1491.806729730787,0.47714942693710327,0.3850604295730591,0.13758820295333862,0.133903369307518,0.004424764309078455,0.2283449023962021
1280,0.014640865847468376,0.06118021160364151,0.11661525815725327,-0.03814450278878212,3.0223770141601562,4.178729061303553,1522.7673317142458,0.4663960635662079,0.38679829239845276,0.14669960737228394,0.13451234996318817,0.003512210678309202,0.22267845273017883
1281,0.014905844815075397,0.06306535750627518,0.12036718428134918,-0.06517873704433441,3.1941261291503906,4.230914670348744,1526.5849558170598,0.4736626148223877,0.3682195544242859,0.1581159234046936,0.13581769168376923,0.003965871874243021,0.22472608089447021
1282,0.01368521898984909,0.04905389994382858,0.09738875180482864,-0.022624798119068146,3.1158108711242676,3.5844439154849845,1538.644287868581,0.48331883549690247,0.3479151129722595,0.16876205801963806,0.1376790553331375,0.003917418420314789,0.23521766066551208
1283,0.015621367841959,0.05592561140656471,0.10906742513179779,-0.05443549156188965,3.2234935760498047,3.580071346426427,1622.1422740237163,0.4356204867362976,0.40718281269073486,0.1571957916021347,0.12948499619960785,0.003981240559369326,0.2056710422039032
1284,0.015472926199436188,0.05645165964961052,0.1063239574432373,-0.15906699001789093,3.081594228744507,3.6484152330552138,1515.278339428019,0.4674513638019562,0.40526992082595825,0.1272757202386856,0.1362963616847992,0.0038682420272380114,0.2145301103591919
1285,0.01571047306060791,0.06380487978458405,0.11702480912208557,-0.05439877510070801,3.1461727619171143,4.061295896971154,1465.9451071125013,0.49208202958106995,0.38444584608078003,0.1234719455242157,0.13909927010536194,0.003007148392498493,0.22252951562404633
1286,0.013940195553004742,0.05641237646341324,0.1049228236079216,-0.09684634953737259,3.211543083190918,4.046742116699151,1469.8624928693669,0.4925846755504608,0.37624114751815796,0.13103339076042175,0.14171038568019867,0.004668907728046179,0.23047931492328644
1287,0.014554928988218307,0.05120621249079704,0.09281906485557556,-0.28732070326805115,2.9926445484161377,3.5181355078220236,1445.0221489100386,0.5021452903747559,0.3690193295478821,0.12873686850070953,0.14793530106544495,0.004611330572515726,0.2429918646812439
1288,0.01562157366424799,0.07282140105962753,0.12230557203292847,-0.2198030650615692,3.1195826530456543,4.661591886970211,1496.0058437769085,0.4681704044342041,0.4009195864200592,0.13090813159942627,0.1444452553987503,0.003928484860807657,0.21659310162067413
1289,0.01501527801156044,0.069884292781353,0.12061585485935211,-0.1210097223520279,3.2237508296966553,4.6542123777457896,1479.2539201533932,0.4716928005218506,0.3997543454170227,0.1284971535205841,0.13942579925060272,0.002838859101757407,0.22177784144878387
1290,0.014651834964752197,0.05217893421649933,0.10106326639652252,-0.11203695088624954,3.113694190979004,3.561255934049525,1501.3723699697327,0.4820779860019684,0.36939892172813416,0.14830538630485535,0.14044493436813354,0.003117608604952693,0.23030395805835724
1291,0.01326423417776823,0.04421164467930794,0.0871785432100296,-0.050442613661289215,3.0519180297851562,3.333147174834756,1516.3164803538002,0.4815387427806854,0.3656739592552185,0.15272308886051178,0.14475996792316437,0.003340987954288721,0.23071759939193726
1292,0.014103407971560955,0.05207167938351631,0.09678404033184052,-0.014409050345420837,3.0237255096435547,3.6921345170489968,1511.343115672402,0.46828824281692505,0.4097805321216583,0.12189231067895889,0.13834840059280396,0.004164501558989286,0.2233850657939911
1293,0.014479434117674828,0.05807382985949516,0.11184881627559662,-0.1377052515745163,3.053870916366577,4.010780351187519,1513.9735937119822,0.47371259331703186,0.4007241725921631,0.12554699182510376,0.14165471494197845,0.003962006885558367,0.22783543169498444
1294,0.013174486346542835,0.0525052584707737,0.09214144200086594,-0.15267711877822876,2.9435982704162598,3.985374236663611,1462.3859551809403,0.4960683286190033,0.36472195386886597,0.13920189440250397,0.14296135306358337,0.005320095922797918,0.2382371425628662
1295,0.014525312930345535,0.05236741527915001,0.0962863638997078,-0.09321180731058121,2.8405776023864746,3.6052521227368155,1484.017564001596,0.477321058511734,0.39010342955589294,0.13256271183490753,0.13823302090168,0.004475248511880636,0.24122591316699982
1296,0.015225546434521675,0.051781293004751205,0.09708729386329651,-0.1553981900215149,2.8526692390441895,3.4009480857740404,1576.8369133729443,0.4504729211330414,0.3866310715675354,0.1628754436969757,0.13102471828460693,0.004043391905725002,0.22160153090953827
1297,0.0144064174965024,0.049391258507966995,0.09839160740375519,-0.1287912279367447,2.9510326385498047,3.4284205991204835,1550.417206873435,0.46489837765693665,0.37794601917266846,0.15708589553833008,0.1353650987148285,0.00332383019849658,0.21546989679336548
1298,0.013224423862993717,0.04611813649535179,0.09100447595119476,-0.06927800923585892,2.9210000038146973,3.4873456091284356,1437.2169069002941,0.4946720004081726,0.38639259338378906,0.11878395825624466,0.14542411267757416,0.004194565583020449,0.22294561564922333
1299,0.013563818298280239,0.04460880160331726,0.08450192958116531,-0.040175147354602814,2.804816246032715,3.2888085507371043,1466.4648243792624,0.4855639636516571,0.38298359513282776,0.13142696022987366,0.13925835490226746,0.004894551821053028,0.22754943370819092
1300,0.015661081299185753,0.05211399123072624,0.10061603784561157,-0.004391221329569817,2.9320592880249023,3.3276113080460243,1500.8184470491342,0.4743930697441101,0.39459228515625,0.13101375102996826,0.14036712050437927,0.003421350149437785,0.22781170904636383
1301,0.015808207914233208,0.05747789144515991,0.10563302040100098,-0.14894011616706848,3.0853066444396973,3.6359523959558184,1463.2413393850807,0.47005143761634827,0.41404590010643005,0.11581175774335861,0.14425961673259735,0.0037414217367768288,0.2220716029405594
1302,0.01516862865537405,0.05736062303185463,0.11098450422286987,-0.07146558910608292,3.0811963081359863,3.781529914884624,1517.9303189302707,0.4510379731655121,0.42228713631629944,0.12667468190193176,0.1330478936433792,0.004263087175786495,0.21316350996494293
1303,0.014311817474663258,0.055014122277498245,0.10438370704650879,-0.05191252753138542,3.170881509780884,3.8439647774329027,1528.659508644586,0.4590640962123871,0.41272661089897156,0.12820608913898468,0.13031183183193207,0.004843235947191715,0.21645203232765198
1304,0.015292779542505741,0.05629727244377136,0.11144162714481354,-0.14558103680610657,3.118802547454834,3.6812975877677294,1494.2254006800042,0.4817351996898651,0.3864414691925049,0.1317753940820694,0.1402399092912674,0.0038619530387222767,0.23236192762851715
1305,0.013616601936519146,0.053681179881095886,0.09831669926643372,-0.09179388731718063,2.8783907890319824,3.9423330525057736,1478.7379357194823,0.5003186464309692,0.3547440767288208,0.1449245661497116,0.1500629186630249,0.004531549755483866,0.22528891265392303
1306,0.013981317169964314,0.05606527626514435,0.1024361401796341,-0.045174285769462585,2.870408296585083,4.0100139049543815,1462.6223437141339,0.5076854228973389,0.350687712430954,0.1415763944387436,0.14624038338661194,0.0037483717314898968,0.2379094958305359
1307,0.013831757009029388,0.05037633329629898,0.09283369779586792,-0.05807419866323471,3.04358172416687,3.6420776666168417,1514.686698875346,0.46644675731658936,0.4050320088863373,0.12848955392837524,0.13176122307777405,0.003576560877263546,0.228460893034935
1308,0.0154953608289361,0.05862237513065338,0.10447666049003601,-0.17953284084796906,3.107377767562866,3.7832210410614313,1596.9353090614911,0.4298369288444519,0.43181395530700684,0.13834884762763977,0.12848348915576935,0.0033082510344684124,0.2060864418745041
1309,0.01358602475374937,0.05304587259888649,0.0923362448811531,-0.2099180668592453,3.059386968612671,3.904443982434438,1581.3517401112892,0.4389866888523102,0.43279609084129333,0.12814879417419434,0.134108304977417,0.004833338316529989,0.20164167881011963
1310,0.014332531951367855,0.05138920247554779,0.09807296097278595,-0.11316732317209244,2.9951186180114746,3.5854936619944433,1490.8807338326794,0.46880030632019043,0.43456828594207764,0.0962999016046524,0.1368388533592224,0.004055212251842022,0.21919786930084229
1311,0.014061621390283108,0.050254225730895996,0.09599073976278305,-0.10424588620662689,2.9972541332244873,3.57385712020727,1435.985430636831,0.49544885754585266,0.40295884013175964,0.10152313113212585,0.13803285360336304,0.004043757915496826,0.2332741618156433
1312,0.01476820558309555,0.05601591244339943,0.0967257171869278,-0.2066667526960373,3.0898938179016113,3.7930073578962853,1461.1573805093567,0.4931463599205017,0.3880130648612976,0.11883927136659622,0.14295881986618042,0.004018709994852543,0.2337809056043625
1313,0.015271532349288464,0.05814957991242409,0.10430100560188293,-0.1461857110261917,2.996920108795166,3.8077108818307743,1485.101015515499,0.4785378575325012,0.39898812770843506,0.12243664264678955,0.13832944631576538,0.003999470267444849,0.22390365600585938
1314,0.014702271670103073,0.05236228182911873,0.0959119200706482,-0.11803223937749863,2.8594810962677,3.5615096088882243,1510.6934029224174,0.4663802683353424,0.40648117661476135,0.1271381378173828,0.1317463368177414,0.003851396031677723,0.22058308124542236
1315,0.01560190413147211,0.054227638989686966,0.10026127099990845,-0.14782258868217468,2.923750877380371,3.4757064605225616,1565.6415120006766,0.45632728934288025,0.41780558228492737,0.1257372796535492,0.1322907656431198,0.003411682788282633,0.21317733824253082
1316,0.016476286575198174,0.053371503949165344,0.10294671356678009,-0.10100449621677399,2.86006498336792,3.239292039643594,1535.878379590311,0.4674239754676819,0.38965651392936707,0.1429051011800766,0.13688074052333832,0.003815192962065339,0.22128288447856903
1317,0.015879124402999878,0.052158381789922714,0.10151432454586029,-0.07980862259864807,2.9432568550109863,3.2847139718096963,1494.4879971258458,0.47191107273101807,0.37636321783065796,0.15153154730796814,0.14159686863422394,0.0036323866806924343,0.23534877598285675
1318,0.014056588523089886,0.04691261425614357,0.09283898025751114,-0.08458013832569122,2.851609230041504,3.3374110777836115,1510.4381926333456,0.4634564518928528,0.3969500958919525,0.13954462110996246,0.14285464584827423,0.004162082448601723,0.2276410013437271
1319,0.01442838367074728,0.04864651709794998,0.095918670296669,-0.09957170486450195,2.823572874069214,3.371584662889608,1442.3163437457417,0.4982641935348511,0.371599018573761,0.1299622803926468,0.1498671919107437,0.004085151478648186,0.24265576899051666
1320,0.015075729228556156,0.05072474479675293,0.097935251891613,-0.06806350499391556,2.995316505432129,3.364662765188594,1427.1412193949689,0.5087320804595947,0.3610638678073883,0.13020360469818115,0.1451842337846756,0.005494819022715092,0.2443310171365738
1321,0.014072366058826447,0.04615817964076996,0.08949153125286102,-0.09252292662858963,2.8554389476776123,3.2800581966483624,1520.1954475114037,0.4718630909919739,0.39565885066986084,0.13247796893119812,0.1346435844898224,0.004232965409755707,0.23384155333042145
1322,0.01569579355418682,0.049775101244449615,0.09620760381221771,-0.167131245136261,2.8499531745910645,3.171238272817431,1490.304922939843,0.4823625683784485,0.37915533781051636,0.13843847811222076,0.1488056182861328,0.00492043187841773,0.22542056441307068
1323,0.013535679318010807,0.04715949669480324,0.09084495157003403,-0.09575953334569931,2.889634132385254,3.4840879119061214,1459.5680775792541,0.48906585574150085,0.367681622505188,0.14325250685214996,0.14855347573757172,0.004565979354083538,0.2249777615070343
1324,0.015002068132162094,0.05475679039955139,0.10285097360610962,-0.024584142491221428,2.942477226257324,3.6499494545362996,1482.0097002155335,0.4841495454311371,0.37141677737236023,0.14437584578990936,0.1330755054950714,0.005011480301618576,0.23362798988819122
1325,0.014299708418548107,0.05263669043779373,0.10421121120452881,-0.09964150935411453,3.0452637672424316,3.6809624989162635,1462.9355038919045,0.48822352290153503,0.3852878212928772,0.12648119032382965,0.1402353197336197,0.0035895477049052715,0.23662272095680237
1326,0.015800360590219498,0.057274483144283295,0.1051163524389267,-0.12381767481565475,3.001973867416382,3.6248845596670503,1480.0977960449056,0.48463165760040283,0.3898167312145233,0.125491201877594,0.1435076892375946,0.0037041492760181427,0.22514478862285614
1327,0.013794869184494019,0.04290764406323433,0.08361279964447021,-0.071194589138031,2.8250110149383545,3.1104060130090847,1508.0893177451917,0.47710514068603516,0.38278627395629883,0.14010050892829895,0.135491743683815,0.003252222668379545,0.23035414516925812
1328,0.015585909597575665,0.047452934086322784,0.0912482962012291,-0.11270802468061447,2.7872073650360107,3.0446047300735866,1499.4053488394186,0.4739086329936981,0.379638671875,0.14642022550106049,0.1266583651304245,0.0030327304266393185,0.2308947741985321
1329,0.01463655848056078,0.049854476004838943,0.09156723320484161,-0.18992933630943298,2.908332586288452,3.4061610909180526,1472.6449178632452,0.47027158737182617,0.38871315121650696,0.14095021784305573,0.1355791985988617,0.00382464611902833,0.22432257235050201
1330,0.01633884757757187,0.05640765279531479,0.10952393710613251,-0.19834916293621063,3.009784698486328,3.4523642211640744,1498.8643627667168,0.4564324617385864,0.4136184751987457,0.12992970645427704,0.13952933251857758,0.004673901479691267,0.20899225771427155
1331,0.015144020318984985,0.0518522709608078,0.10062137246131897,-0.10991186648607254,3.098325490951538,3.423943567506994,1504.688963459619,0.4620613157749176,0.4243582487106323,0.11355649679899216,0.13390296697616577,0.004560225177556276,0.21009531617164612
1332,0.014195931144058704,0.051262833178043365,0.1014343649148941,-0.03974981978535652,3.0752780437469482,3.611093393890322,1505.1339709154324,0.46598902344703674,0.41301077604293823,0.12098728865385056,0.134582981467247,0.003832323243841529,0.22265727818012238
1333,0.014365999959409237,0.05298689007759094,0.10501831769943237,-0.05354622006416321,3.0111966133117676,3.6883537674798608,1455.0433484550435,0.4905296564102173,0.37867942452430725,0.13079045712947845,0.14440493285655975,0.003940292168408632,0.222881019115448
1334,0.013352411799132824,0.051070574671030045,0.09197759628295898,-0.1758686751127243,3.069761037826538,3.824820222405215,1425.4645991608472,0.5004783868789673,0.38894355297088623,0.11054763942956924,0.14340287446975708,0.004127305932343006,0.2286069542169571
1335,0.013901705853641033,0.05188332125544548,0.08989964425563812,-0.19732430577278137,2.931577205657959,3.7321550173732403,1468.8145593346567,0.4744102954864502,0.41913893818855286,0.10639892518520355,0.13578379154205322,0.005552835296839476,0.21368566155433655
1336,0.01629762165248394,0.05249984934926033,0.10164426267147064,-0.10641732066869736,2.864612579345703,3.22131967875432,1506.5927130041725,0.45805519819259644,0.42731302976608276,0.11451861262321472,0.1264735758304596,0.00380133418366313,0.21232110261917114
1337,0.016635533422231674,0.056401725858449936,0.10940681397914886,-0.03652714937925339,3.0238289833068848,3.3904368692911535,1582.0893581983776,0.43409398198127747,0.45457062125205994,0.11080951243638992,0.1268005520105362,0.00382829736918211,0.19956517219543457
1338,0.015642918646335602,0.056879691779613495,0.10509331524372101,-0.03684946149587631,2.9853737354278564,3.6361303834627816,1584.1826265291018,0.4389849603176117,0.45051389932632446,0.1103973239660263,0.13482078909873962,0.003265645354986191,0.2055434137582779
1339,0.015800995752215385,0.057547952979803085,0.11216507107019424,-0.11391990631818771,2.9086925983428955,3.6420459747350105,1480.9474492987658,0.466175377368927,0.41439419984817505,0.11939141899347305,0.13050968945026398,0.004280125722289085,0.2196642905473709
1340,0.014332431368529797,0.05229329317808151,0.09690356254577637,-0.13132627308368683,2.9719810485839844,3.6485988894567507,1494.3018262646128,0.4606993496417999,0.4119549095630646,0.12727442383766174,0.13165251910686493,0.0032847528345882893,0.21803416311740875
1341,0.01535094901919365,0.05704876780509949,0.10877256095409393,-0.08219356089830399,3.0476198196411133,3.716302342614374,1491.4394623306018,0.4667547941207886,0.41596323251724243,0.11728125065565109,0.13649344444274902,0.0027840484399348497,0.224746435880661
1342,0.016073357313871384,0.05613912642002106,0.111945241689682,-0.024745095521211624,3.0216825008392334,3.4926820402405943,1462.8786817910188,0.4716895520687103,0.42273423075675964,0.10556825995445251,0.13671137392520905,0.0037872223183512688,0.23203986883163452
1343,0.01450613234192133,0.05122775956988335,0.09752611815929413,-0.13870346546173096,2.9936790466308594,3.5314554120196866,1506.8189905461609,0.4729609191417694,0.39900586009025574,0.12791641056537628,0.1436697393655777,0.004124791827052832,0.2193596512079239
1344,0.014892145060002804,0.051580652594566345,0.10213632881641388,-0.13356710970401764,3.0311694145202637,3.4636147031388784,1471.493674462078,0.497996985912323,0.36394059658050537,0.13803836703300476,0.14981035888195038,0.0035715713165700436,0.2319074422121048
1345,0.01539610791951418,0.05551048740744591,0.1079234853386879,-0.10969646275043488,3.0946779251098633,3.605488328221074,1419.6916852888469,0.5081548094749451,0.35450640320777893,0.13705936074256897,0.1418953239917755,0.0035120134707540274,0.25569775700569153
1346,0.015077723190188408,0.054465003311634064,0.09783214330673218,-0.19250993430614471,3.0429699420928955,3.6122830099085537,1456.5151752437341,0.4809625446796417,0.38803666830062866,0.13097918033599854,0.14090681076049805,0.0036365266423672438,0.23779532313346863
1347,0.015748988837003708,0.05565047264099121,0.10313436388969421,-0.10897979140281677,2.90462064743042,3.533590201467518,1495.7348910529824,0.45697519183158875,0.42373234033584595,0.11919021606445312,0.14406906068325043,0.003461721120402217,0.2129652500152588
1348,0.014617648907005787,0.04682021960616112,0.09107376635074615,-0.07379143685102463,2.9252381324768066,3.2029924853728455,1474.1951938939264,0.4700412154197693,0.3969711661338806,0.13295988738536835,0.1395237296819687,0.004154773894697428,0.2164848893880844
1349,0.013976960442960262,0.054198868572711945,0.09661127626895905,-0.15402545034885406,2.994006872177124,3.8777292666756034,1490.9352258159693,0.4713060259819031,0.39209431409835815,0.13659164309501648,0.13286250829696655,0.004025682341307402,0.21868297457695007
1350,0.014779102988541126,0.05677606537938118,0.10304329544305801,-0.156362846493721,2.9926199913024902,3.8416448832896326,1496.4969729827724,0.46895408630371094,0.40578997135162354,0.12525592744350433,0.13849738240242004,0.004569596145302057,0.21764716506004333
1351,0.014605380594730377,0.04993674159049988,0.09591364860534668,-0.13445527851581573,2.923229932785034,3.419064725030034,1465.216532693066,0.47762227058410645,0.3993137776851654,0.12306220829486847,0.13722243905067444,0.004336309619247913,0.22719106078147888
1352,0.013956151902675629,0.05890284478664398,0.10509171336889267,-0.15505646169185638,3.068573236465454,4.220564894477162,1471.5741342103895,0.4622005224227905,0.4348174035549164,0.10297475755214691,0.1288769692182541,0.004295009188354015,0.21246901154518127
1353,0.01389626506716013,0.060172345489263535,0.10866139084100723,-0.09962937980890274,3.191859722137451,4.330109219572506,1422.1549142551014,0.4861578345298767,0.40334463119506836,0.1104791909456253,0.13425062596797943,0.0037177768535912037,0.2175159901380539
1354,0.015652552247047424,0.055646441876888275,0.1092970222234726,-0.06006520986557007,3.0177488327026367,3.555103410297186,1388.7817781295116,0.5070443749427795,0.3695126175880432,0.12342175096273422,0.14101217687129974,0.004015414044260979,0.22334997355937958
1355,0.013454505242407322,0.05856398493051529,0.10425278544425964,-0.009432354010641575,3.098994255065918,4.352741618589915,1451.146737787021,0.4855418801307678,0.38215288519859314,0.13230378925800323,0.14227235317230225,0.00338201061822474,0.23346185684204102
1356,0.013960251584649086,0.060267701745033264,0.10979723930358887,0.0010479659540578723,3.235670804977417,4.317092809916656,1473.156475006958,0.4714471995830536,0.4019233286380768,0.12662318348884583,0.13182207942008972,0.003968182485550642,0.22503550350666046
1357,0.016138417646288872,0.06057087332010269,0.11801937222480774,-0.1084485799074173,3.1074137687683105,3.7532101748697855,1408.147324543905,0.47918689250946045,0.40849921107292175,0.11231302469968796,0.13527022302150726,0.003320771036669612,0.2245573252439499
1358,0.01316477544605732,0.044722359627485275,0.08584131300449371,-0.09784017503261566,3.004110813140869,3.397122860723152,1411.4951674941944,0.4826453626155853,0.3941151201725006,0.12320011854171753,0.14622172713279724,0.003783539403229952,0.22062817215919495
1359,0.01397198811173439,0.04705694690346718,0.08954346179962158,-0.02727663703262806,2.902632474899292,3.367949251300779,1540.1960107261964,0.45264795422554016,0.4154980182647705,0.1318540871143341,0.13943181931972504,0.00380053767003119,0.21650654077529907
1360,0.014949766919016838,0.054817065596580505,0.099587082862854,-0.06991314888000488,2.7757818698883057,3.6667505179083264,1498.1086810284655,0.4737233817577362,0.40884366631507874,0.11743214726448059,0.13596394658088684,0.0035847737453877926,0.22774778306484222
1361,0.013925803825259209,0.05016482248902321,0.09642196446657181,-0.1026921346783638,2.8666603565216064,3.6022927735366954,1463.412576210247,0.48158156871795654,0.39733946323394775,0.12107467651367188,0.13441748917102814,0.0034766399767249823,0.2262527197599411
1362,0.01620452292263508,0.06966976076364517,0.12397999316453934,-0.0839838758111,3.0509872436523438,4.299402154075667,1480.0036798413348,0.47093665599823,0.40200066566467285,0.12705783545970917,0.13864724338054657,0.0037951634731143713,0.2194216400384903
1363,0.0139963049441576,0.061816245317459106,0.1012144684791565,-0.14466802775859833,3.186340093612671,4.416611781443509,1466.1704086111426,0.4732985496520996,0.3866962492465973,0.13984449207782745,0.14165344834327698,0.004428976681083441,0.2209906131029129
1364,0.015132658183574677,0.06260831654071808,0.11461973190307617,-0.132985457777977,3.0565593242645264,4.137298006541721,1482.8981531570157,0.4673011302947998,0.37953877449035645,0.15281641483306885,0.1418779492378235,0.00315732229501009,0.22024665772914886
1365,0.016232676804065704,0.07419172674417496,0.14618560671806335,-0.018459269776940346,3.233116388320923,4.570517089394774,1580.9178507960853,0.44359275698661804,0.4133874475955963,0.14292608201503754,0.1366555243730545,0.003589258762076497,0.21201243996620178
1366,0.014314474537968636,0.06568176299333572,0.12923526763916016,-0.03526134416460991,3.2641518115997314,4.588485788600112,1590.6956253664177,0.4450145959854126,0.4160694181919098,0.13891224563121796,0.12436366081237793,0.003948643803596497,0.22351141273975372
1367,0.014726709574460983,0.05367015302181244,0.10106471180915833,-0.12853966653347015,2.9750871658325195,3.644409007103844,1499.0752368124956,0.45805129408836365,0.4279552400112152,0.11398579180240631,0.13258033990859985,0.005159891676157713,0.21874915063381195
1368,0.015682091936469078,0.05663067847490311,0.10791458189487457,-0.13417494297027588,2.9598731994628906,3.6111686311184004,1509.8991256374893,0.449156254529953,0.43454816937446594,0.11620082706212997,0.136973574757576,0.004988390486687422,0.20404942333698273
1369,0.015358409844338894,0.057101644575595856,0.10898393392562866,-0.14739581942558289,3.1178884506225586,3.717939887697786,1487.1151984841733,0.45415884256362915,0.42116785049438477,0.1244848296046257,0.12735076248645782,0.004498499911278486,0.21146224439144135
1370,0.015578913502395153,0.058385204523801804,0.11134275794029236,-0.15508712828159332,3.1486270427703857,3.747707085675632,1490.5325425136132,0.4502585232257843,0.4229108393192291,0.12679818272590637,0.1294838786125183,0.0031383561436086893,0.22382980585098267
1371,0.01536431722342968,0.05426957830786705,0.10486045479774475,-0.09480857104063034,2.9585537910461426,3.5321828829189332,1464.5978668779446,0.4653564393520355,0.41269391775131226,0.1219104677438736,0.13830123841762543,0.004712535534054041,0.23043803870677948
1372,0.015585181303322315,0.058512721210718155,0.10845677554607391,-0.02342880889773369,3.009570837020874,3.754381811040628,1455.4255072578467,0.4796624183654785,0.39661380648612976,0.12371335923671722,0.13884076476097107,0.004029722418636084,0.23054666817188263
1373,0.015652507543563843,0.05770900845527649,0.1104891449213028,-0.02684960514307022,3.1204614639282227,3.686885841835546,1482.2467998919806,0.463398277759552,0.40840616822242737,0.1281687617301941,0.133297398686409,0.003168444847688079,0.22029033303260803
1374,0.015836892649531364,0.06399567425251007,0.11285142600536346,-0.18114231526851654,3.2798492908477783,4.040923662531922,1486.981438738824,0.4507642984390259,0.41967013478279114,0.12945285439491272,0.12864971160888672,0.002887305337935686,0.21375472843647003
1375,0.016684647649526596,0.06712593138217926,0.11715433746576309,-0.22949202358722687,3.2299814224243164,4.023215400659699,1529.6416866683717,0.4310652017593384,0.44038715958595276,0.1285461187362671,0.13226133584976196,0.0034639593213796616,0.19656704366207123
1376,0.014088398776948452,0.04980859532952309,0.09429393708705902,-0.11885911226272583,3.114122152328491,3.5354333813637404,1513.1286089287607,0.43389996886253357,0.4524436295032501,0.11344103515148163,0.1331290900707245,0.003974716179072857,0.20755399763584137
1377,0.01446524541825056,0.05202498659491539,0.09829162061214447,-0.16727127134799957,3.194725275039673,3.596550565653022,1484.0110317331785,0.46727675199508667,0.4090603291988373,0.12365422397851944,0.13112589716911316,0.003307745326310396,0.2276746779680252
1378,0.014939971268177032,0.0545743927359581,0.09771257638931274,-0.17159315943717957,2.992676019668579,3.6529114917745305,1456.6786104473397,0.48024189472198486,0.3979288339614868,0.12181219458580017,0.14061234891414642,0.003955603111535311,0.22581587731838226
1379,0.014388511888682842,0.05416952073574066,0.1056380420923233,-0.00037902710027992725,2.900803804397583,3.764775756593873,1442.0791981711463,0.4788697063922882,0.397788941860199,0.12320928275585175,0.14648206532001495,0.003736161394044757,0.21367867290973663
1380,0.014519604854285717,0.05489717051386833,0.10863590985536575,0.025697005912661552,3.0767011642456055,3.780899760084281,1526.8074835919774,0.4391172230243683,0.43914470076560974,0.12169468402862549,0.13030077517032623,0.004200759809464216,0.19813093543052673
1381,0.015234706923365593,0.057055871933698654,0.11334782093763351,-0.09975279122591019,3.1043331623077393,3.74512435434163,1578.2241036910877,0.41431745886802673,0.45512986183166504,0.13052581250667572,0.11875040829181671,0.0031255644280463457,0.19890567660331726
1382,0.017013128846883774,0.06471830606460571,0.12452463805675507,-0.11242228746414185,2.9731662273406982,3.8040213909657123,1558.2518328086264,0.43559497594833374,0.4117746651172638,0.1526293307542801,0.12821370363235474,0.003818855155259371,0.20957714319229126
1383,0.015252780169248581,0.057956892997026443,0.10452483594417572,-0.0033279983326792717,2.9795632362365723,3.7997592799557074,1557.8572168157577,0.4391527771949768,0.42175254225730896,0.13908188045024872,0.13106662034988403,0.004005022346973419,0.2102077305316925
1384,0.014085987582802773,0.05722838267683983,0.11184825003147125,-0.07484928518533707,3.084383487701416,4.062788096068303,1504.8296459169183,0.4561986029148102,0.43157029151916504,0.11222653090953827,0.13098904490470886,0.004263464827090502,0.20999911427497864
1385,0.015046767890453339,0.06176223233342171,0.10767894983291626,-0.11877523362636566,2.98034930229187,4.104684326824969,1474.0600247235361,0.46401530504226685,0.4256587624549866,0.1102985367178917,0.1343223601579666,0.003208336653187871,0.21567334234714508
1386,0.015550415962934494,0.06350251287221909,0.11016399413347244,-0.06169286370277405,3.038672924041748,4.083653647561462,1475.32746702213,0.44314315915107727,0.44876211881637573,0.10809160023927689,0.1270219385623932,0.0041429526172578335,0.2170085906982422
1387,0.014373880811035633,0.05723699554800987,0.11118364334106445,0.005747538525611162,3.238234281539917,3.9820140640156003,1546.4594210192738,0.4226078689098358,0.44517889618873596,0.13214907050132751,0.12195484340190887,0.0031997403129935265,0.20593112707138062
1388,0.014595549553632736,0.055651791393756866,0.10952460765838623,-0.01777106523513794,3.1582658290863037,3.8129288099393674,1600.6983053363629,0.41223782300949097,0.440912127494812,0.146583691239357,0.12230589985847473,0.0029594472143799067,0.19283194839954376
1389,0.016133861616253853,0.05585257336497307,0.11078648269176483,-0.11541985720396042,3.0192627906799316,3.4618230086492927,1553.2667148388607,0.436745285987854,0.4405546486377716,0.12250898778438568,0.12699231505393982,0.0027796546928584576,0.20565688610076904
1390,0.01557835377752781,0.053254302591085434,0.10563386231660843,-0.07588852196931839,3.1412899494171143,3.4184807552957044,1557.8053682833338,0.43828049302101135,0.4386175572872162,0.12288162857294083,0.12558744847774506,0.003197646467015147,0.20963628590106964
1391,0.016499636694788933,0.06596874445676804,0.12463544309139252,-0.037698350846767426,3.1939706802368164,3.9981937586301344,1552.9469301566762,0.4281177222728729,0.4536247253417969,0.11788159608840942,0.12154325842857361,0.003990189637988806,0.20753246545791626
1392,0.014632918871939182,0.058453112840652466,0.11063776165246964,-0.009053143672645092,3.0615811347961426,3.9946311018473866,1551.0686793089633,0.42105647921562195,0.4681423306465149,0.11074121296405792,0.12186911702156067,0.0032406779937446117,0.19889840483665466
1393,0.014850455336272717,0.057158734649419785,0.11302821338176727,-0.032955631613731384,3.040144920349121,3.848955022002509,1574.0320147542077,0.4093164801597595,0.47403451800346375,0.11663293838500977,0.1281268149614334,0.0034056520089507103,0.19451163709163666
1394,0.016710160300135612,0.06726350635290146,0.12909351289272308,-0.11164985597133636,3.1572275161743164,4.025305870245319,1589.202826503208,0.4056774973869324,0.4832359552383423,0.11100441962480545,0.12309237569570541,0.0033004770521074533,0.19629471004009247
1395,0.014496782794594765,0.059190426021814346,0.10879279673099518,-0.16189518570899963,3.1271378993988037,4.083004267664198,1529.1561823342731,0.4350661337375641,0.4666489362716675,0.09826236218214035,0.12470857799053192,0.0039185876958072186,0.20381879806518555
1396,0.015594776719808578,0.05512435734272003,0.110091432929039,-0.17724987864494324,3.0594162940979004,3.5347961903914884,1518.5881225894132,0.44311583042144775,0.44890883564949036,0.10795549303293228,0.13348866999149323,0.003500173566862941,0.20920290052890778
1397,0.015052750706672668,0.05314616486430168,0.10095757246017456,-0.1501079797744751,3.041194200515747,3.5306613320322966,1541.4320774932246,0.42539069056510925,0.46191707253456116,0.11267779767513275,0.13304801285266876,0.004233681131154299,0.19272151589393616
1398,0.01612655632197857,0.05724143981933594,0.10833024978637695,-0.04593965783715248,3.043626546859741,3.5495141475290164,1527.034807594577,0.4306950271129608,0.45678696036338806,0.11244191229343414,0.1254117488861084,0.0036851498298346996,0.20003105700016022
1399,0.014955375343561172,0.04927978292107582,0.09564433991909027,-0.04690779000520706,2.9889044761657715,3.2951217729882933,1499.3666941167971,0.44814324378967285,0.4367617666721344,0.11502329260110855,0.13016223907470703,0.004910649731755257,0.21026469767093658
1400,0.01543028187006712,0.049262844026088715,0.09517695009708405,-0.08797378838062286,2.961984634399414,3.192608173831229,1460.0482123290908,0.47216764092445374,0.4100460112094879,0.11778436601161957,0.14383399486541748,0.004796280059963465,0.22087903320789337
1401,0.014121050015091896,0.05085805803537369,0.094313845038414,-0.002024016110226512,3.0100960731506348,3.6015776431226767,1530.6506946535778,0.43793541193008423,0.4553520679473877,0.10669627040624619,0.12902522087097168,0.00447473069652915,0.21425409615039825
1402,0.01431923545897007,0.05193246155977249,0.10017558932304382,-0.009989377111196518,3.0938470363616943,3.6267621763013485,1510.3115321483456,0.4420478940010071,0.456837922334671,0.10111044347286224,0.1259426325559616,0.003333632368594408,0.22050727903842926
1403,0.015460356138646603,0.05964266136288643,0.11214081943035126,-0.0103152459487319,3.1362411975860596,3.8577805597853296,1506.5476399764286,0.4551765024662018,0.4138426184654236,0.13097718358039856,0.1293993890285492,0.003696716157719493,0.2207614928483963
1404,0.01491672731935978,0.05797813460230827,0.1089150458574295,-0.05438094958662987,2.9705145359039307,3.886786515375538,1500.8659096276588,0.45627325773239136,0.4117739796638489,0.13195037841796875,0.13382768630981445,0.0030861760023981333,0.2223595380783081
1405,0.015533051453530788,0.0485147200524807,0.09574174880981445,-0.03761948645114899,2.8026342391967773,3.1233219174285027,1459.3108844710252,0.4669642746448517,0.42592188715934753,0.10697521269321442,0.13644641637802124,0.0035356241278350353,0.21636633574962616
1406,0.014853819273412228,0.04608458653092384,0.09169979393482208,0.041839875280857086,2.9254891872406006,3.1025412171474955,1510.6561262639466,0.45081189274787903,0.4357261061668396,0.1134287491440773,0.1293555349111557,0.0042035640217363834,0.22018888592720032
1407,0.014125501736998558,0.058331552892923355,0.10823875665664673,0.01933111995458603,3.215487003326416,4.129520775605975,1508.4260589420614,0.46428588032722473,0.4099603593349457,0.1257534921169281,0.13727425038814545,0.003874644637107849,0.2333739846944809
1408,0.01380957756191492,0.056706950068473816,0.10619305074214935,-0.09106332063674927,3.2330753803253174,4.106349365874746,1500.206102293772,0.4639585316181183,0.4075370132923126,0.12847000360488892,0.13584347069263458,0.003331555752083659,0.21993836760520935
1409,0.014230918139219284,0.051891595125198364,0.09567183256149292,-0.13574405014514923,2.942427158355713,3.6463982586297674,1465.4454252489913,0.45914703607559204,0.4254496991634369,0.11536764353513718,0.13365668058395386,0.00347108393907547,0.2038709819316864
1410,0.015455472283065319,0.05292953550815582,0.0981757715344429,-0.08958793431520462,2.787003755569458,3.4246469169839915,1459.926343970052,0.46213799715042114,0.42549628019332886,0.11235349625349045,0.13960228860378265,0.004691876005381346,0.2078431099653244
1411,0.013478143140673637,0.045155350118875504,0.08529648184776306,-0.08527871966362,2.781942844390869,3.350264917372615,1463.5681984512908,0.47379669547080994,0.40937307476997375,0.116830013692379,0.13939087092876434,0.0036589137744158506,0.22847965359687805
1412,0.013723917305469513,0.05356184393167496,0.10530921816825867,-0.08750201761722565,3.018631935119629,3.9028101624035343,1521.7004513074446,0.45999109745025635,0.4081038534641266,0.13190065324306488,0.13430193066596985,0.004594266414642334,0.21408036351203918
1413,0.013962100259959698,0.055185019969940186,0.10827300697565079,-0.07098586112260818,3.1023435592651367,3.9524870140237045,1519.6834680233953,0.4638958275318146,0.39173686504364014,0.14431177079677582,0.13369397819042206,0.003920528572052717,0.22296416759490967
1414,0.01510178204625845,0.05352792888879776,0.10599733889102936,-0.05004231631755829,2.964459180831909,3.5444776464983563,1478.2048704748481,0.4678376615047455,0.409711092710495,0.12242532521486282,0.13440877199172974,0.0038186998572200537,0.21888966858386993
1415,0.016007473692297935,0.057933028787374496,0.11031767725944519,-0.0731198787689209,2.9565134048461914,3.6191237853872034,1498.3338357346727,0.4455551505088806,0.4437587559223175,0.11058134585618973,0.13140712678432465,0.0031933579593896866,0.20550517737865448
1416,0.015701528638601303,0.06060095131397247,0.11131136864423752,-0.12524822354316711,3.1574885845184326,3.8595574166663607,1469.0385569646323,0.45721668004989624,0.42602038383483887,0.11662723124027252,0.1302095204591751,0.0052450476214289665,0.22066371142864227
1417,0.013795976527035236,0.05369941145181656,0.0986727923154831,-0.12558691203594208,3.0701184272766113,3.8923965507401594,1491.7287299502327,0.46034151315689087,0.4183318018913269,0.1212790384888649,0.1358836442232132,0.0043932050466537476,0.23058854043483734
1418,0.0154566066339612,0.05468996241688728,0.10656402260065079,0.0247773677110672,2.9301862716674805,3.538290370486909,1511.6576973371298,0.46794357895851135,0.4048289656639099,0.12705667316913605,0.13940055668354034,0.004155277740210295,0.21721556782722473
1419,0.013437174260616302,0.04809151589870453,0.09357961267232895,0.05237004533410072,3.091607093811035,3.578990267029535,1507.5303889049242,0.4667818248271942,0.41142770648002625,0.12173881381750107,0.13691647350788116,0.004118804819881916,0.21684761345386505
1420,0.013645792379975319,0.04712235927581787,0.09334171563386917,-0.12512795627117157,3.007662296295166,3.453251959301014,1521.2775806557888,0.4518853425979614,0.42324715852737427,0.12484163045883179,0.13110321760177612,0.0039772046729922295,0.21429477632045746
1421,0.01444198377430439,0.053725987672805786,0.10164256393909454,-0.15540818870067596,2.916606903076172,3.7201251925429073,1483.7390869632522,0.45252516865730286,0.42590203881263733,0.12157248705625534,0.13111448287963867,0.004207122139632702,0.22021448612213135
1422,0.015571744181215763,0.05956072360277176,0.1110680103302002,-0.0530332513153553,2.9003777503967285,3.824923072573662,1434.1419542971776,0.46761399507522583,0.4122549295425415,0.12011342495679855,0.13914959132671356,0.0031768623739480972,0.22502809762954712
1423,0.01460309885442257,0.055718231946229935,0.10534285008907318,-0.06834396719932556,2.9598233699798584,3.815507413725415,1511.1280927414657,0.46287238597869873,0.39006152749061584,0.1470547467470169,0.13911478221416473,0.0035782712511718273,0.22356833517551422
1424,0.014388792216777802,0.05383846163749695,0.10177474468946457,-0.032868146896362305,2.927609443664551,3.741694286958835,1585.1493046246203,0.44659173488616943,0.40520280599594116,0.1482052356004715,0.13702252507209778,0.003111606929451227,0.21485000848770142
1425,0.015120156109333038,0.048611827194690704,0.09209919720888138,0.07208720594644547,2.8285558223724365,3.2150347417028073,1569.0352363775382,0.4451361298561096,0.4198819696903229,0.13495825231075287,0.13114690780639648,0.0037464937195181847,0.20538006722927094
1426,0.01644773967564106,0.06501501798629761,0.11747303605079651,0.0028077447786927223,2.9799394607543945,3.9528238690834456,1561.3308149949466,0.4296691417694092,0.45216605067253113,0.11807794123888016,0.125290185213089,0.0033723926171660423,0.20451712608337402
1427,0.014893574640154839,0.05937869846820831,0.10567076504230499,-0.15834523737430573,3.231092691421509,3.9868668132987666,1521.4983551804146,0.43279144167900085,0.45877552032470703,0.10836510360240936,0.1273634284734726,0.0048454576171934605,0.20986157655715942
1428,0.01364078652113676,0.055364854633808136,0.09736131131649017,-0.22374434769153595,3.2339701652526855,4.058772897292986,1532.5468847884174,0.4518350064754486,0.4225667417049408,0.1255655437707901,0.13145902752876282,0.004566723946481943,0.22033695876598358
1429,0.014808651059865952,0.0540044829249382,0.09802837669849396,-0.16341830790042877,3.0902788639068604,3.646819869208278,1558.4783582525547,0.45893213152885437,0.41054490208625793,0.13051865994930267,0.14146274328231812,0.0042952741496264935,0.21556468307971954
1430,0.014980442821979523,0.05382012948393822,0.1010829508304596,-0.03546255826950073,3.0350029468536377,3.592692827569813,1549.0743173751807,0.449727863073349,0.4371097981929779,0.11312255263328552,0.13628363609313965,0.0033350568264722824,0.2106308490037918
1431,0.016732199117541313,0.06622891128063202,0.12999290227890015,-0.06770993024110794,3.232017755508423,3.958171356402419,1548.9058551175617,0.44256842136383057,0.44967007637023926,0.10774274170398712,0.12284575402736664,0.00391688896343112,0.21412710845470428
1432,0.016612624749541283,0.07088344544172287,0.13519057631492615,-0.06585502624511719,3.3424935340881348,4.266842025635552,1547.3312753156274,0.4396412968635559,0.4429595172405243,0.11739858984947205,0.1266585737466812,0.0029981969855725765,0.21328814327716827
1433,0.014570573344826698,0.061835531145334244,0.1110256165266037,-0.0347185917198658,3.009371280670166,4.2438639631875,1578.0412758618409,0.4128399193286896,0.46581435203552246,0.1213226243853569,0.12489496916532516,0.003351834835484624,0.1902870237827301
1434,0.01653030887246132,0.057416882365942,0.10051703453063965,-0.16163823008537292,2.903414726257324,3.4734307026847078,1519.4519419351807,0.4369852840900421,0.45464152097702026,0.10830444097518921,0.1278013288974762,0.003801410784944892,0.20730772614479065
1435,0.015037246979773045,0.06922782957553864,0.1229754388332367,-0.1546483188867569,3.1182000637054443,4.603756902048285,1459.0736696128797,0.4907905161380768,0.38542038202285767,0.12365411221981049,0.14226892590522766,0.004648851230740547,0.2390546202659607
1436,0.014268702827394009,0.06691480427980423,0.11880723387002945,-0.1260429322719574,3.0149831771850586,4.689620709364491,1439.2195154353983,0.49941396713256836,0.36153772473335266,0.13892167806625366,0.14798356592655182,0.003813622985035181,0.2465202510356903
1437,0.015603244304656982,0.06826481223106384,0.11075498163700104,-0.2115473598241806,3.0666093826293945,4.375039632386857,1443.4598387380872,0.4848846197128296,0.3921593427658081,0.12282005697488785,0.1397802233695984,0.0033244630321860313,0.23457667231559753
1438,0.013783195056021214,0.0589301735162735,0.09971292316913605,-0.21140268445014954,3.2460601329803467,4.27550892753667,1497.9752757717224,0.4510572552680969,0.4272420108318329,0.12170004099607468,0.13317695260047913,0.0035840629134327173,0.20267009735107422
1439,0.01595185324549675,0.06030181422829628,0.10744933784008026,-0.08986750990152359,3.071789503097534,3.780238778308684,1503.6120911444384,0.45226767659187317,0.40504056215286255,0.14255408942699432,0.1375478059053421,0.003391495207324624,0.2038087397813797
1440,0.016282975673675537,0.06061095744371414,0.1100655049085617,-0.0465993694961071,3.0102832317352295,3.7223514089000758,1521.6925425048114,0.45992109179496765,0.3953566253185272,0.14468611776828766,0.13663482666015625,0.004308527335524559,0.21141493320465088
1441,0.01653033122420311,0.060654167085886,0.11283210664987564,-0.009938020259141922,3.061270236968994,3.669265077605288,1583.0779903285386,0.4339010715484619,0.4266590178012848,0.1393553912639618,0.12437915802001953,0.003905859775841236,0.21324466168880463
1442,0.014725325629115105,0.050606466829776764,0.09745848923921585,0.006136981770396233,2.9192142486572266,3.4366959414656546,1563.1474847573731,0.4420537054538727,0.4099956452846527,0.1477113515138626,0.13436788320541382,0.004308681935071945,0.21588891744613647
1443,0.015659894794225693,0.05352335795760155,0.10555709153413773,-0.09050323814153671,2.7761118412017822,3.4178619114299207,1456.2526921631356,0.4813098609447479,0.39312994480133057,0.12549380958080292,0.14944815635681152,0.0041724820621311665,0.23156729340553284
1444,0.013153227977454662,0.04561939090490341,0.08333560824394226,-0.1443914771080017,2.829576015472412,3.4683038247059343,1429.4486405291652,0.4843643307685852,0.4095053970813751,0.10612262040376663,0.14425989985466003,0.005211398936808109,0.23434318602085114
1445,0.01555590983480215,0.07192132622003555,0.12250271439552307,-0.14657023549079895,3.1916322708129883,4.623408529567816,1563.6280394503679,0.42156508564949036,0.46801742911338806,0.11041382700204849,0.12439227104187012,0.00341021572239697,0.21037772297859192
1446,0.01594695635139942,0.07387163490056992,0.1257699579000473,-0.0495990514755249,3.1610302925109863,4.6323344259643,1569.9664964981189,0.42948660254478455,0.44299381971359253,0.1274549514055252,0.12683381140232086,0.0037298817187547684,0.20347057282924652
1447,0.015301878564059734,0.046830277889966965,0.09357534348964691,0.027408508583903313,2.6844029426574707,3.0604267110640313,1475.7056634506787,0.48317232728004456,0.36220306158065796,0.15459536015987396,0.14612825214862823,0.0039036974776536226,0.23223601281642914
1448,0.014950360171496868,0.05876830220222473,0.1048874706029892,-0.10668400675058365,2.8910939693450928,3.9308954114922705,1490.2117995214219,0.4729810357093811,0.38171711564064026,0.14529870450496674,0.13665767014026642,0.003998326137661934,0.23219241201877594
1449,0.015157608315348625,0.05896914750337601,0.10520682483911514,-0.07530861347913742,3.022249460220337,3.8903992155393885,1523.736732135634,0.45691537857055664,0.4219062626361847,0.12117466330528259,0.13134297728538513,0.0038823559880256653,0.22185064852237701
1450,0.01379368919879198,0.0462481863796711,0.08695881068706512,-0.03411126509308815,2.8040573596954346,3.3528511270479076,1491.9975362538635,0.4633614420890808,0.4217948615550995,0.1147516518831253,0.14162389934062958,0.003965424373745918,0.21118895709514618
1451,0.016017116606235504,0.06062031164765358,0.11164422333240509,-0.11587914824485779,3.0752460956573486,3.7847206294464524,1474.3478937606549,0.46764785051345825,0.40018802881240845,0.13215316832065582,0.13739779591560364,0.00330853252671659,0.21938656270503998
1452,0.015522605739533901,0.05707450956106186,0.1122884601354599,-0.0986781045794487,3.182609796524048,3.676863956676051,1520.2296426920834,0.4502379298210144,0.4042688310146332,0.1454039365053177,0.12564429640769958,0.004139505792409182,0.22404657304286957
1453,0.014809703454375267,0.05184414982795715,0.1021750345826149,-0.03679235279560089,3.1081650257110596,3.500687909394973,1565.2573436285622,0.427573561668396,0.44480186700820923,0.12759219110012054,0.12757892906665802,0.004007110372185707,0.20726628601551056
1454,0.01571495085954666,0.055910974740982056,0.1081937700510025,0.00043876434210687876,3.1847667694091797,3.557820526270302,1615.9472357032491,0.41444131731987,0.4599761962890625,0.1255774348974228,0.12846508622169495,0.0027904496528208256,0.1943127065896988
1455,0.01490294374525547,0.05636679753661156,0.10667949169874191,-0.16351261734962463,3.0444459915161133,3.782259296977776,1484.8135593386805,0.4942527115345001,0.3543550670146942,0.1511809229850769,0.12192779034376144,0.0035633184015750885,0.24296478927135468
1456,0.016442950814962387,0.0617375411093235,0.11664359271526337,-0.14271067082881927,3.029874324798584,3.7546509626113043,1538.0994147628246,0.4824477732181549,0.34574517607688904,0.17160992324352264,0.1176040917634964,0.0029399676714092493,0.24614650011062622
1457,0.015162178315222263,0.04746739938855171,0.09478113055229187,-0.010245651006698608,2.772118330001831,3.130645109071535,1457.1931078115128,0.4976063668727875,0.3788391947746277,0.1233440712094307,0.12573742866516113,0.0036761381197720766,0.24477741122245789
1458,0.015010299161076546,0.059279657900333405,0.10372276604175568,-0.07886412739753723,2.954850196838379,3.9492655849327236,1429.3896609310113,0.5060040950775146,0.37362244725227356,0.12036903947591782,0.12345363199710846,0.003570202272385359,0.24465079605579376
1459,0.015459259040653706,0.06061064824461937,0.10565127432346344,-0.08071646094322205,2.9929823875427246,3.9206696828941765,1436.3028507295298,0.5128553509712219,0.353895902633667,0.13284698128700256,0.12196238338947296,0.0034232845064252615,0.25719091296195984
1460,0.016516447067260742,0.06864426285028458,0.11599647998809814,-0.14291559159755707,3.046563148498535,4.156115571744035,1464.162190949916,0.5006170868873596,0.3705506920814514,0.12871386110782623,0.1248323991894722,0.004333084914833307,0.25748082995414734
1461,0.01423488650470972,0.06001172587275505,0.10277655720710754,-0.20463232696056366,3.111466407775879,4.2158204667584736,1422.9698796277494,0.5055555701255798,0.38252171874046326,0.11191973835229874,0.1298336684703827,0.0039098807610571384,0.2519582211971283
1462,0.015156833454966545,0.054851170629262924,0.10151883959770203,-0.15338046848773956,2.937325954437256,3.618906995885117,1357.7684984278333,0.5286682844161987,0.3695333003997803,0.10178157687187195,0.1345340758562088,0.00419272854924202,0.2592322826385498
1463,0.016092495992779732,0.05814820155501366,0.1027364730834961,-0.1387595534324646,2.8317158222198486,3.6133736853182885,1397.1697451005316,0.5215733647346497,0.3716728985309601,0.10672683268785477,0.1273154467344284,0.004068111069500446,0.26911380887031555
1464,0.01648634672164917,0.054970014840364456,0.10019339621067047,-0.08429200202226639,2.765883684158325,3.334275068038324,1381.82501598161,0.5308441519737244,0.3584764301776886,0.11065640300512314,0.13286414742469788,0.004951015580445528,0.2584703862667084
1465,0.013996425084769726,0.0534871369600296,0.09532728791236877,-0.09185201674699783,2.838792562484741,3.821485603092349,1418.1611142145848,0.5196184515953064,0.36236757040023804,0.11799541115760803,0.13028866052627563,0.0042923553846776485,0.2603849470615387
1466,0.015600539743900299,0.05967056751251221,0.10778418183326721,-0.11995071917772293,2.893495798110962,3.8249040410296105,1485.4901442667326,0.49039143323898315,0.39393386244773865,0.11565811932086945,0.12243315577507019,0.00474472064524889,0.24977459013462067
1467,0.015307754278182983,0.052361324429512024,0.10016147792339325,-0.23560522496700287,3.021280288696289,3.4205751852653,1443.6710966881753,0.5062917470932007,0.3688930571079254,0.1248074322938919,0.13112710416316986,0.004107196815311909,0.26098117232322693
1468,0.01371434610337019,0.04979293420910835,0.09826739132404327,-0.17291049659252167,2.9710819721221924,3.6307187984151446,1353.206325810383,0.531343936920166,0.3504968583583832,0.11815298348665237,0.1299363672733307,0.0047301300801336765,0.2794784903526306
1469,0.015373464673757553,0.05475036799907684,0.10802128911018372,-0.006857011467218399,2.7530579566955566,3.561355176427742,1351.1490551942716,0.5266574025154114,0.3826431930065155,0.09069545567035675,0.1270601749420166,0.0033121355809271336,0.2723502516746521
1470,0.016840238124132156,0.05439455807209015,0.10488361865282059,-0.03662233054637909,2.749216079711914,3.230034971471835,1416.3200931365882,0.5106623768806458,0.3873228132724762,0.10200048983097076,0.12469637393951416,0.0034251788165420294,0.25748196244239807
1471,0.01565314456820488,0.05848127603530884,0.10623067617416382,-0.07654239982366562,2.7885518074035645,3.7360720573910515,1375.4588052327867,0.5365623235702515,0.33755412697792053,0.12587541341781616,0.13183733820915222,0.0037496883887797594,0.272396057844162
1472,0.015598118305206299,0.05904717743396759,0.10732553154230118,-0.11304374039173126,2.807915210723877,3.785532092705916,1321.6099032840002,0.55128014087677,0.33263230323791504,0.11608603596687317,0.13760443031787872,0.004265666473656893,0.2815403342247009
1473,0.013994818553328514,0.04906139895319939,0.09277591854333878,-0.15364283323287964,3.0552256107330322,3.5056831042675425,1439.7528034049255,0.5090833306312561,0.3649708926677704,0.125884011387825,0.1249009221792221,0.0038184034638106823,0.2646333873271942
1474,0.016549618914723396,0.06400617957115173,0.11545380204916,-0.1759573519229889,3.1225359439849854,3.867531929109316,1461.468524036082,0.4983622133731842,0.3798532783985138,0.12176921218633652,0.1245560422539711,0.003269387176260352,0.2515486776828766
1475,0.015461968258023262,0.06055423617362976,0.10489020496606827,-0.16459155082702637,2.9297173023223877,3.9163342699459784,1390.2803630952249,0.5099745392799377,0.39450350403785706,0.09551950544118881,0.13020731508731842,0.004232092760503292,0.2518790066242218
1476,0.015380635857582092,0.05492284148931503,0.10152797400951385,-0.14594879746437073,2.896034002304077,3.570908380791628,1461.9547201525197,0.480830579996109,0.4070816934108734,0.11197708547115326,0.12440887093544006,0.004238913767039776,0.2493751496076584
1477,0.015141292475163937,0.06918742507696152,0.11386112868785858,-0.18438217043876648,3.1306724548339844,4.569453049393194,1499.8030773202574,0.47443702816963196,0.4033375680446625,0.12222424894571304,0.12050826102495193,0.004243241623044014,0.23740804195404053
1478,0.017119811847805977,0.07839914411306381,0.13091543316841125,-0.2012920379638672,3.3103384971618652,4.57943958762209,1510.0190603209132,0.4824678897857666,0.3887508511543274,0.1286841183900833,0.11961673945188522,0.0041427528485655785,0.24433600902557373
1479,0.01673268713057041,0.06465888768434525,0.11714621633291245,-0.1628185659646988,3.1715798377990723,3.8642261805248266,1450.837315478961,0.5007978677749634,0.3818152844905853,0.11737627536058426,0.12674455344676971,0.004626940935850143,0.258102685213089
1480,0.014008576981723309,0.05469515174627304,0.10018514096736908,-0.12331622838973999,3.0102131366729736,3.904404552562921,1449.0171609452364,0.4966062307357788,0.4000149369239807,0.10337203741073608,0.1253175288438797,0.003802215214818716,0.26738473773002625
1481,0.016543956473469734,0.05797655135393143,0.11255599558353424,-0.0572793073952198,2.892025947570801,3.50439457716173,1516.1027746299353,0.4745631814002991,0.4150169789791107,0.11039567738771439,0.12027648091316223,0.004269110970199108,0.24371856451034546
1482,0.015569682233035564,0.05207981541752815,0.10411141812801361,-0.0989418476819992,2.8342318534851074,3.3449504385953923,1451.3347551673583,0.4956260919570923,0.3878529667854309,0.11649278551340103,0.13078461587429047,0.0038340024184435606,0.24978090822696686
1483,0.014921826310455799,0.06241060048341751,0.11234548687934875,-0.13504339754581451,3.0179567337036133,4.182504150681849,1481.8364779312064,0.47691023349761963,0.3906790614128113,0.1323954463005066,0.12248095124959946,0.003996185027062893,0.2431694120168686
1484,0.014794341288506985,0.06046639755368233,0.10871110111474991,-0.0709630623459816,2.977632522583008,4.087130097273654,1542.6278398638528,0.456066757440567,0.40175381302833557,0.1421194076538086,0.1142209842801094,0.003320255083963275,0.23599034547805786
1485,0.0159214548766613,0.06234705075621605,0.1210307627916336,-0.03289618343114853,2.879265546798706,3.9159141696084876,1465.5388185691877,0.49181288480758667,0.3753795921802521,0.13280275464057922,0.12038733065128326,0.00393888633698225,0.2485761195421219
1486,0.014495671726763248,0.05591385066509247,0.11181274801492691,-0.012968051247298717,2.9778976440429688,3.8572790357829274,1478.6047703678828,0.4808627665042877,0.38755112886428833,0.13158535957336426,0.11967699974775314,0.0035675379913300276,0.247819185256958
1487,0.014049166813492775,0.05523533746600151,0.1002122312784195,-0.11915715783834457,2.9467010498046875,3.931573892981475,1452.4917115410994,0.4879809021949768,0.3972499668598175,0.11473380774259567,0.12519769370555878,0.004157014656811953,0.2539795935153961
1488,0.013339837081730366,0.047818198800086975,0.08826956152915955,-0.23543226718902588,2.9040729999542236,3.5846164014995345,1363.727207769906,0.5280861258506775,0.3795894384384155,0.09231042116880417,0.13205651938915253,0.004766165744513273,0.27090758085250854
1489,0.01613161712884903,0.06017334386706352,0.1178496778011322,-0.13582530617713928,3.050161838531494,3.730149518346935,1431.7398470608498,0.501589834690094,0.39327672123908997,0.105132095515728,0.12823326885700226,0.004036085680127144,0.25390684604644775
1490,0.015693729743361473,0.05892644450068474,0.11544893682003021,-0.11686970293521881,3.05196475982666,3.7547762998694525,1417.0167579954289,0.5103470087051392,0.366885244846344,0.12276536971330643,0.1304265558719635,0.0032388530671596527,0.2559630274772644
1491,0.01479328703135252,0.05439482256770134,0.10160119831562042,-0.1940312683582306,2.9525036811828613,3.676993655888737,1331.5701633462443,0.5414960384368896,0.3498838543891907,0.10860947519540787,0.1349451094865799,0.0034762260038405657,0.2804010510444641
1492,0.015478502959012985,0.05680639296770096,0.10625164955854416,-0.14108526706695557,2.85331654548645,3.6700185485931063,1320.7795950116904,0.5481289029121399,0.3502226769924164,0.10149876773357391,0.14021827280521393,0.004994871094822884,0.27763909101486206
1493,0.013734734617173672,0.04781614989042282,0.0880679339170456,-0.13094770908355713,2.7129271030426025,3.481403261126934,1341.1321118887367,0.546157956123352,0.3493117392063141,0.10451338440179825,0.142389178276062,0.005170394666492939,0.27534541487693787
1494,0.015541493892669678,0.046362489461898804,0.09258241951465607,-0.10147417336702347,2.723914623260498,2.9831424043980133,1402.8060538675445,0.5238492488861084,0.3486001491546631,0.1275133192539215,0.13548056781291962,0.005156987812370062,0.27033936977386475
1495,0.013902519829571247,0.05672430247068405,0.09794169664382935,-0.062392160296440125,2.914539337158203,4.080145409751469,1409.7990099954068,0.5310569405555725,0.32078659534454346,0.14814803004264832,0.13014136254787445,0.004466737620532513,0.27571484446525574
1496,0.014334193430840969,0.05911637470126152,0.10107182711362839,-0.17738507688045502,2.965672492980957,4.124150757582534,1334.4378286928804,0.550261914730072,0.3236582577228546,0.12605498731136322,0.13880598545074463,0.004797253757715225,0.27621498703956604
1497,0.013139690272510052,0.051942724734544754,0.0934404730796814,-0.1835612803697586,2.925294876098633,3.953116371339635,1296.414636426958,0.555240273475647,0.34209418296813965,0.10263052582740784,0.13927511870861053,0.004766582511365414,0.2925706207752228
1498,0.014704231172800064,0.05834090709686279,0.10501371324062347,-0.08489987999200821,2.832221746444702,3.967627168485651,1338.887870069119,0.546809732913971,0.3451021909713745,0.10795444250106812,0.13086499273777008,0.005236643832176924,0.28685832023620605
1499,0.013572889380156994,0.057068612426519394,0.10556093603372574,-0.07962410897016525,3.0363857746124268,4.204603074843206,1401.4595799670265,0.513982355594635,0.37270495295524597,0.1133025512099266,0.12902261316776276,0.003781851613894105,0.26311296224594116
1500,0.016178304329514503,0.07388585805892944,0.13967877626419067,-0.16801857948303223,3.216437339782715,4.566971701698711,1461.049951178708,0.480437308549881,0.40438538789749146,0.11516358703374863,0.12224031984806061,0.003860299475491047,0.23916807770729065
1501,0.01643635891377926,0.07567811012268066,0.12533560395240784,-0.1872725933790207,3.033543348312378,4.604311119942286,1493.5431435467253,0.4708467721939087,0.3922947645187378,0.1368362456560135,0.12032239139080048,0.0035684797912836075,0.24557283520698547
1502,0.015231531113386154,0.05866393819451332,0.10719919204711914,-0.059726715087890625,2.928441047668457,3.851480048457199,1438.1150508856738,0.5061119198799133,0.360347718000412,0.13348521292209625,0.1274864673614502,0.0037757137324661016,0.26439449191093445
1503,0.015018577687442303,0.0541505441069603,0.10473383963108063,0.002487994497641921,2.9528822898864746,3.6055707291531602,1458.4034246649915,0.5069482326507568,0.350640207529068,0.14240886270999908,0.1232428178191185,0.003526888322085142,0.25704652070999146
1504,0.014744997955858707,0.05263106897473335,0.10481921583414078,-0.06722532957792282,2.9776835441589355,3.5694185328965577,1455.495632888367,0.5023999810218811,0.3665941655635834,0.13098442554473877,0.12284532934427261,0.003916355315595865,0.25285905599594116
1505,0.016585491597652435,0.05952412262558937,0.11125470697879791,-0.1059705913066864,2.8811285495758057,3.588927242314945,1387.1597501730882,0.5163078308105469,0.3805316388607025,0.10315641015768051,0.122237928211689,0.003772022668272257,0.259479820728302
1506,0.016575632616877556,0.05819150060415268,0.1111341267824173,-0.06098080426454544,2.8363049030303955,3.510665441594704,1430.9782490917987,0.5036057233810425,0.36604323983192444,0.1303461492061615,0.12286357581615448,0.0032603375148028135,0.25050076842308044
1507,0.015133908949792385,0.053747642785310745,0.1056167259812355,-0.026084428653120995,3.0360255241394043,3.551471266284882,1415.0533807468692,0.5119726061820984,0.355038583278656,0.1329290270805359,0.1324743628501892,0.004621836356818676,0.2512091398239136
1508,0.014535886235535145,0.05069638416171074,0.09676431119441986,-0.1286536008119583,3.0139098167419434,3.4876706749594795,1407.8438563196657,0.5069202184677124,0.37980979681015015,0.11326611787080765,0.132051020860672,0.005007695406675339,0.2500361502170563
1509,0.013178032822906971,0.04221846163272858,0.08136670291423798,-0.13510486483573914,2.788269281387329,3.203699838729937,1393.1580657364366,0.521778404712677,0.35633713006973267,0.12179794907569885,0.1368645429611206,0.005982514936476946,0.26240381598472595
1510,0.01584583893418312,0.06746015697717667,0.12474137544631958,-0.009829186834394932,2.9322009086608887,4.257278977346685,1377.7984502449274,0.5421223640441895,0.3230406939983368,0.1347583681344986,0.13250510394573212,0.004682452417910099,0.28035643696784973
1511,0.016381770372390747,0.06617926061153412,0.12623152136802673,-0.07004152983427048,3.077131748199463,4.039811272109545,1458.0625466825434,0.4972634017467499,0.36469346284866333,0.1379842609167099,0.12148753553628922,0.004269090946763754,0.24962933361530304
1512,0.015104697085916996,0.0551457554101944,0.10065517574548721,-0.09859364479780197,3.0659213066101074,3.650901113267551,1479.573773559516,0.4826216697692871,0.3834623098373413,0.1338844895362854,0.11851664632558823,0.003979337401688099,0.24602295458316803
1513,0.014980863779783249,0.052503712475299835,0.09947028756141663,-0.10409071296453476,2.916234254837036,3.504718635960707,1414.1462400741327,0.5201679468154907,0.3511815667152405,0.12863996624946594,0.12310928106307983,0.004904969595372677,0.2659207880496979
1514,0.01439674012362957,0.04910672828555107,0.09504476189613342,-0.10497932881116867,2.780306100845337,3.4109616385684807,1407.1806049024322,0.5262715816497803,0.33443722128868103,0.1392848938703537,0.13148461282253265,0.0033131432719528675,0.2693662643432617
1515,0.013714156113564968,0.04972073808312416,0.09627097100019455,-0.038664691150188446,2.8508129119873047,3.625504746173831,1414.598358038052,0.5244349241256714,0.3440536856651306,0.13146987557411194,0.12704890966415405,0.0036417017690837383,0.2679557502269745
1516,0.01603424735367298,0.058928847312927246,0.1098790094256401,-0.06370975822210312,2.912780523300171,3.675186368866461,1408.4009360308191,0.5197635889053345,0.3503875136375427,0.12981341779232025,0.12556006014347076,0.0033888446632772684,0.2690918743610382
1517,0.015478916466236115,0.052601370960474014,0.10372079908847809,-0.1215381771326065,2.942430019378662,3.3982592432625496,1452.419719318413,0.5045379996299744,0.35391250252723694,0.14147761464118958,0.1280251145362854,0.003430012846365571,0.2518389821052551
1518,0.013903898186981678,0.06078978255391121,0.1061447262763977,-0.23774385452270508,3.1158618927001953,4.372139505916189,1456.948790343366,0.5093134045600891,0.3746497333049774,0.11603682488203049,0.12734802067279816,0.0032022304367274046,0.2545176148414612
1519,0.015777165070176125,0.07106895744800568,0.12230133265256882,-0.24763616919517517,3.126703977584839,4.504545469822341,1369.2392708946134,0.5404017567634583,0.35708510875701904,0.10247349739074707,0.131454199552536,0.0036585184279829264,0.2797970473766327
1520,0.015600585378706455,0.058770835399627686,0.11346254497766495,-0.14294421672821045,2.924525737762451,3.76721988112561,1404.6933925858336,0.5301587581634521,0.3524132966995239,0.11737372726202011,0.1287088692188263,0.003744678106158972,0.27608832716941833
1521,0.01623658649623394,0.06594584882259369,0.11984103918075562,-0.17271161079406738,3.0612032413482666,4.061558680072823,1513.7359919219627,0.4766334593296051,0.39829474687576294,0.1249198466539383,0.11637914925813675,0.0031039665918797255,0.2425929456949234
1522,0.014033577404916286,0.058562617748975754,0.10186144709587097,-0.1628022938966751,3.0029141902923584,4.173035574256844,1439.4294249912411,0.4971984326839447,0.3676201403141022,0.13508962094783783,0.12677212059497833,0.004505353048443794,0.24824896454811096
1523,0.015732578933238983,0.051594093441963196,0.10310657322406769,-0.10828109085559845,2.779914617538452,3.2794428464413046,1447.5206333870972,0.508956789970398,0.3487996757030487,0.14223375916481018,0.13092665374279022,0.003671836107969284,0.2626848816871643
1524,0.01464874017983675,0.06948377192020416,0.11571870744228363,-0.18032889068126678,3.100878953933716,4.74332748498753,1494.9642898960353,0.4869324564933777,0.3913358449935913,0.12172222137451172,0.12232089042663574,0.004348216578364372,0.2363448292016983
1525,0.014161152765154839,0.0684308409690857,0.10832618176937103,-0.2367188036441803,3.153367280960083,4.832293111944631,1432.6728120977891,0.5005771517753601,0.4002517759799957,0.09915850311517715,0.12613554298877716,0.0038500374648720026,0.2489912062883377
1526,0.015575000084936619,0.05702381208539009,0.1087915301322937,-0.06318594515323639,2.8532049655914307,3.6612399210757953,1356.2096065046596,0.5289408564567566,0.3787343204021454,0.09232478588819504,0.13425330817699432,0.004616829100996256,0.263915479183197
1527,0.013867569155991077,0.050367847084999084,0.09790310263633728,-0.0130613399669528,2.853426694869995,3.6320602778178372,1394.287602856565,0.5179250240325928,0.37865322828292847,0.10334768146276474,0.13100892305374146,0.004408662673085928,0.2585406005382538
1528,0.014377091079950333,0.0484829917550087,0.09120272099971771,-0.12833383679389954,2.9135196208953857,3.3722393133649082,1425.5800975760646,0.5042989253997803,0.38028791546821594,0.11523836106061935,0.1276077777147293,0.004726992454379797,0.2551610767841339
1529,0.014781549572944641,0.05229742079973221,0.10409815609455109,-0.15379992127418518,3.022653579711914,3.5380201878101194,1433.4662181714482,0.4926985204219818,0.3947673439979553,0.11231772601604462,0.12746910750865936,0.0035974157508462667,0.24961639940738678
1530,0.01694704405963421,0.05937640368938446,0.11862728744745255,-0.028666475787758827,2.8999125957489014,3.503643672427109,1447.6701092150104,0.4939463138580322,0.3773878216743469,0.12866567075252533,0.11884307116270065,0.0037573243025690317,0.24823640286922455
1531,0.014471681788563728,0.051452916115522385,0.09916137158870697,0.01650034263730049,2.8915963172912598,3.555420638990813,1412.5888057929958,0.5218976140022278,0.34068483114242554,0.13736306130886078,0.12586747109889984,0.003261952893808484,0.2652868926525116
1532,0.013806825503706932,0.04593658074736595,0.09101863205432892,-0.08591743558645248,2.9748005867004395,3.3270921495825054,1402.9306983255487,0.5286915302276611,0.34456712007522583,0.12672343850135803,0.13069729506969452,0.003935171756893396,0.253751665353775
1533,0.014493710361421108,0.05353192985057831,0.10087446123361588,-0.13591831922531128,2.9252171516418457,3.6934593359457777,1420.606012161547,0.5202898383140564,0.35119348764419556,0.12850505113601685,0.1275595724582672,0.003972572740167379,0.2630882263183594
1534,0.014942068606615067,0.05575394257903099,0.09897005558013916,-0.11316785961389542,2.913651466369629,3.7313402878244437,1440.4669491275704,0.5015097260475159,0.37744274735450745,0.12091768532991409,0.12717008590698242,0.00451919948682189,0.25608670711517334
1535,0.01634487695991993,0.05801662802696228,0.10895953327417374,-0.09769415110349655,2.932041645050049,3.54952981081951,1469.0384852756063,0.48239225149154663,0.40141361951828003,0.11606112122535706,0.11845787614583969,0.0037777090910822153,0.23624952137470245
1536,0.016715027391910553,0.05955357104539871,0.11117258667945862,-0.10375970602035522,2.919905662536621,3.5628760662789905,1448.6492678422567,0.4976676106452942,0.37183573842048645,0.13045643270015717,0.12158121168613434,0.0037061579059809446,0.25005125999450684
1537,0.014916523359715939,0.05539350584149361,0.10244005918502808,-0.08700267970561981,3.0215556621551514,3.7135667944835986,1395.69458537707,0.5191740393638611,0.3571731448173523,0.1236448585987091,0.12853080034255981,0.004702889826148748,0.2713436484336853
1538,0.016295915469527245,0.05734504014253616,0.11378888785839081,-0.11280971020460129,3.1368815898895264,3.5189824251512767,1445.907974845178,0.5007343292236328,0.3759313225746155,0.12333442270755768,0.12314819544553757,0.003689100733026862,0.24821573495864868
1539,0.015303224325180054,0.05485345050692558,0.10798074305057526,-0.1371251791715622,3.0349349975585938,3.584437458260663,1471.3087650030418,0.49490973353385925,0.3714987635612488,0.13359041512012482,0.12793774902820587,0.005287285894155502,0.23559635877609253
1540,0.0150689035654068,0.053645890206098557,0.10529777407646179,-0.056324977427721024,2.981349468231201,3.5600393863885142,1553.1443107992577,0.47446927428245544,0.37792906165122986,0.14736007153987885,0.12145907431840897,0.004120464902371168,0.24189326167106628
1541,0.014209561049938202,0.048835646361112595,0.09686144441366196,-0.030182166025042534,2.9176673889160156,3.436815971024535,1497.1947559099185,0.49084949493408203,0.38274991512298584,0.126180499792099,0.12481778115034103,0.0033361916430294514,0.2467845231294632
1542,0.015293607488274574,0.05210765451192856,0.10080772638320923,-0.09896377474069595,2.8582186698913574,3.407152599442069,1326.2551368454774,0.5514609813690186,0.3389315903186798,0.10960107296705246,0.13445457816123962,0.004083812236785889,0.28150439262390137
1543,0.01555828470736742,0.06140519678592682,0.10689876973628998,-0.17763890326023102,2.9548513889312744,3.9467844905102174,1358.9228360121667,0.5436406135559082,0.347352534532547,0.1089354008436203,0.12918545305728912,0.005327124148607254,0.27300551533699036
1544,0.01616569608449936,0.06418003141880035,0.114764504134655,-0.13894133269786835,2.947506904602051,3.970137201599991,1391.6405872716687,0.5215088725090027,0.37733137607574463,0.10110906511545181,0.13029839098453522,0.0043302676640450954,0.2604382038116455
1545,0.015242339111864567,0.057928889989852905,0.10945292562246323,-0.10240060091018677,3.0413777828216553,3.80052494311459,1397.5968688296348,0.5172526240348816,0.35177555680274963,0.13085797429084778,0.1255999505519867,0.004892907105386257,0.2575274109840393
1546,0.015004215762019157,0.05625089257955551,0.10644805431365967,-0.17559808492660522,3.032994508743286,3.74900584395733,1386.6385130119593,0.5253052711486816,0.33929628133773804,0.13506795465946198,0.1260988414287567,0.0034599429927766323,0.26958975195884705
1547,0.014056043699383736,0.054107699543237686,0.10285314917564392,-0.13148869574069977,2.9307947158813477,3.8494259619981492,1355.0534141097423,0.535872220993042,0.3576679825782776,0.1063130721449852,0.1254872828722,0.004083745181560516,0.2623840272426605
1548,0.014243431389331818,0.0549616776406765,0.10468116402626038,-0.008994922041893005,2.9287774562835693,3.8587385395055493,1367.7200279433703,0.5344157218933105,0.34954583644866943,0.11602608114480972,0.1243165135383606,0.004507423844188452,0.2625613808631897
1549,0.015887603163719177,0.05751534551382065,0.11337579786777496,-0.07176752388477325,3.026832103729248,3.620139861092589,1407.7192288165409,0.5173496603965759,0.3503917157649994,0.1321018934249878,0.131595179438591,0.00391822075471282,0.2599595785140991
1550,0.014642329886555672,0.05241423845291138,0.0981510654091835,-0.1356080323457718,3.0137174129486084,3.5796378619674156,1410.6015651765908,0.5071825385093689,0.3763585090637207,0.116455078125,0.12514157593250275,0.004080187063664198,0.25831565260887146
1551,0.013856123201549053,0.049174968153238297,0.09182741492986679,-0.08803918212652206,2.8591208457946777,3.548970186999476,1402.8640950805745,0.5062378644943237,0.39275604486465454,0.10099488496780396,0.12121140211820602,0.004096716642379761,0.2627684473991394
1552,0.01673373393714428,0.06404566019773483,0.11857602000236511,-0.1063799113035202,2.801168441772461,3.8273382638015883,1409.4183908523198,0.5007084012031555,0.40451401472091675,0.09477683156728745,0.12495695799589157,0.005258914083242416,0.25089845061302185
1553,0.015661517158150673,0.0598854199051857,0.11088310182094574,-0.08507309854030609,2.859849214553833,3.8237304404571044,1407.0865592003047,0.5098620057106018,0.3829866349697113,0.10710378736257553,0.12686218321323395,0.004289241973310709,0.2550619840621948
1554,0.01569235883653164,0.055793702602386475,0.1097341999411583,-0.10242994129657745,3.120657205581665,3.5554694600115746,1387.1272715062353,0.5244882106781006,0.3660169839859009,0.1094946637749672,0.1331092119216919,0.00450601102784276,0.2562759220600128
1555,0.014091400429606438,0.05506085231900215,0.10406859219074249,-0.10909970104694366,3.1146628856658936,3.9074081096588746,1363.9625833756395,0.5351216793060303,0.35177773237228394,0.11309915035963058,0.1297847330570221,0.004527275916188955,0.25990480184555054
1556,0.016164101660251617,0.062276482582092285,0.11875924468040466,-0.03854439780116081,2.841212034225464,3.852764841944832,1370.6447121765584,0.528907299041748,0.34080269932746887,0.13028468191623688,0.1298200488090515,0.0045542470179498196,0.25669100880622864
1557,0.014554191380739212,0.04967255890369415,0.09886153042316437,-0.059339288622140884,2.879271984100342,3.4129384175899387,1454.8398829600026,0.4908612072467804,0.38251304626464844,0.1266254037618637,0.12348761409521103,0.0034508141689002514,0.2508034408092499
1558,0.01547013409435749,0.055688582360744476,0.1021643728017807,-0.13180571794509888,3.0916147232055664,3.5997478766170707,1525.0371340943054,0.4657757878303528,0.39335525035858154,0.14086878299713135,0.11860664188861847,0.004206830635666847,0.2382522076368332
1559,0.016417019069194794,0.06800001859664917,0.11657625436782837,-0.0902080237865448,3.0801024436950684,4.142044198517358,1549.1635620448874,0.46057745814323425,0.4093543589115143,0.13006377220153809,0.11520672589540482,0.004428860265761614,0.2287273406982422
1560,0.015504981391131878,0.06570229679346085,0.10820574313402176,-0.020445529371500015,2.9637303352355957,4.237496010591924,1452.3228283162155,0.49953997135162354,0.3893626630306244,0.11108838021755219,0.12031511962413788,0.00392999267205596,0.2435392141342163
1561,0.013765043579041958,0.04401417076587677,0.08790554106235504,0.005620799493044615,2.8724889755249023,3.1975322497121077,1380.6121377594213,0.5238752961158752,0.3492220938205719,0.12679046392440796,0.12947238981723785,0.0036424745339900255,0.26323360204696655
1562,0.01431229431182146,0.056696657091379166,0.10172899812459946,-0.008913248777389526,3.0560340881347656,3.961395416567719,1465.0559585534436,0.4890314042568207,0.3794076144695282,0.1314903050661087,0.11887412518262863,0.0038805301301181316,0.23956263065338135
1563,0.015252813696861267,0.06216698884963989,0.10997581481933594,-0.10863392055034637,3.1065664291381836,4.075771859611508,1470.956772187587,0.4905359745025635,0.39541947841644287,0.11403719335794449,0.11760983616113663,0.00345440860837698,0.24666479229927063
1564,0.016335176303982735,0.06832858175039291,0.11660005152225494,-0.11949821561574936,2.8724215030670166,4.182910577435922,1390.5073602003883,0.5295088887214661,0.35104402899742126,0.11944437026977539,0.12653259932994843,0.004828962031751871,0.26337680220603943
1565,0.015521621331572533,0.05219815671443939,0.09723019599914551,-0.05902843922376633,2.848954200744629,3.3629319770158403,1344.7732520991879,0.5598636865615845,0.30935782194137573,0.13076896965503693,0.1313629448413849,0.004159054718911648,0.27678412199020386
1566,0.014626980759203434,0.04939055070281029,0.09220048785209656,-0.14642488956451416,2.916220188140869,3.376674346710726,1396.5674921317168,0.5343052744865417,0.3271406590938568,0.13852718472480774,0.1330365538597107,0.003985435701906681,0.2673477530479431
1567,0.01589052379131317,0.054794516414403915,0.09919307380914688,-0.21723905205726624,2.9031081199645996,3.4482511168643817,1401.1044876723643,0.5160918831825256,0.3610464334487915,0.12280847132205963,0.13233505189418793,0.004977700766175985,0.24682652950286865
1568,0.013640182092785835,0.052086178213357925,0.09630027413368225,-0.11456704139709473,2.9295334815979004,3.8185837883415963,1366.7373294316362,0.5279970169067383,0.3533978760242462,0.1184520572423935,0.12821416556835175,0.003887286875396967,0.2604999542236328
1569,0.015974823385477066,0.06282476335763931,0.1139800101518631,-0.0662505030632019,3.003588914871216,3.932736020782643,1437.2032099245241,0.5051764845848083,0.353902131319046,0.14079982042312622,0.12395941466093063,0.004433026537299156,0.25330767035484314
1570,0.016323398798704147,0.06439229100942612,0.11547280102968216,-0.18306200206279755,3.046482801437378,3.9447845267735047,1461.9318630027224,0.49531668424606323,0.37800896167755127,0.1266462355852127,0.1241789162158966,0.004564228001981974,0.2472609281539917
1571,0.016603983938694,0.06369681656360626,0.1161506325006485,-0.1394406259059906,2.9131479263305664,3.836236941384331,1429.7838462041914,0.5017203092575073,0.38541778922080994,0.1128581240773201,0.12754741311073303,0.00507751340046525,0.24695512652397156
1572,0.015446270816028118,0.06330876797437668,0.11160702258348465,-0.11029554903507233,2.8763694763183594,4.098644179188188,1429.9320929570044,0.50168776512146,0.3827681839466095,0.11548000574111938,0.11967688798904419,0.003858532290905714,0.2556529641151428
1573,0.016941092908382416,0.06806638836860657,0.11489363759756088,-0.16192543506622314,2.87811541557312,4.017827464419939,1473.9034374557016,0.4813385307788849,0.3967463970184326,0.12189982831478119,0.11442354321479797,0.004400197416543961,0.23793257772922516
1574,0.014300172217190266,0.057646773755550385,0.09904201328754425,-0.15864576399326324,3.101853370666504,4.031194371367213,1486.2219152891084,0.4732508361339569,0.3999490439891815,0.12678281962871552,0.118136465549469,0.004152885638177395,0.23229198157787323
1575,0.015168053098022938,0.06136602163314819,0.11118972301483154,-0.13337571918964386,3.189283609390259,4.045741482609995,1469.6539490715115,0.47898730635643005,0.40409502387046814,0.11689674854278564,0.11367388814687729,0.004703694023191929,0.23429006338119507
1576,0.016935067251324654,0.05828857421875,0.11391307413578033,-0.08064485341310501,2.9297244548797607,3.4418861968646044,1456.978534808742,0.4780910611152649,0.4153388738632202,0.10656790435314178,0.11388106644153595,0.003984383307397366,0.24339506030082703
1577,0.01678258366882801,0.06361816823482513,0.11642096936702728,-0.08630101382732391,2.8457441329956055,3.790725521553566,1396.837199176579,0.5029051899909973,0.3897099792957306,0.107320636510849,0.11988157778978348,0.003807847388088703,0.2522675693035126
1578,0.01390006486326456,0.05312846601009369,0.09966549277305603,-0.0559159517288208,2.8600878715515137,3.8221739631360103,1417.9965741475864,0.4930703938007355,0.40634241700172424,0.10053906589746475,0.1239943578839302,0.0033983432222157717,0.241384819149971
1579,0.016727924346923828,0.07411074638366699,0.1289970874786377,-0.023410271853208542,3.029275894165039,4.430361163898089,1523.726995397434,0.46289342641830444,0.4163264036178589,0.12076935172080994,0.12071380764245987,0.0036895873490720987,0.2275594174861908
1580,0.014738066121935844,0.06613431125879288,0.1138620525598526,-0.07005106657743454,3.0196146965026855,4.487312698093583,1508.7111691762925,0.4796254336833954,0.38178959488868713,0.13858485221862793,0.11765715479850769,0.00354188890196383,0.24706809222698212
1581,0.015503769740462303,0.055358123034238815,0.10362692177295685,-0.11786994338035583,2.9839107990264893,3.570623400461924,1415.645636051632,0.5151523351669312,0.3645661473274231,0.12027570605278015,0.127585768699646,0.004011922515928745,0.26766011118888855
1582,0.01431614626199007,0.0501680001616478,0.09843136370182037,-0.0876510962843895,3.014937162399292,3.504295027450335,1433.188367182206,0.5062988996505737,0.37421533465385437,0.11947839707136154,0.12428446114063263,0.004457150585949421,0.2559700608253479
1583,0.01598275825381279,0.06464862078428268,0.11839617788791656,-0.06487828493118286,2.9365992546081543,4.044897617394385,1404.904729658991,0.5110641121864319,0.3771679997444153,0.11175397038459778,0.1190401017665863,0.004321373533457518,0.25283876061439514
1584,0.014239734038710594,0.057115763425827026,0.10601383447647095,-0.16388840973377228,3.0217676162719727,4.011013356467705,1420.856720925401,0.504533588886261,0.3809412717819214,0.11452340334653854,0.12145357578992844,0.0038840605411678553,0.24539496004581451
1585,0.014005047269165516,0.051442861557006836,0.0997491180896759,-0.12405809760093689,2.8502237796783447,3.6731658640377347,1432.3949152678013,0.5008217692375183,0.3700340688228607,0.12902837991714478,0.1219986081123352,0.003462237771600485,0.24972069263458252
1586,0.015791090205311775,0.05361352115869522,0.10677994787693024,-0.09708651155233383,2.7572414875030518,3.3951754095651765,1424.2783299997043,0.5028148293495178,0.3728785812854767,0.12430242449045181,0.12388260662555695,0.0050155469216406345,0.2465568333864212
1587,0.016842680051922798,0.061158716678619385,0.11887094378471375,-0.19747605919837952,3.005723714828491,3.6311748775401216,1483.02904787366,0.49180200695991516,0.36394697427749634,0.14424096047878265,0.12004061788320541,0.004285853356122971,0.254635751247406
1588,0.014310517348349094,0.0519922599196434,0.09500399231910706,-0.11423823237419128,3.012859344482422,3.633150266367431,1495.567881794172,0.4895293116569519,0.36853256821632385,0.1418936848640442,0.1239704117178917,0.0037836076226085424,0.24485044181346893
1589,0.015411462634801865,0.06302458792924881,0.11140121519565582,-0.09091168642044067,3.0427794456481934,4.089461812848214,1460.7205117648416,0.4948999881744385,0.37657809257507324,0.12851795554161072,0.1253221482038498,0.00378362275660038,0.24929149448871613
1590,0.01634564809501171,0.06550878286361694,0.1229289174079895,-0.14085976779460907,3.3260648250579834,4.007720127022733,1499.9197176010393,0.4607452154159546,0.4125836193561554,0.12667100131511688,0.10906746238470078,0.0053040990605950356,0.23343995213508606
1591,0.01644122414290905,0.05962235480546951,0.11615043878555298,-0.09113550186157227,3.1556143760681152,3.626393891573925,1556.440207304986,0.44138428568840027,0.39905253052711487,0.15956200659275055,0.10770117491483688,0.0037027052603662014,0.2212657332420349
1592,0.0150754414498806,0.04973578453063965,0.0908224880695343,-0.08986416459083557,2.8096556663513184,3.2991262440102167,1467.894222469578,0.4877687394618988,0.3544485867023468,0.15757876634597778,0.12325726449489594,0.004223159048706293,0.24483409523963928
1593,0.013461006805300713,0.04827161878347397,0.08571480214595795,-0.15382052958011627,2.7681524753570557,3.5860333092528713,1387.0394581756484,0.5092282295227051,0.38937413692474365,0.10122200846672058,0.1286345273256302,0.003444253234192729,0.26277968287467957
1594,0.015419306233525276,0.053907208144664764,0.10442894697189331,-0.09635962545871735,2.895557165145874,3.4960851885775157,1415.737155895601,0.4953857660293579,0.4120922088623047,0.09252120554447174,0.12060520052909851,0.0037357506807893515,0.2567101716995239
1595,0.01597394421696663,0.05302512273192406,0.10365688055753708,-0.04036378487944603,2.926379680633545,3.319475892014464,1488.244247122815,0.4705406129360199,0.4207201600074768,0.10861828178167343,0.11554357409477234,0.00378391332924366,0.23940595984458923
1596,0.014563540928065777,0.052928850054740906,0.10413616895675659,-0.05413351207971573,3.0151398181915283,3.634339362421539,1514.0320421732115,0.4588015675544739,0.4285009205341339,0.11253327876329422,0.11862576752901077,0.0037751905620098114,0.2257738560438156
1597,0.01636301539838314,0.06039674952626228,0.11895941197872162,-0.06486126035451889,3.0700180530548096,3.691052538429998,1451.396414316284,0.47963088750839233,0.4022403955459595,0.11804866790771484,0.12089017778635025,0.0033500033896416426,0.24013948440551758
1598,0.01715843938291073,0.06251269578933716,0.11484743654727936,-0.017437484115362167,2.8971521854400635,3.64326232652339,1433.4867180727335,0.47861939668655396,0.4102558493614197,0.11107338964939117,0.11746558547019958,0.0032211148645728827,0.24176324903964996
1599,0.016642678529024124,0.06049380078911781,0.11357299983501434,-0.05127888545393944,2.791735887527466,3.6348596579561603,1441.7312359606678,0.4847041964530945,0.405840128660202,0.10942793637514114,0.12116053700447083,0.00446907477453351,0.24433405697345734
1600,0.015792611986398697,0.052177030593156815,0.10089190304279327,-0.09834017604589462,2.860255002975464,3.3038885926400345,1418.892266798746,0.5054357647895813,0.37228918075561523,0.12226470559835434,0.12742272019386292,0.0038887832779437304,0.2509255111217499
1601,0.015481381677091122,0.05057346820831299,0.09815499931573868,-0.10025592148303986,2.9633870124816895,3.266728336003972,1446.910755230873,0.4936404228210449,0.3671630322933197,0.13907687366008759,0.12624147534370422,0.0052388692274689674,0.24588315188884735
1602,0.015210198238492012,0.054748937487602234,0.1000819206237793,-0.11730845272541046,2.9075920581817627,3.599488752582539,1521.9705990754867,0.4602762460708618,0.3932933211326599,0.14636360108852386,0.11909273266792297,0.004384428728371859,0.2467622607946396
1603,0.015646638348698616,0.0567932203412056,0.10178905725479126,-0.10318583995103836,2.8699283599853516,3.6297394412710733,1475.606765430399,0.4816571772098541,0.393526166677475,0.12473350018262863,0.1215522438287735,0.004113579168915749,0.23891083896160126
1604,0.014814375899732113,0.056138720363378525,0.1072855144739151,-0.09021852910518646,2.986943244934082,3.7894758941957316,1409.123467319286,0.5102165341377258,0.35715001821517944,0.1326238363981247,0.1245850920677185,0.004045727197080851,0.2591046392917633
1605,0.016981448978185654,0.06314970552921295,0.12057368457317352,-0.12899149954319,2.875776529312134,3.718746592626827,1431.8234075408768,0.49590376019477844,0.3807806968688965,0.12328124046325684,0.11683034896850586,0.00507688382640481,0.24717047810554504
1606,0.014820130541920662,0.04574474319815636,0.08934025466442108,-0.11046942323446274,2.685783863067627,3.0866626353711766,1423.2606206285116,0.4945308566093445,0.4058622121810913,0.09948195517063141,0.11916041374206543,0.004192781634628773,0.25129321217536926
1607,0.01592255011200905,0.06972015649080276,0.13241198658943176,-0.10237812250852585,3.2084476947784424,4.378705420675045,1497.7399957138432,0.4674319326877594,0.42637792229652405,0.10593917220830917,0.11048798263072968,0.002919214079156518,0.24705873429775238
1608,0.017837360501289368,0.07661457359790802,0.14545604586601257,-0.16174353659152985,3.3356008529663086,4.295174366637642,1538.266896662804,0.45021751523017883,0.44517114758491516,0.10460373759269714,0.10441092401742935,0.0019394713453948498,0.23567958176136017
1609,0.01700296252965927,0.06302642822265625,0.11521336436271667,-0.11515189707279205,2.896730899810791,3.706790984748025,1417.1246674551642,0.4981675148010254,0.4112899601459503,0.09053120762109756,0.11976418644189835,0.0033350626472383738,0.24784091114997864
1610,0.016052426770329475,0.05097648873925209,0.09841690957546234,-0.06568783521652222,2.7884175777435303,3.175625060648084,1355.0935388378514,0.533591091632843,0.3588294982910156,0.10755668580532074,0.13276641070842743,0.0042928848415613174,0.2599206268787384
1611,0.01576147973537445,0.05506996065378189,0.10316670686006546,-0.09906452149152756,3.011770486831665,3.4939587890781008,1390.0578326471293,0.5220410823822021,0.3647770285606384,0.11310067772865295,0.13292434811592102,0.0042547727935016155,0.2637076675891876
1612,0.015655232593417168,0.05657999590039253,0.10367598384618759,-0.12289514392614365,3.032266139984131,3.614126814095985,1402.2288690696384,0.5064482688903809,0.3758000135421753,0.11773211508989334,0.12775446474552155,0.004037818405777216,0.2631661593914032
1613,0.014795229770243168,0.055001404136419296,0.09665270894765854,-0.18380294740200043,3.0579521656036377,3.717509290955595,1423.8449306857142,0.48497381806373596,0.398550808429718,0.11647532880306244,0.12075676769018173,0.004463137127459049,0.24562318623065948
1614,0.014609543606638908,0.061624232679605484,0.10298500955104828,-0.16733291745185852,3.125342607498169,4.218080614604823,1401.9775956371464,0.4999869465827942,0.3823018968105316,0.11757901310920715,0.1211651936173439,0.004831796046346426,0.24685831367969513
1615,0.014952841214835644,0.06519528478384018,0.10674122720956802,-0.1812102198600769,3.0957822799682617,4.360059994136487,1402.683173120426,0.5182449817657471,0.348525732755661,0.1331368237733841,0.12727373838424683,0.0029975699726492167,0.2593488395214081
1616,0.016016893088817596,0.06495760381221771,0.11657150089740753,-0.21080148220062256,3.0336482524871826,4.055568295795965,1398.4039429445502,0.5306794047355652,0.3266865015029907,0.14241769909858704,0.12859204411506653,0.0032953196205198765,0.25925108790397644
1617,0.015035067684948444,0.054251354187726974,0.10259228944778442,-0.12343260645866394,2.9348866939544678,3.608321247428071,1395.0766509069554,0.519957423210144,0.35725441575050354,0.12270836532115936,0.1250452697277069,0.0041623786091804504,0.2583147883415222
1618,0.014445286244153976,0.05455765873193741,0.1018686443567276,-0.11730080842971802,2.963472843170166,3.776848572332037,1406.2978211521663,0.5009865760803223,0.3995961546897888,0.09937864542007446,0.12407414615154266,0.005383020266890526,0.24748320877552032
1619,0.013855055905878544,0.052751995623111725,0.09839636087417603,-0.11355151981115341,2.9274511337280273,3.8074184599227947,1406.083325010737,0.5003830790519714,0.383323073387146,0.1162751317024231,0.12192042917013168,0.004651572089642286,0.258831650018692
1620,0.015783119946718216,0.052026696503162384,0.09706028550863266,-0.065880186855793,2.8693645000457764,3.2963505742528394,1407.9685552029916,0.4995748996734619,0.3848789930343628,0.1155252605676651,0.12237615883350372,0.004398718010634184,0.2537269592285156
1621,0.014696257188916206,0.05644894018769264,0.09906719624996185,-0.08167145401239395,2.9604849815368652,3.841041937291688,1409.1312944841786,0.5078014731407166,0.3734367787837982,0.1187497079372406,0.1287989467382431,0.00362773728556931,0.2543044090270996
1622,0.015950115397572517,0.061206016689538956,0.10986575484275818,-0.013565368950366974,2.8296499252319336,3.837340054293068,1454.7493418313443,0.49606215953826904,0.3727760910987854,0.13106593489646912,0.12129911035299301,0.004631546325981617,0.2563052475452423
1623,0.016086891293525696,0.04981181025505066,0.0964401587843895,0.059065476059913635,2.7646656036376953,3.0964223816195875,1383.4895279462148,0.5183407664299011,0.38073351979255676,0.10092411190271378,0.12386943399906158,0.0036244229413568974,0.2750123143196106
1624,0.013883966021239758,0.06071954965591431,0.10267971456050873,-0.11038005352020264,3.0679104328155518,4.373357696111608,1415.5330283945393,0.5099721550941467,0.38358786702156067,0.10643262416124344,0.12240298837423325,0.004379369784146547,0.26069316267967224
1625,0.016253136098384857,0.0689549520611763,0.13131752610206604,-0.12581096589565277,3.1803059577941895,4.24256288998811,1507.6157305854717,0.4738491475582123,0.3958251476287842,0.13029806315898895,0.11481843143701553,0.004640873987227678,0.24587219953536987
1626,0.014757481403648853,0.05924747884273529,0.11617892980575562,-0.04453463479876518,3.0927350521087646,4.014741893835038,1464.5670611577627,0.46928733587265015,0.42477113008499146,0.10593962669372559,0.11552269756793976,0.004547847900539637,0.24137401580810547
1627,0.01708720438182354,0.06406249850988388,0.11956462264060974,-0.10186522454023361,3.0456016063690186,3.7491503627287925,1425.6082587091073,0.4809630215167999,0.4275881350040436,0.09141427278518677,0.1190786063671112,0.0041621383279562,0.2521156072616577
1628,0.015775958076119423,0.061650533229112625,0.10862305015325546,-0.1354459822177887,2.8576748371124268,3.9078788703506477,1364.4818334135557,0.5221480131149292,0.366122841835022,0.11172839254140854,0.12911993265151978,0.004520446062088013,0.2789166569709778
1629,0.015651749446988106,0.05705432966351509,0.108033686876297,-0.13152861595153809,2.825714349746704,3.645236582217902,1356.706717107174,0.5234323143959045,0.35653504729270935,0.12003098428249359,0.13278630375862122,0.005349026061594486,0.266798198223114
1630,0.01457592286169529,0.05074242502450943,0.0992385596036911,-0.11349042505025864,2.9934329986572266,3.48124955808983,1511.4825020371304,0.47497743368148804,0.39063116908073425,0.13432472944259644,0.12172599136829376,0.003559121862053871,0.2371545135974884
1631,0.016489362344145775,0.059936780482530594,0.11289943009614944,-0.08271750062704086,2.9154598712921143,3.6348755778403463,1544.0482933640312,0.4732937216758728,0.3757465183734894,0.15086552500724792,0.1176297515630722,0.003593186615034938,0.23764385282993317
1632,0.01471345592290163,0.05661610886454582,0.10322149097919464,-0.09357016533613205,2.8807766437530518,3.8479137163536414,1408.3833028144688,0.5222212672233582,0.3439595699310303,0.13378557562828064,0.124783456325531,0.00383144523948431,0.27460598945617676
1633,0.014013722538948059,0.05303677171468735,0.09749395400285721,-0.13417339324951172,3.0836069583892822,3.78463121154987,1419.1339126976184,0.524289071559906,0.3404645323753357,0.13524602353572845,0.12775953114032745,0.004335444420576096,0.2663939297199249
1634,0.015103534795343876,0.05654492974281311,0.1037670448422432,-0.12654486298561096,3.0665690898895264,3.743820933659913,1447.5969189336308,0.5130631923675537,0.35623857378959656,0.1306801289319992,0.12705098092556,0.003831588663160801,0.26071009039878845
1635,0.01597519777715206,0.0620218850672245,0.11852754652500153,-0.16790495812892914,2.986713171005249,3.8823860542150306,1470.4331564291942,0.4868888556957245,0.3927878737449646,0.12031449377536774,0.1209559291601181,0.0042390828020870686,0.2534506916999817
1636,0.0150344492867589,0.058010704815387726,0.11430271714925766,-0.17459316551685333,3.058304786682129,3.858518772790716,1487.0049975948662,0.47321557998657227,0.4032367765903473,0.12354519963264465,0.12182798981666565,0.0034613634925335646,0.2481713593006134
1637,0.015332577750086784,0.059229135513305664,0.10948652029037476,-0.09946500509977341,3.0301005840301514,3.862960062870541,1410.266471534669,0.4975697994232178,0.4010767936706543,0.10133706778287888,0.12495211511850357,0.004900010302662849,0.2531222999095917
1638,0.015717418864369392,0.053113099187612534,0.10171768069267273,-0.05239242687821388,2.973876953125,3.379250730833295,1363.8349405829624,0.5261098742485046,0.3731614947319031,0.10071132332086563,0.13140255212783813,0.0033032745122909546,0.2758212685585022
1639,0.015010756440460682,0.050141945481300354,0.09566613286733627,-0.07788975536823273,2.8400204181671143,3.340400976915797,1361.751362064888,0.535886824131012,0.3534573018550873,0.11059194058179855,0.13187788426876068,0.002924454864114523,0.26553940773010254
1640,0.01424085721373558,0.05692636966705322,0.10121730715036392,-0.20095162093639374,3.079974889755249,3.9973976853127384,1461.3002321747347,0.493795782327652,0.40477433800697327,0.10138080269098282,0.11550015956163406,0.0034482083283364773,0.24765589833259583
1641,0.01641455478966236,0.06471765786409378,0.11634473502635956,-0.15385852754116058,3.1553096771240234,3.9426995547213557,1481.9038711129092,0.473589152097702,0.4229181408882141,0.10347123444080353,0.11351601779460907,0.003949143458157778,0.24542009830474854
1642,0.015295070596039295,0.05995344743132591,0.10956171154975891,-0.0467652790248394,3.024059534072876,3.9197888660240148,1389.8479329334953,0.5040192604064941,0.38632795214653015,0.10964196920394897,0.12230781465768814,0.003424643073230982,0.257064551115036
1643,0.015788815915584564,0.06124456599354744,0.11105356365442276,-0.03660599887371063,2.8704869747161865,3.878984106035221,1345.4196459477525,0.5328285694122314,0.35868868231773376,0.10844265669584274,0.12924905121326447,0.0038270975928753614,0.26996150612831116
1644,0.015475593507289886,0.053351111710071564,0.10316286981105804,0.028591113165020943,2.7527148723602295,3.4474355818077487,1405.8352975642517,0.5161817669868469,0.3641224205493927,0.119695745408535,0.12975111603736877,0.004550052806735039,0.2590707242488861
1645,0.016607854515314102,0.062236133962869644,0.1171066164970398,-0.07087478786706924,3.0146644115448,3.7473915671488043,1470.2865879573685,0.49291446805000305,0.3857218325138092,0.121346615254879,0.12032527476549149,0.004052393604069948,0.24480490386486053
1646,0.017237979918718338,0.06414203345775604,0.11959069967269897,-0.1533012092113495,3.0312328338623047,3.7209715846335727,1477.35952758915,0.48453983664512634,0.39706137776374817,0.11839878559112549,0.12059643119573593,0.004820571281015873,0.2326144576072693
1647,0.014928802847862244,0.05133885145187378,0.09941329061985016,-0.0650564432144165,2.8166370391845703,3.438912816494621,1449.5247556910856,0.4894115626811981,0.3857274055480957,0.12482062727212906,0.12162380665540695,0.003456431906670332,0.25070157647132874
1648,0.01419402938336134,0.06146249547600746,0.10624401271343231,-0.058134108781814575,3.024705410003662,4.330165438696741,1492.560752977655,0.4765584170818329,0.3992869555950165,0.12412428110837936,0.11820100247859955,0.0037624493706971407,0.24383285641670227
1649,0.014352299273014069,0.0637650191783905,0.11023882031440735,-0.11047495901584625,3.121020793914795,4.442843474832073,1442.7169173423138,0.49587592482566833,0.3822177052497864,0.1217590942978859,0.1252918392419815,0.004331236705183983,0.2511521279811859
1650,0.01605600118637085,0.08015333861112595,0.1326892077922821,-0.235146164894104,3.291224718093872,4.992110904561471,1380.8638945717098,0.5157687067985535,0.37522050738334656,0.10900690406560898,0.12583357095718384,0.004855194594711065,0.25534653663635254
1651,0.015890279784798622,0.07758112996816635,0.12827949225902557,-0.2813604176044464,3.277592420578003,4.882301067946064,1472.5856640798024,0.4932997524738312,0.3626410961151123,0.14405807852745056,0.12055368721485138,0.004312798380851746,0.24925656616687775
1652,0.016229167580604553,0.06545127183198929,0.11484870314598083,-0.10943596810102463,2.905385732650757,4.032940784108795,1425.3823208048059,0.5132840275764465,0.34175848960876465,0.144926980137825,0.11989866197109222,0.00480919424444437,0.25266385078430176
1653,0.015837255865335464,0.05393442139029503,0.10274508595466614,-0.13282489776611328,2.9690096378326416,3.40554082383306,1372.0398742721106,0.5289400815963745,0.3479803800582886,0.12307514995336533,0.12566815316677094,0.0035193541552871466,0.2651617228984833
1654,0.013994631357491016,0.047277290374040604,0.08853136003017426,-0.15992800891399384,2.963907480239868,3.3782447828006466,1446.3933284368388,0.5062060952186584,0.3608624041080475,0.13285881280899048,0.12397126108407974,0.003527351887896657,0.25260934233665466
1655,0.014301558025181293,0.0476485937833786,0.08917386829853058,-0.14979849755764008,2.8076329231262207,3.331706496323702,1459.3412790724328,0.49864551424980164,0.37310004234313965,0.1282518059015274,0.12176629155874252,0.0029068670701235533,0.261091947555542
1656,0.015397995710372925,0.05162981525063515,0.09535370767116547,-0.19600994884967804,2.8551013469696045,3.353021797018782,1397.098598637817,0.5137941837310791,0.3713618516921997,0.11484365165233612,0.12870576977729797,0.0031153361778706312,0.2702532410621643
1657,0.016311531886458397,0.054806049913167953,0.10892147570848465,-0.10445348173379898,2.8845362663269043,3.3599572554744053,1372.4151724315273,0.5213608741760254,0.37141767144203186,0.10720007121562958,0.12623007595539093,0.003754247445613146,0.26566699147224426
1658,0.015350926667451859,0.050286050885915756,0.09718450903892517,-0.06690845638513565,2.8872454166412354,3.275766471431337,1392.2294987760313,0.5222017765045166,0.35724079608917236,0.12044449150562286,0.12265879660844803,0.00433722697198391,0.2616238594055176
1659,0.014179625548422337,0.04979970306158066,0.09307519346475601,-0.19079071283340454,2.9337387084960938,3.5120605186650677,1390.1793926771893,0.5231416821479797,0.35326245427131653,0.12345053255558014,0.128056138753891,0.004799201153218746,0.25800520181655884
1660,0.016064029186964035,0.056224554777145386,0.10347701609134674,-0.10820478945970535,2.787278413772583,3.5000281759492573,1457.9396734296688,0.49794620275497437,0.3585434854030609,0.143470898270607,0.12596316635608673,0.004045300651341677,0.24908016622066498
1661,0.015756579115986824,0.05787452682852745,0.10335370898246765,0.024618564173579216,2.750814914703369,3.6730388238989127,1440.3827209269143,0.5028905868530273,0.36205118894577026,0.13504855334758759,0.12570913136005402,0.004590576980262995,0.25216400623321533
1662,0.014988810755312443,0.05513204261660576,0.10869865864515305,-0.11215585470199585,3.085801124572754,3.678213269414136,1396.5253468056512,0.5150001645088196,0.376964271068573,0.10797574371099472,0.12319906800985336,0.003776462748646736,0.2661382555961609
1663,0.014710082672536373,0.05874115973711014,0.11388924717903137,-0.16338172554969788,3.351357936859131,3.9932583004979456,1423.7026285089598,0.5103683471679688,0.3698759078979492,0.11973901093006134,0.12760859727859497,0.003729939926415682,0.25734570622444153
1664,0.016116905957460403,0.06575408577919006,0.12744158506393433,-0.11628317087888718,3.0693070888519287,4.079820652218495,1372.0472997027457,0.5326470136642456,0.34376993775367737,0.12356613576412201,0.12802447378635406,0.003782253945246339,0.2639460563659668
1665,0.015714483335614204,0.05469762906432152,0.10177578032016754,-0.03805432468652725,2.783928871154785,3.4807144398363983,1410.313309403129,0.5178999304771423,0.3484676778316498,0.1336321234703064,0.1229836642742157,0.004626832436770201,0.25919222831726074
1666,0.016026973724365234,0.06339891254901886,0.12160632014274597,-0.101742222905159,3.1417243480682373,3.9557631799620414,1450.666968187539,0.5038893222808838,0.37798675894737244,0.11806975305080414,0.12560831010341644,0.004014045000076294,0.2631573975086212
1667,0.015212339349091053,0.06120773404836655,0.1173975020647049,-0.13174472749233246,3.2891104221343994,4.023558286451202,1395.8101270498053,0.524356484413147,0.37163418531417847,0.10391007363796234,0.1245875358581543,0.004498698748648167,0.2651119828224182
1668,0.015860382467508316,0.05588169023394585,0.10626140236854553,-0.1331377625465393,2.9370062351226807,3.523350735387504,1374.5319541649453,0.5236242413520813,0.3752632439136505,0.10110390931367874,0.12616027891635895,0.003964788746088743,0.26806557178497314
1669,0.016601959243416786,0.05739757791161537,0.10888145118951797,-0.07306928932666779,2.8487932682037354,3.4572773650747335,1399.1758101352248,0.5108617544174194,0.3851829767227173,0.10377435386180878,0.12213654816150665,0.0043780989944934845,0.25212204456329346
1670,0.014026498422026634,0.048713717609643936,0.09461233764886856,0.010822885669767857,2.932943820953369,3.472977798198939,1433.0740651792535,0.508994460105896,0.38728150725364685,0.1036556214094162,0.12519888579845428,0.003603766206651926,0.2516680657863617
1671,0.014625648967921734,0.05704199895262718,0.097818523645401,-0.14073465764522552,3.0133144855499268,3.900134556342532,1469.1565085229233,0.5010825395584106,0.37647300958633423,0.12243640422821045,0.1308497190475464,0.0037025290075689554,0.2527395486831665
1672,0.015871234238147736,0.062008004635572433,0.11956005543470383,-0.17881861329078674,3.127013921737671,3.9069428187648114,1461.1457939006943,0.5099707841873169,0.350801944732666,0.1392258256673813,0.12755811214447021,0.004093458876013756,0.25931739807128906
1673,0.016393069177865982,0.058353159576654434,0.1150909811258316,-0.06261143088340759,2.8300256729125977,3.559623822724032,1458.497877891792,0.5044465661048889,0.35849252343177795,0.13698121905326843,0.12521059811115265,0.0040835230611264706,0.26284727454185486
1674,0.0144120492041111,0.054347604513168335,0.10011382400989532,-0.08049353957176208,2.6609983444213867,3.7709838302449357,1477.3956810333946,0.4888252317905426,0.3708513379096985,0.14030127227306366,0.12205207347869873,0.0033371099270880222,0.24474258720874786
1675,0.014928573742508888,0.056229040026664734,0.10354828834533691,-0.16027042269706726,2.8978819847106934,3.766537982311522,1460.5892423649536,0.4886263608932495,0.3835892677307129,0.12777447700500488,0.11961674690246582,0.003695049090310931,0.23794086277484894
1676,0.014175723306834698,0.05256853252649307,0.09986455738544464,-0.14892439544200897,3.058427095413208,3.708349223876236,1479.9259432683536,0.4827497601509094,0.38504135608673096,0.13220885396003723,0.12113160640001297,0.0050345719791948795,0.24402065575122833
1677,0.013981934636831284,0.05212533473968506,0.10018402338027954,-0.10284502804279327,2.9820499420166016,3.7280488065398463,1457.9576148605804,0.4983837604522705,0.35607850551605225,0.14553041756153107,0.12541994452476501,0.004346819128841162,0.25647109746932983
1678,0.014206735417246819,0.054190635681152344,0.10262937843799591,-0.08521737903356552,2.821826696395874,3.814432667729638,1393.8097347114272,0.5192756652832031,0.3445121645927429,0.1361997276544571,0.13040581345558167,0.004503630101680756,0.2581157386302948
1679,0.015407886356115341,0.06088857352733612,0.11309893429279327,-0.13671869039535522,3.149331569671631,3.951779764991443,1443.428634135439,0.5029560327529907,0.3711218535900116,0.12592098116874695,0.12450114637613297,0.0040837060660123825,0.2558332681655884
1680,0.01462219376116991,0.05710366368293762,0.10617925971746445,-0.13657931983470917,3.115781784057617,3.905273354445245,1499.5225373227686,0.48144763708114624,0.3832906186580658,0.13519984483718872,0.12404384464025497,0.0044623506255447865,0.23180797696113586
1681,0.015677930787205696,0.06185491755604744,0.11678209900856018,-0.09420476853847504,3.067373275756836,3.9453495739743984,1511.785566619223,0.4709894061088562,0.39060962200164795,0.13837476074695587,0.12182130664587021,0.004153335001319647,0.22751598060131073
1682,0.014963079243898392,0.05881008133292198,0.1111636757850647,-0.11009165644645691,3.2046234607696533,3.930346178776876,1443.467160312429,0.487761527299881,0.38835665583610535,0.12383433431386948,0.11483271420001984,0.0047495136968791485,0.2456822246313095
1683,0.015274347737431526,0.0595259852707386,0.11330285668373108,-0.015192689374089241,3.1134226322174072,3.897121257817529,1429.1994279992416,0.4926753044128418,0.38850513100624084,0.11878323554992676,0.1187736764550209,0.0035141140688210726,0.2530728876590729
1684,0.015298531390726566,0.05999421328306198,0.11416862905025482,0.027774183079600334,2.9917845726013184,3.9215668319317762,1446.182324274181,0.4966064989566803,0.39098241925239563,0.11234372854232788,0.12283404171466827,0.0045183259062469006,0.25623470544815063
1685,0.013701431453227997,0.04619475454092026,0.08633960783481598,-0.04647809639573097,2.7407641410827637,3.3715276170407327,1356.9134377059197,0.5247495174407959,0.37411433458328247,0.1011345237493515,0.12820738554000854,0.00413468899205327,0.2743629217147827
1686,0.013865059241652489,0.06620986759662628,0.1060371994972229,-0.14793181419372559,2.914685010910034,4.775303620264939,1356.742749624701,0.5237590074539185,0.3636459708213806,0.11257787048816681,0.12826170027256012,0.003556423354893923,0.27019158005714417
1687,0.015344233252108097,0.07425719499588013,0.1194196492433548,-0.17174391448497772,3.061519145965576,4.839420371874152,1339.8148504631595,0.5410789847373962,0.34719762206077576,0.1116846576333046,0.13352593779563904,0.004414402414113283,0.27452561259269714
1688,0.013402396813035011,0.05489104613661766,0.09475015103816986,-0.12582823634147644,3.00089693069458,4.095614157546482,1289.0360572355412,0.5644599795341492,0.3432154357433319,0.09229041635990143,0.1372430920600891,0.004397989250719547,0.2769142687320709
1689,0.015600132755935192,0.06286399066448212,0.11011452972888947,-0.12847095727920532,2.966017007827759,4.02970869825036,1335.8336371676187,0.5458226799964905,0.34442704916000366,0.10975024104118347,0.13195273280143738,0.004179249983280897,0.26612937450408936
1690,0.015639835968613625,0.05256263539195061,0.10103343427181244,-0.07173959165811539,2.84185528755188,3.3608175619024188,1323.78943631713,0.5489782691001892,0.3371616303920746,0.11383552104234695,0.1361219882965088,0.004027781542390585,0.27924513816833496
1691,0.013687117956578732,0.050916656851768494,0.09497685730457306,-0.08068511635065079,2.9793925285339355,3.7200422331112657,1411.8030488011307,0.5161705017089844,0.36134904623031616,0.12247806042432785,0.13667450845241547,0.004432270769029856,0.2654086947441101
1692,0.01367749273777008,0.04928206652402878,0.09471449255943298,-0.09315411001443863,3.070458173751831,3.6031506260160047,1459.8668788071661,0.49714237451553345,0.37159499526023865,0.13126148283481598,0.12896572053432465,0.0037418596912175417,0.25707119703292847
1693,0.014629092998802662,0.04870178923010826,0.09682587534189224,-0.013608204200863838,2.904470920562744,3.3291051762925576,1410.0599572757071,0.5231685042381287,0.3451315462589264,0.13165853917598724,0.1274590939283371,0.004703306593000889,0.2640286982059479
1694,0.015654565766453743,0.05415661260485649,0.10120499134063721,-0.04925801604986191,2.8651697635650635,3.45947715250266,1449.8348903620715,0.5071346163749695,0.3540378212928772,0.1388213038444519,0.12356153130531311,0.003998742904514074,0.26415616273880005
1695,0.014040350914001465,0.048557087779045105,0.08839356899261475,-0.18282213807106018,3.0153791904449463,3.4583955965918274,1436.6299215130878,0.4964602291584015,0.38885557651519775,0.11467546224594116,0.1290137767791748,0.004241820890456438,0.2515219449996948
1696,0.015200015157461166,0.04993981122970581,0.09238457679748535,-0.18719133734703064,2.9722418785095215,3.285510620159254,1483.1387727988545,0.4817919135093689,0.4030941426753998,0.11510990560054779,0.12230284512042999,0.003855667309835553,0.2513795495033264
1697,0.016573425382375717,0.06433365494012833,0.11570291221141815,-0.13121235370635986,2.8591017723083496,3.8817355768023307,1490.4731038366997,0.4822043180465698,0.3854529559612274,0.13233789801597595,0.11566530168056488,0.0040703751146793365,0.25291019678115845
1698,0.014826813712716103,0.05751024931669235,0.10917514562606812,-0.04856294393539429,2.872166872024536,3.8788002889312847,1496.193438548917,0.48490336537361145,0.39196985960006714,0.12312571704387665,0.1221470832824707,0.003507566172629595,0.24746166169643402
1699,0.015843819826841354,0.05528314784169197,0.11043734848499298,-0.004219823516905308,2.9769420623779297,3.4892562805180574,1476.2254406944958,0.49187836050987244,0.38373124599456787,0.12438714504241943,0.12325582653284073,0.004349909722805023,0.24096104502677917
1700,0.01632443256676197,0.05502069368958473,0.10761730372905731,-0.10609857738018036,3.0199778079986572,3.370450608999508,1459.293415985857,0.49092233180999756,0.3644630014896393,0.14461304247379303,0.11962208896875381,0.003574373899027705,0.24174277484416962
1701,0.015160728245973587,0.05699234828352928,0.10263381898403168,-0.1861543208360672,2.984489679336548,3.759209145834152,1466.604780925153,0.47530168294906616,0.4008413851261139,0.12383557111024857,0.11550956219434738,0.003882515011355281,0.24261708557605743
1702,0.01615855097770691,0.06030767783522606,0.1087045967578888,-0.21225889027118683,3.033022165298462,3.7322454169743997,1457.866211408167,0.4711160957813263,0.42352569103240967,0.10526445508003235,0.1155708059668541,0.003121501300483942,0.24412760138511658
1703,0.015488333068788052,0.05699332430958748,0.10443064570426941,-0.1843622475862503,3.0175487995147705,3.679758438353844,1456.9752458154308,0.4802180230617523,0.4087277352809906,0.11105332523584366,0.12175179272890091,0.0034090944100171328,0.2504613399505615
1704,0.015136749483644962,0.054999664425849915,0.10293060541152954,-0.15281319618225098,2.9838812351226807,3.633518839803931,1438.1908237597959,0.4965746998786926,0.37832215428352356,0.12506544589996338,0.12483414262533188,0.004363260697573423,0.2538485527038574
1705,0.014358174055814743,0.05207597091794014,0.09744615852832794,-0.24462610483169556,2.987257242202759,3.6269215508794868,1408.763675557768,0.5046080946922302,0.3808661997318268,0.11434729397296906,0.12769676744937897,0.004269267898052931,0.2478513866662979
1706,0.016360731795430183,0.05359562858939171,0.10635533928871155,-0.15929165482521057,2.902070999145508,3.2758698850552617,1393.756759573315,0.505536675453186,0.39534860849380493,0.09908650815486908,0.13243189454078674,0.004078719764947891,0.25282639265060425
1707,0.016990534961223602,0.06606297940015793,0.12989935278892517,-0.15407425165176392,3.1702589988708496,3.8882224454404155,1472.0078936162654,0.48471301794052124,0.4051806926727295,0.1101028248667717,0.1199328824877739,0.003559469012543559,0.2392428070306778
1708,0.016102463006973267,0.06061619147658348,0.11929145455360413,-0.15593074262142181,2.989023447036743,3.764404951377245,1516.4881601418178,0.4777112305164337,0.4011133909225464,0.12114735692739487,0.11520517617464066,0.003947169054299593,0.2248016893863678
1709,0.015738923102617264,0.05728384479880333,0.10917448252439499,-0.10241218656301498,2.7390594482421875,3.6396292441150457,1461.9639807453548,0.5012195706367493,0.36815711855888367,0.1306154727935791,0.1230614110827446,0.004341083578765392,0.25030970573425293
1710,0.015770597383379936,0.05798214301466942,0.11139102280139923,-0.13800422847270966,2.948829412460327,3.676597759834901,1465.9618207309395,0.4881843030452728,0.3819386065006256,0.12987647950649261,0.1264946460723877,0.004698384553194046,0.24463745951652527
1711,0.017085092142224312,0.05803047865629196,0.1132914200425148,-0.13153481483459473,2.993870496749878,3.3965563761566235,1540.8656931714113,0.4555996358394623,0.3953632116317749,0.149006649851799,0.11322300881147385,0.003329364350065589,0.2296494096517563
1712,0.01648666523396969,0.05723580718040466,0.10950476676225662,-0.1557750701904297,2.9094789028167725,3.4716424676957964,1499.0461715559084,0.4706644117832184,0.37539535760879517,0.15387599170207977,0.11241665482521057,0.0037203484680503607,0.23778286576271057
1713,0.016713913530111313,0.06019021198153496,0.10878074169158936,-0.1703801453113556,2.9224460124969482,3.6012039831064566,1425.4195155028654,0.5006543397903442,0.3751019537448883,0.12418732047080994,0.12701566517353058,0.0033351632300764322,0.25552502274513245
1714,0.01438343245536089,0.053329404443502426,0.09966471791267395,-0.12380397319793701,3.030984401702881,3.7076966576165327,1480.6423162102478,0.4850495457649231,0.37426018714904785,0.14067122340202332,0.11993736028671265,0.0036588353104889393,0.24728865921497345
1715,0.014180204831063747,0.0524965263903141,0.09817158430814743,-0.08331825584173203,2.884676456451416,3.702099300541197,1471.1794799634501,0.48790377378463745,0.37508872151374817,0.1370055377483368,0.1210760772228241,0.0029988812748342752,0.24500583112239838
1716,0.015273976139724255,0.0521368682384491,0.10176718235015869,-0.10820239782333374,2.8244099617004395,3.4134443944454724,1392.7381180182167,0.5186088681221008,0.35702982544898987,0.12433182448148727,0.1303376406431198,0.005538200028240681,0.26131781935691833
1717,0.01610928773880005,0.0538414902985096,0.10663531720638275,-0.052146535366773605,2.860051393508911,3.3422638646826908,1454.1047771086294,0.5013628005981445,0.3763319253921509,0.12222016602754593,0.12080874294042587,0.004945669323205948,0.2562810182571411
1718,0.014254465699195862,0.052758146077394485,0.09929730743169785,-0.08346189558506012,3.029261350631714,3.7011661599262586,1489.709879124751,0.4946751594543457,0.37146836519241333,0.13383115828037262,0.1199452206492424,0.0033158562146127224,0.25083252787590027
1719,0.016971977427601814,0.06249690055847168,0.12035312503576279,-0.14727461338043213,3.086515188217163,3.682358217914523,1498.4735346264624,0.49973058700561523,0.34377071261405945,0.1564914733171463,0.12076868861913681,0.0038777878507971764,0.2589895725250244
1720,0.015286915935575962,0.053240612149238586,0.10591255873441696,-0.14961957931518555,2.995347738265991,3.4827569125210798,1453.4417425944414,0.5138988494873047,0.35622355341911316,0.1298733949661255,0.12688018381595612,0.004508692771196365,0.2607296407222748
1721,0.014295315369963646,0.05067520588636398,0.091446653008461,-0.22051012516021729,2.972414970397949,3.5448819820578725,1403.3145029148582,0.5201029181480408,0.37802183628082275,0.1017998605966568,0.1339077204465866,0.004398310091346502,0.25884148478507996
1722,0.014434398151934147,0.04856165498495102,0.09692829102277756,-0.12821929156780243,2.8436341285705566,3.3643006428418123,1482.890467084049,0.4921315312385559,0.36643439531326294,0.1413528472185135,0.12887944281101227,0.003179625142365694,0.25233975052833557
1723,0.013987251557409763,0.046136848628520966,0.09053793549537659,-0.036504413932561874,2.794300079345703,3.2984928050987556,1418.140230659669,0.5117490291595459,0.35562223196029663,0.13254547119140625,0.12884216010570526,0.0036737308837473392,0.25153669714927673
1724,0.016314083710312843,0.051966384053230286,0.10215301811695099,-0.06287281960248947,2.7854933738708496,3.185369461920482,1382.0717173156586,0.527402937412262,0.3517404794692993,0.12073569744825363,0.12576057016849518,0.004216332919895649,0.2610046863555908
1725,0.013219769112765789,0.0431869775056839,0.08294560015201569,-0.07593150436878204,2.8444182872772217,3.266848091977125,1338.9977365373468,0.5515288710594177,0.328060120344162,0.12036120146512985,0.1342702955007553,0.005366008263081312,0.2759144902229309
1726,0.013731495477259159,0.04715615510940552,0.08785709738731384,-0.14959818124771118,2.9148683547973633,3.4341601891845683,1294.3155878277732,0.5620276927947998,0.3364134132862091,0.10154978930950165,0.1383330374956131,0.004157484974712133,0.2823731601238251
1727,0.015096605755388737,0.05109480768442154,0.09510216116905212,-0.19424107670783997,2.9732072353363037,3.3845228860665393,1346.6056402542515,0.5362703204154968,0.3548136353492737,0.10867180675268173,0.13276852667331696,0.005389980506151915,0.2786632776260376
1728,0.01453778613358736,0.05502177029848099,0.10577980428934097,-0.19246143102645874,2.995513677597046,3.784742036311619,1330.6765122767151,0.5278324484825134,0.36173343658447266,0.11028476804494858,0.13093048334121704,0.004170439671725035,0.2726445198059082
1729,0.013622884638607502,0.051158931106328964,0.09830127656459808,-0.13505308330059052,2.7899839878082275,3.7553669769461497,1346.725696703367,0.520003080368042,0.37045496702194214,0.10952407121658325,0.12375559657812119,0.004718972835689783,0.26524683833122253
1730,0.016399646177887917,0.057761602103710175,0.10329635441303253,-0.09531023353338242,2.779588460922241,3.52212489669866,1397.528607182506,0.5071900486946106,0.3863334357738495,0.10644900053739548,0.12822113931179047,0.004360680468380451,0.26384779810905457
1731,0.015253721736371517,0.05233699083328247,0.10164228081703186,-0.06131650134921074,2.9886703491210938,3.4310964716930155,1463.1705604746926,0.47958457469940186,0.40882617235183716,0.1115773618221283,0.12467265129089355,0.004419799894094467,0.24189050495624542
1732,0.015606663189828396,0.050305381417274475,0.09477826952934265,-0.04750626161694527,2.9302854537963867,3.2233271649533357,1482.9772658042882,0.47548162937164307,0.39140164852142334,0.13309146463871002,0.12149195373058319,0.003993142396211624,0.24524229764938354
1733,0.014225332997739315,0.04786619544029236,0.0904516726732254,0.007423299364745617,2.898310422897339,3.364855883833045,1432.1642235225797,0.496529221534729,0.36556050181388855,0.13788533210754395,0.1252651810646057,0.004475723952054977,0.25355273485183716
1734,0.014913154765963554,0.05687934160232544,0.10595108568668365,-0.09548591822385788,3.008852005004883,3.8140381757673234,1405.496655878964,0.5032660961151123,0.3720431625843048,0.12457744032144547,0.12219452857971191,0.0037429360672831535,0.2474597692489624
1735,0.01674972102046013,0.06383334845304489,0.11574158072471619,-0.17758621275424957,2.894366502761841,3.811009650325527,1406.3019638698117,0.4959338903427124,0.39779409766197205,0.10617655515670776,0.12109670788049698,0.0034844453912228346,0.24934549629688263
1736,0.014041835442185402,0.05927315726876259,0.10368877649307251,-0.1407710760831833,2.878385543823242,4.221183014755258,1423.2635653285379,0.4971272349357605,0.4007841646671295,0.10203831642866135,0.12470206618309021,0.004965681117027998,0.2587871551513672
1737,0.01574985682964325,0.06680412590503693,0.11615321040153503,-0.11325304210186005,2.9424452781677246,4.241570359869014,1453.4045163088015,0.49442070722579956,0.3916834592819214,0.11374571919441223,0.12635253369808197,0.0042847320437431335,0.2550660967826843
1738,0.014081940986216068,0.04746011644601822,0.09209191054105759,-0.03904629126191139,2.8067362308502197,3.37028229908815,1386.7578947263853,0.5148147940635681,0.37654855847358704,0.10862326622009277,0.13001170754432678,0.004349671769887209,0.2497224658727646
1739,0.013627579435706139,0.04801211878657341,0.09529013931751251,-0.13794471323490143,2.7752795219421387,3.5231582402118953,1294.015940519115,0.5557180643081665,0.34526434540748596,0.09899234771728516,0.13623495399951935,0.0040108985267579556,0.2867165803909302
1740,0.013988622464239597,0.0479963943362236,0.09424278140068054,-0.1028781458735466,2.8802640438079834,3.4311022729714877,1317.3034555321606,0.5543402433395386,0.3324016332626343,0.1132519468665123,0.13641899824142456,0.004379632417112589,0.2822361886501312
1741,0.01615673117339611,0.05190598592162132,0.10292743146419525,-0.05757110193371773,2.9058644771575928,3.2126539311291977,1412.2590886593034,0.5197566151618958,0.34882304072380066,0.1313219964504242,0.12411319464445114,0.003967952448874712,0.2567428946495056
1742,0.01619834080338478,0.0541834831237793,0.10225799679756165,-0.1906575709581375,2.999508857727051,3.3450020454633353,1452.3394228066002,0.5051313638687134,0.35189729928970337,0.14290790259838104,0.12402846664190292,0.005003649741411209,0.24446497857570648
1743,0.01460237242281437,0.04973873496055603,0.09376247972249985,-0.15702272951602936,2.99417781829834,3.406209177314181,1412.4409504342577,0.5194713473320007,0.35385188460350037,0.12658081948757172,0.12990763783454895,0.0050523122772574425,0.25447219610214233
1744,0.014246555976569653,0.045596927404403687,0.0879361480474472,-0.07542679458856583,2.71073317527771,3.2005579086056524,1328.671643803878,0.5553238391876221,0.345763236284256,0.09889132529497147,0.13268336653709412,0.005475691519677639,0.27476510405540466
1745,0.015038277953863144,0.05370349809527397,0.09700971841812134,-0.08389256149530411,2.7678470611572266,3.571120194510509,1360.793819854745,0.5414347052574158,0.34949958324432373,0.10905443876981735,0.13143694400787354,0.0036376547068357468,0.2854987680912018
