样本编号,均方根_RMS,峰值_Peak,峰峰值_PeakToPeak,偏度_Skewness,峭度_Kurtosis,峰值因子_CrestFactor,频率重心_Hz,0到1kHz能量占比,1到3kHz能量占比,3到5kHz能量占比,一倍频能量占比,二倍频能量占比,三四倍频能量占比
0,0.030230948701500893,0.09624630212783813,0.1697063446044922,-0.16499345004558563,2.1720948219299316,3.1837010169606765,626.0939016733673,0.8767468929290771,0.07631701976060867,0.04692433774471283,0.043979331851005554,0.0011932554189115763,0.8153875470161438
1,0.030333345755934715,0.08057332783937454,0.15391826629638672,-0.13201089203357697,2.099167823791504,2.6562624672207193,612.8851717331119,0.8853112459182739,0.066724993288517,0.047962941229343414,0.040981583297252655,0.0013426017249003053,0.8199159502983093
2,0.03122681938111782,0.07441549748182297,0.14787912368774414,-0.11740073561668396,2.061433792114258,2.3830636278133834,601.8750418169922,0.890714168548584,0.06337384879589081,0.04591115564107895,0.04325713962316513,0.0011407558340579271,0.8291677236557007
3,0.030686035752296448,0.09262736886739731,0.16613006591796875,-0.1379081904888153,2.1597704887390137,3.0185511615799645,590.2161772338281,0.8877048492431641,0.07243402302265167,0.039860501885414124,0.0414109006524086,0.0010692354990169406,0.8233062028884888
4,0.030142296105623245,0.09258197247982025,0.16141653060913086,-0.14499551057815552,2.269550323486328,3.0714970137751707,615.4547253996499,0.8769572973251343,0.07989000529050827,0.043152112513780594,0.04375234246253967,0.001219253521412611,0.8132764101028442
5,0.03104162961244583,0.08384629338979721,0.15346288681030273,-0.13194778561592102,2.1837024688720703,2.70109187030177,607.355844493658,0.8839675188064575,0.07213104516267776,0.043901242315769196,0.042748067528009415,0.0008898786036297679,0.8188567161560059
6,0.03133467584848404,0.08391062170267105,0.15640974044799805,-0.1190090999007225,2.096717119216919,2.677883827671788,612.1149605951063,0.8836710453033447,0.07074769586324692,0.045572273433208466,0.04036574810743332,0.0009786654263734818,0.8251824975013733
7,0.031164247542619705,0.08928734064102173,0.17082452774047852,-0.12152967602014542,2.105292320251465,2.865056841691711,601.7294028126486,0.8867368698120117,0.06858682632446289,0.04467497393488884,0.04162892699241638,0.0008884034468792379,0.8203049302101135
8,0.03036007657647133,0.08948453515768051,0.17082452774047852,-0.13211558759212494,2.18039870262146,2.94744102273057,623.4111502838759,0.8761440515518188,0.07699771970510483,0.04685825854539871,0.042755354195833206,0.0013075991300866008,0.8099822998046875
9,0.03067239373922348,0.07983190566301346,0.15714645385742188,-0.1296921819448471,2.1336894035339355,2.6027282493548154,640.8171235909472,0.8691638112068176,0.0840943232178688,0.04673660919070244,0.043934691697359085,0.0013639359967783093,0.805062472820282
10,0.031258538365364075,0.08264414221048355,0.16001224517822266,-0.13856802880764008,2.0905697345733643,2.64389016664366,629.0918004140018,0.8789128661155701,0.07495691627264023,0.04609942063689232,0.040977105498313904,0.0014346035895869136,0.8216671347618103
11,0.030863340944051743,0.0826617106795311,0.1571059226989746,-0.1394781768321991,2.0631258487701416,2.678313758277167,590.2770272765663,0.8955087065696716,0.059953488409519196,0.04453543201088905,0.04230011627078056,0.0015213360311463475,0.834245502948761
12,0.03076479397714138,0.08618521690368652,0.15918254852294922,-0.13878120481967926,2.108466625213623,2.8014235026219185,582.8456216767223,0.8921988010406494,0.06838484853506088,0.03941646218299866,0.044920992106199265,0.0018241871148347855,0.8270208835601807
13,0.03090478852391243,0.08621517568826675,0.15918254852294922,-0.1322731375694275,2.158327102661133,2.7897028196380793,624.1633390487214,0.8776383996009827,0.07967381924390793,0.042687542736530304,0.040156640112400055,0.0017263941699638963,0.8151729106903076
14,0.030843406915664673,0.08494192361831665,0.16503334045410156,-0.11280059069395065,2.1400575637817383,2.7539734455347276,639.3114193664208,0.8752169609069824,0.07678116858005524,0.04799686372280121,0.043348461389541626,0.0016598151996731758,0.809017539024353
15,0.030412832275032997,0.10424893349409103,0.1842021942138672,-0.12120956182479858,2.23958420753479,3.4277943122135652,662.4074097074275,0.8636712431907654,0.08423648774623871,0.052090298384428024,0.04276047274470329,0.0013648754684254527,0.8030299544334412
16,0.030635368078947067,0.10437353700399399,0.19397974014282227,-0.1326099932193756,2.2279603481292725,3.4069620685352096,651.6509861519022,0.8655621409416199,0.08279098570346832,0.05163654312491417,0.041637931019067764,0.0010604815324768424,0.7997806668281555
17,0.0304314736276865,0.08955906331539154,0.1686716079711914,-0.13157081604003906,2.1289215087890625,2.942974908417445,620.5467659018118,0.8758447170257568,0.07784540206193924,0.046293459832668304,0.044971488416194916,0.0010860312031581998,0.8141052722930908
18,0.030118105933070183,0.07903748005628586,0.1493239402770996,-0.14515922963619232,2.0968968868255615,2.624251346658461,625.3039932906833,0.8739336729049683,0.07976927608251572,0.04629701003432274,0.042167626321315765,0.001215964788571,0.8078450560569763
19,0.030804496258497238,0.0854477658867836,0.1646566390991211,-0.12261587381362915,2.125537872314453,2.773873176401626,630.0784912497868,0.8767299056053162,0.07635252922773361,0.0469171404838562,0.042307861149311066,0.0008647380163893104,0.8168613314628601
20,0.030956536531448364,0.08565447479486465,0.17095088958740234,-0.10344793647527695,2.1431241035461426,2.7669269365803375,619.2889448082141,0.8803687691688538,0.07527380436658859,0.04435744509100914,0.042289409786462784,0.0008074191282503307,0.8200922012329102
21,0.03140100836753845,0.08566223084926605,0.1707744598388672,-0.1309058666229248,2.1399424076080322,2.7280089175446176,624.8254281374662,0.8767479658126831,0.07756050676107407,0.04568760097026825,0.03977855294942856,0.0011074022622779012,0.8208315372467041
22,0.031324874609708786,0.10203956812620163,0.1754474639892578,-0.16603317856788635,2.2075228691101074,3.2574613432392856,633.869348786791,0.868255615234375,0.08798662573099136,0.04375642538070679,0.04138414189219475,0.0008728120592422783,0.8031216263771057
23,0.03108011558651924,0.10223744064569473,0.18437862396240234,-0.17284467816352844,2.286695957183838,3.2894807085836564,705.538816009006,0.8453466296195984,0.09595059603452682,0.05870254710316658,0.04158392921090126,0.0012709165457636118,0.7844209671020508
24,0.031487636268138885,0.08598284423351288,0.16813278198242188,-0.142977774143219,2.2303969860076904,2.730685895205951,709.4530572385812,0.848798930644989,0.09093008190393448,0.06027069687843323,0.04097151383757591,0.001521405065432191,0.7890366315841675
25,0.03077930398285389,0.0852714255452156,0.16038179397583008,-0.1637999415397644,2.2047524452209473,2.770414353422255,616.075399674717,0.878591775894165,0.07903642952442169,0.042369451373815536,0.04116010665893555,0.0014576079556718469,0.821114182472229
26,0.031017838045954704,0.08531568199396133,0.16549348831176758,-0.1649613082408905,2.143094062805176,2.7505360581485636,592.8142332534469,0.8923338055610657,0.06281246989965439,0.044853489845991135,0.043740179389715195,0.00125650386326015,0.8282040953636169
27,0.030841873958706856,0.0804474800825119,0.1550912857055664,-0.12739963829517365,2.1096484661102295,2.608384957010457,609.275288006112,0.8872852921485901,0.06559532880783081,0.04711725935339928,0.0438794381916523,0.001499443082138896,0.8195658326148987
28,0.030793124809861183,0.08658935874700546,0.16997098922729492,-0.12733134627342224,2.1395645141601562,2.811970505717047,596.3683530569757,0.8843643069267273,0.07555563747882843,0.040079500526189804,0.03999136760830879,0.0013829601230099797,0.8232384324073792
29,0.0313180610537529,0.08646030724048615,0.16997098922729492,-0.1353856474161148,2.1438305377960205,2.7607171174910503,600.7490346224242,0.8774135112762451,0.08470217883586884,0.03788094222545624,0.04314906895160675,0.0016035597072914243,0.8119754195213318
30,0.031153643503785133,0.08513069897890091,0.16808748245239258,-0.11697119474411011,2.185490131378174,2.7326081126217234,643.1673359571888,0.863182544708252,0.09201986342668533,0.044797416776418686,0.04002005234360695,0.0015078703872859478,0.8054572343826294
31,0.031326018273830414,0.09085558354854584,0.17596006393432617,-0.13458743691444397,2.1469552516937256,2.90032339097324,633.9597695881578,0.8700489401817322,0.08446070551872253,0.045486971735954285,0.04002511128783226,0.0014106979360803962,0.8094670176506042
32,0.03078697808086872,0.09085682779550552,0.16799211502075195,-0.15047988295555115,2.1725869178771973,2.9511447194946863,676.4090727841419,0.8576639890670776,0.08738246560096741,0.05495284125208855,0.043492335826158524,0.0014670726377516985,0.7946262359619141
33,0.03073444962501526,0.08397942781448364,0.16112565994262695,-0.13619615137577057,2.2051138877868652,2.732420096548566,683.7148515361753,0.8529191017150879,0.09323976933956146,0.05382852628827095,0.04053673893213272,0.0012145352084189653,0.7888792157173157
34,0.03129744529724121,0.0905163511633873,0.16657352447509766,-0.1351742446422577,2.1718389987945557,2.892132258746178,615.4477919556628,0.8739231824874878,0.08614594489336014,0.03993074223399162,0.04230482876300812,0.00092072575353086,0.8153381943702698
35,0.03153948858380318,0.0904119536280632,0.17472505569458008,-0.12306720018386841,2.1816246509552,2.866627129509856,638.0254022798969,0.8643274307250977,0.09209905564785004,0.04357244446873665,0.039810661226511,0.0007395601714961231,0.8024978041648865
36,0.03148695081472397,0.084313303232193,0.16645431518554688,-0.12254231423139572,2.1602389812469482,2.6777220736816654,635.8926600917298,0.8667200803756714,0.08930560201406479,0.043972961604595184,0.040186185389757156,0.0009047353523783386,0.8103625774383545
37,0.031153390184044838,0.08327282220125198,0.16098976135253906,-0.14501382410526276,2.1417088508605957,2.672993908740855,607.9930206359604,0.8783034086227417,0.08047793805599213,0.0412115640938282,0.04284811019897461,0.000785093114245683,0.8113214373588562
38,0.030713412910699844,0.08344678580760956,0.16098976135253906,-0.1658891886472702,2.1397438049316406,2.7169493031437635,614.7213488781927,0.8783455491065979,0.07845665514469147,0.04319776967167854,0.04147738963365555,0.0012365307193249464,0.8130265474319458
39,0.030837157741189003,0.08036748319864273,0.15923500061035156,-0.1339845061302185,2.137338638305664,2.6061897101719653,644.0110688878294,0.8723294734954834,0.07868184894323349,0.048985544592142105,0.04305529594421387,0.0010995964985340834,0.810648500919342
40,0.0309000164270401,0.0807444304227829,0.16107559204101562,-0.13406698405742645,2.142523765563965,2.613086973944508,650.0441011950544,0.8652345538139343,0.08929494768381119,0.045468296855688095,0.04132000729441643,0.0014288563979789615,0.807179868221283
41,0.030750103294849396,0.0807669460773468,0.15470266342163086,-0.14800356328487396,2.135580062866211,2.626558528935043,618.1214240529513,0.8682941198348999,0.09611470252275467,0.035584039986133575,0.04344998672604561,0.0013524043606594205,0.8046327829360962
42,0.030566692352294922,0.10152782499790192,0.17562627792358398,-0.15315137803554535,2.217620372772217,3.3215182010675677,636.7440147312446,0.8668785691261292,0.08892073482275009,0.044200461357831955,0.04430978372693062,0.0015681938966736197,0.7987947463989258
43,0.031077850610017776,0.10150418430566788,0.1714324951171875,-0.14132830500602722,2.183838367462158,3.266126270318142,631.8764750886455,0.8757160305976868,0.07621234655380249,0.04806916415691376,0.040194135159254074,0.001713540288619697,0.8089240789413452
44,0.0312814936041832,0.09162478893995285,0.17334461212158203,-0.1129937469959259,2.084937572479248,2.929041371757615,622.4237039550761,0.8792473673820496,0.07418274134397507,0.04656732827425003,0.04399523884057999,0.0017781216884031892,0.8115556240081787
45,0.03109925240278244,0.08156444132328033,0.15879154205322266,-0.11696058511734009,2.116008996963501,2.6227138924201303,630.0372344369097,0.8706769347190857,0.0855477899312973,0.0437716469168663,0.03993120789527893,0.001621473697014153,0.8141017556190491
46,0.03138496354222298,0.08109196275472641,0.15919208526611328,-0.13023637235164642,2.1270856857299805,2.583783876092371,633.5964375610445,0.8612277507781982,0.09756334125995636,0.04120783880352974,0.040299855172634125,0.0013723581796512008,0.7990822196006775
47,0.031381309032440186,0.08324100822210312,0.16232013702392578,-0.12197978049516678,2.131889581680298,2.652566473036571,628.9086513880326,0.8610908389091492,0.09802807867527008,0.040874872356653214,0.04297342523932457,0.0012183082289993763,0.7999082803726196
48,0.031119534745812416,0.08323532342910767,0.16232013702392578,-0.12649177014827728,2.1491522789001465,2.6746969100376248,640.787345046423,0.8588510751724243,0.09669923037290573,0.044448964297771454,0.038639988750219345,0.00128619943279773,0.7985231876373291
49,0.03025887906551361,0.07948566228151321,0.1583552360534668,-0.14443066716194153,2.1451611518859863,2.626854157643833,646.123307706483,0.8608806729316711,0.09410936385393143,0.04500861465930939,0.043705955147743225,0.0009696907363831997,0.7993091940879822
50,0.03038138337433338,0.0787939801812172,0.1550006866455078,-0.11784044653177261,2.1169114112854004,2.5934954708214493,608.7791268923025,0.8792135119438171,0.0806046798825264,0.040181856602430344,0.04343940317630768,0.0008668460650369525,0.8139100074768066
51,0.030649371445178986,0.08298179507255554,0.15916824340820312,-0.12153533101081848,2.122760534286499,2.707455036011865,613.2266231075168,0.8821383714675903,0.07356639206409454,0.0442950576543808,0.0420207604765892,0.0008405207190662622,0.82294762134552
52,0.030993890017271042,0.08426675200462341,0.15408039093017578,-0.1410103142261505,2.121994972229004,2.718818191422496,617.3580501497432,0.8797354698181152,0.0752241313457489,0.04503932595252991,0.04268903285264969,0.0006151231355033815,0.8119303584098816
53,0.03135470300912857,0.08442904055118561,0.1609516143798828,-0.1327999085187912,2.1142399311065674,2.692707391421068,601.8002498616942,0.8796719312667847,0.08172067254781723,0.038605161011219025,0.04028714448213577,0.0009314192575402558,0.8185422420501709
54,0.030938509851694107,0.0782177746295929,0.15470504760742188,-0.11488393694162369,2.104647159576416,2.5281687774235753,586.2673728852542,0.8842008113861084,0.07886777818202972,0.03693067282438278,0.0427597239613533,0.0011662442702800035,0.8214953541755676
55,0.03125560283660889,0.08776593953371048,0.16136407852172852,-0.15387067198753357,2.1085431575775146,2.808006615316486,584.7683704032646,0.8901432156562805,0.06946180015802383,0.040386490523815155,0.04021196439862251,0.001250458532012999,0.8329510688781738
56,0.030953818932175636,0.08983360230922699,0.1600480079650879,-0.1691875457763672,2.1461057662963867,2.9021815532087794,604.9523736815948,0.8864307999610901,0.06901374459266663,0.0445537231862545,0.0422382578253746,0.0011653262190520763,0.824491024017334
57,0.03030071221292019,0.08963809162378311,0.1600480079650879,-0.1343746781349182,2.1197988986968994,2.958283323208596,612.8501092136224,0.881167471408844,0.07625430077314377,0.04257678985595703,0.04486244544386864,0.0013734560925513506,0.8097692728042603
58,0.0305806752294302,0.08645904064178467,0.1581430435180664,-0.14160612225532532,2.087078332901001,2.8272443296396235,608.13215583495,0.8754896521568298,0.08453251421451569,0.039974145591259,0.04274492338299751,0.0014254064299166203,0.8113170266151428
59,0.030936727300286293,0.08628863096237183,0.16966819763183594,-0.13354532420635223,2.1304450035095215,2.7891971287727033,652.3177099318825,0.8610628247261047,0.08791537582874298,0.05102038010954857,0.04429132118821144,0.0018258373020216823,0.7982240319252014
60,0.03149886056780815,0.083225779235363,0.16501188278198242,-0.12801149487495422,2.150987148284912,2.6421838038731345,648.1423210486957,0.8658546805381775,0.08524710685014725,0.04888341203331947,0.03913602977991104,0.0016023330390453339,0.8117446303367615
61,0.03118915855884552,0.0848345011472702,0.15907526016235352,-0.15589141845703125,2.183432102203369,2.719999675031002,634.263751236167,0.8707348108291626,0.08481638878583908,0.044432103633880615,0.0419754721224308,0.0014717353042215109,0.8087188005447388
62,0.030309077352285385,0.08496005833148956,0.15289068222045898,-0.16298359632492065,2.1801726818084717,2.803122554381558,604.0922099369637,0.8833359479904175,0.0749511569738388,0.04171295464038849,0.04428018629550934,0.00147932767868042,0.8187941908836365
63,0.030586376786231995,0.09844135493040085,0.16626596450805664,-0.1603924185037613,2.1481311321258545,3.218470615698892,603.7648293993204,0.8860096335411072,0.06913822889328003,0.04483417049050331,0.040004000067710876,0.0014168837806209922,0.8184903264045715
64,0.03101792372763157,0.0984356477856636,0.17509222030639648,-0.16032391786575317,2.141288995742798,3.173508602537477,634.6928421337402,0.8689632415771484,0.08501078188419342,0.046021606773138046,0.042432889342308044,0.0012215765891596675,0.8078756928443909
65,0.030846083536744118,0.08424978703260422,0.16095876693725586,-0.14151403307914734,2.0859034061431885,2.7312960794362713,616.5733427486388,0.8695467710494995,0.09288623929023743,0.037563469260931015,0.04135647788643837,0.0010211124317720532,0.8069763779640198
66,0.0300246924161911,0.0756387785077095,0.14636516571044922,-0.13130417466163635,2.09220552444458,2.5192190966259944,620.1886103174656,0.8758684396743774,0.0810336172580719,0.04309384524822235,0.04419243335723877,0.0010396897559985518,0.8134666085243225
67,0.029902273789048195,0.08014883100986481,0.15096426010131836,-0.12525594234466553,2.074655055999756,2.6803590781293436,597.061411482875,0.8925749659538269,0.0611429363489151,0.04628058150410652,0.0453728586435318,0.0007016803720034659,0.8250901699066162
68,0.03001480922102928,0.08254678547382355,0.14992237091064453,-0.15250477194786072,2.084453821182251,2.750201904106676,586.6051801033699,0.8954779505729675,0.06324873864650726,0.04126986116170883,0.043631259351968765,0.0009680176735855639,0.8303013443946838
69,0.03075553849339485,0.09065663069486618,0.16744136810302734,-0.16003559529781342,2.1151795387268066,2.9476521996644025,596.045083851825,0.8901492953300476,0.06950569897890091,0.040343981236219406,0.04315203055739403,0.0009175474988296628,0.828773558139801
70,0.031287744641304016,0.09082740545272827,0.16744136810302734,-0.16368305683135986,2.1094412803649902,2.9029706836050098,597.0594573348263,0.8864524960517883,0.0732831358909607,0.04026214778423309,0.04004299268126488,0.0014781299978494644,0.8306096196174622
71,0.031343989074230194,0.08183760941028595,0.15334129333496094,-0.15086957812309265,2.10361385345459,2.610950674270069,606.9837948094898,0.8753915429115295,0.08773206919431686,0.03687167167663574,0.04198998957872391,0.001374581828713417,0.8120678067207336
72,0.0315294973552227,0.09433294832706451,0.16600608825683594,-0.11953091621398926,2.0912973880767822,2.9918950898989465,615.8548030781488,0.8715807795524597,0.09049171209335327,0.0379243828356266,0.041148584336042404,0.001535532996058464,0.8087961673736572
73,0.030353020876646042,0.09431576728820801,0.16173124313354492,-0.13911938667297363,2.1323390007019043,3.107294251481517,612.5933352500927,0.8789852857589722,0.07822368294000626,0.042781710624694824,0.04315590485930443,0.0013873977586627007,0.8104254007339478
74,0.0302928164601326,0.07908284664154053,0.15327930450439453,-0.13280165195465088,2.071794271469116,2.610613864280606,601.4900741543705,0.8862581849098206,0.07055550813674927,0.043184440582990646,0.045908164232969284,0.0017768978141248226,0.8157345056533813
75,0.03079638071358204,0.08532099425792694,0.15937328338623047,-0.1238868460059166,2.0719070434570312,2.770487709210829,618.073621031336,0.8757738471031189,0.08295182883739471,0.041269805282354355,0.0406767912209034,0.0015474328538402915,0.8204513788223267
76,0.03077271208167076,0.08806430548429489,0.16588449478149414,-0.1423841416835785,2.1719369888305664,2.8617661403294745,653.598707797145,0.8609845638275146,0.09209561347961426,0.04691841080784798,0.04460272565484047,0.0013499303022399545,0.7939963936805725
77,0.031275030225515366,0.08818873763084412,0.1713728904724121,-0.1132369413971901,2.166778564453125,2.819781051916509,661.1252574816136,0.8644049167633057,0.08184173703193665,0.05374838784337044,0.04067988321185112,0.0011348719708621502,0.8035128712654114
78,0.030958207324147224,0.08419189602136612,0.16724586486816406,-0.10873889178037643,2.153574228286743,2.7195339554747857,638.2708861247006,0.8727943897247314,0.07672924548387527,0.050473399460315704,0.03862682357430458,0.0011556860990822315,0.810250461101532
79,0.030845798552036285,0.08416572213172913,0.15671491622924805,-0.1394539326429367,2.139279365539551,2.7285959864846596,619.2863241393868,0.8781958222389221,0.07795214653015137,0.04385155439376831,0.044648587703704834,0.0012349642347544432,0.8129448890686035
80,0.03083774633705616,0.08129049092531204,0.15293121337890625,-0.1279151439666748,2.111083745956421,2.636071068040186,627.060631497789,0.8757641911506653,0.07881830632686615,0.04541638121008873,0.041743747889995575,0.0012905262410640717,0.816358208656311
81,0.030314629897475243,0.08146792650222778,0.15314102172851562,-0.12777046859264374,2.158867597579956,2.687412868805152,653.5329500925868,0.8687631487846375,0.0795653834939003,0.05166644603013992,0.0435870923101902,0.001169528579339385,0.8090314865112305
82,0.031024755910038948,0.10576732456684113,0.17472267150878906,-0.16495196521282196,2.224501132965088,3.409126726737855,671.843706841345,0.8638818264007568,0.08146224170923233,0.054648686200380325,0.042421042919158936,0.0005973138031549752,0.7950974702835083
83,0.03092803992331028,0.10584549605846405,0.1741504669189453,-0.15768809616565704,2.1921088695526123,3.4223150357248024,669.1928585326943,0.8585624098777771,0.09305248409509659,0.04838385060429573,0.04105747863650322,0.0008022230467759073,0.7985228896141052
84,0.03108108602464199,0.0847441554069519,0.15985727310180664,-0.11738116294145584,2.1249964237213135,2.7265506532505883,630.6224265006442,0.8678721785545349,0.09144480526447296,0.0406816229224205,0.04199962317943573,0.0007110139704309404,0.8042204976081848
85,0.031055616214871407,0.08482618629932404,0.15985727310180664,-0.1269441694021225,2.1221542358398438,2.7314282128452,638.590735695196,0.8686715364456177,0.08447860181331635,0.046846333891153336,0.040971677750349045,0.001009020721539855,0.809482991695404
86,0.030528496950864792,0.07828515768051147,0.14799833297729492,-0.14156918227672577,2.096627950668335,2.564330559868246,634.9184409568461,0.8755459189414978,0.07497841119766235,0.049474071711301804,0.0448763333261013,0.0012137757148593664,0.8096282482147217
87,0.030843615531921387,0.07821390777826309,0.15616178512573242,-0.1304594725370407,2.093345880508423,2.535821641752094,619.1874598524884,0.8837040066719055,0.0700673758983612,0.04622755944728851,0.04198442026972771,0.0011999791022390127,0.8155897855758667
88,0.03090960718691349,0.10397498309612274,0.18762588500976562,-0.11990875005722046,2.1612515449523926,3.36384032524295,637.233088821849,0.8705846071243286,0.08459267765283585,0.04482249915599823,0.04145538806915283,0.0012286457931622863,0.8051308393478394
89,0.031432755291461945,0.10422030836343765,0.19295215606689453,-0.13248029351234436,2.1801247596740723,3.3156593303302073,621.6389827250603,0.8729814291000366,0.08543822914361954,0.0415804348886013,0.04360934719443321,0.0019027069211006165,0.8100704550743103
90,0.03073890693485737,0.08885903656482697,0.17232894897460938,-0.14836162328720093,2.173758029937744,2.8907676109058924,637.9378315007317,0.8693497776985168,0.08484449237585068,0.04580563306808472,0.041503749787807465,0.001396983745507896,0.8112697005271912
91,0.030278513208031654,0.0835200622677803,0.1617431640625,-0.14601007103919983,2.118018627166748,2.758393772216908,627.5065800605289,0.8777497410774231,0.07510999590158463,0.04713473469018936,0.045773696154356,0.0014998064143583179,0.8107494711875916
92,0.03081795573234558,0.08737630397081375,0.15313386917114258,-0.1478108912706375,2.1163172721862793,2.835240102453357,596.2528318342676,0.890476644039154,0.06850287318229675,0.04101786017417908,0.04167703539133072,0.0012113313423469663,0.8249666690826416
93,0.03101392462849617,0.0875319093465805,0.16195297241210938,-0.15954650938510895,2.1636316776275635,2.822342234730661,624.6278485862689,0.8819116950035095,0.07146093994379044,0.0466272197663784,0.03888106718659401,0.0010912540601566434,0.8158042430877686
94,0.03138585388660431,0.08755676448345184,0.16429662704467773,-0.17278139293193817,2.169645309448242,2.7896887813535627,637.820155238202,0.877845048904419,0.07321584224700928,0.048937197774648666,0.04265177994966507,0.000971643254160881,0.8166946172714233
95,0.030889656394720078,0.08635774254798889,0.16319990158081055,-0.16536065936088562,2.1793127059936523,2.795684789810553,625.5003806135335,0.8746591806411743,0.08214100450277328,0.043198637664318085,0.04080817848443985,0.001256847521290183,0.812425971031189
96,0.03074435330927372,0.10143201053142548,0.17618179321289062,-0.15016813576221466,2.2081871032714844,3.299207809244449,637.0857129169026,0.8697521090507507,0.08530104160308838,0.04493832588195801,0.0423799566924572,0.0011530143674463034,0.8109925985336304
97,0.03076934441924095,0.10130522400140762,0.17618179321289062,-0.14801856875419617,2.2541449069976807,3.2924076190185634,651.5581291580423,0.8640559911727905,0.08868242800235748,0.04725054278969765,0.043605368584394455,0.000860273779835552,0.7983171939849854
98,0.030918974429368973,0.0907004103064537,0.16408920288085938,-0.12873196601867676,2.229769706726074,2.9334870246332208,635.2838401932945,0.8735752105712891,0.07778298854827881,0.04864080622792244,0.04108056798577309,0.0009227960836142302,0.8143671751022339
99,0.031194724142551422,0.09074953943490982,0.16408920288085938,-0.11807616055011749,2.161134958267212,2.9091310125808434,641.0979843758456,0.873566746711731,0.07605045288801193,0.05037076026201248,0.0418999083340168,0.0009581788908690214,0.8076992034912109
100,0.03041781298816204,0.08790187537670135,0.16029596328735352,-0.13497813045978546,2.143401622772217,2.889815760522332,633.2066726121518,0.8710798025131226,0.08426661044359207,0.04464695602655411,0.0432090200483799,0.0010590176098048687,0.8102913498878479
101,0.030748819932341576,0.0978148877620697,0.17261505126953125,-0.14692294597625732,2.1607823371887207,3.1810940378888173,622.3160125451983,0.8754966855049133,0.08233655244112015,0.042166322469711304,0.04286745935678482,0.0011726826196536422,0.8112939596176147
102,0.03097233735024929,0.09777398407459259,0.17261505126953125,-0.13903847336769104,2.139472484588623,3.156816450943403,622.9171764761538,0.8759021162986755,0.08140379190444946,0.04268733784556389,0.04126466438174248,0.0013387512881308794,0.8132976293563843
103,0.031205305829644203,0.09738769382238388,0.17128944396972656,-0.14265377819538116,2.1441688537597656,3.1208697120586244,610.3743396092641,0.8828532099723816,0.07439598441123962,0.0427507720887661,0.041655007749795914,0.0010909001575782895,0.8216811418533325
104,0.030988091602921486,0.09714411199092865,0.17128944396972656,-0.1235475018620491,2.1427950859069824,3.1348852724649636,628.4328586801321,0.877712607383728,0.07430128753185272,0.047983914613723755,0.0439763218164444,0.0019096420146524906,0.8107619285583496
105,0.029929887503385544,0.07893263548612595,0.15152454376220703,-0.09886697679758072,2.095522880554199,2.6372513252701055,614.2439048154755,0.8783353567123413,0.07636167109012604,0.045302506536245346,0.04315267130732536,0.0018034110544249415,0.8190891146659851
106,0.029952682554721832,0.07999773323535919,0.15516996383666992,-0.1270325779914856,2.1086347103118896,2.6708036279066865,602.3655439350215,0.8849614858627319,0.07021063566207886,0.044818948954343796,0.046402886509895325,0.0018597933230921626,0.8168034553527832
107,0.030001960694789886,0.10358183830976486,0.1836681365966797,-0.14038313925266266,2.1878249645233154,3.4525023001013495,671.1209820000479,0.8645504713058472,0.07794249057769775,0.05750330165028572,0.04316762462258339,0.001919493661262095,0.7976714372634888
108,0.030712096020579338,0.10345740616321564,0.19180536270141602,-0.15793104469776154,2.214463233947754,3.368620822575022,685.520678096887,0.8541239500045776,0.08937744051218033,0.05649849399924278,0.040704384446144104,0.001150772557593882,0.7917085886001587
109,0.031009703874588013,0.09216982871294022,0.16412734985351562,-0.16089750826358795,2.2263896465301514,2.972289870381501,682.1786756365257,0.8560316562652588,0.0891595408320427,0.054808177053928375,0.04306887090206146,0.001210695831105113,0.7944805026054382
110,0.031041821464896202,0.09214040637016296,0.16412734985351562,-0.12151992321014404,2.137012481689453,2.9682667452807863,657.9887719603121,0.8688352108001709,0.07988828420639038,0.051275018602609634,0.04009993001818657,0.00107840565033257,0.8091036677360535
111,0.031458839774131775,0.10031817108392715,0.19216060638427734,-0.09489341080188751,2.0795559883117676,3.1888706576912194,669.0698378131328,0.8693276047706604,0.07503114640712738,0.05564075708389282,0.04083721339702606,0.0009768034797161818,0.8133366703987122
112,0.03150588646531105,0.1001710593700409,0.19216060638427734,-0.11999668926000595,2.1997053623199463,3.1794394827504022,692.5683728724721,0.8531307578086853,0.08988375216722488,0.05698395520448685,0.040402963757514954,0.0007341750897467136,0.7875846028327942
113,0.03195194900035858,0.08858783543109894,0.16302824020385742,-0.13190282881259918,2.1795690059661865,2.772533075441884,633.4991882471606,0.8664672374725342,0.08966763317584991,0.04386340454220772,0.03882749006152153,0.0008626320632174611,0.8112012147903442
114,0.031726062297821045,0.08280209451913834,0.15079736709594727,-0.13095112144947052,2.1589839458465576,2.609907707399771,640.2875993384171,0.8645616769790649,0.087998166680336,0.04743374139070511,0.040152985602617264,0.000978484284132719,0.8024149537086487
115,0.030337605625391006,0.08193561434745789,0.15417098999023438,-0.12894853949546814,2.2185840606689453,2.700793706546875,639.0157389195118,0.8656549453735352,0.08969894796609879,0.04464498907327652,0.04285717010498047,0.0011599177960306406,0.8025085926055908
116,0.029921408742666245,0.08585537225008011,0.15804052352905273,-0.12292971462011337,2.1978867053985596,2.869362635482661,649.1607466182505,0.8682250380516052,0.08215796202421188,0.049615852534770966,0.04559536278247833,0.0012672451557591558,0.8017810583114624
117,0.030322950333356857,0.08586625754833221,0.15874385833740234,-0.13730649650096893,2.1490862369537354,2.8317250333996373,657.5965056639891,0.8656954169273376,0.07997488230466843,0.0543297678232193,0.04276810586452484,0.0013933808077126741,0.8022770881652832
118,0.03112059272825718,0.08025883138179779,0.15656232833862305,-0.12940755486488342,2.1307930946350098,2.578962170805463,608.4977523284857,0.8813118934631348,0.07455656677484512,0.044131018221378326,0.04248553141951561,0.0012134106364101171,0.8189904689788818
119,0.03141393885016441,0.0800522118806839,0.15656232833862305,-0.1312958002090454,2.154283285140991,2.548302276259019,614.9531208883567,0.8797723650932312,0.07740180939435959,0.0428243987262249,0.04194830358028412,0.0012623954098671675,0.8174657225608826
120,0.030950887128710747,0.08957501500844955,0.16234159469604492,-0.1323041468858719,2.1594414710998535,2.8941016983795476,630.4704922217339,0.873923122882843,0.07987618446350098,0.04619881138205528,0.04064682126045227,0.001352061633951962,0.8149377703666687
121,0.0305707436054945,0.089413121342659,0.1582026481628418,-0.14032499492168427,2.156550168991089,2.924793799378303,650.5654826614618,0.8656612634658813,0.08168167620897293,0.05264616012573242,0.04655522108078003,0.001801162026822567,0.7962232828140259
122,0.03042822889983654,0.07893401384353638,0.1519179344177246,-0.13860659301280975,2.1352314949035645,2.5941047735895766,635.0343285692853,0.8739688396453857,0.07689794898033142,0.049133092164993286,0.041861969977617264,0.001736881909891963,0.8102599382400513
123,0.030870405957102776,0.07903043925762177,0.1519179344177246,-0.13558542728424072,2.0939011573791504,2.5600712658227316,565.2953270037436,0.9015492796897888,0.06159656122326851,0.03685193136334419,0.040378183126449585,0.0013368980726227164,0.8375581502914429
124,0.030946863815188408,0.08361785113811493,0.16303062438964844,-0.12672024965286255,2.1788744926452637,2.7019814232153037,623.9364824485177,0.8802171945571899,0.07329712808132172,0.046485431492328644,0.043646931648254395,0.0011678308947011828,0.8189517259597778
125,0.030646812170743942,0.08357186615467072,0.16303062438964844,-0.1366460919380188,2.2393174171447754,2.7269350458486885,651.0034012639629,0.8645098805427551,0.08797910809516907,0.047502823173999786,0.04041193053126335,0.0012706959387287498,0.8035052418708801
126,0.0306443739682436,0.087847039103508,0.16525745391845703,-0.15264208614826202,2.219013214111328,2.866661240711792,617.4601331864117,0.869641125202179,0.09071491658687592,0.03962832689285278,0.043547969311475754,0.0011768735712394118,0.8079608678817749
127,0.03128901869058609,0.08761943131685257,0.16525745391845703,-0.12338262051343918,2.164903402328491,2.800325321177754,632.4191857166946,0.871432363986969,0.08180847764015198,0.04675747826695442,0.04086417704820633,0.0008260117610916495,0.8053985238075256
128,0.031389154493808746,0.08606275916099548,0.15815496444702148,-0.11346568167209625,2.1076998710632324,2.7417992152426045,626.0658283793391,0.8800147175788879,0.07185763120651245,0.048127736896276474,0.03965739160776138,0.0007977051427587867,0.8219390511512756
129,0.030680187046527863,0.0777994841337204,0.14994382858276367,-0.12374009191989899,2.1262760162353516,2.535821701908082,623.1696852761072,0.87650066614151,0.07666285336017609,0.04683302342891693,0.04392843320965767,0.0010276342509314418,0.8079588413238525
130,0.030276890844106674,0.07847225666046143,0.14631032943725586,-0.13755010068416595,2.1591458320617676,2.591820179354514,617.3940721085709,0.875184178352356,0.08047845214605331,0.044321052730083466,0.04275166243314743,0.0014119712868705392,0.8128579258918762
131,0.030219923704862595,0.09159201383590698,0.16783952713012695,-0.14551176130771637,2.217230796813965,3.030848612570731,637.293204648282,0.8636856079101562,0.09245641529560089,0.04385184869170189,0.04462242126464844,0.0010949823772534728,0.7970783710479736
132,0.03068660758435726,0.09161864221096039,0.16783952713012695,-0.13914041221141815,2.2184154987335205,2.985623026465724,671.2053989059027,0.851444661617279,0.10120473057031631,0.04735008254647255,0.041984833776950836,0.0016444929642602801,0.791295051574707
133,0.030851062387228012,0.0785803571343422,0.15064001083374023,-0.1312623769044876,2.1606760025024414,2.5470875571638816,645.5572075126163,0.8665767312049866,0.08421049267053604,0.049212802201509476,0.04263338819146156,0.0014468609588220716,0.8039134740829468
134,0.030330205336213112,0.08403896540403366,0.15400171279907227,-0.14802251756191254,2.2015931606292725,2.7708010700779377,621.4898007816768,0.8779990673065186,0.07446497678756714,0.04753601551055908,0.04481816291809082,0.0013662957353517413,0.8083528876304626
135,0.03038858063519001,0.08410816639661789,0.15491485595703125,-0.14977554976940155,2.212578773498535,2.767755671235687,632.321275905132,0.869651198387146,0.08542937785387039,0.04491942748427391,0.042165059596300125,0.0015834751538932323,0.8084151744842529
136,0.0304131917655468,0.09775295108556747,0.16875028610229492,-0.15865540504455566,2.169816732406616,3.2141628486718554,614.4397406663643,0.8747246265411377,0.08518024533987045,0.040095217525959015,0.04645344614982605,0.001861456548795104,0.8036797046661377
137,0.030743848532438278,0.09779733419418335,0.1715087890625,-0.15917623043060303,2.1466407775878906,3.1810374712136293,607.046744689896,0.8827342391014099,0.07588859647512436,0.04137587547302246,0.04082617536187172,0.0015461510047316551,0.8229527473449707
138,0.031297773122787476,0.08962660282850266,0.16324758529663086,-0.14420706033706665,2.1255857944488525,2.8636734784297833,609.5237566524839,0.8792382478713989,0.08144399523735046,0.03931626304984093,0.04089444503188133,0.001509919879026711,0.8184936046600342
139,0.031144846230745316,0.09217093139886856,0.1728987693786621,-0.1333884745836258,2.1779112815856934,2.9594280451100956,624.4377015264848,0.8747473359107971,0.08291341364383698,0.04233713075518608,0.04350760951638222,0.0011726703960448503,0.8141409158706665
140,0.030539965257048607,0.0921446681022644,0.1728987693786621,-0.15013380348682404,2.236156940460205,3.0171831344169684,669.1522643657928,0.8637008666992188,0.08182929456233978,0.05444154143333435,0.04023338109254837,0.0014072495978325605,0.8005024790763855
141,0.029938388615846634,0.0911824032664299,0.15642166137695312,-0.14482349157333374,2.1648879051208496,3.045668370244905,667.7198369639041,0.8675409555435181,0.07656221091747284,0.05589527264237404,0.04536725953221321,0.0014840428484603763,0.802230179309845
142,0.030783815309405327,0.08185875415802002,0.15974998474121094,-0.12291532754898071,2.1103219985961914,2.6591490798851924,654.1815111659444,0.87295001745224,0.06983643025159836,0.05720537155866623,0.04245175048708916,0.000981462188065052,0.8042561411857605
143,0.03180404752492905,0.0819108635187149,0.16028404235839844,-0.1304766684770584,2.104175567626953,2.575485508627008,653.794426269612,0.8630392551422119,0.08398119360208511,0.05297926068305969,0.038483329117298126,0.0007259121630340815,0.8057462573051453
144,0.03210895135998726,0.08573774993419647,0.1663351058959961,-0.12199999392032623,2.124767780303955,2.6702133299304447,661.8747552926247,0.8603978157043457,0.0887271910905838,0.05087393522262573,0.038907308131456375,0.0007245362503454089,0.8039969801902771
145,0.031186729669570923,0.0863804817199707,0.17222881317138672,-0.14878520369529724,2.2101216316223145,2.76978325821328,679.9189608571598,0.8634379506111145,0.07782885432243347,0.058730121701955795,0.04135563597083092,0.0012129675596952438,0.8037377595901489
146,0.03006240911781788,0.08637955039739609,0.16696929931640625,-0.14938779175281525,2.2016541957855225,2.8733409240753733,660.8272985147132,0.8697747588157654,0.0739978551864624,0.05622722953557968,0.04548811540007591,0.001014091307297349,0.8033956289291382
147,0.030753031373023987,0.08069141954183578,0.15772342681884766,-0.1347745954990387,2.1576929092407227,2.623852541899106,636.2862270536216,0.8748505115509033,0.07388059049844742,0.05126859247684479,0.041921015828847885,0.0013710123021155596,0.8161402344703674
148,0.030993526801466942,0.07788396626710892,0.15481233596801758,-0.1348739117383957,2.143855094909668,2.5129107366028998,623.6511950777092,0.8753487467765808,0.07688477635383606,0.047766298055648804,0.04330700263381004,0.0013235562946647406,0.8089353442192078
149,0.030755741521716118,0.07949739694595337,0.15877723693847656,-0.11838007718324661,2.1202659606933594,2.584798577762685,635.9061349947266,0.8726574182510376,0.07884092628955841,0.04849956929683685,0.04266975820064545,0.0014890576712787151,0.8065335750579834
150,0.030346406623721123,0.07952984422445297,0.15877723693847656,-0.13314767181873322,2.1421570777893066,2.6207334926984567,636.68393465887,0.8745479583740234,0.07422719150781631,0.0512215830385685,0.04221629351377487,0.0016573097091168165,0.8105551600456238
151,0.03049301542341709,0.0817350298166275,0.15944242477416992,-0.1129160225391388,2.1397175788879395,2.6804508730605465,628.2374299720186,0.8796557784080505,0.06950461864471436,0.05083847790956497,0.04565746337175369,0.0021073943935334682,0.8087950944900513
152,0.03148875758051872,0.0818527564406395,0.15944242477416992,-0.09625572711229324,2.0933637619018555,2.599427945949835,630.3400057981038,0.8829733729362488,0.06626743823289871,0.05075434222817421,0.03917049989104271,0.0017544579459354281,0.8265756368637085
153,0.031507909297943115,0.07923305034637451,0.150909423828125,-0.0987231656908989,2.0874221324920654,2.51470351760319,632.0896845913364,0.876878023147583,0.076751708984375,0.04635302349925041,0.040860194712877274,0.0013955403119325638,0.8144044280052185
154,0.031078388914465904,0.07483001053333282,0.14638423919677734,-0.10738489031791687,2.0824854373931885,2.407782808075173,612.8972804872263,0.8830952644348145,0.07384339720010757,0.043056439608335495,0.040950629860162735,0.0017554361838847399,0.8232232332229614
155,0.030332086607813835,0.08377256989479065,0.15748977661132812,-0.15454110503196716,2.1732308864593506,2.7618465875818843,641.9381239146853,0.8701529502868652,0.08306069672107697,0.04678630828857422,0.04127342998981476,0.0017543124267831445,0.8090059161186218
156,0.03011903539299965,0.0837598443031311,0.15811681747436523,-0.14959409832954407,2.2067930698394775,2.780960386261834,672.5114289003822,0.8565436601638794,0.09341632574796677,0.05003969743847847,0.046258505433797836,0.0013637260999530554,0.7898693680763245
157,0.03076035901904106,0.08974766731262207,0.16422271728515625,-0.12277770787477493,2.142314910888672,2.917640436320963,634.6960377381846,0.8747913837432861,0.0757603645324707,0.04944648966193199,0.04096902161836624,0.0011074383510276675,0.8111842274665833
158,0.03097802773118019,0.08972182124853134,0.16487836837768555,-0.1056881919503212,2.1191720962524414,2.896305149708666,607.495863045584,0.890548825263977,0.05960537865757942,0.049845702946186066,0.04067055135965347,0.0009773282799869776,0.8323895335197449
159,0.0308565404266119,0.08536376059055328,0.16057252883911133,-0.10708058625459671,2.1143293380737305,2.7664721776186463,601.5053865761307,0.888154923915863,0.06641730666160583,0.04541773721575737,0.043082378804683685,0.0007728782948106527,0.8231375217437744
160,0.030313195660710335,0.08343327045440674,0.15617847442626953,-0.13926208019256592,2.1626625061035156,2.7523746221119882,619.9323131939002,0.870357871055603,0.08813348412513733,0.04150870814919472,0.043316956609487534,0.0009347800514660776,0.810202419757843
161,0.030565934255719185,0.08347176015377045,0.16221046447753906,-0.12212682515382767,2.20890736579895,2.730875472436155,632.8819402244736,0.8661408424377441,0.08945612609386444,0.044402092695236206,0.04278618097305298,0.0011182848829776049,0.8008708953857422
162,0.03097144514322281,0.07858486473560333,0.15613794326782227,-0.12059583514928818,2.1878609657287598,2.5373328357673355,647.3852177544886,0.8704730272293091,0.07896891236305237,0.05055757239460945,0.04096151515841484,0.0014632580569013953,0.8091224431991577
163,0.030985748395323753,0.08027781546115875,0.1522970199584961,-0.12570737302303314,2.102956771850586,2.5907980157317474,633.6901664669875,0.8756797909736633,0.07685129344463348,0.04746701195836067,0.044113755226135254,0.0016329101053997874,0.8086095452308655
164,0.030599486082792282,0.0801244005560875,0.15038251876831055,-0.12527194619178772,2.072007417678833,2.618488439207063,634.3645153939661,0.8736235499382019,0.08039405941963196,0.045982129871845245,0.04291830584406853,0.0016038267640396953,0.80717933177948
165,0.030043844133615494,0.08733484148979187,0.16907215118408203,-0.13777820765972137,2.1278629302978516,2.9069130134771153,650.92009738303,0.8709304332733154,0.07665662467479706,0.05241304263472557,0.04335308447480202,0.0017231634119525552,0.8055683374404907
166,0.03050125017762184,0.0874985009431839,0.16907215118408203,-0.1320127695798874,2.1271820068359375,2.8686857237252235,629.5364971001126,0.8767066597938538,0.07359209656715393,0.049701280891895294,0.04671384394168854,0.001944112591445446,0.8096665740013123
167,0.031063683331012726,0.08076027035713196,0.15928030014038086,-0.11906304955482483,2.0777552127838135,2.59982917975166,620.5679283959416,0.8813886642456055,0.07014875113964081,0.04845879226922989,0.03958520665764809,0.0015842971624806523,0.8247825503349304
168,0.03181733936071396,0.08940616250038147,0.16789674758911133,-0.11798601597547531,2.0924506187438965,2.8099823647719764,610.8484438838143,0.8895154595375061,0.06059851124882698,0.049882613122463226,0.04069150984287262,0.0015904331812635064,0.8268554210662842
169,0.031503356993198395,0.08956679701805115,0.1611781120300293,-0.12767745554447174,2.127586841583252,2.843087390164344,643.8026192608617,0.8790760040283203,0.06426503509283066,0.05665876716375351,0.04074734076857567,0.0013497479958459735,0.8198826909065247
170,0.030647266656160355,0.08954836428165436,0.17701148986816406,-0.1307889223098755,2.1781673431396484,2.9219037796550933,707.0027274059637,0.8601694703102112,0.07048426568508148,0.06934395432472229,0.039940785616636276,0.001472550560720265,0.7959418892860413
171,0.03054984286427498,0.09653732925653458,0.18607854843139648,-0.16320347785949707,2.190354824066162,3.159994297917174,655.52510238096,0.8791899681091309,0.060811400413513184,0.05999499931931496,0.04520953446626663,0.0014473292976617813,0.8162482380867004
172,0.030589837580919266,0.09650302678346634,0.16678810119628906,-0.17711229622364044,2.121832847595215,3.1547413916478715,582.5176785943952,0.8961147665977478,0.06126412749290466,0.0426204651594162,0.041611507534980774,0.0013019697507843375,0.8294568657875061
173,0.030848529189825058,0.07885057479143143,0.15604734420776367,-0.1438506692647934,2.1249256134033203,2.556056215959985,612.4859217091105,0.8804951906204224,0.07571345567703247,0.043785493820905685,0.04134667292237282,0.0011818220373243093,0.8196673393249512
174,0.031093724071979523,0.0862470269203186,0.16568660736083984,-0.12160271406173706,2.1711041927337646,2.773776042968985,650.3985002498989,0.8673473000526428,0.08352328836917877,0.04912858456373215,0.04241122677922249,0.0009056415292434394,0.8041471242904663
175,0.030374838039278984,0.0861271545290947,0.16568660736083984,-0.14330919086933136,2.159839630126953,2.8354769962850357,624.315227909187,0.8793661594390869,0.0743403211236,0.046291522681713104,0.04250825569033623,0.0008097154786810279,0.8180411458015442
176,0.03045490011572838,0.08551186323165894,0.15250682830810547,-0.15118509531021118,2.1231818199157715,2.8078195267069246,589.7087398435145,0.893487811088562,0.0634159967303276,0.04309435933828354,0.04366302862763405,0.0009658575872890651,0.8292722702026367
177,0.03121277317404747,0.08566480875015259,0.15524864196777344,-0.14427052438259125,2.092360019683838,2.744543340309021,615.8112673849664,0.8786267042160034,0.0758173018693924,0.04555237665772438,0.0410037562251091,0.001370160491205752,0.8212653994560242
178,0.03142135217785835,0.08091974258422852,0.1550602912902832,-0.13881923258304596,2.087239980697632,2.57531063983538,648.7333106770421,0.8639969229698181,0.08641534298658371,0.04955531284213066,0.04162916913628578,0.0012192265130579472,0.7971941828727722
179,0.030969297513365746,0.08077435940504074,0.1550602912902832,-0.11682822555303574,2.1321849822998047,2.608207673021059,663.2872801468584,0.860099732875824,0.08853407949209213,0.05136038362979889,0.041422296315431595,0.00141720671672374,0.7962208986282349
180,0.03014514222741127,0.07913864403963089,0.15584230422973633,-0.10547253489494324,2.1784377098083496,2.6252536292578545,664.5179772980916,0.8587921261787415,0.08769702166318893,0.053507350385189056,0.04446183145046234,0.001182258827611804,0.791339099407196
181,0.03032861277461052,0.07889396697282791,0.15584230422973633,-0.11045274138450623,2.180878162384033,2.6013048323882586,649.8499888465237,0.8712158799171448,0.07394580543041229,0.054838161915540695,0.04676240310072899,0.0015615347074344754,0.8024957180023193
182,0.03087669424712658,0.08121545612812042,0.1540994644165039,-0.12646128237247467,2.1210269927978516,2.6303157804222552,634.8632992117025,0.8790980577468872,0.07083480805158615,0.05006702244281769,0.04028453305363655,0.0014740301994606853,0.8235295414924622
183,0.03076528012752533,0.08119288831949234,0.15358209609985352,-0.1346784085035324,2.0809578895568848,2.6391077207911047,623.7389452257457,0.880700945854187,0.07325740903615952,0.04604152590036392,0.043391138315200806,0.0014834690373390913,0.8179900050163269
184,0.030566435307264328,0.07621981203556061,0.14849424362182617,-0.13496361672878265,2.1125552654266357,2.4935787005216423,634.7895411225221,0.8735378980636597,0.08017071336507797,0.046287912875413895,0.04271967336535454,0.0014522086130455136,0.810785174369812
185,0.03068104200065136,0.08008720725774765,0.15117406845092773,-0.14412088692188263,2.125115394592285,2.6103157530776526,635.4277271493379,0.870794951915741,0.08259838819503784,0.046605125069618225,0.040397487580776215,0.0014123211149126291,0.8085818290710449
186,0.03049076534807682,0.08008304983377457,0.14991283416748047,-0.1441553831100464,2.1142489910125732,2.626468995347776,606.6950546998205,0.885223925113678,0.06949581950902939,0.0452796146273613,0.04436609521508217,0.0014709363458678126,0.8230674862861633
187,0.030188731849193573,0.07680661976337433,0.15014171600341797,-0.14292916655540466,2.1550748348236084,2.5442148462715846,608.45967896556,0.8894259333610535,0.06440097093582153,0.04616674780845642,0.042109765112400055,0.0013145064003765583,0.8240066170692444
188,0.03014080785214901,0.07674015313386917,0.15014171600341797,-0.1388552188873291,2.1083767414093018,2.546054953396069,587.5890603376936,0.8962805867195129,0.06143800541758537,0.04228053614497185,0.04429706186056137,0.001310194842517376,0.8331495523452759
189,0.03030048869550228,0.08465908467769623,0.16100645065307617,-0.14239373803138733,2.1169817447662354,2.793984134238363,603.831456814298,0.8878646492958069,0.0651010200381279,0.04703395441174507,0.04519883543252945,0.0009341894183307886,0.8191552758216858
190,0.030325762927532196,0.08471321314573288,0.16100645065307617,-0.15275096893310547,2.2132837772369385,2.7934404600264777,643.660456999445,0.8660269379615784,0.08344180881977081,0.05053102970123291,0.0428716316819191,0.0011402483796700835,0.8065479397773743
191,0.03069418855011463,0.10053388774394989,0.17406463623046875,-0.1468132585287094,2.2071444988250732,3.275339485731383,639.2449221241689,0.8602930307388306,0.09597847610712051,0.043727777898311615,0.04257122427225113,0.0010780347511172295,0.8015311360359192
192,0.030870379880070686,0.1006380170583725,0.16682147979736328,-0.14931724965572357,2.1634268760681152,3.260018744378407,645.1222878754936,0.8630847334861755,0.09144468605518341,0.045458171516656876,0.04163563996553421,0.001297738985158503,0.8024956583976746
193,0.03114316053688526,0.09269852936267853,0.1636505126953125,-0.1465122550725937,2.156613826751709,2.9765292848139784,632.2986056297615,0.8772614598274231,0.0743422657251358,0.04838903993368149,0.041924890130758286,0.0012727394932880998,0.8125042915344238
194,0.030843857675790787,0.09264902770519257,0.1636505126953125,-0.13686250150203705,2.161658763885498,3.003808041006122,624.6726775704881,0.8820768594741821,0.06815411150455475,0.04976866394281387,0.04213755950331688,0.001582591445185244,0.8121063113212585
195,0.030474510043859482,0.0856073722243309,0.15552997589111328,-0.13630551099777222,2.1381561756134033,2.809146795085927,629.2573050309378,0.8742370009422302,0.07817676663398743,0.04758590832352638,0.04408453404903412,0.0014849804574623704,0.8070138096809387
196,0.030872266739606857,0.08543246239423752,0.15552997589111328,-0.13357414305210114,2.148695707321167,2.767288295091939,634.8522975903985,0.8702598810195923,0.08389561623334885,0.045843664556741714,0.04352761059999466,0.0019877587910741568,0.8088401556015015
197,0.030897879973053932,0.08341532200574875,0.15408039093017578,-0.12489460408687592,2.1323604583740234,2.699710209108056,610.0566485061856,0.8784278631210327,0.07893291860818863,0.04263729602098465,0.04081500694155693,0.0016856301808729768,0.8192673325538635
198,0.030791454017162323,0.083331398665905,0.15408039093017578,-0.13449694216251373,2.165440320968628,2.706315804922756,634.1119493046077,0.8752712607383728,0.07510265707969666,0.049625594168901443,0.04487910494208336,0.001766588189639151,0.8101964592933655
199,0.030459588393568993,0.08000855892896652,0.15051841735839844,-0.1408717781305313,2.140986680984497,2.626711756329321,637.9710237127068,0.87964928150177,0.06912674754858017,0.051217664033174515,0.04198760539293289,0.0015431829961016774,0.8123732209205627
200,0.030390283092856407,0.07737642526626587,0.14430999755859375,-0.13860274851322174,2.078366279602051,2.5460909668823724,595.2754925916362,0.892330527305603,0.0660984218120575,0.04156952723860741,0.04101762920618057,0.0012210389832034707,0.8244470357894897
201,0.03065485693514347,0.08630294352769852,0.17075777053833008,-0.13875651359558105,2.1272759437561035,2.815310595233717,633.663032198277,0.8788500428199768,0.07104595750570297,0.05008314922451973,0.0433952696621418,0.0012061302550137043,0.8186513781547546
202,0.03148149698972702,0.08629745244979858,0.17075777053833008,-0.13367056846618652,2.142123222351074,2.741211845015432,645.1301375438758,0.872998058795929,0.07355966418981552,0.053441278636455536,0.03859645873308182,0.0011782170040532947,0.8107427954673767
203,0.03141805902123451,0.0818513035774231,0.15511512756347656,-0.12963512539863586,2.1423072814941406,2.60523107170615,618.8740134718452,0.8790539503097534,0.0759793296456337,0.04492931067943573,0.04091832786798477,0.0010333170648664236,0.8209717869758606
204,0.03047964908182621,0.08387880027294159,0.1525282859802246,-0.14071564376354218,2.143371343612671,2.751960826222346,609.4339307887932,0.8819643259048462,0.07555724680423737,0.04246817156672478,0.04354702681303024,0.0006601325003430247,0.8151467442512512
205,0.03013642504811287,0.08392681181430817,0.15415191650390625,-0.1421021819114685,2.130187749862671,2.7848960743530107,612.3832235449696,0.8809401392936707,0.07516230642795563,0.043881308287382126,0.04364577680826187,0.0010119248181581497,0.8194311857223511
206,0.030436860397458076,0.09079990535974503,0.16102075576782227,-0.12652604281902313,2.1338744163513184,2.9832217965669328,610.7669030875301,0.8844953179359436,0.06918741017580032,0.04630853235721588,0.043564051389694214,0.0009185364469885826,0.8206667304039001
207,0.0308778565376997,0.09093943983316422,0.16268491744995117,-0.14189612865447998,2.164767026901245,2.9451344758723264,617.9316127955857,0.8815847635269165,0.07122735679149628,0.047187644988298416,0.04158121347427368,0.001417132094502449,0.8217396140098572
208,0.030871456488966942,0.0843241959810257,0.15601873397827148,-0.1517643928527832,2.1580615043640137,2.731461536595483,618.1050921351732,0.878928005695343,0.0756368637084961,0.045432355254888535,0.043415676802396774,0.0012462984304875135,0.8097514510154724
209,0.03047945722937584,0.08442927151918411,0.15997886657714844,-0.13558074831962585,2.1283535957336426,2.770038550261383,591.0761899515993,0.8898930549621582,0.07038483768701553,0.039722196757793427,0.04265354201197624,0.0014541056007146835,0.823401689529419
210,0.030393388122320175,0.08437490463256836,0.15997886657714844,-0.1202406957745552,2.1071300506591797,2.7760940731655173,572.0253776685382,0.8955806493759155,0.06748317182064056,0.036932118237018585,0.04426547512412071,0.0015565298963338137,0.8309443593025208
211,0.030593041330575943,0.08819639682769775,0.16482114791870117,-0.12026786804199219,2.1201562881469727,2.882890781331628,604.1215881870557,0.8890010118484497,0.0648268610239029,0.046170637011528015,0.04448935016989708,0.0015961395110934973,0.8245978355407715
212,0.03065786510705948,0.08826258778572083,0.16482114791870117,-0.13174474239349365,2.127479314804077,2.878954143565527,630.9735287506047,0.8829354047775269,0.06634923070669174,0.050692494958639145,0.042185571044683456,0.0016652747290208936,0.8232687711715698
213,0.030689653009176254,0.08564787358045578,0.15919208526611328,-0.138484925031662,2.143179178237915,2.79077360542513,627.6408263700508,0.8799875378608704,0.0716603621840477,0.04834967479109764,0.045657213777303696,0.002108786255121231,0.8143773674964905
214,0.030854960903525352,0.09036142379045486,0.17817974090576172,-0.10856718569993973,2.2409825325012207,2.9285865592265905,684.4668976917421,0.8521795868873596,0.09125545620918274,0.056564170867204666,0.03946825861930847,0.0017141405260190368,0.7893410325050354
215,0.030809490010142326,0.09021630883216858,0.17817974090576172,-0.12034974992275238,2.216055393218994,2.928198707591123,669.1756854381155,0.8545089960098267,0.09377744793891907,0.051707278937101364,0.04111608490347862,0.0012556960573419929,0.7885816097259521
216,0.03091176226735115,0.09005360305309296,0.16416549682617188,-0.1657203882932663,2.1105947494506836,2.9132471410500553,607.9079550664101,0.8828141093254089,0.07361285388469696,0.043572451919317245,0.04493487998843193,0.0013509405544027686,0.8202663064002991
217,0.031032513827085495,0.08997836709022522,0.17630815505981445,-0.16362567245960236,2.129533529281616,2.899486892640702,643.7061053627763,0.8730283379554749,0.07657686620950699,0.050391897559165955,0.039168309420347214,0.0012964884517714381,0.8128465414047241
218,0.030426984652876854,0.08639603108167648,0.16402721405029297,-0.15043960511684418,2.133573293685913,2.8394542562951055,627.8411780670554,0.8773771524429321,0.07575306296348572,0.046864308416843414,0.044466566294431686,0.0011070689652115107,0.8160489201545715
219,0.03067604824900627,0.08058568835258484,0.15282869338989258,-0.1498836874961853,2.1389989852905273,2.6269905333249164,601.1581891888113,0.8826619982719421,0.07687852531671524,0.04045934975147247,0.043426286429166794,0.0007460217457264662,0.8142354488372803
220,0.03101303242146969,0.08395950496196747,0.15616416931152344,-0.1525724083185196,2.1520493030548096,2.7072330050877835,618.2906543708706,0.8741531372070312,0.08424323052167892,0.04158621281385422,0.040596798062324524,0.0007674655644223094,0.817470133304596
221,0.030988680198788643,0.08608517795801163,0.1587533950805664,-0.13212476670742035,2.1463804244995117,2.777955608403057,628.2567786694061,0.8773516416549683,0.07338710874319077,0.049252960830926895,0.04222384840250015,0.0007932897424325347,0.8178046345710754
222,0.030413145199418068,0.08617076277732849,0.16303300857543945,-0.12751427292823792,2.1678357124328613,2.83333940667682,626.6857761348239,0.8819852471351624,0.0667630210518837,0.05124595761299133,0.04252096638083458,0.00102463539224118,0.8207584023475647
223,0.03050818294286728,0.07988344877958298,0.1566767692565918,-0.13594789803028107,2.131951332092285,2.618426961925671,607.981314281479,0.8887686133384705,0.06485351175069809,0.046373460441827774,0.04376862943172455,0.0010552526218816638,0.8210925459861755
224,0.03077240288257599,0.08257383108139038,0.15422582626342773,-0.13621944189071655,2.1193132400512695,2.683372871263886,612.6864242274038,0.8895711302757263,0.06260628253221512,0.04782178997993469,0.04122704640030861,0.0015617760363966227,0.8262207508087158
225,0.030565496534109116,0.0825597494840622,0.1511073112487793,-0.12315607070922852,2.0964908599853516,2.7010766662740058,620.8543805763584,0.8798626661300659,0.0752938762307167,0.04484201595187187,0.04384968429803848,0.0011418006615713239,0.8155409693717957
226,0.031079808250069618,0.08806394040584564,0.17115354537963867,-0.12901881337165833,2.116547107696533,2.8334775972375863,651.8225657120482,0.870059072971344,0.07693071663379669,0.05300573632121086,0.04313737899065018,0.0013828255468979478,0.8092995285987854
227,0.031016655266284943,0.08800622075796127,0.17115354537963867,-0.13326066732406616,2.1153244972229004,2.837385914102302,638.1909008984408,0.8762771487236023,0.07121510803699493,0.05250014364719391,0.04048461839556694,0.0015548232477158308,0.8175356388092041
228,0.030544064939022064,0.09320932626724243,0.16564130783081055,-0.12564876675605774,2.135892629623413,3.051634628536614,625.3350400244464,0.879848837852478,0.07245197147130966,0.047698020935058594,0.04568377137184143,0.0018527430947870016,0.8071663975715637
229,0.030405351892113686,0.09332771599292755,0.16564130783081055,-0.10914766043424606,2.230280876159668,3.069450283654331,685.2538319489018,0.8581526875495911,0.08552564680576324,0.056319743394851685,0.041619107127189636,0.0017569742631167173,0.7929099798202515
230,0.03049362450838089,0.08659104257822037,0.16326904296875,-0.09659561514854431,2.1642563343048096,2.8396441541930177,658.6438314958341,0.8602675795555115,0.08959010243415833,0.05013987794518471,0.042050257325172424,0.0010130885057151318,0.7941400408744812
231,0.030799539759755135,0.0825214758515358,0.15913963317871094,-0.1262187361717224,2.1441683769226074,2.6793087329403833,636.0107635015537,0.8667981624603271,0.08732035011053085,0.04587363451719284,0.04328553378582001,0.0012156342854723334,0.807669997215271
232,0.03130650520324707,0.0822693407535553,0.15418052673339844,-0.12071046978235245,2.1650068759918213,2.6278672824328715,648.3297030946213,0.8583511114120483,0.09675221145153046,0.0448911190032959,0.038883887231349945,0.0014548004837706685,0.8019709587097168
233,0.031516700983047485,0.0795338898897171,0.15240907669067383,-0.11963028460741043,2.1411399841308594,2.5235474337867414,649.7272385862484,0.8596432209014893,0.0938824787735939,0.04647167772054672,0.04195752739906311,0.001268793479539454,0.8003323078155518
234,0.031237749382853508,0.07878074049949646,0.1519632339477539,-0.12114302814006805,2.1403167247772217,2.521972358873507,640.3877163077184,0.8655304312705994,0.08812790364027023,0.04634008929133415,0.04073839634656906,0.000719395698979497,0.7973952293395996
235,0.030818913131952286,0.0809568539261818,0.15987157821655273,-0.12562605738639832,2.127892255783081,2.6268562287364015,619.9777734204538,0.8757572174072266,0.0805603563785553,0.04367644712328911,0.040827784687280655,0.0008134578820317984,0.816608726978302
236,0.031138958409428596,0.08195796608924866,0.16088485717773438,-0.1291167140007019,2.122375011444092,2.632007307662562,652.9861799358231,0.8678244948387146,0.08115018159151077,0.05102483183145523,0.041974812746047974,0.000859351537656039,0.8046752214431763
237,0.030675716698169708,0.08211220055818558,0.15785932540893555,-0.13860970735549927,2.166813850402832,2.676781812905714,677.2357589055524,0.8582903146743774,0.08851760625839233,0.053166233003139496,0.04300081357359886,0.0010037330212071538,0.7984790802001953
238,0.030112415552139282,0.08113288134336472,0.15686511993408203,-0.14954042434692383,2.197995901107788,2.694333212830096,654.3356477740202,0.8669619560241699,0.08231618255376816,0.05070551484823227,0.0450831800699234,0.0013046085368841887,0.7943565249443054
239,0.030459266155958176,0.08124471455812454,0.15395879745483398,-0.13890455663204193,2.193181276321411,2.667323439096212,650.7369767021671,0.8707668781280518,0.07569337636232376,0.053530532866716385,0.042598262429237366,0.0017355887684971094,0.8062838315963745
240,0.030515538528561592,0.08182239532470703,0.15447616577148438,-0.13965801894664764,2.1302459239959717,2.681335452934658,618.5653343109316,0.8807300329208374,0.07071410864591599,0.04855567589402199,0.04420972242951393,0.001510824542492628,0.8175029754638672
241,0.030719926580786705,0.09051244705915451,0.1594066619873047,-0.12640614807605743,2.122497797012329,2.9463757609634955,613.8117160716264,0.8784672021865845,0.07565127313137054,0.04587855935096741,0.04263957962393761,0.0015034537063911557,0.8162971138954163
242,0.03081107884645462,0.0905630961060524,0.15833139419555664,-0.1305122971534729,2.1604130268096924,2.939302987552935,625.2971920410654,0.8745037317276001,0.07961452752351761,0.045877739787101746,0.042090341448783875,0.0015448762569576502,0.8145803213119507
243,0.030504288151860237,0.08239122480154037,0.15288829803466797,-0.15831595659255981,2.153298854827881,2.700971889219941,613.9919537078631,0.8802747130393982,0.07561025768518448,0.04410078376531601,0.0464351661503315,0.002250370103865862,0.8113506436347961
244,0.030800051987171173,0.0796896293759346,0.15403032302856445,-0.14781996607780457,2.1391119956970215,2.587321261877726,620.9400083883871,0.8769482374191284,0.07816769182682037,0.044883985072374344,0.04005094990134239,0.0020013879984617233,0.8121142387390137
245,0.031226521357893944,0.07984984666109085,0.15750885009765625,-0.1209932491183281,2.11856746673584,2.557116296860521,627.2118077939901,0.8719161748886108,0.08310674130916595,0.04497641324996948,0.04044394567608833,0.0016117714112624526,0.8067288994789124
246,0.031159373000264168,0.10164279490709305,0.1791667938232422,-0.11970336735248566,2.1248466968536377,3.262029531305694,657.6769582788517,0.8609945774078369,0.09113263338804245,0.0478709414601326,0.041831374168395996,0.0014573733787983656,0.8032281398773193
247,0.03076159954071045,0.1016758531332016,0.1771092414855957,-0.14190514385700226,2.122364044189453,3.3052849867360337,631.4564020775225,0.8706124424934387,0.08527684211730957,0.04411017894744873,0.04080246761441231,0.001289735664613545,0.8090117573738098
248,0.029898080974817276,0.07721550017595291,0.1526474952697754,-0.14844340085983276,2.166698694229126,2.5826239563137112,599.7574450608045,0.8860295414924622,0.073025181889534,0.04093823581933975,0.04706430435180664,0.0013318463461473584,0.8209883570671082
249,0.030527278780937195,0.07898486405611038,0.14931201934814453,-0.12856146693229675,2.1799464225769043,2.587353580393325,617.6083604136254,0.8778119683265686,0.07957875728607178,0.04259262606501579,0.04211200773715973,0.00123206852003932,0.8113061189651489
250,0.03130079060792923,0.08999893814325333,0.1593637466430664,-0.13539288938045502,2.114474296569824,2.8752928086608516,618.0762471830255,0.8740170001983643,0.08316958695650101,0.04281318187713623,0.04054156318306923,0.0010907609248533845,0.8157220482826233
251,0.030915800482034683,0.08995363116264343,0.16089677810668945,-0.13315029442310333,2.093362331390381,2.9096329306435487,626.042784376403,0.8770599365234375,0.07679662853479385,0.046126775443553925,0.04286660626530647,0.0008065205765888095,0.8154352307319641
252,0.030398020520806313,0.08463624119758606,0.15642166137695312,-0.1335076093673706,2.125786542892456,2.7842681774910782,665.4475106279488,0.8667160868644714,0.07918769121170044,0.05408071354031563,0.04284699261188507,0.0010915311286225915,0.8079432845115662
253,0.030386948958039284,0.08465684950351715,0.1578688621520996,-0.15062595903873444,2.1282386779785156,2.785960828697613,665.7088194632347,0.8618965148925781,0.08642838150262833,0.05167512595653534,0.043972354382276535,0.0008645421476103365,0.7955993413925171
254,0.030860066413879395,0.09527935832738876,0.17359495162963867,-0.15098921954631805,2.199385166168213,3.087464461238138,644.500915239768,0.8624114394187927,0.09422434866428375,0.04336252436041832,0.04184041917324066,0.0012889974750578403,0.8024096488952637
255,0.030900564044713974,0.0953262522816658,0.17359495162963867,-0.1369517594575882,2.1944339275360107,3.08493567109782,653.8635447969915,0.8613765835762024,0.09217336773872375,0.046433690935373306,0.04322783648967743,0.0013906533131375909,0.7964528799057007
256,0.030687713995575905,0.08678362518548965,0.16187191009521484,-0.12477017939090729,2.144397020339966,2.827959918916504,654.0134038005041,0.8650622963905334,0.08762355148792267,0.04730670526623726,0.041936155408620834,0.0013829730451107025,0.802951991558075
257,0.03056097775697708,0.0909685268998146,0.16600608825683594,-0.1494743824005127,2.190202236175537,2.976623575993731,654.467665877498,0.862665057182312,0.0908699631690979,0.04646003991365433,0.04347832873463631,0.0011507117887958884,0.8001259565353394
258,0.03109332174062729,0.09073282778263092,0.16496896743774414,-0.14854927361011505,2.185520648956299,2.9180808836245737,649.239086236042,0.8620977997779846,0.09233969449996948,0.04556214064359665,0.044920556247234344,0.0018076018895953894,0.7909421920776367
259,0.03148910775780678,0.09744033217430115,0.17904281616210938,-0.14988522231578827,2.2566475868225098,3.0944138817985194,654.53984010339,0.8555182814598083,0.10068438202142715,0.0437973290681839,0.03803639858961105,0.0015778921078890562,0.7969697117805481
260,0.03139994665980339,0.0974932312965393,0.1800680160522461,-0.15705527365207672,2.2620303630828857,3.104885251867013,654.7003150283285,0.8573287725448608,0.09504804760217667,0.04762313514947891,0.04117557033896446,0.0014285463839769363,0.7923898696899414
261,0.03147285431623459,0.08247260004281998,0.16252517700195312,-0.13317915797233582,2.1539289951324463,2.6204359862479283,622.7381070002216,0.8737552762031555,0.08216989040374756,0.04406922310590744,0.041381772607564926,0.0011959255207329988,0.8155555725097656
262,0.030356915667653084,0.08037509024143219,0.15288829803466797,-0.1399834007024765,2.169658660888672,2.647669846262691,620.9451428319074,0.874354898929596,0.0818711519241333,0.04377400130033493,0.04171764478087425,0.001344601041637361,0.8157787322998047
263,0.030196761712431908,0.0803832858800888,0.15714168548583984,-0.12948814034461975,2.177401065826416,2.661983647217817,660.2334868884461,0.8651891946792603,0.08121276646852493,0.05359258875250816,0.04539412632584572,0.0013978113420307636,0.8000259399414062
264,0.03094719909131527,0.09045710414648056,0.17908334732055664,-0.12001851201057434,2.168367862701416,2.922949630325112,650.334288554535,0.8712036609649658,0.07894137501716614,0.04984349012374878,0.04084697365760803,0.0011987121542915702,0.8031324744224548
265,0.030634665861725807,0.09600264579057693,0.18480300903320312,-0.13662143051624298,2.233372688293457,3.1337911835162684,649.8565902494754,0.8689814805984497,0.08312893658876419,0.04788955673575401,0.042436014860868454,0.0009423212613910437,0.8059253692626953
266,0.030993333086371422,0.09586778283119202,0.1690220832824707,-0.14381293952465057,2.197437286376953,3.0931743469131563,644.9860376385761,0.867321252822876,0.08324481546878815,0.04942669719457626,0.0418691448867321,0.0006733475020155311,0.8030194640159607
267,0.031015269458293915,0.07865005731582642,0.14780044555664062,-0.14024996757507324,2.1034436225891113,2.5358495569110215,615.8418705572699,0.878495454788208,0.0772000178694725,0.04429508373141289,0.04115790128707886,0.0009892518864944577,0.8206207752227783
268,0.030956029891967773,0.08832424879074097,0.1601409912109375,-0.13190430402755737,2.1254918575286865,2.8532162908527696,605.8892372788544,0.8837606906890869,0.07512716203927994,0.04110509902238846,0.04337441921234131,0.0009537969017401338,0.8148161172866821
269,0.03129515051841736,0.08849754184484482,0.1665663719177246,-0.13387176394462585,2.1826891899108887,2.8278356351069704,626.948939716644,0.877040684223175,0.07650961726903915,0.046448707580566406,0.04020874202251434,0.0013755613472312689,0.8171176314353943
270,0.0313061848282814,0.089311882853508,0.167388916015625,-0.1133323460817337,2.1949622631073,2.8528510689035644,646.1017135681441,0.8702707886695862,0.07893220335245132,0.05078534409403801,0.04170868918299675,0.0013125104596838355,0.8100718259811401
271,0.03128627687692642,0.09226818382740021,0.16212224960327148,-0.12996262311935425,2.218867778778076,2.94915832227064,675.1250518455199,0.8560324907302856,0.09189610183238983,0.0520605631172657,0.04087226465344429,0.0012604586081579328,0.7980236411094666
272,0.030711431056261063,0.0923016294836998,0.16170501708984375,-0.1449713110923767,2.187634229660034,3.005448665404247,685.0021983357733,0.8417084217071533,0.10999132692813873,0.048300184309482574,0.04365092143416405,0.0014519125688821077,0.7793059349060059
273,0.03030298464000225,0.08182855695486069,0.14821529388427734,-0.12072792649269104,2.1344470977783203,2.7003464485191473,652.5286093781058,0.8568602800369263,0.0978257805109024,0.04531126469373703,0.046908438205718994,0.0019394521368667483,0.7845178842544556
274,0.030737033113837242,0.08908297121524811,0.17177104949951172,-0.12972478568553925,2.1406409740448,2.898229340562033,630.4406531249518,0.8752382397651672,0.07828239351511002,0.046466026455163956,0.0399760976433754,0.0015736323548480868,0.8137676119804382
275,0.030963290482759476,0.0890766829252243,0.1738905906677246,-0.13575954735279083,2.1524863243103027,2.8768480847326554,638.0649326988844,0.8707714676856995,0.0817224457859993,0.047496095299720764,0.042814772576093674,0.0014203910250216722,0.802402138710022
276,0.03095189668238163,0.08818649500608444,0.1729130744934082,-0.14189858734607697,2.150261402130127,2.849146722999777,640.0218919464445,0.8728107213973999,0.07824983447790146,0.04893931373953819,0.041850198060274124,0.0011722597992047668,0.8145055174827576
277,0.03041950985789299,0.08823391050100327,0.15714406967163086,-0.1499062180519104,2.160067558288574,2.900569762967714,624.5670214440431,0.8751674890518188,0.08048302680253983,0.04434938728809357,0.04117468371987343,0.0013159540249034762,0.8164424300193787
278,0.030373424291610718,0.08001521974802017,0.1575326919555664,-0.13849113881587982,2.1770448684692383,2.6343825765962903,642.4662021635916,0.8621810674667358,0.09257720410823822,0.04522635415196419,0.04552334547042847,0.0012141716433688998,0.7988433241844177
279,0.03058587573468685,0.08392498642206192,0.1640486717224121,-0.14351116120815277,2.1811294555664062,2.7439131430243897,658.0148815057023,0.860135555267334,0.08860743790864944,0.051235131919384,0.04150715097784996,0.0012279258808121085,0.7953917980194092
280,0.030581651255488396,0.08384504169225693,0.15838146209716797,-0.13449902832508087,2.143549680709839,2.74167804050371,629.9810883181754,0.8749427795410156,0.07762894779443741,0.047427814453840256,0.0415564700961113,0.0009682545787654817,0.8136601448059082
281,0.03083251416683197,0.07588531821966171,0.15128612518310547,-0.10354184359312057,2.0823562145233154,2.461210844065192,595.134164818431,0.8868119716644287,0.07389237731695175,0.03928719088435173,0.04250876605510712,0.0009090877720154822,0.8238874673843384
282,0.030967839062213898,0.07941894978284836,0.15743255615234375,-0.1048077642917633,2.1194844245910645,2.564562209869807,623.1305029437077,0.8819561004638672,0.07046585530042648,0.04757746309041977,0.041695691645145416,0.0009537657606415451,0.8243227601051331
283,0.03141210228204727,0.08893413841724396,0.16841650009155273,-0.12591148912906647,2.1967477798461914,2.831206189763384,651.2484389468574,0.8696091771125793,0.07813224196434021,0.052258532494306564,0.04086202383041382,0.0008828770951367915,0.8040716648101807
284,0.031153609976172447,0.08906649053096771,0.16617298126220703,-0.14713506400585175,2.2160658836364746,2.858946061025687,627.6522336366259,0.8686218857765198,0.08851463347673416,0.04286309331655502,0.040671445429325104,0.0012586700031533837,0.8080013394355774
285,0.03091697208583355,0.08783623576164246,0.1649165153503418,-0.14472311735153198,2.174999475479126,2.8410361634038805,611.9586163965739,0.8760277628898621,0.08321187645196915,0.04076039046049118,0.04353271424770355,0.0012809078907594085,0.8083613514900208
286,0.030656423419713974,0.0852230116724968,0.1537036895751953,-0.15536637604236603,2.147582530975342,2.779939802596581,620.880258881741,0.8761732578277588,0.07962576299905777,0.044200997799634933,0.04229896888136864,0.0014203276950865984,0.8114162683486938
287,0.030169140547513962,0.08265002816915512,0.1627206802368164,-0.1422010064125061,2.181523323059082,2.7395552762349475,638.8232996843266,0.8673511147499084,0.08796513825654984,0.044678445905447006,0.04411526024341583,0.0011514928191900253,0.8038063049316406
288,0.0304262638092041,0.08034013211727142,0.15704631805419922,-0.1206291913986206,2.1812806129455566,2.6404862791706827,626.8735099109925,0.8712567687034607,0.08720532059669495,0.04153608903288841,0.04559739679098129,0.0018522166647017002,0.803618848323822
289,0.030628735199570656,0.08497591316699982,0.16478300094604492,-0.13377360999584198,2.1696715354919434,2.774385315310591,634.2074990512625,0.8734756112098694,0.07877865433692932,0.04774079471826553,0.04191606119275093,0.0016589319566264749,0.8113884925842285
290,0.03110857680439949,0.0880645364522934,0.16791105270385742,-0.12017296999692917,2.1617274284362793,2.8308764172396375,617.5172484484559,0.8782679438591003,0.0763854831457138,0.045342132449150085,0.043227504938840866,0.0015093727270141244,0.813814640045166
291,0.026600051671266556,0.0751444548368454,0.14711380004882812,0.04851998761296272,2.2533416748046875,2.8249740174449234,620.698752572686,0.8695757389068604,0.08734185993671417,0.04308217391371727,0.026503903791308403,0.0021236443426460028,0.8208878636360168
292,0.02550152875483036,0.07511087507009506,0.1464390754699707,0.0588747002184391,2.2497832775115967,2.9453479353829963,622.2347837961526,0.8679614067077637,0.0863507091999054,0.04568728804588318,0.030398644506931305,0.001747457543388009,0.8136248588562012
293,0.02502155676484108,0.06731193512678146,0.12911081314086914,0.09565799683332443,2.256127119064331,2.690157761034052,608.907404978353,0.8749390840530396,0.08200357109308243,0.043055564165115356,0.03159506618976593,0.0017993522342294455,0.8195807337760925
294,0.025325652211904526,0.07038053125143051,0.13760089874267578,0.08982136100530624,2.2939953804016113,2.7790214703954814,609.231774526084,0.8728450536727905,0.08897159993648529,0.038181647658348083,0.030525492504239082,0.0015274265315383673,0.8210271000862122
295,0.025369495153427124,0.07034685462713242,0.13705968856811523,0.06678931415081024,2.305502414703369,2.7728913878231625,621.6961348089808,0.8713339567184448,0.08521702140569687,0.04344872757792473,0.0314689576625824,0.0013885516673326492,0.8212913274765015
296,0.02554262802004814,0.07410754263401031,0.14307498931884766,0.06674987822771072,2.2898736000061035,2.901328029870018,642.8937708971738,0.8616830110549927,0.08690338581800461,0.051413483917713165,0.02868657559156418,0.0013660447439178824,0.8110135197639465
297,0.025593990460038185,0.07414746284484863,0.13696670532226562,0.07628630846738815,2.2356512546539307,2.8970653465595197,622.6794370853817,0.868850827217102,0.08388122916221619,0.04726763442158699,0.030815260484814644,0.0015668566338717937,0.8136732578277588
298,0.025714237242937088,0.08032459020614624,0.14437437057495117,0.0718788355588913,2.2860875129699707,3.1237399516909723,626.9064700003855,0.8701634407043457,0.08219940215349197,0.04763524979352951,0.03101717308163643,0.0009023541933856905,0.8143061399459839
299,0.025615952908992767,0.08027862012386322,0.14437437057495117,0.05454995855689049,2.306586742401123,3.133930656647428,643.5003710114933,0.8626587390899658,0.08927907794713974,0.04806150496006012,0.030472801998257637,0.0011036416981369257,0.813147246837616
300,0.025553029030561447,0.08028431981801987,0.1398158073425293,0.08365332335233688,2.2251603603363037,3.141870958580209,620.3726684870117,0.8688436150550842,0.0896177664399147,0.04153813421726227,0.03005530871450901,0.0008821423980407417,0.8141573071479797
301,0.0261270422488451,0.08029955625534058,0.15953540802001953,0.07217401266098022,2.2919490337371826,3.073426968405375,645.1314805037836,0.8533909320831299,0.10451707243919373,0.04209161922335625,0.02942611090838909,0.0009647555998526514,0.8041162490844727
302,0.026213567703962326,0.07935841381549835,0.14518499374389648,0.04153897240757942,2.303926944732666,3.0273793597532896,645.3199230468867,0.8549086451530457,0.10000807791948318,0.04508275166153908,0.031473465263843536,0.0011772298021242023,0.7966972589492798
303,0.025387225672602654,0.07365734130144119,0.14393091201782227,0.07970968633890152,2.3276619911193848,2.9013544941237615,669.2238386711027,0.8507005572319031,0.0961817055940628,0.05311761051416397,0.030026106163859367,0.0015047374181449413,0.7991958260536194
304,0.02538887970149517,0.07789008319377899,0.1515507698059082,0.07830934226512909,2.412698745727539,3.0678818485293036,691.431525609267,0.840842068195343,0.10441523045301437,0.0547427162528038,0.03214527294039726,0.0011945118894800544,0.7841426134109497
305,0.026139015331864357,0.07763788104057312,0.15494585037231445,0.06067264452576637,2.343759298324585,2.9701914954294275,652.8405980279779,0.8590654134750366,0.09034790098667145,0.05058620497584343,0.03069039061665535,0.0014958771644160151,0.8105230927467346
306,0.026016779243946075,0.07734034955501556,0.1451730728149414,0.054433781653642654,2.241790294647217,2.9727103738268994,622.4873998491724,0.8715776205062866,0.0797082707285881,0.04871387407183647,0.02682090923190117,0.0016467858804389834,0.8238966464996338
307,0.025469817221164703,0.0681857243180275,0.13540983200073242,0.05802089720964432,2.2547249794006348,2.67711871362351,595.2951204937403,0.87836092710495,0.08224847167730331,0.03939027339220047,0.03202909976243973,0.0015799077227711678,0.8229732513427734
308,0.025508427992463112,0.07117196172475815,0.13837337493896484,0.07047583162784576,2.2616772651672363,2.790135156231382,592.3947192287402,0.8781859874725342,0.08252446353435516,0.03928753361105919,0.029859868809580803,0.0021537262946367264,0.8225540518760681
309,0.025596894323825836,0.07254596799612045,0.13779163360595703,0.07453841716051102,2.2592830657958984,2.8341707035044403,616.9638640793628,0.8690872192382812,0.08662323653697968,0.0442890040576458,0.030057376250624657,0.0019408747320994735,0.8175627589225769
310,0.02573646605014801,0.07252758741378784,0.13779163360595703,0.05616932362318039,2.2634077072143555,2.818086495233974,621.3946776694312,0.8663427233695984,0.09210860729217529,0.04154854267835617,0.03103826195001602,0.0022256772499531507,0.8131311535835266
311,0.025584761053323746,0.06746964901685715,0.12978076934814453,0.06616537272930145,2.272207021713257,2.637102956466931,609.6296838484467,0.8727819323539734,0.0870419442653656,0.04017528146505356,0.028764650225639343,0.0020228016655892134,0.8168426752090454
312,0.02529079094529152,0.06753523647785187,0.12919902801513672,0.0965593159198761,2.299884796142578,2.670348927452378,615.0300383137482,0.8712605237960815,0.08572839945554733,0.04300997778773308,0.03237030282616615,0.002009043702855706,0.8143661022186279
313,0.025549933314323425,0.07845820486545563,0.1421642303466797,0.08483587205410004,2.32131290435791,3.0707792422456452,627.6476604087422,0.8690857887268066,0.08295746147632599,0.04795611649751663,0.030656900256872177,0.0012302011018618941,0.8128255605697632
314,0.025986913591623306,0.07842579483985901,0.1510453224182129,0.08695273846387863,2.302265167236328,3.0178957020167685,653.084313396501,0.8626734018325806,0.08484800904989243,0.05247839167714119,0.029583923518657684,0.000807648291811347,0.8146223425865173
315,0.026131954044103622,0.07612887769937515,0.1486968994140625,0.0916345864534378,2.257152557373047,2.91324856794012,636.446310312528,0.8657997846603394,0.08578051626682281,0.04841915890574455,0.029281290248036385,0.0009123551426455379,0.8167175054550171
316,0.02598736807703972,0.06862320005893707,0.13588666915893555,0.08301897346973419,2.227461099624634,2.6406367837197875,609.6674130285784,0.8764156103134155,0.07898148149251938,0.044600799679756165,0.02921122871339321,0.0008999750716611743,0.8277236223220825
317,0.025336405262351036,0.07162749022245407,0.14308929443359375,0.04897112026810646,2.3474860191345215,2.827058119648205,650.2328458128139,0.8652557730674744,0.07945741713047028,0.055282965302467346,0.03371952474117279,0.0008243287447839975,0.8038418889045715
318,0.024749109521508217,0.07173950225114822,0.14308929443359375,0.05120713636279106,2.4021031856536865,2.898670038447417,658.0820146826094,0.8618148565292358,0.08529770374298096,0.05288069695234299,0.031750500202178955,0.0012084773043170571,0.809689462184906
319,0.02552010491490364,0.07462070882320404,0.13932466506958008,0.07644929736852646,2.300236463546753,2.9239969455102766,614.5162862750047,0.8706768751144409,0.08951039612293243,0.03981121629476547,0.03148035332560539,0.0011427367571741343,0.8123762607574463
320,0.0257575660943985,0.07482344657182693,0.13898849487304688,0.08011095970869064,2.2980051040649414,2.9049113683607666,632.779747728015,0.8629676699638367,0.09126406908035278,0.04576804116368294,0.031411804258823395,0.0016953165177255869,0.8103079795837402
321,0.025325428694486618,0.06911785900592804,0.13092756271362305,0.08372224867343903,2.24393367767334,2.7291881151155364,636.1687083939313,0.865375816822052,0.08503683656454086,0.04958728328347206,0.02907249890267849,0.0023666995111852884,0.8127809762954712
322,0.024922003969550133,0.07414466142654419,0.13976812362670898,0.07344049960374832,2.243528366088867,2.9750681973311437,615.0455212685737,0.8750709295272827,0.0798422172665596,0.045086346566677094,0.03331626206636429,0.002306263195350766,0.8135290741920471
323,0.025547243654727936,0.08536114543676376,0.15587091445922852,0.059394869953393936,2.363445281982422,3.3413054882586124,630.1220945627566,0.8719070553779602,0.07738645374774933,0.05070643872022629,0.028884422034025192,0.0019204819109290838,0.8191068768501282
324,0.025962723419070244,0.08557439595460892,0.15587091445922852,0.07352388650178909,2.32198429107666,3.2960485142501046,607.2629174476775,0.876337468624115,0.07898011058568954,0.04467863589525223,0.028422389179468155,0.0016082284273579717,0.8265153169631958
325,0.025346679612994194,0.06764308363199234,0.13401508331298828,0.08852685242891312,2.246701955795288,2.6687157711436815,599.074222143281,0.8747590780258179,0.08742012083530426,0.03782041370868683,0.031406793743371964,0.001892096595838666,0.8226508498191833
326,0.025179289281368256,0.06730789691209793,0.1336812973022461,0.06104941666126251,2.291965961456299,2.67314522492222,617.0681281526329,0.8670529723167419,0.09293534606695175,0.040010642260313034,0.02944960445165634,0.0024527558125555515,0.813264787197113
327,0.025668079033493996,0.06779349595308304,0.1349639892578125,0.051913999021053314,2.263648509979248,2.6411597011984767,632.6951577906348,0.8606938123703003,0.09562279284000397,0.04368187487125397,0.0313723161816597,0.0020124437287449837,0.8035501837730408
328,0.025866392999887466,0.06854197382926941,0.13555526733398438,0.081119604408741,2.2600603103637695,2.649846610886866,627.8507507942363,0.8658704161643982,0.0894257053732872,0.04470369219779968,0.029847249388694763,0.0011438778601586819,0.8075416684150696
329,0.025903604924678802,0.0713498517870903,0.13778209686279297,0.09058953076601028,2.3031539916992188,2.7544371523501603,615.5081671306467,0.8727722764015198,0.08421176671981812,0.0430152527987957,0.029566999524831772,0.0014527112944051623,0.8246374726295471
330,0.026229513809084892,0.0760854110121727,0.15056610107421875,0.06674746423959732,2.2689998149871826,2.900755674049852,604.0169543616571,0.8752613067626953,0.08390937745571136,0.04082922637462616,0.029465675354003906,0.0014525750884786248,0.821890115737915
331,0.025951629504561424,0.07594500482082367,0.15056610107421875,0.07241445779800415,2.2925338745117188,2.9264060202673856,604.4952286458612,0.8673387169837952,0.09652639925479889,0.03613040968775749,0.029011806473135948,0.0016174158081412315,0.8181874752044678
332,0.0253994632512331,0.07628851383924484,0.1400160789489746,0.09961230307817459,2.3007168769836426,3.0035482672074822,617.8206931923646,0.8622706532478333,0.0996246486902237,0.03810439631342888,0.03241435065865517,0.0011601254809647799,0.8024680614471436
333,0.025398217141628265,0.0796070247888565,0.15597105026245117,0.06964936852455139,2.3372397422790527,3.134354838444325,635.6177408985133,0.8589939475059509,0.0969463363289833,0.044053804129362106,0.030749047175049782,0.001240022829733789,0.8063063621520996
334,0.026270117610692978,0.08041586726903915,0.15134572982788086,0.049819860607385635,2.3783748149871826,3.061115616522615,664.0084608786694,0.8506439924240112,0.09646999090909958,0.05288487672805786,0.02993682399392128,0.0013093877350911498,0.8002946376800537
335,0.026060359552502632,0.08028338849544525,0.15326261520385742,0.06756310909986496,2.3303513526916504,3.080670791614416,660.2034298554984,0.8573405146598816,0.09008362889289856,0.05257495865225792,0.030402610078454018,0.0014459998346865177,0.8074350953102112
336,0.025273876264691353,0.0852491557598114,0.14921188354492188,0.05846283584833145,2.3236196041107178,3.373014683764001,648.6458899013957,0.8621222376823425,0.09071285277605057,0.04716445505619049,0.03050793893635273,0.0015295533230528235,0.807155966758728
337,0.02528766542673111,0.08530145138502121,0.1553964614868164,0.06078055128455162,2.3100602626800537,3.3732434347805564,654.101923598092,0.8542157411575317,0.10028707981109619,0.0454913005232811,0.03256606310606003,0.0021417022217065096,0.7978777289390564
338,0.025947172194719315,0.0766381323337555,0.14675140380859375,0.06550006568431854,2.298875093460083,2.953621757148512,637.7169864642092,0.8534613251686096,0.10653085261583328,0.04000556841492653,0.027534471824765205,0.002180489944294095,0.7974602580070496
339,0.02615891769528389,0.07653118669986725,0.14662981033325195,0.06396004557609558,2.2602803707122803,2.925625119067491,602.2359160363968,0.8754320740699768,0.08504024147987366,0.039527397602796555,0.02889545075595379,0.0017446543788537383,0.8227527737617493
340,0.025906305760145187,0.06570842117071152,0.12909412384033203,0.0631551519036293,2.2404892444610596,2.536387155179121,604.2305203948538,0.876763105392456,0.08463171124458313,0.038603901863098145,0.030541952699422836,0.0016107253031805158,0.8246641755104065
341,0.02586679719388485,0.07140707224607468,0.1415109634399414,0.054973214864730835,2.2611804008483887,2.760568759560051,628.9726975382276,0.8614610433578491,0.09959443658590317,0.038944464176893234,0.02870522439479828,0.002280998742207885,0.807649552822113
342,0.025246864184737206,0.07140518724918365,0.1415109634399414,0.060387324541807175,2.279574394226074,2.8282794537914464,644.0529198096156,0.8593940138816833,0.09329845756292343,0.04730752110481262,0.03193848207592964,0.0019872665870934725,0.8041926026344299
343,0.024961235001683235,0.07002752274274826,0.13182401657104492,0.09904803335666656,2.320456027984619,2.805451041794229,644.1752139700685,0.8632153272628784,0.08595670759677887,0.05082796514034271,0.03107886016368866,0.0010045301169157028,0.802856981754303
344,0.025955047458410263,0.07402987033128738,0.14084577560424805,0.07348049432039261,2.3554065227508545,2.85223405763595,658.4939386971298,0.8509942889213562,0.09819318354129791,0.05081244558095932,0.02948414906859398,0.0011363404337316751,0.8035473823547363
345,0.02628645859658718,0.07412377744913101,0.14084577560424805,0.04236309230327606,2.2845864295959473,2.8198464686275693,644.0757657108319,0.8530808687210083,0.10064121335744858,0.0462777353823185,0.02798609808087349,0.000991645734757185,0.8036501407623291
346,0.0257746372371912,0.072287417948246,0.13346195220947266,0.06658941507339478,2.1921958923339844,2.80459496986189,617.150333679705,0.8682031035423279,0.09158419817686081,0.04021260514855385,0.030200468376278877,0.0011632322566583753,0.8181463479995728
347,0.025744091719388962,0.0721183493733406,0.135040283203125,0.044140126556158066,2.200570821762085,2.801355361712912,631.0702772045256,0.8630549311637878,0.09583594650030136,0.04110337421298027,0.03130341321229935,0.0011513704666867852,0.8038132190704346
348,0.026071147993206978,0.08665663003921509,0.15046358108520508,0.05698380991816521,2.360128402709961,3.3238517175565203,652.1483298373109,0.84599769115448,0.11310195922851562,0.04089878872036934,0.028259290382266045,0.0011724185897037387,0.7950533628463745
349,0.026201531291007996,0.0865485668182373,0.16504287719726562,0.10089182108640671,2.418389081954956,3.3031873539634073,642.4321339204777,0.8519547581672668,0.10435769706964493,0.043686091899871826,0.031257264316082,0.0008963361033238471,0.7943500876426697
350,0.02547100931406021,0.07832221686840057,0.15086650848388672,0.07994203269481659,2.3423423767089844,3.0749553698326,603.4917528264021,0.8718618154525757,0.08869720250368118,0.03944050520658493,0.03143377974629402,0.001023709774017334,0.8201456069946289
351,0.02536153793334961,0.06754658371210098,0.13442516326904297,0.0541720911860466,2.339590072631836,2.663347305157549,618.3282838875209,0.8616418838500977,0.09880609810352325,0.03955011069774628,0.030317774042487144,0.0017290656687691808,0.8091759085655212
352,0.025407563894987106,0.07650785148143768,0.14391422271728516,0.07938181608915329,2.325730323791504,3.0112234212868163,650.7350686789745,0.8527235388755798,0.09941529482603073,0.047854725271463394,0.03303167596459389,0.0020525853615254164,0.7938843965530396
353,0.02550848014652729,0.0764828771352768,0.1430678367614746,0.10060705244541168,2.272235155105591,2.998331405593006,631.4375333720842,0.8650524020195007,0.0901995599269867,0.04474636912345886,0.027661258354783058,0.0016852180706337094,0.8109288811683655
354,0.025737160816788673,0.0737830176949501,0.1413559913635254,0.09194733202457428,2.270805835723877,2.8667893174896637,607.897614059523,0.8719123005867004,0.08767589181661606,0.040405333042144775,0.029605625197291374,0.0015490634832531214,0.8193601369857788
355,0.025630194693803787,0.07221867889165878,0.1398158073425293,0.06636140495538712,2.266477584838867,2.8177187006035602,612.1179683003329,0.8653502464294434,0.09625230729579926,0.038394760340452194,0.031064901500940323,0.0016999583458527923,0.8129284977912903
356,0.025867139920592308,0.08387856185436249,0.15615224838256836,0.045000333338975906,2.3015530109405518,3.2426685790780367,648.0738341819467,0.8523909449577332,0.1012251079082489,0.04638252407312393,0.028347035869956017,0.0017130827764049172,0.8038250803947449
357,0.026072047650814056,0.0839078351855278,0.15615224838256836,0.04899636283516884,2.3300342559814453,3.2183062989948783,661.6709213092763,0.8480921983718872,0.10669758915901184,0.045208849012851715,0.029884198680520058,0.001720926258713007,0.7961641550064087
358,0.025806521996855736,0.07915739715099335,0.1475238800048828,0.06893360614776611,2.277324914932251,3.067340773683898,641.2729594080253,0.8596668839454651,0.09797903895378113,0.0423538014292717,0.029285818338394165,0.0013109612045809627,0.7996184229850769
359,0.0257215928286314,0.07913424074649811,0.15159845352172852,0.07699117064476013,2.3364417552948,3.0765684407901475,663.7057880364234,0.8546627759933472,0.09540164470672607,0.04993534833192825,0.03060583770275116,0.0018767666770145297,0.8039416670799255
360,0.026177050545811653,0.07566944509744644,0.1480269432067871,0.044957906007766724,2.313646078109741,2.8906788013465836,661.2439734715357,0.8495637774467468,0.1039973795413971,0.04643883556127548,0.029497623443603516,0.001174215110950172,0.796890139579773
361,0.026163004338741302,0.08413209021091461,0.15259265899658203,0.05261290818452835,2.326612949371338,3.2156891891470942,663.6980439539874,0.8434678912162781,0.11380308866500854,0.04272862896323204,0.028666941449046135,0.0008543886942788959,0.7949005961418152
362,0.025520795956254005,0.08410283178091049,0.15279054641723633,0.09563930332660675,2.423402786254883,3.295462724664949,665.7945543676282,0.8415035605430603,0.1173284724354744,0.041166990995407104,0.030843907967209816,0.0007995399064384401,0.7874761819839478
363,0.025392966344952583,0.07968965172767639,0.14844894409179688,0.09057283401489258,2.4094066619873047,3.1382568953145653,644.7331177232213,0.8548609018325806,0.10462510585784912,0.04051334038376808,0.030067874118685722,0.0013363672187551856,0.8022579550743103
364,0.026871606707572937,0.08214730769395828,0.1531362533569336,0.07030732184648514,2.356442451477051,3.057029993958291,626.1246915754359,0.8697831630706787,0.08607576042413712,0.04413995519280434,0.029901957139372826,0.0012699707876890898,0.8184331059455872
365,0.02686678059399128,0.08242510259151459,0.1531362533569336,0.0876607671380043,2.3330187797546387,3.0679188487094335,611.2737415385218,0.8759762048721313,0.0820031464099884,0.04202062636613846,0.02823297120630741,0.001719287596642971,0.8299001455307007
366,0.025754861533641815,0.08295633643865585,0.15040874481201172,0.08517325669527054,2.3198795318603516,3.2209971824959984,658.1432114544647,0.8486429452896118,0.10965079069137573,0.041704267263412476,0.029313847422599792,0.002005327260121703,0.7956563830375671
367,0.025332581251859665,0.08309776335954666,0.14965295791625977,0.06398861110210419,2.335230827331543,3.2802722521679937,676.6577696019215,0.8374962210655212,0.11975814402103424,0.04274378716945648,0.03346704691648483,0.0025009000673890114,0.7815392017364502
368,0.025382481515407562,0.06927435845136642,0.13603925704956055,0.07091724127531052,2.308669090270996,2.7292193005867684,628.5712289093645,0.8573077917098999,0.10250166803598404,0.040189485996961594,0.028616230934858322,0.0021699138451367617,0.7995590567588806
369,0.025937708094716072,0.0707765445113182,0.1374530792236328,0.07240154594182968,2.2480175495147705,2.728712353849329,616.2095352338024,0.8667757511138916,0.09208330512046814,0.041140276938676834,0.028732191771268845,0.0015716655179858208,0.8133593201637268
370,0.02574967034161091,0.0707443505525589,0.13609647750854492,0.07997766882181168,2.24869441986084,2.747388592213943,616.5143713868375,0.8724804520606995,0.08465468138456345,0.04286069795489311,0.029919641092419624,0.0011268947273492813,0.8224531412124634
371,0.02515398897230625,0.07017156481742859,0.13511419296264648,0.06673137843608856,2.308295965194702,2.789679398042815,653.2024007156361,0.8576804995536804,0.09361951053142548,0.04869898408651352,0.0304785817861557,0.0013831029646098614,0.803992509841919
372,0.025037048384547234,0.0700874775648117,0.13511419296264648,0.04026464745402336,2.3159377574920654,2.7993506457122987,661.6399140130308,0.8510963320732117,0.09956096112728119,0.04934028163552284,0.03257125988602638,0.0018793853232637048,0.7960975766181946
373,0.025525011122226715,0.07118065655231476,0.1388382911682129,0.06537514925003052,2.2582225799560547,2.7886630963127486,630.6862543320258,0.8624445796012878,0.09464148432016373,0.04291307553648949,0.02999108098447323,0.001002850360237062,0.806699275970459
374,0.025951160117983818,0.0711810439825058,0.14080286026000977,0.06423287093639374,2.258965015411377,2.742884852012276,644.8397063827093,0.854866087436676,0.10134058445692062,0.04378771781921387,0.029708193615078926,0.001375147607177496,0.8041673898696899
375,0.025931833311915398,0.06969556957483292,0.13433218002319336,0.04088625684380531,2.2729969024658203,2.6876452865413456,659.4306600705199,0.8478226065635681,0.10314258933067322,0.04903464764356613,0.029730333015322685,0.0009801018750295043,0.7975130081176758
376,0.025760240852832794,0.06857222318649292,0.13478994369506836,0.05239962041378021,2.247837543487549,2.6619402968932357,625.2641107985693,0.8653870820999146,0.0882384404540062,0.0463743731379509,0.03014993853867054,0.000982068246230483,0.8152332901954651
377,0.025115275755524635,0.07834730297327042,0.14455318450927734,0.07999902963638306,2.3216569423675537,3.119507973266699,601.1515301407662,0.872046947479248,0.0884609967470169,0.03949197009205818,0.0313248485326767,0.0009515562560409307,0.8132436275482178
378,0.025185009464621544,0.07831740379333496,0.14141559600830078,0.111553855240345,2.439683675765991,3.1096833177784218,666.7420724040468,0.8402033448219299,0.11440879106521606,0.04538771137595177,0.03106049634516239,0.0014656868297606707,0.7878254652023315
379,0.02631690911948681,0.07770869880914688,0.15449047088623047,0.08122122287750244,2.3680644035339355,2.9528049230011337,696.7597888755594,0.8362401723861694,0.10869206488132477,0.05506759509444237,0.03062347322702408,0.0017977377865463495,0.779096245765686
380,0.02626839652657509,0.07756463438272476,0.1468062400817871,0.06382036209106445,2.3005714416503906,2.9527738513198463,645.8791294360977,0.8586189150810242,0.0929296463727951,0.04844909533858299,0.028620008379220963,0.001335636479780078,0.8111520409584045
381,0.025378922000527382,0.06922812014818192,0.1368236541748047,0.0636395737528801,2.321863889694214,2.727780169071624,640.0039494873981,0.8581425547599792,0.09804823249578476,0.043805304914712906,0.03157992660999298,0.0014489148743450642,0.8016661405563354
382,0.025000641122460365,0.06897269934415817,0.1342487335205078,0.06526876240968704,2.3591527938842773,2.758837223555633,662.1550503176519,0.8526999354362488,0.09862421452999115,0.04867522791028023,0.03310643509030342,0.0023138783872127533,0.791488766670227
383,0.025402946397662163,0.06896987557411194,0.1372838020324707,0.085248202085495,2.2807981967926025,2.7150344881940236,633.6278287312824,0.8603513836860657,0.09663756936788559,0.043005529791116714,0.028404835611581802,0.0024798884987831116,0.8064130544662476
384,0.025879468768835068,0.06882953643798828,0.13717412948608398,0.06753511726856232,2.2682433128356934,2.659619370480105,645.087395084408,0.8552550673484802,0.1021822839975357,0.04255814105272293,0.030286958441138268,0.0018856626702472568,0.8024527430534363
385,0.02585097961127758,0.06878596544265747,0.13257980346679688,0.041046224534511566,2.261767625808716,2.660864944939591,640.5589974705099,0.8586313724517822,0.09737443923950195,0.043989356607198715,0.028897061944007874,0.0016352107049897313,0.8094359636306763
386,0.025720253586769104,0.07137193530797958,0.14034509658813477,0.052083007991313934,2.2769482135772705,2.77493124492052,634.4395017327346,0.8592603802680969,0.09493764489889145,0.04579835385084152,0.02952842228114605,0.0015882833395153284,0.8091904520988464
387,0.02560432069003582,0.0713508278131485,0.14034509658813477,0.06836987286806107,2.3197081089019775,2.786671385432566,663.6128564601445,0.8521676659584045,0.09446621686220169,0.05336223542690277,0.031015189364552498,0.001602032221853733,0.7967104315757751
388,0.02537786029279232,0.0721619725227356,0.1376819610595703,0.07852865010499954,2.281670093536377,2.843501055145581,624.7335129408674,0.8692303895950317,0.08526388555765152,0.0455034039914608,0.028851080685853958,0.0012498568976297975,0.809880256652832
389,0.02573387883603573,0.07216417789459229,0.1328134536743164,0.0739927738904953,2.2485575675964355,2.8042479857616693,604.1239405225272,0.8778192400932312,0.08104219287633896,0.041138406842947006,0.031138265505433083,0.0011253396514803171,0.8235448002815247
390,0.026134544983506203,0.07409779727458954,0.1420140266418457,0.07443847507238388,2.2897427082061768,2.835243441908716,628.5874738039331,0.8691685199737549,0.0837772861123085,0.04705379530787468,0.029407182708382607,0.0008981108549050987,0.815618097782135
391,0.025528302416205406,0.07417807728052139,0.1420140266418457,0.10219419747591019,2.308319091796875,2.90571915312815,623.3549738995438,0.8707717657089233,0.08342213928699493,0.04580608382821083,0.030389312654733658,0.0012258433271199465,0.8200333118438721
392,0.025185832753777504,0.07572995126247406,0.13561010360717773,0.09495668858289719,2.217026710510254,3.0068472223976332,627.3404423485725,0.8661298155784607,0.08888804167509079,0.04498206824064255,0.03189239650964737,0.0011376322945579886,0.8077958226203918
393,0.02576422318816185,0.07557696849107742,0.1483631134033203,0.059796303510665894,2.312352180480957,2.9334076147450134,641.8298052828476,0.8573269844055176,0.09728574752807617,0.04538702592253685,0.029418732970952988,0.0013265203451737761,0.805745542049408
394,0.02652837336063385,0.0750347450375557,0.14792442321777344,0.05827392637729645,2.299586057662964,2.828471388527472,636.3707539698148,0.8606815934181213,0.09376528114080429,0.04555201530456543,0.030352750793099403,0.0012097375001758337,0.804990291595459
395,0.026611417531967163,0.07447876036167145,0.13797521591186523,0.0634438768029213,2.167050838470459,2.7987520871221734,618.7119218579566,0.8713676333427429,0.08456463366746902,0.04406528174877167,0.027924370020627975,0.0013800597516819835,0.825729489326477
396,0.025714213028550148,0.0860857218503952,0.1589345932006836,0.05578069016337395,2.264627695083618,3.3477875349118245,630.6067796034769,0.8692052960395813,0.0816919356584549,0.04910267889499664,0.030961761251091957,0.0012708422727882862,0.8157894611358643
397,0.02499542199075222,0.08594222366809845,0.1589345932006836,0.07140741497278214,2.318511962890625,3.4383185727553207,645.1527877823319,0.8604261875152588,0.08938268572092056,0.0501834899187088,0.03324580937623978,0.002244942355901003,0.8026642799377441
398,0.02555125020444393,0.07421354204416275,0.13698101043701172,0.08444346487522125,2.1869568824768066,2.9044974882814487,600.7046690149699,0.873644232749939,0.08754357695579529,0.03881200775504112,0.027872595936059952,0.0019871662370860577,0.8210102915763855
399,0.026268301531672478,0.0741763785481453,0.13698101043701172,0.07680988311767578,2.1912732124328613,2.823798046321526,586.2241715282281,0.8787062168121338,0.0850912481546402,0.03620022162795067,0.030338823795318604,0.0011000746162608266,0.8256995677947998
400,0.026140354573726654,0.07901734858751297,0.14893531799316406,0.05883926525712013,2.3056302070617676,3.022810894229779,636.5877924436751,0.8568021655082703,0.09849072992801666,0.04470513015985489,0.027747107669711113,0.0013485850067809224,0.8075494170188904
401,0.025289073586463928,0.07915681600570679,0.15326976776123047,0.06016220524907112,2.3719799518585205,3.130079705448194,667.3920554450943,0.8439553380012512,0.10759983211755753,0.048441264778375626,0.02943011000752449,0.0017437217757105827,0.7929385900497437
402,0.024831095710396767,0.0740232765674591,0.1405620574951172,0.08774970471858978,2.2932989597320557,2.9810716944514266,628.9476043056746,0.86231929063797,0.09428826719522476,0.043392181396484375,0.034904416650533676,0.0021270117722451687,0.7996904850006104
403,0.025274384766817093,0.07254042476415634,0.13406753540039062,0.12005570530891418,2.3082761764526367,2.87011634231845,615.6723305560795,0.8671819567680359,0.09338118135929108,0.0394367054104805,0.030631301924586296,0.0019724832382053137,0.8107014894485474
404,0.025828322395682335,0.07246527075767517,0.13825178146362305,0.09229857474565506,2.2990057468414307,2.8056514722374453,635.8273920516341,0.851120114326477,0.11274629086256027,0.036131635308265686,0.03030446171760559,0.0013494876911863685,0.8015344738960266
405,0.026296118274331093,0.07147228717803955,0.1400923728942871,0.044708725064992905,2.2489023208618164,2.7179786168321702,638.7475234407372,0.8506465554237366,0.11002415418624878,0.03932727500796318,0.02881116233766079,0.001117028179578483,0.7988699674606323
406,0.026009289547801018,0.07154050469398499,0.14182329177856445,0.061574071645736694,2.2726824283599854,2.7505751189302625,621.3356539213942,0.8671920299530029,0.08973412215709686,0.043073832988739014,0.029610002413392067,0.0013707746984437108,0.8200581073760986
407,0.025356415659189224,0.07028289139270782,0.13404130935668945,0.08595777302980423,2.2754666805267334,2.7717991507394046,610.087450829919,0.8702884912490845,0.08840607851743698,0.04130548983812332,0.03155483305454254,0.0014429129660129547,0.8126652836799622
408,0.025322090834379196,0.07345381379127502,0.13698339462280273,0.08553437888622284,2.2785990238189697,2.9007799659516174,618.2497411098503,0.8674997687339783,0.09238484501838684,0.04011419788002968,0.030994879081845284,0.0013224038993939757,0.8159629106521606
409,0.025811556726694107,0.07625550031661987,0.13782739639282227,0.10623780637979507,2.299607992172241,2.954316204989013,647.4827166594672,0.8597139716148376,0.09348297864198685,0.046802520751953125,0.03132278472185135,0.0009028438362292945,0.8049904108047485
410,0.025463111698627472,0.07624928653240204,0.1389002799987793,0.09098830819129944,2.3146791458129883,2.9944999429711325,674.7827619790977,0.8500283360481262,0.09761137515306473,0.052360113710165024,0.02971949614584446,0.0008140092249959707,0.7990795969963074
411,0.02515542320907116,0.07028582692146301,0.13305902481079102,0.04962365701794624,2.333785057067871,2.7940625897847573,671.3756123206638,0.8466953635215759,0.10287285596132278,0.05042961984872818,0.03260772302746773,0.001053720130585134,0.7900055646896362
412,0.025428036227822304,0.07021040469408035,0.1299905776977539,0.07604946196079254,2.262916088104248,2.7611414449102405,641.6216057301291,0.8572367429733276,0.09682400524616241,0.0459384061396122,0.03233829140663147,0.0021953010000288486,0.800798773765564
413,0.025655658915638924,0.06773916631937027,0.1348257064819336,0.09551115334033966,2.193878173828125,2.6403206613975594,648.085441804652,0.8575800657272339,0.09777460992336273,0.04464505985379219,0.0282608550041914,0.0022745560854673386,0.8058234453201294
414,0.02571575716137886,0.07981926202774048,0.14755964279174805,0.0794772133231163,2.2492780685424805,3.103904797503412,646.507168923469,0.8562808632850647,0.09834519028663635,0.04537346959114075,0.0310771856456995,0.0018881813157349825,0.8032522201538086
415,0.02563188038766384,0.0797601118683815,0.14323711395263672,0.08097431063652039,2.251403331756592,3.111754216193083,607.6854624231047,0.8749766945838928,0.08268018066883087,0.04234292730689049,0.028805233538150787,0.002318953862413764,0.8215929269790649
416,0.02516130916774273,0.06939048320055008,0.13637542724609375,0.0729573667049408,2.248544454574585,2.757824830782341,609.50169174754,0.8755128383636475,0.0837395042181015,0.04074357822537422,0.03093302808701992,0.001897393143735826,0.8205538392066956
417,0.024985916912555695,0.06943167001008987,0.13637542724609375,0.07366754859685898,2.256129264831543,2.778832181756791,601.8746266047605,0.8790517449378967,0.07953720539808273,0.04141119122505188,0.032435283064842224,0.0025046984665095806,0.8230872750282288
418,0.025323154404759407,0.06839608401060104,0.13534307479858398,0.07487644255161285,2.270913600921631,2.700930654794147,606.9118305221716,0.8785222768783569,0.07709000259637833,0.044384852051734924,0.028738370165228844,0.0019071606220677495,0.8225321173667908
419,0.02585679665207863,0.07008107751607895,0.13572454452514648,0.05647091940045357,2.269794225692749,2.7103542042101636,638.3258187114194,0.8662440776824951,0.08418884873390198,0.0495661161839962,0.030439060181379318,0.0018957707798108459,0.8149400949478149
420,0.02592766471207142,0.07376151531934738,0.14361858367919922,0.06751659512519836,2.265205144882202,2.8448962193714484,629.9062641661649,0.8705257773399353,0.0817183330655098,0.04775550588965416,0.029869509860873222,0.0012746789725497365,0.8163386583328247
421,0.025406399741768837,0.07375847548246384,0.1344585418701172,0.07761542499065399,2.2611501216888428,2.90314551566705,611.6777256209712,0.8736541867256165,0.08682458102703094,0.039521146565675735,0.03094056248664856,0.0013291144277900457,0.8217002749443054
422,0.025907710194587708,0.07136635482311249,0.1385784149169922,0.07746101915836334,2.2401018142700195,2.754637684470732,605.0573917295635,0.8756495118141174,0.08575116842985153,0.03859926760196686,0.029414474964141846,0.001130793709307909,0.8261860013008118
423,0.026147399097681046,0.07147250324487686,0.1397538185119629,0.08764675259590149,2.264662742614746,2.7334459911342446,603.155907763139,0.8786160349845886,0.07898436486721039,0.042399004101753235,0.02914630062878132,0.0012041425798088312,0.8292906880378723
424,0.02599627524614334,0.06898996978998184,0.1372241973876953,0.06875760853290558,2.2442421913146973,2.6538405650079797,613.3012548059177,0.8769052028656006,0.07895054668188095,0.04414106160402298,0.031163066625595093,0.001091528800316155,0.8211078643798828
425,0.025415489450097084,0.06892618536949158,0.1360011100769043,0.05312342941761017,2.2494025230407715,2.7119755258742937,632.6355977745404,0.8674188256263733,0.08604372292757034,0.04653741419315338,0.030292445793747902,0.0015652998117730021,0.8176822066307068
426,0.024908248335123062,0.07531766593456268,0.1357889175415039,0.0900384858250618,2.298217296600342,3.0238042000461998,638.0373061950389,0.8566235899925232,0.09896998852491379,0.04440613090991974,0.03443378210067749,0.0014405595138669014,0.7961481213569641
427,0.025119924917817116,0.07556368410587311,0.1360177993774414,0.09617386758327484,2.2830073833465576,3.008117434669123,612.8529443608905,0.8682635426521301,0.09299903362989426,0.03873680159449577,0.03262988477945328,0.0016011301195248961,0.8145546913146973
428,0.025425132364034653,0.08013967424631119,0.14862298965454102,0.06939629465341568,2.2703359127044678,3.1519865106590945,599.3203555096018,0.8817238211631775,0.07705694437026978,0.041219212114810944,0.028814172372221947,0.0016868718666955829,0.8306333422660828
429,0.02564002200961113,0.08297548443078995,0.1595473289489746,0.07782556116580963,2.3165934085845947,3.2361705616496947,602.9360825139709,0.8816342949867249,0.07479335367679596,0.04357200488448143,0.03152691572904587,0.0015347220469266176,0.8281925916671753
430,0.025510312989354134,0.08299116790294647,0.1595473289489746,0.06794878840446472,2.326690435409546,3.253239892992563,636.6921782886961,0.865678071975708,0.08781712502241135,0.04650474339723587,0.028712179511785507,0.0012946825008839369,0.815157949924469
431,0.025231441482901573,0.07314451038837433,0.1406407356262207,0.03780611976981163,2.2945547103881836,2.898942988851539,637.7862257172893,0.862514317035675,0.09067133814096451,0.046813756227493286,0.03111925534904003,0.0020423869136720896,0.8069326877593994
432,0.02530001290142536,0.07317937910556793,0.14357566833496094,0.08680459856987,2.258307933807373,2.8924641022041797,599.1863548972713,0.8769127726554871,0.08230886608362198,0.04077722877264023,0.03236622363328934,0.0023294351994991302,0.8220142126083374
433,0.025586890056729317,0.07046045362949371,0.13535499572753906,0.10700619965791702,2.2755448818206787,2.7537716959943297,610.3421719789525,0.8715780377388,0.0882224589586258,0.04019858315587044,0.028828036040067673,0.0017998352413997054,0.8215764164924622
434,0.02564438432455063,0.07409068197011948,0.1389145851135254,0.06595282256603241,2.249394178390503,2.889158149774712,636.4362346154339,0.8602471351623535,0.0945076122879982,0.045243553817272186,0.0309786107391119,0.0015597391175106168,0.8088915348052979
435,0.02546459250152111,0.07425196468830109,0.1378178596496582,0.06376543641090393,2.2501325607299805,2.915890551987031,638.8255353972023,0.8592681884765625,0.09395872801542282,0.04677260294556618,0.03069380484521389,0.0016733638476580381,0.8012245297431946
436,0.025652319192886353,0.0711064338684082,0.13601064682006836,0.0962236300110817,2.267791748046875,2.7719300282742,631.1211767294943,0.860637366771698,0.09714925289154053,0.04221329838037491,0.03004700317978859,0.0016857152804732323,0.810117781162262
437,0.026178855448961258,0.07637616246938705,0.14114618301391602,0.08292954415082932,2.265204906463623,2.917475235514931,658.6516003734953,0.8481281995773315,0.10778503119945526,0.044085197150707245,0.028752952814102173,0.0010823518969118595,0.7950852513313293
438,0.025723284110426903,0.07635393738746643,0.13979196548461914,0.06184162199497223,2.3002851009368896,2.9682810739375296,644.3562973299183,0.858147919178009,0.09660667926073074,0.04524427279829979,0.03009721450507641,0.001633037580177188,0.8080645799636841
439,0.02565092034637928,0.07047361880540848,0.13438940048217773,0.048029299825429916,2.240833282470703,2.747410925261739,591.1562211734062,0.8790583610534668,0.08488819748163223,0.03605210781097412,0.0316024124622345,0.001252262620255351,0.8221990466117859
440,0.025451477617025375,0.07044913619756699,0.13994693756103516,0.056650593876838684,2.2729454040527344,2.767978239018749,604.7230000686925,0.8741553425788879,0.08767222613096237,0.03816760331392288,0.030349139124155045,0.0015421089483425021,0.8249163031578064
441,0.024927185848355293,0.06936004757881165,0.13694047927856445,0.098674476146698,2.2850165367126465,2.7825061359906997,644.8799177215125,0.8625375628471375,0.08589262515306473,0.05156928673386574,0.034339435398578644,0.0013194060884416103,0.8038813471794128
442,0.025286925956606865,0.06973482668399811,0.13453006744384766,0.08394569158554077,2.2482175827026367,2.7577423527441596,650.4724271001488,0.857296884059906,0.09345405548810959,0.0492451936006546,0.03176695853471756,0.0017240542219951749,0.804801881313324
443,0.02566034160554409,0.06977710872888565,0.13588190078735352,0.07325819134712219,2.3204493522644043,2.7192587611963273,635.8978701592265,0.8601559400558472,0.09435111284255981,0.04549297317862511,0.02875603549182415,0.0018522025784477592,0.8088055849075317
444,0.02579035796225071,0.07125663012266159,0.13968944549560547,0.07942655682563782,2.2726011276245117,2.7629174524912314,639.2722322616166,0.8640381097793579,0.08698496222496033,0.048972465097904205,0.03231130912899971,0.0018628161633387208,0.8102988600730896
445,0.025479568168520927,0.07128018885850906,0.1362323760986328,0.07937841862440109,2.234412908554077,2.797543050347909,626.528879644585,0.8668333292007446,0.08680405467748642,0.04636264219880104,0.029154367744922638,0.001689245691522956,0.8117513656616211
446,0.025132793933153152,0.07979840785264969,0.14922857284545898,0.07601861655712128,2.345365524291992,3.1750711067666457,640.3012267136031,0.8545312285423279,0.10102519392967224,0.04444306716322899,0.03107655607163906,0.0015068709617480636,0.7970988750457764
447,0.025355184450745583,0.07977060973644257,0.14922857284545898,0.0860336497426033,2.2945609092712402,3.146126185287946,634.9909607089647,0.8596025705337524,0.09881266206502914,0.04158446937799454,0.031849879771471024,0.001911190920509398,0.8053144812583923
448,0.02584012970328331,0.07618771493434906,0.14473438262939453,0.07671212404966354,2.273994207382202,2.948426180760232,609.3833472614093,0.8696678280830383,0.09354299306869507,0.036785975098609924,0.028646815568208694,0.0014050144236534834,0.8180705904960632
449,0.02574809640645981,0.07003264129161835,0.13857364654541016,0.05474831536412239,2.27535080909729,2.7199152971684657,604.6267902870526,0.8664896488189697,0.09765949100255966,0.03585008904337883,0.030541256070137024,0.001583364326506853,0.8163241744041443
450,0.025136467069387436,0.08027470856904984,0.14861345291137695,0.07337965816259384,2.3145387172698975,3.1935557349512815,620.2368150885594,0.860539972782135,0.10098222643136978,0.03847741708159447,0.030531276017427444,0.0013802109751850367,0.804710865020752
451,0.02501097321510315,0.08026745915412903,0.1483154296875,0.08695606887340546,2.3101906776428223,3.2092897169810795,637.1394349449538,0.8595185875892639,0.09707683324813843,0.04340464994311333,0.032156240195035934,0.001453177072107792,0.8043984174728394
452,0.025079544633626938,0.0667053833603859,0.1304149627685547,0.09932289272546768,2.240321636199951,2.659752572552167,637.0655267728699,0.8621548414230347,0.09255458414554596,0.04528951644897461,0.03263826668262482,0.001572273438796401,0.805871307849884
453,0.0255486611276865,0.07015606760978699,0.13294219970703125,0.10029475390911102,2.294057846069336,2.7459782434945086,653.9980187680137,0.8527666926383972,0.0979415625333786,0.0492885559797287,0.03039557859301567,0.0017720666946843266,0.8034528493881226
454,0.02634730562567711,0.0706779733300209,0.1407909393310547,0.0766746997833252,2.2587480545043945,2.682550327212898,652.3632129343464,0.8510268926620483,0.09958943724632263,0.04938283562660217,0.028607415035367012,0.0013539197389036417,0.8008106350898743
455,0.025994352996349335,0.07719636708498001,0.14788389205932617,0.05358121171593666,2.2457189559936523,2.969736045857798,626.1289811134662,0.8625421524047852,0.09301161766052246,0.044441107660532,0.029081696644425392,0.001655282685533166,0.8149576187133789
456,0.025694724172353745,0.07706697285175323,0.14103412628173828,0.05667075887322426,2.3240065574645996,2.9993306147911163,628.3699102266364,0.8577542304992676,0.10145147889852524,0.04079399257898331,0.032268770039081573,0.0010724551975727081,0.7961392402648926
457,0.025639913976192474,0.0735800564289093,0.1427292823791504,0.05661541223526001,2.3847289085388184,2.8697466182749727,647.9095900164825,0.8490481972694397,0.10997399687767029,0.040977101773023605,0.0301225408911705,0.001409859862178564,0.7974335551261902
458,0.02579336427152157,0.07355677336454391,0.1389479637145996,0.047293826937675476,2.3168411254882812,2.8517711992656234,641.3057224224597,0.8581013083457947,0.09712832421064377,0.04476676508784294,0.03023059293627739,0.0013169925659894943,0.8086814284324646
459,0.02553735300898552,0.06635656952857971,0.13156652450561523,0.07577165961265564,2.2670679092407227,2.598412196543362,618.2493513429027,0.870514988899231,0.085422582924366,0.04406110569834709,0.03296726197004318,0.0016062810318544507,0.8127466440200806
460,0.025134462863206863,0.07682261615991592,0.14719009399414062,0.07726462185382843,2.2407779693603516,3.056465402700784,615.0889112378908,0.8715562224388123,0.08420059084892273,0.044242966920137405,0.028928181156516075,0.0021954120602458715,0.8193222284317017
461,0.02526625245809555,0.07676032930612564,0.14719009399414062,0.07124297320842743,2.226634979248047,3.038057560391899,641.4487150932739,0.857507050037384,0.09712375700473785,0.04536619037389755,0.03127797693014145,0.0018688531126827002,0.8025956749916077
462,0.02519826777279377,0.06915805488824844,0.13443470001220703,0.07337721437215805,2.2291271686553955,2.744555915870253,626.0600559779903,0.8620499968528748,0.09730806946754456,0.040641479194164276,0.031354233622550964,0.0018649266567081213,0.8065621256828308
463,0.025763023644685745,0.07333981990814209,0.13453960418701172,0.0652075782418251,2.234255790710449,2.8467085586215157,604.7148401214874,0.8729719519615173,0.08828739821910858,0.038736820220947266,0.02917606383562088,0.0016476729651913047,0.8242913484573364
464,0.025864413008093834,0.0736151933670044,0.14694929122924805,0.05187107250094414,2.242086887359619,2.8461961746868782,590.7890418853829,0.8823451399803162,0.07820817083120346,0.03944260627031326,0.031035980209708214,0.0018020763527601957,0.830011785030365
465,0.02557406760752201,0.07349549233913422,0.1432514190673828,0.05381304770708084,2.296715259552002,2.8738288122239664,622.9099188279466,0.8735352754592896,0.07973097264766693,0.04673316329717636,0.029511993750929832,0.0017342196078971028,0.8163157105445862
466,0.025465814396739006,0.07525645941495895,0.1399827003479004,0.07497202605009079,2.326474905014038,2.955195472627046,648.530660849832,0.858167827129364,0.09561727941036224,0.04621432349085808,0.030711764469742775,0.0013990479055792093,0.8060950636863708
467,0.02531476505100727,0.0784478485584259,0.15385150909423828,0.08711782842874527,2.3421335220336914,3.0988969637782824,631.114467792692,0.8609481453895569,0.09565670788288116,0.043394625186920166,0.03138559311628342,0.0013939590426161885,0.8002077341079712
468,0.02586282789707184,0.07850705832242966,0.15252113342285156,0.08135797083377838,2.3098809719085693,3.035517176692137,634.3113007808222,0.8620491027832031,0.09426052868366241,0.0436890684068203,0.030076928436756134,0.0015951893292367458,0.8140953779220581
469,0.025945590808987617,0.06851543486118317,0.1365041732788086,0.07771330326795578,2.261821746826172,2.6407351970882282,623.7917495485382,0.866296112537384,0.0914127379655838,0.04228842630982399,0.030206436291337013,0.0011440993985161185,0.8132948875427246
470,0.025402557104825974,0.07980398833751678,0.14816045761108398,0.07849526405334473,2.315422296524048,3.1415730316068875,612.9636024806352,0.8710070848464966,0.08947277069091797,0.039520055055618286,0.03048349730670452,0.0013107571285218,0.816720187664032
471,0.025346340611577034,0.07953578233718872,0.14133691787719727,0.07435724139213562,2.3421661853790283,3.137959185229386,635.2801769510204,0.8637155890464783,0.09055899828672409,0.04572523012757301,0.03356657922267914,0.001533807022497058,0.8063845038414001
472,0.025383925065398216,0.06994760781526566,0.1308727264404297,0.06921971589326859,2.2802460193634033,2.755586759427457,638.7658838290942,0.868252694606781,0.08024749159812927,0.05149942636489868,0.031204380095005035,0.0015360669931396842,0.8157986998558044
473,0.026025759056210518,0.06852153688669205,0.1350688934326172,0.06203620508313179,2.2507917881011963,2.6328352896861213,632.8538803858099,0.868757426738739,0.08132491260766983,0.049916692078113556,0.029802216216921806,0.001287752529606223,0.81670081615448
474,0.025660699233412743,0.06833306699991226,0.1350688934326172,0.06504625082015991,2.3046014308929443,2.6629464137233243,635.9689092417314,0.8627687096595764,0.09143125265836716,0.045799944549798965,0.03229542449116707,0.0023863117676228285,0.8075523376464844
475,0.024735569953918457,0.07250508666038513,0.13983726501464844,0.08404045552015305,2.3393819332122803,2.9312074390251968,631.9435415462399,0.8613893985748291,0.09499005228281021,0.04361856356263161,0.029978375881910324,0.0027744604740291834,0.8042282462120056
476,0.02482876367866993,0.0724140927195549,0.13983726501464844,0.09119314700365067,2.294403076171875,2.9165404147306933,634.5223976310233,0.8621922135353088,0.0927298367023468,0.045077890157699585,0.032998327165842056,0.001821475918404758,0.8033781051635742
477,0.025600645691156387,0.07069557905197144,0.14069318771362305,0.09312916547060013,2.2715635299682617,2.7614764057936005,652.616071789274,0.852898895740509,0.10121682286262512,0.045883700251579285,0.029693620279431343,0.001936411252245307,0.7974427342414856
478,0.02612307295203209,0.07856845110654831,0.1486659049987793,0.11066409200429916,2.287565231323242,3.007626677298274,664.920898744254,0.8430128693580627,0.11223318427801132,0.044753432273864746,0.027894053608179092,0.001233131275512278,0.7939862012863159
479,0.025914261117577553,0.07854044437408447,0.1547408103942871,0.07594159990549088,2.373931646347046,3.0307807741344392,675.672096020232,0.8373624086380005,0.1174146756529808,0.04522095248103142,0.030663805082440376,0.0015539086889475584,0.7874953150749207
480,0.025458773598074913,0.0761759877204895,0.1468968391418457,0.043686386197805405,2.3712453842163086,2.9921310790578493,672.8014437855587,0.843017041683197,0.10841470211744308,0.04855995625257492,0.028951594606041908,0.002044741529971361,0.7854348421096802
481,0.02565101534128189,0.07685282081365585,0.14179468154907227,0.07287773489952087,2.2952356338500977,2.996092738948052,653.2138777644972,0.8500500321388245,0.10469433665275574,0.045254483819007874,0.03082420490682125,0.0017620351864024997,0.7950364947319031
482,0.0257649514824152,0.0770588293671608,0.14943599700927734,0.0675685927271843,2.3321828842163086,2.9908392964280672,664.0613224050494,0.8505011200904846,0.09961485862731934,0.04988010972738266,0.030860137194395065,0.0008832176681607962,0.797531008720398
483,0.025452837347984314,0.07245755195617676,0.14046907424926758,0.05821986496448517,2.3258790969848633,2.8467377118986756,645.943362957473,0.8606052994728088,0.08907465636730194,0.050318215042352676,0.030534949153661728,0.0011680981842800975,0.8120984435081482
484,0.025435442104935646,0.06651801615953445,0.13136863708496094,0.08025112748146057,2.3358888626098633,2.6151704335428763,633.2282448277195,0.8566479682922363,0.10171401500701904,0.04163794592022896,0.031123144552111626,0.0012454851530492306,0.8050435185432434
485,0.024925651028752327,0.06642162799835205,0.12595415115356445,0.07121080160140991,2.3274037837982178,2.6647900959163855,624.5610171206789,0.8610169291496277,0.09913482517004013,0.039847634732723236,0.0313916839659214,0.001389578334055841,0.8093062043190002
486,0.02519393339753151,0.06710803508758545,0.13119220733642578,0.08361022919416428,2.232393980026245,2.6636585096115644,597.5609409496465,0.8758832216262817,0.08119921386241913,0.042917657643556595,0.033800676465034485,0.0012583313509821892,0.8120456337928772
487,0.025481848046183586,0.07361646741628647,0.13790130615234375,0.07246515899896622,2.243645668029785,2.888976783786411,628.994208598856,0.8633347749710083,0.08641000092029572,0.050255220383405685,0.031845275312662125,0.0012554259737953544,0.8107035160064697
488,0.02563072182238102,0.07368728518486023,0.1425933837890625,0.05843158811330795,2.298417091369629,2.8749594214565097,638.8349826271638,0.8554938435554504,0.09768113493919373,0.04682127758860588,0.03089478239417076,0.0011140520218759775,0.8030614256858826
489,0.02562548778951168,0.07399637252092361,0.1397538185119629,0.0959068089723587,2.3034231662750244,2.8876083501646423,635.4802060805162,0.855783224105835,0.101719431579113,0.04249726980924606,0.03068445436656475,0.0015621999045833945,0.8049101233482361
490,0.025623494759202003,0.07406025379896164,0.14177560806274414,0.05887703225016594,2.311488389968872,2.890326026642971,694.4156247095583,0.8346853852272034,0.1098906472325325,0.05542328208684921,0.02813263237476349,0.001601589028723538,0.7847281694412231
491,0.02562590502202511,0.07360747456550598,0.14133691787719727,0.06472773104906082,2.341428518295288,2.8723853654873457,683.4403864410242,0.8404774069786072,0.10654190927743912,0.052978917956352234,0.03220898285508156,0.0019106246763840318,0.7849041223526001
492,0.025592679157853127,0.07352358847856522,0.14492511749267578,0.12958644330501556,2.388378620147705,2.872836721087547,637.8716376957049,0.8568987846374512,0.09814642369747162,0.04495471343398094,0.030048297718167305,0.001555836875922978,0.803841769695282
493,0.025640146806836128,0.07146666944026947,0.1426553726196289,0.09756053984165192,2.3301243782043457,2.787295641319334,670.1833934496522,0.8486103415489197,0.09943527728319168,0.05195387080311775,0.029047304764389992,0.001472174422815442,0.7997113466262817
494,0.025735316798090935,0.07024753093719482,0.1322793960571289,0.09949550777673721,2.2567126750946045,2.729615939279062,663.4433512174141,0.8520629405975342,0.09672469645738602,0.05121229961514473,0.030837319791316986,0.001099390210583806,0.800654411315918
495,0.02554718218743801,0.0756685808300972,0.1443791389465332,0.12964089214801788,2.3262109756469727,2.9619149490523,649.7326901600212,0.8508664965629578,0.10347547382116318,0.04565739259123802,0.029626624658703804,0.0014198198914527893,0.7952600717544556
496,0.02504422329366207,0.07571031898260117,0.1443791389465332,0.09152138233184814,2.3380095958709717,3.0230651632441754,663.2018988457677,0.8497797846794128,0.10330446809530258,0.04691552743315697,0.032325346022844315,0.0015220423229038715,0.7905431985855103
497,0.02544124610722065,0.06915241479873657,0.13594865798950195,0.08780978620052338,2.293447256088257,2.71812215897679,649.2384431056968,0.8566896915435791,0.0968112200498581,0.04649880528450012,0.03141576424241066,0.0011902442201972008,0.7995566725730896
498,0.02587367594242096,0.06970050930976868,0.1388692855834961,0.07688090950250626,2.2806427478790283,2.6938773393539317,626.4389175778122,0.8639494776725769,0.09209372848272324,0.04395676404237747,0.03067968040704727,0.0011561636347323656,0.8168115615844727
499,0.025587355718016624,0.07419586926698685,0.13907670974731445,0.05789802968502045,2.3426289558410645,2.8997083591503823,619.5087065449104,0.8673108816146851,0.09056104719638824,0.04212607443332672,0.029578855261206627,0.0009739369270391762,0.8172466158866882
500,0.024874063208699226,0.07411869615316391,0.14759540557861328,0.07076335698366165,2.3638553619384766,2.979758293943008,633.3399655955529,0.8643637299537659,0.09428347647190094,0.041352756321430206,0.0319829024374485,0.0013123663375154138,0.8094804883003235
501,0.025040047243237495,0.07361089438199997,0.14452219009399414,0.07564571499824524,2.306295394897461,2.939726657222668,658.3275180573237,0.8507367968559265,0.10366299748420715,0.04559873789548874,0.03435720503330231,0.0012050408404320478,0.7907888889312744
502,0.025898968800902367,0.07307060062885284,0.13750076293945312,0.07975759357213974,2.2963531017303467,2.821371043293645,667.2355363845043,0.8443830013275146,0.10954305529594421,0.04607390612363815,0.02908528409898281,0.000867566152010113,0.7955341935157776
503,0.026227399706840515,0.07602626085281372,0.14899492263793945,0.078668013215065,2.31343150138855,2.8987342130636824,655.0253355205525,0.8508439064025879,0.10388929396867752,0.045264832675457,0.030242228880524635,0.0012372990604490042,0.7965341806411743
504,0.025745343416929245,0.07584142684936523,0.14823675155639648,0.07192594558000565,2.291024923324585,2.9458308486399414,651.8025798251568,0.8525441288948059,0.10018175840377808,0.04727410152554512,0.030916107818484306,0.001739218016155064,0.8011106252670288
505,0.02548130974173546,0.07432205229997635,0.13709306716918945,0.06917311996221542,2.2746458053588867,2.9167281058292165,654.0994932455823,0.851584792137146,0.09987717121839523,0.04853537306189537,0.029889816418290138,0.0020338138565421104,0.7951159477233887
506,0.025911355391144753,0.08771102875471115,0.1603245735168457,0.08407938480377197,2.433709144592285,3.385042095532428,687.6728899486241,0.8421154022216797,0.1026596873998642,0.05522075667977333,0.031196536496281624,0.0017185815377160907,0.7850168347358704
507,0.026130713522434235,0.08770197629928589,0.1603245735168457,0.08469988405704498,2.3860177993774414,3.356279430358228,682.5000082507916,0.8420766592025757,0.10633231699466705,0.05159064382314682,0.027222460135817528,0.0015600832412019372,0.7937849164009094
508,0.025605840608477592,0.07022698223590851,0.13379812240600586,0.0890999510884285,2.2689595222473145,2.7426157690724327,646.8439418302623,0.853359043598175,0.09990649670362473,0.0467342846095562,0.030187159776687622,0.001264318823814392,0.8007815480232239
509,0.025337817147374153,0.0895945280790329,0.15986919403076172,0.10385700315237045,2.3296189308166504,3.536000262152886,648.3939464618471,0.8530187010765076,0.10020937025547028,0.04676806926727295,0.03185776621103287,0.001652442617341876,0.7996822595596313
510,0.024910565465688705,0.08956052362918854,0.15717744827270508,0.104677714407444,2.3334624767303467,3.595282642176552,638.2732580912945,0.8589455485343933,0.09561501443386078,0.045438673347234726,0.030258208513259888,0.0012680101208388805,0.8070679903030396
511,0.02498096413910389,0.07432451844215393,0.14193058013916016,0.10056523233652115,2.2874512672424316,2.9752461924732114,644.3205967248034,0.8580179214477539,0.09701921045780182,0.0449628010392189,0.03354744240641594,0.0012182287173345685,0.8009375929832458
512,0.026191452518105507,0.0744946151971817,0.14319181442260742,0.07845927774906158,2.275847911834717,2.8442338256284634,651.374636392419,0.8521825075149536,0.1036306768655777,0.044186629354953766,0.029589978978037834,0.0012596147134900093,0.8007153272628784
513,0.026338331401348114,0.08271092921495438,0.15144109725952148,0.07438494265079498,2.3382129669189453,3.1403253285658232,633.4100775129086,0.8612765669822693,0.09344222396612167,0.04527930170297623,0.02919860929250717,0.0013533233432099223,0.8141158223152161
514,0.02563847228884697,0.08278191834688187,0.14846563339233398,0.07969625294208527,2.3730220794677734,3.2288163433070127,635.5120079827329,0.859464168548584,0.09612349420785904,0.04441226273775101,0.030901489779353142,0.0009979094611480832,0.8073281645774841
515,0.025235237553715706,0.07210137695074081,0.13719797134399414,0.08970513194799423,2.36492919921875,2.8571705257146367,671.1841666858024,0.8447007536888123,0.10680355131626129,0.048494257032871246,0.030845001339912415,0.0014707082882523537,0.7937937378883362
516,0.025120478123426437,0.07112869620323181,0.1363539695739746,0.10208234190940857,2.3814024925231934,2.831502483787054,662.8094555416802,0.8491149544715881,0.10200819373130798,0.04887597635388374,0.03351429104804993,0.0013996502384543419,0.782741904258728
517,0.025196492671966553,0.07137443870306015,0.134429931640625,0.07404889911413193,2.327273368835449,2.832713252175695,640.8579143422862,0.8610243797302246,0.09108258783817291,0.04789304360747337,0.030997173860669136,0.0013003384228795767,0.8097639083862305
518,0.02587256208062172,0.07130219042301178,0.1425766944885254,0.07577486336231232,2.2737772464752197,2.755899867901389,665.144668932818,0.8474042415618896,0.1017581894993782,0.05083192139863968,0.030868729576468468,0.0010178623488172889,0.797405481338501
519,0.025826793164014816,0.07307466119527817,0.14421463012695312,0.0837501809000969,2.2517783641815186,2.829412878648275,666.2314019883192,0.8402825593948364,0.11333861202001572,0.04637414962053299,0.030628811568021774,0.001549790846183896,0.7898317575454712
520,0.025496965274214745,0.07306423038244247,0.14278173446655273,0.05836791545152664,2.2723560333251953,2.8656049688182783,650.9343993924548,0.8493685722351074,0.10596402734518051,0.04466693475842476,0.030093252658843994,0.0020544403232634068,0.7977956533432007
521,0.025314614176750183,0.06962699443101883,0.1362466812133789,0.07818576693534851,2.2969701290130615,2.7504663488893386,651.9404601158442,0.8519095182418823,0.09993554651737213,0.04815489053726196,0.03380666300654411,0.002270469907671213,0.7928606271743774
522,0.02563004195690155,0.07510485500097275,0.13860702514648438,0.09525345265865326,2.291980504989624,2.9303445981218337,637.6313153825407,0.8588707447052002,0.09820689260959625,0.042922284454107285,0.028081024065613747,0.0020289618987590075,0.8066318035125732
523,0.026037245988845825,0.07498814165592194,0.1383686065673828,0.07610397785902023,2.2924251556396484,2.8800335367713736,641.7083993012444,0.8594050407409668,0.098822683095932,0.04177205264568329,0.02912093698978424,0.0014000950613990426,0.8086096048355103
524,0.025473330169916153,0.07438037544488907,0.14015913009643555,0.058956556022167206,2.356269121170044,2.9199313535303646,652.3202438592895,0.8586143255233765,0.09461487829685211,0.046770695596933365,0.031828299164772034,0.0015622585779055953,0.8036355972290039
525,0.025039609521627426,0.07440030574798584,0.1431441307067871,0.07518363744020462,2.3641879558563232,2.9713045517244536,647.4019103271964,0.8590182065963745,0.09127435833215714,0.04970613121986389,0.03018943779170513,0.0017739069880917668,0.8034523129463196
526,0.025142626836895943,0.07201755046844482,0.14076948165893555,0.076610267162323,2.294285774230957,2.8643606307634166,644.1366525106627,0.8554242253303528,0.09812704473733902,0.046448662877082825,0.03288092091679573,0.0013795254053547978,0.7995128035545349
527,0.025564702227711678,0.07189001888036728,0.14126300811767578,0.0698438212275505,2.311624765396118,2.8120812140588014,663.2914954848967,0.8524787425994873,0.09843217581510544,0.049088671803474426,0.030394895002245903,0.0010713754454627633,0.7942410111427307
528,0.02563924342393875,0.07168690115213394,0.14045000076293945,0.08347379416227341,2.3397371768951416,2.7959834837562174,658.6868919947441,0.8581095337867737,0.0912356823682785,0.0506548248231411,0.030067767947912216,0.0015063418541103601,0.8098154664039612
529,0.025404389947652817,0.07183139026165009,0.14045000076293945,0.0700342208147049,2.2856147289276123,2.8275188031216345,634.0646512198927,0.864367663860321,0.08927574753761292,0.046353451907634735,0.031681694090366364,0.0014852593885734677,0.8097245097160339
530,0.025139430537819862,0.06535173952579498,0.1256871223449707,0.08887340873479843,2.29314923286438,2.599571196526508,643.0341027692001,0.8579086065292358,0.09710586816072464,0.044977329671382904,0.03225594758987427,0.0011523214634507895,0.8040409088134766
531,0.02535109408199787,0.07261106371879578,0.13825654983520508,0.06771062314510345,2.3715944290161133,2.8642181469987755,682.226474747702,0.8412531018257141,0.10769856721162796,0.05104486644268036,0.031769104301929474,0.0011286830995231867,0.7825071215629578
532,0.025916464626789093,0.07255169749259949,0.14420032501220703,0.04595712944865227,2.2950339317321777,2.799444234951918,669.8805551630252,0.8475784659385681,0.10001517832279205,0.052406199276447296,0.029055673629045486,0.0013426773948594928,0.8002088665962219
533,0.02607720158994198,0.07156217843294144,0.13775110244750977,0.06233812868595123,2.240020751953125,2.7442430194579948,635.9237459813306,0.8616786003112793,0.0887475311756134,0.049573130905628204,0.03096405789256096,0.0011967403115704656,0.8083032965660095
534,0.025155337527394295,0.06655197590589523,0.13257980346679688,0.08267039805650711,2.3043875694274902,2.6456403469352834,640.1321913468854,0.8597789406776428,0.09357867389917374,0.04664134979248047,0.03197288140654564,0.0012111930409446359,0.8086971640586853
535,0.024760104715824127,0.0657653734087944,0.12977123260498047,0.09828376770019531,2.326092004776001,2.65610239378785,657.1999254305568,0.8556098937988281,0.09613991528749466,0.048249322921037674,0.03200054541230202,0.0011398278875276446,0.7972952127456665
536,0.025454841554164886,0.06565311551094055,0.13079166412353516,0.0979834794998169,2.2951507568359375,2.5791995353284483,656.8462729309289,0.8543862700462341,0.09271899610757828,0.05289479345083237,0.03228536620736122,0.0020314252469688654,0.7988075017929077
537,0.026215439662337303,0.07089914381504059,0.13536691665649414,0.09452182054519653,2.20261287689209,2.7044804407455403,609.9213922596991,0.8716437220573425,0.08348789066076279,0.044861096888780594,0.027284013107419014,0.001872234744951129,0.8202353715896606
538,0.02626415342092514,0.07494578510522842,0.1399993896484375,0.0634295642375946,2.2439322471618652,2.853538962450021,617.7159880301834,0.8685528039932251,0.08813189715147018,0.043313492089509964,0.029335489496588707,0.0013225943548604846,0.8186306357383728
539,0.025572141632437706,0.07868452370166779,0.14621734619140625,0.04704522714018822,2.3415396213531494,3.0769626114842574,667.5993617667856,0.8500195145606995,0.09826839715242386,0.051711488515138626,0.030336007475852966,0.0013716627145186067,0.7978469133377075
540,0.024911608546972275,0.07861355692148209,0.14621734619140625,0.06835250556468964,2.328531503677368,3.155699752189667,642.5247567622869,0.8604175448417664,0.09246023744344711,0.04711894318461418,0.030930891633033752,0.0017556831007823348,0.8065802454948425
541,0.02482287771999836,0.0717884823679924,0.13245344161987305,0.09459125250577927,2.324875593185425,2.8920290054550986,604.8304722027624,0.8713725209236145,0.09172000735998154,0.03690619766712189,0.034291498363018036,0.001604176010005176,0.813843846321106
542,0.025556132197380066,0.07908284664154053,0.15221118927001953,0.07189389318227768,2.3579976558685303,3.0944763482853395,653.7966358875873,0.8480026125907898,0.10871215909719467,0.043285101652145386,0.02937937155365944,0.0010138716315850616,0.7937272191047668
543,0.025957513600587845,0.07919120788574219,0.15221118927001953,0.07550651580095291,2.2927327156066895,3.0508009781375205,676.7538734107019,0.8381121754646301,0.11356697976589203,0.04831878840923309,0.029743142426013947,0.0011563589796423912,0.7879592776298523
544,0.025563810020685196,0.07053957879543304,0.13395071029663086,0.0978945791721344,2.2464890480041504,2.759353114250025,652.0216113556729,0.850633978843689,0.10042331367731094,0.048942696303129196,0.03144916146993637,0.0011122797150164843,0.7963719367980957
545,0.025472044944763184,0.07086154073476791,0.13946533203125,0.08213411271572113,2.327608108520508,2.7819337193245044,668.0436465555974,0.8449442386627197,0.10715549439191818,0.04790020361542702,0.031121086329221725,0.0010996607597917318,0.7951055765151978
546,0.025755833834409714,0.07097416371107101,0.14128923416137695,0.08304911106824875,2.267017364501953,2.7556538904787504,657.5548237599581,0.8474714756011963,0.10880708694458008,0.04372135177254677,0.030681034550070763,0.0009754916536621749,0.7914194464683533
547,0.026144839823246002,0.07867491990327835,0.14152050018310547,0.099749356508255,2.2590339183807373,3.0091949475367374,615.0625819108865,0.8611282706260681,0.10293418169021606,0.03593568131327629,0.028936263173818588,0.001126489951275289,0.8128970861434937
548,0.026102028787136078,0.07855203747749329,0.14440298080444336,0.09377152472734451,2.287771224975586,3.009422681856701,596.6462326740219,0.8710274696350098,0.0940585732460022,0.03491397202014923,0.03185875341296196,0.001195021322928369,0.817612886428833
549,0.02540748380124569,0.06800574064254761,0.13370037078857422,0.07432503998279572,2.249089479446411,2.676602735314419,638.7643317079808,0.8517082333564758,0.10886968672275543,0.03942204639315605,0.030428355559706688,0.00154804065823555,0.8020861744880676
550,0.024815315380692482,0.06795322895050049,0.130462646484375,0.061348531395196915,2.2953875064849854,2.738358465539916,660.7409776897636,0.8416838645935059,0.11709558218717575,0.041220325976610184,0.03251376748085022,0.0018399960827082396,0.7846140265464783
551,0.024857543408870697,0.08088172972202301,0.14763355255126953,0.0670972466468811,2.3289003372192383,3.2538102574490786,655.9866424565073,0.8535599112510681,0.09849138557910919,0.04794834554195404,0.034047696739435196,0.001800650847144425,0.7960317730903625
552,0.025541914626955986,0.08087687939405441,0.14763355255126953,0.0830448716878891,2.3401529788970947,3.1664376211458136,661.3297518786355,0.854315996170044,0.09611507505178452,0.049567852169275284,0.028069788590073586,0.0017332049319520593,0.8026747107505798
553,0.025805765762925148,0.07688377052545547,0.1478719711303711,0.08328580856323242,2.353299379348755,2.979325288340569,671.5892914254506,0.846708357334137,0.10370540618896484,0.04958595335483551,0.03083346225321293,0.0012015094980597496,0.7930676341056824
554,0.025748567655682564,0.07700856775045395,0.1476120948791504,0.08189843595027924,2.3106086254119873,2.9907903529720343,662.4959982727619,0.8486691117286682,0.0995764434337616,0.05175384506583214,0.030115142464637756,0.0010488579282537103,0.7973913550376892
555,0.025243857875466347,0.07540556788444519,0.14323711395263672,0.07781580835580826,2.3356754779815674,2.9870857399629966,644.2728981648755,0.8529894948005676,0.10241643339395523,0.04459404572844505,0.029855692759156227,0.001044543576426804,0.8005157113075256
556,0.025268878787755966,0.07546106725931168,0.14323711395263672,0.07558633387088776,2.310046434402466,2.986324319735548,633.3838707080137,0.8597719669342041,0.0974097028374672,0.042815834283828735,0.0322384387254715,0.0016989503055810928,0.8066912889480591
557,0.025518538430333138,0.0647665336728096,0.12947320938110352,0.060414716601371765,2.2423977851867676,2.5380189326707483,649.2823824572049,0.8569504618644714,0.0948733538389206,0.04817614704370499,0.030021244660019875,0.0011504037538543344,0.8016821146011353
558,0.025357842445373535,0.07139457017183304,0.13296842575073242,0.06758724898099899,2.2434165477752686,2.8154828362396143,656.1345485467564,0.8537555932998657,0.09909392893314362,0.04714834690093994,0.031045209616422653,0.0014581838622689247,0.7998088002204895
559,0.02532404474914074,0.07147451490163803,0.1341700553894043,0.0651816576719284,2.263622999191284,2.8223972752709976,647.4143451195097,0.8542841076850891,0.09888894855976105,0.046823374927043915,0.03080596961081028,0.0010458638425916433,0.8025911450386047
560,0.024944143369793892,0.0652245283126831,0.12990713119506836,0.05550112947821617,2.319636821746826,2.614823341219724,665.9594905196211,0.8465603590011597,0.10182442516088486,0.05161507427692413,0.031889937818050385,0.0011459242086857557,0.7939746975898743
561,0.025227811187505722,0.07519512623548508,0.14071226119995117,0.08436867594718933,2.325324058532715,2.9806440865446713,652.1854686401393,0.855769157409668,0.09697261452674866,0.047256723046302795,0.031552206724882126,0.0012459279969334602,0.8006600737571716
562,0.025858065113425255,0.07527366280555725,0.14683246612548828,0.08024665713310242,2.2674407958984375,2.9110323016227873,636.0100933558447,0.8643395900726318,0.09157555550336838,0.04408461973071098,0.02946349047124386,0.0014450078597292304,0.8156068325042725
563,0.02591339685022831,0.07138047367334366,0.13988733291625977,0.07541345059871674,2.2364580631256104,2.7545780309369277,618.1757311461583,0.8697386384010315,0.08760568499565125,0.042654410004615784,0.03123451955616474,0.001030975254252553,0.8109099864959717
564,0.02542484924197197,0.06990061700344086,0.13960838317871094,0.10370305180549622,2.3286290168762207,2.7493031063994624,642.4527186649618,0.855027973651886,0.10205303132534027,0.04291659593582153,0.03082660585641861,0.0013992312597110868,0.8018518090248108
565,0.02526312880218029,0.06982558220624924,0.13960838317871094,0.10115251690149307,2.338966131210327,2.7639324784449952,676.8341530691633,0.8365705609321594,0.1170196384191513,0.04640977084636688,0.03121223859488964,0.0012026599142700434,0.7800581455230713
566,0.025387097150087357,0.07193763554096222,0.14072179794311523,0.05791374668478966,2.3288345336914062,2.8336298204098163,649.7469211024426,0.8507630825042725,0.10520070046186447,0.04403597488999367,0.03255144879221916,0.0010839359601959586,0.795016884803772
567,0.025594675913453102,0.08145379275083542,0.1533341407775879,0.04824523627758026,2.364988088607788,3.1824506402458153,637.8925251955187,0.8544935584068298,0.10335393995046616,0.04215196892619133,0.02887054905295372,0.0016608892474323511,0.8060311079025269
568,0.025593716651201248,0.08148930221796036,0.1513814926147461,0.052123185247182846,2.318129777908325,3.183957348803097,628.850939181198,0.8578497767448425,0.10273556411266327,0.03941469267010689,0.03097878023982048,0.0019008817616850138,0.8023711442947388
569,0.02507787197828293,0.0683756172657013,0.13323545455932617,0.048234786838293076,2.291937828063965,2.726531873286021,639.6201908064345,0.8594643473625183,0.09689851850271225,0.043636567890644073,0.030270284041762352,0.001967521384358406,0.8064295649528503
570,0.02520349621772766,0.07140123099088669,0.13089895248413086,0.06933567672967911,2.265347480773926,2.83298913655604,634.422576452775,0.8626158237457275,0.09292417764663696,0.04445914551615715,0.029740020632743835,0.001745393150486052,0.812799870967865
571,0.025960691273212433,0.07140335440635681,0.1368403434753418,0.060014113783836365,2.2175238132476807,2.7504411824843817,620.5144516938299,0.8676544427871704,0.08970213681459427,0.04264319688081741,0.031196581199765205,0.002019803272560239,0.8144333362579346
572,0.02600708045065403,0.06767740845680237,0.1330113410949707,0.04371260479092598,2.229119300842285,2.6022685853804917,646.2950166068308,0.856302797794342,0.09880603849887848,0.044891029596328735,0.029194187372922897,0.0013885486405342817,0.803371012210846
573,0.025859232991933823,0.08224883675575256,0.14301061630249023,0.06309468299150467,2.307558059692383,3.180637135611389,654.5619236485092,0.8521335124969482,0.10275693982839584,0.04510841518640518,0.029900887981057167,0.0014206948690116405,0.8000229597091675
574,0.025160500779747963,0.08245386183261871,0.14364242553710938,0.08918946236371994,2.3322806358337402,3.277115290793809,636.9914503666929,0.8610419034957886,0.09321087598800659,0.04574695602059364,0.030796131119132042,0.000826061237603426,0.8030715584754944
575,0.024679776281118393,0.07253071665763855,0.14487028121948242,0.09648364037275314,2.2874765396118164,2.9388725338726154,646.7084714547236,0.8601363897323608,0.09034108370542526,0.049522485584020615,0.033254776149988174,0.001113796140998602,0.805255651473999
576,0.025739343836903572,0.09596259146928787,0.16855955123901367,0.12140108644962311,2.370311737060547,3.728245446877867,664.919130661504,0.8461421132087708,0.10744043439626694,0.04641714692115784,0.030614623799920082,0.0008587716147303581,0.7908300161361694
577,0.026240713894367218,0.09580321609973907,0.1599287986755371,0.12078598886728287,2.371709108352661,3.6509378701260515,659.4087623071749,0.8451220989227295,0.11407820135354996,0.040798917412757874,0.028190594166517258,0.0010240821866318583,0.7995127439498901
578,0.025967437773942947,0.07044262439012527,0.13675451278686523,0.07167770713567734,2.294090747833252,2.712729110998324,653.4827050626342,0.8518478870391846,0.10435843467712402,0.04379354044795036,0.031554896384477615,0.000751579413190484,0.7977123856544495
579,0.02499527484178543,0.07464120537042618,0.14220952987670898,0.049932822585105896,2.344644069671631,2.9862126277827437,645.6791979684003,0.8575341105461121,0.09393683820962906,0.04852830618619919,0.0314599946141243,0.001093341619707644,0.8047066330909729
580,0.02482253685593605,0.08154012262821198,0.15611886978149414,0.08137620985507965,2.3588428497314453,3.2849230156517057,609.9223212903233,0.870710015296936,0.08836767077445984,0.04092022776603699,0.03369877487421036,0.0011407588608562946,0.8125686645507812
581,0.02531743422150612,0.08179730921983719,0.14545440673828125,0.07208161056041718,2.3111279010772705,3.2308688353230863,611.8841792664488,0.8737567067146301,0.08513122797012329,0.04111192375421524,0.03272933140397072,0.0015151527477428317,0.8203248381614685
582,0.017654186114668846,0.054204363375902176,0.09816408157348633,-0.28375157713890076,2.6187856197357178,3.070340542506997,1047.2310563761337,0.7125747799873352,0.18259647488594055,0.10470499843358994,0.09221882373094559,0.0016411030665040016,0.5827639698982239
583,0.01766485720872879,0.06574458628892899,0.1147913932800293,-0.29153433442115784,2.7181007862091064,3.7217728684905893,1052.6008789466778,0.71341472864151,0.18078641593456268,0.105796217918396,0.09127232432365417,0.0015888356138020754,0.5860573649406433
584,0.017895234748721123,0.06880465149879456,0.1303720474243164,-0.2606336176395416,2.903038740158081,3.844858838740118,1109.634803224116,0.6883342862129211,0.20122334361076355,0.1102772206068039,0.08836089819669724,0.0015447468031197786,0.5483651757240295
585,0.018374865874648094,0.06889934092760086,0.13523340225219727,-0.2811143398284912,3.020697593688965,3.7496513658318467,1165.3190457818284,0.6607663035392761,0.22614042460918427,0.11308201402425766,0.08334346860647202,0.0013856954174116254,0.5307918787002563
586,0.018439024686813354,0.06632010638713837,0.13226747512817383,-0.3526870310306549,2.9594600200653076,3.596725288348379,1150.5453754870018,0.6740542650222778,0.20951512455940247,0.11642608791589737,0.08433347195386887,0.001396937994286418,0.5494037866592407
587,0.017960073426365852,0.0602833554148674,0.11793375015258789,-0.34751370549201965,2.77258563041687,3.356520543118346,1075.4352913187233,0.7031254172325134,0.18876275420188904,0.10810597985982895,0.08909955620765686,0.0017824149690568447,0.5758283138275146
588,0.017751051113009453,0.05861466005444527,0.11619806289672852,-0.28872936964035034,2.6701104640960693,3.302038830150487,1067.4376664416186,0.7025264501571655,0.1900748312473297,0.10738814622163773,0.09136596322059631,0.0015906556509435177,0.5748142600059509
589,0.017972275614738464,0.06649404764175415,0.1131892204284668,-0.32164978981018066,2.7286171913146973,3.6998123700887824,1021.2932144839542,0.7191838026046753,0.17894943058490753,0.1018434464931488,0.09323661774396896,0.0019128916319459677,0.5781707167625427
590,0.018196485936641693,0.06658400595188141,0.11743307113647461,-0.3312006890773773,2.8534305095672607,3.6591683789969647,1048.2909464695856,0.7054476737976074,0.19476626813411713,0.09978196769952774,0.08473529666662216,0.0016354810213670135,0.5809562802314758
591,0.017926199361681938,0.0617842823266983,0.11263847351074219,-0.308097243309021,2.7645788192749023,3.446591275522597,1034.8467245369543,0.7029377222061157,0.19841523468494415,0.09863461554050446,0.08858898282051086,0.0021836815867573023,0.5584137439727783
592,0.017507441341876984,0.06191399693489075,0.10627269744873047,-0.31690719723701477,2.7762746810913086,3.5364389188761076,1076.6948028686022,0.6962396502494812,0.19380368292331696,0.10987518727779388,0.09475520253181458,0.0013220185646787286,0.5620890259742737
593,0.017718208953738213,0.05939279869198799,0.11601924896240234,-0.25120800733566284,2.751696825027466,3.352076885632684,1146.4676865087647,0.677498996257782,0.2036896049976349,0.11878086626529694,0.08777923136949539,0.0019757936242967844,0.5571755766868591
594,0.018014857545495033,0.06777917593717575,0.12444019317626953,-0.28982728719711304,2.8753271102905273,3.7624042134245386,1140.0385419994543,0.6812881827354431,0.19355690479278564,0.12515491247177124,0.08910223841667175,0.0012391953496262431,0.5593777298927307
595,0.01813749223947525,0.06775863468647003,0.11544466018676758,-0.3148288428783417,2.90134334564209,3.7358325940595734,1079.76934063074,0.6996285915374756,0.18463410437107086,0.11570962518453598,0.08476200699806213,0.0020941519178450108,0.5783877968788147
596,0.018020162358880043,0.06119031831622124,0.11202335357666016,-0.26905035972595215,2.702625036239624,3.39565854592159,1009.5326086947094,0.7114591598510742,0.194548562169075,0.09397800266742706,0.08713946491479874,0.0013155759079381824,0.591921865940094
597,0.018285159021615982,0.06978324800729752,0.12070178985595703,-0.30154287815093994,2.7083616256713867,3.8163872636265386,1088.2631631404834,0.7052792310714722,0.17937861382961273,0.11529206484556198,0.08678307384252548,0.0014937269734218717,0.5771634578704834
598,0.018257660791277885,0.06986536085605621,0.11996269226074219,-0.28339600563049316,2.6970887184143066,3.826632647573665,1115.5938981179402,0.6960123777389526,0.182840034365654,0.12114748358726501,0.08283377438783646,0.0016088314587250352,0.5735518932342529
599,0.018267594277858734,0.06869858503341675,0.11731386184692383,-0.28608840703964233,2.723872661590576,3.7606804697278777,1066.3469759455818,0.6925206780433655,0.206167533993721,0.10130985081195831,0.08574330061674118,0.0017132841749116778,0.566063642501831
600,0.01841289922595024,0.06883260607719421,0.11728525161743164,-0.401618093252182,3.003901481628418,3.7382818006436827,1077.9855814939865,0.6881113648414612,0.21188901364803314,0.09999903291463852,0.08450692147016525,0.0012285877019166946,0.5626096725463867
601,0.0180533267557621,0.062240056693553925,0.11432170867919922,-0.41237926483154297,3.010336399078369,3.447567173193779,1115.8378447478221,0.6784979104995728,0.2136264592409134,0.10786277800798416,0.08864153176546097,0.001334407483227551,0.5529277324676514
602,0.017558664083480835,0.07466766983270645,0.12684345245361328,-0.39116525650024414,2.8893725872039795,4.252468722760134,1067.768509671425,0.7034068703651428,0.19009055197238922,0.10648670792579651,0.09367243200540543,0.0016134267207235098,0.5740308165550232
603,0.01775212772190571,0.07467524707317352,0.12727975845336914,-0.37545785307884216,2.848712921142578,4.206551926551287,1021.4678144447317,0.7196295261383057,0.17182333767414093,0.10854307562112808,0.0911451056599617,0.0013759983703494072,0.593476414680481
604,0.01834486983716488,0.05855375900864601,0.11132240295410156,-0.31627532839775085,2.6759579181671143,3.191832895256095,1049.4328916573945,0.7032454609870911,0.18584439158439636,0.11090990900993347,0.08721913397312164,0.0016370888333767653,0.5626453161239624
605,0.0181166622787714,0.05622971057891846,0.10105371475219727,-0.3193138539791107,2.624666690826416,3.1037566252864974,1017.1717467139499,0.7107727527618408,0.19108755886554718,0.09810333698987961,0.08672835677862167,0.0016222628764808178,0.5735150575637817
606,0.017819877713918686,0.056158799678087234,0.10510444641113281,-0.31866419315338135,2.638782024383545,3.151469419516356,1014.1417275854742,0.7316374778747559,0.15807956457138062,0.11016099900007248,0.09376107156276703,0.002698794472962618,0.5798895359039307
607,0.017608223482966423,0.05445343255996704,0.10336875915527344,-0.31509092450141907,2.6752490997314453,3.092500081541496,1036.3313080410273,0.7291092276573181,0.14991067349910736,0.12096250057220459,0.09194935113191605,0.0017921398393809795,0.5939955711364746
608,0.017720429226756096,0.05685912445187569,0.10533332824707031,-0.3212135136127472,2.6264400482177734,3.2086764784915798,1030.6155721491057,0.7095236778259277,0.18555234372615814,0.10488934814929962,0.08689096570014954,0.0023060531821101904,0.5823729038238525
609,0.017669619992375374,0.05681958422064781,0.10533332824707031,-0.3426758944988251,2.61806321144104,3.21566531945511,1028.0958815612437,0.7067713737487793,0.19536694884300232,0.09786024689674377,0.09286299347877502,0.0011694715358316898,0.5800076127052307
610,0.01776428520679474,0.05660690739750862,0.10841131210327148,-0.3512723743915558,2.6912877559661865,3.186557001047824,1010.9305106318322,0.7096396088600159,0.20178432762622833,0.08855535089969635,0.08732672035694122,0.0019001674372702837,0.5730566382408142
611,0.018140507861971855,0.057517159730196,0.1093912124633789,-0.28401121497154236,2.7048091888427734,3.1706477108945337,1034.89915232221,0.7089602947235107,0.19813834130764008,0.09286825358867645,0.08572059869766235,0.0012136211153119802,0.5774000883102417
612,0.01816568896174431,0.0679897665977478,0.11761903762817383,-0.335753858089447,2.7790303230285645,3.742757389339145,1052.625810057658,0.7076576948165894,0.18833938241004944,0.10399828851222992,0.08796902000904083,0.0012808931060135365,0.5702426433563232
613,0.018100623041391373,0.07245644927024841,0.12111902236938477,-0.4205135703086853,2.9303572177886963,4.002980952675307,1109.089677525082,0.6994442939758301,0.17999902367591858,0.1204787939786911,0.08653976768255234,0.0009148024255409837,0.5769457221031189
614,0.018076147884130478,0.072411447763443,0.12111902236938477,-0.3966701626777649,2.961355447769165,4.005911448810894,1120.2222689777852,0.7035291194915771,0.17091484367847443,0.12549544870853424,0.0878407433629036,0.0014259415911510587,0.5822184681892395
615,0.01824876293540001,0.06669909507036209,0.11637210845947266,-0.29967087507247925,2.7257564067840576,3.6549926865080993,1135.7190218495593,0.6868199706077576,0.1919911652803421,0.12112157046794891,0.08497949689626694,0.0013929338892921805,0.5669635534286499
616,0.018318455666303635,0.05803423747420311,0.10894298553466797,-0.24026893079280853,2.517103910446167,3.168074783606767,1127.225374209167,0.6827813982963562,0.20271506905555725,0.11436425894498825,0.08609138429164886,0.0013732872903347015,0.5647282004356384
617,0.017992988228797913,0.059951052069664,0.11808633804321289,-0.3098059594631195,2.819571018218994,3.3319119261346475,1132.5347943906027,0.6796921491622925,0.20263609290122986,0.1176685243844986,0.08891323208808899,0.001468883827328682,0.5562008619308472
618,0.017792265862226486,0.05998104810714722,0.11808633804321289,-0.3406738042831421,2.914635181427002,3.371186591310868,1128.8166829099914,0.6863570809364319,0.19426201283931732,0.11936899274587631,0.09149756282567978,0.001053158426657319,0.559403657913208
619,0.017847660928964615,0.06957830488681793,0.11571884155273438,-0.36756622791290283,2.7883338928222656,3.898455106237604,1041.1732179604385,0.7097224593162537,0.1926838457584381,0.0975685864686966,0.09283872693777084,0.0019732306245714426,0.5689071416854858
620,0.018282337114214897,0.07696965336799622,0.12608051300048828,-0.39091870188713074,3.1042234897613525,4.210055469546104,1112.0152343776028,0.6860023736953735,0.2030663788318634,0.11092929542064667,0.08323734253644943,0.001781040569767356,0.5613614916801453
621,0.018482008948922157,0.07694229483604431,0.12608051300048828,-0.36456701159477234,2.9403843879699707,4.163091525630302,1117.0775463882974,0.688797116279602,0.19599995017051697,0.11518499255180359,0.08657389134168625,0.001751702162437141,0.5603447556495667
622,0.018029119819402695,0.05570145323872566,0.10152578353881836,-0.3339567482471466,2.681382894515991,3.089527042562055,1110.37171968381,0.6983526945114136,0.1853613555431366,0.11625014990568161,0.08834269642829895,0.0011807865230366588,0.573744535446167
623,0.017978643998503685,0.05630543828010559,0.10927915573120117,-0.30018773674964905,2.7708656787872314,3.1317956060345793,1104.9767445666057,0.7004424929618835,0.17816229164600372,0.12135495245456696,0.08588041365146637,0.0022656044457107782,0.5814304351806641
624,0.018106650561094284,0.05804971978068352,0.11095523834228516,-0.2947131395339966,2.7259507179260254,3.2059888482196053,1038.362087710766,0.7171122431755066,0.1677059531211853,0.11517221480607986,0.09094924479722977,0.0018384231952950358,0.5894338488578796
625,0.01827315054833889,0.05806063115596771,0.10835647583007812,-0.319734662771225,2.673875331878662,3.1773738742642994,1075.3253669722708,0.6956732273101807,0.19796514511108398,0.1063460260629654,0.08180505782365799,0.0021397003438323736,0.5705345273017883
626,0.018258651718497276,0.05698084086179733,0.10823249816894531,-0.29863280057907104,2.6378324031829834,3.1207584074212362,1074.0444244687922,0.6713039875030518,0.23981869220733643,0.08886156231164932,0.08607415854930878,0.0012556564761325717,0.5434116125106812
627,0.018386641517281532,0.06515286862850189,0.1282334327697754,-0.2539752125740051,2.7648072242736816,3.543489362302598,1173.3351208532592,0.6663602590560913,0.2049718052148819,0.12866787612438202,0.08636924624443054,0.0014022898394614458,0.5336392521858215
628,0.017980346456170082,0.06511496752500534,0.1282334327697754,-0.28679758310317993,2.832599639892578,3.6214523274127033,1163.5131502545544,0.6795349717140198,0.18605241179466248,0.13438205420970917,0.08671119809150696,0.0011996497632935643,0.5536771416664124
629,0.018057124689221382,0.06694427132606506,0.12719154357910156,-0.29233917593955994,2.788400650024414,3.707360528020163,1121.7143565588383,0.6653217673301697,0.22591179609298706,0.10874591022729874,0.08838412910699844,0.0015634503215551376,0.5401143431663513
630,0.01844596490263939,0.06705690920352936,0.12719154357910156,-0.31852421164512634,2.802208662033081,3.635315883654264,1095.2775778675007,0.6747119426727295,0.22288724780082703,0.10233175754547119,0.082951620221138,0.0015442526200786233,0.5596493482589722
631,0.01823301985859871,0.05892900004982948,0.10455608367919922,-0.36621540784835815,2.721935510635376,3.2319934110534367,1030.1081547988033,0.7067580819129944,0.20031367242336273,0.0929185003042221,0.08719581365585327,0.0015469485661014915,0.5810475945472717
632,0.018061239272356033,0.059826985001564026,0.11704444885253906,-0.32843780517578125,2.841327667236328,3.312451825485801,1067.707629215019,0.7062029838562012,0.18541787564754486,0.10837147384881973,0.08802516758441925,0.0014052173355594277,0.5811166167259216
633,0.018110020086169243,0.05978182703256607,0.11704444885253906,-0.2778934836387634,2.8231468200683594,3.3010359317558606,1041.6710009356018,0.7183202505111694,0.1767023801803589,0.10494686663150787,0.0879526436328888,0.0015337481163442135,0.5930496454238892
634,0.017887640744447708,0.061317507177591324,0.11258363723754883,-0.28838247060775757,2.80560564994812,3.427925909860206,1117.2268934557005,0.6958142518997192,0.1843196153640747,0.11979496479034424,0.09257441759109497,0.0016688145697116852,0.5649278163909912
635,0.017499089241027832,0.06134069710969925,0.11258363723754883,-0.3099600076675415,2.86076283454895,3.5053651227960114,1115.4796094123972,0.6823956966400146,0.20203496515750885,0.11555813252925873,0.09114417433738708,0.001576168229803443,0.5532180070877075
636,0.01818563975393772,0.0763348937034607,0.12761831283569336,-0.2929176986217499,2.858797073364258,4.197536888012666,1034.3725680779926,0.6957122683525085,0.20903033018112183,0.09524167329072952,0.0908304899930954,0.0016964043024927378,0.561428964138031
637,0.018523363396525383,0.07650696486234665,0.12761831283569336,-0.279954731464386,2.7881596088409424,4.130295520335554,1083.494988736971,0.6868658065795898,0.20890015363693237,0.10420611500740051,0.08423538506031036,0.0014572798972949386,0.5702898502349854
638,0.018425393849611282,0.0691579207777977,0.13126611709594727,-0.27637428045272827,2.7801856994628906,3.7534025779049123,1122.617449421134,0.6841493844985962,0.20229698717594147,0.11355052888393402,0.08199074119329453,0.002505192533135414,0.5629968643188477
639,0.018187565729022026,0.0691090002655983,0.12823820114135742,-0.32209834456443787,2.896540403366089,3.7997938422029063,1101.3111882718867,0.6933977007865906,0.19637998938560486,0.11021506786346436,0.0886615589261055,0.0016924027586355805,0.5644199848175049
640,0.018206216394901276,0.0755537673830986,0.12567758560180664,-0.3619731068611145,2.8898661136627197,4.14988846337715,1056.8274821078385,0.7074668407440186,0.19244734942913055,0.10002493113279343,0.08180061727762222,0.0023524360731244087,0.5680211186408997
641,0.0186203233897686,0.07552555203437805,0.12567758560180664,-0.3004262149333954,2.821866989135742,4.056081650645304,1105.5211681883077,0.6784725189208984,0.21915051341056824,0.10236803442239761,0.08363132178783417,0.001325129414908588,0.54764324426651
642,0.018384136259555817,0.058718517422676086,0.1084280014038086,-0.28160691261291504,2.7784066200256348,3.193977491815045,1106.1451930509552,0.6706613898277283,0.22797365486621857,0.1013505607843399,0.08642426133155823,0.0014381501823663712,0.5426976680755615
643,0.017812183126807213,0.06019025295972824,0.10982990264892578,-0.3605269193649292,2.803628921508789,3.379162033527668,1068.1261791878744,0.7032958269119263,0.18733203411102295,0.10936266928911209,0.0880746841430664,0.0011827426496893167,0.5745371580123901
644,0.017957987263798714,0.06021137535572052,0.1065683364868164,-0.3101006746292114,2.6475813388824463,3.3529022193788385,1102.1197829934374,0.6914007663726807,0.19322484731674194,0.11529260128736496,0.0885329395532608,0.0014690564712509513,0.5694800019264221
645,0.018029995262622833,0.06409411877393723,0.10820150375366211,-0.2441050410270691,2.6242499351501465,3.5548605441540513,1115.2363362918036,0.6763965487480164,0.21613135933876038,0.10742948204278946,0.08697933703660965,0.0010828267550095916,0.5543831586837769
646,0.01799760013818741,0.06404967606067657,0.11272192001342773,-0.25358739495277405,2.597925901412964,3.5587898144940353,1093.7965862981682,0.685184121131897,0.20179781317710876,0.11279680579900742,0.09001978486776352,0.0014013308100402355,0.5455259680747986
647,0.018254728987812996,0.061136722564697266,0.10975837707519531,-0.3023333251476288,2.6052751541137695,3.349089575756701,1023.4304433948291,0.707321047782898,0.19351351261138916,0.09916315972805023,0.08593735843896866,0.0017189182108268142,0.5770937204360962
648,0.01841096021234989,0.061511896550655365,0.12072324752807617,-0.28745347261428833,2.701120615005493,3.341047714939536,1043.3606208927015,0.7103666067123413,0.19070890545845032,0.09891662746667862,0.08459126204252243,0.0013902367791160941,0.5774013996124268
649,0.018360039219260216,0.06134508550167084,0.12072324752807617,-0.2699344754219055,2.7144832611083984,3.341228456308352,1105.1961741354764,0.6807898879051208,0.21731285750865936,0.10186951607465744,0.08826398104429245,0.001919214497320354,0.5496035218238831
650,0.018607497215270996,0.06402499228715897,0.12371540069580078,-0.25057968497276306,2.80898118019104,3.440816975169205,1159.9016354018622,0.6604052782058716,0.22924725711345673,0.1103387176990509,0.08140119910240173,0.0016328926431015134,0.5488721132278442
651,0.01858348958194256,0.06412582099437714,0.12734651565551758,-0.29345595836639404,2.8054513931274414,3.4506878112513943,1125.4084012048058,0.6756701469421387,0.2123488485813141,0.11196005344390869,0.0857214629650116,0.0016299685230478644,0.5559043884277344
652,0.01826643943786621,0.06547453254461288,0.12874603271484375,-0.30483847856521606,2.8404157161712646,3.584416807870076,1152.4672012144779,0.6574433445930481,0.23029273748397827,0.11224745959043503,0.0859304890036583,0.0012973092962056398,0.5418519377708435
653,0.018489893525838852,0.06552484631538391,0.12372732162475586,-0.20759108662605286,2.7714474201202393,3.5438195585210845,1186.818352784158,0.645159900188446,0.23332516849040985,0.12151498347520828,0.08339380472898483,0.0021377592347562313,0.5278462171554565
654,0.018603334203362465,0.06275255233049393,0.11647939682006836,-0.23856976628303528,2.64091157913208,3.3731884640216006,1153.8043226040832,0.6645630598068237,0.21484048664569855,0.12056967616081238,0.08421546965837479,0.0016091238940134645,0.5444973111152649
655,0.01852949894964695,0.06274569034576416,0.11647939682006836,-0.31110531091690063,2.802595376968384,3.386259418718574,1153.6329109696405,0.6697022318840027,0.20397025346755981,0.12629224359989166,0.07929151505231857,0.0024977591820061207,0.5430871844291687
656,0.01802186109125614,0.06090335175395012,0.10924816131591797,-0.3154846131801605,2.7583463191986084,3.3794152247749727,1097.8654058038646,0.6863211989402771,0.20134301483631134,0.11223502457141876,0.08973240852355957,0.0016428817762061954,0.5587655901908875
657,0.018309352919459343,0.05819360166788101,0.10890960693359375,-0.26007428765296936,2.681675434112549,3.178353812976863,1095.903665639526,0.6793816685676575,0.21782132983207703,0.10279619693756104,0.08529649674892426,0.0016013215063139796,0.5568616390228271
658,0.01850530318915844,0.05815646052360535,0.10890960693359375,-0.29304951429367065,2.7120048999786377,3.1426915801376514,1106.2243158920107,0.6672272086143494,0.22818131744861603,0.1045820489525795,0.08049508184194565,0.001217962009832263,0.5558609962463379
659,0.018246965482831,0.08284911513328552,0.1323080062866211,-0.3553846776485443,2.9482505321502686,4.54043250132192,1156.7772271236263,0.6596770882606506,0.2197592705488205,0.12028088420629501,0.08739818632602692,0.0013702475698664784,0.5386521220207214
660,0.01827480085194111,0.08293486386537552,0.13753652572631836,-0.3212171792984009,3.0824151039123535,4.538208899388808,1129.2019521883626,0.6734632849693298,0.21049392223358154,0.11601848155260086,0.08679317682981491,0.00102149392478168,0.544816792011261
661,0.018345743417739868,0.0721992552280426,0.1268601417541504,-0.26119759678840637,2.7965645790100098,3.93547721561898,1111.3668871758002,0.6801230907440186,0.20597299933433533,0.11386757344007492,0.08467422425746918,0.001385394367389381,0.5494879484176636
662,0.01833970658481121,0.06579986214637756,0.11689186096191406,-0.25638604164123535,2.7997395992279053,3.5878361433156525,1100.7243209028236,0.6772845983505249,0.21434563398361206,0.10836975276470184,0.08474410325288773,0.0013919892953708768,0.5503609776496887
663,0.018438003957271576,0.0657723918557167,0.11517524719238281,-0.27924028038978577,2.83768630027771,3.5672186644807717,1070.232392212111,0.6753915548324585,0.23101747035980225,0.09357912093400955,0.08421174436807632,0.0014807269908487797,0.5472155213356018
664,0.01843670941889286,0.06294910609722137,0.1177978515625,-0.27625495195388794,2.669990301132202,3.41433520828291,1111.365536210885,0.672001302242279,0.22536395490169525,0.10262909531593323,0.0841827541589737,0.0015843615401536226,0.5507366061210632
665,0.01840020716190338,0.06803632527589798,0.12583255767822266,-0.188445046544075,2.6490724086761475,3.697584743125386,1077.6857687054448,0.6885846853256226,0.21286854147911072,0.09854093194007874,0.085670106112957,0.0014428100548684597,0.5704556703567505
666,0.01839899830520153,0.06825178861618042,0.12868642807006836,-0.17867527902126312,2.703718662261963,3.709538284656269,1109.5591541694146,0.6839168071746826,0.20182159543037415,0.11414211243391037,0.0888538509607315,0.0026147691532969475,0.5533536672592163
667,0.01822921819984913,0.06052708625793457,0.1173090934753418,-0.23817509412765503,2.688960552215576,3.3203336309351537,1126.1058816425755,0.6747944951057434,0.20861659944057465,0.11657167971134186,0.08536534756422043,0.001719545922242105,0.5500965714454651
668,0.01826517842710018,0.05995189771056175,0.11174917221069336,-0.28698983788490295,2.7015035152435303,3.2823056148374863,1067.3440515338893,0.6894955039024353,0.21558701992034912,0.09485405683517456,0.08390737324953079,0.002032746560871601,0.555828869342804
669,0.018147950991988182,0.057004664093256,0.10872840881347656,-0.3265312910079956,2.669797658920288,3.1411074514847916,1091.7021712460048,0.6857811808586121,0.2116890549659729,0.10252603143453598,0.08798553794622421,0.001538137556053698,0.5622697472572327
670,0.018085051327943802,0.059354010969400406,0.10524511337280273,-0.2867690324783325,2.5928642749786377,3.281937656124241,1108.5490670785525,0.6770836114883423,0.2143029421567917,0.10860877484083176,0.08473264425992966,0.0022652563638985157,0.5562157034873962
671,0.018014375120401382,0.05937923491001129,0.10524511337280273,-0.2959359288215637,2.582362413406372,3.296213968558241,1050.7338155029133,0.6989015340805054,0.20182837545871735,0.09926407784223557,0.08752983808517456,0.0012815830996260047,0.5812187790870667
672,0.01823827251791954,0.06577341258525848,0.12414693832397461,-0.28996720910072327,2.7063019275665283,3.6063400476677927,1040.236609066709,0.6998593807220459,0.2055978775024414,0.0945265144109726,0.0851571261882782,0.0018133296398445964,0.5810883641242981
673,0.018400082364678383,0.06580173224210739,0.1245737075805664,-0.2818783223628998,2.776287078857422,3.5761650917849783,1134.6357073375264,0.6829108595848083,0.19658203423023224,0.12050531059503555,0.08338333666324615,0.0014635550323873758,0.5651439428329468
674,0.018193984404206276,0.06124015897512436,0.11711597442626953,-0.3296758830547333,2.75801420211792,3.3659564398439445,1094.7950759975722,0.6983531713485718,0.18206928670406342,0.1195547804236412,0.08642362058162689,0.002032297430559993,0.5761464238166809
675,0.018035002052783966,0.06135651469230652,0.11711597442626953,-0.2723832428455353,2.763561964035034,3.4020797175031743,1060.6039531414008,0.7019025683403015,0.1881929188966751,0.10988952964544296,0.08861126005649567,0.0012480660807341337,0.5755842328071594
676,0.018160901963710785,0.06210336834192276,0.11730432510375977,-0.2588072419166565,2.859823226928711,3.419619161129686,1157.9030899142206,0.6682635545730591,0.2123107761144638,0.11941969394683838,0.08766982704401016,0.0009630788117647171,0.5356889963150024
677,0.018398215994238853,0.06269597262144089,0.1129460334777832,-0.3217451870441437,2.89414119720459,3.407720217963826,1174.4640300143,0.6631856560707092,0.21985271573066711,0.11695966124534607,0.08379632979631424,0.0010403040796518326,0.5445356965065002
678,0.018016628921031952,0.0625971108675003,0.11272668838500977,-0.35105520486831665,2.715810775756836,3.4744075119931193,1068.1311013184204,0.7030117511749268,0.1868710219860077,0.11011707782745361,0.08822053670883179,0.001208616653457284,0.5816896557807922
679,0.017636509612202644,0.059321627020835876,0.11815547943115234,-0.34656575322151184,2.6515555381774902,3.3635695680072586,1008.9942990563026,0.7194380760192871,0.17406098544597626,0.10638627409934998,0.09296126663684845,0.0020281183533370495,0.5907580852508545
680,0.018056508153676987,0.05918850004673004,0.11780977249145508,-0.30186063051223755,2.6848061084747314,3.277959367320922,1103.5085096814785,0.6900174617767334,0.18831583857536316,0.12166671454906464,0.08950616419315338,0.0015756923239678144,0.5647561550140381
681,0.018207291141152382,0.06239604949951172,0.11141300201416016,-0.2743750214576721,2.6559503078460693,3.42698147749482,1077.4466455803565,0.6986948251724243,0.1850845366716385,0.11607304960489273,0.08912066370248795,0.0018239070195704699,0.5615392923355103
682,0.01821020245552063,0.0630279928445816,0.11394262313842773,-0.28567737340927124,2.680133819580078,3.4611363050504043,1053.5785226385783,0.7175037860870361,0.16864535212516785,0.11378738284111023,0.08441133797168732,0.001456541009247303,0.591737687587738
683,0.018570255488157272,0.06297241151332855,0.12052059173583984,-0.27282556891441345,2.700719118118286,3.3910363565055226,1113.276233853128,0.692691445350647,0.19158604741096497,0.11564265191555023,0.08281473815441132,0.002119333017617464,0.563984215259552
684,0.01816270686686039,0.06085270270705223,0.1183009147644043,-0.257262647151947,2.731687068939209,3.3504203503241823,1106.2934162115162,0.6798807978630066,0.21293719112873077,0.10717596858739853,0.08692234754562378,0.0015492696547880769,0.5552670955657959
685,0.017849799245595932,0.054943230003118515,0.1055765151977539,-0.2544519901275635,2.6322109699249268,3.0780867193000243,1072.3252904729493,0.6946134567260742,0.20022882521152496,0.10515274852514267,0.08709470927715302,0.0024150717072188854,0.5673419237136841
686,0.017853422090411186,0.05745859071612358,0.10470867156982422,-0.28715845942497253,2.6490697860717773,3.218351665127853,1053.993359998213,0.7007995247840881,0.19923268258571625,0.09996238350868225,0.09058728814125061,0.001143316039815545,0.5775717496871948
687,0.017833415418863297,0.05742473900318146,0.10470867156982422,-0.34981971979141235,2.721580982208252,3.2200640007084886,1078.2346016810657,0.6990827918052673,0.19440369307994843,0.1065133735537529,0.08856066316366196,0.0017536238301545382,0.5716391801834106
688,0.017875928431749344,0.05692262575030327,0.10094404220581055,-0.31960031390190125,2.6795732975006104,3.184317165088834,1110.926459724336,0.6966282725334167,0.18350616097450256,0.1198543980717659,0.0892907902598381,0.0017345823580399156,0.5705711245536804
689,0.018329203128814697,0.05613291636109352,0.1049041748046875,-0.25603392720222473,2.644383668899536,3.06248536630523,1171.541177658055,0.6808736324310303,0.18452632427215576,0.13459163904190063,0.08656150847673416,0.001611329149454832,0.5542532801628113
690,0.01837461069226265,0.05620145425200462,0.1049041748046875,-0.2866987884044647,2.658963680267334,3.0586473471577715,1093.0602065605744,0.6999897956848145,0.1869172900915146,0.11308803409337997,0.08514708280563354,0.001444782130420208,0.5786277055740356
691,0.01819591037929058,0.06430164724588394,0.12196779251098633,-0.3110278844833374,2.782198667526245,3.533851612917049,1063.0661535062518,0.7030563950538635,0.19137975573539734,0.10555784404277802,0.08615701645612717,0.0012018212582916021,0.5801875591278076
692,0.01823192834854126,0.06438883394002914,0.12196779251098633,-0.3274593651294708,2.8602590560913086,3.531652423461244,1108.7145546501383,0.6930493712425232,0.183847114443779,0.12307219207286835,0.08478233218193054,0.001314458204433322,0.576362669467926
693,0.01803966611623764,0.05833400413393974,0.11319637298583984,-0.30241337418556213,2.834920883178711,3.233652095046217,1104.9549599525983,0.6870469450950623,0.19557231664657593,0.11733406037092209,0.08826601505279541,0.001375421299599111,0.5629822015762329
694,0.018114356324076653,0.05828262120485306,0.11095762252807617,-0.2836005687713623,2.7238266468048096,3.217482319488735,1112.5959915519363,0.6811415553092957,0.20609290897846222,0.11276421695947647,0.08820445835590363,0.0013202171539887786,0.55808424949646
695,0.01793941669166088,0.054021451622247696,0.10069131851196289,-0.32712239027023315,2.6141109466552734,3.011327098742747,1027.7269586315567,0.7171916961669922,0.1809394657611847,0.10186636447906494,0.09007768332958221,0.0011707396479323506,0.5866380333900452
696,0.017923202365636826,0.06589324027299881,0.12476444244384766,-0.31211501359939575,2.740847587585449,3.6764211509242286,1037.4159083468605,0.7162976264953613,0.17268753051757812,0.11099553108215332,0.09110931307077408,0.002037343103438616,0.575442910194397
697,0.017994502559304237,0.06592262536287308,0.12476444244384766,-0.33777758479118347,2.7775707244873047,3.6634869534153163,1064.5338398000063,0.6977333426475525,0.18892231583595276,0.11334330588579178,0.086433045566082,0.002034957753494382,0.5695412755012512
698,0.01818777807056904,0.060326363891363144,0.10754585266113281,-0.2919231653213501,2.643503189086914,3.3168627665225774,1042.016447021002,0.7032374739646912,0.19566753506660461,0.10108153522014618,0.08967089653015137,0.002435225062072277,0.5658510327339172
699,0.01817692071199417,0.06048141047358513,0.1087188720703125,-0.22094494104385376,2.5694656372070312,3.327373840077801,1028.3750976793558,0.7115541696548462,0.19200080633163452,0.09635068476200104,0.0882578119635582,0.001602155389264226,0.5877158641815186
700,0.0180057343095541,0.060400769114494324,0.11203527450561523,-0.28897127509117126,2.720318078994751,3.354529622215423,1087.3752607591894,0.6986543536186218,0.18733520805835724,0.11393605917692184,0.08535084873437881,0.0023687458597123623,0.5742900371551514
701,0.018087094649672508,0.07082273066043854,0.12240171432495117,-0.3446711599826813,2.7918004989624023,3.9156499165998024,1121.6545737746912,0.6919623017311096,0.18275035917758942,0.1252867579460144,0.08945157378911972,0.0015142468037083745,0.5693369507789612
702,0.017981749027967453,0.0708284080028534,0.11759519577026367,-0.3430668115615845,2.664120674133301,3.9389053806030403,1038.5656920164752,0.716372549533844,0.17977622151374817,0.10383617132902145,0.08663385361433029,0.001597143360413611,0.5837164521217346
703,0.017659926787018776,0.06322246789932251,0.11769294738769531,-0.341628760099411,2.7639760971069336,3.5799960361225986,1040.1316658642947,0.7178502678871155,0.17696188390254974,0.10514086484909058,0.09129831939935684,0.0009495170670561492,0.5776141285896301
704,0.017706025391817093,0.06317365169525146,0.11769294738769531,-0.3557581305503845,2.8113749027252197,3.5679182816985846,1059.7070255817573,0.7017760872840881,0.19224609434604645,0.1058816909790039,0.09127839654684067,0.0014737725723534822,0.5638110041618347
705,0.018096257001161575,0.05474480614066124,0.10888338088989258,-0.28882449865341187,2.771165132522583,3.025200522634158,1119.9364616273697,0.6784517168998718,0.21013867855072021,0.11140371859073639,0.08508358895778656,0.001368630793876946,0.5587213635444641
706,0.0182050671428442,0.057220350950956345,0.11201143264770508,-0.24010060727596283,2.6392982006073,3.1431002423028493,1121.9968793053624,0.6784220337867737,0.21280229091644287,0.108747698366642,0.08692055940628052,0.0015848766779527068,0.5642707943916321
707,0.017787905409932137,0.05739683657884598,0.0998544692993164,-0.3127046525478363,2.5690596103668213,3.2267338538674086,1035.1195667607356,0.7110360264778137,0.1880047470331192,0.10095928609371185,0.0901622623205185,0.0014635355910286307,0.5908135771751404
708,0.01821846142411232,0.06664347648620605,0.12970924377441406,-0.30020207166671753,2.7972018718719482,3.658018914503105,1104.1084564749483,0.6943824887275696,0.19183315336704254,0.11368180066347122,0.08626676350831985,0.0012986117508262396,0.5736806392669678
709,0.018421217799186707,0.06948255747556686,0.13252496719360352,-0.2930029332637787,2.9164557456970215,3.771876443199246,1139.8810091165674,0.6773558259010315,0.20698584616184235,0.11559896916151047,0.08409659564495087,0.001163510256446898,0.5601683855056763
710,0.018165431916713715,0.06954523921012878,0.11983394622802734,-0.3424009680747986,2.964989423751831,3.8284385158116128,1137.5316961698206,0.6743623614311218,0.21146069467067719,0.11416765302419662,0.08728880435228348,0.0009232760639861226,0.5507888197898865
711,0.01789202354848385,0.06667626649141312,0.1149892807006836,-0.3376295566558838,2.7962095737457275,3.7265917019954182,1045.7731536179756,0.7055539488792419,0.19483529031276703,0.09957972168922424,0.09274246543645859,0.0018277980852872133,0.5718246102333069
712,0.017352985218167305,0.06761540472507477,0.11661767959594727,-0.2966609597206116,2.732774019241333,3.896471060805718,1039.8782861660634,0.7258024215698242,0.16523946821689606,0.10894712805747986,0.09285282343626022,0.0015932879177853465,0.5919261574745178
713,0.017611267045140266,0.06751875579357147,0.11661767959594727,-0.29745128750801086,2.812969446182251,3.8338386225520935,1141.022535650762,0.6869797706604004,0.18426072597503662,0.12875932455062866,0.09249613434076309,0.0025162415113300085,0.5552285313606262
714,0.017954036593437195,0.06545388698577881,0.112152099609375,-0.3116990625858307,2.744682550430298,3.6456362691194903,1113.6351937913225,0.6776880025863647,0.2059118151664734,0.11640001088380814,0.0878484845161438,0.0017992437351495028,0.5594499707221985
715,0.01818637177348137,0.06091458350419998,0.10991573333740234,-0.27991604804992676,2.695549964904785,3.3494632277161354,1100.342268227321,0.6830307841300964,0.20848515629768372,0.10844513773918152,0.08385172486305237,0.0025974439922720194,0.567161500453949
716,0.01804220676422119,0.061007048934698105,0.11179447174072266,-0.2955559194087982,2.7099385261535645,3.3813518339839392,1065.5802136747288,0.6990405321121216,0.19882768392562866,0.10210363566875458,0.08998501300811768,0.0014985505258664489,0.5734533071517944
717,0.017818903550505638,0.059964124113321304,0.11113882064819336,-0.29205086827278137,2.7504947185516357,3.365197187357498,1033.7545271703596,0.7119439244270325,0.18933364748954773,0.09869631379842758,0.08560556918382645,0.0020352269057184458,0.5692203044891357
718,0.01772504858672619,0.0566059947013855,0.1078343391418457,-0.23681846261024475,2.673436164855957,3.1935593530943915,1068.9372256366048,0.6978638768196106,0.19351233541965485,0.10862359404563904,0.0904281735420227,0.0011327943066135049,0.5639375448226929
719,0.018012067303061485,0.06303181499242783,0.12078285217285156,-0.23511672019958496,2.8098416328430176,3.499421467196882,1131.3801897851379,0.6780350208282471,0.20154093205928802,0.12035965174436569,0.08994922786951065,0.0012595022562891245,0.5484653115272522
720,0.018127841874957085,0.06857287138700485,0.13156652450561523,-0.25982731580734253,2.891582489013672,3.782737727757483,1114.8291615109354,0.6854848861694336,0.19344252347946167,0.12094038724899292,0.08586658537387848,0.0013904168736189604,0.5602333545684814
721,0.018129734322428703,0.06853257119655609,0.12130260467529297,-0.237998366355896,2.7781519889831543,3.780119993705191,1073.7311567882261,0.6959855556488037,0.19211560487747192,0.11179240047931671,0.0873192623257637,0.0018028460908681154,0.5725774765014648
722,0.018267519772052765,0.060158997774124146,0.11286735534667969,-0.2325468808412552,2.7188591957092285,3.2932219875227604,1096.5631280073858,0.6934220194816589,0.195059135556221,0.1115148738026619,0.08460993319749832,0.0014617594424635172,0.5749449729919434
723,0.01818390190601349,0.062181513756513596,0.1118922233581543,-0.3087093234062195,2.7465505599975586,3.419591354731755,1109.7495346320186,0.6874855160713196,0.19947315752506256,0.11302600800991058,0.08678866177797318,0.001018629176542163,0.5625002980232239
724,0.01782318577170372,0.06219102069735527,0.1103520393371582,-0.3523235023021698,2.769881248474121,3.489332462247073,1040.1213293691421,0.7107296586036682,0.18353980779647827,0.10572413355112076,0.08890464901924133,0.0010131224989891052,0.5839508771896362
725,0.017906777560710907,0.06096828356385231,0.11827468872070312,-0.332550972700119,2.805427312850952,3.4047602006414315,1069.727960632928,0.7017926573753357,0.18801657855510712,0.11019070446491241,0.08954097330570221,0.001307389116846025,0.5729720592498779
726,0.018371842801570892,0.06078003719449043,0.11827468872070312,-0.33188527822494507,2.8654186725616455,3.3083255636165734,1140.3731802094094,0.674056887626648,0.20854805409908295,0.11737985163927078,0.08707591891288757,0.0017984859878197312,0.5467320084571838
727,0.01806008256971836,0.060352642089128494,0.1156759262084961,-0.28641408681869507,2.770768404006958,3.341769997606822,1087.3813821909182,0.686987042427063,0.21147893369197845,0.10152961313724518,0.08549407124519348,0.0013848071685060859,0.5696154832839966
728,0.0177062526345253,0.07334305346012115,0.13381004333496094,-0.29595425724983215,2.8020076751708984,4.142212074449216,1086.878436298141,0.6975778937339783,0.19590266048908234,0.10633093863725662,0.09523352235555649,0.0027742385864257812,0.5638633370399475
729,0.017959894612431526,0.07341108471155167,0.12758255004882812,-0.26228293776512146,2.8405420780181885,4.087500861873115,1144.655758372284,0.6860483288764954,0.1926567256450653,0.12126004695892334,0.08969436585903168,0.0017147599719464779,0.5643702745437622
730,0.017950300127267838,0.05623478814959526,0.11042118072509766,-0.2293778657913208,2.719998359680176,3.132804897286238,1159.120644985426,0.6803116798400879,0.19334863126277924,0.12632901966571808,0.08587945252656937,0.0020610629580914974,0.5610159635543823
731,0.01779848150908947,0.06072216108441353,0.11036396026611328,-0.3122204542160034,2.7316386699676514,3.411648406634679,1062.69811706243,0.7161878943443298,0.1697598397731781,0.11395334452390671,0.09255269914865494,0.0015875555109232664,0.5850229263305664
732,0.01820451021194458,0.060691721737384796,0.11584997177124023,-0.2613067328929901,2.680731773376465,3.3338838028297557,1053.622464615735,0.7028998732566833,0.19843299686908722,0.09860558062791824,0.08386145532131195,0.002280712826177478,0.564272403717041
733,0.018052026629447937,0.05795915424823761,0.11319398880004883,-0.2827407717704773,2.6840503215789795,3.2106729861831274,1092.3287765535858,0.6941844820976257,0.20201115310192108,0.10379394143819809,0.08730951696634293,0.0011706976220011711,0.5616911053657532
734,0.01784835197031498,0.05790270119905472,0.10868549346923828,-0.3268849551677704,2.661688804626465,3.2441483276502607,1068.605291431766,0.7032567858695984,0.19322700798511505,0.10350728034973145,0.0895550325512886,0.0017055390635505319,0.5781854391098022
735,0.017901252955198288,0.06456591933965683,0.11595964431762695,-0.3084006905555725,2.6799817085266113,3.606782134057324,1104.2342566576992,0.6934493780136108,0.1940499097108841,0.11249727010726929,0.08854701370000839,0.001408617477864027,0.5698698163032532
736,0.01768265850841999,0.06447100639343262,0.11752843856811523,-0.3014528453350067,2.7637858390808105,3.6460018927067623,1038.1922533724767,0.7203475832939148,0.17115937173366547,0.108486607670784,0.09294245392084122,0.0016390768578276038,0.5918039679527283
737,0.01772349514067173,0.06682521104812622,0.12510299682617188,-0.2843018174171448,2.9798471927642822,3.7704307482222204,1118.9255563609015,0.6986585259437561,0.17522172629833221,0.12610752880573273,0.08952653408050537,0.0013981928350403905,0.5765377283096313
738,0.018039125949144363,0.06677523255348206,0.12510299682617188,-0.30974406003952026,2.9273107051849365,3.7016889143094915,1120.4408026228823,0.6972206234931946,0.1766398549079895,0.12613257765769958,0.08824428915977478,0.0017699592281132936,0.5676349401473999
739,0.018187256529927254,0.056738898158073425,0.11162281036376953,-0.29463812708854675,2.7658262252807617,3.11970626584551,1104.5896357228758,0.7004230618476868,0.17607338726520538,0.12350357323884964,0.08575943857431412,0.0012751200702041388,0.5705320239067078
740,0.018435321748256683,0.05677833780646324,0.11162281036376953,-0.21926100552082062,2.609205722808838,3.0798669303806734,1110.7224928105536,0.6936191320419312,0.1846313327550888,0.12172865867614746,0.08331502974033356,0.0011028462322428823,0.5657044053077698
741,0.01813090778887272,0.052931513637304306,0.09758949279785156,-0.226878821849823,2.473808526992798,2.919407800798037,989.5908411130077,0.7150082588195801,0.19500194489955902,0.0899791345000267,0.0893353521823883,0.00153689447324723,0.5867264270782471
742,0.017893455922603607,0.06103165075182915,0.1139688491821289,-0.2952764332294464,2.766897201538086,3.4108363980890415,1070.3482399525658,0.6961241960525513,0.19407624006271362,0.10979872941970825,0.0900326669216156,0.0012750057503581047,0.5750598907470703
743,0.018003255128860474,0.060850270092487335,0.11482477188110352,-0.32576051354408264,2.757599353790283,3.3799593269974912,1049.6229128587204,0.7120030522346497,0.17774759232997894,0.11024565994739532,0.09321257472038269,0.0020064234267920256,0.5813460350036621
744,0.017807547003030777,0.06013985723257065,0.1138615608215332,-0.28680849075317383,2.670383930206299,3.377211764144599,1036.6214318434127,0.7153595685958862,0.18817439675331116,0.09646400064229965,0.09058690816164017,0.001121765119023621,0.5901796817779541
745,0.017844131216406822,0.060179002583026886,0.11923551559448242,-0.24946202337741852,2.722379684448242,3.3724815094568856,1047.5645374157252,0.7002429366111755,0.2070404440164566,0.09270785748958588,0.08915529400110245,0.001643241150304675,0.5682380199432373
746,0.018118003383278847,0.059138327836990356,0.10682821273803711,-0.27530232071876526,2.7140562534332275,3.2640642891316167,1113.2664461655302,0.6765720248222351,0.21254564821720123,0.11086487770080566,0.09042762964963913,0.0013589701848104596,0.5514031052589417
747,0.018048500642180443,0.055440500378608704,0.10371208190917969,-0.30202716588974,2.7167482376098633,3.0717510265627905,1124.5902488245606,0.6756467819213867,0.20641382038593292,0.11791393905878067,0.08399788290262222,0.002050916664302349,0.552066445350647
748,0.017936090007424355,0.05568142980337143,0.10404348373413086,-0.32959508895874023,2.684736967086792,3.1044352351721347,1057.6534508394286,0.7028805613517761,0.18840597569942474,0.10870300233364105,0.08793004602193832,0.001347109442576766,0.5789521932601929
749,0.018117675557732582,0.05557820573449135,0.09897470474243164,-0.3155647814273834,2.6609950065612793,3.0676234130764684,1095.9972254938757,0.6982586979866028,0.1843949854373932,0.11734350025653839,0.0887622982263565,0.0015486296033486724,0.5755000710487366
750,0.018224790692329407,0.06220877915620804,0.11096000671386719,-0.329495370388031,2.7517590522766113,3.4134152870670578,1101.3145893081376,0.6879974007606506,0.19563911855220795,0.1162494495511055,0.08521704375743866,0.0008835490443743765,0.5706674456596375
751,0.018076539039611816,0.06223643571138382,0.11096000671386719,-0.35161954164505005,2.8129868507385254,3.4429398001221245,1117.6247826183298,0.6732321977615356,0.20719119906425476,0.11947204172611237,0.0887390598654747,0.0013898020843043923,0.55043625831604
752,0.017674848437309265,0.055790308862924576,0.10303735733032227,-0.2997870445251465,2.6892545223236084,3.1564801846901354,1046.7574322138407,0.6928942799568176,0.20099955797195435,0.10609978437423706,0.09126634150743484,0.001387918833643198,0.565960168838501
753,0.017825469374656677,0.05492135509848595,0.10391712188720703,-0.26625528931617737,2.642934560775757,3.0810608091750566,1026.8491454694213,0.7136355042457581,0.1830325573682785,0.10333184897899628,0.08963192254304886,0.001449489500373602,0.5762489438056946
754,0.01783592440187931,0.0550585612654686,0.10391712188720703,-0.3075332045555115,2.6498775482177734,3.0869474450441334,1018.2030428529241,0.7270830869674683,0.16674332320690155,0.10617246478796005,0.08969087153673172,0.0014320090413093567,0.5901660323143005
755,0.017901098355650902,0.06588173657655716,0.11072874069213867,-0.3260888159275055,2.6811938285827637,3.68031811590375,1027.712683920798,0.7197753190994263,0.17451328039169312,0.10566505044698715,0.08982086926698685,0.0014907646691426635,0.5871523022651672
756,0.017633864656090736,0.06582234054803848,0.11207342147827148,-0.3641030788421631,2.762659788131714,3.732723474293579,1058.6877248418743,0.7120407819747925,0.17219451069831848,0.1157127097249031,0.09350056946277618,0.0020924576092511415,0.5810450315475464
757,0.01774916984140873,0.06186223775148392,0.11278152465820312,-0.3651235103607178,2.7512786388397217,3.4853595013595653,1075.8908326545943,0.6966466307640076,0.19030910730361938,0.11301896721124649,0.08963777124881744,0.001762830768711865,0.5715509057044983
758,0.01855199784040451,0.05781708285212517,0.10886430740356445,-0.2711181342601776,2.6511809825897217,3.1164882265719385,1124.5451515286472,0.6709528565406799,0.21387098729610443,0.11517523229122162,0.08697085827589035,0.002317627891898155,0.5430020689964294
759,0.018132001161575317,0.06173786148428917,0.1068878173828125,-0.2715429663658142,2.646712303161621,3.404911621763896,1057.1569150769767,0.7000951170921326,0.19608929753303528,0.10380925983190536,0.0858810544013977,0.0015718488721176982,0.5756902098655701
760,0.017668597400188446,0.061794474720954895,0.10886669158935547,-0.3048034608364105,2.688415288925171,3.4974182340471693,1056.1100087791604,0.7171173691749573,0.17635926604270935,0.1065230444073677,0.0900166928768158,0.0019293597433716059,0.5824325084686279
761,0.017536813393235207,0.05404776707291603,0.1011347770690918,-0.31393811106681824,2.7080254554748535,3.0819605510932164,1084.9788538952728,0.7059330940246582,0.17886178195476532,0.1152009516954422,0.09612946957349777,0.0015790930483490229,0.5710161924362183
762,0.01787952147424221,0.05977964028716087,0.11619806289672852,-0.3592749238014221,2.7348690032958984,3.343469810975523,1055.2855708993857,0.6955130100250244,0.20067158341407776,0.10381307452917099,0.08755744993686676,0.0019133802270516753,0.5659409761428833
763,0.01888883300125599,0.06285678595304489,0.1232767105102539,-0.24078863859176636,2.843449115753174,3.327722043258977,1177.9999618730787,0.6356192827224731,0.2573998272418976,0.10692992806434631,0.08139371871948242,0.0014947032323107123,0.5179057717323303
764,0.01887192390859127,0.06285948306322098,0.1232767105102539,-0.16322395205497742,2.7747795581817627,3.3308465721014238,1224.807801621282,0.6270544528961182,0.2546629011631012,0.11817123740911484,0.07970854640007019,0.0014602437149733305,0.5076508522033691
765,0.018048414960503578,0.060568343847990036,0.11397123336791992,-0.22918406128883362,2.667067289352417,3.355881609392264,1141.6203851791108,0.6885533332824707,0.1819342076778412,0.1294884830713272,0.08698251843452454,0.0013473941944539547,0.5654538869857788
766,0.01774219237267971,0.06050204113125801,0.1109623908996582,-0.32544198632240295,2.7796034812927246,3.410065670407899,1025.5646339691975,0.718631386756897,0.1741700917482376,0.10719049721956253,0.0920117199420929,0.0015036548720672727,0.5899022817611694
767,0.01801200769841671,0.058818086981773376,0.10994434356689453,-0.3749132454395294,2.896561861038208,3.2654931067833215,1068.282750176665,0.6823534965515137,0.21588100492954254,0.10175279527902603,0.0864381343126297,0.001375952735543251,0.565435528755188
768,0.018569471314549446,0.061509329825639725,0.11266469955444336,-0.2850634753704071,2.833434820175171,3.312389931862729,1119.8319540129628,0.652701199054718,0.24670642614364624,0.1005617305636406,0.0830194503068924,0.0014613417442888021,0.5338020324707031
769,0.018485985696315765,0.06162452697753906,0.11407136917114258,-0.2960120439529419,2.74759840965271,3.333580799345051,1051.5617531668493,0.6824870705604553,0.22291436791419983,0.09459858387708664,0.08436904847621918,0.001202037208713591,0.5640730261802673
770,0.01817011646926403,0.060340121388435364,0.11275053024291992,-0.3189336657524109,2.6716794967651367,3.3208439520563275,1073.8173642257295,0.6923019289970398,0.2011338472366333,0.10656329244375229,0.08761925995349884,0.0015543741174042225,0.5739295482635498
771,0.01804816536605358,0.06536132842302322,0.12285947799682617,-0.2961120009422302,2.787351369857788,3.621494323314352,1156.0432517492804,0.6617875099182129,0.22577054798603058,0.11244115978479385,0.08732785284519196,0.0017484857235103846,0.5419951677322388
772,0.017936984077095985,0.06538742780685425,0.12285947799682617,-0.2844175398349762,2.7520129680633545,3.6453969921678797,1124.218277365282,0.6727657914161682,0.2166992872953415,0.1105349212884903,0.08790010213851929,0.0015380597906187177,0.5531441569328308
773,0.018445169553160667,0.0649995282292366,0.12180805206298828,-0.2241915911436081,2.6256613731384277,3.5239322706347633,1082.4910801679914,0.6796603798866272,0.21900755167007446,0.10132744163274765,0.08702728897333145,0.002268629614263773,0.548880934715271
774,0.01876380667090416,0.06511427462100983,0.12180805206298828,-0.18373477458953857,2.693782329559326,3.470206006679241,1168.0524368988756,0.6509953141212463,0.23181000351905823,0.11718621104955673,0.08058598637580872,0.0012502672616392374,0.526400089263916
775,0.018464205786585808,0.08088184893131256,0.13190269470214844,-0.2645672857761383,2.8473050594329834,4.380467259831589,1180.0509477294672,0.6590693593025208,0.21304000914096832,0.12777145206928253,0.08432581275701523,0.002036463702097535,0.5258740186691284
776,0.017984135076403618,0.08099572360515594,0.13190269470214844,-0.34939709305763245,2.884322166442871,4.503731942434307,1125.3567575958773,0.686295747756958,0.19376277923583984,0.11993781477212906,0.08867447078227997,0.0015137579757720232,0.5606067776679993
777,0.017999066039919853,0.054173294454813004,0.1008749008178711,-0.30800163745880127,2.6732490062713623,3.009783637198347,1114.1509593333276,0.6815145611763,0.20163822174072266,0.11684442311525345,0.0847354531288147,0.002077661221846938,0.5604180693626404
778,0.01820656843483448,0.06105472519993782,0.11716127395629883,-0.26855626702308655,2.7792696952819824,3.3534449621911655,1131.0023862137468,0.6697298884391785,0.21001122891902924,0.12022370100021362,0.08756381273269653,0.0016425318317487836,0.5534225106239319
779,0.018169555813074112,0.06104505807161331,0.11716127395629883,-0.22577235102653503,2.7730941772460938,3.359744106915806,1097.9718823992096,0.6799022555351257,0.21023757755756378,0.10984877496957779,0.08446869254112244,0.0021242524962872267,0.5546225905418396
780,0.018026672303676605,0.062089793384075165,0.10687828063964844,-0.2845878303050995,2.7359280586242676,3.4443291770476905,1053.641221910202,0.6904675960540771,0.21314087510108948,0.09639149159193039,0.08674922585487366,0.0016980902291834354,0.5645655393600464
781,0.017817839980125427,0.06201247125864029,0.10784626007080078,-0.2990598976612091,2.687683582305908,3.480358524059626,1065.2938226068434,0.6982001066207886,0.1963978111743927,0.10538561642169952,0.09164714813232422,0.0019000854808837175,0.5593923330307007
782,0.017668893560767174,0.058151718229055405,0.11188507080078125,-0.2629222869873047,2.6505208015441895,3.291191835287693,1004.6456303046481,0.716785728931427,0.1890193074941635,0.09418932348489761,0.0908505991101265,0.001358264242298901,0.5897552967071533
783,0.018048007041215897,0.05815625935792923,0.11299371719360352,-0.2282799631357193,2.7057342529296875,3.2223092124186654,1055.3028144879254,0.6985619068145752,0.20010925829410553,0.10131727159023285,0.08758340030908585,0.00153815106023103,0.5740267038345337
784,0.0182858444750309,0.05978627875447273,0.11465787887573242,-0.2630321979522705,2.768261194229126,3.269538840978367,1121.379186123406,0.6825028657913208,0.2056504487991333,0.11184650659561157,0.08513962477445602,0.0015743303811177611,0.5638524889945984
785,0.01804083213210106,0.059717096388339996,0.11465787887573242,-0.32414960861206055,2.7852890491485596,3.310107646241657,1060.193792339663,0.7043384313583374,0.19136475026607513,0.1042821928858757,0.08904585242271423,0.0016346764750778675,0.5822373628616333
786,0.018056049942970276,0.05866122245788574,0.11559247970581055,-0.27765965461730957,2.7377724647521973,3.248840285661447,1109.8140827610293,0.6874334812164307,0.19184786081314087,0.12070900946855545,0.08795227855443954,0.0016308840131387115,0.5655266642570496
787,0.018305756151676178,0.06386782974004745,0.12076139450073242,-0.3090154528617859,2.8426740169525146,3.4889479138347648,1124.8208366950607,0.6718164086341858,0.21366608142852783,0.11451755464076996,0.08736594021320343,0.0015573379350826144,0.5472761392593384
788,0.018143311142921448,0.06369808316230774,0.11120796203613281,-0.3438142240047455,2.7556967735290527,3.5108301156841764,1072.5000292867267,0.6909186244010925,0.201076477766037,0.10800409317016602,0.09034602344036102,0.0024322490207850933,0.5545509457588196
789,0.01808757521212101,0.058564022183418274,0.10277509689331055,-0.295597642660141,2.5905728340148926,3.2378039341025113,1092.9311819376715,0.6845788359642029,0.20767392218112946,0.10773324221372604,0.08620895445346832,0.0016628534067422152,0.5594781041145325
790,0.01840886101126671,0.058489177376031876,0.10553836822509766,-0.28983503580093384,2.6196932792663574,3.1772295601046547,1119.8297090504948,0.6733464598655701,0.2212410271167755,0.10539250075817108,0.08681789040565491,0.002215848071500659,0.5438387989997864
791,0.01808023452758789,0.055402327328920364,0.10887622833251953,-0.29568037390708923,2.673128843307495,3.0642482674281672,1101.298066169069,0.6787571310997009,0.21752727031707764,0.1037154421210289,0.08726688474416733,0.0014844801044091582,0.5585910081863403
792,0.01769617199897766,0.06319806724786758,0.11666536331176758,-0.3051028847694397,2.7464406490325928,3.5712846398615117,1079.5111457837697,0.6871838569641113,0.21213176846504211,0.10067372769117355,0.0892104059457779,0.0016199852107092738,0.5591485500335693
793,0.017910083755850792,0.06334546953439713,0.10915994644165039,-0.30295220017433167,2.752352237701416,3.536860597325059,1092.1328869041367,0.6977811455726624,0.19001777470111847,0.11219973862171173,0.0905710905790329,0.0015483433380723,0.5645949840545654
794,0.01820451021194458,0.06330527365207672,0.11011362075805664,-0.3131571114063263,2.661010265350342,3.477449978690588,1039.168710434829,0.713621199131012,0.18447937071323395,0.10189912468194962,0.0829574391245842,0.0023617809638381004,0.5796372294425964
795,0.018259821459650993,0.06718068569898605,0.12035608291625977,-0.3411726951599121,2.7155046463012695,3.6791534815253857,1071.0677815175613,0.6940528154373169,0.19858355820178986,0.10730121284723282,0.08682326227426529,0.0015716562047600746,0.5635166168212891
796,0.01793312467634678,0.06705594062805176,0.12035608291625977,-0.30891162157058716,2.6325464248657227,3.7392223516271645,1108.4724586390912,0.6759556531906128,0.21375542879104614,0.11028555035591125,0.0906401127576828,0.001764690619893372,0.5473823547363281
797,0.01771816983819008,0.05610204115509987,0.10404348373413086,-0.2797907590866089,2.5831139087677,3.1663564388580423,1084.389298847127,0.6906201243400574,0.19981156289577484,0.10954193770885468,0.08917909860610962,0.0015277898637577891,0.5689644813537598
798,0.017761176452040672,0.05607827752828598,0.10404348373413086,-0.2533380389213562,2.585101366043091,3.157351523225564,1025.8918331595685,0.7125046253204346,0.18607160449028015,0.10142061114311218,0.09018068760633469,0.0016831334214657545,0.5913887619972229
799,0.01771189458668232,0.057852160185575485,0.10486841201782227,-0.26386693120002747,2.6296427249908447,3.26628864569963,1059.063160526028,0.708521842956543,0.18296866118907928,0.10850677639245987,0.09125958383083344,0.0010583986295387149,0.5848332047462463
800,0.018089836463332176,0.0668637603521347,0.11462688446044922,-0.3443279266357422,2.906939744949341,3.6962059045680338,1110.4765750310164,0.6938102841377258,0.1852020025253296,0.1209336370229721,0.08942335844039917,0.001018711132928729,0.5665017366409302
801,0.018091384321451187,0.06680350005626678,0.11852264404296875,-0.36815541982650757,2.8866562843322754,3.692558781881852,1068.3776192448652,0.6988234519958496,0.19125477969646454,0.10991700738668442,0.08721479028463364,0.0015704676043242216,0.569063127040863
802,0.017892803996801376,0.056075699627399445,0.10772943496704102,-0.2743132412433624,2.722583055496216,3.1339805451560245,1138.7577445778754,0.6896358728408813,0.18236781656742096,0.12799017131328583,0.09053768217563629,0.0016009834362193942,0.563407301902771
803,0.017767438665032387,0.056761931627988815,0.10505199432373047,-0.28822994232177734,2.7342145442962646,3.194716621507506,1073.7713074886049,0.7169675230979919,0.16249112784862518,0.12053165584802628,0.09324408322572708,0.002088563283905387,0.5822174549102783
804,0.017681578174233437,0.05907528102397919,0.10686397552490234,-0.3540641665458679,2.7149507999420166,3.34106381446911,1013.4836215012856,0.7265468239784241,0.1692238748073578,0.10422933846712112,0.09047143906354904,0.0016044842777773738,0.5965957045555115
805,0.017885835841298103,0.06119700148701668,0.11097192764282227,-0.3105967044830322,2.6518421173095703,3.4215343373717135,1080.4978881367383,0.6957561373710632,0.1944626122713089,0.10977248847484589,0.09368665516376495,0.002307712333276868,0.5654589533805847
806,0.018124742433428764,0.06134297326207161,0.11249780654907227,-0.277543306350708,2.6386349201202393,3.3844879994293255,1122.0967194341513,0.6812344789505005,0.21169458329677582,0.107049860060215,0.08550667017698288,0.001171582262031734,0.5658349990844727
807,0.017882471904158592,0.057691868394613266,0.10886430740356445,-0.2918674051761627,2.611697196960449,3.2261685465291174,1102.4871518115535,0.6924892067909241,0.2010631561279297,0.1063912883400917,0.08703472465276718,0.002088078996166587,0.5639367699623108
808,0.017341654747724533,0.05775207653641701,0.10524988174438477,-0.32690271735191345,2.6148035526275635,3.3302517766169135,1020.0847596353503,0.7237715721130371,0.17392998933792114,0.10229772329330444,0.09892985969781876,0.0019798262510448694,0.5817901492118835
809,0.01802152208983898,0.06953775137662888,0.1310420036315918,-0.2581538259983063,2.7431962490081787,3.8585947971607535,1067.9018417823543,0.7151747941970825,0.17071300745010376,0.11411089450120926,0.08460644632577896,0.0023418201599270105,0.5802402496337891
810,0.01827894151210785,0.06957622617483139,0.1310420036315918,-0.25096893310546875,2.813114881515503,3.806359691283995,1098.9766892957914,0.6964923739433289,0.18693529069423676,0.11652456223964691,0.08445575088262558,0.0013914426090195775,0.5685678124427795
811,0.01798291876912117,0.06211698800325394,0.11708498001098633,-0.3115312159061432,2.7287838459014893,3.4542216865519095,1100.3654901447544,0.686760425567627,0.1966080367565155,0.11659235507249832,0.08990047872066498,0.00166278425604105,0.5568386316299438
812,0.017951803281903267,0.062160640954971313,0.1132512092590332,-0.30441683530807495,2.6012394428253174,3.462640492176692,1076.8680358054983,0.6938331127166748,0.19357454776763916,0.11258448660373688,0.08898914605379105,0.0014967973111197352,0.5724829435348511
813,0.017819387838244438,0.057979147881269455,0.1080012321472168,-0.23432081937789917,2.5536773204803467,3.2537115418510267,1081.8896996443555,0.6924748420715332,0.19549398124217987,0.11201950162649155,0.08949732780456543,0.00161791464779526,0.5678138732910156
814,0.017435479909181595,0.058022286742925644,0.10529041290283203,-0.2560151219367981,2.678236484527588,3.3278284877632216,1046.6189513419592,0.7034602761268616,0.18906906247138977,0.1074410006403923,0.09190624952316284,0.0013977470807731152,0.5695090293884277
815,0.01755521446466446,0.06060275435447693,0.10788202285766602,-0.33822548389434814,2.772789478302002,3.4521226996689465,981.7355924467661,0.7282834649085999,0.17766761779785156,0.09400319308042526,0.09453552961349487,0.0019354027463123202,0.5853477120399475
816,0.018016815185546875,0.07252053171396255,0.11558055877685547,-0.35619229078292847,2.757568359375,4.025158218202378,1026.609059688059,0.7214747667312622,0.178125262260437,0.10039430856704712,0.08829838782548904,0.0012533435365185142,0.5850465893745422
817,0.018050871789455414,0.07241496443748474,0.11934757232666016,-0.3158308267593384,2.6864066123962402,4.011715626708673,1041.9980444583696,0.7066083550453186,0.19997228682041168,0.09341948479413986,0.08721969276666641,0.0010342393070459366,0.5796806216239929
818,0.018188398331403732,0.06417481601238251,0.11235713958740234,-0.2867898643016815,2.7980175018310547,3.5283379459559776,1101.3705515950164,0.6855791211128235,0.21228168904781342,0.10208090394735336,0.08905144035816193,0.0017834894824773073,0.5571262836456299
819,0.018107768148183823,0.06423541158437729,0.11235713958740234,-0.315995991230011,2.844972848892212,3.5473952977066694,1132.8134148601507,0.6834178566932678,0.1993771493434906,0.11720498651266098,0.08698983490467072,0.0014210318913683295,0.5600414276123047
820,0.01767970621585846,0.05683682858943939,0.10177850723266602,-0.3010270595550537,2.681342363357544,3.214806167720294,1096.40269644134,0.6920491456985474,0.19200590252876282,0.11594412475824356,0.09440838545560837,0.0026017476338893175,0.5609119534492493
821,0.017698785290122032,0.05306793004274368,0.1050257682800293,-0.28223085403442383,2.6566195487976074,2.9983939106467004,1047.933747013193,0.697084367275238,0.20138618350028992,0.10151241719722748,0.08945003151893616,0.0016968445852398872,0.5714032649993896
822,0.018266979604959488,0.059025660157203674,0.11589288711547852,-0.29623252153396606,2.7360827922821045,3.2312764031305385,1043.9119180414539,0.6981622576713562,0.2035062313079834,0.09832354635000229,0.08507684618234634,0.00197517778724432,0.5759463310241699
823,0.01787673495709896,0.0690460354089737,0.12801885604858398,-0.3597780466079712,2.8624789714813232,3.8623403865868,1015.4996388593186,0.7133732438087463,0.18807311356067657,0.0985504537820816,0.09394816309213638,0.001701830537058413,0.5786092281341553
824,0.01745123602449894,0.06898181140422821,0.11467456817626953,-0.3756495416164398,2.740370512008667,3.952832412754901,952.039656144054,0.7430433630943298,0.1618991643190384,0.09503693878650665,0.09007441997528076,0.002894795034080744,0.6001113057136536
825,0.017820827662944794,0.055648766458034515,0.10468006134033203,-0.2646169364452362,2.6469619274139404,3.1226813651659646,1067.6443708122822,0.7015225291252136,0.1852709800004959,0.1131737008690834,0.0893779844045639,0.001451189978979528,0.569927453994751
826,0.01823986880481243,0.055631645023822784,0.1088404655456543,-0.20922636985778809,2.607675075531006,3.050002476229152,1146.1426482134375,0.6675595641136169,0.2090478390455246,0.12327524274587631,0.08646784722805023,0.0013318972196429968,0.5455892086029053
827,0.018146246671676636,0.06264445185661316,0.12441158294677734,-0.2060522884130478,2.6811258792877197,3.452198847871877,1133.0178004446889,0.6889901757240295,0.1843607872724533,0.12656842172145844,0.08451186120510101,0.0015674879541620612,0.5724340677261353
828,0.01791461557149887,0.0626271516084671,0.12441158294677734,-0.23774605989456177,2.7579104900360107,3.4958691329445806,1030.9806491590575,0.7130809426307678,0.18422438204288483,0.10268948972225189,0.09052981436252594,0.0022244283463805914,0.5858210921287537
829,0.01782309263944626,0.06224739924073219,0.10815858840942383,-0.32644927501678467,2.742823600769043,3.4925139254156754,1040.5231402377378,0.703775942325592,0.19656962156295776,0.09961281716823578,0.09038649499416351,0.0018015853129327297,0.5743085741996765
830,0.018125254660844803,0.06693699210882187,0.13216257095336914,-0.35873013734817505,2.9696919918060303,3.6930235385729455,1140.1790475495072,0.681929886341095,0.20095010101795197,0.11708348244428635,0.08770487457513809,0.0012144539505243301,0.5376703143119812
831,0.01824282668530941,0.06698163598775864,0.13216257095336914,-0.31394463777542114,2.925438404083252,3.6716698097025704,1139.4126498145588,0.6762146353721619,0.20695950090885162,0.11682198196649551,0.08555905520915985,0.0014603071613237262,0.5361328721046448
832,0.017905225977301598,0.058427851647138596,0.11127710342407227,-0.25068074464797974,2.65147066116333,3.2631730935953693,1095.7094485178454,0.6867420673370361,0.19882448017597198,0.11440145969390869,0.08973494917154312,0.001442119712010026,0.5548387765884399
833,0.017903538420796394,0.06802183389663696,0.11912345886230469,-0.256710022687912,2.663059949874878,3.7993514071958425,1044.6862446258324,0.7010766863822937,0.19842207431793213,0.10047488659620285,0.09144376218318939,0.0018304710974916816,0.5717818140983582
834,0.018261941149830818,0.06809702515602112,0.12813806533813477,-0.27159783244132996,2.8007779121398926,3.728903986360896,1159.3005381192324,0.6771359443664551,0.19562627375125885,0.12723426520824432,0.08531098067760468,0.0014969413168728352,0.5578344464302063
835,0.018287286162376404,0.06550323218107224,0.1256871223449707,-0.3060658872127533,2.865720510482788,3.581900102392136,1127.1681054073192,0.6809800267219543,0.19993384182453156,0.1190854087471962,0.09109911322593689,0.0025455851573497057,0.5464687943458557
836,0.018068335950374603,0.07552392780780792,0.1310586929321289,-0.3639111816883087,2.909724235534668,4.179905001271698,1070.7905326194127,0.6881269812583923,0.21739907562732697,0.0944426953792572,0.08644817024469376,0.0017203232273459435,0.5591530203819275
837,0.0180687066167593,0.07552630454301834,0.12382745742797852,-0.3430372476577759,2.8072495460510254,4.179950792315447,1063.3608658242388,0.6905970573425293,0.21168038249015808,0.09771189838647842,0.08519226312637329,0.002586342627182603,0.5549048185348511
838,0.01805523969233036,0.06276427209377289,0.1110529899597168,-0.35451987385749817,2.757058620452881,3.476235882759182,1061.4039781779527,0.6946531534194946,0.20275883376598358,0.10256516188383102,0.08981043100357056,0.001865066820755601,0.5619649887084961
839,0.018432825803756714,0.06354181468486786,0.12446403503417969,-0.2775787115097046,2.8118600845336914,3.4472096333960076,1101.789212845709,0.6877135038375854,0.19674599170684814,0.11551571637392044,0.08130177855491638,0.002155944239348173,0.5659952759742737
840,0.018160518258810043,0.06346917152404785,0.12446403503417969,-0.24478863179683685,2.7924187183380127,3.49489869264952,1060.0030958931839,0.7056191563606262,0.17449122667312622,0.11981386691331863,0.08839821070432663,0.0018848251784220338,0.5812201499938965
841,0.01787153258919716,0.06179295480251312,0.10958671569824219,-0.2611151337623596,2.689471960067749,3.4576192327460276,1098.0980004502917,0.6998909115791321,0.175155371427536,0.12493018805980682,0.089339978992939,0.0020443869289010763,0.5708628296852112
842,0.017901118844747543,0.06287921220064163,0.11099815368652344,-0.28262460231781006,2.728792190551758,3.512585595485209,1062.318589472673,0.7033904194831848,0.19121959805488586,0.10537640750408173,0.08818820863962173,0.0011180088622495532,0.5827966928482056
843,0.018085196614265442,0.0628119558095932,0.11099815368652344,-0.32925134897232056,2.8307716846466064,3.4731143457171254,1029.4523024865516,0.7117063403129578,0.18827064335346222,0.10001763701438904,0.08932867646217346,0.0017535901861265302,0.5853524804115295
844,0.017969399690628052,0.05813899636268616,0.10482311248779297,-0.3401378393173218,2.8398070335388184,3.2354445535413814,1047.278734126136,0.7055225372314453,0.1883867383003235,0.10608553886413574,0.08699741214513779,0.0017308115493506193,0.5758257508277893
845,0.017859704792499542,0.06981740891933441,0.1163935661315918,-0.3956659138202667,2.9162092208862305,3.9092140506569906,1056.2307376829813,0.7058431506156921,0.1860150396823883,0.10813754796981812,0.09054018557071686,0.0019032659474760294,0.566315770149231
846,0.01800524815917015,0.06983252614736557,0.12318134307861328,-0.3186572194099426,2.8363990783691406,3.8784539666520015,1113.8156489711725,0.6878523826599121,0.19469952583312988,0.11742603033781052,0.08930350840091705,0.001593486056663096,0.553134024143219
847,0.017847493290901184,0.06059945747256279,0.11401891708374023,-0.23186522722244263,2.7389845848083496,3.395404412341847,1105.3424730295064,0.6893301010131836,0.19501344859600067,0.11554992198944092,0.08843854814767838,0.0014824046520516276,0.567849338054657
848,0.017593156546354294,0.058667734265327454,0.11179447174072266,-0.3135843276977539,2.7763607501983643,3.3346906285643247,1082.8462624130439,0.7059741616249084,0.1790178269147873,0.11488215625286102,0.09330203384160995,0.0016850654501467943,0.5793863534927368
849,0.01734990067780018,0.058742955327034,0.11311531066894531,-0.3268277943134308,2.732739210128784,3.3857804960700406,1055.9323919386393,0.7050654888153076,0.18661333620548248,0.10830911993980408,0.09696248173713684,0.001251189038157463,0.5726540088653564
850,0.01778547838330269,0.057208385318517685,0.11173486709594727,-0.2596731185913086,2.624866247177124,3.216578383913998,1068.4080074147644,0.7029791474342346,0.1847287267446518,0.11228221654891968,0.09342224150896072,0.002417320152744651,0.5617858171463013
851,0.018152212724089622,0.05730127543210983,0.10424137115478516,-0.2612117826938629,2.570681095123291,3.156710220396942,1087.5614731214116,0.7070814967155457,0.17377223074436188,0.1191115528345108,0.08521028608083725,0.001802412560209632,0.5774897336959839
852,0.01804320141673088,0.05780986696481705,0.10648727416992188,-0.2904043197631836,2.6672897338867188,3.2039694966774492,1049.3841650500617,0.720622181892395,0.16756930947303772,0.1118069589138031,0.08824484050273895,0.002413333859294653,0.5871905088424683
853,0.01795618049800396,0.057936180382966995,0.10648727416992188,-0.30223238468170166,2.690746784210205,3.226531409961086,1063.2094144118314,0.7161988019943237,0.1718498021364212,0.11195147782564163,0.09184477478265762,0.002259066328406334,0.5822511911392212
854,0.017665579915046692,0.06298656761646271,0.10900735855102539,-0.32155466079711914,2.741931200027466,3.5654967408824367,1047.1650694168882,0.7109833359718323,0.18029940128326416,0.10871066898107529,0.089207723736763,0.002552648074924946,0.583548367023468
855,0.017849398776888847,0.06303662061691284,0.10889053344726562,-0.31799009442329407,2.771763324737549,3.5315822903234255,1088.0050844968732,0.6867033839225769,0.19876275956630707,0.11452402174472809,0.09082670509815216,0.0015199632616713643,0.5594885945320129
856,0.018208369612693787,0.06137944012880325,0.10716438293457031,-0.2816302478313446,2.734692335128784,3.3709465169601036,1077.6304691412793,0.6918216347694397,0.19298259913921356,0.1151871532201767,0.08508056402206421,0.002534313127398491,0.5618969202041626
857,0.017672235146164894,0.06141381710767746,0.1070094108581543,-0.2926940619945526,2.7341129779815674,3.475158439000847,1028.3062174163704,0.7190994620323181,0.17131850123405457,0.10953622311353683,0.08760581910610199,0.0010713579831644893,0.5934075117111206
858,0.01764237880706787,0.06334736943244934,0.12585163116455078,-0.2615453004837036,2.70949649810791,3.590636507786612,1035.5308183761665,0.7218583822250366,0.17130708694458008,0.10669704526662827,0.09195812046527863,0.0017383820377290249,0.590907871723175
859,0.01851147785782814,0.06320257484912872,0.12585163116455078,-0.2518277168273926,2.7085235118865967,3.4142371198627646,1090.8395989192047,0.6906256079673767,0.20321102440357208,0.1061597466468811,0.08311494439840317,0.001242940779775381,0.5726767182350159
860,0.018697183579206467,0.057346194982528687,0.10117053985595703,-0.25764569640159607,2.5569920539855957,3.0671033814546007,1089.288858684766,0.681772768497467,0.21417979896068573,0.10390397161245346,0.08185306191444397,0.0015002901200205088,0.5632625222206116
861,0.018358558416366577,0.055146507918834686,0.10587453842163086,-0.2544292211532593,2.5051491260528564,3.0038582913279264,1073.479852457845,0.7001413106918335,0.19085685908794403,0.10884241759777069,0.084159716963768,0.0016936332685872912,0.5760040283203125
862,0.01824680157005787,0.06325788050889969,0.12021541595458984,-0.2622705101966858,2.599403142929077,3.466792810923974,1075.2221719732718,0.7132651209831238,0.1724162995815277,0.11431474983692169,0.08525622636079788,0.0014741863124072552,0.5928835272789001
863,0.01818571239709854,0.06324847787618637,0.12021541595458984,-0.2899768650531769,2.688736915588379,3.4779213753979468,1080.9134625617237,0.7039562463760376,0.1777040958404541,0.11833958327770233,0.0880264863371849,0.001655559055507183,0.5788956880569458
864,0.018132617697119713,0.06645163893699646,0.12047290802001953,-0.29746079444885254,2.750668525695801,3.6647570716657896,1145.8362240022702,0.674759566783905,0.201529860496521,0.12369775027036667,0.0866699069738388,0.0016282550059258938,0.5510003566741943
865,0.018270304426550865,0.06630787998437881,0.11859655380249023,-0.2758261263370514,2.6916544437408447,3.629270669644085,1103.5155518707713,0.6798839569091797,0.21038678288459778,0.10972626507282257,0.08937031775712967,0.00249696196988225,0.5435947179794312
866,0.018197383731603622,0.058303430676460266,0.11047840118408203,-0.29197341203689575,2.698164463043213,3.2039457722705507,1050.9745814144883,0.6973020434379578,0.19853192567825317,0.1041618287563324,0.08678413182497025,0.0015340913087129593,0.5616268515586853
867,0.01808374561369419,0.05938855558633804,0.10251760482788086,-0.28620216250419617,2.738125801086426,3.2840848821762387,1039.0185389477535,0.7073031067848206,0.18907350301742554,0.10362116992473602,0.08761994540691376,0.0023930720053613186,0.5743509531021118
868,0.018349412828683853,0.05947883427143097,0.11172294616699219,-0.3030800521373749,2.806675434112549,3.241457087673783,1104.0257333803806,0.6901471018791199,0.19355149567127228,0.11626467853784561,0.08734454959630966,0.001757885911501944,0.5635912418365479
869,0.018241392448544502,0.061059728264808655,0.1133584976196289,-0.3084636926651001,2.8523871898651123,3.347317285876022,1100.3456351948848,0.6909034252166748,0.19354848563671112,0.11552264541387558,0.08486147969961166,0.002364074345678091,0.56452476978302
870,0.01790560968220234,0.06106773763895035,0.11091947555541992,-0.25283488631248474,2.709765911102295,3.410536626197062,1044.5155026897123,0.702160120010376,0.19652481377124786,0.10129482299089432,0.0896792933344841,0.002292875899001956,0.5776113271713257
871,0.01787828840315342,0.053544361144304276,0.10659456253051758,-0.22810766100883484,2.628080129623413,2.9949377666301125,1120.6500894418764,0.7022501826286316,0.16894055902957916,0.12868748605251312,0.08645182102918625,0.0024399866815656424,0.5686723589897156
872,0.017999250441789627,0.053422678261995316,0.10659456253051758,-0.2605096995830536,2.595810890197754,2.968050165855438,1089.6296353589364,0.7152209281921387,0.16169270873069763,0.12303784489631653,0.08740431070327759,0.0010401017498224974,0.5864278078079224
873,0.014317370019853115,0.06092441827058792,0.10692358016967773,-0.1112697497010231,2.776045083999634,4.255279997782559,1269.2802056588569,0.5740358233451843,0.3354071080684662,0.09047584235668182,0.14035269618034363,0.0026788811665028334,0.3345058262348175
874,0.014378171414136887,0.06099894642829895,0.108642578125,-0.145843505859375,2.96978497505188,4.242468994637328,1320.3973692957836,0.5652894377708435,0.3364174962043762,0.09828157722949982,0.1337091326713562,0.0028929433319717646,0.32485339045524597
875,0.01447386760264635,0.047699861228466034,0.09395599365234375,-0.09532814472913742,2.9493322372436523,3.295585018094899,1297.774180559819,0.5657381415367126,0.3475533723831177,0.08658182621002197,0.13134083151817322,0.002775740809738636,0.33317267894744873
876,0.01439373567700386,0.05724151432514191,0.1072239875793457,-0.09659293293952942,2.9699604511260986,3.976835173694132,1274.6071090626156,0.57697993516922,0.3348507583141327,0.08816888928413391,0.13754932582378387,0.0033254961017519236,0.3458428382873535
877,0.014814880676567554,0.06493205577135086,0.12223958969116211,-0.12661366164684296,2.959841728210449,4.382894279376134,1346.4487569414896,0.5442286133766174,0.3707616329193115,0.0850072056055069,0.12842969596385956,0.0026446483097970486,0.32393571734428406
878,0.015106966719031334,0.06490560621023178,0.10922908782958984,-0.10714703798294067,2.8056633472442627,4.29640227671708,1409.1134237925476,0.5164151787757874,0.3935783803462982,0.08991814404726028,0.1224851980805397,0.0029274607077240944,0.3036001920700073
879,0.014894843101501465,0.045392949134111404,0.0868082046508789,-0.14029061794281006,2.7395520210266113,3.047561415835796,1333.9042516555712,0.5474820137023926,0.36904165148735046,0.08346517384052277,0.12911808490753174,0.0021782424300909042,0.3254392445087433
880,0.014651942998170853,0.06982889771461487,0.11098623275756836,-0.2506227195262909,3.0169577598571777,4.765845575468486,1240.8832335136387,0.5772980451583862,0.3490138351917267,0.07364527881145477,0.1383460909128189,0.004109757021069527,0.3321537375450134
881,0.014339356683194637,0.06987078487873077,0.11098623275756836,-0.18692705035209656,3.0436458587646484,4.872658266165099,1269.6001439505858,0.564185380935669,0.35260578989982605,0.08289116621017456,0.13438670337200165,0.003422313369810581,0.32480695843696594
882,0.014530887827277184,0.04645535349845886,0.0881338119506836,-0.096535325050354,2.757702589035034,3.1970072336568798,1313.9237225851039,0.5447078347206116,0.3816237449645996,0.07360028475522995,0.13080529868602753,0.0028114309534430504,0.30508577823638916
883,0.014674737118184566,0.04877903684973717,0.09042501449584961,-0.0952313095331192,2.75221586227417,3.3240143556621122,1287.304004248632,0.5599700212478638,0.369017094373703,0.07094348967075348,0.13277754187583923,0.003664976917207241,0.32246699929237366
884,0.014324169605970383,0.048794422298669815,0.09403705596923828,-0.1250966191291809,2.9101428985595703,3.406439859168215,1285.2707608376816,0.57188481092453,0.3469718098640442,0.08113708347082138,0.13293340802192688,0.004725364502519369,0.3368672728538513
885,0.014120412059128284,0.048831816762685776,0.09401798248291016,-0.1961795538663864,2.933849811553955,3.4582430423947654,1291.6591528291117,0.5666723251342773,0.3560963571071625,0.07720993459224701,0.13728344440460205,0.0026384468656033278,0.3339497745037079
886,0.014095265418291092,0.048807449638843536,0.08705615997314453,-0.15783147513866425,2.7247331142425537,3.4626839713173885,1219.697392291927,0.5970486998558044,0.3254236876964569,0.07752744108438492,0.1415570080280304,0.002842718968167901,0.3419717252254486
887,0.014037108980119228,0.04389194771647453,0.08661031723022461,-0.09731047600507736,2.659107208251953,3.126850961655416,1192.2825395049126,0.6093807220458984,0.3076786398887634,0.08279845118522644,0.14214958250522614,0.00200031790882349,0.3596183955669403
888,0.014096546918153763,0.04367123544216156,0.08636713027954102,-0.10018129646778107,2.730130910873413,3.0980094410797174,1212.9093063271655,0.5959261655807495,0.32634374499320984,0.07772650569677353,0.1399846225976944,0.002988753840327263,0.35240402817726135
889,0.014344626106321812,0.0540538989007473,0.10294914245605469,-0.0915709063410759,2.8771109580993652,3.768233378572133,1249.7763473615867,0.5880264043807983,0.3246701955795288,0.08729792386293411,0.1352003961801529,0.0032195928506553173,0.34008264541625977
890,0.014041751623153687,0.054019853472709656,0.10294914245605469,-0.08364236354827881,2.7952446937561035,3.8470879501805384,1233.447488545764,0.6023998260498047,0.2985054850578308,0.0990244597196579,0.14394445717334747,0.0034382904414087534,0.3397345542907715
891,0.01395732443779707,0.048427484929561615,0.08756875991821289,-0.10819599777460098,2.709477186203003,3.4696825413721917,1245.7976318458952,0.5958340167999268,0.2949940860271454,0.10905693471431732,0.14351463317871094,0.003482729196548462,0.34825947880744934
892,0.014344991184771061,0.05752258375287056,0.09872913360595703,-0.12117757648229599,2.9269144535064697,4.009942077198889,1258.5206150845918,0.5777561664581299,0.3181755542755127,0.1040661558508873,0.1349862515926361,0.0024110632948577404,0.34028345346450806
893,0.01439052913337946,0.05744054540991783,0.10514974594116211,-0.11250346153974533,2.966926097869873,3.9915520043450265,1224.456042345281,0.5905596017837524,0.3069186508655548,0.10248372703790665,0.13929612934589386,0.0034657625947147608,0.3394626975059509
894,0.014309165067970753,0.05298097804188728,0.10054349899291992,-0.13389474153518677,2.967604398727417,3.7025904576903566,1241.4347421829252,0.585931122303009,0.31437379121780396,0.0996951013803482,0.13873931765556335,0.002828781958669424,0.34279537200927734
895,0.014200463891029358,0.0529697984457016,0.0968170166015625,-0.13732747733592987,2.841590642929077,3.7301456380895592,1230.8917960666442,0.5851768851280212,0.33282551169395447,0.0818997249007225,0.13892675936222076,0.003955137450248003,0.34612196683883667
896,0.013978447765111923,0.04463563486933708,0.0869607925415039,-0.13846246898174286,2.6619937419891357,3.1931753522410156,1198.8257901518075,0.6073943972587585,0.30703726410865784,0.08554402738809586,0.14249779284000397,0.004125397652387619,0.37008118629455566
897,0.014292404055595398,0.04576510563492775,0.08799552917480469,-0.1746158003807068,2.792816638946533,3.202057922075671,1235.8075568502095,0.5966122150421143,0.3159421682357788,0.08742497861385345,0.13932710886001587,0.004100612830370665,0.34589359164237976
898,0.014233960770070553,0.04585425183176994,0.08799552917480469,-0.1483568549156189,2.8615918159484863,3.2214681893015498,1239.8429041797197,0.591047465801239,0.3228066861629486,0.08613807708024979,0.13656310737133026,0.003524045692756772,0.3438241481781006
899,0.014023923315107822,0.04181713983416557,0.0821375846862793,-0.1020883098244667,2.7367756366729736,2.9818431612596292,1209.3045696948236,0.6038720607757568,0.3066173493862152,0.08943407982587814,0.1393694430589676,0.003845328465104103,0.3452455997467041
900,0.014184784144163132,0.046405382454395294,0.0889730453491211,-0.0967193990945816,2.719545364379883,3.271490209473442,1192.5737232103575,0.6036447882652283,0.31128957867622375,0.08492323756217957,0.14098729193210602,0.0032216664403676987,0.3566964864730835
901,0.014313873834908009,0.047175969928503036,0.09052515029907227,-0.06760615855455399,2.800701379776001,3.2958212758698946,1258.0283977252632,0.5808866024017334,0.32146891951560974,0.09764350205659866,0.13364136219024658,0.0036427646409720182,0.35791483521461487
902,0.014803113415837288,0.05541961267590523,0.10556936264038086,0.04608885198831558,2.966791868209839,3.7437808598338584,1386.7820155167758,0.5345320105552673,0.366449236869812,0.09895982593297958,0.1248820498585701,0.0025247433222830296,0.31737738847732544
903,0.014851151034235954,0.05559196695685387,0.10556936264038086,0.006729687098413706,2.9928786754608154,3.7432766541095663,1346.1106734661373,0.5435959100723267,0.3742642104625702,0.08201411366462708,0.12863321602344513,0.0031147839035838842,0.3059864640235901
904,0.01437342632561922,0.04643423110246658,0.0911259651184082,-0.11609718203544617,2.826890707015991,3.2305610400264526,1265.6968703178368,0.5856999754905701,0.32803499698638916,0.08621491491794586,0.13597111403942108,0.0027299080975353718,0.34413155913352966
905,0.014206185936927795,0.0489773154258728,0.09725093841552734,-0.12243727594614029,2.841790199279785,3.4476048419944125,1256.174140781156,0.5988346338272095,0.3030453324317932,0.09795723110437393,0.13682310283184052,0.0024725787807255983,0.3465633988380432
906,0.01469751913100481,0.04908138886094093,0.09789228439331055,-0.15380625426769257,2.807950496673584,3.339433575157796,1310.6745673276394,0.5711426138877869,0.3276577889919281,0.10119638592004776,0.13007690012454987,0.0027350049931555986,0.3324347138404846
907,0.015071188099682331,0.04911230504512787,0.09415864944458008,-0.12226089835166931,2.730510950088501,3.2586883473974,1357.7419622480936,0.5397322773933411,0.3632779121398926,0.09691501408815384,0.12437430769205093,0.0028537199832499027,0.31452733278274536
908,0.01498726848512888,0.05313369259238243,0.10167360305786133,-0.11574123054742813,2.8081679344177246,3.545255270602451,1329.4440182945432,0.5262835621833801,0.3880094885826111,0.08542833477258682,0.12566909193992615,0.003716057864949107,0.30665549635887146
909,0.015044528990983963,0.05301115661859512,0.10378599166870117,-0.14098882675170898,2.9602408409118652,3.5236169006580775,1350.4200437146228,0.5205783247947693,0.39673855900764465,0.08264335244894028,0.12592026591300964,0.002297184197232127,0.3104771077632904
910,0.014959348365664482,0.05066556856036186,0.09943962097167969,-0.12303666770458221,3.0342140197753906,3.3868833934815887,1339.4360590818096,0.5336077213287354,0.3815690875053406,0.08475980162620544,0.1305648237466812,0.003053448861464858,0.31259486079216003
911,0.0143001489341259,0.0466577410697937,0.0897669792175293,-0.10442855209112167,2.944737195968628,3.2627451141565973,1249.8258946102635,0.5764447450637817,0.3382343649864197,0.0852336585521698,0.13635171949863434,0.0032035200856626034,0.33880406618118286
912,0.014498956501483917,0.05230821296572685,0.0984048843383789,-0.09563873708248138,2.969609260559082,3.6077225941581084,1210.736741708518,0.5901771187782288,0.32437190413475037,0.08543279021978378,0.1343914121389389,0.004299012944102287,0.33358287811279297
913,0.015293098986148834,0.052175071090459824,0.09992122650146484,-0.11208969354629517,2.9455759525299072,3.4116741894042413,1255.971160551474,0.5514025688171387,0.3635191321372986,0.08506607264280319,0.1244712844491005,0.0033280944917351007,0.3138108551502228
914,0.015200764872133732,0.04801462963223457,0.09562253952026367,-0.13626839220523834,2.9123640060424805,3.1586982650522413,1290.8068731732562,0.5281326770782471,0.39203694462776184,0.07982758432626724,0.12076491117477417,0.0034089067485183477,0.3056187033653259
915,0.014858337119221687,0.05522456765174866,0.10337114334106445,-0.11138377338647842,2.903409004211426,3.716739444321122,1324.980324420858,0.5159645676612854,0.3992255926132202,0.0845295786857605,0.12335392087697983,0.003725334769114852,0.3059490919113159
916,0.014411285519599915,0.057164136320352554,0.1123356819152832,-0.08239992707967758,2.9342844486236572,3.966622980208147,1273.2862253856158,0.5476096272468567,0.36173495650291443,0.09062020480632782,0.13220062851905823,0.0039214687421917915,0.316847562789917
917,0.014406155794858932,0.05713997781276703,0.10226726531982422,-0.04979383572936058,2.8464431762695312,3.9663584527658644,1212.763022666854,0.5796787738800049,0.34523630142211914,0.07500926405191422,0.13582421839237213,0.0027831685729324818,0.3367826044559479
918,0.014802958816289902,0.04980287700891495,0.09494781494140625,-0.02818026952445507,2.7278494834899902,3.3643866488870477,1256.8817849572858,0.5635792016983032,0.36049357056617737,0.07549230009317398,0.1261700689792633,0.003078560344874859,0.3242419958114624
919,0.014743567444384098,0.05803611874580383,0.10623931884765625,-0.12793920934200287,2.9640953540802,3.9363687900362083,1286.4741729037446,0.5465084314346313,0.36870336532592773,0.08463365584611893,0.12472575902938843,0.00273808091878891,0.32191380858421326
920,0.014720393344759941,0.058001283556222916,0.10623931884765625,-0.11450442671775818,2.892353057861328,3.940199299968407,1305.9055132963995,0.5458375215530396,0.36668312549591064,0.08715856820344925,0.13076110184192657,0.0030720720533281565,0.3149896264076233
921,0.014623922295868397,0.048484668135643005,0.09142398834228516,-0.13490238785743713,2.7793893814086914,3.315435295086711,1291.8027453010175,0.5583987236022949,0.353298544883728,0.08813323080539703,0.13089469075202942,0.002874345751479268,0.3375757932662964
922,0.014298097230494022,0.05210783705115318,0.09506702423095703,-0.20502915978431702,2.9539635181427,3.6443896140513505,1240.3153493649816,0.5804365277290344,0.33267736434936523,0.08681520074605942,0.13502277433872223,0.002936765318736434,0.3413615822792053
923,0.014064530842006207,0.052077483385801315,0.10113000869750977,-0.1350541114807129,2.880980968475342,3.702752972502997,1198.8844291110593,0.607021152973175,0.30191415548324585,0.09106287360191345,0.144170880317688,0.0038499392103403807,0.3343236446380615
924,0.014318248257040977,0.04904927685856819,0.08961915969848633,-0.023798100650310516,2.6818008422851562,3.4256478847559184,1280.841966074453,0.582660973072052,0.31629595160484314,0.10099232941865921,0.1394389122724533,0.003402192611247301,0.3359524607658386
925,0.01422965433448553,0.05362066626548767,0.09724140167236328,-0.05319494754076004,2.70377779006958,3.768233929039997,1261.2849421986948,0.5831871032714844,0.3247593343257904,0.09199224412441254,0.140581414103508,0.00529890414327383,0.34263840317726135
926,0.013787556439638138,0.05364835634827614,0.09724140167236328,-0.12991963326931,2.7872331142425537,3.891070660653854,1165.2711344107677,0.6120569109916687,0.30609238147735596,0.08178694546222687,0.14819151163101196,0.003733268240466714,0.3595908284187317
927,0.0143510140478611,0.04707947000861168,0.091552734375,-0.09323528409004211,2.772571086883545,3.2805674810378935,1258.877422414142,0.5809149742126465,0.3314535617828369,0.08754226565361023,0.14077851176261902,0.0034866526257246733,0.3392625153064728
928,0.014547222293913364,0.05540856719017029,0.09985685348510742,-0.1304776519536972,2.8512122631073,3.8088760910421127,1296.2056829854312,0.5661575794219971,0.354219526052475,0.07946782559156418,0.1297341287136078,0.0034000289160758257,0.3243463933467865
929,0.01431257277727127,0.05542568117380142,0.10136842727661133,-0.1896127611398697,2.964179515838623,3.872516984364006,1224.2193838803014,0.5864176750183105,0.33908259868621826,0.07435020804405212,0.13183923065662384,0.003023790195584297,0.3367885649204254
930,0.01445284578949213,0.05535097047686577,0.10136842727661133,-0.15881049633026123,2.940246820449829,3.8297627525562232,1255.2876540411628,0.5733235478401184,0.33299049735069275,0.09368574619293213,0.13776764273643494,0.002363245701417327,0.3443942368030548
931,0.014285054989159107,0.05161381885409355,0.09580135345458984,-0.12533140182495117,2.873575210571289,3.613134068412758,1302.4923078938136,0.5649206042289734,0.33513757586479187,0.09987789392471313,0.13702191412448883,0.003594400594010949,0.32688355445861816
932,0.014064143411815166,0.051538754254579544,0.09580135345458984,-0.16380107402801514,2.8634750843048096,3.6645498230356304,1259.5707000687657,0.5907614827156067,0.31190159916877747,0.09726449847221375,0.14000388979911804,0.004069254267960787,0.34223243594169617
933,0.014700453728437424,0.06092292070388794,0.10726213455200195,-0.07470831274986267,3.0632612705230713,4.14428845702162,1329.4604802365861,0.5659859776496887,0.3369690477848053,0.09701637178659439,0.12843671441078186,0.003661444876343012,0.3223668038845062
934,0.0149253960698843,0.060987457633018494,0.10726213455200195,-0.03412006422877312,3.092479705810547,4.086153382019101,1360.8763289081735,0.5370256900787354,0.3731413781642914,0.08980871737003326,0.1250256448984146,0.0024115529377013445,0.3142172396183014
935,0.014360696077346802,0.048812735825777054,0.09368658065795898,-0.11538718640804291,2.937237024307251,3.3990508231266987,1284.2101430594087,0.5567894577980042,0.35371464490890503,0.0894097089767456,0.13500212132930756,0.0034282016567885876,0.3241097033023834
936,0.014314966276288033,0.04881666600704193,0.09092330932617188,-0.09798184782266617,2.8320860862731934,3.4101837937609334,1269.334289072586,0.5614759922027588,0.35807254910469055,0.0800897404551506,0.13412511348724365,0.0038948962464928627,0.3281707763671875
937,0.01496279425919056,0.05107548460364342,0.09505033493041992,-0.11538028717041016,2.88236927986145,3.4134990908438074,1350.7409635682088,0.5387877225875854,0.37152957916259766,0.08958831429481506,0.12665390968322754,0.002962106140330434,0.3153942823410034
938,0.01498064212501049,0.05106276273727417,0.09872913360595703,-0.08508257567882538,2.902423620223999,3.4085830438880356,1379.5090937860089,0.5362941026687622,0.3619738519191742,0.10168801248073578,0.12326739728450775,0.002701396122574806,0.31307414174079895
939,0.014410914853215218,0.047725021839141846,0.09392976760864258,-0.009065129794180393,2.798322916030884,3.3117274178594007,1279.5161657361114,0.5711956024169922,0.3402957320213318,0.08831192553043365,0.13532988727092743,0.002783908974379301,0.3323465883731842
940,0.01437989342957735,0.049284376204013824,0.09209156036376953,-0.07184921205043793,2.841153144836426,3.427311644689641,1288.3757632898346,0.5706626772880554,0.33326196670532227,0.09597495943307877,0.14153599739074707,0.004177219234406948,0.32558679580688477
941,0.014369557611644268,0.0492597259581089,0.09688854217529297,-0.021787140518426895,2.978302001953125,3.428061411908991,1299.4776639474353,0.5584993958473206,0.35431456565856934,0.08718347549438477,0.1362699270248413,0.0023541487753391266,0.3182196617126465
942,0.014145064167678356,0.04763517528772354,0.09398937225341797,-0.10474232584238052,2.947282314300537,3.3676181825461686,1221.7564150511146,0.5915146470069885,0.3245079219341278,0.083840511739254,0.14266380667686462,0.0032102682162076235,0.34146708250045776
943,0.013904222287237644,0.04897143691778183,0.0939178466796875,-0.11271892488002777,2.7929954528808594,3.522055092517436,1211.9344003069716,0.6060881614685059,0.29752182960510254,0.09562548249959946,0.14488151669502258,0.0029102901462465525,0.3512851893901825
944,0.014198647812008858,0.048976484686136246,0.0939178466796875,-0.014188993722200394,2.675182819366455,3.4493766822826464,1218.8949448423855,0.602900505065918,0.30507856607437134,0.0918833464384079,0.14143729209899902,0.002685967367142439,0.3498033285140991
945,0.014269386418163776,0.04559050500392914,0.08887767791748047,-0.09750769287347794,2.757293462753296,3.1949870628425283,1251.0038803630027,0.5926553010940552,0.3126085102558136,0.09473615139722824,0.13752740621566772,0.002786127617582679,0.35066673159599304
946,0.014319741167128086,0.06322630494832993,0.1071023941040039,-0.18562817573547363,3.1310415267944336,4.415324565296946,1254.1489350790937,0.5853322744369507,0.31882593035697937,0.09577134996652603,0.1307363063097,0.0032343489583581686,0.33980265259742737
947,0.014291164465248585,0.06321670114994049,0.1071023941040039,-0.16674338281154633,3.074122428894043,4.423481466415088,1272.330031148552,0.579639196395874,0.3116786777973175,0.10864853858947754,0.1398075819015503,0.0030376072973012924,0.3354872465133667
948,0.014074146747589111,0.043675124645233154,0.08399486541748047,-0.12580472230911255,2.740093469619751,3.103216516454999,1257.5038576755787,0.5902431011199951,0.2990001440048218,0.11071869730949402,0.14163295924663544,0.0031288734171539545,0.3337332606315613
949,0.014301400631666183,0.049694422632455826,0.09919881820678711,-0.1305791437625885,2.8565335273742676,3.474794106456088,1253.478552676649,0.5787243843078613,0.33576297760009766,0.08547968417406082,0.1340285688638687,0.0023668876383453608,0.34815847873687744
950,0.014238419011235237,0.051363904029130936,0.10089635848999023,-0.1070261001586914,2.8544461727142334,3.6074162436850146,1265.3890328776263,0.5763964056968689,0.33748218417167664,0.08611910045146942,0.1393711417913437,0.002562442561611533,0.33592936396598816
951,0.014138658531010151,0.051396433264017105,0.09864091873168945,-0.03423016890883446,2.8416407108306885,3.6351704192908225,1260.2851912378133,0.5849185585975647,0.32309719920158386,0.09190298616886139,0.140289768576622,0.0024968732614070177,0.33536022901535034
952,0.014079694636166096,0.04731983318924904,0.09447574615478516,0.005666772369295359,2.8153443336486816,3.3608564964426946,1280.104799336155,0.586946427822113,0.3123345375061035,0.10060390830039978,0.13940969109535217,0.0028680842369794846,0.33190521597862244
953,0.014045911841094494,0.04592755436897278,0.09087324142456055,-0.09851507842540741,2.711498737335205,3.2698165049941084,1264.4548939123215,0.60164874792099,0.2948908507823944,0.10276602953672409,0.14132849872112274,0.002246083924546838,0.3500712811946869
954,0.014258697628974915,0.04592655226588249,0.09087324142456055,-0.07523167133331299,2.7718069553375244,3.2209500094408896,1221.5756683097354,0.6017813682556152,0.3109475076198578,0.08709145337343216,0.1419542133808136,0.002604451961815357,0.3572920560836792
955,0.01439473032951355,0.04655793309211731,0.09122610092163086,-0.015073902904987335,2.8043127059936523,3.2343734146533536,1263.5567768956985,0.5824481248855591,0.32945382595062256,0.08797251433134079,0.13645632565021515,0.004781334660947323,0.3402915894985199
956,0.014258979819715023,0.046524640172719955,0.09122610092163086,-0.05821999907493591,2.8363518714904785,3.262830914812737,1259.5534436188132,0.5807770490646362,0.33667880296707153,0.08253325521945953,0.13655927777290344,0.003524558153003454,0.342276930809021
957,0.014446527697145939,0.05700031667947769,0.09667158126831055,-0.1642407476902008,2.91605544090271,3.9456067139782722,1275.1652342689056,0.5689941644668579,0.3517037332057953,0.07920841127634048,0.14117929339408875,0.004029640927910805,0.3196046054363251
958,0.014359335415065289,0.057040371000766754,0.10254621505737305,-0.1390032321214676,2.876786470413208,3.97235452393916,1303.110836384767,0.5590348839759827,0.3542255163192749,0.0867118388414383,0.13406525552272797,0.0029988589230924845,0.3156316876411438
959,0.014329137280583382,0.045560572296381,0.0904226303100586,-0.08747261017560959,2.8581583499908447,3.179575392507267,1258.6673311741056,0.5633054375648499,0.3596363663673401,0.07705759257078171,0.13245826959609985,0.0029190341010689735,0.32521143555641174
960,0.014493952505290508,0.0456925593316555,0.08729696273803711,-0.15806984901428223,2.91208553314209,3.1525258076997638,1284.8496562907658,0.5539867877960205,0.3684684932231903,0.07754330337047577,0.13652066886425018,0.0029285720083862543,0.32469069957733154
961,0.014587007462978363,0.06175306439399719,0.10431528091430664,-0.24311427772045135,3.0243966579437256,4.2334292723502225,1309.8617914682343,0.5574872493743896,0.35280841588974,0.08969578891992569,0.1294875144958496,0.0030798844527453184,0.32250460982322693
962,0.014539058320224285,0.06171576306223869,0.10733842849731445,-0.19770307838916779,2.9881083965301514,4.244825331785437,1267.6772279210604,0.5751626491546631,0.3381127417087555,0.08659983426332474,0.1321249157190323,0.002746945945546031,0.3458749055862427
963,0.014538895338773727,0.04565659910440445,0.08902788162231445,-0.013795929960906506,2.792881488800049,3.1403072955276543,1243.9594000210682,0.5867093801498413,0.32650846242904663,0.08655701577663422,0.13109281659126282,0.00364979007281363,0.3503856360912323
964,0.014450944028794765,0.04655041545629501,0.08937835693359375,-0.02600697986781597,2.9016473293304443,3.2212715903070404,1281.5758700989882,0.5757325291633606,0.32714182138442993,0.09710505604743958,0.1341313123703003,0.0026849512942135334,0.34124240279197693
965,0.01409679464995861,0.04647288843989372,0.08822917938232422,-0.07870147377252579,2.883256673812866,3.296698972396074,1318.6025028646895,0.5686905384063721,0.3238753378391266,0.10743409395217896,0.1411236822605133,0.0022706277668476105,0.3263552188873291
966,0.014284903183579445,0.04904540255665779,0.09174823760986328,-0.1253310739994049,2.811830997467041,3.433373115864188,1334.3790695161074,0.5577715039253235,0.34093260765075684,0.10129452496767044,0.13348600268363953,0.0032895042095333338,0.3285742402076721
967,0.014518257230520248,0.048980627208948135,0.0923776626586914,-0.15505950152873993,2.851973295211792,3.373726365903439,1326.643201276197,0.5502858757972717,0.3571816682815552,0.09242909401655197,0.13421866297721863,0.0033589049708098173,0.3129698634147644
968,0.014408507384359837,0.05128610134124756,0.0947427749633789,-0.1676933616399765,2.9747893810272217,3.559431936257202,1329.9664421983116,0.5546953082084656,0.3479420840740204,0.09721748530864716,0.13542218506336212,0.0026304658968001604,0.3134709596633911
969,0.014038712717592716,0.057157695293426514,0.10064125061035156,-0.23351511359214783,3.059633255004883,4.07143421474303,1244.5663617623293,0.5861731767654419,0.3267492651939392,0.08707170188426971,0.13997232913970947,0.0026596728712320328,0.33724671602249146
970,0.014389426447451115,0.05719161033630371,0.10168075561523438,-0.20415958762168884,2.947946071624756,3.974558022947457,1264.589105583854,0.5830370187759399,0.31973370909690857,0.09700453281402588,0.14006295800209045,0.0034920317120850086,0.33806973695755005
971,0.014370926655828953,0.048168715089559555,0.0923466682434082,-0.1658126413822174,2.819383382797241,3.3518169175729633,1265.6234788781455,0.5959751605987549,0.30085045099258423,0.10315559059381485,0.1381116807460785,0.0031061042100191116,0.3515556752681732
972,0.014019723050296307,0.04812025651335716,0.09148120880126953,-0.0739365667104721,2.8046817779541016,3.43232575545833,1189.205949617636,0.6187570691108704,0.29288169741630554,0.08826738595962524,0.14308403432369232,0.0036916278768330812,0.34924444556236267
973,0.014079732820391655,0.04635680466890335,0.08971452713012695,-0.14936593174934387,2.959707021713257,3.2924491719382925,1274.1544936051002,0.5921176671981812,0.30475085973739624,0.1031164675951004,0.14113441109657288,0.0030693081207573414,0.33783629536628723
974,0.01406633947044611,0.045311614871025085,0.08535623550415039,-0.22378894686698914,2.888714075088501,3.2212797766615227,1283.0726577233602,0.5854663252830505,0.3102773129940033,0.10423875600099564,0.14276272058486938,0.003531303722411394,0.3375381827354431
975,0.01400232408195734,0.05198793485760689,0.09193897247314453,-0.14286407828330994,2.7681949138641357,3.7128075703434833,1240.6720426981688,0.6037609577178955,0.30140647292137146,0.09483255445957184,0.14495466649532318,0.0028925121296197176,0.35412922501564026
976,0.014214610680937767,0.05345778167247772,0.09913206100463867,-0.0854792669415474,3.019090414047241,3.7607629831470164,1326.6047709058894,0.5765603184700012,0.3286972641944885,0.09462270140647888,0.1334957778453827,0.0029835060704499483,0.331868439912796
977,0.014549373649060726,0.05353258177638054,0.09913206100463867,-0.09192533791065216,3.030155658721924,3.679373632428301,1316.407032550089,0.5646733641624451,0.3573209345340729,0.07798592746257782,0.13425350189208984,0.0030129465740174055,0.3164549767971039
978,0.014713020995259285,0.05283716693520546,0.09486198425292969,-0.08195725083351135,2.827039957046509,3.5911840911964346,1252.3729582016854,0.5867299437522888,0.3358851373195648,0.07728562504053116,0.13073943555355072,0.003471274860203266,0.3331911563873291
979,0.014537968672811985,0.04777751490473747,0.08967876434326172,-0.10815416276454926,2.882312297821045,3.2863955052263694,1263.2323758699451,0.5804072022438049,0.3359275162220001,0.08366530388593674,0.1274474710226059,0.002250825986266136,0.3494504988193512
980,0.0144016332924366,0.047802407294511795,0.08739233016967773,-0.1701982021331787,2.831836700439453,3.319235139551655,1262.0608690935358,0.5728501081466675,0.34812965989112854,0.07899565994739532,0.13745680451393127,0.0027820381801575422,0.3420535922050476
981,0.014603246934711933,0.05051837116479874,0.099639892578125,-0.1469297707080841,2.8686323165893555,3.4593930642408792,1348.6054029714041,0.542267382144928,0.3749294579029083,0.08278357982635498,0.1316443681716919,0.0026256470009684563,0.32520925998687744
982,0.014498450793325901,0.05059131979942322,0.099639892578125,-0.05961618199944496,2.8733890056610107,3.489429354701992,1330.0178998795814,0.5586053133010864,0.3561796247959137,0.08521419018507004,0.13111238181591034,0.0027639358304440975,0.32569095492362976
983,0.01451883465051651,0.046097904443740845,0.08733987808227539,-0.024692077189683914,2.6720519065856934,3.1750416304194125,1302.5860959616507,0.571042001247406,0.33941763639450073,0.08951883018016815,0.13290125131607056,0.0028444547206163406,0.33877837657928467
984,0.014700612984597683,0.052658647298812866,0.0987553596496582,-0.11714278906583786,2.72584867477417,3.582071533370955,1363.1982004870474,0.5337935090065002,0.3738058805465698,0.09238490462303162,0.13212446868419647,0.003043551929295063,0.31265079975128174
985,0.014545559883117676,0.05254955217242241,0.09478569030761719,-0.15515683591365814,2.934736728668213,3.612755548158814,1330.2000293096123,0.547299325466156,0.36868637800216675,0.0839986577630043,0.1337066888809204,0.003570988541468978,0.3189290165901184
986,0.014511588029563427,0.04680805280804634,0.09246587753295898,-0.04677807539701462,2.9570116996765137,3.225563784574235,1335.384924468789,0.5631615519523621,0.3406573534011841,0.09603746235370636,0.12946054339408875,0.0026777745224535465,0.3307909369468689
987,0.014762867242097855,0.05328258499503136,0.0990915298461914,-0.04843980073928833,2.827413558959961,3.609230112120854,1317.509918020287,0.562947154045105,0.3398253917694092,0.0971701368689537,0.1323540061712265,0.0041316794231534,0.3255731463432312
988,0.014496966265141964,0.05345528572797775,0.09311437606811523,-0.1292557716369629,2.8149490356445312,3.687342906551693,1288.9747512503554,0.5630848407745361,0.34382927417755127,0.09299511462450027,0.13484987616539001,0.0034094981383532286,0.3270871639251709
989,0.014450003392994404,0.05341283231973648,0.0908803939819336,-0.18710635602474213,2.772981882095337,3.696388911710256,1282.9387660899079,0.5575664639472961,0.35271498560905457,0.08970243483781815,0.13283579051494598,0.0035096704959869385,0.3162057101726532
990,0.01476064883172512,0.04895833134651184,0.09392261505126953,-0.24376912415027618,2.808706760406494,3.316814314962137,1290.6445645939098,0.5455940961837769,0.3666398823261261,0.08776216953992844,0.13203683495521545,0.0021992232650518417,0.3244987726211548
991,0.014915348961949348,0.05154210329055786,0.09663581848144531,-0.16109444200992584,2.8374247550964355,3.455641796822296,1299.8150980600503,0.5393683910369873,0.37530624866485596,0.08525551855564117,0.12683402001857758,0.0027080143336206675,0.31735217571258545
992,0.015094859525561333,0.05491257458925247,0.10687828063964844,-0.069999098777771,2.9279351234436035,3.637832766355115,1307.448528477607,0.5361235737800598,0.38551998138427734,0.07835578173398972,0.12313667684793472,0.002439349191263318,0.3039121627807617
993,0.014806361868977547,0.05497291684150696,0.10687828063964844,-0.07917144149541855,3.053532600402832,3.7127903075889312,1294.638972394,0.5582606196403503,0.3611624240875244,0.08056566119194031,0.12525634467601776,0.0028028900269418955,0.31658264994621277
994,0.014151645824313164,0.054081231355667114,0.10262250900268555,-0.11112917959690094,2.9087679386138916,3.8215506537714203,1211.8738600374645,0.5977925658226013,0.3174413740634918,0.08476302027702332,0.13787735998630524,0.0035042951349169016,0.34609970450401306
995,0.01421029306948185,0.05404697731137276,0.09781837463378906,-0.07082903385162354,2.7726614475250244,3.803368237608072,1196.8281587085762,0.5904715061187744,0.3291859030723572,0.0802820548415184,0.13948406279087067,0.0029402473010122776,0.34883344173431396
996,0.014585848897695541,0.050861768424510956,0.09498357772827148,-0.0030408070888370275,2.8149900436401367,3.487062616496712,1243.569869155836,0.5788769125938416,0.33988121151924133,0.08087533712387085,0.1291850507259369,0.0027813161723315716,0.342486709356308
997,0.014659290201961994,0.05160003900527954,0.09903192520141602,-0.08753880858421326,2.9090209007263184,3.5199548061920116,1289.0206382018634,0.5610439777374268,0.35632121562957764,0.08259569853544235,0.13022518157958984,0.0030388880986720324,0.3116486072540283
998,0.014695432037115097,0.05159934237599373,0.09914636611938477,-0.13257582485675812,2.973344087600708,3.511250451307731,1338.5958775770328,0.5421971082687378,0.3632870018482208,0.09449789673089981,0.12957948446273804,0.002573387697339058,0.3054018020629883
999,0.014608885161578655,0.05953386798501015,0.11120080947875977,-0.16462208330631256,3.122858762741089,4.075182145829234,1333.2691649987946,0.5547903776168823,0.3444178104400635,0.10078509151935577,0.12970997393131256,0.003458828665316105,0.3168669641017914
1000,0.014691025018692017,0.05956779047846794,0.11120080947875977,-0.13251467049121857,2.939547538757324,4.054706216797166,1360.450556792664,0.5444161295890808,0.36152926087379456,0.0940266102552414,0.1310812532901764,0.0030113726388663054,0.3157258927822113
1001,0.014679774641990662,0.05364600196480751,0.1016378402709961,-0.0898783951997757,2.7448718547821045,3.6544159068833215,1373.1917546251511,0.5387898087501526,0.3650684952735901,0.09569691866636276,0.13337957859039307,0.0023257324937731028,0.3168967664241791
1002,0.014520787633955479,0.05736120790243149,0.10228157043457031,-0.1715506762266159,2.941551923751831,3.9502821296241177,1327.4488892762108,0.5513145327568054,0.35637086629867554,0.09229782968759537,0.13402597606182098,0.0038334925193339586,0.32226288318634033
1003,0.014133668504655361,0.057406388223171234,0.10161638259887695,-0.17743180692195892,2.9773128032684326,4.061676428890418,1284.3029430175459,0.5704848170280457,0.3408195674419403,0.08869442343711853,0.1382613331079483,0.0033296430483460426,0.3389192819595337
1004,0.014156513847410679,0.05367790535092354,0.09512901306152344,-0.17305023968219757,2.8487653732299805,3.791746041837118,1203.0477555121336,0.6029968857765198,0.3201068043708801,0.07687988877296448,0.1439393311738968,0.004097677767276764,0.3514676094055176
1005,0.014739838428795338,0.049524158239364624,0.09238243103027344,-0.11269723623991013,2.7348814010620117,3.3598847419694726,1286.85593680081,0.5566318035125732,0.3686572015285492,0.07470226287841797,0.1305810660123825,0.0027739927172660828,0.3322333097457886
1006,0.014780283905565739,0.054125234484672546,0.10082483291625977,-0.07979115098714828,2.8506882190704346,3.6619888242220355,1375.2872637554126,0.5268776416778564,0.37715205550193787,0.09595327824354172,0.12548796832561493,0.0034562957007437944,0.3083069622516632
1007,0.01465492695569992,0.054106589406728745,0.10583162307739258,-0.15751191973686218,3.072202205657959,3.6920408792615893,1365.5795010522938,0.5406685471534729,0.3635309338569641,0.09579946845769882,0.13093069195747375,0.003337140427902341,0.3155590891838074
1008,0.014748931862413883,0.05328848958015442,0.09943485260009766,-0.1492004692554474,3.1371216773986816,3.6130405966781596,1348.3184115219112,0.5503741502761841,0.358277291059494,0.09130816906690598,0.12960205972194672,0.003489324590191245,0.3168002963066101
1009,0.014797380194067955,0.05324704572558403,0.09943485260009766,-0.12630686163902283,2.94937801361084,3.5984103282911897,1375.0907753157164,0.5337020754814148,0.37433815002441406,0.09194397181272507,0.12439005821943283,0.0030542865861207247,0.31620392203330994
1010,0.015378235839307308,0.06723155081272125,0.1170802116394043,-0.05184418335556984,2.841367244720459,4.371863685202642,1471.8614886913597,0.4841720163822174,0.43618932366371155,0.07963573932647705,0.11607692390680313,0.00277140736579895,0.2850291430950165
1011,0.01565111242234707,0.06718374043703079,0.12298107147216797,0.028090910986065865,2.925705671310425,4.292585639907072,1427.9483463816825,0.500063955783844,0.41997841000556946,0.07994823902845383,0.1163090392947197,0.0022709134500473738,0.2885049879550934
1012,0.015344197861850262,0.05574772134423256,0.10671138763427734,-0.029008667916059494,3.076404094696045,3.633146668370525,1336.8737557824975,0.5200400948524475,0.39907464385032654,0.0808783546090126,0.11817317456007004,0.0025308087933808565,0.29953062534332275
1013,0.01490625087171793,0.05230909213423729,0.10394573211669922,-0.12057407945394516,3.1083521842956543,3.5092051368849337,1308.0919017250444,0.5383865833282471,0.3676060736179352,0.09391792863607407,0.12326635420322418,0.003021300071850419,0.3073578476905823
1014,0.014253365807235241,0.051689885556697845,0.09879827499389648,-0.15274330973625183,2.887394905090332,3.6265038203701128,1250.5407962986671,0.5852822661399841,0.3060873746871948,0.10835087299346924,0.13928164541721344,0.003844956401735544,0.33899936079978943
1015,0.014439666643738747,0.05444299802184105,0.10536909103393555,-0.18554182350635529,2.9991602897644043,3.770377762957427,1268.7093897511545,0.5554918646812439,0.3539312183856964,0.09057120978832245,0.13476847112178802,0.0032845772802829742,0.33097630739212036
1016,0.01490255631506443,0.05932346731424332,0.11376142501831055,-0.16640548408031464,3.168426752090454,3.9807578012837106,1292.753752162003,0.5418623089790344,0.37599003314971924,0.08212589472532272,0.12596535682678223,0.0031254468485713005,0.31643587350845337
1017,0.014716686680912971,0.05915004014968872,0.10959148406982422,-0.14209195971488953,3.082702159881592,4.019249809971494,1261.250746038595,0.5654608011245728,0.3510592579841614,0.08342667669057846,0.13339786231517792,0.003805312095209956,0.32734933495521545
1018,0.014457170851528645,0.0502622164785862,0.0983881950378418,-0.19784386456012726,2.887206792831421,3.4766287948928154,1286.9484228252068,0.5572701096534729,0.3505706489086151,0.09213050454854965,0.13724705576896667,0.0036348800640553236,0.32237452268600464
1019,0.01435097400099039,0.045884810388088226,0.08443355560302734,-0.16329315304756165,2.6747071743011475,3.1973307443609253,1287.4864681849133,0.5638605356216431,0.3433540165424347,0.09276332706212997,0.13665343821048737,0.005122997798025608,0.31993311643600464
1020,0.014188860543072224,0.05224819853901863,0.1002645492553711,-0.1445644497871399,2.785384178161621,3.682339281348897,1254.4826334886689,0.5761057734489441,0.3384692370891571,0.08540172129869461,0.13531629741191864,0.0034642331302165985,0.3463459610939026
1021,0.014603544026613235,0.0522308349609375,0.10165691375732422,-0.13425491750240326,3.0187344551086426,3.5765862630452157,1287.9360828000931,0.5643500685691833,0.34376034140586853,0.09185890108346939,0.13263098895549774,0.0036847868468612432,0.33753669261932373
1022,0.014704305678606033,0.04950971156358719,0.09810447692871094,-0.12911631166934967,2.9564833641052246,3.367021377436006,1257.7833285121533,0.5693516731262207,0.3381950855255127,0.09245327860116959,0.1323898881673813,0.003072945633903146,0.339349627494812
1023,0.014297928661108017,0.05208631977438927,0.09550333023071289,-0.15743444859981537,2.974642515182495,3.6429276579360073,1249.6475893777201,0.5685218572616577,0.3423048257827759,0.08895435929298401,0.13279500603675842,0.0029685799963772297,0.32589390873908997
1024,0.01454868633300066,0.05206097289919853,0.09550333023071289,-0.12849441170692444,2.906033754348755,3.5783968190674837,1337.1353518422318,0.5580523610115051,0.3396994173526764,0.10198183357715607,0.13380785286426544,0.0028867782093584538,0.31766587495803833
1025,0.014711135998368263,0.0492120161652565,0.09317636489868164,-0.10502462834119797,2.8685200214385986,3.3452220255029794,1300.61271042797,0.5628029108047485,0.34470680356025696,0.09243369847536087,0.132114440202713,0.0032874494791030884,0.326741099357605
1026,0.014411325566470623,0.050886671990156174,0.09670495986938477,-0.12028821557760239,3.057279109954834,3.531019527101521,1270.5865818305128,0.5657573938369751,0.349754273891449,0.08439437299966812,0.1310850977897644,0.0023666166234761477,0.33527258038520813
1027,0.014509323053061962,0.05087616294622421,0.09670495986938477,-0.08771572262048721,2.970627784729004,3.5064463556748198,1318.7374791582617,0.5546073913574219,0.3569762110710144,0.08832523226737976,0.13177503645420074,0.0032739697489887476,0.3189464211463928
1028,0.014820065349340439,0.05627050623297691,0.10192155838012695,-0.1842537224292755,2.9443767070770264,3.7969135022528286,1280.8315957951886,0.562619686126709,0.35724902153015137,0.0801238864660263,0.13087747991085052,0.0030715838074684143,0.33695492148399353
1029,0.014485284686088562,0.05619411543011665,0.10128498077392578,-0.21613793075084686,3.000814914703369,3.879393235550641,1242.917299494042,0.5857020020484924,0.32269784808158875,0.09159784764051437,0.13272936642169952,0.002585841342806816,0.3468710482120514
1030,0.014564454555511475,0.04913580045104027,0.09752035140991211,-0.08537079393863678,2.9880013465881348,3.3736794097155283,1274.412402879937,0.5647311210632324,0.35121479630470276,0.0840449258685112,0.12902005016803741,0.0028907039668411016,0.32909005880355835
1031,0.014995195902884007,0.049444764852523804,0.09871959686279297,-0.07033054530620575,2.9264562129974365,3.2973737168526607,1318.2739729340099,0.5497226715087891,0.3645341694355011,0.08570057153701782,0.1263505071401596,0.003390808589756489,0.3244153559207916
1032,0.014895981177687645,0.05405699834227562,0.10345935821533203,-0.1354733258485794,2.856584310531616,3.6289652688080336,1347.1483366091875,0.5446693301200867,0.35348448157310486,0.10179124027490616,0.1286526918411255,0.004586747381836176,0.3155551254749298
1033,0.014765596948564053,0.05411442741751671,0.10355949401855469,-0.19743579626083374,2.8991098403930664,3.6648994011118807,1345.1984833609763,0.5247023701667786,0.3908478319644928,0.08436261862516403,0.12625722587108612,0.0031365142203867435,0.30964139103889465
1034,0.01515710074454546,0.052569545805454254,0.10208606719970703,-0.06447824835777283,2.903064012527466,3.4683114329040787,1367.5335171983743,0.5119462013244629,0.40824076533317566,0.07980521023273468,0.12543745338916779,0.0031982772052288055,0.30718541145324707
1035,0.015039466321468353,0.05249879136681557,0.09852409362792969,0.0033625103533267975,2.936800479888916,3.4907349929288713,1375.5427340920598,0.5221238732337952,0.3811480700969696,0.09664516150951385,0.12553726136684418,0.0021846096497029066,0.3107968270778656
1036,0.014686296693980694,0.05567284673452377,0.1066136360168457,-0.08726344257593155,3.089844226837158,3.7908022621898256,1338.0017973851316,0.5465849041938782,0.3452073633670807,0.10809943079948425,0.12691470980644226,0.00315376790240407,0.3168973922729492
1037,0.015002470463514328,0.055710259824991226,0.10234832763671875,-0.14355814456939697,2.913430690765381,3.713405732526781,1338.8667229455273,0.5396138429641724,0.3595375716686249,0.10081301629543304,0.1252499669790268,0.003304951824247837,0.31975671648979187
1038,0.014973403885960579,0.052744828164577484,0.0997614860534668,-0.07143570482730865,2.8019604682922363,3.5225676514683295,1348.0027154657275,0.5401031970977783,0.3653559982776642,0.09452665597200394,0.12533555924892426,0.00367740448564291,0.3184259831905365
1039,0.01460967119783163,0.052726950496435165,0.10340213775634766,-0.06942152976989746,3.0051636695861816,3.609044295305692,1349.4242379906455,0.5453696250915527,0.36369913816452026,0.09065163135528564,0.1302700936794281,0.003120249602943659,0.320401668548584
1040,0.014594757929444313,0.050690244883298874,0.09844303131103516,-0.14971868693828583,2.9591338634490967,3.4731816125267994,1324.2229287897746,0.5436275601387024,0.36195147037506104,0.09437301009893417,0.1285344362258911,0.003198067657649517,0.3161759078502655
1041,0.014947439543902874,0.06024960055947304,0.11319637298583984,-0.09750572592020035,2.8999946117401123,4.030763956494365,1312.7128365193698,0.5465161800384521,0.3641352653503418,0.08932474255561829,0.12459630519151688,0.002056556288152933,0.3172982931137085
1042,0.014902220107614994,0.06018589809536934,0.11319637298583984,-0.07029091566801071,2.8485348224639893,4.03872024817133,1334.1389146024126,0.5429003238677979,0.37757715582847595,0.07944725453853607,0.12873642146587372,0.002719468902796507,0.30782100558280945
1043,0.014653285965323448,0.046807661652565,0.08983612060546875,-0.10257136821746826,2.713855028152466,3.194345743346547,1369.5108212291232,0.532689094543457,0.3727523684501648,0.09449279308319092,0.12975798547267914,0.0038792879786342382,0.30676305294036865
1044,0.014500322751700878,0.04582672566175461,0.08888721466064453,-0.07510925829410553,2.5920567512512207,3.1603934921530468,1338.761899892921,0.5405519604682922,0.35848987102508545,0.10084999352693558,0.13379435241222382,0.0028585996478796005,0.31598347425460815
1045,0.014513463713228703,0.04468205198645592,0.08764505386352539,-0.10359582304954529,2.687103748321533,3.0786621902427433,1260.1288405954087,0.5679541230201721,0.3360486328601837,0.09589889645576477,0.13432736694812775,0.001935423701070249,0.34391728043556213
1046,0.014581258408725262,0.05995631590485573,0.10239601135253906,-0.1891951858997345,2.9124767780303955,4.1118752730468495,1231.6323639394218,0.5850003957748413,0.3256029784679413,0.08932670205831528,0.13018818199634552,0.003244120394811034,0.34627434611320496
1047,0.01449302677065134,0.05983901768922806,0.0998234748840332,-0.17902407050132751,2.8888745307922363,4.1288144037844745,1217.260979557202,0.5847529172897339,0.3332028388977051,0.08200685679912567,0.13758164644241333,0.004141504876315594,0.3332284986972809
1048,0.014164301566779613,0.04542507603764534,0.0852513313293457,-0.18839049339294434,2.782825231552124,3.207011360233708,1199.9607870132454,0.5958036184310913,0.31584489345550537,0.08834843337535858,0.14337581396102905,0.0031002142932265997,0.3503545820713043
1049,0.013981814496219158,0.047815583646297455,0.0891733169555664,-0.1770162582397461,2.8935792446136475,3.4198410839885973,1236.815911573983,0.5991716384887695,0.30218350887298584,0.09863018244504929,0.1456294059753418,0.0050471629947423935,0.3461165130138397
1050,0.014560080133378506,0.058024439960718155,0.10589838027954102,-0.06438285857439041,3.0484089851379395,3.9851731189111974,1340.0610530800816,0.5460166931152344,0.36326783895492554,0.09066537767648697,0.12950317561626434,0.0036127332132309675,0.31363943219184875
1051,0.01501076016575098,0.05800879746675491,0.10216951370239258,-0.012573059648275375,2.9999358654022217,3.86448100045227,1344.7766081365069,0.5248627662658691,0.396713525056839,0.07840937376022339,0.1281651258468628,0.0030721211805939674,0.3035590946674347
1052,0.014680634252727032,0.05006507411599159,0.09357213973999023,-0.01998104713857174,2.8489179611206055,3.4102800499427586,1314.9191817694123,0.5361089706420898,0.38292235136032104,0.08091800659894943,0.13420329988002777,0.0027001043781638145,0.31063541769981384
1053,0.014467746950685978,0.04709906131029129,0.08799552917480469,-0.1181856244802475,2.818434953689575,3.2554523843674685,1259.7545167206217,0.5586840510368347,0.35933583974838257,0.08192175626754761,0.12881827354431152,0.00391295226290822,0.3261244297027588
1054,0.014643498696386814,0.04714576154947281,0.09154796600341797,-0.1497218906879425,2.918759346008301,3.2195694842985945,1250.914817131698,0.5654743909835815,0.34829458594322205,0.0862145870923996,0.13418711721897125,0.003405210794880986,0.3372214436531067
1055,0.014589098282158375,0.04697191342711449,0.09139776229858398,-0.12052231281995773,2.909865617752075,3.2196584405315005,1255.321749996105,0.5659152865409851,0.3499404489994049,0.08411458134651184,0.1332319974899292,0.004180047661066055,0.32726219296455383
1056,0.01444037165492773,0.048214152455329895,0.09512186050415039,-0.0662342831492424,2.8099210262298584,3.338844290447201,1260.4639873331914,0.5663520693778992,0.3535940945148468,0.0799797922372818,0.13172192871570587,0.002962921280413866,0.3224203288555145
1057,0.014642789028584957,0.049358539283275604,0.09456157684326172,-0.0035608161706477404,2.670738697052002,3.370842752944768,1298.610796220611,0.5511671900749207,0.3616327941417694,0.08719839155673981,0.1298554390668869,0.0029816424939781427,0.3134273886680603
1058,0.014936871826648712,0.056679051369428635,0.10198116302490234,-0.02599339559674263,2.7538962364196777,3.794573055418041,1305.2877215086457,0.5481708645820618,0.36948397755622864,0.08233937621116638,0.1237013190984726,0.00305635342374444,0.3250249922275543
1059,0.01488626841455698,0.056769292801618576,0.10130643844604492,-0.06560096889734268,2.8359241485595703,3.813534138769895,1357.7741584752014,0.5278635621070862,0.3847264051437378,0.08714795112609863,0.12775322794914246,0.0020034045446664095,0.298816978931427
1060,0.014799196273088455,0.05473731458187103,0.10281562805175781,-0.10600997507572174,2.8925986289978027,3.6986680606236186,1403.507225171356,0.5095971822738647,0.3959401845932007,0.09446246922016144,0.12611821293830872,0.0022941813804209232,0.2807992994785309
1061,0.014710492454469204,0.05468572676181793,0.10281562805175781,-0.08463239669799805,2.8653340339660645,3.7174640432575297,1294.977472706114,0.5548032522201538,0.36637037992477417,0.07881049811840057,0.13185259699821472,0.0031042746268212795,0.30466875433921814
1062,0.014816204085946083,0.04455789178609848,0.08714914321899414,-0.059068311005830765,2.6591107845306396,3.0073756762946124,1270.9235611161998,0.5658580660820007,0.3500737249851227,0.08403956145048141,0.1330650895833969,0.003611611435189843,0.3215016722679138
1063,0.015042680315673351,0.04748259857296944,0.09202003479003906,-0.11558188498020172,2.7132925987243652,3.1565251386974955,1347.5091977375532,0.535251259803772,0.3729231357574463,0.0918239876627922,0.12254971265792847,0.002677634358406067,0.3153448700904846
1064,0.014816857874393463,0.047945838421583176,0.09538650512695312,-0.0959678515791893,2.788026809692383,3.235897841822956,1320.3851521606207,0.5441986918449402,0.3662395477294922,0.08953745663166046,0.13158534467220306,0.0035580408293753862,0.30678337812423706
1065,0.014596004039049149,0.04783959686756134,0.09063243865966797,-0.023924682289361954,2.7696428298950195,3.2775817776082397,1320.845859441654,0.5527800917625427,0.3578853905200958,0.08932958543300629,0.1330799162387848,0.003222001949325204,0.31567633152008057
1066,0.014718599617481232,0.047816209495067596,0.09468555450439453,-0.1465318202972412,2.8802764415740967,3.248692860360693,1311.7888076400477,0.5628837943077087,0.3547871708869934,0.08219679445028305,0.12909655272960663,0.004392612725496292,0.3230527937412262
1067,0.015030107460916042,0.04778487607836723,0.0947260856628418,-0.20989716053009033,2.9109485149383545,3.1792770743287555,1401.064120974003,0.5330906510353088,0.3661288022994995,0.10060308873653412,0.12290838360786438,0.0031082157511264086,0.3151257336139679
1068,0.014919331297278404,0.049371231347322464,0.09717941284179688,-0.13496193289756775,2.8254764080047607,3.3092120792987276,1405.464146015177,0.5190626382827759,0.38036471605300903,0.10057199001312256,0.1237519234418869,0.003414984093979001,0.29506927728652954
1069,0.014619026333093643,0.04941561073064804,0.09006738662719727,-0.14515040814876556,2.758867025375366,3.3802258509791328,1318.845149577968,0.5411792397499084,0.37463629245758057,0.0841478630900383,0.13402342796325684,0.0034474004060029984,0.30405014753341675
1070,0.01482356246560812,0.06210531294345856,0.11012554168701172,-0.15016621351242065,2.948680877685547,4.1896347847124025,1331.3992759819612,0.5442992448806763,0.36086615920066833,0.09481097012758255,0.12348074465990067,0.0035820959601551294,0.31387171149253845
1071,0.014820626005530357,0.06205413490533829,0.10794878005981445,-0.11975404620170593,2.990206480026245,4.187011727979344,1280.4115495572435,0.5696032047271729,0.3371411859989166,0.09325345605611801,0.12716291844844818,0.003376549342647195,0.3365165591239929
1072,0.014275185763835907,0.05126270651817322,0.10144710540771484,-0.11772909760475159,2.8732659816741943,3.5910360371245567,1206.3693669697739,0.6101637482643127,0.29489821195602417,0.09490402042865753,0.14294114708900452,0.003271845867857337,0.3522769510746002
1073,0.014195297844707966,0.050293173640966415,0.0965428352355957,-0.10785030573606491,2.8640191555023193,3.542945994343673,1264.192991296056,0.5836828947067261,0.31655436754226685,0.09971319139003754,0.13581708073616028,0.003043455071747303,0.3365250527858734
1074,0.014652813784778118,0.05373743176460266,0.10443449020385742,-0.08858736604452133,2.9206321239471436,3.667379695820587,1318.2960236995127,0.5458541512489319,0.3730109632015228,0.08113471418619156,0.12835454940795898,0.0031944408547133207,0.31971317529678345
1075,0.014400881715118885,0.060548894107341766,0.11118888854980469,-0.12013978511095047,3.0838043689727783,4.204526868627043,1243.5176883865768,0.5795107483863831,0.3409195840358734,0.0795624628663063,0.13673517107963562,0.003387502860277891,0.3386872410774231
1076,0.013951217755675316,0.06048076972365379,0.10583639144897461,-0.18751183152198792,2.9450924396514893,4.3351606131095775,1206.8272741327762,0.5982180237770081,0.31342917680740356,0.08830181509256363,0.14350205659866333,0.003257943317294121,0.3438630998134613
1077,0.014278884045779705,0.058147329837083817,0.10894298553466797,-0.1151764765381813,2.861496686935425,4.072260104261978,1291.843537381134,0.565826952457428,0.35138389468193054,0.08278393745422363,0.13796629011631012,0.003015014808624983,0.31944191455841064
1078,0.014476078562438488,0.058242809027433395,0.10894298553466797,-0.13334715366363525,2.785310745239258,4.023383043425473,1274.714939023338,0.5733723044395447,0.34684836864471436,0.07942920178174973,0.13710542023181915,0.0035324268974363804,0.3377205431461334
1079,0.014613381586968899,0.04935726895928383,0.09464502334594727,-0.1923958957195282,2.7685017585754395,3.377539186407022,1293.5984285849618,0.5657516717910767,0.3408980667591095,0.09291602671146393,0.13531742990016937,0.004172929562628269,0.3363836109638214
1080,0.014920169487595558,0.04937922954559326,0.09464502334594727,-0.2056354284286499,2.9679644107818604,3.309562239446205,1401.364565714328,0.5255306363105774,0.3730888068675995,0.10137620568275452,0.12358987331390381,0.0034876347053796053,0.310441792011261
1081,0.014752628281712532,0.04694771394133568,0.0919485092163086,-0.13451015949249268,2.9589953422546387,3.182328805528848,1343.0427270202392,0.541921079158783,0.3708394467830658,0.08709584921598434,0.13037361204624176,0.0044183069840073586,0.3002740442752838
1082,0.01457502692937851,0.047853413969278336,0.09290456771850586,-0.06148165091872215,2.849433183670044,3.2832470360338193,1272.1207037527888,0.571378231048584,0.34220725297927856,0.08639465272426605,0.1357942670583725,0.0035711401142179966,0.3246621787548065
1083,0.014460509642958641,0.04780653119087219,0.09290456771850586,-0.12309003621339798,2.8920223712921143,3.3060059685271854,1248.733080521842,0.567947268486023,0.35045042634010315,0.08152084052562714,0.1287163496017456,0.004588249605149031,0.33570772409439087
1084,0.0142859797924757,0.046943843364715576,0.08692502975463867,-0.17103621363639832,2.899191379547119,3.2860079632868078,1265.0243577361018,0.5530703067779541,0.36539226770401,0.08152226358652115,0.13631099462509155,0.003066533012315631,0.3252609074115753
1085,0.014489447697997093,0.055120743811130524,0.10950565338134766,-0.10041524469852448,2.9591927528381348,3.8041990941411643,1346.0514835878305,0.5361514091491699,0.37640511989593506,0.08743851631879807,0.13469231128692627,0.003404345829039812,0.2974439859390259
1086,0.01442699134349823,0.05507408455014229,0.10950565338134766,-0.009804355911910534,2.999190092086792,3.8174338110450816,1273.743193426248,0.5716204047203064,0.3465529680252075,0.08181506395339966,0.1335315704345703,0.003247389104217291,0.3297525942325592
1087,0.014484250918030739,0.05147431045770645,0.10256528854370117,-0.10414009541273117,2.980365037918091,3.5538123956465553,1186.4931637781317,0.6031120419502258,0.31912943720817566,0.07774119079113007,0.13223183155059814,0.0030398324597626925,0.3552533984184265
1088,0.014651614241302013,0.05112026631832123,0.10062694549560547,-0.13029347360134125,2.9763998985290527,3.4890535249506662,1249.8913988965016,0.5733361840248108,0.3476979434490204,0.07893818616867065,0.1298903077840805,0.002689678454771638,0.34429943561553955
1089,0.01451378408819437,0.049531325697898865,0.09717702865600586,-0.08485961705446243,2.8635900020599365,3.412709283361555,1309.7253903915291,0.5465552806854248,0.36252981424331665,0.09091480821371078,0.13572345674037933,0.0033269603736698627,0.3177763819694519
1090,0.014294929802417755,0.04961591958999634,0.0959467887878418,-0.1344762146472931,2.7725696563720703,3.4708753573685778,1264.0440436925326,0.5664435029029846,0.3387061655521393,0.09484625607728958,0.13567912578582764,0.0035780337639153004,0.32938966155052185
1091,0.014436026103794575,0.051407430320978165,0.0910329818725586,-0.1682841181755066,2.8132054805755615,3.5610513549781153,1262.7140880936959,0.569312334060669,0.34175193309783936,0.08892139792442322,0.13483721017837524,0.0028681072872132063,0.332254558801651
1092,0.01440925057977438,0.051342952996492386,0.0910329818725586,-0.2121330201625824,2.9074740409851074,3.5631938461113997,1263.0380315033608,0.584445595741272,0.322893351316452,0.09193364530801773,0.13987573981285095,0.0033200399484485388,0.32858771085739136
1093,0.013926193118095398,0.04870224371552467,0.08796930313110352,-0.1704820841550827,2.8125085830688477,3.4971684866803154,1201.125092919506,0.6152147054672241,0.29383528232574463,0.09059735387563705,0.14289766550064087,0.0031975486781448126,0.3529148995876312
1094,0.01425419095903635,0.05150289833545685,0.09514808654785156,-0.07113510370254517,2.7530319690704346,3.6131758357841943,1275.5644462946173,0.5762982964515686,0.3318599760532379,0.0918341726064682,0.13838118314743042,0.003836703021079302,0.33973345160484314
1095,0.014565980061888695,0.05144505575299263,0.09514808654785156,-0.04601852595806122,2.7536213397979736,3.53186366663131,1313.0818682919178,0.5626272559165955,0.33923256397247314,0.0981401652097702,0.13408228754997253,0.003919398412108421,0.33709463477134705
1096,0.014643767848610878,0.05214318633079529,0.10042190551757812,-0.03971323370933533,2.713905096054077,3.5607766297784393,1300.1793632291087,0.5617372989654541,0.34581372141838074,0.09227999299764633,0.1308286190032959,0.004081047605723143,0.3214053809642792
1097,0.014850239269435406,0.05899535119533539,0.11143922805786133,-0.1358116716146469,3.1359119415283203,3.972686912377652,1326.6379824460048,0.5444911122322083,0.36926695704460144,0.08624028414487839,0.12429337948560715,0.0032189087942242622,0.31453466415405273
1098,0.014924941584467888,0.05899811536073685,0.11143922805786133,-0.19241106510162354,3.1644113063812256,3.9529880249703697,1331.154629571979,0.5375936031341553,0.3769582211971283,0.08544489741325378,0.12470588833093643,0.0040913852863013744,0.3100358545780182
1099,0.014843327924609184,0.04786783456802368,0.0901174545288086,-0.08026617020368576,2.775272846221924,3.2248721316354763,1330.8729158910342,0.5418475270271301,0.36988145112991333,0.08822612464427948,0.13019399344921112,0.0030255368910729885,0.32360267639160156
1100,0.014806229621171951,0.05529296025633812,0.1031947135925293,-0.039670754224061966,2.9830245971679688,3.7344389265406446,1375.351605554452,0.527362585067749,0.3763945996761322,0.09612741321325302,0.12409978359937668,0.003849130356684327,0.3185870051383972
1101,0.014824915677309036,0.0553080290555954,0.10364532470703125,-0.07087985426187515,3.1618833541870117,3.7307483061451014,1365.446594192281,0.5263275504112244,0.3903264105319977,0.08294632285833359,0.12452197074890137,0.003219401929527521,0.3010350167751312
1102,0.014926929026842117,0.04913884401321411,0.09759664535522461,-0.08037813752889633,2.930724859237671,3.291959379022905,1302.4032309749475,0.5454522371292114,0.3846835196018219,0.06972982734441757,0.12978826463222504,0.002919822698459029,0.2911536991596222
1103,0.01464226096868515,0.05050051212310791,0.09624481201171875,-0.14078456163406372,2.819575309753418,3.448955883771126,1259.4891953491501,0.5589630007743835,0.3635992705821991,0.07727105915546417,0.12950856983661652,0.0025925508234649897,0.317696750164032
1104,0.014866095036268234,0.0532822422683239,0.1038217544555664,-0.10355059802532196,2.924750328063965,3.58414513930855,1293.188888144805,0.5473530888557434,0.3673994243144989,0.08514183014631271,0.12375790625810623,0.002639357466250658,0.3281012177467346
1105,0.015141090378165245,0.06028793379664421,0.11349201202392578,-0.14517377316951752,3.022235870361328,3.981743209168268,1320.136734555797,0.529353141784668,0.3884596824645996,0.08217538148164749,0.12541316449642181,0.002791786100715399,0.313882052898407
1106,0.015000034123659134,0.0602550208568573,0.10374069213867188,-0.1818673461675644,3.0808169841766357,4.016992251891064,1340.0588381084442,0.5164610147476196,0.4071637690067291,0.07636923342943192,0.12603755295276642,0.002565702423453331,0.29359886050224304
1107,0.015020043589174747,0.05326807498931885,0.09609460830688477,-0.14682453870773315,3.0046796798706055,3.5464660717871532,1343.989808947308,0.5215268135070801,0.4017491638660431,0.07668345421552658,0.12225097417831421,0.0032969643361866474,0.306939959526062
1108,0.014834387227892876,0.0502089187502861,0.09294509887695312,-0.15168558061122894,2.821977376937866,3.3846304519066615,1289.5372837940245,0.5588491559028625,0.3581681251525879,0.08296504616737366,0.13033801317214966,0.002952352399006486,0.3365428149700165
1109,0.014513535425066948,0.04208733141422272,0.0809025764465332,-0.12781287729740143,2.7505390644073486,2.8998676186528622,1221.2055420358874,0.5907533764839172,0.3289785385131836,0.0802508145570755,0.1394241452217102,0.004054073244333267,0.34223878383636475
1110,0.014349308796226978,0.050278596580028534,0.09311437606811523,-0.13166503608226776,2.8736846446990967,3.5039037273868505,1271.5910929106885,0.5558677315711975,0.35412469506263733,0.0899992510676384,0.13157542049884796,0.0035325000062584877,0.32570725679397583
1111,0.014898816123604774,0.050223253667354584,0.09311437606811523,-0.130604088306427,2.8732495307922363,3.3709560039749045,1330.6461994694903,0.5266129970550537,0.3788532316684723,0.09445594996213913,0.1258414387702942,0.003362884745001793,0.3004332482814789
1112,0.015203407034277916,0.04969605430960655,0.09935140609741211,-0.13090530037879944,2.8873536586761475,3.268744577731298,1349.728414154556,0.5183811187744141,0.3896027207374573,0.09200538694858551,0.12371379137039185,0.0033296768087893724,0.30008581280708313
1113,0.014934617094695568,0.049606986343860626,0.09765625,-0.09072636812925339,2.8955955505371094,3.321610860593023,1328.7858659848382,0.5247411727905273,0.3867340385913849,0.08851000666618347,0.12228041887283325,0.003548180917277932,0.30822834372520447
1114,0.014910664409399033,0.04820382967591286,0.09120464324951172,-0.0630616694688797,2.875587224960327,3.2328425044758182,1318.7156546290664,0.5409557223320007,0.37742146849632263,0.08148230612277985,0.12310881167650223,0.0024994350969791412,0.32065773010253906
1115,0.014792436733841896,0.05481341853737831,0.09697914123535156,-0.08840183168649673,2.91483211517334,3.7055029891235947,1307.904896228721,0.5584858655929565,0.35998132824897766,0.0814855769276619,0.12828035652637482,0.0028663366101682186,0.3216082751750946
1116,0.014492543414235115,0.05483374372124672,0.1040506362915039,-0.08261311054229736,2.8754189014434814,3.7835831951763135,1242.7832552074403,0.5768821239471436,0.3487406075000763,0.0742758959531784,0.13625778257846832,0.00240767328068614,0.3400397002696991
1117,0.015055377967655659,0.05478597432374954,0.10587930679321289,-0.09348221123218536,3.0431339740753174,3.638963726969224,1323.0478764275529,0.5246657133102417,0.40383949875831604,0.07149212807416916,0.12132152169942856,0.002940750913694501,0.3091459572315216
1118,0.015194685198366642,0.054824359714984894,0.10587930679321289,-0.09147864580154419,3.109099864959717,3.6081273810970513,1358.9832087761586,0.5165991187095642,0.4048388600349426,0.07855437695980072,0.12026949971914291,0.0027984189800918102,0.2978948652744293
1119,0.01496889814734459,0.050492528825998306,0.09779214859008789,-0.0566592812538147,2.911125898361206,3.373162695450785,1283.1344580724883,0.5471953749656677,0.37183985114097595,0.08096063137054443,0.12767119705677032,0.0030352799221873283,0.32162758708000183
1120,0.014786838553845882,0.05053361877799034,0.09502410888671875,-0.08673756569623947,2.8658699989318848,3.4174728147978373,1252.0261882535049,0.554404079914093,0.36230942606925964,0.0832466185092926,0.12691648304462433,0.0031662494875490665,0.3343188166618347
1121,0.01435925904661417,0.049701135605573654,0.09217500686645508,-0.18220926821231842,2.890153169631958,3.461260462031405,1249.0875762901671,0.5715442895889282,0.33582761883735657,0.09255698323249817,0.13585291802883148,0.003300273325294256,0.3367633521556854
1122,0.01433733943849802,0.05103007331490517,0.10050773620605469,-0.19231447577476501,3.0286643505096436,3.55924287977183,1265.548814663781,0.5668731331825256,0.3425438404083252,0.09040749818086624,0.1406923085451126,0.003344002878293395,0.3220077455043793
1123,0.014725807122886181,0.05099429190158844,0.1013636589050293,-0.10212771594524384,2.976309061050415,3.46291999294711,1302.3794086572425,0.5607532858848572,0.34677761793136597,0.09230836480855942,0.13259369134902954,0.0024622054770588875,0.32267725467681885
1124,0.01477397233247757,0.05693740025162697,0.10745525360107422,-0.09429475665092468,2.920654296875,3.853899206417748,1260.1169037855666,0.5702999234199524,0.34722575545310974,0.08245410025119781,0.12851540744304657,0.003642082680016756,0.34041449427604675
1125,0.014656562358140945,0.05702110752463341,0.0984644889831543,-0.1040310189127922,2.964263677597046,3.8904830564904405,1262.819668554672,0.562246561050415,0.3598008453845978,0.07792788743972778,0.13280223309993744,0.003206092631444335,0.3296337425708771
1126,0.014786815270781517,0.0500914566218853,0.09584426879882812,-0.1074112206697464,3.0093517303466797,3.387575735626964,1333.6166548893032,0.5413519740104675,0.36970528960227966,0.08892539888620377,0.1324140578508377,0.0035712895914912224,0.302051842212677
1127,0.015029839240014553,0.06303071230649948,0.11631965637207031,-0.059796229004859924,3.1560487747192383,4.193705022106727,1430.8058835280965,0.504895806312561,0.4013345241546631,0.09356582164764404,0.11906449496746063,0.003967854660004377,0.297134667634964
1128,0.015301168896257877,0.06299997121095657,0.11631965637207031,-0.03844180703163147,2.9260520935058594,4.117330619247448,1421.0600121813268,0.5018570423126221,0.4079701900482178,0.09015444666147232,0.11884276568889618,0.0037068582605570555,0.3060256242752075
1129,0.014889786951243877,0.04920314997434616,0.09532690048217773,-0.11955244839191437,2.784055233001709,3.3044898581931212,1286.1850427602076,0.5470324158668518,0.3727940022945404,0.08016756922006607,0.13032843172550201,0.003069942817091942,0.32915550470352173
1130,0.014927395619452,0.052034176886081696,0.09796142578125,-0.09492079168558121,2.928311347961426,3.485817500193386,1407.173292457614,0.5181837677955627,0.3927003741264343,0.08888950198888779,0.12245799601078033,0.004048157949000597,0.30468428134918213
1131,0.014958119951188564,0.052077073603868484,0.09796142578125,-0.08328763395547867,2.865590810775757,3.4815253367619197,1388.7551166954736,0.5259969234466553,0.37910032272338867,0.09479576349258423,0.12403618544340134,0.003201743820682168,0.31190353631973267
1132,0.014857299625873566,0.05005352571606636,0.08859395980834961,-0.08368314802646637,2.682819366455078,3.3689517592773464,1258.6755541539694,0.5679178833961487,0.3487955331802368,0.08328581601381302,0.12702326476573944,0.0035304524935781956,0.32083576917648315
1133,0.015462616458535194,0.052950575947761536,0.10204792022705078,-0.03989255800843239,2.847174882888794,3.424425360761566,1370.3516258931127,0.5162010192871094,0.40096426010131836,0.08276057243347168,0.11490585654973984,0.002470456063747406,0.30719590187072754
1134,0.01556663028895855,0.05866755545139313,0.11163949966430664,-0.10508985072374344,3.1306307315826416,3.7688025191449026,1381.045043817735,0.4939849376678467,0.42404329776763916,0.08196793496608734,0.11245664209127426,0.0020284417551010847,0.29368045926094055
1135,0.014980737119913101,0.06004384160041809,0.11111736297607422,-0.20685411989688873,3.1668267250061035,4.008069904423923,1315.2987343444224,0.5336746573448181,0.3833647072315216,0.0829605832695961,0.1268128752708435,0.002730597509071231,0.3030088543891907
1136,0.014691627584397793,0.060059573501348495,0.10698795318603516,-0.17270664870738983,2.9169793128967285,4.088013608583607,1312.2989056758374,0.5483191013336182,0.36501505970954895,0.08661486208438873,0.13389064371585846,0.0038870335556566715,0.30873438715934753
1137,0.014652752317488194,0.04674990102648735,0.09021520614624023,-0.10229001194238663,2.7390666007995605,3.1905201159716863,1307.0222048695634,0.5490438342094421,0.3682717978954315,0.08223671466112137,0.1270635575056076,0.003822654951363802,0.3187308609485626
1138,0.014673031866550446,0.057499971240758896,0.11301517486572266,-0.06463998556137085,3.02980375289917,3.918751881669435,1328.4890218368807,0.5448178648948669,0.3734222650527954,0.08109360188245773,0.12878771126270294,0.0031235332135111094,0.32093536853790283
1139,0.015139700844883919,0.05737870931625366,0.11301517486572266,-0.07137254625558853,3.1978750228881836,3.789950006301043,1379.5336141549699,0.5119389295578003,0.40800440311431885,0.07975148409605026,0.12676967680454254,0.0032198962289839983,0.29229235649108887
1140,0.015244955196976662,0.05243445187807083,0.09991168975830078,-0.09090951085090637,2.883744239807129,3.4394625105247947,1360.674942417948,0.5200745463371277,0.39469051361083984,0.08505073189735413,0.11952335387468338,0.0025254306383430958,0.299986869096756
1141,0.014766798354685307,0.04601734131574631,0.0883793830871582,-0.04001558944582939,2.62371826171875,3.1162707180889586,1277.767429489502,0.5664554238319397,0.3349652886390686,0.09826194494962692,0.12769216299057007,0.0032338621094822884,0.330845445394516
1142,0.014701783657073975,0.05316795036196709,0.10140180587768555,-0.011207500472664833,2.797276735305786,3.616428563942861,1290.3825372919264,0.5584542751312256,0.3414301872253418,0.10007994621992111,0.131810262799263,0.0035195942036807537,0.3179948925971985
1143,0.015026013366878033,0.057042911648750305,0.11018753051757812,-0.10992545634508133,3.1250290870666504,3.7962771795940364,1345.9598028711068,0.5314978361129761,0.37640246748924255,0.09207602590322495,0.12726953625679016,0.002848834963515401,0.2913953959941864
1144,0.015171187929809093,0.06114427372813225,0.11295080184936523,-0.13099305331707,3.187962532043457,4.030289124819467,1341.6447439052847,0.5119426250457764,0.3975805640220642,0.09037850052118301,0.12138903886079788,0.0026009127032011747,0.29748842120170593
1145,0.015070702880620956,0.06117270886898041,0.11295080184936523,-0.04502284899353981,3.051718235015869,4.059048164474254,1307.040495740713,0.5189688801765442,0.394970566034317,0.08605298399925232,0.11926651746034622,0.0035814736038446426,0.3067995309829712
1146,0.014828461222350597,0.06254488229751587,0.11119842529296875,0.002336637582629919,3.0187489986419678,4.217894315225744,1267.6044136637352,0.5586020350456238,0.35938480496406555,0.08190912753343582,0.1303143948316574,0.0029413860756903887,0.32302647829055786
1147,0.01448673103004694,0.06252764165401459,0.11119842529296875,-0.0443691648542881,2.875613212585449,4.316200909646887,1268.5991121432264,0.5651546120643616,0.35144683718681335,0.08338809758424759,0.1320478767156601,0.003040734911337495,0.3215075433254242
1148,0.01404092088341713,0.0450909398496151,0.0850534439086914,-0.1678851991891861,2.7962100505828857,3.211394766824578,1230.6847202502759,0.5842392444610596,0.3292781710624695,0.0864635780453682,0.13738492131233215,0.0023996224626898766,0.3535686433315277
1149,0.014435689896345139,0.047723378986120224,0.09281396865844727,-0.13375194370746613,2.922731637954712,3.3059299088225087,1220.1884478771271,0.5727903246879578,0.35041677951812744,0.07677985727787018,0.13596759736537933,0.003138918662443757,0.34401366114616394
1150,0.014818871393799782,0.05777718126773834,0.10147809982299805,-0.08962071686983109,2.8401548862457275,3.898892144243416,1234.0668563893878,0.5603728294372559,0.37375712394714355,0.06569468975067139,0.12803488969802856,0.0030245494563132524,0.32639679312705994
1151,0.01458064466714859,0.05763037130236626,0.10403871536254883,-0.030749591067433357,2.813302516937256,3.952525599108781,1307.2849387917981,0.5600254535675049,0.3477610945701599,0.09214257448911667,0.12997081875801086,0.003588060848414898,0.31173020601272583
1152,0.014794600196182728,0.048819564282894135,0.09276866912841797,0.09206023067235947,2.814971923828125,3.299823153868709,1407.2257635989038,0.5295669436454773,0.363303005695343,0.10709885507822037,0.1296159029006958,0.0034545755479484797,0.30670055747032166
1153,0.01473893504589796,0.04889421537518501,0.0976872444152832,-0.042533908039331436,2.864004135131836,3.3173506240178163,1394.4110902430934,0.5323096513748169,0.36997830867767334,0.09762254357337952,0.13128697872161865,0.00305473362095654,0.31597888469696045
1154,0.014531711116433144,0.05240466073155403,0.09910345077514648,-0.1428782045841217,2.8872628211975098,3.606227808140649,1302.279625196944,0.5581186413764954,0.35442280769348145,0.08739415556192398,0.13291987776756287,0.003884547855705023,0.3302573561668396
1155,0.01446374412626028,0.05242319032549858,0.09910345077514648,-0.059723418205976486,2.793529987335205,3.624455041810019,1268.4425655604743,0.5732605457305908,0.3435520529747009,0.08303965628147125,0.13180837035179138,0.0026841622311621904,0.3461911678314209
1156,0.014396699145436287,0.045230232179164886,0.08966207504272461,-0.05940885841846466,2.6398966312408447,3.141708506867078,1326.8076321282003,0.5665395259857178,0.3398631811141968,0.09348294883966446,0.1392611265182495,0.004288867115974426,0.32101958990097046
1157,0.01440464798361063,0.07625006139278412,0.12131452560424805,-0.15295366942882538,3.0192854404449463,5.293434554891362,1270.0016081785805,0.5829043388366699,0.33252206444740295,0.08447063714265823,0.13353756070137024,0.0030932591762393713,0.3461662530899048
1158,0.01456393301486969,0.07629372179508209,0.12537240982055664,-0.1931730955839157,3.2513267993927,5.238538361303098,1266.0834263644176,0.5833548307418823,0.3310105800628662,0.08539564162492752,0.12945733964443207,0.0028241504915058613,0.3538397550582886
1159,0.014797033742070198,0.04924130067229271,0.09824275970458984,-0.1512865424156189,2.967094659805298,3.327781873536213,1303.8653224958039,0.545756459236145,0.3701212406158447,0.08409375697374344,0.13230891525745392,0.0029929864685982466,0.32886210083961487
1160,0.014703305438160896,0.04916674271225929,0.09676694869995117,-0.11740078032016754,2.8214282989501953,3.3439244607752086,1281.3476048635048,0.5430145859718323,0.37587639689445496,0.08070597052574158,0.12884828448295593,0.0034660608507692814,0.31889817118644714
1161,0.014656045474112034,0.04594571515917778,0.08834600448608398,-0.050276271998882294,2.7828760147094727,3.134932628122632,1296.2147900504503,0.5579492449760437,0.3539743423461914,0.08799008280038834,0.12982617318630219,0.0034096885938197374,0.3249380886554718
1162,0.014483478851616383,0.04595223069190979,0.08834600448608398,-0.07123105227947235,2.783719539642334,3.1727343381737807,1247.246576083509,0.5838590264320374,0.32680103182792664,0.08928988873958588,0.13323412835597992,0.00359509140253067,0.3377240002155304
1163,0.013974915258586407,0.05039922147989273,0.09949207305908203,-0.12284363806247711,2.8453872203826904,3.606406231717237,1243.2331838746863,0.5937557816505432,0.31437167525291443,0.09185709804296494,0.14357613027095795,0.0025568220298737288,0.34122589230537415
1164,0.014840133488178253,0.049549564719200134,0.09491682052612305,0.10264723002910614,2.9510016441345215,3.3388894214012796,1518.1556567332375,0.4695335030555725,0.38759395480155945,0.1428644061088562,0.13917480409145355,0.005100413225591183,0.21432539820671082
1165,0.014607058838009834,0.05593293160200119,0.10130167007446289,0.10523475706577301,3.002812385559082,3.829171376555686,1492.397031439442,0.4714047610759735,0.39685720205307007,0.13166524469852448,0.1389811933040619,0.004355445504188538,0.22841167449951172
1166,0.014689617790281773,0.05603991448879242,0.10056734085083008,-0.0035694080870598555,2.847644567489624,3.814933464235664,1462.0060400966854,0.4820084273815155,0.38118860125541687,0.13678941130638123,0.14457963407039642,0.004638187121599913,0.23571766912937164
1167,0.014422277919948101,0.05246039107441902,0.09866476058959961,-0.042464178055524826,2.823495864868164,3.637455287019621,1398.6620837822168,0.5041428804397583,0.3768869638442993,0.11895951628684998,0.14806272089481354,0.003608725033700466,0.24326294660568237
1168,0.014684012159705162,0.052431438118219376,0.10457038879394531,0.061794281005859375,2.974663496017456,3.5706479635400608,1522.2489230246574,0.4646996855735779,0.41290387511253357,0.12232844531536102,0.14024287462234497,0.004367217421531677,0.2155592292547226
1169,0.015172171406447887,0.06446316093206406,0.12312650680541992,0.10368192940950394,3.171948194503784,4.248776210135594,1597.127048862842,0.44242697954177856,0.40855827927589417,0.14893727004528046,0.13237658143043518,0.003695559687912464,0.20191502571105957
1170,0.014956843107938766,0.06448134034872055,0.12312650680541992,-0.047562144696712494,3.1378748416900635,4.311159773427328,1473.2200383835384,0.4868771433830261,0.37354758381843567,0.13934235274791718,0.13527654111385345,0.004843650385737419,0.22528503835201263
1171,0.014389730989933014,0.05160941556096077,0.09726762771606445,-0.1115642860531807,2.9696412086486816,3.5865448487869522,1395.0490682398884,0.5157889127731323,0.36797308921813965,0.1159614771604538,0.14697614312171936,0.004331307485699654,0.2539162039756775
1172,0.014277206733822823,0.05159648507833481,0.1006627082824707,-0.06805485486984253,3.0419704914093018,3.6139061398115357,1462.5224994789176,0.47701212763786316,0.3865964412689209,0.13638809323310852,0.14255408942699432,0.0038377672899514437,0.23145689070224762
1173,0.014448692090809345,0.049790751188993454,0.0981593132019043,-0.10122957080602646,2.958914041519165,3.4460386360658046,1466.2927861207163,0.4715765416622162,0.3986521363258362,0.12976397573947906,0.14514894783496857,0.003252316266298294,0.22765326499938965
1174,0.01460855919867754,0.04979773610830307,0.0981593132019043,-0.0701138973236084,2.790184736251831,3.4088054425930157,1452.7271877744035,0.4899486303329468,0.3822767734527588,0.12772153317928314,0.14779825508594513,0.0046469164080917835,0.23409007489681244
1175,0.01457892544567585,0.050210487097501755,0.09162187576293945,-0.06984066963195801,2.842984199523926,3.4440458099022844,1484.174074334858,0.47935155034065247,0.3901650905609131,0.13018205761909485,0.13982221484184265,0.0045258901081979275,0.23277229070663452
1176,0.014817510731518269,0.05134151875972748,0.09629011154174805,-0.06144717335700989,3.0892081260681152,3.4649219890257417,1541.0896605019905,0.455556184053421,0.3969210088253021,0.14751340448856354,0.13482551276683807,0.004357001278549433,0.22356034815311432
1177,0.015003414824604988,0.05139560252428055,0.09629011154174805,-0.10184622555971146,3.0570216178894043,3.425593647958614,1537.9288716726242,0.45019516348838806,0.398499459028244,0.1512509137392044,0.1371309608221054,0.0042349547147750854,0.21828091144561768
1178,0.014999093487858772,0.05898391455411911,0.11620283126831055,-0.10961279273033142,3.2676761150360107,3.932498627195835,1540.9618288612137,0.45395901799201965,0.4036976397037506,0.14234301447868347,0.13686032593250275,0.0038315358106046915,0.22586262226104736
1179,0.015045086853206158,0.058997415006160736,0.11620283126831055,-0.07778798043727875,3.201904058456421,3.9213741720385493,1529.5111321553272,0.4562188684940338,0.41545164585113525,0.12816573679447174,0.1309179961681366,0.004364224150776863,0.21640324592590332
1180,0.014739693142473698,0.052601590752601624,0.0982666015625,-0.10523595660924911,2.8329110145568848,3.568703245080245,1445.3232476831088,0.47849076986312866,0.4114946126937866,0.10971475392580032,0.14035606384277344,0.004041449632495642,0.21758385002613068
1181,0.014587104320526123,0.05286698788404465,0.09907722473144531,-0.1799660474061966,3.052217483520508,3.624227723252042,1393.8768664027014,0.5056666135787964,0.39213746786117554,0.10210051387548447,0.1495141088962555,0.00479833735153079,0.2362092286348343
1182,0.014405122958123684,0.05295361578464508,0.09907722473144531,-0.1810033917427063,3.0672106742858887,3.6760266423901764,1394.6505082150052,0.5148130059242249,0.37196287512779236,0.11321252584457397,0.14376601576805115,0.004044101573526859,0.2468586564064026
1183,0.014648172073066235,0.05305301770567894,0.10073423385620117,-0.10909440368413925,2.9178237915039062,3.6218183017938683,1492.184969921551,0.47951945662498474,0.3861435651779175,0.1343359351158142,0.14015986025333405,0.00501556321978569,0.22283756732940674
1184,0.014931471087038517,0.05306263640522957,0.10360479354858398,-0.060581836849451065,3.0479302406311035,3.553744710910476,1503.0829588518952,0.45675790309906006,0.42637231945991516,0.11686084419488907,0.14070942997932434,0.004305322654545307,0.2121945172548294
1185,0.01482570730149746,0.06292685866355896,0.113525390625,-0.09256511181592941,3.248333215713501,4.244442263672549,1445.8582873334053,0.47671887278556824,0.4096009135246277,0.11367084085941315,0.13567247986793518,0.00486823869869113,0.2261633574962616
1186,0.014718460850417614,0.06292059272527695,0.11175155639648438,-0.22392553091049194,3.230483055114746,4.2749437838954965,1477.7297956230107,0.48100343346595764,0.3896380662918091,0.1293146312236786,0.1353549361228943,0.0038690930232405663,0.23741398751735687
1187,0.014846657402813435,0.05596194043755531,0.10119438171386719,-0.2211853712797165,3.044280529022217,3.769329278331783,1525.799790148718,0.4641278386116028,0.41401058435440063,0.12181077897548676,0.13679425418376923,0.0037160327192395926,0.22757862508296967
1188,0.01545657403767109,0.05596928298473358,0.10938644409179688,-0.1424134075641632,3.047088146209717,3.6210665341946404,1623.219364548717,0.42591923475265503,0.43503305315971375,0.13900725543498993,0.12977561354637146,0.003190866205841303,0.2138643115758896
1189,0.015192418359220028,0.05347039923071861,0.10637760162353516,-0.09321893006563187,3.0365185737609863,3.519544944254959,1629.9892637329006,0.42817750573158264,0.4182090759277344,0.15360012650489807,0.12918473780155182,0.0034377637784928083,0.20810969173908234
1190,0.01448750775307417,0.052793920040130615,0.1017308235168457,-0.14362148940563202,2.946528673171997,3.644099519138061,1500.6249704899965,0.4769933223724365,0.38281017541885376,0.1401953548192978,0.13851159811019897,0.003455644939094782,0.23431701958179474
1191,0.014638148248195648,0.05279034748673439,0.09459972381591797,-0.11263183504343033,2.846251964569092,3.606354204647105,1432.4857865218457,0.49343183636665344,0.3831576704978943,0.12336833029985428,0.14179489016532898,0.0034431228414177895,0.24461603164672852
1192,0.014622616581618786,0.04610082507133484,0.09122848510742188,-0.11734979599714279,2.8705224990844727,3.1527069598564674,1415.7040802680788,0.4949719309806824,0.3936285674571991,0.11138349771499634,0.14294055104255676,0.0034448523074388504,0.23619267344474792
1193,0.014256823807954788,0.04738515987992287,0.09258031845092773,-0.1668219417333603,2.9701473712921143,3.3236827862149765,1417.6705489576348,0.5009447932243347,0.3875313997268677,0.11152353882789612,0.14638680219650269,0.0035635691601783037,0.23318655788898468
1194,0.014698827639222145,0.05144958570599556,0.10225534439086914,-0.06601537019014359,3.05751633644104,3.500250970030287,1500.6146078985796,0.46744275093078613,0.40843483805656433,0.12405956536531448,0.14028990268707275,0.004169612657278776,0.21834784746170044
1195,0.01511617936193943,0.055334191769361496,0.10997772216796875,-0.05984910577535629,3.106438636779785,3.6605937545981484,1531.5676561774599,0.4519003927707672,0.4233800172805786,0.12463818490505219,0.13611096143722534,0.0038494544569402933,0.2175898253917694
1196,0.01526931207627058,0.06373066455125809,0.1253819465637207,-0.0882265493273735,3.2377703189849854,4.17377444568217,1553.7757826865852,0.44891849160194397,0.41791799664497375,0.13269230723381042,0.13262009620666504,0.004700725432485342,0.21089501678943634
1197,0.015230972319841385,0.06428726762533188,0.12790679931640625,-0.14840619266033173,3.3421101570129395,4.220824926414188,1578.8590588876243,0.4400770366191864,0.43073996901512146,0.12902620434761047,0.1280890703201294,0.003200533101335168,0.21335464715957642
1198,0.014726153574883938,0.06432162970304489,0.11094331741333008,-0.20936912298202515,3.2692699432373047,4.367849986868277,1494.4498047249745,0.4684579074382782,0.4117271304130554,0.1197359561920166,0.14232628047466278,0.0039661359041929245,0.22339904308319092
1199,0.014751926995813847,0.055570390075445175,0.10207653045654297,-0.19509057700634003,3.162302255630493,3.766991938575034,1485.1798129242538,0.466349333524704,0.4276283383369446,0.1060018241405487,0.14092129468917847,0.004269743803888559,0.2175987958908081
1200,0.015157850459218025,0.055612001568078995,0.09932756423950195,-0.1615217924118042,3.0516505241394043,3.6688580425063178,1529.5285199436123,0.451429158449173,0.4400610625743866,0.1084560751914978,0.12752225995063782,0.004005224443972111,0.21889261901378632
1201,0.015276512131094933,0.05021299421787262,0.09979724884033203,-0.11749890446662903,3.0158064365386963,3.2869410100737895,1586.5735178586815,0.4383711814880371,0.4378395080566406,0.12368738651275635,0.13009566068649292,0.0032135522924363613,0.21233883500099182
1202,0.014942988753318787,0.05658219754695892,0.10679483413696289,-0.12187199294567108,3.091832160949707,3.786538187054827,1554.0436858421735,0.458492636680603,0.4107797145843506,0.13066810369491577,0.13856293261051178,0.004488925915211439,0.21572566032409668
1203,0.014387477189302444,0.05666657164692879,0.09882688522338867,-0.06112014129757881,2.9697487354278564,3.9386037522355632,1406.2402369356323,0.5173004269599915,0.35571470856666565,0.12689857184886932,0.1453297883272171,0.0038561588153243065,0.24963904917240143
1204,0.014493273571133614,0.06281336396932602,0.10790824890136719,-0.13021981716156006,3.119626522064209,4.333966626428553,1424.5254093476142,0.5084661245346069,0.3573586046695709,0.13408157229423523,0.13938851654529572,0.004305581096559763,0.2407461404800415
1205,0.014870445244014263,0.06289803981781006,0.1144266128540039,-0.22584910690784454,3.1894567012786865,4.229734804941257,1495.66027619628,0.4743867516517639,0.38890016078948975,0.136712908744812,0.13663502037525177,0.003662633243948221,0.22865980863571167
1206,0.015052263624966145,0.05467095971107483,0.10349750518798828,-0.02540172077715397,2.989173650741577,3.632075617966445,1507.9700667719678,0.4652246832847595,0.3977675139904022,0.13698013126850128,0.1366976946592331,0.0032448978163301945,0.21638543903827667
1207,0.014834976755082607,0.05450902879238129,0.10250568389892578,0.03944837674498558,2.96148419380188,3.6743588944304615,1468.9908755621302,0.4856884777545929,0.377450555562973,0.13685642182826996,0.13532748818397522,0.0034553061705082655,0.23288089036941528
1208,0.014367139898240566,0.048761263489723206,0.09584665298461914,-0.16574659943580627,2.9580936431884766,3.3939436680992214,1425.2019879593302,0.5049781799316406,0.36720842123031616,0.12781238555908203,0.14493486285209656,0.0032816934399306774,0.25059300661087036
1209,0.01490077469497919,0.05985585227608681,0.10898590087890625,-0.08127482980489731,3.0677247047424316,4.016962439693706,1486.7637767007768,0.46761831641197205,0.4225723147392273,0.10973846912384033,0.14065927267074585,0.0034172956366091967,0.2163829803466797
1210,0.01515390444546938,0.059763435274362564,0.10898590087890625,0.03868062421679497,2.9177701473236084,3.9437648221601727,1494.0604248562224,0.46499788761138916,0.4261328876018524,0.10878191143274307,0.1339602917432785,0.0035923400428146124,0.21846850216388702
1211,0.014680908992886543,0.0468142069876194,0.08993864059448242,-0.1519184410572052,2.813098669052124,3.1887812264972064,1442.9341548667726,0.49001801013946533,0.39469897747039795,0.11527177691459656,0.14172126352787018,0.004351596813648939,0.24053320288658142
1212,0.014812725596129894,0.051149360835552216,0.09807825088500977,-0.16421636939048767,3.0164246559143066,3.453068815739278,1483.1843736439366,0.47130265831947327,0.41432076692581177,0.11426480859518051,0.13935355842113495,0.003813342424109578,0.23474234342575073
1213,0.014918504282832146,0.051296427845954895,0.09928464889526367,-0.044466372579336166,3.0332133769989014,3.438443081827388,1495.4868423165426,0.46309688687324524,0.41720786690711975,0.11957546323537827,0.14121697843074799,0.004848845768719912,0.2140224575996399
1214,0.014669188298285007,0.052183542400598526,0.10154247283935547,-0.020390061661601067,2.9527151584625244,3.557357185410321,1469.8226196717853,0.47402748465538025,0.40903154015541077,0.1169409453868866,0.13937829434871674,0.004327811766415834,0.22001008689403534
1215,0.014520889148116112,0.05221358686685562,0.10154247283935547,-0.05172989144921303,2.9131240844726562,3.59575686658512,1414.6437115660963,0.5057452321052551,0.3804682493209839,0.11369718611240387,0.13858935236930847,0.004890005569905043,0.24288128316402435
1216,0.014866640791296959,0.059587787836790085,0.10732173919677734,-0.1784108579158783,3.0047805309295654,4.008154139815167,1459.2165047691478,0.49022939801216125,0.3855719268321991,0.12409093976020813,0.14109283685684204,0.004414571449160576,0.23276618123054504
1217,0.01547718234360218,0.05948546901345253,0.10869503021240234,-0.13792407512664795,2.963588237762451,3.8434301340514136,1555.2316388645418,0.44008561968803406,0.4248702824115753,0.13501450419425964,0.12650223076343536,0.0035533492919057608,0.2130679488182068
1218,0.015239255502820015,0.05640074983239174,0.10561466217041016,-0.08229690045118332,2.92870831489563,3.7010174032618455,1573.902532702329,0.43080076575279236,0.42518433928489685,0.14398831129074097,0.12498585134744644,0.0033445185981690884,0.2114873230457306
1219,0.015161906369030476,0.049687616527080536,0.09748697280883789,-0.10593992471694946,2.8704349994659424,3.2771351645657645,1587.5415738092793,0.4347410202026367,0.41398149728775024,0.15127690136432648,0.13188745081424713,0.004523690789937973,0.20556408166885376
1220,0.015536434017121792,0.055730611085891724,0.10495185852050781,-0.11306294798851013,2.9915528297424316,3.5870915437150632,1573.9989620826584,0.44890058040618896,0.39849427342414856,0.15258827805519104,0.12726254761219025,0.004083418752998114,0.20621240139007568
1221,0.01524644810706377,0.05566444993019104,0.10495185852050781,-0.157840758562088,3.24904203414917,3.650978217067514,1533.4280564767696,0.4720045030117035,0.3854803740978241,0.14246203005313873,0.13054786622524261,0.004223537165671587,0.22133703529834747
1222,0.01476164162158966,0.05716535449028015,0.11232852935791016,-0.14749710261821747,3.252201795578003,3.872560786383021,1552.0629090666873,0.4590393900871277,0.39392608404159546,0.14702966809272766,0.13750876486301422,0.00452436925843358,0.22276702523231506
1223,0.014714873395860195,0.057133570313453674,0.11232852935791016,-0.0601915679872036,3.0640554428100586,3.882708928073049,1554.8141947364218,0.4630264937877655,0.3739171624183655,0.1630559265613556,0.14258959889411926,0.0036187884397804737,0.21715177595615387
1224,0.014665917493402958,0.051895689219236374,0.10015010833740234,-0.029261382296681404,2.8719420433044434,3.538523194272819,1477.7944014621228,0.48380398750305176,0.36668112874031067,0.14950355887413025,0.14352944493293762,0.0035273837856948376,0.232472226023674
1225,0.014537401497364044,0.05328903719782829,0.10024309158325195,-0.05757987126708031,2.9520015716552734,3.6656507838643058,1465.9532002711449,0.4827185273170471,0.38453277945518494,0.13271264731884003,0.13937953114509583,0.0033572332467883825,0.2365793138742447
1226,0.015072251670062542,0.05817442387342453,0.11162042617797852,-0.07404571026563644,3.027951955795288,3.8597035892861675,1522.4851954580681,0.46620529890060425,0.3957184851169586,0.1380670815706253,0.13607749342918396,0.004067591857165098,0.22100429236888885
1227,0.015125727280974388,0.058263760060071945,0.11538505554199219,-0.05949802324175835,3.075810194015503,3.8519642046902405,1534.2017133724112,0.461340993642807,0.405434787273407,0.13322389125823975,0.137987419962883,0.0038096855860203505,0.2245103120803833
1228,0.014654655009508133,0.05723777040839195,0.10853052139282227,-0.08668385446071625,3.0539870262145996,3.905773992451515,1492.4459859934789,0.4724007546901703,0.3990499973297119,0.12853990495204926,0.14134572446346283,0.0051724957302212715,0.22852136194705963
1229,0.014329315163195133,0.05129079520702362,0.09739875793457031,-0.07841047644615173,2.9800221920013428,3.579431020903544,1460.018362554447,0.4766640365123749,0.40787240862846375,0.11542007327079773,0.14128558337688446,0.004775851033627987,0.23825767636299133
1230,0.014682486653327942,0.053625356405973434,0.09582281112670898,0.044824350625276566,3.0040974617004395,3.6523347623930134,1494.5975173920813,0.47103139758110046,0.40086156129837036,0.12800194323062897,0.1390925794839859,0.004317869432270527,0.22089852392673492
1231,0.015036513097584248,0.0551874116063118,0.1048135757446289,0.04099976643919945,2.9525747299194336,3.670226683838551,1509.551962938724,0.4691489338874817,0.40325823426246643,0.12747281789779663,0.13805226981639862,0.0037936365697532892,0.22729849815368652
1232,0.014650288969278336,0.05524364486336708,0.1048135757446289,-0.07707551121711731,2.882082462310791,3.7708228810668656,1458.6174799476003,0.4843432307243347,0.39792561531066895,0.11767826974391937,0.13561788201332092,0.0043287998996675014,0.24424046277999878
1233,0.0146291833370924,0.050875335931777954,0.09508132934570312,-0.19085796177387238,3.0149636268615723,3.4776606975254394,1486.5644261959237,0.4783455729484558,0.39535680413246155,0.1262872964143753,0.1394059956073761,0.0036584946792572737,0.22564665973186493
1234,0.014831827953457832,0.05081336945295334,0.09681224822998047,-0.17921742796897888,3.0162034034729004,3.4259681010984857,1500.9648817648956,0.4749469757080078,0.3906550705432892,0.1343975067138672,0.13974978029727936,0.0040856339037418365,0.2182990461587906
1235,0.014642812311649323,0.06253072619438171,0.10850667953491211,-0.10837988555431366,2.9335315227508545,4.270404131340534,1492.48076689805,0.47770658135414124,0.3901810944080353,0.1321059912443161,0.1386253535747528,0.0038466593250632286,0.22850926220417023
1236,0.014515967108309269,0.06250136345624924,0.11485576629638672,-0.017089158296585083,2.912776470184326,4.305697511271319,1435.852185202703,0.5024890899658203,0.3648092746734619,0.13249997794628143,0.14073170721530914,0.004292826168239117,0.24019242823123932
1237,0.014896021224558353,0.05633380264043808,0.10860443115234375,-0.03364429250359535,3.0487077236175537,3.781801985068432,1439.281991240938,0.49397552013397217,0.385729044675827,0.1202552542090416,0.13884113729000092,0.004022338427603245,0.2445482313632965
1238,0.015198519453406334,0.06290566176176071,0.11861324310302734,-0.09828638285398483,3.3621392250061035,4.138933529049975,1555.379661389704,0.4485737681388855,0.4144173562526703,0.13694237172603607,0.13304796814918518,0.003664064686745405,0.2128245234489441
1239,0.015587431378662586,0.06291015446186066,0.11937856674194336,-0.16799688339233398,3.2545580863952637,4.035953899623355,1585.9277708674751,0.43277037143707275,0.427776038646698,0.1394498497247696,0.1230972409248352,0.0038502090610563755,0.1923949271440506
1240,0.015523137524724007,0.06664392352104187,0.12304067611694336,-0.3280988335609436,3.301919937133789,4.293199323307133,1568.7368522547406,0.4418370723724365,0.4267817437648773,0.13137559592723846,0.12798818945884705,0.003264873055741191,0.19852198660373688
1241,0.015104981139302254,0.06653983891010284,0.1141810417175293,-0.3159556984901428,3.29179310798645,4.405158688517989,1544.3080527992513,0.46265146136283875,0.3939855396747589,0.14331448078155518,0.13902881741523743,0.003352182451635599,0.20989106595516205
1242,0.014679469168186188,0.05088355019688606,0.09983062744140625,-0.1851392686367035,3.051302671432495,3.466307235666001,1498.8372923321883,0.4747839868068695,0.3997858166694641,0.12539811432361603,0.1395663619041443,0.002978996839374304,0.23314225673675537
1243,0.014261022210121155,0.0490458682179451,0.09430170059204102,-0.1350162923336029,2.9682037830352783,3.4391551665698774,1415.5133161949295,0.5031086206436157,0.39329707622528076,0.10356931388378143,0.14772656559944153,0.005163939669728279,0.2405858337879181
1244,0.014389473013579845,0.04820407181978226,0.09134769439697266,-0.14334797859191895,2.9064676761627197,3.349953940004644,1406.4458701835892,0.5082294344902039,0.38236361742019653,0.10940362513065338,0.14695453643798828,0.004057571291923523,0.240958571434021
1245,0.014910446479916573,0.05715686455368996,0.10024309158325195,-0.12077420949935913,2.915363073348999,3.833343597513548,1513.1899091419086,0.46826353669166565,0.405148446559906,0.12658773362636566,0.139581561088562,0.004213899839669466,0.22051724791526794
1246,0.014844530262053013,0.05719912052154541,0.09807109832763672,-0.17068810760974884,2.9920578002929688,3.8532118907063015,1548.638346574874,0.4555424153804779,0.4242677390575409,0.12018971890211105,0.13670794665813446,0.003773805918172002,0.2258094996213913
1247,0.014700285159051418,0.05286912992596626,0.09720087051391602,-0.1990278959274292,3.0819358825683594,3.5964696841147084,1560.1750842420656,0.4546869099140167,0.4251510202884674,0.12014662474393845,0.13281017541885376,0.004853398539125919,0.2315833866596222
1248,0.014603085815906525,0.0584317222237587,0.10309696197509766,-0.19195330142974854,3.1513094902038574,4.001327045281769,1512.8939619846155,0.4742978811264038,0.40367090702056885,0.12203117460012436,0.1451440155506134,0.0041086929850280285,0.23139972984790802
1249,0.014571248553693295,0.05832168087363243,0.10661602020263672,-0.16789837181568146,3.1461451053619385,4.002517742712407,1480.4511720705527,0.475490927696228,0.4106898009777069,0.11381310969591141,0.14554589986801147,0.004417200107127428,0.22424525022506714
1250,0.015072506852447987,0.05459190532565117,0.10414600372314453,0.00908802729099989,2.9508891105651855,3.621952595971965,1558.0819557650161,0.43905922770500183,0.432283490896225,0.12865589559078217,0.12902425229549408,0.003724986920133233,0.21125683188438416
1251,0.015340063720941544,0.05738318711519241,0.10509490966796875,0.025146666914224625,2.9694085121154785,3.7407398140800945,1570.25710218902,0.4434967041015625,0.40330952405929565,0.15314951539039612,0.12988269329071045,0.003666813252493739,0.2074006050825119
1252,0.014938381500542164,0.0573049858212471,0.10729312896728516,-0.06117992475628853,3.121314764022827,3.836090664529569,1496.4290187882957,0.4783639907836914,0.3659376800060272,0.1556425839662552,0.13756497204303741,0.0034153780434280634,0.2348364144563675
1253,0.014649715274572372,0.04998059198260307,0.09708166122436523,-0.07917618751525879,3.0205345153808594,3.4117108109222487,1455.7200688229136,0.4857158958911896,0.3895212411880493,0.12475939095020294,0.13711310923099518,0.003669227473437786,0.24721643328666687
1254,0.014608283527195454,0.04769726097583771,0.09314537048339844,-0.09474151581525803,2.9067583084106445,3.2650831895326515,1479.06243830931,0.4760145843029022,0.4080861508846283,0.1158662661910057,0.1409589797258377,0.004319542087614536,0.22833453118801117
1255,0.014450781978666782,0.04777063801884651,0.09314537048339844,-0.07555897533893585,2.846662759780884,3.305747611863704,1440.9389145361781,0.4961477816104889,0.39028021693229675,0.11353708803653717,0.15008759498596191,0.0036179502494633198,0.22646218538284302
1256,0.014823532663285732,0.06194038689136505,0.10788440704345703,-0.09124787896871567,2.8831684589385986,4.17851724647241,1463.8108794749544,0.4831572473049164,0.39648696780204773,0.12034573405981064,0.14037096500396729,0.003934385720640421,0.22480587661266327
1257,0.015098582953214645,0.06197038292884827,0.10843753814697266,-0.20482386648654938,3.142871856689453,4.104384041652713,1536.735276924329,0.45047223567962646,0.4242629408836365,0.12521030008792877,0.12811866402626038,0.003199684200808406,0.22250142693519592
1258,0.014861035160720348,0.0600302517414093,0.10658979415893555,-0.19191984832286835,3.063966989517212,4.039439452780358,1466.0475871959643,0.4771777093410492,0.41110244393348694,0.1116713434457779,0.14003176987171173,0.004428976681083441,0.22550666332244873
1259,0.014459576457738876,0.052743684500455856,0.10061264038085938,-0.09986015409231186,2.853795051574707,3.6476645530360168,1427.393539657141,0.5034832954406738,0.38334035873413086,0.11317627131938934,0.14968276023864746,0.004008092917501926,0.2349669337272644
1260,0.014554969035089016,0.04791822284460068,0.09502410888671875,-0.03577212989330292,2.9377005100250244,3.2922243067496426,1471.4535766332874,0.4845150113105774,0.38762181997299194,0.1278502345085144,0.140968456864357,0.004720164462924004,0.23002250492572784
1261,0.01498970203101635,0.05559798330068588,0.09963512420654297,-0.09346363693475723,3.0442302227020264,3.709078618236355,1476.0641756201587,0.47457340359687805,0.40114539861679077,0.12423169612884521,0.13395048677921295,0.003985853865742683,0.22673742473125458
1262,0.015386227518320084,0.05555225536227226,0.10127067565917969,-0.16354520618915558,3.0178139209747314,3.610518256831751,1511.4363742242447,0.45731282234191895,0.42526453733444214,0.11742126196622849,0.12776094675064087,0.004352747928351164,0.21794185042381287
1263,0.015471373684704304,0.05413804575800896,0.0998830795288086,-0.030044270679354668,2.9020683765411377,3.499239748053725,1508.5164093856906,0.4451492428779602,0.4477332532405853,0.10711245238780975,0.12803323566913605,0.0036474508233368397,0.21524342894554138
1264,0.015038573183119297,0.05404192954301834,0.09946584701538086,0.017812220379710197,2.874593496322632,3.593554314054641,1488.288694364279,0.45662951469421387,0.43025970458984375,0.11305373162031174,0.13214325904846191,0.0038826013915240765,0.21170753240585327
1265,0.014587915502488613,0.04870552197098732,0.09114980697631836,-0.0798603743314743,2.8044486045837402,3.338758163175519,1477.6552849189102,0.48380962014198303,0.3880551755428314,0.1276424080133438,0.14052510261535645,0.003774773795157671,0.22966454923152924
1266,0.014618800953030586,0.06369956582784653,0.11116743087768555,-0.11288227140903473,3.007584571838379,4.35737281245927,1474.6184878137663,0.49122822284698486,0.371726930141449,0.13693749904632568,0.14486245810985565,0.004099509213119745,0.23563674092292786
1267,0.014778407290577888,0.06378249078989029,0.11116743087768555,-0.1080382764339447,3.2267251014709473,4.315924546634974,1515.4775617464106,0.4704461693763733,0.3971222937107086,0.13240273296833038,0.13732858002185822,0.0049692303873598576,0.23173828423023224
1268,0.014799755066633224,0.05654638633131981,0.10369062423706055,-0.041010238230228424,2.9760360717773438,3.820765010833568,1473.2488244597746,0.49077579379081726,0.3795648515224457,0.1296587586402893,0.13463132083415985,0.004918093793094158,0.23446820676326752
1269,0.015120786614716053,0.05149195343255997,0.097503662109375,-0.04763197898864746,2.854268789291382,3.4053753115622243,1433.7823565894728,0.5042290687561035,0.37080103158950806,0.12479894608259201,0.13717615604400635,0.0042899795807898045,0.23023466765880585
1270,0.015353485010564327,0.05534288287162781,0.10572671890258789,-0.07664413005113602,2.900552749633789,3.6045811638167655,1502.298528191655,0.4741676151752472,0.3918605446815491,0.1339637190103531,0.13129663467407227,0.0038225946482270956,0.2199545055627823
1271,0.015348664484918118,0.058001480996608734,0.10843992233276367,-0.06748220324516296,2.910400152206421,3.778926892943887,1598.3058442356248,0.4442828893661499,0.4066201448440552,0.14908497035503387,0.12686139345169067,0.004669926594942808,0.20680350065231323
1272,0.01503168884664774,0.058111872524023056,0.10241031646728516,-0.14876191318035126,3.0355889797210693,3.8659576520649437,1599.0786187551848,0.4488762617111206,0.3848499357700348,0.16627347469329834,0.13681204617023468,0.0038129992317408323,0.20934893190860748
1273,0.01480681262910366,0.054817043244838715,0.10214090347290039,-0.20511288940906525,3.143568515777588,3.702150126043362,1504.0403638362702,0.48533686995506287,0.3579587936401367,0.15668842196464539,0.14332790672779083,0.0038925104308873415,0.22248448431491852
1274,0.01479735504835844,0.050852272659540176,0.09809017181396484,-0.12794645130634308,3.1116456985473633,3.436578529738323,1451.7815873277186,0.4997670352458954,0.37402164936065674,0.12609687447547913,0.13575445115566254,0.0033692505676299334,0.23426681756973267
1275,0.0146151939406991,0.055926352739334106,0.11156797409057617,-0.05783220753073692,3.1305811405181885,3.8265898463221037,1468.8834850133433,0.49329304695129395,0.3704650104045868,0.13623759150505066,0.139046311378479,0.004362701438367367,0.22978462278842926
1276,0.014461624436080456,0.056011512875556946,0.11156797409057617,-0.09694766253232956,3.001149892807007,3.8731135025149825,1474.5683604916308,0.4879298508167267,0.3693704903125763,0.1426936537027359,0.14726091921329498,0.0036765194963663816,0.22630755603313446
1277,0.014352510683238506,0.05275539681315422,0.09206533432006836,-0.1485520303249359,2.814459800720215,3.6756911716560228,1449.7550001330908,0.49636563658714294,0.374359130859375,0.1291782706975937,0.1454317271709442,0.004514798521995544,0.2349611222743988
1278,0.014740019105374813,0.05277751013636589,0.0993657112121582,-0.07003215700387955,2.8635833263397217,3.580559140085544,1507.9385516139873,0.4761808514595032,0.38718289136886597,0.13625521957874298,0.1342727094888687,0.003770770039409399,0.23550467193126678
1279,0.014900454320013523,0.046588487923145294,0.08979082107543945,-0.01502202544361353,2.7068488597869873,3.126648820193582,1491.8066639238527,0.4771493971347809,0.3850604295730591,0.13758818805217743,0.133903369307518,0.004424763843417168,0.2283448725938797
1280,0.015118601731956005,0.06317654252052307,0.12042045593261719,-0.038144513964653015,3.0223770141601562,4.178729199725451,1522.7676629551358,0.46639612317085266,0.38679835200309753,0.14669962227344513,0.13451236486434937,0.0035122118424624205,0.2226785123348236
1281,0.014912441372871399,0.06309326738119125,0.12042045593261719,-0.06517872959375381,3.1941258907318115,4.23091469729022,1526.584987940396,0.4736626148223877,0.3682195246219635,0.158115953207016,0.13581769168376923,0.003965871874243021,0.22472606599330902
1282,0.014579144306480885,0.052258122712373734,0.10375022888183594,-0.022624805569648743,3.1158111095428467,3.5844437513084304,1538.644107352219,0.4833187162876129,0.34791508316993713,0.16876204311847687,0.13767904043197632,0.003917418420314789,0.2352176159620285
1283,0.015377143397927284,0.055051274597644806,0.10736227035522461,-0.05443553254008293,3.2234935760498047,3.5800716146982934,1622.1422053419353,0.4356204569339752,0.4071827530860901,0.1571958065032959,0.12948495149612427,0.003981239162385464,0.20567108690738678
1284,0.015076176263391972,0.05500414967536926,0.10359764099121094,-0.15906700491905212,3.0815939903259277,3.6484151359573933,1515.2783268542062,0.4674513339996338,0.40526989102363586,0.1272757202386856,0.13629639148712158,0.0038682417944073677,0.2145300954580307
1285,0.014627417549490929,0.05940626561641693,0.10895729064941406,-0.054398756474256516,3.1461727619171143,4.061295537052822,1465.9452743917348,0.49208202958106995,0.3844459056854248,0.12347196042537689,0.13909924030303955,0.0030071481596678495,0.22252951562404633
1286,0.014681484550237656,0.05941218510270119,0.11050224304199219,-0.09684635698795319,3.211543083190918,4.046742336945258,1469.862478681987,0.49258461594581604,0.37624114751815796,0.13103336095809937,0.14171040058135986,0.004668909125030041,0.23047932982444763
1287,0.014550017192959785,0.05118893086910248,0.0927877426147461,-0.28732064366340637,2.9926440715789795,3.518135421197493,1445.0219431033888,0.5021452307701111,0.3690192997455597,0.12873683869838715,0.14793530106544495,0.004611330572515726,0.2429918348789215
1288,0.01459116954356432,0.06801807880401611,0.11423826217651367,-0.2198030948638916,3.1195826530456543,4.661591971519174,1496.005708326281,0.4681704342365265,0.40091949701309204,0.13090813159942627,0.1444452852010727,0.003928482532501221,0.21659308671951294
1289,0.014633900485932827,0.06810927391052246,0.11755228042602539,-0.12100968509912491,3.2237510681152344,4.654211908256439,1479.2538794056063,0.4716927707195282,0.3997543156147003,0.1284971386194229,0.1394258290529251,0.002838857937604189,0.22177784144878387
1290,0.014827423729002476,0.05280425027012825,0.10227441787719727,-0.11203694343566895,3.1136934757232666,3.5612559020136287,1501.372315414326,0.48207804560661316,0.36939892172813416,0.14830540120601654,0.14044494926929474,0.0031176083721220493,0.23030398786067963
1291,0.01461428590118885,0.048711564391851425,0.09605169296264648,-0.05044260248541832,3.051917791366577,3.3331470807311674,1516.31655935202,0.4815388321876526,0.3656739294528961,0.15272308886051178,0.14475999772548676,0.0033409877214580774,0.23071761429309845
1292,0.014611284248530865,0.05394682660698891,0.10026931762695312,-0.014409057796001434,3.023725748062134,3.6921344958928586,1511.343130054709,0.46828827261924744,0.40978050231933594,0.12189231812953949,0.13834841549396515,0.004164501093327999,0.2233850508928299
1293,0.014538448303937912,0.05831052362918854,0.1123046875,-0.1377052664756775,3.0538711547851562,4.0107804083454806,1513.973542268355,0.47371262311935425,0.4007241427898407,0.12554700672626495,0.14165468513965607,0.0039620064198970795,0.22783541679382324
1294,0.014617515727877617,0.05825626850128174,0.10223388671875,-0.15267710387706757,2.943598508834839,3.9853740937793987,1462.3860305116277,0.4960683584213257,0.36472198367118835,0.13920189440250397,0.14296135306358337,0.005320096854120493,0.2382371574640274
1295,0.014785198494791985,0.053304366767406464,0.09800910949707031,-0.09321180731058121,2.8405771255493164,3.6052520216470154,1484.017606255971,0.4773210287094116,0.39010339975357056,0.13256271183490753,0.1382329761981964,0.004475249443203211,0.2412259578704834
1296,0.015038089826703072,0.05114376172423363,0.09589195251464844,-0.15539811551570892,2.8526690006256104,3.400948013358513,1576.8370002615047,0.45047295093536377,0.3866310715675354,0.16287541389465332,0.13102471828460693,0.004043392837047577,0.22160154581069946
1297,0.01490756031125784,0.05110938847064972,0.10181427001953125,-0.1287912279367447,2.951033115386963,3.4284207073524087,1550.4172998150068,0.46489837765693665,0.37794601917266846,0.15708591043949127,0.13536511361598969,0.0033238313626497984,0.2154698669910431
1298,0.01456036139279604,0.05077701434493065,0.10019779205322266,-0.06927798688411713,2.9210004806518555,3.487345744492716,1437.2170331047475,0.494672030210495,0.38639265298843384,0.11878397315740585,0.14542412757873535,0.004194566980004311,0.22294558584690094
1299,0.014759870246052742,0.048542387783527374,0.09195327758789062,-0.04017513245344162,2.804816246032715,3.2888085715536923,1466.4648862946124,0.4855639636516571,0.38298359513282776,0.13142696022987366,0.13925836980342865,0.004894552752375603,0.2275494635105133
1300,0.014553551562130451,0.04842856153845787,0.09350061416625977,-0.004391231574118137,2.932058811187744,3.3276112245443508,1500.8182950974733,0.4743930995464325,0.3945922255516052,0.13101372122764587,0.14036715030670166,0.003421350149437785,0.22781167924404144
1301,0.014857804402709007,0.05402226746082306,0.09928226470947266,-0.14894013106822968,3.085306167602539,3.6359522573427663,1463.2414904363027,0.47005149722099304,0.41404592990875244,0.1158117726445198,0.14425963163375854,0.0037414224352687597,0.2220715880393982
1302,0.015316802076995373,0.057920947670936584,0.11206865310668945,-0.07146558910608292,3.0811965465545654,3.781530072399887,1517.9304356615075,0.4510379731655121,0.4222871661186218,0.12667468190193176,0.13304787874221802,0.004263087175786495,0.21316346526145935
1303,0.015072589740157127,0.05793850123882294,0.10993242263793945,-0.05191252753138542,3.1708812713623047,3.843964589616368,1528.6595733934953,0.4590641260147095,0.41272661089897156,0.12820608913898468,0.13031184673309326,0.0048432364128530025,0.21645201742649078
1304,0.01474443357437849,0.054278645664453506,0.10744571685791016,-0.14558105170726776,3.118802785873413,3.6812974460472057,1494.2253723455437,0.48173511028289795,0.3864414095878601,0.1317753940820694,0.1402398645877838,0.0038619539700448513,0.23236194252967834
1305,0.014514421112835407,0.05722067877650261,0.10479927062988281,-0.09179385006427765,2.8783910274505615,3.942332823867073,1478.7378000970384,0.5003185272216797,0.354744017124176,0.14492455124855042,0.15006287395954132,0.004531550221145153,0.22528888285160065
1306,0.014303856529295444,0.05735866352915764,0.10479927062988281,-0.0451742485165596,2.870408296585083,4.010013901333006,1462.6224290998794,0.5076855421066284,0.350687712430954,0.14157640933990479,0.1462404429912567,0.003748370334506035,0.23790952563285828
1307,0.014982965774834156,0.054569125175476074,0.10056018829345703,-0.05807419493794441,3.043581247329712,3.642077676202795,1514.6865430343225,0.4664466381072998,0.4050319492816925,0.12848953902721405,0.13176120817661285,0.0035765611100941896,0.22846084833145142
1308,0.0155325997620821,0.058763258159160614,0.10472774505615234,-0.17953285574913025,3.1073780059814453,3.783221035465627,1596.9353216749355,0.4298369884490967,0.4318140149116516,0.13834884762763977,0.12848344445228577,0.003308251965790987,0.20608651638031006
1309,0.015034961514174938,0.058703165501356125,0.10218381881713867,-0.2099180966615677,3.0593864917755127,3.9044440148454274,1581.3518002686412,0.43898674845695496,0.4327961206436157,0.12814879417419434,0.13410833477973938,0.004833337385207415,0.20164169371128082
1310,0.014660827815532684,0.05256630480289459,0.10031938552856445,-0.11316733062267303,2.9951186180114746,3.5854936338326513,1490.8805948484555,0.46880021691322327,0.43456825613975525,0.09629989415407181,0.1368388533592224,0.004055212717503309,0.2191978394985199
1311,0.014695721678435802,0.05252040922641754,0.10031938552856445,-0.1042458713054657,2.997253656387329,3.5738570974647024,1435.9855093988413,0.49544888734817505,0.40295884013175964,0.10152313858270645,0.13803288340568542,0.004043757449835539,0.2332741916179657
1312,0.014730455353856087,0.05587272346019745,0.09647846221923828,-0.20666669309139252,3.0898938179016113,3.7930072162893644,1461.1574244381122,0.4931463599205017,0.3880130648612976,0.11883928626775742,0.14295881986618042,0.004018709994852543,0.2337809056043625
1313,0.014647009782493114,0.05577158182859421,0.1000356674194336,-0.1461857110261917,2.996920585632324,3.8077111064299047,1485.1009391952061,0.4785378873348236,0.39898809790611267,0.12243664264678955,0.13832947611808777,0.003999470267444849,0.223903626203537
1314,0.014920320361852646,0.053138863295316696,0.09733438491821289,-0.11803223192691803,2.859480857849121,3.561509538871387,1510.693443557822,0.4663802683353424,0.40648117661476135,0.1271381378173828,0.1317463368177414,0.0038513964973390102,0.22058312594890594
1315,0.01528928242623806,0.05314105749130249,0.0982522964477539,-0.1478225588798523,2.923750877380371,3.4757064462770986,1565.641453328925,0.4563272297382355,0.41780558228492737,0.1257372796535492,0.132290780544281,0.003411683486774564,0.21317730844020844
1316,0.01500377245247364,0.04860159754753113,0.09374618530273438,-0.1010044738650322,2.860064744949341,3.239291831320662,1535.8784431566723,0.4674239158630371,0.38965651392936707,0.1429051011800766,0.13688074052333832,0.0038151927292346954,0.22128288447856903
1317,0.014496189542114735,0.047615837305784225,0.09267330169677734,-0.07980865240097046,2.9432566165924072,3.284714039104183,1494.4882137142852,0.47191110253334045,0.37636327743530273,0.15153154730796814,0.14159688353538513,0.00363238831050694,0.23534876108169556
1318,0.014579478651285172,0.04865771532058716,0.09629249572753906,-0.0845801830291748,2.851608991622925,3.3374111983737222,1510.4381832666422,0.46345648169517517,0.3969501256942749,0.13954462110996246,0.14285467565059662,0.004162082448601723,0.22764098644256592
1319,0.01447564922273159,0.048805877566337585,0.09623289108276367,-0.09957172721624374,2.823573589324951,3.3715847083614405,1442.316263527901,0.4982641935348511,0.3715989887714386,0.1299622803926468,0.1498672217130661,0.004085151012986898,0.24265573918819427
1320,0.01449400745332241,0.04876745119690895,0.09415626525878906,-0.06806349754333496,2.995316743850708,3.3646630409566605,1427.141214943148,0.5087321400642395,0.3610638976097107,0.13020360469818115,0.14518427848815918,0.005494819488376379,0.2443310171365738
1321,0.014886491931974888,0.04882856085896492,0.09466886520385742,-0.09252293407917023,2.8554391860961914,3.28005826213531,1520.1954650948321,0.4718630313873291,0.3956588804721832,0.13247796893119812,0.1346435695886612,0.004232964478433132,0.23384152352809906
1322,0.014439273625612259,0.045790378004312515,0.08850574493408203,-0.167131245136261,2.8499531745910645,3.1712383315403554,1490.3049727359903,0.4823625981807709,0.37915533781051636,0.13843846321105957,0.14880560338497162,0.004920430947095156,0.22542060911655426
1323,0.014406319707632065,0.05019288510084152,0.09668827056884766,-0.09575953334569931,2.889634370803833,3.484087963893141,1459.5680515071078,0.4890657663345337,0.3676815629005432,0.14325250685214996,0.14855346083641052,0.0045659807510674,0.2249777913093567
1324,0.01477399654686451,0.05392434075474739,0.1012873649597168,-0.024584131315350533,2.942477226257324,3.6499494622219757,1482.009682110502,0.4841495454311371,0.3714168071746826,0.14437586069107056,0.1330755054950714,0.005011480301618576,0.23362797498703003
1325,0.01464899443089962,0.05392240360379219,0.10675668716430664,-0.09964153170585632,3.0452640056610107,3.6809628029054933,1462.9354803345877,0.4882235825061798,0.3852877914905548,0.12648117542266846,0.14023536443710327,0.003589548170566559,0.23662273585796356
1326,0.014584755524992943,0.052868060767650604,0.09702920913696289,-0.12381771206855774,3.001974105834961,3.6248849473979305,1480.0979488073963,0.4846316874027252,0.3898167610168457,0.1254912167787552,0.14350776374340057,0.0037041492760181427,0.22514478862285614
1327,0.01492389664053917,0.046419378370046616,0.09045600891113281,-0.0711945965886116,2.8250112533569336,3.110406047763888,1508.089372391419,0.4771050810813904,0.38278627395629883,0.14010052382946014,0.135491743683815,0.00325222359970212,0.23035414516925812
1328,0.015258773230016232,0.04645692929625511,0.08933305740356445,-0.11270803213119507,2.7872071266174316,3.0446044772343135,1499.4055238943408,0.4739086329936981,0.3796387016773224,0.14642025530338287,0.1266583502292633,0.003032730193808675,0.2308947741985321
1329,0.01499323733150959,0.05106938257813454,0.09379863739013672,-0.18992936611175537,2.9083328247070312,3.4061611542292893,1472.644885829925,0.47027158737182617,0.38871315121650696,0.14095021784305573,0.13557922840118408,0.0038246463518589735,0.22432255744934082
1330,0.014861139468848705,0.051306065171957016,0.09961843490600586,-0.19834919273853302,3.0097851753234863,3.4523641525638236,1498.864372628884,0.45643240213394165,0.4136184751987457,0.12992970645427704,0.13952934741973877,0.00467390101402998,0.20899222791194916
1331,0.014993072487413883,0.05133543536067009,0.09961843490600586,-0.10991185158491135,3.098325490951538,3.423943651332327,1504.6890236290615,0.46206140518188477,0.4243582785129547,0.11355651170015335,0.13390295207500458,0.004560224246233702,0.2100953459739685
1332,0.015039901249110699,0.05431048199534416,0.10746479034423828,-0.03974981978535652,3.075277328491211,3.6110929913814704,1505.1339961722947,0.46598899364471436,0.41301077604293823,0.12098730355501175,0.13458296656608582,0.003832323709502816,0.2226572334766388
1333,0.014700666069984436,0.0542212575674057,0.10746479034423828,-0.05354625731706619,3.0111966133117676,3.688353800133272,1455.0433155106355,0.4905295968055725,0.37867942452430725,0.13079045712947845,0.14440493285655975,0.003940292168408632,0.22288095951080322
1334,0.014559238217771053,0.05568646639585495,0.10029077529907227,-0.1758686900138855,3.069760799407959,3.8248200598887823,1425.4645539232426,0.5004783868789673,0.38894352316856384,0.11054761707782745,0.1434028446674347,0.0041273063980042934,0.2286069691181183
1335,0.014891007915139198,0.055575549602508545,0.0962972640991211,-0.19732429087162018,2.9315779209136963,3.732154996860525,1468.8145548723821,0.4744102954864502,0.41913893818855286,0.10639892518520355,0.13578376173973083,0.005552835296839476,0.21368566155433655
1336,0.015370710752904415,0.04951396957039833,0.09586334228515625,-0.10641732066869736,2.864612579345703,3.221319453807363,1506.5926650785213,0.45805519819259644,0.427312970161438,0.11451860517263412,0.12647360563278198,0.0038013337180018425,0.21232105791568756
1337,0.015523848123848438,0.05263262987136841,0.1020956039428711,-0.03652717173099518,3.023829221725464,3.3904370519524307,1582.0894973525642,0.4340939521789551,0.45457062125205994,0.11080953478813171,0.1268005520105362,0.0038282983005046844,0.19956520199775696
1338,0.014981303364038467,0.05447397008538246,0.10064840316772461,-0.036849476397037506,2.9853734970092773,3.6361302323339335,1584.1827147140734,0.43898501992225647,0.45051389932632446,0.1103973388671875,0.13482080399990082,0.0032656460534781218,0.2055434137582779
1339,0.014976294711232185,0.0545443557202816,0.10631084442138672,-0.1139199435710907,2.9086928367614746,3.6420460980733385,1480.947453865558,0.46617546677589417,0.41439422965049744,0.11939142644405365,0.13050967454910278,0.004280126187950373,0.21966421604156494
1340,0.01540291216224432,0.05619904771447182,0.1041412353515625,-0.13132627308368683,2.9719810485839844,3.6485988570770758,1494.3017653410413,0.4606993496417999,0.4119548797607422,0.12727440893650055,0.1316525638103485,0.0032847535330802202,0.21803413331508636
1341,0.015090340748429298,0.05608027055859566,0.10692596435546875,-0.08219359070062637,3.0476202964782715,3.71630246723995,1491.439427290053,0.4667547941207886,0.41596320271492004,0.11728125065565109,0.1364934742450714,0.0027840479742735624,0.2247464954853058
1342,0.014638928696513176,0.051129117608070374,0.10195493698120117,-0.024745101109147072,3.021681785583496,3.4926816479921823,1462.8786157521656,0.4716895818710327,0.42273423075675964,0.10556825250387192,0.13671134412288666,0.003787221619859338,0.23203986883163452
1343,0.01448115985840559,0.05113957077264786,0.09735822677612305,-0.13870343565940857,2.9936795234680176,3.5314554406657166,1506.8190046380353,0.472960889339447,0.39900583028793335,0.12791642546653748,0.1436697244644165,0.004124793224036694,0.21935966610908508
1344,0.014424901455640793,0.049962300807237625,0.09893178939819336,-0.13356709480285645,3.0311689376831055,3.463614705266252,1471.493695313542,0.4979970157146454,0.3639405369758606,0.13803838193416595,0.14981034398078918,0.0035715706180781126,0.23190750181674957
1345,0.014413021504878998,0.05196598172187805,0.10103225708007812,-0.10969646275043488,3.0946779251098633,3.605488391221882,1419.6917554537092,0.5081548094749451,0.35450637340545654,0.13705937564373016,0.1418953686952591,0.0035120134707540274,0.25569772720336914
1346,0.014398397877812386,0.05201108753681183,0.09342432022094727,-0.19250991940498352,3.0429694652557373,3.6122829758266013,1456.5153281170092,0.4809625744819641,0.38803672790527344,0.13097918033599854,0.14090684056282043,0.0036365275736898184,0.23779535293579102
1347,0.014734429307281971,0.05206543579697609,0.09649038314819336,-0.10897979885339737,2.904621124267578,3.5335902536592303,1495.7349885434564,0.45697519183158875,0.4237323999404907,0.11919022351503372,0.14406909048557281,0.0034617208875715733,0.2129652351140976
1348,0.014825398102402687,0.04748563840985298,0.09236812591552734,-0.07379138469696045,2.9252383708953857,3.202992464597237,1474.1951551557374,0.4700411856174469,0.3969711661338806,0.13295988738536835,0.1395237147808075,0.004154773894697428,0.2164848893880844
1349,0.014793500304222107,0.057365190237760544,0.10225534439086914,-0.15402549505233765,2.9940073490142822,3.8777293442519905,1490.9352709311545,0.47130605578422546,0.39209437370300293,0.13659162819385529,0.13286252319812775,0.004025681875646114,0.21868295967578888
1350,0.014919478446245193,0.057315338402986526,0.10402202606201172,-0.156362846493721,2.9926199913024902,3.841644907739353,1496.4971512647626,0.46895405650138855,0.4057900309562683,0.12525594234466553,0.13849736750125885,0.004569596610963345,0.21764720976352692
1351,0.014982196502387524,0.051225095987319946,0.0983881950378418,-0.13445524871349335,2.923229694366455,3.4190644860209773,1465.2165818706044,0.47762227058410645,0.3993138074874878,0.12306220084428787,0.13722246885299683,0.004336310084909201,0.22719107568264008
1352,0.015288911759853363,0.06452783942222595,0.1151275634765625,-0.15505646169185638,3.068572759628296,4.220564578536378,1471.5740381160037,0.46220049262046814,0.4348173439502716,0.10297474265098572,0.1288769543170929,0.004295009188354015,0.21246901154518127
1353,0.014910409227013588,0.06456369906663895,0.1165914535522461,-0.09962943941354752,3.191859722137451,4.330109125733253,1422.1549081812195,0.4861578345298767,0.40334466099739075,0.1104791983962059,0.13425059616565704,0.003717777319252491,0.2175159752368927
1354,0.014613035134971142,0.0519508495926857,0.10203838348388672,-0.06006520614027977,3.0177488327026367,3.5551033107971235,1388.7815929036415,0.5070443749427795,0.3695125877857208,0.12342173606157303,0.14101217687129974,0.004015414044260979,0.22335000336170197
1355,0.014765043742954731,0.06426841765642166,0.11440753936767578,-0.00943234283477068,3.0989937782287598,4.352741432461733,1451.1467803350681,0.4855419099330902,0.3821529448032379,0.13230378925800323,0.14227235317230225,0.0033820101525634527,0.2334618717432022
1356,0.014912926591932774,0.06438048928976059,0.11729001998901367,0.0010479665361344814,3.235670566558838,4.317092885059225,1473.1565147046083,0.471447229385376,0.4019233286380768,0.12662318348884583,0.13182204961776733,0.003968182019889355,0.22503551840782166
1357,0.014855222776532173,0.05575476959347725,0.10863542556762695,-0.1084485575556755,3.1074132919311523,3.7532099268012136,1408.1474764731593,0.47918692231178284,0.40849918127059937,0.11231305450201035,0.13527025282382965,0.00332077220082283,0.22455734014511108
1358,0.014595367945730686,0.049582261592149734,0.0951695442199707,-0.09784018993377686,3.004110813140869,3.3971230991306385,1411.4949883180648,0.4826453626155853,0.39411506056785583,0.12320010364055634,0.14622171223163605,0.003783539403229952,0.22062818706035614
1359,0.014741228893399239,0.04964771121740341,0.09447336196899414,-0.02727663703262806,2.902632713317871,3.3679492783852294,1540.1960036586115,0.4526479244232178,0.4154979884624481,0.1318540722131729,0.13943180441856384,0.00380053767003119,0.2165064960718155
1360,0.01481703668832779,0.05433037504553795,0.09870290756225586,-0.0699130967259407,2.7757813930511475,3.666750389075454,1498.108604636334,0.4737234115600586,0.40884363651275635,0.1174321323633194,0.13596391677856445,0.00358477421104908,0.22774779796600342
1361,0.015081985853612423,0.054329726845026016,0.10442733764648438,-0.102692149579525,2.8666598796844482,3.602292653550707,1463.4124369766093,0.4815814793109894,0.39733952283859253,0.12107466161251068,0.13441747426986694,0.003476640209555626,0.2262526899576187
1362,0.014963038265705109,0.06433211266994476,0.11448144912719727,-0.08398386836051941,3.0509870052337646,4.299401734010991,1480.0036798674498,0.47093665599823,0.40200069546699524,0.12705782055854797,0.13864724338054657,0.003795162308961153,0.2194216400384903
1363,0.014562249183654785,0.0643158033490181,0.10530710220336914,-0.14466802775859833,3.186340570449829,4.416611921240295,1466.1702792422263,0.473298579454422,0.3866961598396301,0.13984449207782745,0.14165344834327698,0.004428978078067303,0.2209906280040741
1364,0.014646965079009533,0.060598861426115036,0.11094093322753906,-0.1329854428768158,3.0565595626831055,4.137298143000392,1482.898308754113,0.4673011600971222,0.37953880429267883,0.15281644463539124,0.1418779492378235,0.003157321596518159,0.22024665772914886
1365,0.015481417998671532,0.07075808197259903,0.1394200325012207,-0.018459299579262733,3.2331161499023438,4.570516859250251,1580.9179127002121,0.44359275698661804,0.4133874773979187,0.14292608201503754,0.1366555243730545,0.003589258063584566,0.21201246976852417
1366,0.015442568808794022,0.07085800915956497,0.1394200325012207,-0.03526134416460991,3.2641513347625732,4.5884858945634255,1590.6956297093361,0.4450145363807678,0.41606947779655457,0.13891223073005676,0.12436366826295853,0.003948642872273922,0.22351139783859253
1367,0.014854692853987217,0.054136574268341064,0.1019430160522461,-0.12853971123695374,2.9750871658325195,3.6444088610129426,1499.0752330276512,0.4580513536930084,0.4279552698135376,0.11398579180240631,0.13258033990859985,0.005159889813512564,0.21874916553497314
1368,0.015007637441158295,0.0541951060295105,0.10327339172363281,-0.1341748982667923,2.959872245788574,3.6111683959841536,1509.8989525953007,0.4491562247276306,0.43454813957214355,0.11620080471038818,0.13697358965873718,0.004988389555364847,0.20404939353466034
1369,0.01533382385969162,0.057010237127542496,0.1088094711303711,-0.14739583432674408,3.117889165878296,3.7179400027992164,1487.115000929064,0.45415881276130676,0.42116779088974,0.12448479980230331,0.12735074758529663,0.0044985003769397736,0.21146222949028015
1370,0.015224460512399673,0.057056818157434464,0.1088094711303711,-0.15508714318275452,3.1486268043518066,3.7477070604384575,1490.5326007941783,0.4502585232257843,0.4229108691215515,0.12679818272590637,0.1294838935136795,0.0031383559107780457,0.22382983565330505
1371,0.014695808291435242,0.051908280700445175,0.10029792785644531,-0.09480857104063034,2.9585540294647217,3.5321827603838085,1464.5977557898725,0.46535637974739075,0.41269394755363464,0.121910460293293,0.13830123841762543,0.004712535068392754,0.2304380238056183
1372,0.01473686471581459,0.05532781779766083,0.1025533676147461,-0.02342880517244339,3.009570598602295,3.7543818757142033,1455.4256184451478,0.47966235876083374,0.39661386609077454,0.12371335923671722,0.13884073495864868,0.0040297238156199455,0.23054663836956024
1373,0.015023771673440933,0.05539092794060707,0.10605096817016602,-0.026849640533328056,3.1204609870910645,3.686885633042495,1482.2467253540283,0.463398277759552,0.408406138420105,0.1281687617301941,0.1332973837852478,0.0031684450805187225,0.22029036283493042
1374,0.015194387175142765,0.06139936298131943,0.10827302932739258,-0.18114231526851654,3.279848575592041,4.040923945766282,1486.9815754890462,0.45076438784599304,0.4196701645851135,0.1294528841972351,0.1286497265100479,0.002887305337935686,0.21375474333763123
1375,0.015262937173247337,0.06140608340501785,0.10717153549194336,-0.22949199378490448,3.2299811840057373,4.023215368312356,1529.6416391518187,0.4310652017593384,0.44038718938827515,0.1285461038351059,0.13226132094860077,0.0034639593213796616,0.19656702876091003
1376,0.015196691267192364,0.053726885467767715,0.10171175003051758,-0.11885908991098404,3.114121437072754,3.535433109720501,1513.1285945072702,0.4338999092578888,0.4524436295032501,0.11344103515148163,0.1331290602684021,0.0039747171103954315,0.20755399763584137
1377,0.015018749050796032,0.054015692323446274,0.10205268859863281,-0.16727128624916077,3.1947250366210938,3.5965506938799776,1484.010964672371,0.46727678179740906,0.4090603291988373,0.12365422397851944,0.13112588226795197,0.0033077436964958906,0.227674663066864
1378,0.014763307757675648,0.05392906069755554,0.0965571403503418,-0.17159312963485718,2.992676258087158,3.652911771473718,1456.6786668400734,0.48024189472198486,0.3979288339614868,0.12181220203638077,0.14061230421066284,0.00395560497418046,0.22581590712070465
1379,0.01474903617054224,0.055526815354824066,0.10828495025634766,-0.000379016506485641,2.9008045196533203,3.764775861216013,1442.0790583601054,0.4788696765899658,0.3977889120578766,0.12320926785469055,0.14648206532001495,0.0037361604627221823,0.21367862820625305
1380,0.015415918081998825,0.058286041021347046,0.1153421401977539,0.025697000324726105,3.0767009258270264,3.780899762669781,1526.8073985934063,0.4391171634197235,0.43914473056793213,0.1216946691274643,0.13030076026916504,0.0042007602751255035,0.19813092052936554
1381,0.015767129138112068,0.059049855917692184,0.1173090934753418,-0.0997527688741684,3.10433292388916,3.7451241374824944,1578.2239579410636,0.41431745886802673,0.45512983202934265,0.13052581250667572,0.11875039339065552,0.003125564893707633,0.19890563189983368
1382,0.01550547406077385,0.05898315832018852,0.11348962783813477,-0.11242234706878662,2.9731662273406982,3.804021604576517,1558.251904926123,0.43559500575065613,0.4117746949195862,0.1526293307542801,0.12821371853351593,0.0038188565522432327,0.20957717299461365
1383,0.015366235747933388,0.05838799849152565,0.10530233383178711,-0.0033280274365097284,2.9795632362365723,3.7997593845049864,1557.8573011974133,0.43915286660194397,0.42175254225730896,0.13908188045024872,0.13106662034988403,0.004005022346973419,0.2102077752351761
1384,0.015066771768033504,0.06121310219168663,0.11963605880737305,-0.07484927028417587,3.084383010864258,4.062788175865047,1504.8298070162432,0.45619869232177734,0.43157029151916504,0.11222654581069946,0.13098905980587006,0.004263465292751789,0.20999914407730103
1385,0.014907230623066425,0.06118948012590408,0.10668039321899414,-0.11877523362636566,2.9803502559661865,4.104684610374176,1474.060132819617,0.46401533484458923,0.42565882205963135,0.11029854416847229,0.1343223750591278,0.0032083378173410892,0.21567335724830627
1386,0.015451092272996902,0.06309691071510315,0.10946035385131836,-0.06169287487864494,3.038672685623169,4.083653737625449,1475.327348647344,0.4431431293487549,0.44876208901405334,0.10809161514043808,0.12702198326587677,0.004142952151596546,0.2170085459947586
1387,0.015845119953155518,0.06309548765420914,0.12256383895874023,0.005747504066675901,3.2382354736328125,3.9820138841966806,1546.4592251017223,0.42260777950286865,0.4451788067817688,0.13214904069900513,0.12195482850074768,0.0031997396145015955,0.20593108236789703
1388,0.015596393495798111,0.05946793779730797,0.117034912109375,-0.017771046608686447,3.1582651138305664,3.8129287908462004,1600.69843385905,0.4122377932071686,0.4409121572971344,0.14658372104167938,0.12230584770441055,0.0029594481457024813,0.19283199310302734
1389,0.015428257174789906,0.053409889340400696,0.1059412956237793,-0.11541981995105743,3.0192625522613525,3.4618225980969353,1553.266591637745,0.4367452561855316,0.4405546188354492,0.12250897288322449,0.12699230015277863,0.0027796542271971703,0.20565687119960785
1390,0.01562369242310524,0.05340929329395294,0.1059412956237793,-0.0758885070681572,3.141289710998535,3.418480845894639,1557.8053495771878,0.43828049302101135,0.4386175572872162,0.12288163602352142,0.12558743357658386,0.00319764600135386,0.20963628590106964
1391,0.015602976083755493,0.06238372251391411,0.11786222457885742,-0.037698354572057724,3.1939706802368164,3.9981938173233886,1552.946913555097,0.42811766266822815,0.4536247253417969,0.11788159608840942,0.12154324352741241,0.003990188241004944,0.20753245055675507
1392,0.015588424168527126,0.06227000430226326,0.11786222457885742,-0.009053128771483898,3.0615808963775635,3.9946311201866798,1551.0686081792942,0.4210564196109772,0.4681423306465149,0.11074121296405792,0.12186907976865768,0.0032406779937446117,0.19889841973781586
1393,0.01559490617364645,0.060024093836545944,0.11869430541992188,-0.03295561298727989,3.040144443511963,3.8489551116460463,1574.032368097157,0.4093165099620819,0.4740346670150757,0.11663296073675156,0.1281268298625946,0.003405652940273285,0.19451169669628143
1394,0.015818960964679718,0.06367615610361099,0.1222085952758789,-0.11164981871843338,3.157227039337158,4.025305849212261,1589.202771089684,0.40567752718925476,0.4832359552383423,0.11100441962480545,0.12309237569570541,0.003300475887954235,0.19629472494125366
1395,0.015580124221742153,0.06361371278762817,0.11692285537719727,-0.16189518570899963,3.1271376609802246,4.083004209605201,1529.1563072574386,0.4350661635398865,0.4666489362716675,0.09826238453388214,0.12470858544111252,0.0039185876958072186,0.20381879806518555
1396,0.015057893469929695,0.05322658643126488,0.10630130767822266,-0.17724986374378204,3.0594162940979004,3.534796320217199,1518.5881052183786,0.443115770816803,0.44890883564949036,0.10795548558235168,0.13348868489265442,0.00350017286837101,0.20920288562774658
1397,0.015517124906182289,0.05478571355342865,0.10407209396362305,-0.15010800957679749,3.041194438934326,3.5306613745224427,1541.432039295499,0.42539075016975403,0.4619170129299164,0.11267781257629395,0.13304804265499115,0.0042336806654930115,0.19272153079509735
1398,0.015458242036402225,0.05486924201250076,0.10384082794189453,-0.045939646661281586,3.043625831604004,3.5495137079456414,1527.034476747472,0.4306949973106384,0.4567868411540985,0.11244188994169235,0.1254117488861084,0.0036851484328508377,0.20003102719783783
1399,0.014851310290396214,0.048936877399683,0.09497880935668945,-0.04690779745578766,2.988905191421509,3.29512187406343,1499.3665262816528,0.44814321398735046,0.436761736869812,0.11502327024936676,0.13016223907470703,0.004910650663077831,0.21026469767093658
1400,0.014810633845627308,0.047284550964832306,0.0913548469543457,-0.08797381073236465,2.9619853496551514,3.192608193173312,1460.048190315111,0.4721676707267761,0.4100460112094879,0.11778436601161957,0.14383399486541748,0.004796280525624752,0.22087903320789337
1401,0.01528937928378582,0.055065885186195374,0.10211706161499023,-0.002024009358137846,3.010096549987793,3.6015775500441944,1530.6507558548506,0.43793532252311707,0.45535212755203247,0.10669628530740738,0.1290251761674881,0.00447473069652915,0.21425409615039825
1402,0.015174747444689274,0.05503519997000694,0.10616064071655273,-0.009989399462938309,3.093846082687378,3.6267621696492167,1510.3113139767415,0.4420478343963623,0.45683783292770386,0.10111043602228165,0.1259426325559616,0.0033336319029331207,0.22050726413726807
1403,0.015319256111979485,0.05909832939505577,0.11111736297607422,-0.010315241292119026,3.1362416744232178,3.8577806232369056,1506.5474320742112,0.45517656207084656,0.4138426184654236,0.13097716867923737,0.1293993890285492,0.0036967149935662746,0.2207614630460739
1404,0.015218350104987621,0.05915047973394394,0.11111736297607422,-0.05438099429011345,2.9705140590667725,3.8867866307446386,1500.8656577617203,0.45627322793006897,0.4117739498615265,0.13195034861564636,0.13382768630981445,0.003086174838244915,0.22235949337482452
1405,0.014905648306012154,0.04655513912439346,0.09187459945678711,-0.037619512528181076,2.8026344776153564,3.1233219894563224,1459.3109792414416,0.46696433424949646,0.42592188715934753,0.10697521269321442,0.13644640147686005,0.0035356241278350353,0.21636636555194855
1406,0.015131617896258831,0.04694646969437599,0.0934147834777832,0.04183986783027649,2.9254889488220215,3.102541315352708,1510.656445130465,0.45081189274787903,0.43572622537612915,0.1134287640452385,0.1293555349111557,0.004203565418720245,0.2201889157295227
1407,0.014997131191194057,0.06193096563220024,0.11491775512695312,0.019331131130456924,3.215487241744995,4.1295208289192695,1508.4260996197488,0.4642859697341919,0.4099603593349457,0.1257535070180893,0.13727428019046783,0.0038746458012610674,0.2333739846944809
1408,0.015087706036865711,0.06195539981126785,0.11602163314819336,-0.09106332063674927,3.2330756187438965,4.106349875572734,1500.2061849830745,0.46395859122276306,0.407537043094635,0.1284700185060501,0.13584350049495697,0.003331555984914303,0.21993836760520935
1409,0.014849172905087471,0.05414599925279617,0.09982824325561523,-0.13574405014514923,2.942427396774292,3.6463983277209215,1465.4454748178705,0.45914700627326965,0.4254497289657593,0.11536766588687897,0.13365671038627625,0.0034710834734141827,0.2038709819316864
1410,0.014891006052494049,0.050996437668800354,0.0945901870727539,-0.08958794176578522,2.7870032787323,3.4246468966302293,1459.9263804192956,0.46213802695274353,0.42549630999565125,0.11235348135232925,0.13960228860378265,0.00469187693670392,0.2078431397676468
1411,0.014889425598084927,0.04988351836800575,0.09422779083251953,-0.08527871966362,2.781942844390869,3.350264792690961,1463.568164267364,0.47379669547080994,0.40937307476997375,0.1168300211429596,0.13939088582992554,0.0036589123774319887,0.22847959399223328
1412,0.015010281465947628,0.058582279831171036,0.11518001556396484,-0.08750201016664505,3.018632173538208,3.902810214463211,1521.7005403099342,0.45999112725257874,0.408103883266449,0.13190066814422607,0.13430194556713104,0.004594265483319759,0.2140803188085556
1413,0.014852778986096382,0.0587054118514061,0.11518001556396484,-0.07098586112260818,3.1023428440093994,3.9524867300865028,1519.6835814617366,0.46389591693878174,0.3917368948459625,0.14431177079677582,0.13369400799274445,0.00392052810639143,0.22296422719955444
1414,0.014974907971918583,0.05307822674512863,0.10510683059692383,-0.05004231631755829,2.9644594192504883,3.544477658301347,1478.2049157345984,0.4678376615047455,0.409711092710495,0.12242533266544342,0.13440875709056854,0.0038186991587281227,0.21888969838619232
1415,0.015419495292007923,0.055805061012506485,0.10626554489135742,-0.0731198787689209,2.956512689590454,3.619123710087429,1498.3335727652661,0.445555180311203,0.44375869631767273,0.11058132350444794,0.13140714168548584,0.003193357726559043,0.2055051624774933
1416,0.014924523420631886,0.05760205164551735,0.10580301284790039,-0.12524820864200592,3.1574881076812744,3.8595571877375896,1469.0386432972628,0.45721668004989624,0.42602041363716125,0.11662723869085312,0.1302095353603363,0.005245048552751541,0.22066375613212585
1417,0.014792891219258308,0.05757979676127434,0.10580301284790039,-0.12558692693710327,3.0701186656951904,3.8923964155445807,1491.7287581525763,0.46034151315689087,0.4183318614959717,0.1212790459394455,0.1358836591243744,0.004393205977976322,0.23058852553367615
1418,0.015026692301034927,0.053168803453445435,0.10360002517700195,0.024777378886938095,2.9301867485046387,3.5382905555499575,1511.6576783882258,0.46794357895851135,0.4048289358615875,0.12705668807029724,0.13940055668354034,0.004155277740210295,0.21721556782722473
1419,0.014876014553010464,0.05324110761284828,0.10360002517700195,0.052370019257068634,3.091607093811035,3.578990019103932,1507.5302468147274,0.466781884431839,0.41142770648002625,0.12173880636692047,0.13691648840904236,0.004118804819881916,0.21684761345386505
1420,0.015023131854832172,0.051878660917282104,0.10276317596435547,-0.12512795627117157,3.007662057876587,3.4532520525766497,1521.2775130314103,0.4518853425979614,0.42324721813201904,0.12484163045883179,0.13110321760177612,0.003977205138653517,0.21429479122161865
1421,0.015310229733586311,0.0569559708237648,0.10775327682495117,-0.15540817379951477,2.9166066646575928,3.7201251588733113,1483.7390575895151,0.45252522826194763,0.42590203881263733,0.12157249450683594,0.13111454248428345,0.0042071230709552765,0.22021447122097015
1422,0.01486735139042139,0.05686647817492485,0.10604381561279297,-0.053033247590065,2.9003782272338867,3.824923261566103,1434.1419147687636,0.46761393547058105,0.4122548997402191,0.12011343240737915,0.13914962112903595,0.0031768623739480972,0.22502809762954712
1423,0.014686058275401592,0.05603476241230965,0.1059412956237793,-0.06834398955106735,2.9598236083984375,3.8155072898185036,1511.1279966010927,0.46287235617637634,0.39006149768829346,0.1470547467470169,0.13911476731300354,0.0035782710183411837,0.22356835007667542
1424,0.014977854676544666,0.05604255199432373,0.1059412956237793,-0.03286813572049141,2.9276089668273926,3.741694201262663,1585.1491380705797,0.44659170508384705,0.4052027463912964,0.1482052356004715,0.13702253997325897,0.003111605765298009,0.21484994888305664
1425,0.0154234254732728,0.04958684742450714,0.09394645690917969,0.07208719104528427,2.8285558223724365,3.21503465667993,1569.0352104735596,0.44513624906539917,0.41988202929496765,0.13495825231075287,0.13114690780639648,0.0037464930210262537,0.20538005232810974
1426,0.015549852512776852,0.061465825885534286,0.11106014251708984,0.002807753859087825,2.9799396991729736,3.952823721709053,1561.330994329302,0.42966920137405396,0.4521661400794983,0.11807794868946075,0.12529020011425018,0.003372392849996686,0.20451714098453522
1427,0.015387031249701977,0.06134604290127754,0.10917186737060547,-0.15834519267082214,3.231092691421509,3.9868667257355996,1521.4984983705817,0.4327913522720337,0.4587755501270294,0.10836511850357056,0.1273634284734726,0.0048454576171934605,0.20986154675483704
1428,0.015072031877934933,0.061173953115940094,0.10757684707641602,-0.22374437749385834,3.2339704036712646,4.058772805638662,1532.5469016938093,0.451835036277771,0.4225667119026184,0.1255655437707901,0.13145902752876282,0.004566723480820656,0.22033698856830597
1429,0.0148118631914258,0.054016195237636566,0.09804964065551758,-0.1634182631969452,3.090278148651123,3.6468197508911846,1558.4783356189905,0.45893216133117676,0.41054490208625793,0.13051864504814148,0.1414627581834793,0.004295275546610355,0.21556466817855835
1430,0.01488671638071537,0.053483400493860245,0.10045051574707031,-0.035462599247694016,3.035003185272217,3.5926929164547867,1549.074535735297,0.4497279226779938,0.4371098577976227,0.11312257498502731,0.13628365099430084,0.003335057757794857,0.21063090860843658
1431,0.015269600786268711,0.06043969467282295,0.11862993240356445,-0.06770995259284973,3.2320175170898438,3.9581712393696353,1548.9058160943407,0.44256845116615295,0.44967010617256165,0.10774274170398712,0.12284576892852783,0.00391688896343112,0.2141270935535431
1432,0.015588662587106228,0.06651435792446136,0.12685775756835938,-0.06585505604743958,3.3424935340881348,4.266841850513219,1547.3314900664382,0.4396412670612335,0.44295957684516907,0.11739860475063324,0.1266585886478424,0.002998197451233864,0.21328815817832947
1433,0.015692126005887985,0.06659524887800217,0.11957168579101562,-0.0347185879945755,3.009371757507324,4.243864014905979,1578.0414739355929,0.41283997893333435,0.46581438183784485,0.1213226392865181,0.12489497661590576,0.0033518350683152676,0.19028706848621368
1434,0.01523685548454523,0.05292416363954544,0.0926518440246582,-0.1616382747888565,2.903414249420166,3.4734308328744787,1519.4517019990733,0.43698522448539734,0.4546414315700531,0.10830443352460861,0.127801313996315,0.00380141194909811,0.20730771124362946
1435,0.014629497192800045,0.06735064089298248,0.11964082717895508,-0.1546482890844345,3.118199586868286,4.603756369803712,1459.0737178550369,0.4907905161380768,0.38542038202285767,0.12365411967039108,0.14226895570755005,0.0046488516964018345,0.2390546202659607
1436,0.014368818141520023,0.06738430261611938,0.11964082717895508,-0.1260429471731186,3.0149829387664795,4.689620395202624,1439.2196618029607,0.4994140565395355,0.36153778433799744,0.13892170786857605,0.1479836255311966,0.0038136234506964684,0.2465202361345291
1437,0.014666121453046799,0.06416486203670502,0.10410308837890625,-0.2115473449230194,3.0666093826293945,4.375039592966149,1443.4598705593964,0.4848845899105072,0.3921593129634857,0.12282005697488785,0.1397802084684372,0.0033244644291698933,0.23457661271095276
1438,0.015022804029285908,0.06423012912273407,0.10868072509765625,-0.21140269935131073,3.2460601329803467,4.27550868621107,1497.9753422631247,0.4510572850704193,0.4272420108318329,0.12170004844665527,0.13317695260047913,0.0035840636119246483,0.20267009735107422
1439,0.015041652135550976,0.0568610355257988,0.101318359375,-0.0898674950003624,3.071789026260376,3.7802387004833986,1503.6120107160416,0.4522676467895508,0.40504053235054016,0.14255408942699432,0.1375478357076645,0.003391495905816555,0.2038087099790573
1440,0.015063002705574036,0.056069787591695786,0.10181903839111328,-0.046599384397268295,3.0102829933166504,3.7223512923638333,1521.692431466142,0.45992106199264526,0.39535659551620483,0.14468610286712646,0.13663484156131744,0.004308526869863272,0.2114149034023285
1441,0.015310176648199558,0.05617710202932358,0.10450363159179688,-0.009938032366335392,3.0612707138061523,3.669265438048398,1583.0780064282803,0.4339010715484619,0.4266589879989624,0.1393553912639618,0.12437915056943893,0.003905859077349305,0.21324467658996582
1442,0.015200816094875336,0.052240584045648575,0.10060548782348633,0.006136980839073658,2.9192137718200684,3.436696011329536,1563.1474662276619,0.4420536458492279,0.4099956750869751,0.1477113515138626,0.13436783850193024,0.004308681469410658,0.21588893234729767
1443,0.014455227181315422,0.04940596967935562,0.09743690490722656,-0.09050323814153671,2.776111602783203,3.4178618610573666,1456.2528650089528,0.4813098907470703,0.39313003420829773,0.1254938244819641,0.14944817125797272,0.004172482993453741,0.23156729340553284
1444,0.014440389350056648,0.05008365586400032,0.0914907455444336,-0.14439143240451813,2.829575300216675,3.468303703344089,1429.4486803157881,0.4843643009662628,0.4095053970813751,0.10612262040376663,0.14425988495349884,0.005211399402469397,0.23434317111968994
1445,0.015408662147819996,0.07124053686857224,0.12134313583374023,-0.14657020568847656,3.1916322708129883,4.623408325818077,1563.6281978259449,0.42156511545181274,0.46801745891571045,0.11041384190320969,0.12439227849245071,0.0034102166537195444,0.21037772297859192
1446,0.015385658480226994,0.07127151638269424,0.12134313583374023,-0.049599066376686096,3.161029815673828,4.632334486668678,1569.9664523546603,0.42948663234710693,0.44299376010894775,0.127454936504364,0.12683384120464325,0.0037298814859241247,0.20347055792808533
1447,0.01468847505748272,0.04495299980044365,0.08982419967651367,0.027408555150032043,2.6844027042388916,3.06042660122726,1475.7056172180623,0.48317238688468933,0.36220306158065796,0.15459536015987396,0.14612825214862823,0.003903697244822979,0.23223601281642914
1448,0.014706360176205635,0.057809166610240936,0.10317564010620117,-0.10668399930000305,2.8910937309265137,3.930895606639854,1490.2119004117612,0.4729810655117035,0.38171711564064026,0.14529871940612793,0.1366576850414276,0.003998326137661934,0.23219244182109833
1449,0.0148649662733078,0.057830654084682465,0.10317564010620117,-0.07530862092971802,3.022250175476074,3.890399279589041,1523.736575211793,0.45691534876823425,0.42190617322921753,0.1211746484041214,0.13134294748306274,0.003882356220856309,0.22185061872005463
1450,0.01478863600641489,0.049584098160266876,0.093231201171875,-0.03411126136779785,2.8040573596954346,3.3528513471699384,1491.9976785606982,0.4633615016937256,0.4217948913574219,0.1147516593337059,0.14162389934062958,0.003965424373745918,0.21118898689746857
1451,0.014865104109048843,0.05626026168465614,0.10361433029174805,-0.11587914824485779,3.0752458572387695,3.784720326756681,1474.3478977807029,0.46764785051345825,0.40018802881240845,0.13215316832065582,0.13739781081676483,0.003308533225208521,0.2193865180015564
1452,0.015288864262402058,0.0562150739133358,0.11059761047363281,-0.0986781194806099,3.182610034942627,3.676863954368504,1520.2297831040544,0.4502379298210144,0.40426889061927795,0.14540396630764008,0.12564429640769958,0.004139505326747894,0.22404660284519196
1453,0.015532536432147026,0.054374560713768005,0.1071619987487793,-0.036792345345020294,3.1081652641296387,3.500687794797675,1565.2572680024523,0.427573561668396,0.44480183720588684,0.12759219110012054,0.1275789439678192,0.004007111303508282,0.20726628601551056
1454,0.015376356430351734,0.054706308990716934,0.10586261749267578,0.00043875884148292243,3.1847658157348633,3.557820035907408,1615.947084945584,0.41444122791290283,0.4599761664867401,0.1255774199962616,0.12846507132053375,0.002790450118482113,0.1943126618862152
1455,0.015384018421173096,0.05818634480237961,0.1101231575012207,-0.16351260244846344,3.0444459915161133,3.7822591734884567,1484.8135222492074,0.4942527711391449,0.3543550968170166,0.1511809229850769,0.12192777544260025,0.003563318867236376,0.24296481907367706
1456,0.015523781068623066,0.058286380022764206,0.1101231575012207,-0.14271073043346405,3.029874324798584,3.754650993939807,1538.0992964690454,0.48244771361351013,0.34574517607688904,0.17160990834236145,0.1176040768623352,0.002939968602731824,0.24614647030830383
1457,0.015313942916691303,0.047942519187927246,0.09572982788085938,-0.010245656594634056,2.772117853164673,3.130645023662851,1457.1930565593725,0.4976063072681427,0.3788391649723053,0.1233440637588501,0.12573744356632233,0.0036761374212801456,0.24477741122245789
1458,0.015269249677658081,0.06030232086777687,0.10551214218139648,-0.07886413484811783,2.954850673675537,3.949265493514182,1429.3897496813347,0.5060041546821594,0.37362244725227356,0.12036904692649841,0.12345366925001144,0.003570203436538577,0.24465081095695496
1459,0.015360756777226925,0.06022445112466812,0.10497808456420898,-0.08071646839380264,2.9929821491241455,3.9206695343313522,1436.3028818356515,0.5128553509712219,0.3538959324359894,0.13284698128700256,0.12196240574121475,0.0034232852049171925,0.2571909427642822
1460,0.015375984832644463,0.06390437483787537,0.1079869270324707,-0.14291562139987946,3.0465638637542725,4.156115886511873,1464.162163939184,0.5006171464920044,0.3705506920814514,0.12871383130550385,0.124832384288311,0.004333084914833307,0.2574808597564697
1461,0.015175473876297474,0.06397707015275955,0.10956764221191406,-0.20463232696056366,3.111466646194458,4.215820255107112,1422.9698351907161,0.5055555105209351,0.38252168893814087,0.11191973835229874,0.1298336684703827,0.003909878898411989,0.2519582211971283
1462,0.014839285053312778,0.05370199307799339,0.09939193725585938,-0.15338049829006195,2.9373269081115723,3.6189070350384465,1357.7686175817487,0.5286682844161987,0.36953333020210266,0.10178157687187195,0.13453409075737,0.004192728083580732,0.2592322826385498
1463,0.014879212714731693,0.05376415699720383,0.09499073028564453,-0.13875961303710938,2.831716299057007,3.61337377349,1397.1696565424152,0.5215733647346497,0.3716728985309601,0.10672681778669357,0.1273154616355896,0.004068111535161734,0.26911377906799316
1464,0.015070845372974873,0.0502503402531147,0.09159088134765625,-0.08429200202226639,2.765883684158325,3.334274820435065,1381.8251318302173,0.5308440923690796,0.3584764301776886,0.11065640300512314,0.13286416232585907,0.004951015114784241,0.2584703862667084
1465,0.015089599415659904,0.05766468495130539,0.10277271270751953,-0.09185204654932022,2.838792562484741,3.821485472148439,1418.1610339609608,0.5196184515953064,0.36236751079559326,0.11799541115760803,0.13028866052627563,0.0042923553846776485,0.2603848874568939
1466,0.015081201680004597,0.05768414959311485,0.10419607162475586,-0.11995070427656174,2.8934950828552246,3.824904063564805,1485.4902961118653,0.49039149284362793,0.3939339220523834,0.11565812677145004,0.1224331334233284,0.00474472064524889,0.24977460503578186
1467,0.01489973720163107,0.05096567049622536,0.09749174118041992,-0.23560525476932526,3.021280527114868,3.4205751284811643,1443.6711013932193,0.5062917470932007,0.368893027305603,0.1248074322938919,0.13112707436084747,0.004107196349650621,0.2609812021255493
1468,0.014830579981207848,0.053845666348934174,0.10626554489135742,-0.17291057109832764,2.971083164215088,3.630718853445548,1353.206351251787,0.5313439965248108,0.35049688816070557,0.11815299838781357,0.1299363672733307,0.0047301300801336765,0.2794784903526306
1469,0.015123588033020496,0.05386047065258026,0.10626554489135742,-0.006857008673250675,2.7530581951141357,3.561355316702702,1351.149174553107,0.5266574621200562,0.3826432228088379,0.09069547057151794,0.12706021964550018,0.003312136512249708,0.2723502516746521
1470,0.015336425043642521,0.049537189304828644,0.09551763534545898,-0.036622341722249985,2.7492165565490723,3.2300349762497933,1416.3199017397765,0.5106622576713562,0.3873227536678314,0.10200048238039017,0.12469635158777237,0.0034251785837113857,0.2574819326400757
1471,0.014849916100502014,0.05548035725951195,0.10077953338623047,-0.07654241472482681,2.7885520458221436,3.736072101707047,1375.4588917711446,0.5365623235702515,0.33755412697792053,0.12587542831897736,0.13183733820915222,0.0037496883887797594,0.2723960876464844
1472,0.01464537251740694,0.05544052645564079,0.1007699966430664,-0.11304373294115067,2.8079147338867188,3.7855320092377798,1321.6099482073867,0.5512802004814148,0.33263230323791504,0.11608605086803436,0.13760441541671753,0.004265667404979467,0.2815403342247009
1473,0.015148540027439594,0.05310598015785217,0.10042428970336914,-0.15364280343055725,3.0552256107330322,3.505683059763645,1439.7525657847252,0.5090832114219666,0.3649708330631256,0.12588398158550262,0.12490090727806091,0.0038184032309800386,0.26463332772254944
1474,0.015247915871441364,0.05897179991006851,0.10637283325195312,-0.1759573072195053,3.122535467147827,3.867531825556069,1461.468429057794,0.49836212396621704,0.379853218793869,0.12176920473575592,0.1245560497045517,0.003269386477768421,0.2515486180782318
1475,0.015049311332404613,0.05893813073635101,0.10209083557128906,-0.16459152102470398,2.9297170639038086,3.916334072079922,1390.280313274997,0.5099745988845825,0.39450350403785706,0.09551950544118881,0.13020730018615723,0.00423209136351943,0.2518790364265442
1476,0.015251361764967442,0.05446121469140053,0.10067462921142578,-0.14594881236553192,2.896033763885498,3.5709083245882787,1461.9547329413713,0.480830579996109,0.4070816934108734,0.11197709292173386,0.12440884113311768,0.0042389146983623505,0.24937520921230316
1477,0.015690797939896584,0.07169836014509201,0.11799335479736328,-0.18438217043876648,3.1306722164154053,4.569452771947118,1499.8030553765652,0.47443702816963196,0.4033375382423401,0.12222424894571304,0.12050826847553253,0.004243241623044014,0.23740805685520172
1478,0.01567910425364971,0.07180151343345642,0.11989831924438477,-0.20129211246967316,3.310338258743286,4.5794397605439325,1510.0190452099994,0.48246777057647705,0.3887508809566498,0.1286841332912445,0.11961673200130463,0.004142753779888153,0.24433594942092896
1479,0.015337231568992138,0.059266529977321625,0.1073765754699707,-0.1628185361623764,3.171579360961914,3.8642260636710204,1450.8374446558155,0.5007978677749634,0.3818153440952301,0.11737629026174545,0.1267445683479309,0.004626940935850143,0.258102685213089
1480,0.015210489742457867,0.05938790366053581,0.1087808609008789,-0.12331623584032059,3.0102126598358154,3.9044044381331604,1449.0170311605084,0.49660617113113403,0.4000149071216583,0.10337202996015549,0.1253174990415573,0.003802216611802578,0.26738470792770386
1481,0.015404541045427322,0.05398359149694443,0.10480403900146484,-0.057279322296381,2.892026424407959,3.504394667406498,1516.1028422450681,0.4745631814002991,0.4150170385837555,0.11039568483829498,0.12027647346258163,0.004269110970199108,0.24371862411499023
1482,0.01514984667301178,0.05067548528313637,0.1013040542602539,-0.098941870033741,2.834231376647949,3.3449503730005183,1451.3347695806608,0.4956260323524475,0.3878529667854309,0.11649279296398163,0.13078461587429047,0.0038340026512742043,0.24978090822696686
1483,0.01536955963820219,0.06428325176239014,0.11571645736694336,-0.1350434273481369,3.0179574489593506,4.18250446150889,1481.836451820844,0.476910263299942,0.39067909121513367,0.1323954463005066,0.12248096615076065,0.003996185027062893,0.2431693971157074
1484,0.015747690573334694,0.06436286121606827,0.11571645736694336,-0.07096309214830399,2.977632761001587,4.087130167579348,1542.6278541669174,0.4560668170452118,0.40175387263298035,0.1421194076538086,0.1142209991812706,0.003320255083963275,0.23599037528038025
1485,0.015526905655860901,0.06080203130841255,0.11803150177001953,-0.03289618343114853,2.879265308380127,3.9159142621276795,1465.5387859663977,0.4918128550052643,0.3753795921802521,0.13280273973941803,0.12038733810186386,0.0039388868026435375,0.24857603013515472
1486,0.015735849738121033,0.06069756671786308,0.12137889862060547,-0.012968059629201889,2.9778974056243896,3.8572792524170043,1478.6048369125392,0.48086270689964294,0.38755112886428833,0.13158535957336426,0.11967698484659195,0.0035675375256687403,0.24781915545463562
1487,0.015407535247504711,0.06057586148381233,0.10990142822265625,-0.11915715038776398,2.9467012882232666,3.93157377262474,1452.491744979661,0.4879808723926544,0.3972499966621399,0.11473380774259567,0.12519770860671997,0.004157014656811953,0.2539795935153961
1488,0.014812817797064781,0.05309826880693436,0.09801626205444336,-0.2354322224855423,2.9040725231170654,3.5846163458428126,1363.7272102674178,0.5280860066413879,0.3795894682407379,0.09231041371822357,0.13205648958683014,0.004766165278851986,0.27090761065483093
1489,0.01504820492118597,0.056132055819034576,0.10993480682373047,-0.1358252465724945,3.050161361694336,3.7301496164687116,1431.7398694518747,0.501589834690094,0.39327675104141235,0.1051320880651474,0.12823326885700226,0.004036085680127144,0.25390687584877014
1490,0.014944159425795078,0.05611197277903557,0.10993480682373047,-0.11686971038579941,3.051964282989502,3.754776108613111,1417.0165669747046,0.5103470087051392,0.3668851852416992,0.12276534736156464,0.1304265409708023,0.0032388530671596527,0.255962997674942
1491,0.014504246413707733,0.053332023322582245,0.09961605072021484,-0.1940312683582306,2.9525036811828613,3.6769937436047693,1331.5701292207807,0.5414960384368896,0.3498837947845459,0.10860946774482727,0.1349451243877411,0.003476226469501853,0.28040099143981934
1492,0.014511843211948872,0.053258735686540604,0.09961605072021484,-0.14108528196811676,2.8533167839050293,3.6700186809500535,1320.7795868894889,0.5481289625167847,0.3502226769924164,0.10149876773357391,0.14021825790405273,0.004994871094822884,0.27763912081718445
1493,0.014470446854829788,0.050377458333969116,0.09278535842895508,-0.13094769418239594,2.7129266262054443,3.481403085605008,1341.1320080585567,0.5461580157279968,0.3493116796016693,0.10451336950063705,0.1423892229795456,0.00517039280384779,0.2753453850746155
1494,0.014729485847055912,0.04394015297293663,0.08774518966674805,-0.10147418826818466,2.723914623260498,2.983142346325423,1402.8060199372078,0.5238493084907532,0.3486001193523407,0.12751330435276031,0.135480597615242,0.005156986881047487,0.27033933997154236
1495,0.014755452051758766,0.060204386711120605,0.10395050048828125,-0.062392160296440125,2.914538860321045,4.080145189443006,1409.7989813019365,0.5310569405555725,0.32078659534454346,0.14814801514148712,0.13014136254787445,0.004466737620532513,0.27571484446525574
1496,0.014597056433558464,0.06020046025514603,0.10292530059814453,-0.17738506197929382,2.965672254562378,4.124150682367831,1334.4376941222563,0.5502618551254272,0.32365819811820984,0.12605495750904083,0.13880597054958344,0.004797251895070076,0.27621495723724365
1497,0.014578059315681458,0.05762876197695732,0.1036691665649414,-0.1835612654685974,2.9252943992614746,3.9531161675967104,1296.4144661380237,0.555240273475647,0.3420941233634949,0.10263050347566605,0.13927510380744934,0.004766582977026701,0.2925705909729004
1498,0.01451596524566412,0.057593934237957,0.1036691665649414,-0.0848999097943306,2.832221746444702,3.9676269031570275,1338.8879051244417,0.546809732913971,0.3451021909713745,0.10795443505048752,0.1308649778366089,0.0052366419695317745,0.2868582606315613
1499,0.014976464211940765,0.06297008693218231,0.11647701263427734,-0.07962406426668167,3.0363857746124268,4.204603038263967,1401.459474024513,0.5139822959899902,0.3727049231529236,0.1133025586605072,0.12902258336544037,0.0037818504497408867,0.2631129324436188
1500,0.015517890453338623,0.07086975872516632,0.13397693634033203,-0.16801856458187103,3.2164368629455566,4.566971195840086,1461.0499065704487,0.48043733835220337,0.40438541769981384,0.11516358703374863,0.12224031984806061,0.0038602997083216906,0.23916804790496826
1501,0.015386587008833885,0.0708446353673935,0.11733055114746094,-0.1872725784778595,3.0335428714752197,4.604311230431754,1493.5431623735249,0.4708467721939087,0.3922947943210602,0.1368362456560135,0.12032239139080048,0.003568480024114251,0.24557287991046906
1502,0.014990470372140408,0.05773549526929855,0.10550260543823242,-0.05972673371434212,2.928440809249878,3.8514798957041223,1438.1150652885165,0.5061119198799133,0.360347718000412,0.13348522782325745,0.1274864822626114,0.0037757130339741707,0.26439449191093445
1503,0.015291213057935238,0.05513354763388634,0.10663509368896484,0.002487960271537304,2.9528822898864746,3.6055705601243786,1458.4034082812027,0.5069482922554016,0.3506402373313904,0.1424088329076767,0.12324279546737671,0.003526888322085142,0.25704652070999146
1504,0.015477021224796772,0.05524396523833275,0.11002302169799805,-0.06722532957792282,2.9776835441589355,3.5694184580074926,1455.4957190279592,0.5023999810218811,0.3665941655635834,0.13098444044589996,0.12284532934427261,0.003916356712579727,0.2528589963912964
1505,0.015290810726583004,0.05487761273980141,0.1025700569152832,-0.10597061365842819,2.881129264831543,3.5889276060953392,1387.1594668260268,0.5163078308105469,0.38053154945373535,0.10315638780593872,0.1222379133105278,0.003772022435441613,0.2594797611236572
1506,0.015360178425908089,0.05392444506287575,0.10298490524291992,-0.06098080798983574,2.8363049030303955,3.5106652777164653,1430.9783352335855,0.5036057829856873,0.3660432696342468,0.1303461492061615,0.12286358326673508,0.0032603389117866755,0.2505008280277252
1507,0.015130197629332542,0.05373445898294449,0.1055908203125,-0.026084430515766144,3.0360257625579834,3.5514710578016073,1415.0533611168794,0.5119726061820984,0.35503852367401123,0.1329290270805359,0.1324743628501892,0.004621835425496101,0.2512091100215912
1508,0.014841427095234394,0.05176201090216637,0.09879827499389648,-0.1286536157131195,3.0139098167419434,3.48767073183276,1407.8438999430912,0.5069202780723572,0.37980982661247253,0.11326613277196884,0.13205105066299438,0.0050076949410140514,0.25003620982170105
1509,0.01461768802255392,0.0468306839466095,0.0902557373046875,-0.13510484993457794,2.788269281387329,3.203699782835001,1393.1580065604646,0.5217783451080322,0.35633713006973267,0.12179794907569885,0.1368645578622818,0.005982514936476946,0.26240384578704834
1510,0.01474150363355875,0.06275869905948639,0.11604785919189453,-0.009829184040427208,2.9322011470794678,4.257279353264896,1377.7983358867941,0.5421223044395447,0.323040634393692,0.1347583681344986,0.1325051337480545,0.004682453349232674,0.28035637736320496
1511,0.015556472353637218,0.06284520775079727,0.1198720932006836,-0.07004152983427048,3.077131748199463,4.039810975016054,1458.062476755552,0.49726343154907227,0.3646934926509857,0.1379842460155487,0.12148753553628922,0.004269091412425041,0.24962930381298065
1512,0.015658238902688026,0.0571666844189167,0.10434389114379883,-0.09859367460012436,3.065922498703003,3.6509012776304037,1479.573721577964,0.4826216399669647,0.3834622800350189,0.1338844746351242,0.11851662397384644,0.003979336936026812,0.24602293968200684
1513,0.015049855224788189,0.0527455098927021,0.09992837905883789,-0.10409070551395416,2.916234016418457,3.5047187565181193,1414.1462466723576,0.520167887210846,0.3511815667152405,0.12863995134830475,0.12310928106307983,0.0049049705266952515,0.2659207880496979
1514,0.015042219310998917,0.05130843445658684,0.09930610656738281,-0.10497935116291046,2.780306100845337,3.4109617332635875,1407.1804524185325,0.5262715220451355,0.33443719148635864,0.1392848938703537,0.13148461282253265,0.00331314280629158,0.2693662643432617
1515,0.015126372687518597,0.05484073609113693,0.10618448257446289,-0.03866468742489815,2.8508124351501465,3.6255047538768372,1414.598248370549,0.5244349837303162,0.344053715467453,0.13146984577178955,0.12704887986183167,0.00364170060493052,0.2679557204246521
1516,0.014925231225788593,0.054853010922670364,0.1022791862487793,-0.06370976567268372,2.912781238555908,3.6751866747777604,1408.401012888583,0.5197635889053345,0.3503875434398651,0.12981343269348145,0.12556003034114838,0.0033888451289385557,0.2690918743610382
1517,0.015109710395336151,0.051346711814403534,0.10124683380126953,-0.12153816223144531,2.942429780960083,3.3982591636471233,1452.41965389136,0.5045379996299744,0.35391250252723694,0.14147759974002838,0.1280250996351242,0.003430013544857502,0.25183895230293274
1518,0.015219534747302532,0.06654193252325058,0.11618852615356445,-0.23774391412734985,3.1158621311187744,4.372139728559846,1456.9486854878933,0.5093133449554443,0.37464970350265503,0.1160368099808693,0.12734799087047577,0.0032022299710661173,0.2545175850391388
1519,0.014784681610763073,0.06659827381372452,0.1146078109741211,-0.24763616919517517,3.1267032623291016,4.504545688744303,1369.239136808355,0.5404016971588135,0.35708507895469666,0.10247348248958588,0.131454199552536,0.0036585181951522827,0.2797970175743103
1520,0.014924093149602413,0.0562223419547081,0.10854244232177734,-0.14294420182704926,2.9245259761810303,3.7672199836436073,1404.6934627695832,0.5301587581634521,0.3524133265018463,0.11737372726202011,0.1287088841199875,0.0037446795031428337,0.2760883569717407
1521,0.01574721932411194,0.06395825743675232,0.11622905731201172,-0.17271165549755096,3.0612034797668457,4.061558813419123,1513.7358914999618,0.4766335189342499,0.39829471707344055,0.1249198317527771,0.11637917906045914,0.0031039658933877945,0.2425929307937622
1522,0.01532552856951952,0.06395397335290909,0.11123895645141602,-0.1628023087978363,3.0029139518737793,4.173035406813451,1439.429369980262,0.49719834327697754,0.3676201105117798,0.13508960604667664,0.12677212059497833,0.004505352582782507,0.24824893474578857
1523,0.014892934821546078,0.04884052649140358,0.09760379791259766,-0.10828108340501785,2.779914617538452,3.2794427071194194,1447.520674060839,0.508956789970398,0.3487996757030487,0.14223377406597137,0.130926713347435,0.0036718363407999277,0.26268482208251953
1524,0.015494133345782757,0.07349374890327454,0.12239694595336914,-0.18032889068126678,3.100879430770874,4.743327507151923,1494.9643725985966,0.4869324862957001,0.3913358449935913,0.12172223627567291,0.12232089042663574,0.004348215647041798,0.2363448292016983
1525,0.015253802761435509,0.0737108439207077,0.1166844367980957,-0.2367187887430191,3.153367042541504,4.8322929743283645,1432.6728096145844,0.5005772113800049,0.4002518057823181,0.09915849566459656,0.12613557279109955,0.0038500369992107153,0.2489912062883377
1526,0.014787050895392895,0.05413893982768059,0.1032876968383789,-0.06318590044975281,2.8532052040100098,3.6612398379508564,1356.2097641069865,0.5289408564567566,0.37873438000679016,0.09232480078935623,0.13425330817699432,0.004616828635334969,0.26391541957855225
1527,0.014878153800964355,0.05403835326433182,0.10503768920898438,-0.013061338104307652,2.853426933288574,3.632060401015424,1394.287766029993,0.5179250836372375,0.37865325808525085,0.10334768891334534,0.13100892305374146,0.004408663138747215,0.25854063034057617
1528,0.015137718990445137,0.05104801058769226,0.09602785110473633,-0.12833383679389954,2.9135193824768066,3.3722392796788805,1425.5800442474158,0.5042988657951355,0.38028785586357117,0.11523835361003876,0.1276077777147293,0.004726992454379797,0.25516101717948914
1529,0.015293113887310028,0.05410734936594963,0.10770082473754883,-0.15379995107650757,3.0226540565490723,3.5380204293979,1433.4663896817453,0.4926984906196594,0.3947673738002777,0.11231774091720581,0.12746912240982056,0.0035974159836769104,0.24961641430854797
1530,0.015457279980182648,0.05415680259466171,0.1081991195678711,-0.02866646833717823,2.8999125957489014,3.5036437627183443,1447.669909111005,0.4939461946487427,0.37738776206970215,0.12866564095020294,0.11884305626153946,0.0037573231384158134,0.24823634326457977
1531,0.01522837020456791,0.0541432648897171,0.10434627532958984,0.016500340774655342,2.8915960788726807,3.5554208466721438,1412.5887461954867,0.521897554397583,0.3406848609447479,0.13736306130886078,0.12586744129657745,0.0032619524281471968,0.2652868628501892
1532,0.01508277840912342,0.050181794911623,0.09943008422851562,-0.08591743558645248,2.9748005867004395,3.3270922337453057,1402.9306312356116,0.5286915302276611,0.34456712007522583,0.12672342360019684,0.1306973099708557,0.003935171291232109,0.25375163555145264
1533,0.015080924145877361,0.05570077896118164,0.10496139526367188,-0.13591831922531128,2.9252164363861084,3.6934592614282846,1420.606030513345,0.5202897787094116,0.35119348764419556,0.12850505113601685,0.1275595724582672,0.003972571808844805,0.2630882263183594
1534,0.014912893064320087,0.05564508214592934,0.09877681732177734,-0.11316785216331482,2.913651466369629,3.731340518717451,1440.4670418598166,0.5015097856521606,0.37744277715682983,0.1209176778793335,0.12717010080814362,0.004519198555499315,0.25608667731285095
1535,0.015554851852357388,0.055212412029504776,0.10369300842285156,-0.09769414365291595,2.932042121887207,3.5495299183828375,1469.0385702830217,0.48239225149154663,0.4014136493206024,0.11606112867593765,0.11845789104700089,0.003777707926928997,0.23624949157238007
1536,0.01572452299296856,0.05602452903985977,0.1045846939086914,-0.10375972092151642,2.919905662536621,3.5628762196060926,1448.6495085635306,0.49766772985458374,0.3718357980251312,0.13045646250247955,0.12158124893903732,0.0037061581388115883,0.2500512897968292
1537,0.015059390105307102,0.055924054235219955,0.10342121124267578,-0.08700267225503922,3.0215556621551514,3.7135670063954387,1395.6944618585871,0.5191740393638611,0.3571731448173523,0.1236448585987091,0.128530815243721,0.004702890291810036,0.2713436186313629
1538,0.015308964997529984,0.05387198179960251,0.10689735412597656,-0.11280974745750427,3.1368820667266846,3.5189826225858813,1445.9078097533659,0.500734269618988,0.3759312629699707,0.12333441525697708,0.12314813584089279,0.003689101431518793,0.2482157200574875
1539,0.015307816676795483,0.054869912564754486,0.10801315307617188,-0.1371251791715622,3.034935235977173,3.5844375275505613,1471.3087728044306,0.49490973353385925,0.37149882316589355,0.13359041512012482,0.12793774902820587,0.005287286825478077,0.2355964034795761
1540,0.015423375181853771,0.054907821118831635,0.10777473449707031,-0.056324951350688934,2.9813497066497803,3.560039256509359,1553.1443979684298,0.4744693338871002,0.37792912125587463,0.14736008644104004,0.12145907431840897,0.004120464902371168,0.24189326167106628
1541,0.015386630780994892,0.052881017327308655,0.10488510131835938,-0.030182186514139175,2.9176673889160156,3.4368159005406755,1497.1946485653637,0.4908495247364044,0.38274991512298584,0.1261804848909378,0.12481778115034103,0.0033361923415213823,0.2467845380306244
1542,0.014816578477621078,0.05048234760761261,0.09766340255737305,-0.09896378964185715,2.8582191467285156,3.4071528511426483,1326.2552685636424,0.5514609813690186,0.3389316201210022,0.10960108786821365,0.13445457816123962,0.004083812236785889,0.28150442242622375
1543,0.014943541958928108,0.058978937566280365,0.10267496109008789,-0.17763885855674744,2.9548516273498535,3.9467843516908827,1358.9229223222912,0.543640673160553,0.3473525941371918,0.1089354157447815,0.12918546795845032,0.005327122751623392,0.27300548553466797
1544,0.01485603116452694,0.05898047611117363,0.10546684265136719,-0.13894134759902954,2.94750714302063,3.9701368053155672,1391.6404817593962,0.5215088725090027,0.377331405878067,0.10110906511545181,0.1302984058856964,0.004330267198383808,0.2604381740093231
1545,0.015057774260640144,0.057227447628974915,0.10812759399414062,-0.10240057110786438,3.041377544403076,3.8005250068572556,1397.5968520588303,0.5172526240348816,0.351775586605072,0.13085797429084778,0.1255999654531479,0.00489290663972497,0.2575274407863617
1546,0.01524095144122839,0.05713841691613197,0.10812759399414062,-0.17559809982776642,3.032994508743286,3.749005902467315,1386.6384815165877,0.5253052115440369,0.33929625153541565,0.13506795465946198,0.1260988563299179,0.003459943225607276,0.26958975195884705
1547,0.015127770602703094,0.05823323130607605,0.11069536209106445,-0.131488636136055,2.9307940006256104,3.8494258560360017,1355.0533256176343,0.535872220993042,0.3576679825782776,0.106313057243824,0.12548726797103882,0.004083744715899229,0.2623840272426605
1548,0.015112685039639473,0.05831589922308922,0.1110696792602539,-0.008994925767183304,2.9287772178649902,3.8587384747496634,1367.7202141232938,0.5344157814979553,0.34954583644866943,0.11602611094713211,0.12431653589010239,0.004507425241172314,0.2625613510608673
1549,0.015030214563012123,0.054411474615335464,0.10725736618041992,-0.07176755368709564,3.026832342147827,3.6201395784206967,1407.7192854909154,0.5173496007919312,0.3503917157649994,0.132101908326149,0.1315951943397522,0.003918221220374107,0.25995954871177673
1550,0.01520268339663744,0.0544201023876667,0.10190725326538086,-0.13560804724693298,3.0137171745300293,3.579637947082672,1410.60174535793,0.5071825385093689,0.3763585686683655,0.1164550930261612,0.12514154613018036,0.00408018846064806,0.25831565260887146
1551,0.015284283086657524,0.05424346774816513,0.10129213333129883,-0.08803921192884445,2.859121322631836,3.54897036629531,1402.8641213315968,0.5062378644943237,0.39275607466697693,0.10099488496780396,0.12121141701936722,0.004096716642379761,0.2627684473991394
1552,0.015290182083845139,0.05852069333195686,0.10834693908691406,-0.1063799038529396,2.801168203353882,3.8273378961235287,1409.4185032643306,0.5007083415985107,0.40451404452323914,0.09477684646844864,0.12495697289705276,0.005258913617581129,0.25089845061302185
1553,0.015303299762308598,0.05851569399237633,0.10834693908691406,-0.08507312089204788,2.8598501682281494,3.8237304958682414,1407.0867196031236,0.5098620057106018,0.3829866349697113,0.10710379481315613,0.12686219811439514,0.004289241973310709,0.2550620138645172
1554,0.014996535144746304,0.053319722414016724,0.10486841201782227,-0.10242995619773865,3.1206564903259277,3.5554694398286135,1387.1274148828504,0.5244883298873901,0.36601701378822327,0.10949467122554779,0.1331091970205307,0.004506011493504047,0.25627601146698
1555,0.014802425168454647,0.05783911421895027,0.10931968688964844,-0.10909970849752426,3.1146624088287354,3.907407979221096,1363.9625668738931,0.5351216793060303,0.35177773237228394,0.11309914290904999,0.1297847330570221,0.004527275450527668,0.2599048316478729
1556,0.014974381774663925,0.057692769914865494,0.11001825332641602,-0.038544394075870514,2.841212034225464,3.8527647270638354,1370.6445554947293,0.5289071798324585,0.3408026397228241,0.13028466701507568,0.12982003390789032,0.0045542470179498196,0.25669094920158386
1557,0.01547536626458168,0.052816472947597504,0.1051187515258789,-0.059339240193367004,2.8792717456817627,3.4129384753280516,1454.8399007907376,0.49086129665374756,0.38251304626464844,0.1266254037618637,0.12348764389753342,0.0034508141689002514,0.25080347061157227
1558,0.015579941682517529,0.056083861738443375,0.1028895378112793,-0.13180570304393768,3.0916149616241455,3.599747860274478,1525.0371678718511,0.4657757878303528,0.39335525035858154,0.14086881279945374,0.11860664933919907,0.004206829704344273,0.23825223743915558
1559,0.015814125537872314,0.06550280749797821,0.11229515075683594,-0.0902080237865448,3.08010196685791,4.142044233616798,1549.1634303185986,0.4605773985385895,0.4093542993068695,0.1300637423992157,0.11520671099424362,0.004428860731422901,0.2287272810935974
1560,0.015424090437591076,0.06535951793193817,0.10764122009277344,-0.020445529371500015,2.9637300968170166,4.237495766259815,1452.322845958897,0.49953997135162354,0.389362633228302,0.11108838766813278,0.12031513452529907,0.003929992206394672,0.24353916943073273
1561,0.014985760673880577,0.047917455434799194,0.09570121765136719,0.00562079343944788,2.8724894523620605,3.1975324092236015,1380.6123075163384,0.5238752961158752,0.3492221236228943,0.12679046392440796,0.12947238981723785,0.003642476163804531,0.26323357224464417
1562,0.015570421703159809,0.06168059632182121,0.1106715202331543,-0.008913247846066952,3.0560340881347656,3.961395361908699,1465.0559547790745,0.4890313744544983,0.3794076144695282,0.1314903199672699,0.11887412518262863,0.0038805287331342697,0.23956260085105896
1563,0.015644589439034462,0.06376377493143082,0.11280059814453125,-0.10863392055034637,3.1065661907196045,4.075771702148955,1470.956756979475,0.4905359148979187,0.39541950821876526,0.11403720080852509,0.11760981380939484,0.003454407677054405,0.24666479229927063
1564,0.015239406377077103,0.06374507397413254,0.10877847671508789,-0.11949824541807175,2.8724217414855957,4.1829105670306195,1390.5074199118421,0.5295087695121765,0.35104405879974365,0.1194443628191948,0.12653255462646484,0.004828962497413158,0.26337680220603943
1565,0.014884372241795063,0.050055131316185,0.09323835372924805,-0.05902845412492752,2.848954200744629,3.3629319731918628,1344.773270176331,0.5598636269569397,0.30935782194137573,0.13076896965503693,0.13136295974254608,0.0041590542532503605,0.2767840623855591
1566,0.014791631139814854,0.04994652047753334,0.09323835372924805,-0.14642487466335297,2.91621994972229,3.3766742830488026,1396.5675030595146,0.5343052744865417,0.3271406590938568,0.13852718472480774,0.1330365389585495,0.003985435701906681,0.2673477232456207
1567,0.014939263463020325,0.05151433125138283,0.09325504302978516,-0.21723906695842743,2.9031081199645996,3.448251071778055,1401.1044423256599,0.5160918235778809,0.3610464632511139,0.12280847132205963,0.13233500719070435,0.004977700300514698,0.24682652950286865
1568,0.015115509741008282,0.057719841599464417,0.10671615600585938,-0.11456706374883652,2.929533004760742,3.8185838641651806,1366.7372545828118,0.5279969573020935,0.3533978760242462,0.1184520348906517,0.12821415066719055,0.003887286875396967,0.2604999244213104
1569,0.015315642580389977,0.06023237854242325,0.10927677154541016,-0.06625049561262131,3.0035886764526367,3.9327359738475196,1437.2032047207042,0.5051764845848083,0.3539021909236908,0.14079982042312622,0.12395939230918884,0.004433025605976582,0.25330764055252075
1570,0.01528136432170868,0.06028168275952339,0.10810136795043945,-0.18306197226047516,3.046482563018799,3.9447840838361894,1461.9319024308477,0.495316743850708,0.3780089318752289,0.1266462504863739,0.12417896091938019,0.004564227070659399,0.2472609579563141
1571,0.015396066009998322,0.05906295403838158,0.10770082473754883,-0.1394406408071518,2.913147449493408,3.836236737111247,1429.7837742133904,0.5017202496528625,0.38541775941848755,0.1128581091761589,0.12754742801189423,0.005077512934803963,0.24695514142513275
1572,0.015524019487202168,0.06362742930650711,0.11216878890991211,-0.11029553413391113,2.8763694763183594,4.098643998409189,1429.9320109549128,0.50168776512146,0.3827681541442871,0.11548000574111938,0.119676873087883,0.0038585313595831394,0.25565293431282043
1573,0.015826018527150154,0.06358622014522552,0.1073312759399414,-0.16192543506622314,2.8781163692474365,4.017827985738994,1473.9033684593117,0.4813384711742401,0.39674636721611023,0.12189982086420059,0.11442352086305618,0.004400197882205248,0.23793256282806396
1574,0.015868796035647392,0.06397020071744919,0.10990619659423828,-0.15864574909210205,3.101853370666504,4.0311943369690075,1486.2219218161881,0.4732508361339569,0.3999490439891815,0.12678281962871552,0.11813648790121078,0.004152884241193533,0.23229199647903442
1575,0.015820370987057686,0.06400513648986816,0.11597156524658203,-0.13337573409080505,3.189284563064575,4.045741818455691,1469.6541183425622,0.4789873957633972,0.4040950834751129,0.11689676344394684,0.11367392539978027,0.0047036949545145035,0.23429009318351746
1576,0.015848467126488686,0.05454862117767334,0.10660409927368164,-0.08064483106136322,2.9297244548797607,3.441886255552148,1456.9785759391423,0.4780910313129425,0.4153389036655426,0.10656791925430298,0.11388107389211655,0.003984383307397366,0.24339503049850464
1577,0.015411775559186935,0.05842181295156479,0.10691165924072266,-0.0863010436296463,2.8457441329956055,3.790725651526174,1396.837251675441,0.5029051899909973,0.38971003890037537,0.1073206290602684,0.11988157033920288,0.0038078485522419214,0.2522675693035126
1578,0.01531267911195755,0.05852772295475006,0.10979413986206055,-0.055915966629981995,2.8600878715515137,3.8221739333141285,1417.9966092879245,0.4930703639984131,0.40634238719940186,0.10053907334804535,0.12399433553218842,0.0033983441535383463,0.2413848340511322
1579,0.01565437950193882,0.06935455650091171,0.12071847915649414,-0.023410256952047348,3.029275417327881,4.430361260112014,1523.72685610265,0.46289339661598206,0.4163263738155365,0.12076934427022934,0.12071379274129868,0.0036895875819027424,0.2275593876838684
1580,0.015459519810974598,0.06937170028686523,0.11943578720092773,-0.07005108147859573,3.0196149349212646,4.4873127451948065,1508.711064894612,0.4796254336833954,0.38178953528404236,0.13858483731746674,0.11765717715024948,0.0035418879706412554,0.24706806242465973
1581,0.015135196037590504,0.054042086005210876,0.10116338729858398,-0.11786996573209763,2.9839107990264893,3.5706234572329767,1415.645608897042,0.5151523351669312,0.3645661473274231,0.12027570605278015,0.1275857537984848,0.00401192344725132,0.26766008138656616
1582,0.015425056219100952,0.05405395105481148,0.10605573654174805,-0.08765111863613129,3.01493763923645,3.5042952377944534,1433.1883674585997,0.5062988996505737,0.37421533465385437,0.11947840452194214,0.12428445369005203,0.004457148723304272,0.2559700012207031
1583,0.015458477661013603,0.06252796202898026,0.11451244354248047,-0.06487828493118286,2.9365999698638916,4.044897783345856,1404.9048192654318,0.5110641121864319,0.3771679997444153,0.11175397783517838,0.1190401092171669,0.004321373533457518,0.25283879041671753
1584,0.015587820671498775,0.06252295523881912,0.11605024337768555,-0.16388840973377228,3.0217676162719727,4.0110132488967425,1420.8566320373586,0.5045335292816162,0.3809412717819214,0.11452339589595795,0.12145356088876724,0.0038840603083372116,0.24539493024349213
1585,0.015483683906495571,0.05687414109706879,0.11028051376342773,-0.12405810505151749,2.850224018096924,3.6731659879427214,1432.3949410087841,0.5008217096328735,0.3700340986251831,0.12902836501598358,0.12199859321117401,0.003462237771600485,0.24972066283226013
1586,0.015486190095543861,0.052578333765268326,0.10471820831298828,-0.09708650410175323,2.7572412490844727,3.395175536234863,1424.278341772757,0.5028148293495178,0.3728785812854767,0.12430242449045181,0.12388257682323456,0.005015547852963209,0.24655678868293762
1587,0.015387692488729954,0.05587540194392204,0.10860204696655273,-0.1974760740995407,3.005723714828491,3.631174848419565,1483.0290675972165,0.4918019771575928,0.36394694447517395,0.14424097537994385,0.12004058808088303,0.004285853356122971,0.254635751247406
1588,0.015378730371594429,0.055873241275548935,0.1020956039428711,-0.11423826962709427,3.01285982131958,3.6331504566279085,1495.5677843474136,0.4895292818546295,0.3685324788093567,0.141893669962883,0.1239704117178917,0.0037836083211004734,0.24485044181346893
1589,0.015640350058674812,0.06396061182022095,0.11305570602416992,-0.09091166406869888,3.0427792072296143,4.089461653747077,1460.7205182737753,0.49490004777908325,0.37657809257507324,0.12851795554161072,0.1253221333026886,0.003783622058108449,0.2492915391921997
1590,0.015952184796333313,0.0639318972826004,0.11996984481811523,-0.14085978269577026,3.3260653018951416,4.007720453018306,1499.9197148427502,0.460745245218277,0.4125836491584778,0.12667100131511688,0.10906744003295898,0.005304098594933748,0.23343990743160248
1591,0.01630723476409912,0.05913645401597023,0.115203857421875,-0.09113553911447525,3.1556143760681152,3.6263937367563117,1556.4402159942956,0.44138428568840027,0.3990524709224701,0.15956202149391174,0.10770118981599808,0.003702705493196845,0.2212657481431961
1592,0.015597148798406124,0.05145696550607681,0.09396553039550781,-0.08986416459083557,2.8096556663513184,3.2991264087982595,1467.8940862615145,0.4877687394618988,0.354448527097702,0.1575787365436554,0.12325727939605713,0.0042231581173837185,0.2448340803384781
1593,0.014936832711100578,0.05356397479772568,0.09511232376098633,-0.15382051467895508,2.7681517601013184,3.5860329850472654,1387.0396133704394,0.5092282891273499,0.38937416672706604,0.10122202336788177,0.12863454222679138,0.003444252535700798,0.26277968287467957
1594,0.015319442376494408,0.05355807766318321,0.10375261306762695,-0.09635962545871735,2.895557165145874,3.4960853236972045,1415.7371352923753,0.4953857660293579,0.4120921790599823,0.09252119809389114,0.12060520052909851,0.0037357511464506388,0.25671014189720154
1595,0.015796171501278877,0.0524350143969059,0.10250329971313477,-0.04036379233002663,2.9263803958892822,3.319476139477292,1488.2442348056572,0.4705406427383423,0.4207201302051544,0.10861828923225403,0.11554356664419174,0.003783911932259798,0.23940597474575043
1596,0.015688911080360413,0.05701882764697075,0.1121830940246582,-0.05413352698087692,3.015139579772949,3.6343393975069014,1514.032048970114,0.4588015675544739,0.4285009801387787,0.11253328621387482,0.11862576007843018,0.0037751905620098114,0.2257738709449768
1597,0.01543092355132103,0.05695635452866554,0.1121830940246582,-0.06486127525568008,3.0700182914733887,3.691052861194332,1451.3963513821145,0.47963082790374756,0.4022403657436371,0.11804868280887604,0.12089018523693085,0.003350001759827137,0.24013946950435638
1598,0.01564938761293888,0.0570148229598999,0.10474681854248047,-0.017437491565942764,2.8971519470214844,3.6432622391637173,1433.4865427508698,0.47861939668655396,0.4102558195590973,0.11107338219881058,0.11746560037136078,0.003221113933250308,0.241763174533844
1599,0.01571650430560112,0.05712728574872017,0.10725259780883789,-0.051278892904520035,2.791735887527466,3.634859548552793,1441.731257620759,0.48470404744148254,0.405840128660202,0.10942792892456055,0.12116050720214844,0.00446907477453351,0.24433408677577972
1600,0.015197688713669777,0.05021146684885025,0.0970911979675293,-0.09834013134241104,2.8602547645568848,3.3038883603651485,1418.8923882396782,0.5054357051849365,0.37228924036026,0.12226470559835434,0.12742272019386292,0.0038887830451130867,0.2509255111217499
1601,0.015241019427776337,0.04978826642036438,0.09663105010986328,-0.10025592148303986,2.9633867740631104,3.2667280986703493,1446.9108022007727,0.4936404526233673,0.3671630620956421,0.1390768587589264,0.12624147534370422,0.005238870624452829,0.24588310718536377
1602,0.015694506466388702,0.056492194533348083,0.10326862335205078,-0.11730844527482986,2.907592296600342,3.59948843569768,1521.970642379312,0.4602762758731842,0.3932933211326599,0.14636360108852386,0.11909274756908417,0.004384428262710571,0.2467622607946396
1603,0.015546430833637714,0.05642949417233467,0.10113716125488281,-0.10318584740161896,2.8699283599853516,3.629739505649669,1475.6067580413953,0.4816572368144989,0.393526166677475,0.12473350018262863,0.12155228108167648,0.004113578703254461,0.23891079425811768
1604,0.015193039551377296,0.05757365748286247,0.11002779006958008,-0.09021853655576706,2.986943244934082,3.789475916545861,1409.12352144447,0.5102165341377258,0.35715004801750183,0.1326238363981247,0.1245850920677185,0.004045727662742138,0.25910457968711853
1605,0.015496177598834038,0.05762635916471481,0.11002779006958008,-0.1289915144443512,2.875776767730713,3.7187466904955957,1431.8232964055385,0.4959038197994232,0.3807806372642517,0.12328124791383743,0.11683036386966705,0.005076881963759661,0.24717049300670624
1606,0.015570384450256824,0.048060521483421326,0.09386301040649414,-0.11046939343214035,2.685783863067627,3.0866624799069706,1423.2608150060128,0.4945308566093445,0.4058622717857361,0.0994819700717926,0.11916042864322662,0.004192780703306198,0.25129321217536926
1607,0.016148008406162262,0.07070736587047577,0.13428688049316406,-0.10237813740968704,3.2084474563598633,4.378705044463214,1497.7400886506414,0.4674319326877594,0.42637792229652405,0.10593918710947037,0.11048796772956848,0.0029192145448178053,0.2470587193965912
1608,0.016467679291963577,0.07073155790567398,0.13428688049316406,-0.16174353659152985,3.335601329803467,4.295174605197507,1538.2669014629032,0.45021751523017883,0.44517117738723755,0.10460373759269714,0.10441093146800995,0.0019394715782254934,0.2356795221567154
1609,0.01552131213247776,0.05753426253795624,0.10517358779907227,-0.11515191197395325,2.8967316150665283,3.706791155488792,1417.1245513779654,0.498167484998703,0.41128990054130554,0.09053119271993637,0.11976417154073715,0.0033350626472383738,0.24784088134765625
1610,0.014983000233769417,0.04758039116859436,0.09186029434204102,-0.06568782776594162,2.7884175777435303,3.1756250699495903,1355.0933904489455,0.533591091632843,0.35882940888404846,0.10755667090415955,0.13276644051074982,0.004292883910238743,0.259920597076416
1611,0.0147928511723876,0.05168561264872551,0.09682655334472656,-0.09906454384326935,3.0117695331573486,3.4939588077319494,1390.0578037309458,0.5220410823822021,0.3647770285606384,0.11310068517923355,0.13292433321475983,0.004254771396517754,0.2637076675891876
1612,0.014975935220718384,0.054124921560287476,0.09917736053466797,-0.12289513647556305,3.0322654247283936,3.6141263139142383,1402.2287365212599,0.5064482092857361,0.3757999837398529,0.11773210018873215,0.12775443494319916,0.004037817474454641,0.2631661593914032
1613,0.015643736347556114,0.05815573409199715,0.10219573974609375,-0.18380291759967804,3.0579512119293213,3.7175092187848597,1423.8449157302025,0.48497381806373596,0.398550808429718,0.11647532135248184,0.12075679004192352,0.004463136661797762,0.24562318623065948
1614,0.015568728558719158,0.06567015498876572,0.10974645614624023,-0.16733291745185852,3.125342607498169,4.218080798111771,1401.9777340174955,0.4999869763851166,0.3823019862174988,0.11757902801036835,0.1211651936173439,0.004831796046346426,0.24685832858085632
1615,0.015094613656401634,0.06581342220306396,0.10775327682495117,-0.18121019005775452,3.095782518386841,4.360060064922059,1402.6831383784397,0.5182449221611023,0.3485257625579834,0.1331368088722229,0.12727373838424683,0.0029975706711411476,0.2593487799167633
1616,0.015185926109552383,0.06158756464719772,0.11052370071411133,-0.21080154180526733,3.033648729324341,4.0555685704543105,1398.4038238903115,0.5306794047355652,0.32668644189834595,0.14241768419742584,0.12859204411506653,0.003295319387689233,0.25925108790397644
1617,0.015190091915428638,0.05481072887778282,0.10365009307861328,-0.12343260645866394,2.9348864555358887,3.60832108056588,1395.0766288931572,0.5199573636054993,0.35725438594818115,0.12270835041999817,0.1250452697277069,0.0041623786091804504,0.25831475853919983
1618,0.015392327681183815,0.05813448876142502,0.10854721069335938,-0.11730080842971802,2.963472604751587,3.7768484378560916,1406.297700902806,0.5009865760803223,0.39959612488746643,0.09937863051891327,0.12407414615154266,0.005383020266890526,0.24748316407203674
1619,0.015284382738173008,0.05819404125213623,0.10854721069335938,-0.11355149000883102,2.9274508953094482,3.8074184770961144,1406.083340578865,0.5003830790519714,0.3833231031894684,0.1162751317024231,0.12192042171955109,0.004651573020964861,0.2588316798210144
1620,0.015244985930621624,0.05025281384587288,0.0937509536743164,-0.0658801794052124,2.869363784790039,3.2963502932224378,1407.968521445649,0.4995748996734619,0.3848789632320404,0.1155252456665039,0.12237618118524551,0.004398717544972897,0.253726989030838
1621,0.01535029336810112,0.05896112322807312,0.10347604751586914,-0.08167146891355515,2.960484504699707,3.841042109772118,1409.1311969790804,0.5078014135360718,0.37343671917915344,0.11874970048666,0.1287989616394043,0.003627736819908023,0.2543044090270996
1622,0.015352677553892136,0.058913446962833405,0.10575056076049805,-0.013565373606979847,2.8296499252319336,3.8373402132750853,1454.7493667444724,0.4960622489452362,0.3727761209011078,0.1310659497976303,0.1212991327047348,0.00463154586032033,0.2563052475452423
1623,0.01515192724764347,0.046916767954826355,0.0908350944519043,0.05906546860933304,2.764665126800537,3.0964224672492895,1383.489620247406,0.5183407068252563,0.38073354959487915,0.10092413425445557,0.12386944144964218,0.003624421777203679,0.27501237392425537
1624,0.015418821014463902,0.06743202358484268,0.11403083801269531,-0.11038002371788025,3.067910671234131,4.373357957603471,1415.5330125354817,0.509972095489502,0.3835878372192383,0.10643262416124344,0.12240297347307205,0.004379369784146547,0.26069313287734985
1625,0.015913911163806915,0.0675157755613327,0.12857675552368164,-0.12581098079681396,3.1803064346313477,4.242563305910718,1507.6156008787393,0.47384917736053467,0.3958251178264618,0.13029804825782776,0.11481843888759613,0.004640873987227678,0.24587224423885345
1626,0.015854405239224434,0.06365134567022324,0.12481451034545898,-0.04453461244702339,3.0927348136901855,4.014741941169292,1464.5671549930576,0.4692874550819397,0.42477115988731384,0.10593964159488678,0.11552271991968155,0.004547848366200924,0.24137400090694427
1627,0.015612177550792694,0.05853240191936493,0.10924339294433594,-0.10186522454023361,3.0456013679504395,3.749150413207019,1425.6081891002032,0.4809630513191223,0.4275881052017212,0.09141428023576736,0.1190786212682724,0.004162139259278774,0.2521155774593353
1628,0.014986876398324966,0.058566898107528687,0.10318994522094727,-0.13544601202011108,2.857675075531006,3.907878903316146,1364.481753191739,0.5221480131149292,0.3661227822303772,0.11172837764024734,0.1291198879480362,0.004520446062088013,0.2789166569709778
1629,0.014764505438506603,0.05382012203335762,0.10190963745117188,-0.13152863085269928,2.8257153034210205,3.6452370351225367,1356.7065547361442,0.5234322547912598,0.35653501749038696,0.1200309693813324,0.13278630375862122,0.005349025130271912,0.266798198223114
1630,0.015477410517632961,0.0538807287812233,0.1053762435913086,-0.11349043995141983,2.9934327602386475,3.481249574427021,1511.4824167366226,0.4749774634838104,0.39063113927841187,0.13432471454143524,0.12172601372003555,0.003559121862053871,0.23715446889400482
1631,0.016054974868893623,0.0583578385412693,0.1099252700805664,-0.08271751552820206,2.9154603481292725,3.6348757325495566,1544.0481653967443,0.473293662071228,0.375746488571167,0.15086551010608673,0.1176297515630722,0.003593186382204294,0.23764386773109436
1632,0.015194603241980076,0.05846751853823662,0.1065969467163086,-0.09357018023729324,2.8807761669158936,3.847913473176648,1408.383369155306,0.5222212672233582,0.34395959973335266,0.13378554582595825,0.12478344887495041,0.00383144523948431,0.2746061086654663
1633,0.01505864318460226,0.05699141323566437,0.10476350784301758,-0.1341734081506729,3.0836069583892822,3.7846313597598553,1419.1339824019462,0.5242891311645508,0.34046459197998047,0.13524602353572845,0.12775954604148865,0.004335443023592234,0.2663939595222473
1634,0.015248571522533894,0.05708792433142662,0.10476350784301758,-0.12654484808444977,3.0665690898895264,3.7438211338891603,1447.5969744990387,0.5130632519721985,0.35623860359191895,0.1306801438331604,0.12705098092556,0.003831589361652732,0.26071009039878845
1635,0.015402227640151978,0.05979739502072334,0.11427640914916992,-0.16790494322776794,2.98671293258667,3.882386133610665,1470.4331660641649,0.48688891530036926,0.3927878141403198,0.12031449377536774,0.1209559291601181,0.0042390841990709305,0.25345075130462646
1636,0.015488839708268642,0.05976397916674614,0.11775732040405273,-0.17459318041801453,3.0583043098449707,3.858518797310744,1487.0050094596584,0.4732155501842499,0.4032367467880249,0.12354519963264465,0.12182795256376266,0.00346136256121099,0.2481713742017746
1637,0.015020070597529411,0.05802193284034729,0.1072549819946289,-0.09946498274803162,3.0301003456115723,3.8629600613214237,1410.266557031201,0.4975697696208954,0.4010767638683319,0.10133707523345947,0.12495211511850357,0.004900010768324137,0.2531222999095917
1638,0.014799173921346664,0.05001012235879898,0.09577512741088867,-0.05239243060350418,2.973876953125,3.3792509380056677,1363.835031333217,0.5261098146438599,0.37316152453422546,0.10071133077144623,0.13140253722667694,0.0033032747451215982,0.275821328163147
1639,0.014985212124884129,0.050056613981723785,0.09550333023071289,-0.07788971811532974,2.840020179748535,3.340400760511119,1361.751451540225,0.535886824131012,0.35345733165740967,0.11059194803237915,0.13187788426876068,0.0029244546312838793,0.26553940773010254
1640,0.015741094946861267,0.06292342394590378,0.11188030242919922,-0.20095163583755493,3.0799753665924072,3.997398157772573,1461.3001766166633,0.4937957525253296,0.40477433800697327,0.10138079524040222,0.11550016701221466,0.0034482094924896955,0.24765586853027344
1641,0.01596801169216633,0.06295707076787949,0.11317968368530273,-0.1538585126399994,3.1553096771240234,3.9426994404583637,1481.9038923354185,0.47358906269073486,0.4229181110858917,0.10347122699022293,0.11351599544286728,0.0039491429924964905,0.24542009830474854
1642,0.015456991270184517,0.06058814376592636,0.11072158813476562,-0.046765293926000595,3.024060010910034,3.919788961702849,1389.848032299186,0.5040192008018494,0.38632798194885254,0.10964196175336838,0.12230781465768814,0.0034246444702148438,0.2570645213127136
1643,0.014907080680131912,0.057824332267045975,0.10485172271728516,-0.03660601004958153,2.870487689971924,3.8789843232172876,1345.4196601712988,0.5328286290168762,0.358688622713089,0.10844266414642334,0.12924905121326447,0.0038270980585366488,0.26996156573295593
1644,0.014991099014878273,0.05168084800243378,0.09993314743041992,0.028591109439730644,2.7527151107788086,3.4474355714477274,1405.8354033640053,0.5161817669868469,0.3641224205493927,0.11969572305679321,0.12975110113620758,0.004550053272396326,0.25907081365585327
1645,0.015618487261235714,0.058528587222099304,0.11013031005859375,-0.07087480276823044,3.0146644115448,3.7473915520369805,1470.286656004534,0.49291449785232544,0.3857218325138092,0.121346615254879,0.12032531201839447,0.004052394535392523,0.24480493366718292
1646,0.01570388861000538,0.05843372642993927,0.10894775390625,-0.1533012092113495,3.031233072280884,3.7209717845928028,1477.3594566451043,0.48453980684280396,0.3970613181591034,0.11839877814054489,0.12059641629457474,0.004820570349693298,0.23261447250843048
1647,0.015367407351732254,0.05284717306494713,0.10233402252197266,-0.0650564432144165,2.816636562347412,3.4389127490364304,1449.5246962061688,0.48941147327423096,0.3857274353504181,0.12482061982154846,0.12162379920482635,0.0034564321395009756,0.25070154666900635
1648,0.015713077038526535,0.06804022192955017,0.1176142692565918,-0.058134082704782486,3.024705648422241,4.330165362162595,1492.560729531546,0.4765584468841553,0.3992869555950165,0.12412428110837936,0.11820102483034134,0.0037624500691890717,0.24383285641670227
1649,0.015321840532124043,0.06807254254817963,0.11768579483032227,-0.11047498881816864,3.121021032333374,4.442843691070578,1442.7171164317397,0.4958759546279907,0.38221776485443115,0.12175910919904709,0.1252918839454651,0.004331238102167845,0.2511521279811859
1650,0.015219679102301598,0.07597833126783371,0.1257777214050293,-0.23514610528945923,3.291224718093872,4.992111249661747,1380.863813013908,0.5157686471939087,0.37522050738334656,0.10900688916444778,0.12583358585834503,0.004855195060372353,0.25534647703170776
1651,0.015580380335450172,0.07606810331344604,0.1257777214050293,-0.2813604176044464,3.277592182159424,4.8823007956670565,1472.585647328675,0.4932997524738312,0.3626410961151123,0.14405807852745056,0.12055370956659317,0.004312798846513033,0.24925650656223297
1652,0.015321189537644386,0.06178944930434227,0.10842323303222656,-0.10943594574928284,2.9053854942321777,4.0329407288181995,1425.38227223377,0.5132840275764465,0.34175845980644226,0.14492696523666382,0.11989865452051163,0.00480919424444437,0.25266382098197937
1653,0.015138852410018444,0.051555976271629333,0.09821414947509766,-0.1328248828649521,2.9690089225769043,3.4055405833869927,1372.0400493747866,0.5289401412010193,0.34798043966293335,0.12307516485452652,0.12566818296909332,0.003519355319440365,0.26516178250312805
1654,0.01525577250868082,0.051537733525037766,0.09650945663452148,-0.15992803871631622,2.9639077186584473,3.378244758981139,1446.3934642257932,0.5062060952186584,0.3608623743057251,0.13285884261131287,0.12397127598524094,0.003527351189404726,0.2526093125343323
1655,0.015364081598818302,0.05118861049413681,0.09579896926879883,-0.14979851245880127,2.8076331615448,3.33170649749362,1459.3414002916672,0.498645544052124,0.3731001019477844,0.1282518208026886,0.12176629155874252,0.002906868001446128,0.261091947555542
1656,0.015138791874051094,0.050760701298713684,0.09374856948852539,-0.19600996375083923,2.8551018238067627,3.353021939773669,1397.0986147362955,0.5137941837310791,0.3713618814945221,0.11484365910291672,0.12870576977729797,0.0031153352465480566,0.2702532410621643
1657,0.015116157941520214,0.050789643079042435,0.10093927383422852,-0.10445345938205719,2.884535551071167,3.3599571579082497,1372.4153194565788,0.5213608741760254,0.37141770124435425,0.10720008611679077,0.12623010575771332,0.003754247445613146,0.2656669616699219
1658,0.015339200384914875,0.05024763569235802,0.09711027145385742,-0.06690843403339386,2.887244939804077,3.275766299949872,1392.2294078833045,0.5222017168998718,0.3572407364845276,0.12044447660446167,0.12265878915786743,0.004337225575000048,0.26162388920783997
1659,0.015185179188847542,0.05333126708865166,0.09967565536499023,-0.19079066812992096,2.9337379932403564,3.512060438793353,1390.1792107579631,0.523141622543335,0.35326242446899414,0.12345048040151596,0.1280561238527298,0.004799200221896172,0.25800520181655884
1660,0.01527439709752798,0.05346082150936127,0.09839057922363281,-0.10820478945970535,2.787277936935425,3.5000282606580506,1457.9398084649781,0.4979461431503296,0.3585435152053833,0.1434709131717682,0.12596313655376434,0.004045299254357815,0.24908019602298737
1661,0.015320157632231712,0.05627153441309929,0.10049104690551758,0.024618562310934067,2.750814914703369,3.6730388655426047,1440.3827319451018,0.5028905868530273,0.36205121874809265,0.13504855334758759,0.1257091462612152,0.004590575583279133,0.25216397643089294
1662,0.015289129689335823,0.05623667687177658,0.11087656021118164,-0.11215583980083466,3.085801124572754,3.6782130841184166,1396.525346901531,0.5150001645088196,0.376964271068573,0.10797574371099472,0.12319907546043396,0.003776462748646736,0.2661382257938385
1663,0.01524879690259695,0.06089238449931145,0.11806011199951172,-0.16338174045085907,3.35135817527771,3.9932582802613035,1423.7025366002201,0.5103683471679688,0.36987587809562683,0.11973901093006134,0.12760859727859497,0.003729940624907613,0.2573457360267639
1664,0.014930479228496552,0.06091367453336716,0.11806011199951172,-0.11628316342830658,3.0693066120147705,4.0798204529849595,1372.0474451212115,0.5326471924781799,0.34376996755599976,0.1235661506652832,0.12802448868751526,0.003782254410907626,0.2639461159706116
1665,0.015221984125673771,0.05298338085412979,0.0985860824584961,-0.038054317235946655,2.783928632736206,3.4807144990570587,1410.3132891684365,0.5178999900817871,0.3484676778316498,0.1336321085691452,0.1229836568236351,0.004626832902431488,0.25919222831726074
1666,0.015402179211378098,0.0609273761510849,0.11686563491821289,-0.10174225270748138,3.141725540161133,3.9557633573124558,1450.6669779945628,0.5038893222808838,0.37798675894737244,0.11806973814964294,0.12560829520225525,0.004014046397060156,0.26315736770629883
1667,0.015143421478569508,0.06093043461441994,0.11686563491821289,-0.13174475729465485,3.2891104221343994,4.0235579982121745,1395.8101999911062,0.524356484413147,0.37163418531417847,0.10391007363796234,0.12458755075931549,0.004498700611293316,0.2651120126247406
1668,0.015051419846713543,0.05303143337368965,0.10084152221679688,-0.1331377923488617,2.9370057582855225,3.523350880531423,1374.5319470864652,0.5236241817474365,0.3752632737159729,0.10110391676425934,0.12616026401519775,0.003964787814766169,0.26806557178497314
1669,0.015293530188500881,0.05287397280335426,0.10030031204223633,-0.07306933403015137,2.848792791366577,3.4572771719934634,1399.1759072238194,0.5108616948127747,0.38518303632736206,0.10377435386180878,0.12213657051324844,0.004378099460154772,0.2521219849586487
1670,0.0152242761105299,0.05287357047200203,0.102691650390625,0.010822887532413006,2.93294358253479,3.472977636812495,1433.0740680964495,0.508994460105896,0.38728150725364685,0.1036556214094162,0.12519888579845428,0.0036037659738212824,0.2516680657863617
1671,0.014968915842473507,0.05838078632950783,0.10011434555053711,-0.14073465764522552,3.0133140087127686,3.90013458155435,1469.1565246569287,0.5010824799537659,0.37647297978401184,0.12243639677762985,0.1308496743440628,0.0037025294732302427,0.2527395486831665
1672,0.014964442700147629,0.05846522003412247,0.11272907257080078,-0.17881862819194794,3.127013921737671,3.906942690865377,1461.1456361596806,0.5099707841873169,0.35080191493034363,0.1392257958650589,0.12755811214447021,0.004093457944691181,0.2593173682689667
1673,0.015249095857143402,0.054281044751405716,0.10705947875976562,-0.0626114159822464,2.8300251960754395,3.559623813527165,1458.4978604244889,0.5044466257095337,0.35849255323410034,0.13698121905326843,0.12521061301231384,0.004083523526787758,0.26284733414649963
1674,0.015526557341217995,0.0585503950715065,0.10785579681396484,-0.08049353212118149,2.6609983444213867,3.770983726849939,1477.3955561075031,0.4888252019882202,0.3708513081073761,0.14030125737190247,0.12205207347869873,0.0033371089957654476,0.24474255740642548
1675,0.01554958801716566,0.058568112552165985,0.10785579681396484,-0.16027043759822845,2.897881031036377,3.7665378969361973,1460.5890646067576,0.48862627148628235,0.3835892379283905,0.12777447700500488,0.11961671710014343,0.0036950495559722185,0.23794083297252655
1676,0.01556864008307457,0.05773394927382469,0.10967731475830078,-0.14892438054084778,3.0584263801574707,3.708348896374176,1479.9259681477913,0.4827497601509094,0.38504138588905334,0.13220883905887604,0.12113159149885178,0.005034571047872305,0.24402065575122833
1677,0.015319154597818851,0.05711055546998978,0.10976552963256836,-0.10284500569105148,2.9820501804351807,3.7280487706804104,1457.9574524921106,0.49838370084762573,0.35607844591140747,0.14553038775920868,0.12541991472244263,0.004346818197518587,0.25647103786468506
1678,0.014995233155786991,0.057198308408260345,0.10832548141479492,-0.08521738648414612,2.8218271732330322,3.814432747407587,1393.809642919456,0.5192756056785583,0.34451210498809814,0.1361997127532959,0.13040578365325928,0.004503629636019468,0.2581157386302948
1679,0.015159692615270615,0.059907764196395874,0.11127710342407227,-0.13671867549419403,3.1493310928344727,3.9517796114215398,1443.4286443752062,0.502955973148346,0.3711218535900116,0.12592096626758575,0.12450110912322998,0.004083705600351095,0.25583329796791077
1680,0.015324229374527931,0.05984530597925186,0.11127710342407227,-0.13657933473587036,3.115781545639038,3.905273440687463,1499.5223989328688,0.48144757747650146,0.3832905888557434,0.13519984483718872,0.12404380738735199,0.004462351091206074,0.23180796205997467
1681,0.0156350526958704,0.061685748398303986,0.11646270751953125,-0.09420476853847504,3.0673727989196777,3.9453495676833477,1511.785365153969,0.4709893763065338,0.3906095325946808,0.13837474584579468,0.12182128429412842,0.004153335466980934,0.22751596570014954
1682,0.015676349401474,0.06161348149180412,0.11646270751953125,-0.1100916713476181,3.2046241760253906,3.93034627577773,1443.46717965493,0.487761527299881,0.38835662603378296,0.12383433431386948,0.11483272165060043,0.0047495136968791485,0.2456822693347931
1683,0.01552612241357565,0.06050717830657959,0.11517047882080078,-0.015192686580121517,3.113422393798828,3.8971210383976183,1429.199450068128,0.4926752746105194,0.38850516080856323,0.11878322064876556,0.1187736988067627,0.0035141133703291416,0.2530728280544281
1684,0.015432778745889664,0.06052067503333092,0.11517047882080078,0.02777416631579399,2.9917850494384766,3.921566946945851,1446.1823950675296,0.4966064691543579,0.39098241925239563,0.11234375089406967,0.12283403426408768,0.004518326837569475,0.256234735250473
1685,0.014948306605219841,0.050398629158735275,0.09419679641723633,-0.046478115022182465,2.7407641410827637,3.371527657705717,1356.9135548301972,0.5247495770454407,0.37411436438560486,0.1011345386505127,0.12820741534233093,0.004134690389037132,0.2743629515171051
1686,0.014905290678143501,0.07117729634046555,0.11399269104003906,-0.14793182909488678,2.9146857261657715,4.775304143518762,1356.742736547573,0.5237589478492737,0.3636459708213806,0.11257785558700562,0.1282617151737213,0.003556422423571348,0.2701915502548218
1687,0.014721057377755642,0.07124138623476028,0.11456966400146484,-0.17174388468265533,3.0615193843841553,4.839420457498567,1339.8149268406328,0.5410789847373962,0.34719762206077576,0.11168466508388519,0.13352593779563904,0.0044144028797745705,0.27452564239501953
1688,0.014591820538043976,0.059762466698884964,0.10315895080566406,-0.12582823634147644,3.000896453857422,4.09561415170752,1289.0358902149278,0.5644599199295044,0.34321537613868713,0.09229040890932083,0.1372430920600891,0.004397989250719547,0.27691420912742615
1689,0.014832924120128155,0.05977236479520798,0.10469913482666016,-0.12847094237804413,2.9660165309906006,4.0297087955885695,1335.8336496464985,0.5458227396011353,0.34442707896232605,0.10975024104118347,0.13195271790027618,0.0041792490519583225,0.26612940430641174
1690,0.014509565196931362,0.048764005303382874,0.09373188018798828,-0.07173961400985718,2.841855525970459,3.360817821772853,1323.7894932158947,0.5489782094955444,0.337161660194397,0.11383555084466934,0.1361219584941864,0.004027782008051872,0.27924516797065735
1691,0.014671427197754383,0.054578326642513275,0.1018071174621582,-0.0806851014494896,2.9793927669525146,3.7200420860996415,1411.8031047971945,0.5161704421043396,0.36134907603263855,0.12247806042432785,0.13667449355125427,0.004432270769029856,0.2654086947441101
1692,0.015177536755800247,0.054686952382326126,0.1051020622253418,-0.09315409511327744,3.07045841217041,3.6031507127020337,1459.8666732756733,0.49714237451553345,0.3715949058532715,0.1312614530324936,0.12896573543548584,0.003741859458386898,0.2570711672306061
1693,0.01518753357231617,0.05056089907884598,0.10052204132080078,-0.013608182780444622,2.904470682144165,3.3291053372668262,1410.059858490045,0.5231684446334839,0.345131516456604,0.13165852427482605,0.1274590641260147,0.004703307058662176,0.2640286684036255
1694,0.015261638909578323,0.052797287702560425,0.09866476058959961,-0.04925801604986191,2.8651697635650635,3.4594769285207603,1449.834879565762,0.5071346759796143,0.3540378510951996,0.1388213038444519,0.1235615685582161,0.003998743370175362,0.26415616273880005
1695,0.015234038233757019,0.05268532782793045,0.09590864181518555,-0.18282213807106018,3.0153791904449463,3.458395404819645,1436.630046664847,0.4964602589607239,0.38885563611984253,0.11467549949884415,0.12901374697685242,0.004241821821779013,0.2515219748020172
1696,0.01545149926096201,0.05076606571674347,0.09391307830810547,-0.18719135224819183,2.9722418785095215,3.285510671557788,1483.138691557492,0.4817919135093689,0.4030941128730774,0.11510990560054779,0.12230286747217178,0.003855666844174266,0.25137951970100403
1697,0.015434026718139648,0.059910811483860016,0.10774850845336914,-0.13121236860752106,2.859102249145508,3.88173563348604,1490.473129765447,0.4822043180465698,0.3854530155658722,0.13233789801597595,0.11566527932882309,0.004070374649018049,0.25291022658348083
1698,0.01543477177619934,0.05986839532852173,0.11365175247192383,-0.048562951385974884,2.8721673488616943,3.8788001658023172,1496.193527213685,0.48490339517593384,0.3919698894023895,0.12312570959329605,0.1221470981836319,0.0035075664054602385,0.24746166169643402
1699,0.01544883195310831,0.053904931992292404,0.10768413543701172,-0.004219816066324711,2.9769420623779297,3.489256155573461,1476.2256561166091,0.49187836050987244,0.3837313652038574,0.12438716739416122,0.12325581908226013,0.004349909257143736,0.24096105992794037
1700,0.015503122471272945,0.05225250869989395,0.1022028923034668,-0.10609861463308334,3.019977569580078,3.370450616857773,1459.2933566562335,0.49092236161231995,0.3644629716873169,0.14461302757263184,0.11962209641933441,0.003574373899027705,0.2417427897453308
1701,0.015714101493358612,0.0590725876390934,0.10637998580932617,-0.1861543208360672,2.9844892024993896,3.759208737470644,1466.6046870360651,0.47530168294906616,0.4008413553237915,0.12383557111024857,0.11550954729318619,0.0038825140800327063,0.24261708557605743
1702,0.015856241807341576,0.059179387986660004,0.10667085647583008,-0.21225889027118683,3.033022403717041,3.732245553642301,1457.8663282329608,0.4711161255836487,0.42352575063705444,0.10526446253061295,0.11557083576917648,0.0031215017661452293,0.24412763118743896
1703,0.01550516951829195,0.0570552758872509,0.10454416275024414,-0.1843622326850891,3.0175485610961914,3.6797582777963944,1456.9752585630324,0.4802180230617523,0.4087277352809906,0.11105332523584366,0.12175179272890091,0.0034090951085090637,0.2504613399505615
1704,0.015227830968797207,0.055330608040094376,0.10354995727539062,-0.1528131663799286,2.9838807582855225,3.633518663940832,1438.1907965817877,0.496574729681015,0.37832215428352356,0.12506544589996338,0.12483413517475128,0.004363260231912136,0.2538485825061798
1705,0.015257537364959717,0.05533789098262787,0.10354995727539062,-0.24462608993053436,2.9872570037841797,3.626921544107721,1408.7637052890984,0.504608154296875,0.38086625933647156,0.11434728652238846,0.12769675254821777,0.004269267898052931,0.2478514015674591
1706,0.015070955269038677,0.04937049001455307,0.09797096252441406,-0.15929165482521057,2.9020705223083496,3.2758699850103374,1393.7568098357995,0.5055366158485413,0.3953486382961273,0.09908650070428848,0.13243183493614197,0.004078719764947891,0.25282642245292664
1707,0.01559822540730238,0.06064936891198158,0.11925458908081055,-0.15407425165176392,3.1702589988708496,3.8882223666097353,1472.0080216346942,0.48471304774284363,0.40518075227737427,0.11010283976793289,0.11993291229009628,0.0035594687797129154,0.239242821931839
1708,0.01609748601913452,0.060597460716962814,0.11925458908081055,-0.1559307724237442,2.9890241622924805,3.764405239499405,1516.4879525094104,0.47771114110946655,0.4011133313179016,0.12114734947681427,0.11520516872406006,0.003947168588638306,0.2248016893863678
1709,0.015435047447681427,0.05617785453796387,0.10706663131713867,-0.10241219401359558,2.7390599250793457,3.6396295330315285,1461.964202448781,0.5012195706367493,0.36815720796585083,0.1306154876947403,0.1230614185333252,0.00434108404442668,0.2503097355365753
1710,0.015260295011103153,0.05610596761107445,0.10778665542602539,-0.13800421357154846,2.948829412460327,3.676597835531752,1465.9618631648084,0.48818439245224,0.3819386661052704,0.12987647950649261,0.1264946609735489,0.004698384087532759,0.24463744461536407
1711,0.015962982550263405,0.054219167679548264,0.1058506965637207,-0.13153482973575592,2.993870496749878,3.396556220332211,1540.8657012786641,0.45559975504875183,0.3953631520271301,0.1490066796541214,0.11322301626205444,0.0033293645828962326,0.2296494096517563
1712,0.01589057594537735,0.055166393518447876,0.1055455207824707,-0.15577508509159088,2.9094793796539307,3.471642167320211,1499.0462308341725,0.4706644117832184,0.37539538741111755,0.15387599170207977,0.11241666227579117,0.0037203487008810043,0.23778283596038818
1713,0.015335452742874622,0.05522609129548073,0.09980916976928711,-0.17038017511367798,2.922445774078369,3.601203839093662,1425.4194245696035,0.5006542801856995,0.3751019239425659,0.12418731302022934,0.1270156353712082,0.0033351632300764322,0.25552499294281006
1714,0.01537011656910181,0.05698772892355919,0.10650157928466797,-0.12380395084619522,3.0309839248657227,3.7076965983727543,1480.642331699222,0.48504960536956787,0.3742602467536926,0.14067120850086212,0.11993736028671265,0.0036588346119970083,0.24728867411613464
1715,0.01538341585546732,0.05695093050599098,0.10650157928466797,-0.08331824094057083,2.884676456451416,3.7020991330770223,1471.1793738955264,0.4879036843776703,0.37508875131607056,0.1370055228471756,0.1210760623216629,0.002998881973326206,0.2450057715177536
1716,0.015138624235987663,0.05167485401034355,0.10086536407470703,-0.10820240527391434,2.8244104385375977,3.413444524508919,1392.738079279286,0.5186088681221008,0.3570297956466675,0.12433182448148727,0.13033762574195862,0.005538200028240681,0.26131778955459595
1717,0.015380254946649075,0.05140487477183342,0.10180950164794922,-0.052146539092063904,2.8600523471832275,3.3422641527597587,1454.10480669614,0.5013627409934998,0.37633195519447327,0.12222017347812653,0.12080874294042587,0.004945669323205948,0.25628095865249634
1718,0.015534746460616589,0.057496678084135056,0.1082158088684082,-0.08346190303564072,3.0292608737945557,3.701166171343603,1489.7099578546067,0.4946751892566681,0.3714683949947357,0.13383115828037262,0.1199452206492424,0.0033158562146127224,0.25083258748054504
1719,0.015613755211234093,0.057495441287755966,0.11072158813476562,-0.1472746580839157,3.086515426635742,3.6823583120289762,1498.4734875015665,0.4997306168079376,0.34377071261405945,0.1564914733171463,0.1207687258720398,0.00387778808362782,0.258989542722702
1720,0.015300699509680271,0.05328861624002457,0.10600805282592773,-0.14961954951286316,2.9953479766845703,3.482756863686381,1453.4416498505154,0.5138987898826599,0.3562234938144684,0.1298733949661255,0.12688018381595612,0.004508691839873791,0.2607296109199524
1721,0.014834058471024036,0.05258498713374138,0.09489297866821289,-0.22051016986370087,2.9724152088165283,3.5448820181552385,1403.314590495089,0.5201029777526855,0.37802189588546753,0.10179988294839859,0.13390770554542542,0.004398310091346502,0.25884154438972473
1722,0.015004012733697891,0.0504780113697052,0.1007533073425293,-0.12821927666664124,2.8436341285705566,3.364300754888794,1482.8903966472965,0.4921315014362335,0.36643436551094055,0.14135286211967468,0.12887944281101227,0.003179624443873763,0.2523397207260132
1723,0.015291390009224415,0.0504385381937027,0.09897947311401367,-0.03650442138314247,2.794299840927124,3.2984926916374206,1418.1402603475017,0.5117489695549011,0.35562223196029663,0.13254547119140625,0.12884216010570526,0.0036737301852554083,0.25153663754463196
1724,0.015252875164151192,0.04858604073524475,0.09550809860229492,-0.06287285685539246,2.7854928970336914,3.1853693293347782,1382.0719301126956,0.527402937412262,0.3517405688762665,0.12073571234941483,0.12576058506965637,0.004216331988573074,0.2610047161579132
1725,0.014618922024965286,0.047757796943187714,0.09172439575195312,-0.07593150436878204,2.844419002532959,3.266848052022103,1338.9977285547018,0.5515288710594177,0.3280600905418396,0.12036120891571045,0.1342702955007553,0.005366009660065174,0.2759145200252533
1726,0.014491689391434193,0.04976678267121315,0.09272098541259766,-0.1495981514453888,2.9148683547973633,3.4341601812964155,1294.3155535096741,0.5620277523994446,0.3364133834838867,0.10154979676008224,0.13833306729793549,0.004157484974712133,0.2823731601238251
1727,0.014773872680962086,0.050002507865428925,0.09306907653808594,-0.19424107670783997,2.973207950592041,3.384522727509264,1346.6056381458463,0.5362703800201416,0.35481366515159607,0.10867179185152054,0.13276852667331696,0.005389980040490627,0.2786632776260376
1728,0.014949578791856766,0.056580301374197006,0.10877609252929688,-0.19246140122413635,2.995513439178467,3.784742176229895,1330.6764479060105,0.5278324484825134,0.36173340678215027,0.11028476804494858,0.13093046844005585,0.004170440137386322,0.2726445496082306
1729,0.015074515715241432,0.056610338389873505,0.10877609252929688,-0.13505308330059052,2.7899842262268066,3.7553669686967766,1346.725612846022,0.5200030207633972,0.37045493721961975,0.10952406376600266,0.12375558167695999,0.004718972835689783,0.26524680852890015
1730,0.014948158524930477,0.05264928564429283,0.09415388107299805,-0.0953102558851242,2.7795891761779785,3.5221251870564823,1397.528463590562,0.5071899890899658,0.3863334059715271,0.10644900053739548,0.12822116911411285,0.004360680002719164,0.2638477683067322
1731,0.015348230488598347,0.05266125872731209,0.10227203369140625,-0.061316508799791336,2.988670587539673,3.4310964226788987,1463.170452139632,0.47958460450172424,0.40882614254951477,0.1115773469209671,0.12467265874147415,0.00441979942843318,0.24189050495624542
1732,0.015356234274804592,0.049498166888952255,0.09325742721557617,-0.04750627279281616,2.930285692214966,3.2233271516925193,1482.9773783374844,0.47548168897628784,0.3914016783237457,0.13309147953987122,0.12149196118116379,0.003993142396211624,0.24524229764938354
1733,0.015262406319379807,0.05135579779744148,0.0970458984375,0.0074232895858585835,2.8983099460601807,3.3648558896552485,1432.1643318030312,0.4965292513370514,0.36556053161621094,0.13788534700870514,0.1252651959657669,0.004475725814700127,0.25355273485183716
1734,0.015574894845485687,0.05940324440598488,0.11065244674682617,-0.09548588842153549,3.008852005004883,3.8140382321353905,1405.4966114396484,0.5032660961151123,0.3720431327819824,0.12457744777202606,0.12219451367855072,0.0037429360672831535,0.2474597990512848
1735,0.015577119775116444,0.05936455354094505,0.10763883590698242,-0.17758622765541077,2.894366502761841,3.8110096342692,1406.3019585840636,0.4959339201450348,0.39779412746429443,0.10617655515670776,0.12109670788049698,0.0034844446927309036,0.2493455410003662
1736,0.015287731774151325,0.0645323097705841,0.11288881301879883,-0.1407710462808609,2.878385305404663,4.2211827575019925,1423.263631699357,0.4971272349357605,0.4007842242717743,0.10203830897808075,0.1247020736336708,0.004965680185705423,0.2587871551513672
1737,0.015239975415170193,0.06464143097400665,0.11239290237426758,-0.11325310170650482,2.942446231842041,4.241570554334335,1453.4044004517839,0.4944206476211548,0.3916834592819214,0.11374572664499283,0.12635251879692078,0.004284730646759272,0.2550660967826843
1738,0.015192368067800999,0.05120256915688515,0.09935379028320312,-0.039046306163072586,2.8067359924316406,3.3702822973355016,1386.757914352446,0.5148147344589233,0.37654855847358704,0.10862327367067337,0.1300116777420044,0.004349671769887209,0.2497224658727646
1739,0.014527872204780579,0.05118399113416672,0.10158538818359375,-0.13794472813606262,2.7752797603607178,3.5231581341829825,1294.016081196186,0.5557181239128113,0.34526437520980835,0.09899235516786575,0.13623495399951935,0.0040108999237418175,0.2867165803909302
1740,0.01466904953122139,0.050331007689237595,0.09882688522338867,-0.1028781533241272,2.8802638053894043,3.431102170504143,1317.3033844613321,0.5543402433395386,0.3324016034603119,0.1132519543170929,0.13641899824142456,0.004379632417112589,0.2822361886501312
1741,0.015330424532294273,0.04925135150551796,0.09766340255737305,-0.057571087032556534,2.905864715576172,3.2126541178657493,1412.259292233655,0.5197566151618958,0.34882310032844543,0.1313220113515854,0.12411317229270935,0.003967952914535999,0.2567428946495056
1742,0.015310016460716724,0.05121203884482384,0.0966501235961914,-0.19065754115581512,2.9995086193084717,3.345002206423584,1452.3395934054765,0.5051314234733582,0.35189735889434814,0.14290793240070343,0.1240285336971283,0.005003649275749922,0.24446497857570648
1743,0.015052087604999542,0.051270559430122375,0.0966501235961914,-0.15702275931835175,2.99417781829834,3.4062092097900547,1412.4410126364203,0.5194713473320007,0.35385188460350037,0.12658081948757172,0.12990765273571014,0.005052313208580017,0.25447219610214233
1744,0.01469303946942091,0.04702592268586159,0.09069204330444336,-0.07542678713798523,2.710733413696289,3.2005578410465154,1328.6718515167677,0.5553238987922668,0.34576326608657837,0.09889134019613266,0.1326833814382553,0.005475691985338926,0.27476516366004944
1745,0.014864634722471237,0.0530833937227726,0.09588956832885742,-0.08389255404472351,2.7678468227386475,3.571119957556306,1360.793676960833,0.5414347052574158,0.34949955344200134,0.10905441641807556,0.13143692910671234,0.003637654008343816,0.2854987680912018
