样本编号,均方根_RMS,峰值_Peak,峰峰值_PeakToPeak,偏度_Skewness,峭度_Kurtosis,峰值因子_CrestFactor,频率重心_Hz,0到1kHz能量占比,1到3kHz能量占比,3到5kHz能量占比,一倍频能量占比,二倍频能量占比,三四倍频能量占比
0,0.03075806237757206,0.09797250479459763,0.1716916859149933,-0.16428618133068085,2.1742923259735107,3.1852625691679215,630.0584008138018,0.875328779220581,0.07695665210485458,0.04770119488239288,0.04411337152123451,0.0011763916118070483,0.813809335231781
1,0.030067063868045807,0.07822912931442261,0.1507815569639206,-0.1332722157239914,2.1029229164123535,2.6018213702256405,614.6528329750957,0.8845022320747375,0.06717299669981003,0.04832177981734276,0.041262391954660416,0.0013353052781894803,0.8187869787216187
2,0.02945125661790371,0.07114330679178238,0.14066925644874573,-0.11781475692987442,2.0610387325286865,2.4156289054952595,603.562781208783,0.8900572061538696,0.06378479301929474,0.046157680451869965,0.04318912699818611,0.001149142743088305,0.8284541368484497
3,0.03185049071907997,0.09597404301166534,0.1737375557422638,-0.13492487370967865,2.1688647270202637,3.013267326244334,595.7551331737757,0.8856475949287415,0.07337401807308197,0.04097648337483406,0.04067157953977585,0.0010460671037435532,0.8213647603988647
4,0.028961772099137306,0.08820278197526932,0.15398603677749634,-0.143502876162529,2.271240234375,3.045489815688839,615.8791389233303,0.8766191005706787,0.08020022511482239,0.04318006709218025,0.04396887868642807,0.0012394883669912815,0.8125569820404053
5,0.02815997786819935,0.07572401314973831,0.1388281285762787,-0.13199590146541595,2.1833994388580322,2.6890650802876968,606.8762382606784,0.8841269016265869,0.07201098650693893,0.04386194050312042,0.04288138821721077,0.000918119796551764,0.8184235692024231
6,0.03007827140390873,0.08146467804908752,0.14998474717140198,-0.12151576578617096,2.0987281799316406,2.708422866208748,614.5831168316881,0.8826847672462463,0.07109227776527405,0.04621793329715729,0.040543872863054276,0.0009699962101876736,0.8236967325210571
7,0.0325176827609539,0.09318362921476364,0.17808115482330322,-0.1181555762887001,2.108161449432373,2.8656294452749154,602.1355815339896,0.8865538835525513,0.06868302077054977,0.04476313665509224,0.04148358479142189,0.0009074567933566868,0.8201223611831665
8,0.03181974217295647,0.0939345434308052,0.1779502034187317,-0.13146625459194183,2.1772563457489014,2.9520837383681853,622.8526964215472,0.8759735226631165,0.07740046828985214,0.04662472382187843,0.042947299778461456,0.0012849923223257065,0.8096953630447388
9,0.031020086258649826,0.07973271608352661,0.1578618288040161,-0.12876300513744354,2.132598638534546,2.5703576520108196,640.6325772891868,0.8692699074745178,0.08404450863599777,0.04668151214718819,0.04391978681087494,0.0013515916652977467,0.8052805662155151
10,0.032868411391973495,0.08610707521438599,0.16811661422252655,-0.13880358636379242,2.0955820083618164,2.6197516571425683,629.7049912474403,0.8786755800247192,0.07497391104698181,0.046317555010318756,0.041129935532808304,0.0013854586286470294,0.8210321068763733
11,0.02861737459897995,0.07883182168006897,0.1478353887796402,-0.14047393202781677,2.068068742752075,2.7546839212889993,595.0213831634951,0.89391028881073,0.0607888288795948,0.04530009999871254,0.042320266366004944,0.0014491630718111992,0.8324125409126282
12,0.0281993355602026,0.07926890254020691,0.1466389298439026,-0.13032442331314087,2.1060547828674316,2.8110202230887733,586.9730964468872,0.8909658193588257,0.0683021992444992,0.04073026776313782,0.04510071873664856,0.0019096819451078773,0.8250393271446228
13,0.033780016005039215,0.09409545361995697,0.17077744007110596,-0.13220711052417755,2.161450147628784,2.785536087464687,626.7274930583579,0.8763884902000427,0.080764539539814,0.04284662380814552,0.040209271013736725,0.0018006603932008147,0.8130761981010437
14,0.032826587557792664,0.08912105113267899,0.17222407460212708,-0.11005496233701706,2.1391189098358154,2.7149045258835547,641.8574310015987,0.8739567995071411,0.07770752161741257,0.048335231840610504,0.04352577403187752,0.0017272888217121363,0.8079522848129272
15,0.03324349224567413,0.11441249400377274,0.20089313387870789,-0.12111721932888031,2.2386136054992676,3.4416508697343375,660.956165512641,0.8640163540840149,0.08427204191684723,0.05171028897166252,0.042675573378801346,0.0013688975013792515,0.8034840822219849
16,0.03294019401073456,0.11195358633995056,0.20832198858261108,-0.13188137114048004,2.2278711795806885,3.3986923786808423,652.6717368879046,0.8654122352600098,0.08259884268045425,0.05197697877883911,0.041356220841407776,0.001077447202987969,0.7996522188186646
17,0.0277398768812418,0.08059938997030258,0.1507711112499237,-0.13235710561275482,2.129822254180908,2.9055424547287663,626.7795671880741,0.8731929063796997,0.0796450823545456,0.04713656008243561,0.04424390569329262,0.0011681565083563328,0.8120364546775818
18,0.03209808096289635,0.08396215736865997,0.15825143456459045,-0.14686702191829681,2.096078872680664,2.6157999122470876,628.6844680188665,0.8727432489395142,0.08059908449649811,0.04665543511509895,0.0415705107152462,0.001088749268092215,0.8065952658653259
19,0.030635274946689606,0.08565204590559006,0.16389654576778412,-0.12237779051065445,2.1304407119750977,2.7958634630125823,631.8146997542398,0.8760889768600464,0.0767923891544342,0.047113511711359024,0.0422636978328228,0.0008128331392072141,0.8160452842712402
20,0.032751988619565964,0.09142433106899261,0.18217380344867706,-0.1020699068903923,2.1385223865509033,2.791413129997991,619.5728886400336,0.8801358342170715,0.07544074952602386,0.044421177357435226,0.042253416031599045,0.0008282748167403042,0.8196070790290833
21,0.032232049852609634,0.08808784186840057,0.17574086785316467,-0.13225047290325165,2.1439309120178223,2.7329270793658726,625.8894770084661,0.8761955499649048,0.07792288810014725,0.04588063433766365,0.03983062878251076,0.0010906148236244917,0.8200339078903198
22,0.03074345551431179,0.10041188448667526,0.17387574911117554,-0.17201702296733856,2.211836099624634,3.2661222625630058,637.974752030457,0.8669208884239197,0.08835062384605408,0.04471777006983757,0.0418720580637455,0.0009072547545656562,0.8007979393005371
23,0.029653698205947876,0.09739423543214798,0.17561817169189453,-0.17319458723068237,2.284583568572998,3.2843874903039403,705.769784776333,0.845285952091217,0.09594584256410599,0.058768101036548615,0.041532963514328,0.0012701136292889714,0.7843092679977417
24,0.03239123150706291,0.08669876307249069,0.1732681691646576,-0.13904206454753876,2.2362165451049805,2.676612127294679,710.9313982009357,0.8482009768486023,0.09124232828617096,0.0605524480342865,0.04089260473847389,0.0014343052171170712,0.7886747717857361
25,0.033029139041900635,0.09213673323392868,0.17696812748908997,-0.15943576395511627,2.207775115966797,2.789559034955614,622.3980755899669,0.8763040900230408,0.08020906895399094,0.04348684474825859,0.04120231792330742,0.0015605650842189789,0.8183420896530151
26,0.03336765989661217,0.09243569523096085,0.1802314817905426,-0.1630679816007614,2.1446938514709473,2.770218094843854,597.7199566807985,0.8908056616783142,0.06326378136873245,0.04592983052134514,0.04408583045005798,0.0012713997857645154,0.8265212774276733
27,0.03178506717085838,0.08291108906269073,0.15911205112934113,-0.12815435230731964,2.1079959869384766,2.6084918623704505,609.2102338967064,0.887319028377533,0.06553194671869278,0.04714486747980118,0.04376649856567383,0.0015479521825909615,0.8195862174034119
28,0.032918501645326614,0.09226691722869873,0.180037260055542,-0.1275256872177124,2.139491558074951,2.802889336216031,597.6295365417843,0.8837276101112366,0.07596094906330109,0.040311433374881744,0.03997185081243515,0.0013608088484033942,0.8225817680358887
29,0.03195047378540039,0.08783292770385742,0.1734408438205719,-0.1334109753370285,2.1414389610290527,2.7490336541188696,600.9212390400331,0.8773822784423828,0.0846349447965622,0.037973418831825256,0.04311119019985199,0.0016505587846040726,0.8118308186531067
30,0.02839536964893341,0.07755474001169205,0.15259763598442078,-0.117558553814888,2.1855251789093018,2.7312460083390366,643.4512733409216,0.8630363345146179,0.09221913665533066,0.044742401689291,0.03988251835107803,0.001500966725870967,0.8054667711257935
31,0.029138265177607536,0.0838615819811821,0.16269569098949432,-0.13322433829307556,2.1436307430267334,2.878056791203576,634.3003480661413,0.8699772357940674,0.08443275839090347,0.04558848589658737,0.04002515599131584,0.0014132099458947778,0.8093422651290894
32,0.0294448584318161,0.08675161004066467,0.16150130331516266,-0.15008002519607544,2.174713611602783,2.9462396716426587,677.5154271443026,0.8574016690254211,0.08731572329998016,0.055281076580286026,0.043426692485809326,0.0014694967539981008,0.7944028973579407
33,0.02855272963643074,0.07784827798604965,0.1490934193134308,-0.13662230968475342,2.201866626739502,2.7264741050885624,684.4221596097442,0.8526297807693481,0.09346624463796616,0.0538964681327343,0.040585391223430634,0.0012068123323842883,0.7884780168533325
34,0.03112035058438778,0.09191349893808365,0.16506057977676392,-0.13238643109798431,2.176419734954834,2.95348533063251,617.7032330396779,0.8731970191001892,0.08647313714027405,0.040329717099666595,0.04212251678109169,0.0009510924573987722,0.8141738176345825
35,0.031137511134147644,0.08856695890426636,0.17209270596504211,-0.12214925140142441,2.1791696548461914,2.844381444613698,636.3436597349775,0.8650482892990112,0.09169070422649384,0.04326013848185539,0.039853692054748535,0.0006986178923398256,0.8032328486442566
36,0.034315381199121475,0.09189151227474213,0.18098631501197815,-0.12528876960277557,2.170045852661133,2.6778520028335526,640.932618629187,0.8646344542503357,0.09085015207529068,0.044509030878543854,0.04073278233408928,0.0009344450081698596,0.8071566820144653
37,0.03298201039433479,0.08738196641206741,0.16976547241210938,-0.14451712369918823,2.1474404335021973,2.6493826593550325,609.6430988487768,0.8773466944694519,0.08119096606969833,0.04145779460668564,0.043259210884571075,0.0008461253601126373,0.80996173620224
38,0.03202638775110245,0.08746769279241562,0.16873988509178162,-0.17494507133960724,2.147041082382202,2.7311132766346278,620.886351065852,0.8766328692436218,0.07870635390281677,0.04466089978814125,0.04098150506615639,0.0012400033883750439,0.8116442561149597
39,0.027777062729001045,0.07259634137153625,0.14273300766944885,-0.13308727741241455,2.1338388919830322,2.613535566275964,646.1365924613864,0.8716055154800415,0.07894057780504227,0.04945329576730728,0.04314982146024704,0.0010812276741489768,0.8096111416816711
40,0.029813047498464584,0.07691492140293121,0.1537827104330063,-0.13377700746059418,2.141974925994873,2.579908055501959,649.611945196326,0.8654444217681885,0.08926976472139359,0.045284535735845566,0.041260335594415665,0.001416381448507309,0.8073868155479431
41,0.031179552897810936,0.08153203874826431,0.15552261471748352,-0.14358332753181458,2.1382250785827637,2.614920073192378,622.2394542994812,0.8668823838233948,0.09646593779325485,0.0366516076028347,0.043691281229257584,0.0013175681233406067,0.80290687084198
42,0.02953326888382435,0.0971347987651825,0.1683463454246521,-0.1534663885831833,2.217207431793213,3.2889958488508246,637.5861200026019,0.8664759397506714,0.08940132707357407,0.04412129521369934,0.04414774850010872,0.0015432372456416488,0.7985377907752991
43,0.03357485309243202,0.10806398093700409,0.1817849576473236,-0.13929294049739838,2.192704439163208,3.2185987720120144,635.3909997525635,0.8744804263114929,0.07688810676336288,0.048629939556121826,0.03984306380152702,0.0017685543280094862,0.8078489303588867
44,0.03434666246175766,0.10117197781801224,0.19173592329025269,-0.11280214786529541,2.087172746658325,2.945613068743252,621.9695843361804,0.8793690800666809,0.07405982166528702,0.04656919091939926,0.04460928961634636,0.0018345582066103816,0.8110026717185974
45,0.02800949104130268,0.07338855415582657,0.1436983048915863,-0.11554840952157974,2.112727642059326,2.620131656265656,630.5538250547041,0.870659351348877,0.08536612242460251,0.04396870359778404,0.03978203609585762,0.0016170719172805548,0.8141269683837891
46,0.028932038694620132,0.07409787178039551,0.14531823992729187,-0.13069507479667664,2.126603841781616,2.5611009497098727,635.7408983457693,0.860243558883667,0.09828125685453415,0.04147208482027054,0.040347225964069366,0.0013940193457528949,0.7979148030281067
47,0.02974001318216324,0.07706672698259354,0.15158869326114655,-0.1205834299325943,2.138963460922241,2.5913481109760723,633.3461351575614,0.8591447472572327,0.0994117259979248,0.04142189398407936,0.043597590178251266,0.0011481379624456167,0.7970872521400452
48,0.03010350465774536,0.08090263605117798,0.1570347249507904,-0.12748028337955475,2.1486499309539795,2.6874823037481446,640.9702279828695,0.8587051630020142,0.09692992269992828,0.04436473920941353,0.03861057385802269,0.0012874299427494407,0.798328161239624
49,0.029647167772054672,0.07805819809436798,0.15585701167583466,-0.14504608511924744,2.1438755989074707,2.6329057362879866,647.2329485953078,0.8604872822761536,0.09446543455123901,0.04504641517996788,0.04325951263308525,0.0009682814707048237,0.7991194725036621
50,0.03067586198449135,0.07920283824205399,0.15612545609474182,-0.11815547198057175,2.121157169342041,2.5819270630280666,610.7227780234296,0.878521740436554,0.08086715638637543,0.040611039847135544,0.04361460357904434,0.0008634200203232467,0.8129010796546936
51,0.029161766171455383,0.077484630048275,0.14683286845684052,-0.12321007996797562,2.121417999267578,2.657062318861289,615.2924007201402,0.8813871145248413,0.0739806741476059,0.044631898403167725,0.041780002415180206,0.0007522961241193116,0.8218153119087219
52,0.028392190113663673,0.07736802846193314,0.14185023307800293,-0.14155671000480652,2.1197800636291504,2.7249757116121516,617.9217988280152,0.8797813057899475,0.07499682158231735,0.045221228152513504,0.042467646300792694,0.0006162305362522602,0.8121306300163269
53,0.033687774091959,0.09063601493835449,0.17258131504058838,-0.13381631672382355,2.114582061767578,2.6904720593367464,601.9690312203645,0.8795173168182373,0.08178374916315079,0.03869611769914627,0.0403532050549984,0.000957468175329268,0.818385899066925
54,0.03104555793106556,0.07908260822296143,0.1552063524723053,-0.11379922926425934,2.110400915145874,2.5473083265571,588.4921710633541,0.8835489749908447,0.07911510765552521,0.03733563795685768,0.04286040738224983,0.0011948704486712813,0.8204596638679504
55,0.03310715779662132,0.0933038592338562,0.1712489128112793,-0.15422089397907257,2.110102891921997,2.818238273554243,584.7486782800387,0.8900363445281982,0.06966307759284973,0.040293868631124496,0.04021609574556351,0.001248511136509478,0.8328246474266052
56,0.032572850584983826,0.09521741420030594,0.1696140468120575,-0.16637960076332092,2.147732734680176,2.9232140413672676,605.8991964108546,0.8861140608787537,0.0690283328294754,0.04485562816262245,0.04173945635557175,0.001080766087397933,0.8243204355239868
57,0.030815429985523224,0.08902949094772339,0.15879976749420166,-0.137697234749794,2.1223955154418945,2.8891205148414096,616.0902103941248,0.8801290392875671,0.07644489407539368,0.043421585112810135,0.04484478756785393,0.001377229462377727,0.8088917136192322
58,0.03175639361143112,0.0894826203584671,0.16346651315689087,-0.13952358067035675,2.0870330333709717,2.817782820384205,608.1150442142996,0.8756759166717529,0.0843527540564537,0.03996529430150986,0.04262299835681915,0.0014361843932420015,0.8116486072540283
59,0.0330607034265995,0.09303996711969376,0.1828591227531433,-0.13418011367321014,2.1367151737213135,2.8142161984981477,654.4715389886187,0.860466480255127,0.08800498396158218,0.05152643099427223,0.04435368999838829,0.0017922838451340795,0.7974027991294861
60,0.03377506136894226,0.08884868025779724,0.17581212520599365,-0.12728312611579895,2.150308132171631,2.6306001130427887,650.0653363061119,0.8648346662521362,0.08626730740070343,0.04889088124036789,0.0393061526119709,0.0015752726467326283,0.8104049563407898
61,0.029736412689089775,0.08109740167856216,0.15264496207237244,-0.15560422837734222,2.1839141845703125,2.7272086422714135,635.8104843410387,0.8703097701072693,0.08470246940851212,0.04495774582028389,0.042164333164691925,0.0014940727269276977,0.8079017400741577
62,0.03096436709165573,0.08632228523492813,0.15647117793560028,-0.16111284494400024,2.178588628768921,2.787794272578639,606.2647485109067,0.8829451203346252,0.07477264106273651,0.04228219389915466,0.044257331639528275,0.0015213191509246826,0.8181071281433105
63,0.02971167117357254,0.09532274305820465,0.16092875599861145,-0.1594552993774414,2.1538984775543213,3.208259222382029,605.9018369937157,0.8850253224372864,0.06982281804084778,0.04513955116271973,0.03992053121328354,0.001441987114958465,0.8174548149108887
64,0.030062606558203697,0.09474692493677139,0.16788551211357117,-0.16001838445663452,2.1395745277404785,3.1516536914449467,634.0438459834929,0.8692044615745544,0.08490993082523346,0.04588513448834419,0.04240640252828598,0.0012166177621111274,0.8082150816917419
65,0.027864152565598488,0.07642599940299988,0.14531181752681732,-0.14121732115745544,2.086916923522949,2.7428072402465165,616.1268242487824,0.869835615158081,0.09254888445138931,0.03761161118745804,0.04125893861055374,0.0010143272811546922,0.8072436451911926
66,0.027329718694090843,0.06898493319749832,0.13323041796684265,-0.13042113184928894,2.0925121307373047,2.524172823260339,620.5905201068407,0.8757836222648621,0.08102818578481674,0.04318247735500336,0.044099945574998856,0.0010930408025160432,0.8133098483085632
67,0.02905738353729248,0.07853595167398453,0.1468699723482132,-0.12753497064113617,2.0822572708129883,2.7027881423146054,603.4964332607569,0.8902962803840637,0.06209836155176163,0.04760221019387245,0.04492297023534775,0.0007996775093488395,0.8231719732284546
68,0.03077930584549904,0.08583761751651764,0.15503793954849243,-0.15338368713855743,2.088437557220459,2.7888094015051075,590.4387501184575,0.8943443894386292,0.0633612647652626,0.04229355230927467,0.04366534203290939,0.000970269669778645,0.8288532495498657
69,0.030432017520070076,0.08985017240047455,0.1651182472705841,-0.1603395789861679,2.115712881088257,2.952488192354168,596.6188049601561,0.8898541927337646,0.06985557824373245,0.040288496762514114,0.04299458861351013,0.0009487709612585604,0.8286447525024414
70,0.033043473958969116,0.09512726217508316,0.1760866492986679,-0.16363973915576935,2.112271308898926,2.8788517300065406,597.142546235265,0.886390209197998,0.07338361442089081,0.04022359848022461,0.04014367237687111,0.0014764682855457067,0.8303704261779785
71,0.030658455565571785,0.08008500188589096,0.15011516213417053,-0.1535303145647049,2.101604700088501,2.612166869005986,608.4383854545969,0.8747332096099854,0.0882854089140892,0.03697438910603523,0.041882824152708054,0.0013283001026138663,0.8115257620811462
72,0.03230676427483559,0.09631984680891037,0.17050069570541382,-0.1187082976102829,2.097285032272339,2.9814142322186843,616.89441931813,0.8712694048881531,0.09063810855150223,0.038088999688625336,0.041235409677028656,0.0015274554025381804,0.8084609508514404
73,0.03149445354938507,0.09767099469900131,0.16734951734542847,-0.14106300473213196,2.1338233947753906,3.1012125529578247,612.5377355199764,0.8789566159248352,0.07825580984354019,0.04278188198804855,0.04332893341779709,0.0013791467063128948,0.810152530670166
74,0.03019505739212036,0.0797543004155159,0.15559101104736328,-0.1334313601255417,2.080979108810425,2.641303156909618,606.8297834323099,0.884448230266571,0.07123275101184845,0.04431498423218727,0.045408375561237335,0.0018600430339574814,0.813731849193573
75,0.03375578671693802,0.09193959832191467,0.17407307028770447,-0.1220293939113617,2.0756418704986572,2.7236692508504756,618.8293565672209,0.8753818869590759,0.08329439163208008,0.04131774976849556,0.040786512196063995,0.0014958633109927177,0.8199840188026428
76,0.033674243837594986,0.09582950919866562,0.18092644214630127,-0.14124040305614471,2.171616792678833,2.8457805810871024,655.3141390807435,0.8603782653808594,0.09229928255081177,0.047322455793619156,0.04463060945272446,0.0013931447174400091,0.7931506633758545
77,0.03338586539030075,0.09369806945323944,0.1821936070919037,-0.11388623714447021,2.1670284271240234,2.8065191168491936,660.8937552736531,0.8644705414772034,0.08183937519788742,0.053681764751672745,0.0408826507627964,0.0011300895130261779,0.8031871318817139
78,0.033014971762895584,0.0914098396897316,0.18008464574813843,-0.10855089128017426,2.151826858520508,2.7687389934313167,639.2733518641357,0.8719469308853149,0.07762796431779861,0.050423700362443924,0.038370825350284576,0.0010852320119738579,0.8099145889282227
79,0.03160626441240311,0.08714305609464645,0.16204817593097687,-0.13745704293251038,2.1410765647888184,2.7571450695607087,623.0140994133113,0.8766158819198608,0.07892507314682007,0.04445824772119522,0.044247642159461975,0.0012719029327854514,0.8112427592277527
80,0.03005322813987732,0.07938402146100998,0.14995354413986206,-0.12891872227191925,2.120976686477661,2.6414474042152793,634.4069716657873,0.8732467293739319,0.07992479205131531,0.04682847857475281,0.04186852276325226,0.0013175674248486757,0.8130897879600525
81,0.030016617849469185,0.08033282309770584,0.15194116532802582,-0.13082747161388397,2.164034128189087,2.6762783035014777,658.0709731437814,0.8672531247138977,0.08013205230236053,0.052601467818021774,0.04408205673098564,0.001121131586842239,0.8067657351493835
82,0.030260488390922546,0.10351631045341492,0.16926203668117523,-0.16831669211387634,2.2293577194213867,3.420840705302252,672.7531118499033,0.8634963035583496,0.08145745098590851,0.05503888800740242,0.04268362745642662,0.0005774149904027581,0.7942378520965576
83,0.03087129257619381,0.10465551167726517,0.1733776330947876,-0.16463331878185272,2.2083616256713867,3.3900592732090367,672.27106481124,0.8572391271591187,0.09382621198892593,0.048934582620859146,0.04082617163658142,0.0009152005077339709,0.797093391418457
84,0.029114078730344772,0.07768309861421585,0.14937058091163635,-0.11340492218732834,2.133349657058716,2.668231384927209,634.8858290960835,0.8663647174835205,0.09210853278636932,0.04151734337210655,0.04212421923875809,0.0006748088053427637,0.8025490045547485
85,0.031355563551187515,0.08506035059690475,0.1601543426513672,-0.12604981660842896,2.1193528175354004,2.712767399486607,637.5322905175452,0.8689292669296265,0.08449292927980423,0.046574439853429794,0.040961600840091705,0.00100271578412503,0.8096372485160828
86,0.028705786913633347,0.07358487695455551,0.13953712582588196,-0.1419142335653305,2.096193313598633,2.5634161214038746,635.5853599789001,0.8753953576087952,0.07506478577852249,0.04952947050333023,0.04472259059548378,0.0012399391271173954,0.8092913627624512
87,0.028402801603078842,0.07171425223350525,0.14259247481822968,-0.12963581085205078,2.093174457550049,2.524900650054415,620.1621946711988,0.8835087418556213,0.06989507377147675,0.04659484326839447,0.04187516123056412,0.0011851659510284662,0.8155789375305176
88,0.02915811352431774,0.09712278842926025,0.1790473759174347,-0.12491275370121002,2.1708920001983643,3.330900963292065,641.380032652199,0.8687431812286377,0.08592440187931061,0.04533148556947708,0.04199466109275818,0.001306217280216515,0.8025319576263428
89,0.03274090588092804,0.10944155603647232,0.2011055052280426,-0.13253742456436157,2.1840219497680664,3.3426551003550777,622.8470970817351,0.8725838661193848,0.08553505688905716,0.04188103228807449,0.04326711222529411,0.0019247548189014196,0.8100106120109558
90,0.029048977419734,0.08509985357522964,0.16635647416114807,-0.1494729220867157,2.1836202144622803,2.929530094731967,639.8216910097037,0.8684200048446655,0.08542720973491669,0.04615270718932152,0.04148660972714424,0.00146250962279737,0.8101544380187988
91,0.03284508362412453,0.09178736805915833,0.17771083116531372,-0.1430286467075348,2.112060070037842,2.794554250699075,631.0911868181532,0.8766707181930542,0.07542845606803894,0.04789302870631218,0.04564278572797775,0.0014122879365459085,0.8096067309379578
92,0.03265289217233658,0.09438657015562057,0.16634410619735718,-0.14503051340579987,2.1195292472839355,2.890603676224857,599.4135661550284,0.889216959476471,0.0691637247800827,0.041619326919317245,0.041362080723047256,0.001207647263072431,0.8241271376609802
93,0.030020810663700104,0.08420669287443161,0.15591458976268768,-0.1576295644044876,2.1647608280181885,2.804944004175272,625.2456001087739,0.8819073438644409,0.07114224135875702,0.046947378665208817,0.038292400538921356,0.0010829884558916092,0.8156353235244751
94,0.03047219105064869,0.08499394357204437,0.16068241000175476,-0.17411094903945923,2.1748485565185547,2.7892298072030433,640.3586108803646,0.8770374655723572,0.07343477755784988,0.04952762648463249,0.04277777671813965,0.0009511637617833912,0.8159414529800415
95,0.03153481334447861,0.08746922016143799,0.16660940647125244,-0.16287323832511902,2.180103063583374,2.773735147983019,628.077063075443,0.8736966848373413,0.08255635201931,0.04374650493264198,0.040996965020895004,0.0012957704020664096,0.8109428286552429
96,0.028031889349222183,0.09297799319028854,0.1611081063747406,-0.1507875621318817,2.2091469764709473,3.316865018573983,637.879316024628,0.8696585893630981,0.08512463420629501,0.04521090164780617,0.04240649938583374,0.0011679065646603703,0.8108711242675781
97,0.029945634305477142,0.09887927770614624,0.17143967747688293,-0.14945174753665924,2.255845785140991,3.3019597011761737,653.2122979696411,0.8634339570999146,0.08917692303657532,0.04736746475100517,0.04364173114299774,0.0008571181097067893,0.7973925471305847
98,0.031161611899733543,0.0929579883813858,0.16598188877105713,-0.12770234048366547,2.2327451705932617,2.983093065837123,636.4792586415323,0.8732929229736328,0.07756983488798141,0.049137212336063385,0.041033703833818436,0.0008058722596615553,0.813787043094635
99,0.03382460027933121,0.09808796644210815,0.1807919144630432,-0.11696064472198486,2.1672911643981934,2.899900239150666,648.0346347059498,0.8712551593780518,0.07697463035583496,0.05175436660647392,0.04150255024433136,0.0009166451054625213,0.806006908416748
100,0.02959694154560566,0.08543907105922699,0.15552456676959991,-0.13448573648929596,2.1459462642669678,2.8867533804020913,633.7461293609937,0.8709731101989746,0.08422576636075974,0.044794317334890366,0.043006353080272675,0.0010391081450507045,0.8102992177009583
101,0.028004562482237816,0.08954329788684845,0.15716895461082458,-0.14558006823062897,2.1601171493530273,3.197453912748852,622.6927808417007,0.8752657771110535,0.08254843205213547,0.042185571044683456,0.0427422933280468,0.0011608409695327282,0.8112035393714905
102,0.03379693627357483,0.10661593079566956,0.1885223686695099,-0.13993702828884125,2.139754056930542,3.154603421135421,623.3468446546879,0.8758427500724792,0.0814310610294342,0.042719852179288864,0.0413508415222168,0.0013198246015235782,0.8130447864532471
103,0.030035119503736496,0.09308433532714844,0.16405487060546875,-0.14085648953914642,2.1376402378082275,3.099183118364792,611.3857132250632,0.8825415968894958,0.07458105683326721,0.04287534952163696,0.04158889502286911,0.0010391947580501437,0.8213866353034973
104,0.029374975711107254,0.09356586635112762,0.16430413722991943,-0.12522457540035248,2.146988868713379,3.1852236157786273,629.0388927091514,0.8775415420532227,0.07422958314418793,0.04822457581758499,0.0435507707297802,0.001899968832731247,0.8111576437950134
105,0.030562765896320343,0.08124261349439621,0.1551416665315628,-0.10195048153400421,2.0947771072387695,2.658221895470506,614.0389616187977,0.8784160017967224,0.07619819045066833,0.045385707169771194,0.04321484640240669,0.0016976436600089073,0.8192316889762878
106,0.02741064503788948,0.07386396080255508,0.14202818274497986,-0.1301751732826233,2.11838960647583,2.6947180811600346,607.6911702665649,0.8831416964530945,0.07092969119548798,0.04590488597750664,0.046215977519750595,0.0019543201196938753,0.8152728080749512
107,0.032404106110334396,0.11371245235204697,0.19951856136322021,-0.1371857076883316,2.1916346549987793,3.5091988639141114,671.0573956658947,0.8646138310432434,0.07794392853975296,0.057435233145952225,0.04316219687461853,0.001924328156746924,0.7977747321128845
108,0.03375528007745743,0.11328142881393433,0.21063904464244843,-0.15793995559215546,2.2135889530181885,3.355961750299041,685.613461597722,0.8541224002838135,0.08939848095178604,0.05647900700569153,0.04051203280687332,0.0011590755311772227,0.7917308211326599
109,0.032479554414749146,0.09658446907997131,0.17225144803524017,-0.16197143495082855,2.2276957035064697,2.973700557700326,682.9879234449888,0.8557763695716858,0.08937408030033112,0.05484950169920921,0.043055687099695206,0.0012044019531458616,0.7941017746925354
110,0.028285302221775055,0.08301415294408798,0.14710110425949097,-0.11462855339050293,2.1317100524902344,2.9348865460325815,661.7609280938833,0.8674582839012146,0.08094871044158936,0.05158969387412071,0.03934105858206749,0.0011245639761909842,0.8077507615089417
111,0.03251839801669121,0.10372371971607208,0.19821615517139435,-0.0953955352306366,2.0815021991729736,3.1896934055497614,668.1060231369927,0.8695213198661804,0.07514895498752594,0.05532924458384514,0.04100337624549866,0.000975391361862421,0.813203752040863
112,0.0314624197781086,0.10068310797214508,0.19208186864852905,-0.11862208694219589,2.2022860050201416,3.2001069427914697,694.2462602377041,0.8528304100036621,0.08975852280855179,0.057407137006521225,0.04023268073797226,0.0007321563316509128,0.7871933579444885
113,0.03173437714576721,0.0869789570569992,0.16025835275650024,-0.13801854848861694,2.1850156784057617,2.7408433653741895,635.4800997680205,0.8663589954376221,0.08911657333374023,0.04451587051153183,0.039422210305929184,0.0008439490920864046,0.810647189617157
114,0.029953034594655037,0.07883408665657043,0.14363864064216614,-0.13074156641960144,2.1636176109313965,2.6319231997951236,646.4569912641183,0.8623760938644409,0.08869995176792145,0.0489126481115818,0.04046684131026268,0.0009204711532220244,0.799295961856842
115,0.03211440145969391,0.08679647743701935,0.16323955357074738,-0.12940366566181183,2.2203705310821533,2.7027275455609225,642.248068850792,0.864310085773468,0.09074793756008148,0.044941920787096024,0.043051477521657944,0.001038150629028678,0.8003429770469666
116,0.0292043536901474,0.08394487202167511,0.15429314970970154,-0.12404318153858185,2.200035333633423,2.8743958147281647,649.3145458864743,0.8681942224502563,0.08216138184070587,0.04964349418878555,0.04555204510688782,0.0012808152241632342,0.8017878532409668
117,0.028632191941142082,0.08170639723539352,0.15045243501663208,-0.13858824968338013,2.1471617221832275,2.8536549838901633,658.4496211755878,0.8655017018318176,0.079928919672966,0.0545692965388298,0.04289234057068825,0.0013656256487593055,0.8021264672279358
118,0.030476421117782593,0.07872086018323898,0.15299324691295624,-0.13004636764526367,2.132331132888794,2.583008676656046,609.1489687622599,0.8811438679695129,0.07450909912586212,0.04434642195701599,0.042598336935043335,0.001239674398675561,0.8187513947486877
119,0.03050859086215496,0.07764974236488342,0.1516936719417572,-0.132452130317688,2.1553916931152344,2.545176298478621,618.8041491315208,0.8779485821723938,0.07871747761964798,0.04333296790719032,0.04186222702264786,0.001272329012863338,0.8154496550559998
120,0.03134842589497566,0.08947735279798508,0.1640782207250595,-0.13247714936733246,2.1577813625335693,2.854285350559554,633.0838363427648,0.8730327486991882,0.08025389164686203,0.04671124368906021,0.040644966065883636,0.001263907877728343,0.814186692237854
121,0.028383078053593636,0.08351077139377594,0.14744535088539124,-0.14154581725597382,2.1590445041656494,2.9422732528567392,651.1291028027428,0.8655216097831726,0.081691212952137,0.05277750641107559,0.046564288437366486,0.0018288048449903727,0.7960237264633179
122,0.03003806248307228,0.07830441743135452,0.15010687708854675,-0.13903945684432983,2.141829490661621,2.606839821072865,636.2955634917272,0.8734775185585022,0.07712967693805695,0.04939277842640877,0.042189765721559525,0.0017431279411539435,0.8092638850212097
123,0.0315413735806942,0.08121876418590546,0.15538321435451508,-0.13030092418193817,2.102962017059326,2.5749913514560046,569.2988125957429,0.8999360799789429,0.062401216477155685,0.03765958920121193,0.04037931188941002,0.001399384462274611,0.8355635404586792
124,0.028751472011208534,0.07699745893478394,0.1499117910861969,-0.12391090393066406,2.179276704788208,2.678035368140075,623.561739716449,0.8801305890083313,0.07346142083406448,0.046407923102378845,0.04410182312130928,0.0011801156215369701,0.8182550072669983
125,0.028405703604221344,0.07675901800394058,0.14884144067764282,-0.1422860324382782,2.2407307624816895,2.7022396301365075,653.5890506303397,0.8636094927787781,0.08849363774061203,0.04788919538259506,0.04005612060427666,0.0013379198499023914,0.8031603097915649
126,0.03295429050922394,0.0934257060289383,0.175420343875885,-0.1519901305437088,2.2148611545562744,2.8350088738810304,617.6813129599622,0.8701794147491455,0.089606374502182,0.040200021117925644,0.04343928396701813,0.0012226459803059697,0.8081175088882446
127,0.0332961268723011,0.09388416260480881,0.17494699358940125,-0.1270550638437271,2.1683897972106934,2.819672178750945,632.5010670696319,0.8716118931770325,0.0815441682934761,0.04683895409107208,0.0409395657479763,0.0008473993511870503,0.8056136965751648
128,0.031961165368556976,0.08725842088460922,0.16023316979408264,-0.11392354220151901,2.1051599979400635,2.7301389006210304,626.4931452552322,0.8800459504127502,0.0717025101184845,0.048251502215862274,0.039555054157972336,0.000783875526394695,0.822121262550354
129,0.03201015666127205,0.08008921891450882,0.15509605407714844,-0.12222404778003693,2.1333398818969727,2.5019939689612305,628.6868740199182,0.8741915822029114,0.0781206488609314,0.047685861587524414,0.043839093297719955,0.0010730295907706022,0.805763840675354
130,0.0327671617269516,0.08583272248506546,0.1594277322292328,-0.1348351389169693,2.1628224849700928,2.619473825584563,620.2957836566683,0.8742263317108154,0.08081050962209702,0.04493393003940582,0.042239848524332047,0.0014464214909821749,0.8123112916946411
131,0.029878519475460052,0.08962801098823547,0.16419580578804016,-0.1425125002861023,2.2145707607269287,2.9997473957452736,637.9030124594448,0.86379075050354,0.09200054407119751,0.044199127703905106,0.044563472270965576,0.0010663201101124287,0.7972144484519958
132,0.031487055122852325,0.09300436079502106,0.17090445756912231,-0.14227519929409027,2.217726230621338,2.9537332224050274,675.3271219113855,0.8503648638725281,0.10146185755729675,0.048173218965530396,0.04132499545812607,0.001680021290667355,0.790627121925354
133,0.03226526081562042,0.08395637571811676,0.15750432014465332,-0.13063280284404755,2.166386127471924,2.602067164288017,651.7921960122986,0.8647090792655945,0.08474288880825043,0.05054429918527603,0.042583148926496506,0.0013866475783288479,0.8020917773246765
134,0.032857365906238556,0.09087853133678436,0.1666659414768219,-0.14938154816627502,2.199242353439331,2.765849569114839,621.7868819202324,0.8778756260871887,0.07463304698467255,0.04749048501253128,0.044741757214069366,0.001403345144353807,0.8082372546195984
135,0.02772201970219612,0.07596158981323242,0.14027491211891174,-0.15123328566551208,2.214057683944702,2.7401174455003607,633.5718448895797,0.868989109992981,0.08603330701589584,0.0449766144156456,0.04205667972564697,0.0015959034208208323,0.8077191710472107
136,0.031724654138088226,0.10261696577072144,0.17743399739265442,-0.15954066812992096,2.174060821533203,3.2346125924911555,615.8862708002872,0.8740605115890503,0.08561895787715912,0.04032028466463089,0.046399105340242386,0.0018718255450949073,0.8031864166259766
137,0.03117350861430168,0.09996359795331955,0.17466436326503754,-0.15841037034988403,2.1497092247009277,3.206684213410995,609.2207027500006,0.8819339871406555,0.07610803842544556,0.041955482214689255,0.04083013907074928,0.0015009923372417688,0.8221132159233093
138,0.030484136193990707,0.08767657727003098,0.15934476256370544,-0.14720436930656433,2.1342661380767822,2.8761378281874492,610.1311726484689,0.8791496157646179,0.08131564408540726,0.03953472524881363,0.04047052934765816,0.0016995362238958478,0.8187741041183472
139,0.029313979670405388,0.08646481484174728,0.1625460684299469,-0.1332506388425827,2.180975914001465,2.9496102477716546,625.8787022034738,0.8743818402290344,0.08300525695085526,0.042610496282577515,0.043505601584911346,0.0011699493043124676,0.8136306405067444
140,0.032687295228242874,0.09830352663993835,0.18462246656417847,-0.14953581988811493,2.2369797229766846,3.0073925037392986,671.8101950822409,0.8628336191177368,0.08224990963935852,0.054896023124456406,0.039976052939891815,0.0014139785198494792,0.7996452450752258
141,0.03257900848984718,0.09983771294355392,0.17086631059646606,-0.14738857746124268,2.171576738357544,3.0644797852458447,669.9670942035845,0.867031455039978,0.07666090130805969,0.05630427971482277,0.04533427953720093,0.001432657241821289,0.8018916845321655
142,0.02797936089336872,0.07621575146913528,0.14839740097522736,-0.12539267539978027,2.118105888366699,2.7239990133039416,657.734370671469,0.8719050884246826,0.0704190582036972,0.05765248090028763,0.04276520758867264,0.0010085373651236296,0.8027159571647644
143,0.02929406799376011,0.07599376887083054,0.14863312244415283,-0.1309056431055069,2.104890823364258,2.594169197819289,654.3085111244548,0.8627553582191467,0.08416987210512161,0.05307424068450928,0.038627270609140396,0.0007344043115153909,0.8051721453666687
144,0.033772632479667664,0.08798328042030334,0.17231327295303345,-0.12007144838571548,2.1256632804870605,2.605165009587786,661.3899812739774,0.8603344559669495,0.08891505748033524,0.050750330090522766,0.03831220418214798,0.0007911339635029435,0.8041267395019531
145,0.02873985283076763,0.0793972834944725,0.15798363089561462,-0.14878247678279877,2.2102785110473633,2.7626196960448812,680.2678577951979,0.8633478879928589,0.07787462323904037,0.058775994926691055,0.041334670037031174,0.001242598402313888,0.803666353225708
146,0.027684202417731285,0.07906932383775711,0.15278592705726624,-0.1492316722869873,2.2043259143829346,2.8561170967402827,661.9093215018354,0.8693959712982178,0.07409975677728653,0.05650392919778824,0.04551069438457489,0.0009846256580203772,0.803153395652771
147,0.032876066863536835,0.08699642866849899,0.1684150993824005,-0.1341371387243271,2.15811824798584,2.6461933243706044,638.2425782264049,0.8742194175720215,0.07459103316068649,0.051188547164201736,0.04141692444682121,0.001388265867717564,0.8161039352416992
148,0.03294140473008156,0.08385974913835526,0.16594840586185455,-0.13504458963871002,2.141115427017212,2.5457247443740663,624.669864496556,0.8750271797180176,0.07688809931278229,0.048082735389471054,0.04304681345820427,0.0013274579541757703,0.8087696433067322
149,0.03126185014843941,0.07960247248411179,0.15891560912132263,-0.11696527898311615,2.120072841644287,2.5463135452186036,636.3112849102249,0.8722260594367981,0.0792469009757042,0.04852697625756264,0.04262510687112808,0.0015190817648544908,0.8057315349578857
150,0.03336299955844879,0.08867918699979782,0.17326095700263977,-0.1355075240135193,2.1548831462860107,2.6580100162091944,641.7729623723577,0.8730303645133972,0.07445988804101944,0.05250982567667961,0.042490940541028976,0.0016588157741352916,0.8082278966903687
151,0.03233855217695236,0.08634629100561142,0.16885054111480713,-0.11104105412960052,2.135941505432129,2.6700728755717216,630.1520163807394,0.8791784048080444,0.06937294453382492,0.051448069512844086,0.04571918398141861,0.002071216469630599,0.8080083131790161
152,0.028417030349373817,0.07450035959482193,0.14379899203777313,-0.09071338921785355,2.094119071960449,2.6216799812033105,633.2471917797825,0.8819192051887512,0.06673695147037506,0.051343146711587906,0.038881078362464905,0.001694596721790731,0.8255967497825623
153,0.02910999022424221,0.07234242558479309,0.1389504224061966,-0.09884096682071686,2.089733362197876,2.4851408408259323,634.0709305623171,0.8760744333267212,0.077172189950943,0.04672863334417343,0.04124593734741211,0.001390816061757505,0.8129482865333557
154,0.03342195972800255,0.08046400547027588,0.15855354070663452,-0.107194684445858,2.0862061977386475,2.4075190719726614,613.7954938687084,0.8829822540283203,0.07359001040458679,0.0434257872402668,0.04127616435289383,0.0018285565311089158,0.8227870464324951
155,0.032446276396512985,0.09184657782316208,0.17188766598701477,-0.15217654407024384,2.178447961807251,2.8307278375463185,644.9250021511189,0.8688270449638367,0.08404164016246796,0.047131262719631195,0.04072478786110878,0.0017105599399656057,0.8079639077186584
156,0.03274589031934738,0.08899176865816116,0.16969019174575806,-0.15236173570156097,2.2066586017608643,2.7176469409617536,674.9132231324024,0.8558806777000427,0.09353803098201752,0.05058033764362335,0.045581649988889694,0.001262372243218124,0.7895346283912659
157,0.030552079901099205,0.09043747931718826,0.16500914096832275,-0.1187312975525856,2.1406025886535645,2.960108758781244,635.2702014480003,0.874905526638031,0.07537359744310379,0.049717504531145096,0.040873922407627106,0.001075534033589065,0.8113178014755249
158,0.028957916423678398,0.08281662315130234,0.1523735523223877,-0.10714897513389587,2.11883807182312,2.859895785897244,613.0349071147369,0.8882444500923157,0.06123292073607445,0.05051828920841217,0.04049987718462944,0.00103692093398422,0.8301661610603333
159,0.03394952416419983,0.09271638840436935,0.1747271716594696,-0.10483108460903168,2.1191649436950684,2.7310070077332296,604.2221973203801,0.8870927095413208,0.06702443212270737,0.04585225135087967,0.0434735044836998,0.0007883040234446526,0.8215681314468384
160,0.028308728709816933,0.07823880761861801,0.14586865901947021,-0.13932658731937408,2.1640384197235107,2.7637697339874716,620.7159268216365,0.8700034022331238,0.08842773735523224,0.04156852886080742,0.043211616575717926,0.0008747284300625324,0.8100348114967346
161,0.02787167951464653,0.0754983127117157,0.1468689739704132,-0.11977973580360413,2.203139543533325,2.7087823203956063,635.7196683740716,0.8652341365814209,0.08978360891342163,0.04497325420379639,0.04299727454781532,0.0011211748933419585,0.7990725040435791
162,0.03339316323399544,0.08429855853319168,0.16843640804290771,-0.11910789459943771,2.1886329650878906,2.5244256718048295,649.4616850010979,0.8697911500930786,0.07938020676374435,0.050827838480472565,0.0405748151242733,0.0014178919373080134,0.8085930347442627
163,0.03251625597476959,0.08309821784496307,0.16057947278022766,-0.1206870898604393,2.1038765907287598,2.5555899764993257,638.7133206947304,0.8739911913871765,0.07748771458864212,0.04851541295647621,0.04447489604353905,0.0016002970514819026,0.8063386082649231
164,0.033050671219825745,0.08687765896320343,0.16221684217453003,-0.12395057082176208,2.072749137878418,2.6286201082796907,635.4999318949795,0.8731876015663147,0.08065739274024963,0.04615484178066254,0.04290401563048363,0.0016219345852732658,0.806706428527832
165,0.03082140162587166,0.08946198970079422,0.17342033982276917,-0.13943396508693695,2.1361474990844727,2.9025931650946313,651.4557430164981,0.8708947896957397,0.07645575702190399,0.052649401128292084,0.04351123422384262,0.0017516033258289099,0.8052915930747986
166,0.031827036291360855,0.09212758392095566,0.17762917280197144,-0.1322738081216812,2.1306564807891846,2.894632823322861,632.6877681221225,0.8758676052093506,0.07355271279811859,0.05057911574840546,0.04643573611974716,0.0018721746746450663,0.8087458610534668
167,0.033665455877780914,0.0873539075255394,0.17198988795280457,-0.11522214859724045,2.077634811401367,2.594763838638464,621.2707823336614,0.8811901807785034,0.07023422420024872,0.04856983199715614,0.03954465314745903,0.0015575372381135821,0.8246660828590393
168,0.031745459884405136,0.08952169120311737,0.16945530474185944,-0.11757319420576096,2.096158504486084,2.8199840709907202,612.2328970169228,0.8890128135681152,0.06089072301983833,0.0500938817858696,0.04113457351922989,0.0015797008527442813,0.8260070085525513
169,0.031214982271194458,0.08811946213245392,0.1593610942363739,-0.12749607861042023,2.124940872192383,2.8229861341599602,643.516829393165,0.8791208267211914,0.06429947912693024,0.05657960847020149,0.040595561265945435,0.0013673253124579787,0.8200395703315735
170,0.030357977375388145,0.09002570807933807,0.1753992736339569,-0.1266733855009079,2.1745922565460205,2.965471215791812,710.037086499485,0.8596144914627075,0.07013892382383347,0.07024610042572021,0.03994609788060188,0.001439852872863412,0.7952585816383362
171,0.030568711459636688,0.09551693499088287,0.1828259825706482,-0.16746725142002106,2.198453903198242,3.124663436137306,661.0672202379047,0.8772101402282715,0.061708543449640274,0.061079513281583786,0.044926393777132034,0.001477433368563652,0.8145923614501953
172,0.028443437069654465,0.08866777271032333,0.15484315156936646,-0.17606398463249207,2.12251353263855,3.1173367863408905,583.6239523282802,0.8959588408470154,0.06105826050043106,0.04298219457268715,0.04113834723830223,0.0012547903461381793,0.8298871517181396
173,0.028482230380177498,0.07223931699991226,0.14280131459236145,-0.14027667045593262,2.129093885421753,2.5362942449777974,613.3348573379513,0.8802340030670166,0.07594875246286392,0.043810296803712845,0.0410991907119751,0.0010976996272802353,0.8197131752967834
174,0.03318469598889351,0.09302964061498642,0.17613033950328827,-0.12104760855436325,2.178805351257324,2.8033898711417713,653.4386280268575,0.8662659525871277,0.08403009176254272,0.04970308393239975,0.042446210980415344,0.0009577986202202737,0.8027153015136719
175,0.031065737828612328,0.08832616358995438,0.16908472776412964,-0.14379402995109558,2.169886589050293,2.843201860338902,623.0254406287582,0.8798162341117859,0.07433244585990906,0.04584941267967224,0.042651303112506866,0.0008628914365544915,0.818061113357544
176,0.0276471134275198,0.0760442391037941,0.13606742024421692,-0.15186536312103271,2.1322989463806152,2.7505308755072244,594.403078622126,0.8919216990470886,0.06408322602510452,0.04399038478732109,0.04360232874751091,0.0008257004083134234,0.8271456360816956
177,0.029528528451919556,0.08145722001791,0.14643019437789917,-0.15006646513938904,2.0939526557922363,2.7585939525495093,620.816640524278,0.876538872718811,0.07722192257642746,0.04622328281402588,0.041005559265613556,0.0013782253954559565,0.8192583918571472
178,0.03065570443868637,0.08010725677013397,0.15267731249332428,-0.14062409102916718,2.0945165157318115,2.613127254268163,650.4151959238732,0.8634749054908752,0.08665195107460022,0.04982437193393707,0.041932012885808945,0.0012387251481413841,0.7962539792060852
179,0.03382148593664169,0.08891493827104568,0.16927459836006165,-0.11763766407966614,2.132340908050537,2.6289483092192474,662.6851604471241,0.8602066040039062,0.08860909938812256,0.05117840692400932,0.04142022505402565,0.0014155947137624025,0.7963452935218811
180,0.031364280730485916,0.08289401233196259,0.16030430793762207,-0.10495433956384659,2.182516574859619,2.6429431952108215,665.0021664784568,0.8585247993469238,0.08787888288497925,0.05359168350696564,0.04490194842219353,0.0013021749909967184,0.790157675743103
181,0.028160853311419487,0.0736624225974083,0.14678794145584106,-0.11854655295610428,2.188457727432251,2.6157738112616684,654.931345469723,0.8696433901786804,0.07404059171676636,0.05631584674119949,0.04691639915108681,0.0016909351106733084,0.8007562756538391
182,0.029339347034692764,0.07721298933029175,0.1464499533176422,-0.1289169043302536,2.122838020324707,2.6317214638880113,636.1441534983784,0.8787058591842651,0.07104241847991943,0.05025111883878708,0.039950866252183914,0.001454609096981585,0.8233515024185181
183,0.03188779577612877,0.08481857180595398,0.15968577563762665,-0.13341958820819855,2.0826773643493652,2.659907018935104,624.8794410437184,0.8803374767303467,0.07346506416797638,0.046195242553949356,0.04322999343276024,0.001465023960918188,0.8178262114524841
184,0.032441504299640656,0.08202974498271942,0.15831342339515686,-0.13393869996070862,2.1084864139556885,2.528543196472535,634.488056894571,0.8736746907234192,0.08001958578824997,0.046305447816848755,0.04271271452307701,0.0014529213076457381,0.8110429048538208
185,0.028210537508130074,0.07383786141872406,0.1397923231124878,-0.14322584867477417,2.125941753387451,2.617385840125419,636.6054118241957,0.8703258037567139,0.08298440277576447,0.04668653756380081,0.04008755087852478,0.0014519660035148263,0.8084411025047302
186,0.033312130719423294,0.08865246176719666,0.16589154303073883,-0.1435110718011856,2.1172051429748535,2.6612666272003076,610.3875866619677,0.8843072056770325,0.06947701424360275,0.04621531069278717,0.044257503002882004,0.0014456860953941941,0.8217326998710632
187,0.03011288493871689,0.07688551396131516,0.14973461627960205,-0.14219024777412415,2.1529488563537598,2.5532430424794104,608.7117976914095,0.8893458843231201,0.06434912979602814,0.04630010947585106,0.042174603790044785,0.0013382057659327984,0.8239835500717163
188,0.029871782287955284,0.0767097994685173,0.14791610836982727,-0.1401815116405487,2.108544111251831,2.567968617556502,588.542254293316,0.8958050608634949,0.06182003393769264,0.04237460345029831,0.04458872228860855,0.001297656213864684,0.8323372602462769
189,0.029695924371480942,0.0815950483083725,0.15387944877147675,-0.13915196061134338,2.1181812286376953,2.747685079100828,605.3119896006932,0.8877547383308411,0.06464500725269318,0.04759989678859711,0.044881872832775116,0.0009135890868492424,0.8195494413375854
190,0.031494952738285065,0.08815446496009827,0.16752934455871582,-0.153155118227005,2.2136764526367188,2.799002928813392,647.8460280795358,0.8646971583366394,0.08373820036649704,0.05156463384628296,0.04231538623571396,0.0011432451428845525,0.8056377172470093
191,0.027674704790115356,0.0905856341123581,0.15737384557724,-0.14651210606098175,2.202954053878784,3.273228560018446,640.7548634241023,0.8597138524055481,0.09635212272405624,0.043933168053627014,0.04251469299197197,0.0010500899516046047,0.8008246421813965
192,0.02896038070321083,0.09398940950632095,0.15838202834129333,-0.14795291423797607,2.160327196121216,3.2454479955318725,649.6341840034515,0.8612810373306274,0.09279516339302063,0.04591646045446396,0.04157239571213722,0.0013343237806111574,0.8001287579536438
193,0.02962968498468399,0.08795183151960373,0.15537066757678986,-0.1466042697429657,2.1570301055908203,2.9683687680817035,631.8353603242231,0.8773488998413086,0.07434830069541931,0.04829615727066994,0.04197690635919571,0.0012940088054165244,0.8125005960464478
194,0.030694512650370598,0.09102694690227509,0.1599283218383789,-0.13367673754692078,2.1635851860046387,2.9655772005948586,626.7923765988679,0.8813827633857727,0.06854943186044693,0.050063151866197586,0.04215303063392639,0.0015112882247194648,0.8112581372261047
195,0.03158041834831238,0.08665480464696884,0.16076304018497467,-0.13406747579574585,2.1354544162750244,2.7439409981361327,631.2925744244363,0.8738566637039185,0.07799424976110458,0.048148855566978455,0.04399454593658447,0.0014070856850594282,0.8064126968383789
196,0.029848631471395493,0.0815068706870079,0.15084290504455566,-0.13224643468856812,2.157444953918457,2.7306736244302123,639.3710589609171,0.86871737241745,0.08437739312648773,0.04690515995025635,0.0433129258453846,0.002188960323110223,0.8070532083511353
197,0.030008850619196892,0.08361896872520447,0.15232515335083008,-0.12312852591276169,2.1392197608947754,2.7864768892190193,612.8859906824991,0.8772268295288086,0.07962393760681152,0.04314351826906204,0.04101642221212387,0.0017044232226908207,0.8175774812698364
198,0.030374061316251755,0.08277577906847,0.1528307944536209,-0.13560399413108826,2.1649224758148193,2.72521274662257,633.9560862219914,0.8754066824913025,0.07492592185735703,0.04966666176915169,0.0447426401078701,0.0017684628255665302,0.8104977011680603
199,0.030270665884017944,0.08034399896860123,0.15034982562065125,-0.14068925380706787,2.141366481781006,2.65418670582884,638.5136959786449,0.879436731338501,0.06924645602703094,0.05131443217396736,0.042030565440654755,0.0015254478203132749,0.8121094703674316
200,0.033169642090797424,0.08527341485023499,0.1588888168334961,-0.13891081511974335,2.081287145614624,2.570827101909622,597.1449838912554,0.8917573690414429,0.06631447374820709,0.041925135999917984,0.04066012054681778,0.001218377728946507,0.8243355751037598
201,0.031719934195280075,0.08882852643728256,0.1756167709827423,-0.13910819590091705,2.12618350982666,2.8004007160802953,635.0444665425445,0.8783477544784546,0.07138276845216751,0.05025235563516617,0.043231237679719925,0.001203607302159071,0.8181672692298889
202,0.030869964510202408,0.08319846540689468,0.1657058596611023,-0.12879420816898346,2.143763303756714,2.6951266943213614,648.8204462465764,0.8714888095855713,0.07453198730945587,0.053978968411684036,0.038398731499910355,0.0010361304739490151,0.8095504641532898
203,0.031025715172290802,0.08026231825351715,0.15161864459514618,-0.13093726336956024,2.143069267272949,2.5869611000172146,619.2739699607397,0.8789597749710083,0.07590994983911514,0.04509274289011955,0.04075520858168602,0.0010271411156281829,0.821077823638916
204,0.03299425542354584,0.09052156656980515,0.1643696129322052,-0.14139406383037567,2.143815040588379,2.7435553675947566,609.3884985809099,0.8819953799247742,0.07552538067102432,0.04246712103486061,0.04342425614595413,0.0006547441589646041,0.8152770400047302
205,0.02727731317281723,0.07610940933227539,0.13948267698287964,-0.1430552452802658,2.125669240951538,2.790209169330167,611.6643162124618,0.8811871409416199,0.07502388954162598,0.04377085343003273,0.04374189302325249,0.0009954083943739533,0.8195487856864929
206,0.02936062403023243,0.08836966753005981,0.15568387508392334,-0.12747694551944733,2.135535955429077,3.009802088540638,612.0605216239442,0.8842526078224182,0.0690702572464943,0.046667248010635376,0.043550197035074234,0.0009329976164735854,0.8203219771385193
207,0.03358527645468712,0.09889634698629379,0.1765313595533371,-0.13960041105747223,2.1651346683502197,2.944634001056356,618.0927852042945,0.8813167810440063,0.07148516923189163,0.04719780012965202,0.04141414165496826,0.0013656250666826963,0.8215122222900391
208,0.029282256960868835,0.07960718125104904,0.14656037092208862,-0.14835482835769653,2.1604833602905273,2.7186149399178143,620.1469427405741,0.8782704472541809,0.07610978931188583,0.0456116758286953,0.04293704777956009,0.0011701032053679228,0.8096575736999512
209,0.033231087028980255,0.09395276755094528,0.17503571510314941,-0.13676859438419342,2.1292238235473633,2.8272553186774614,592.0154913488939,0.8897954821586609,0.07024308294057846,0.039961352944374084,0.04226548597216606,0.0015025277389213443,0.8233556747436523
210,0.027481870725750923,0.07596786320209503,0.14406640827655792,-0.12063612043857574,2.106889486312866,2.764290100824458,577.9402686387324,0.8931785225868225,0.0691508874297142,0.03767058625817299,0.04436498507857323,0.0015382044948637486,0.8279761672019958
211,0.02934376522898674,0.08525163680315018,0.1592584252357483,-0.12223390489816666,2.116807460784912,2.905272589763993,606.8493176360432,0.8879112005233765,0.06553192436695099,0.04655631259083748,0.044032566249370575,0.0014598900452256203,0.8238847851753235
212,0.028679201379418373,0.08286992460489273,0.15444892644882202,-0.13083462417125702,2.1257686614990234,2.88954784708457,631.2007854288901,0.8826090097427368,0.06687652319669724,0.050493571907281876,0.04182107374072075,0.0016087988624349236,0.8232661485671997
213,0.0318259634077549,0.08801528811454773,0.16572973132133484,-0.14056368172168732,2.150139331817627,2.765518422305981,632.0453156347868,0.8780851364135742,0.07316209375858307,0.048748988658189774,0.045616015791893005,0.002244829898700118,0.8118980526924133
214,0.031856559216976166,0.09347297996282578,0.18469290435314178,-0.1096881553530693,2.244905948638916,2.9341831716113402,687.6157668531383,0.8515052795410156,0.09119261801242828,0.05730009451508522,0.039449647068977356,0.0016584987752139568,0.7887860536575317
215,0.03209702670574188,0.09465790539979935,0.186910018324852,-0.12080401927232742,2.216125965118408,2.9491175698189123,670.4800393178336,0.8541382551193237,0.09377425909042358,0.052073050290346146,0.04167090356349945,0.001273175934329629,0.7875904440879822
216,0.032829854637384415,0.09412532299757004,0.17278560996055603,-0.16534586250782013,2.1094765663146973,2.867064872334812,610.0261104614792,0.8820742964744568,0.07408992946147919,0.04383515566587448,0.04507185146212578,0.0013581010280176997,0.8194825649261475
217,0.03385333716869354,0.09731036424636841,0.19162267446517944,-0.16156446933746338,2.1257245540618896,2.874468882006805,645.5264185603941,0.8725935220718384,0.0764349028468132,0.05096970498561859,0.0387934073805809,0.0012361310655251145,0.812884509563446
218,0.029854804277420044,0.08282403647899628,0.15985770523548126,-0.1507391482591629,2.130390167236328,2.7742280842505473,628.2144604790177,0.877518355846405,0.07541067898273468,0.04706097021698952,0.044851068407297134,0.0010961148655042052,0.815873384475708
219,0.027673333883285522,0.07270568609237671,0.13780337572097778,-0.15279735624790192,2.1386213302612305,2.627283232168246,602.0484082141913,0.8821247220039368,0.07743524760007858,0.04043782129883766,0.043002620339393616,0.0008388602291233838,0.8143589496612549
220,0.02916087582707405,0.07889659702777863,0.14637431502342224,-0.15100136399269104,2.1528782844543457,2.705563354576014,618.5567682509715,0.8739981651306152,0.08428993076086044,0.041707541793584824,0.04072011634707451,0.0007527379784733057,0.817019522190094
221,0.0302391666918993,0.08457193523645401,0.15552136301994324,-0.1342548131942749,2.1508798599243164,2.796768049045248,629.4556976933437,0.8769184350967407,0.07366733253002167,0.04941018298268318,0.042215943336486816,0.0007783117471262813,0.8173134326934814
222,0.02789495885372162,0.0809730514883995,0.1510164439678192,-0.1274304986000061,2.1694178581237793,2.9027844030927357,624.4600935638568,0.8828275203704834,0.06625980883836746,0.05090250074863434,0.042639583349227905,0.001039059367030859,0.821352481842041
223,0.033194880932569504,0.08592662215232849,0.17017287015914917,-0.1324290931224823,2.1344962120056152,2.5885503949927453,614.4939334924055,0.8864283561706543,0.0658268854022026,0.04774118959903717,0.04371844232082367,0.001131802680902183,0.8184657692909241
224,0.03066430054605007,0.0802326425909996,0.15242600440979004,-0.13242556154727936,2.1203720569610596,2.6164837012308126,619.5089082714047,0.8869311809539795,0.06381674855947495,0.04925183951854706,0.0413559153676033,0.001530480571091175,0.8234415650367737
225,0.02757132425904274,0.07458774745464325,0.13624708354473114,-0.12360879778862,2.0959010124206543,2.7052653238980704,621.1556006019731,0.8798321485519409,0.07514825463294983,0.045017268508672714,0.04386155307292938,0.0011583693558350205,0.8152890205383301
226,0.03106623888015747,0.08836120367050171,0.17103424668312073,-0.12804065644741058,2.1160287857055664,2.8442839189038494,652.8577113196536,0.8698714971542358,0.07670996338129044,0.05341532453894615,0.0433339849114418,0.0013679186813533306,0.8090460300445557
227,0.03359268605709076,0.09527396410703659,0.18550848960876465,-0.1309400349855423,2.1130123138427734,2.8361520106573903,643.7785357360618,0.8745972514152527,0.07181281596422195,0.05355491116642952,0.04017483443021774,0.0014419440412893891,0.8154922127723694
228,0.028137248009443283,0.08563504368066788,0.15237993001937866,-0.12328089028596878,2.14473557472229,3.0434761654332365,629.114627718569,0.8783820867538452,0.07330850511789322,0.04830542579293251,0.04510108008980751,0.0018473952077329159,0.8061085939407349
229,0.030873745679855347,0.09190541505813599,0.16556453704833984,-0.10767439752817154,2.2332675457000732,2.976814540359645,688.468437818081,0.8567472696304321,0.08629430830478668,0.05695411562919617,0.041727807372808456,0.0017348314868286252,0.7908983826637268
230,0.028198715299367905,0.07970862090587616,0.15062664449214935,-0.09807899594306946,2.166958808898926,2.826675614716257,660.582928215958,0.8599361777305603,0.0892435610294342,0.05081663280725479,0.04182571545243263,0.0010206789011135697,0.7940335869789124
231,0.03364219516515732,0.08974674344062805,0.1737680286169052,-0.12694089114665985,2.144408702850342,2.6676839307712488,636.6946581282027,0.8667616844177246,0.08717604726552963,0.04605570062994957,0.04337294027209282,0.0012875492684543133,0.807086706161499
232,0.033010516315698624,0.08594276756048203,0.1617117077112198,-0.11917490512132645,2.1682252883911133,2.603496617137346,647.4119824960188,0.8583713173866272,0.09713608026504517,0.04449238255620003,0.03832373395562172,0.0014636277919635177,0.8026762008666992
233,0.033042360097169876,0.08364025503396988,0.16196157038211823,-0.1183505579829216,2.1446690559387207,2.5313039015818513,652.896830607623,0.858630895614624,0.09404385089874268,0.04732367768883705,0.041413336992263794,0.0012602736242115498,0.7995439767837524
234,0.03102470189332962,0.08018359541893005,0.15278348326683044,-0.12202715873718262,2.1422677040100098,2.584508166816107,644.9468658752859,0.8642562031745911,0.08824089914560318,0.04750118777155876,0.04092688858509064,0.0006619697087444365,0.7962666153907776
235,0.029168281704187393,0.07745654881000519,0.152152419090271,-0.1253785341978073,2.13145112991333,2.6555060593860773,621.808970465865,0.8750841021537781,0.08079618215560913,0.04410943388938904,0.04081499204039574,0.0008071524207480252,0.8158987760543823
236,0.030969126150012016,0.08201386034488678,0.1600458323955536,-0.13215993344783783,2.124285936355591,2.648245867350917,652.1536495600933,0.8681901097297668,0.08083516359329224,0.05097467079758644,0.04219282418489456,0.0008584324386902153,0.8048189878463745
237,0.032108549028635025,0.08517441153526306,0.16440361738204956,-0.1347648650407791,2.161515474319458,2.6527019784248167,679.177526739444,0.8577997088432312,0.08850115537643433,0.05365347862243652,0.043349526822566986,0.0010148640722036362,0.7968080639839172
238,0.029538389295339584,0.08248843252658844,0.15594196319580078,-0.14602184295654297,2.198636293411255,2.792583972641002,654.9582917817406,0.8664363026618958,0.08312790095806122,0.050427958369255066,0.044724974781274796,0.0013563670217990875,0.7943241000175476
239,0.03301674872636795,0.08863300830125809,0.16770786046981812,-0.13800090551376343,2.1923301219940186,2.6844862597809094,652.4152031526052,0.8701274394989014,0.0760379210114479,0.05382100120186806,0.04253297299146652,0.001763193286024034,0.8057255148887634
240,0.03306588903069496,0.08842017501592636,0.16791443526744843,-0.13884900510311127,2.128042697906494,2.6740601146750396,618.4906210183366,0.8808566331863403,0.07062338292598724,0.048519931733608246,0.0443015992641449,0.001517463126219809,0.8175177574157715
241,0.03177275508642197,0.0928768590092659,0.16386911273002625,-0.12479467689990997,2.124471426010132,2.923160385484906,615.3808642896647,0.8776252865791321,0.07656767219305038,0.04579834267497063,0.04266360029578209,0.0015043196035549045,0.8150524497032166
242,0.03294505551457405,0.09708016365766525,0.16940325498580933,-0.1282549649477005,2.1635842323303223,2.9467293995535306,626.6682292398107,0.8739681839942932,0.08007628470659256,0.045952122658491135,0.042159710079431534,0.0015571792609989643,0.8141173720359802
243,0.029576336964964867,0.08017737418413162,0.1483762115240097,-0.15776436030864716,2.1519484519958496,2.7108622097589765,613.1070677940174,0.8805736303329468,0.0755082443356514,0.04390362650156021,0.046362005174160004,0.0022516781464219093,0.8117358088493347
244,0.03206068277359009,0.0811089351773262,0.1609475016593933,-0.14330977201461792,2.140209436416626,2.5298567640490064,624.224288075377,0.8761107325553894,0.07824169099330902,0.045638520270586014,0.03974483534693718,0.002038531005382538,0.8118215799331665
245,0.02932470664381981,0.07499504834413528,0.14793753623962402,-0.12016820907592773,2.1214377880096436,2.5574014858008174,629.7100467488331,0.8709093928337097,0.08348695933818817,0.04560132697224617,0.040704745799303055,0.0015791748883202672,0.8051658272743225
246,0.029022766277194023,0.09475728869438171,0.16771189868450165,-0.1197105199098587,2.126305103302002,3.2649295999594874,658.6133518287751,0.8604296445846558,0.09172811359167099,0.04784112423658371,0.0413719117641449,0.001492422423325479,0.8031251430511475
247,0.02979867160320282,0.09818480908870697,0.17118757963180542,-0.14479582011699677,2.124330997467041,3.294939129932857,632.9240203363511,0.8701968193054199,0.08527567982673645,0.04452754184603691,0.040862590074539185,0.0013318306300789118,0.8084014058113098
248,0.03132801130414009,0.08302914351224899,0.16440550982952118,-0.15131008625030518,2.166797399520874,2.65031644375799,602.4282237332831,0.8851361274719238,0.07304929941892624,0.04180998355150223,0.046938952058553696,0.0013736963737756014,0.8199149370193481
249,0.03358979895710945,0.0864764004945755,0.1645769625902176,-0.13090156018733978,2.1890439987182617,2.5744840152935136,620.7267852008459,0.8766707181930542,0.08010433614253998,0.04320843890309334,0.04269104078412056,0.0012420304119586945,0.809351921081543
250,0.03442924842238426,0.09831995517015457,0.1740538626909256,-0.13730549812316895,2.1141273975372314,2.855710178772764,619.7709806389797,0.8733393549919128,0.08366850018501282,0.04299138858914375,0.04042501002550125,0.0010415411088615656,0.8149001002311707
251,0.029923422262072563,0.08619044721126556,0.1559828221797943,-0.12871712446212769,2.101046085357666,2.8803673073727984,630.3530972223158,0.8754569888114929,0.07771369814872742,0.04681327939033508,0.04272725433111191,0.0008225884521380067,0.8133674263954163
252,0.030649783089756966,0.08600951731204987,0.15830107033252716,-0.13433837890625,2.127627372741699,2.806203132249497,666.5101349906723,0.866368293762207,0.0791693851351738,0.05445355176925659,0.04270612448453903,0.0010821797186508775,0.8074482679367065
253,0.029749693349003792,0.0832596868276596,0.15576665103435516,-0.14858724176883698,2.126939535140991,2.798673782889564,669.2058209804095,0.8604873418807983,0.08722593635320663,0.05228590965270996,0.043609533458948135,0.0007920993375591934,0.7948765754699707
254,0.03347225859761238,0.10221628099679947,0.18708853423595428,-0.15346941351890564,2.2026100158691406,3.053761092806475,644.515145286895,0.8625867962837219,0.09371666610240936,0.043696627020835876,0.04175017774105072,0.0013235431397333741,0.8024986386299133
255,0.031958259642124176,0.09909854829311371,0.17939221858978271,-0.13616590201854706,2.195214033126831,3.1008743717505522,654.5253057713815,0.8611594438552856,0.09230986982584,0.04651511460542679,0.04335106536746025,0.0013645559083670378,0.7958707213401794
256,0.02859039604663849,0.08073325455188751,0.15037935972213745,-0.1236584484577179,2.145048141479492,2.8237893038405786,653.6093655880845,0.8653027415275574,0.08731065690517426,0.04737759381532669,0.042257197201251984,0.0014384740497916937,0.802856981754303
257,0.03190050274133682,0.09505411982536316,0.17378182709217072,-0.15018559992313385,2.1891255378723145,2.979706012570513,655.0948756515724,0.8623231053352356,0.0911688506603241,0.04650192707777023,0.043576814234256744,0.001112423138692975,0.7996700406074524
258,0.033585429191589355,0.098905548453331,0.17888635396957397,-0.15079538524150848,2.193075656890869,2.944894581700167,655.3385768064715,0.8599042296409607,0.09345195442438126,0.046637821942567825,0.04473281279206276,0.0017244528280571103,0.7891112565994263
259,0.03139320760965347,0.09603826701641083,0.17646028101444244,-0.14835098385810852,2.2571489810943604,3.059205297129933,656.0645248721727,0.854523777961731,0.10178813338279724,0.043687887489795685,0.03793427348136902,0.0015131643740460277,0.7963186502456665
260,0.029540427029132843,0.0937337577342987,0.17124302685260773,-0.15433327853679657,2.2565436363220215,3.1730671204815413,654.3054692065766,0.8573945760726929,0.0952204018831253,0.04737913981080055,0.040508970618247986,0.0014899087836965919,0.7928592562675476
261,0.028957650065422058,0.07593163102865219,0.14955025911331177,-0.13407206535339355,2.155606269836426,2.6221613582069967,622.9060755434435,0.8735532760620117,0.08243435621261597,0.04400750622153282,0.04147687926888466,0.001256495830602944,0.8153228759765625
262,0.030761314556002617,0.08221409469842911,0.15591490268707275,-0.14351339638233185,2.1785919666290283,2.6726456876893643,625.4124171818876,0.8726568222045898,0.08256496489048004,0.04477754980325699,0.04178432375192642,0.001446927199140191,0.8137930631637573
263,0.029340291395783424,0.07817062735557556,0.15264563262462616,-0.12951605021953583,2.176053762435913,2.66427576667304,659.8318597752843,0.8653925061225891,0.08109669387340546,0.05350217595696449,0.045350223779678345,0.0013788063079118729,0.8001214265823364
264,0.032536882907152176,0.0949174240231514,0.18749871850013733,-0.12013386934995651,2.167367935180664,2.9172254850316244,650.939602729867,0.8711528778076172,0.0787711888551712,0.05006081983447075,0.04100007936358452,0.0012391177006065845,0.8029333353042603
265,0.029015647247433662,0.08969961851835251,0.1742820143699646,-0.12825632095336914,2.2302119731903076,3.0914222850291484,650.6136512048997,0.8685516715049744,0.08326437324285507,0.04818180203437805,0.041911523789167404,0.000932705239392817,0.8058679699897766
266,0.032531995326280594,0.0993182584643364,0.1772119700908661,-0.14149321615695953,2.195430278778076,3.05294088066742,644.4974020269428,0.8673645853996277,0.08340850472450256,0.04921850562095642,0.04166048392653465,0.000592052296269685,0.8030669093132019
267,0.03062494285404682,0.07798761129379272,0.14648577570915222,-0.14447519183158875,2.098938465118408,2.5465389980618625,618.4404856288801,0.8774575591087341,0.07753574848175049,0.04500511288642883,0.04098230600357056,0.0009823996806517243,0.8192524313926697
268,0.03147042170166969,0.08923778682947159,0.16057813167572021,-0.12801873683929443,2.120854139328003,2.8356082315192297,608.5510460204707,0.882947564125061,0.07548163831233978,0.04156617447733879,0.04296635463833809,0.000937613018322736,0.8139631748199463
269,0.032683391124010086,0.09251130372285843,0.1747465580701828,-0.13368554413318634,2.1821885108947754,2.8305295300911,627.1737442068056,0.8770286440849304,0.07647739350795746,0.04649338498711586,0.040219228714704514,0.0013742191949859262,0.817028284072876
270,0.032768599689006805,0.09664249420166016,0.1800498366355896,-0.11442701518535614,2.2120280265808105,2.9492408926809435,650.9123422832126,0.8687819838523865,0.07968638092279434,0.051523249596357346,0.04073940962553024,0.0013941304059699178,0.809135377407074
271,0.029699193313717842,0.08715546131134033,0.15301230549812317,-0.1302538812160492,2.2170357704162598,2.9346070240954742,675.1108375539343,0.8562307357788086,0.09154073148965836,0.05220761150121689,0.040945179760456085,0.0012855737004429102,0.7980011105537415
272,0.03294489160180092,0.09818664193153381,0.17248016595840454,-0.1435428261756897,2.1979548931121826,2.9803297918025677,687.6753940184475,0.8405649065971375,0.11062532663345337,0.0488097257912159,0.04355305805802345,0.0015455425018444657,0.7780297994613647
273,0.027473261579871178,0.07326984405517578,0.13276587426662445,-0.11935834586620331,2.128422975540161,2.6669510585591127,653.9992827649304,0.8565619587898254,0.09773667901754379,0.045698780566453934,0.04679309204220772,0.0019663339480757713,0.784284770488739
274,0.03343724459409714,0.0948406308889389,0.18248030543327332,-0.1304096281528473,2.146120548248291,2.8363769813391047,634.146725471452,0.8737212419509888,0.0791674554347992,0.04711032658815384,0.039559800177812576,0.0016103568486869335,0.812453031539917
275,0.030864721164107323,0.08742839843034744,0.17205044627189636,-0.13174711167812347,2.1502058506011963,2.832632051417512,639.0730821114836,0.8704948425292969,0.08180731534957886,0.04768483340740204,0.042557694017887115,0.0013758534332737327,0.8020928502082825
276,0.03335459157824516,0.09486452490091324,0.18498986959457397,-0.14269520342350006,2.149956226348877,2.84412191573476,638.3075489137469,0.8733091950416565,0.07802536338567734,0.04866408556699753,0.04226169362664223,0.0011658668518066406,0.8143401741981506
277,0.03156449273228645,0.09070252627134323,0.16291651129722595,-0.14758028090000153,2.1583092212677,2.8735619811083657,627.1706504431152,0.874026358127594,0.08131562918424606,0.0446578674018383,0.040535084903240204,0.0013290001079440117,0.8158668279647827
278,0.03143676742911339,0.08335703611373901,0.163816899061203,-0.13748832046985626,2.174206256866455,2.6515778474694898,641.6442923880257,0.8625425100326538,0.09244748204946518,0.044997282326221466,0.045367028564214706,0.0012044813483953476,0.7994363307952881
279,0.03279421851038933,0.09037144482135773,0.1767144799232483,-0.14453203976154327,2.1836888790130615,2.7557127116772735,658.4470094878096,0.8599985241889954,0.08874530345201492,0.05123153701424599,0.04161330312490463,0.0012180538615211844,0.7951094508171082
280,0.03336021676659584,0.09297698736190796,0.17591695487499237,-0.13480737805366516,2.1520447731018066,2.7870618470387267,634.6173589449616,0.8737109899520874,0.077850840985775,0.048429857939481735,0.04121900349855423,0.00095044617773965,0.8121335506439209
281,0.02862493321299553,0.07069890201091766,0.14119133353233337,-0.10238324850797653,2.0853655338287354,2.469836400399041,596.1590846327957,0.8865587115287781,0.07388946413993835,0.039537325501441956,0.04233903810381889,0.0009177281172014773,0.8236971497535706
282,0.030885623767971992,0.07937035709619522,0.15571549534797668,-0.10388216376304626,2.118485927581787,2.569815577949618,626.4059215930532,0.8806774616241455,0.0710640400648117,0.04825856164097786,0.041358355432748795,0.0008889149175956845,0.823236882686615
283,0.028752265498042107,0.08196521550416946,0.1551925241947174,-0.12773346900939941,2.193882703781128,2.8507393793682163,650.2955536934651,0.8698433041572571,0.07794839888811111,0.052207984030246735,0.04080978035926819,0.0008655136916786432,0.8042901158332825
284,0.028940537944436073,0.0830669179558754,0.1523405909538269,-0.1470966339111328,2.227522850036621,2.870261710839244,630.8850721690493,0.8669200539588928,0.08991296589374542,0.04316650331020355,0.0407014936208725,0.00130393635481596,0.806095540523529
285,0.031416840851306915,0.09040617197751999,0.16777342557907104,-0.14508837461471558,2.1753926277160645,2.8776340817501875,613.256147146894,0.8752407431602478,0.08382504433393478,0.04093422368168831,0.04402325674891472,0.0012621803907677531,0.8066164255142212
286,0.03349015861749649,0.09292709082365036,0.16684484481811523,-0.1548793762922287,2.144526720046997,2.7747581575301075,620.9319592121831,0.8761995434761047,0.07949194312095642,0.04430822655558586,0.04220191016793251,0.0014050117461010814,0.8111650347709656
287,0.03245973587036133,0.08825146406888962,0.17245912551879883,-0.14321914315223694,2.1811742782592773,2.7187979723135203,643.3057900402271,0.8658750057220459,0.08842778205871582,0.04569605737924576,0.043940018862485886,0.001196333672851324,0.8017734289169312
288,0.033406712114810944,0.08707571774721146,0.17223495244979858,-0.12010416388511658,2.190094470977783,2.6065336045446896,631.0675713426454,0.8700811862945557,0.08742010593414307,0.04249214380979538,0.04519408941268921,0.0017830859869718552,0.8029493689537048
289,0.02805531583726406,0.07701250165700912,0.1479371190071106,-0.13391409814357758,2.159088134765625,2.7450235135821703,636.510974588468,0.8727521896362305,0.07891900837421417,0.04832577332854271,0.04198693484067917,0.0016232789494097233,0.8104920983314514
290,0.033772099763154984,0.09674326330423355,0.18358907103538513,-0.12122171372175217,2.1751322746276855,2.864591304059657,623.128657832737,0.8765279650688171,0.07702700793743134,0.046442318707704544,0.04237434267997742,0.0014295376604422927,0.8131272792816162
291,0.02875516004860401,0.08165965974330902,0.1596016138792038,0.043892133980989456,2.2537946701049805,2.8398262990865724,627.8352252233968,0.8670467138290405,0.08869501948356628,0.044258058071136475,0.02707621455192566,0.0020912447944283485,0.8178778886795044
292,0.02471490204334259,0.07268530130386353,0.14176571369171143,0.05848565697669983,2.250537395477295,2.9409504101393633,622.082102076672,0.8680359721183777,0.08626485615968704,0.045698825269937515,0.03047615848481655,0.0017568189650774002,0.8135903477668762
293,0.02582208812236786,0.06911993771791458,0.13142558932304382,0.08838286995887756,2.257392644882202,2.676775688615363,612.0831252614811,0.8740951418876648,0.08224611729383469,0.04364912584424019,0.03132089972496033,0.0018207012908533216,0.8186511397361755
294,0.02409018762409687,0.06715405732393265,0.13042637705802917,0.0895516499876976,2.2954373359680176,2.7876103901313063,609.4327287659565,0.8727136850357056,0.08923368155956268,0.03804796189069748,0.030803898349404335,0.001505427761003375,0.8206965923309326
295,0.02609059028327465,0.0724109411239624,0.1415337324142456,0.06594040244817734,2.312995195388794,2.7753661505928444,624.9374041487213,0.87049400806427,0.08492681384086609,0.0445786751806736,0.03168846294283867,0.0013603081461042166,0.8194129467010498
296,0.023360824212431908,0.06837774068117142,0.13165897130966187,0.0651513859629631,2.2892353534698486,2.92702603540229,645.0962418755852,0.8608129024505615,0.08739078789949417,0.05179547145962715,0.028604332357645035,0.0013350739609450102,0.8101258277893066
297,0.023936687037348747,0.07022038102149963,0.12834355235099792,0.07748134434223175,2.23732590675354,2.9335881322674355,623.0887149561453,0.8686466813087463,0.08413539081811905,0.04721604660153389,0.030954906716942787,0.001590062747709453,0.8131622076034546
298,0.027273163199424744,0.0858277678489685,0.15370222926139832,0.06794081628322601,2.2849385738372803,3.1469678532790013,627.1455112693862,0.8701246380805969,0.08229067921638489,0.04758048430085182,0.030748680233955383,0.0010007652454078197,0.8145043849945068
299,0.023417243734002113,0.07428299635648727,0.13403862714767456,0.05646522343158722,2.307713031768799,3.1721494295870247,646.9915659442592,0.8614044189453125,0.0895945206284523,0.049000438302755356,0.03050588071346283,0.0010351825039833784,0.8113803863525391
300,0.023136140778660774,0.0722019150853157,0.1260617971420288,0.08309505134820938,2.224362850189209,3.1207415174785407,621.2059410711975,0.8685851097106934,0.08964922279119492,0.041764963418245316,0.030080899596214294,0.0008681985782459378,0.8137755393981934
301,0.025779051706194878,0.07921291887760162,0.15781256556510925,0.07008281350135803,2.290550708770752,3.0727631015028174,646.1030438009528,0.8531749248504639,0.10449843108654022,0.04232613742351532,0.029228562489151955,0.0010028930846601725,0.8038040399551392
302,0.02741927094757557,0.08278561383485794,0.15194755792617798,0.04040738195180893,2.3034965991973877,3.0192492714383663,645.9215999413811,0.8546545505523682,0.10010462254285812,0.04523853212594986,0.03173515573143959,0.0012415327364578843,0.7961805462837219
303,0.023103943094611168,0.06704919040203094,0.13135769963264465,0.0753793939948082,2.3281900882720947,2.9020669815780336,671.2807254512,0.8497517704963684,0.09676305204629898,0.0534849539399147,0.030085571110248566,0.0014940390828996897,0.7981479167938232
304,0.02593768574297428,0.07863374799489975,0.15424278378486633,0.08318730443716049,2.402005434036255,3.0316408630699665,693.4592432326374,0.8399944305419922,0.10487888008356094,0.05512429028749466,0.03232650086283684,0.001296704518608749,0.7830825448036194
305,0.026227112859487534,0.07777057588100433,0.15431973338127136,0.05748322978615761,2.3385791778564453,2.965274000790595,653.8189562096651,0.8586755990982056,0.09072177112102509,0.0506022572517395,0.030647557228803635,0.00147281086537987,0.8102104067802429
306,0.02630305290222168,0.0783558115363121,0.14705175161361694,0.05357285216450691,2.2401366233825684,2.978962625540507,624.5901805844081,0.8711898922920227,0.07948748767375946,0.049322471022605896,0.026634713634848595,0.0016718076076358557,0.8234978914260864
307,0.027182046324014664,0.07341936975717545,0.1442575454711914,0.060182519257068634,2.255807399749756,2.7010243776095044,594.6953960902463,0.8787369132041931,0.0819225162267685,0.03934035450220108,0.032108474522829056,0.0015474770916625857,0.8233264684677124
308,0.024890221655368805,0.06943663954734802,0.1350926160812378,0.06907379627227783,2.269227981567383,2.7897155961879863,592.3624504239608,0.8781124353408813,0.08248923718929291,0.039397310465574265,0.029948607087135315,0.0021104428451508284,0.8223133087158203
309,0.024090660735964775,0.06848637014627457,0.13003364205360413,0.07438550889492035,2.2592873573303223,2.8428597660332704,617.996774015909,0.8687465786933899,0.0867941603064537,0.04445881024003029,0.029945017769932747,0.0018937978893518448,0.8175239562988281
310,0.02516099251806736,0.0714082270860672,0.13485907018184662,0.055158812552690506,2.2664897441864014,2.838052872197034,622.3933670441098,0.8659682869911194,0.09231559187173843,0.04171555116772652,0.030935510993003845,0.002248468343168497,0.8126678466796875
311,0.023684153333306313,0.06203927844762802,0.11973792314529419,0.06603303551673889,2.2706730365753174,2.6194425264830814,610.8891264330844,0.8726905584335327,0.08687357604503632,0.04043470323085785,0.028471682220697403,0.001983392983675003,0.817010223865509
312,0.023530099540948868,0.0627918392419815,0.12019695341587067,0.09684556722640991,2.3035709857940674,2.6685751639102846,616.0369388719657,0.8709006905555725,0.08586020767688751,0.043238598853349686,0.032344456762075424,0.001965477829799056,0.8137167096138
313,0.026720037683844566,0.08305061608552933,0.14919093251228333,0.08399960398674011,2.3167221546173096,3.1081773560759274,628.8642256298776,0.8680047392845154,0.08440762758255005,0.04758647829294205,0.03074064292013645,0.0013397985603660345,0.8115279674530029
314,0.0258067287504673,0.07773619145154953,0.1510639488697052,0.0851612314581871,2.3058199882507324,3.0122450698882037,656.627904489904,0.8614127039909363,0.08545346558094025,0.05312863364815712,0.029716430231928825,0.0008369471179321408,0.812812328338623
315,0.02762095257639885,0.0805334523320198,0.15735352039337158,0.08930724114179611,2.254591941833496,2.9156652764364543,637.1688896647262,0.8654730319976807,0.08596113324165344,0.04856324940919876,0.029029501602053642,0.0009308331063948572,0.8163571357727051
316,0.026505911722779274,0.0710296705365181,0.14039954543113708,0.08026901632547379,2.23648738861084,2.679767112964282,612.7921960457688,0.8755396008491516,0.07899384945631027,0.04546326398849487,0.02922113426029682,0.0008960075792856514,0.8265155553817749
317,0.024300016462802887,0.06898575276136398,0.13715416193008423,0.04888560622930527,2.346128225326538,2.8389179432912988,651.7447801461582,0.8646530508995056,0.07947871834039688,0.05586160346865654,0.03383456543087959,0.0008391967858187854,0.802803635597229
318,0.025508325546979904,0.073187455534935,0.14618219435214996,0.050128355622291565,2.4020230770111084,2.8691595376291166,659.1329463155106,0.8613143563270569,0.08572877943515778,0.05294564738869667,0.03169398754835129,0.001179082551971078,0.8090530633926392
319,0.02303290367126465,0.06729540228843689,0.12569715082645416,0.07483099400997162,2.301839828491211,2.921707277813673,614.0697796999056,0.8707379102706909,0.08957991749048233,0.03968162089586258,0.031413137912750244,0.0011357155162841082,0.8123795390129089
320,0.023781074211001396,0.07013968378305435,0.12988783419132233,0.07796983420848846,2.2987711429595947,2.9493908962134916,636.0821370257695,0.8622016310691833,0.09131618589162827,0.04648223891854286,0.030831841751933098,0.0017659954028204083,0.8102135062217712
321,0.026151591911911964,0.07079152017831802,0.13521815836429596,0.08276011794805527,2.2465286254882812,2.706967912854504,639.2637405048589,0.8641254901885986,0.08559463918209076,0.0502791590988636,0.029219375923275948,0.0024631908163428307,0.8112751245498657
322,0.022538602352142334,0.06637658923864365,0.12467522919178009,0.06702018529176712,2.247997760772705,2.9450179828648255,617.1327520121462,0.8741282820701599,0.08037729561328888,0.04548996314406395,0.03361764922738075,0.0024513311218470335,0.8122566938400269
323,0.025162866339087486,0.08364228159189224,0.15277238190174103,0.05785006284713745,2.3611650466918945,3.3240363184952417,629.7744087903285,0.8718166947364807,0.07778043299913406,0.05040285363793373,0.028905607759952545,0.0019109102431684732,0.8188443183898926
324,0.028174880892038345,0.09195053577423096,0.16836333274841309,0.07440971583127975,2.322211742401123,3.263564311888565,610.710816554314,0.8749938607215881,0.08000098168849945,0.044999878853559494,0.02844720333814621,0.0016066792886704206,0.8246716856956482
325,0.02518494427204132,0.06700973957777023,0.1332676112651825,0.08931055665016174,2.248243808746338,2.6607062875060383,599.285006691629,0.8747267127037048,0.08734509348869324,0.03792824596166611,0.03146642819046974,0.0019263351568952203,0.822373628616333
326,0.023106306791305542,0.06157127022743225,0.12242293357849121,0.06125682219862938,2.292914867401123,2.6646954349249636,617.0980105526996,0.8670023679733276,0.0930706113576889,0.03992598131299019,0.029399866238236427,0.0024199923500418663,0.8133533596992493
327,0.027195410802960396,0.07186029106378555,0.14258313179016113,0.05399143695831299,2.2665860652923584,2.6423682871273537,634.5056709652515,0.8601862192153931,0.09556693583726883,0.04424680769443512,0.031231660395860672,0.0019801680464297533,0.8029793500900269
328,0.027869990095496178,0.07423754036426544,0.1470375508069992,0.08364567160606384,2.2678616046905518,2.6637088892829786,629.3564798069688,0.8653775453567505,0.08994614332914352,0.04467378929257393,0.029592076316475868,0.0010918430052697659,0.8069342374801636
329,0.02659868821501732,0.07387945055961609,0.14280207455158234,0.09251467138528824,2.3031270503997803,2.777559929257227,625.4669363854389,0.8688180446624756,0.0866536796092987,0.044527750462293625,0.0298576969653368,0.0012615619925782084,0.8208368420600891
330,0.02441463991999626,0.07021313905715942,0.1403903365135193,0.06318017095327377,2.2659032344818115,2.875862158293683,604.270986963073,0.8752689361572266,0.08368196338415146,0.04104900732636452,0.029298987239599228,0.0014606721233576536,0.8219438791275024
331,0.02392999641597271,0.07020267099142075,0.13896456360816956,0.07198866456747055,2.295229434967041,2.9336682617147596,604.9608041702877,0.8673031330108643,0.09616956114768982,0.03651898354291916,0.02916228026151657,0.0016834066482260823,0.8180838227272034
332,0.027367841452360153,0.08170761168003082,0.1515454649925232,0.10274679213762283,2.300929307937622,2.9855336534039654,618.6238878463395,0.8617320656776428,0.10004309564828873,0.03822484612464905,0.032030850648880005,0.0011532771168276668,0.8019809126853943
333,0.02708865888416767,0.08372341096401215,0.16586118936538696,0.06954917311668396,2.3352298736572266,3.090718197564764,635.8493791769368,0.8588077425956726,0.09701795130968094,0.044169630855321884,0.03048892132937908,0.001168896909803152,0.8063989877700806
334,0.027726370841264725,0.08537925779819489,0.15994220972061157,0.05007775127887726,2.378997564315796,3.079352082676717,665.2981517499189,0.8501640558242798,0.09680662304162979,0.053024135529994965,0.03022482432425022,0.0013297854457050562,0.7995283007621765
335,0.02505045011639595,0.0765494629740715,0.1466127187013626,0.0675741583108902,2.3284502029418945,3.055811876246996,660.5070139808178,0.8571144342422485,0.09045775979757309,0.05242689698934555,0.030263826251029968,0.0014630969380959868,0.8072319626808167
336,0.023533718660473824,0.07851164788007736,0.1386818289756775,0.05724693834781647,2.3214149475097656,3.3361343784824737,648.9184208318663,0.8618929386138916,0.09091804921627045,0.047187283635139465,0.03056822344660759,0.0015570714604109526,0.8068180680274963
337,0.027236884459853172,0.09210368245840073,0.16776695847511292,0.05507804453372955,2.314054250717163,3.3815792180922464,655.8805790420706,0.8535196185112,0.10066943615674973,0.04580973461270332,0.032588716596364975,0.0021168794482946396,0.7971364259719849
338,0.02374609373509884,0.07034597545862198,0.1352671980857849,0.06406637281179428,2.3084373474121094,2.9624230511514384,640.6364769719418,0.8524072766304016,0.10699830204248428,0.04059290140867233,0.027756916359066963,0.002125759609043598,0.7965560555458069
339,0.028638821095228195,0.08402376621961594,0.16107887029647827,0.06416589766740799,2.2638840675354004,2.9339114880913195,602.6091047888382,0.8753406405448914,0.08502276986837387,0.039636701345443726,0.028966015204787254,0.0017891383031383157,0.8225219249725342
340,0.026515670120716095,0.06691209971904755,0.1326325535774231,0.06333819031715393,2.249699115753174,2.5234926898659498,605.5801790016109,0.8757716417312622,0.08532243967056274,0.038905903697013855,0.030403906479477882,0.0015287960413843393,0.8236626982688904
341,0.027318138629198074,0.07478910684585571,0.1484452337026596,0.048932597041130066,2.261364221572876,2.7377087384417247,630.5159004852233,0.860944390296936,0.0998656153678894,0.039188265800476074,0.028782624751329422,0.0022965832613408566,0.8060263991355896
342,0.024077055975794792,0.06785651296377182,0.1338013857603073,0.059961386024951935,2.277658462524414,2.8183060681991687,645.9762845845181,0.8586518168449402,0.09357346594333649,0.047770362347364426,0.03189859166741371,0.001965166535228491,0.8035932183265686
343,0.02410387434065342,0.06800373643636703,0.12758825719356537,0.09981373697519302,2.3222179412841797,2.821278250644178,644.7664285341689,0.8631265759468079,0.08584484457969666,0.05102815106511116,0.030999232083559036,0.0009828576585277915,0.8030301332473755
344,0.02704945020377636,0.07555481046438217,0.1444079875946045,0.0703389048576355,2.348703622817993,2.7932105788619985,657.9785932189188,0.8512990474700928,0.09806124866008759,0.05063493177294731,0.02926982380449772,0.001136043923906982,0.8038963675498962
345,0.024115590378642082,0.06775118410587311,0.1281609982252121,0.03932065889239311,2.2831716537475586,2.809435018562405,645.5651437710882,0.8527532815933228,0.10062528401613235,0.04661952331662178,0.02770118974149227,0.001022262847982347,0.8032805919647217
346,0.02763313055038452,0.07737195491790771,0.1432085931301117,0.06876916438341141,2.1940956115722656,2.7999706647074447,617.4578881426851,0.8682721853256226,0.09153841435909271,0.04018933326005936,0.03027372807264328,0.001149601535871625,0.8179682493209839
347,0.026307586580514908,0.073272205889225,0.13750359416007996,0.04488891735672951,2.2019097805023193,2.7852120019519355,632.4741305929223,0.8625317811965942,0.09602431207895279,0.04143775999546051,0.031374357640743256,0.0011123795993626118,0.8033095002174377
348,0.02837708406150341,0.0938357338309288,0.16351523995399475,0.05528825521469116,2.3602242469787598,3.306743343475534,653.8523561229766,0.8455550670623779,0.11325117945671082,0.04119241237640381,0.028265750035643578,0.0012027093907818198,0.7943032383918762
349,0.025526119396090508,0.0836980789899826,0.16036128997802734,0.09908255934715271,2.4179224967956543,3.2789190431947364,644.2160837674394,0.8516330122947693,0.10426702350378036,0.04409981518983841,0.031119611114263535,0.0008873505285009742,0.794253408908844
350,0.02544909343123436,0.07835802435874939,0.1499984860420227,0.0793268010020256,2.342092514038086,3.0790104396999642,603.916526640881,0.8717434406280518,0.08874134719371796,0.03951429948210716,0.031386598944664,0.0010082090739160776,0.8201304078102112
351,0.02700587920844555,0.07098279893398285,0.14164182543754578,0.0447833314538002,2.340139627456665,2.6284202185558168,622.1415699854502,0.8603590130805969,0.09934297204017639,0.04028251767158508,0.030125534161925316,0.0018512336537241936,0.8073524236679077
352,0.02685168758034706,0.07961166650056839,0.14896509051322937,0.07798487693071365,2.319735527038574,2.9648664077214972,653.5133520474345,0.8519566059112549,0.09950253367424011,0.048539020121097565,0.032939355820417404,0.0021261137444525957,0.7931728363037109
353,0.026699017733335495,0.08016383647918701,0.1499328315258026,0.10084885358810425,2.271937847137451,3.002501338320572,631.9711476265392,0.8648737668991089,0.09029454737901688,0.044830601662397385,0.02760600857436657,0.001710079493932426,0.8107537627220154
354,0.028305890038609505,0.08093643188476562,0.15566551685333252,0.08814657479524612,2.2706589698791504,2.8593494771409134,610.24230322354,0.8710002303123474,0.08826932311058044,0.040721796452999115,0.029447127133607864,0.0015484524192288518,0.8184893727302551
355,0.028215568512678146,0.07685470581054688,0.15236759185791016,0.06274667382240295,2.2726616859436035,2.723840413610301,617.504547861902,0.8635196089744568,0.09746463596820831,0.0390130914747715,0.030549215152859688,0.0016080671921372414,0.8118487596511841
356,0.024483628571033478,0.08013816922903061,0.148668572306633,0.040892381221055984,2.306558847427368,3.2731328607299965,649.6967830991105,0.8519233465194702,0.10111246258020401,0.046955812722444534,0.028262080624699593,0.0017041557002812624,0.8026353120803833
357,0.02367410622537136,0.07653437554836273,0.14198075234889984,0.046666745096445084,2.32686448097229,3.232830621631181,661.7802778071122,0.8479743003845215,0.106796495616436,0.04522763565182686,0.029875140637159348,0.0018053262028843164,0.7959544658660889
358,0.027916347607970238,0.0881214439868927,0.16112211346626282,0.07275819778442383,2.284989833831787,3.1566251151915385,646.4364567120112,0.8583151698112488,0.0980534702539444,0.0436311699450016,0.029462940990924835,0.001348474994301796,0.7979283332824707
359,0.02791905216872692,0.08556709438562393,0.16436651349067688,0.07675424963235855,2.3350043296813965,3.0648280559612164,664.0397898588596,0.8545459508895874,0.09546835720539093,0.04998568445444107,0.03068316914141178,0.0018719518557190895,0.8038215637207031
360,0.024458536878228188,0.0712117850780487,0.13912591338157654,0.046221040189266205,2.3153748512268066,2.911530866694094,661.261636073787,0.8497390747070312,0.10374689102172852,0.046513695269823074,0.02942661941051483,0.0011570723727345467,0.7970694899559021
361,0.025704577565193176,0.08254856616258621,0.1505504548549652,0.05275026336312294,2.326683759689331,3.211434459485326,666.0852074810316,0.8427825570106506,0.113945871591568,0.04327063262462616,0.028753606602549553,0.0008982960716821253,0.7939245104789734
362,0.023060083389282227,0.0754527747631073,0.13813190162181854,0.09959618747234344,2.4244933128356934,3.2720078885275816,670.2498274222652,0.8394513726234436,0.1188017725944519,0.04174685478210449,0.03060789220035076,0.0007661748095415533,0.7851491570472717
363,0.02520635537803173,0.07984354346990585,0.14764612913131714,0.08317521214485168,2.407442808151245,3.1675957221615967,646.6585890855039,0.8540989756584167,0.10503702610731125,0.04086390510201454,0.029824543744325638,0.0014391789445653558,0.8014670014381409
364,0.027328506112098694,0.08219307661056519,0.1553352028131485,0.06774255633354187,2.3562614917755127,3.0075949365988075,629.9258598357284,0.8688002228736877,0.08607526123523712,0.04512426629662514,0.029549764469265938,0.0011670825770124793,0.8174034357070923
365,0.02730049192905426,0.0852576494216919,0.15832573175430298,0.08497492223978043,2.351332664489746,3.1229345478509276,615.697610316896,0.873979926109314,0.08345360308885574,0.04256653040647507,0.027889825403690338,0.0017634514952078462,0.8276805877685547
366,0.027001550421118736,0.08706584572792053,0.15766115486621857,0.08567286282777786,2.318269729614258,3.2244757936788404,657.979678780268,0.8487482070922852,0.109514519572258,0.041733432561159134,0.029246598482131958,0.001978439511731267,0.7959621548652649
367,0.027607211843132973,0.09040412306785583,0.16204380989074707,0.06468182057142258,2.335548162460327,3.2746560419888375,677.3833476794114,0.8372223377227783,0.11989657580852509,0.04287944361567497,0.033414725214242935,0.0025335121899843216,0.7811073660850525
368,0.02591284178197384,0.07156342267990112,0.13936203718185425,0.0716153159737587,2.3092193603515625,2.7616972032346614,628.5058809605719,0.8573075532913208,0.10264476388692856,0.04004761576652527,0.028476491570472717,0.0021541803143918514,0.7995423674583435
369,0.025377023965120316,0.0682624876499176,0.13286398351192474,0.07506916671991348,2.2417960166931152,2.6899327415638523,616.9306415289036,0.8662128448486328,0.09262735396623611,0.04115834832191467,0.0287711713463068,0.0015596847515553236,0.8122206926345825
370,0.02680545672774315,0.07436326891183853,0.14260528981685638,0.07792805880308151,2.2491371631622314,2.774183990385053,618.3092835651854,0.8717381954193115,0.08518075942993164,0.0430779755115509,0.029890641570091248,0.0011736323358491063,0.8219239711761475
371,0.024950362741947174,0.0698237344622612,0.13438299298286438,0.07106370478868484,2.3090686798095703,2.79850578453007,655.2147632633685,0.8567426204681396,0.09419622272253036,0.04905880242586136,0.030490348115563393,0.0014622359303757548,0.8027567863464355
372,0.025603037327528,0.07150878757238388,0.13862445950508118,0.04238748177886009,2.320427656173706,2.792980639555047,666.691788979161,0.8493474125862122,0.10034244507551193,0.050305161625146866,0.03227906674146652,0.0018724574474617839,0.7942337393760681
373,0.023521283641457558,0.06587114930152893,0.12741193175315857,0.06388523429632187,2.259672164916992,2.8004912615664783,631.7119328958842,0.861931324005127,0.09504667669534683,0.043021030724048615,0.029870325699448586,0.0009996212320402265,0.8062440156936646
374,0.026171810925006866,0.07245167344808578,0.14265480637550354,0.06474549323320389,2.2629754543304443,2.7683095240494318,644.4756966293875,0.8548978567123413,0.10135143250226974,0.04374949634075165,0.029797695577144623,0.0014372986042872071,0.8039524555206299
375,0.02606687881052494,0.06949304044246674,0.1342652142047882,0.03905428946018219,2.2719593048095703,2.6659517215287702,664.1854135972824,0.8466929197311401,0.10300426930189133,0.05030085891485214,0.029649125412106514,0.000958917080424726,0.7962705492973328
376,0.027630576863884926,0.07445105165243149,0.14527961611747742,0.05305693671107292,2.2463879585266113,2.6945167311019715,626.5418490464142,0.8648823499679565,0.08844323456287384,0.04667263478040695,0.030180523172020912,0.001007236773148179,0.8145923018455505
377,0.024047991260886192,0.07425084710121155,0.13792729377746582,0.07840851694345474,2.3236210346221924,3.087611197650931,603.4364732406706,0.8713756799697876,0.08869495987892151,0.039929065853357315,0.0312771201133728,0.0009821823332458735,0.8123388290405273
378,0.022798676043748856,0.07091148942708969,0.127229705452919,0.109629325568676,2.4376461505889893,3.110333656564347,669.7327679610685,0.8393480777740479,0.11472909897565842,0.04592039808630943,0.03052443079650402,0.001399276778101921,0.7875051498413086
379,0.024522213265299797,0.07242770493030548,0.144028902053833,0.08357762545347214,2.3655991554260254,2.9535549725375274,700.6603796624256,0.8349294066429138,0.1091233491897583,0.055945757776498795,0.030662531033158302,0.001839551841840148,0.7773624658584595
380,0.02546158991754055,0.07522299885749817,0.1422433853149414,0.06475798040628433,2.3003528118133545,2.9543716279368124,646.305290553136,0.8584389090538025,0.09300912171602249,0.048550572246313095,0.028684847056865692,0.001349308411590755,0.8109112977981567
381,0.02588750049471855,0.0701829046010971,0.13842004537582397,0.06232480704784393,2.314936876296997,2.7110730374569934,640.1779814038326,0.8582001328468323,0.09782283008098602,0.04395933449268341,0.03156422823667526,0.0014449433656409383,0.8017281293869019
382,0.02711455710232258,0.07481114566326141,0.14573806524276733,0.0666336938738823,2.361873149871826,2.759076808010785,663.073596942852,0.852290153503418,0.09892068058252335,0.048788852989673615,0.03314683958888054,0.002300848485901952,0.7911098003387451
383,0.025931237265467644,0.0709572285413742,0.1412956714630127,0.08463384956121445,2.2829370498657227,2.736361084981118,633.7828313721539,0.8605519533157349,0.09615030139684677,0.04329153522849083,0.028469020500779152,0.0024650876875966787,0.8063748478889465
384,0.02400638721883297,0.06485053896903992,0.1275307834148407,0.06347165256738663,2.2696690559387207,2.701386859054885,649.6089085245557,0.8535908460617065,0.10316598415374756,0.043232373893260956,0.029688483104109764,0.0019553187303245068,0.8009033799171448
385,0.02621813677251339,0.0696595087647438,0.13415883481502533,0.04108085110783577,2.259728193283081,2.6569206411005006,640.7477665853933,0.8586704730987549,0.0971851721405983,0.04414048418402672,0.02898239530622959,0.0016210363246500492,0.8094822764396667
386,0.024007415398955345,0.06682424992322922,0.13136699795722961,0.052935026586055756,2.279269218444824,2.783483719924033,635.4070120006239,0.8588954210281372,0.09501523524522781,0.04608498886227608,0.029622243717312813,0.0016217655502259731,0.8086693286895752
387,0.025455918163061142,0.07105277478694916,0.13870485126972198,0.06672170758247375,2.3270864486694336,2.791208485548245,667.8932138564777,0.8501006364822388,0.09588338434696198,0.05401403829455376,0.031233251094818115,0.001609901082701981,0.7939296364784241
388,0.025458915159106255,0.07194647938013077,0.13647925853729248,0.07261060178279877,2.273406505584717,2.8259837046344316,625.3640560991446,0.8694820404052734,0.08485183864831924,0.04566199705004692,0.02793698012828827,0.0013976976042613387,0.8103303909301758
389,0.026339618489146233,0.07311958074569702,0.13500115275382996,0.07373299449682236,2.2488293647766113,2.776030365551854,605.9242449088495,0.8771779537200928,0.08129313588142395,0.04152688756585121,0.03088472969830036,0.0011185919865965843,0.823192834854126
390,0.027890510857105255,0.07896754890680313,0.1520119607448578,0.07499804347753525,2.2972302436828613,2.8313410718274596,628.8070918113955,0.8687087297439575,0.08450715243816376,0.04678415134549141,0.029200872406363487,0.0008940292173065245,0.8152217268943787
391,0.026479220017790794,0.07732270658016205,0.14730453491210938,0.10301519930362701,2.311692476272583,2.9201278030580404,624.7660404600067,0.8705269694328308,0.08325178921222687,0.046220965683460236,0.030557630583643913,0.0012300624512135983,0.8199042081832886
392,0.02669416181743145,0.0800977423787117,0.14403167366981506,0.09280990809202194,2.2179346084594727,3.0005715453259456,628.1590898569417,0.8657276630401611,0.08922304213047028,0.04504786431789398,0.03159903734922409,0.0011277011362835765,0.8076028227806091
393,0.025696035474538803,0.07607152312994003,0.14884912967681885,0.06018877774477005,2.3048832416534424,2.9604381268213884,645.9252579098843,0.8559231758117676,0.09788177907466888,0.046194154769182205,0.029415516182780266,0.0013743401505053043,0.8039998412132263
394,0.026903612539172173,0.07700667530298233,0.152211531996727,0.05476788058876991,2.2973217964172363,2.8623172887283013,641.2505793384237,0.8594225645065308,0.0936969667673111,0.04687577486038208,0.02987118810415268,0.0012414954835548997,0.8036802411079407
395,0.02431630901992321,0.06781712174415588,0.12559933960437775,0.06504373252391815,2.166933059692383,2.788956238621658,620.3970839350732,0.8707880973815918,0.0846933126449585,0.044510725885629654,0.027923069894313812,0.0014221599558368325,0.8250369429588318
396,0.024969518184661865,0.08288610726594925,0.15253832936286926,0.05610336363315582,2.2554023265838623,3.319491655771899,631.7869414845271,0.8688620328903198,0.0817510113120079,0.04938635602593422,0.031019553542137146,0.001179136917926371,0.8152449131011963
397,0.02553693950176239,0.08716320991516113,0.162183478474617,0.07424934208393097,2.3208422660827637,3.4132206761006927,646.0477363972127,0.8600363731384277,0.08966176956892014,0.050294429063797,0.033447783440351486,0.0022242050617933273,0.8020143508911133
398,0.027233213186264038,0.07810112088918686,0.1441793590784073,0.08569836616516113,2.183724880218506,2.8678628684811915,602.0277938233583,0.8733317852020264,0.0875263586640358,0.03914109990000725,0.027840273454785347,0.0019399126758798957,0.820789635181427
399,0.024326425045728683,0.06842274218797684,0.12572744488716125,0.07725715637207031,2.1914308071136475,2.8126920440033194,585.9833933630031,0.8788562417030334,0.08500593900680542,0.03613164275884628,0.030405277386307716,0.0010594144696369767,0.825628936290741
400,0.02691604383289814,0.08176455646753311,0.1534898579120636,0.05992446839809418,2.3081631660461426,3.037762792039988,637.6323258998517,0.8561853170394897,0.09899844974279404,0.044812776148319244,0.02809813618659973,0.001362341339699924,0.806594729423523
401,0.025836315006017685,0.08121681958436966,0.156203031539917,0.05918706953525543,2.375814437866211,3.1435140639177637,669.6615497164381,0.8430032134056091,0.1082964539527893,0.048696961253881454,0.0292785856872797,0.0016848003724589944,0.7921114563941956
402,0.02515293098986149,0.07437647879123688,0.14197658002376556,0.0919703021645546,2.2963900566101074,2.956970653569526,634.5946221594901,0.8599755167961121,0.09581533819437027,0.04420845955610275,0.03500361740589142,0.001978727523237467,0.7975218892097473
403,0.02307351864874363,0.06517729163169861,0.12082539498806,0.11695883423089981,2.2979283332824707,2.824766028150752,616.0270026854712,0.8668799996376038,0.09373369067907333,0.03938603028655052,0.030735155567526817,0.0020444784313440323,0.8099985122680664
404,0.024321826174855232,0.06801573932170868,0.12906448543071747,0.0954667180776596,2.3012146949768066,2.7964898207038944,635.3025631848105,0.8508985042572021,0.11332186311483383,0.03577525541186333,0.030120767652988434,0.0012584890937432647,0.8015131950378418
405,0.027994783595204353,0.07553859055042267,0.14883959293365479,0.046295031905174255,2.2467143535614014,2.6983095007980165,639.2661218591019,0.8505458831787109,0.10991903394460678,0.03953368216753006,0.028867339715361595,0.001135222613811493,0.7986205220222473
406,0.02635219134390354,0.07213769108057022,0.14268504083156586,0.06141454353928566,2.2702736854553223,2.7374456316142948,622.2986117881632,0.8668049573898315,0.09001726657152176,0.04317774996161461,0.029598230496048927,0.0013669803738594055,0.8195153474807739
407,0.02693922072649002,0.0748162567615509,0.14334946870803833,0.08611035346984863,2.2856240272521973,2.777224238160867,614.920633741189,0.8683148622512817,0.08943770825862885,0.04224550724029541,0.032077763229608536,0.0014463543193414807,0.8100049495697021
408,0.024664035066962242,0.07167259603738785,0.13395044207572937,0.0866626650094986,2.278615951538086,2.905955811362276,620.0532217136982,0.8670839071273804,0.09232885390520096,0.04058442637324333,0.031075850129127502,0.001341027207672596,0.8152688145637512
409,0.02470020018517971,0.07106582075357437,0.1296052187681198,0.10544424504041672,2.297765016555786,2.8771354166326644,651.4066740612645,0.8579859137535095,0.09469173103570938,0.04732174053788185,0.03124055825173855,0.0008079253020696342,0.80366450548172
410,0.024533044546842575,0.07403995841741562,0.13539841771125793,0.09082810580730438,2.323070764541626,3.0179686126207543,678.1089758294506,0.8488824367523193,0.09800171107053757,0.05311565101146698,0.029949061572551727,0.0008073661010712385,0.7976980805397034
411,0.022884292528033257,0.06478011608123779,0.12186967581510544,0.04775034263730049,2.336225986480713,2.8307676979330427,671.8511714168732,0.8463893532752991,0.1031944528222084,0.050414878875017166,0.03272528573870659,0.00106944574508816,0.7895737886428833
412,0.026242773979902267,0.0727556124329567,0.13461658358573914,0.076044000685215,2.264181137084961,2.7724055576557327,642.3429671894294,0.85703444480896,0.09686646610498428,0.046099044382572174,0.03237909451127052,0.0021883840672671795,0.8004055023193359
413,0.024461187422275543,0.06485506147146225,0.12801747024059296,0.09017671644687653,2.19535231590271,2.6513455928860896,652.2910839082675,0.8558771014213562,0.0988641083240509,0.04525820538401604,0.028474174439907074,0.002248885342851281,0.8035756349563599
414,0.026765555143356323,0.08223680406808853,0.15210235118865967,0.08052356541156769,2.252429485321045,3.072486396211687,650.1675808937919,0.8547353148460388,0.09923815727233887,0.0460180938243866,0.03139553964138031,0.0019099415512755513,0.8007795214653015
415,0.02783154882490635,0.08655370771884918,0.1549532115459442,0.08131583034992218,2.250967502593994,3.109913438891431,607.4486317360358,0.8749871850013733,0.0827908143401146,0.04222190007567406,0.028662392869591713,0.0023368254769593477,0.8217054009437561
416,0.024082163348793983,0.06604187190532684,0.12951961159706116,0.07311546057462692,2.2481207847595215,2.7423562802920616,612.6620912142682,0.8741120100021362,0.08475115895271301,0.04113535210490227,0.030695751309394836,0.0018255629111081362,0.8191718459129333
417,0.026933487504720688,0.07464013248682022,0.14792780578136444,0.07476848363876343,2.2614340782165527,2.771276184377037,602.7339271255405,0.8786699175834656,0.07978906482458115,0.04153727367520332,0.03260359913110733,0.0024331584572792053,0.822324812412262
418,0.024638203904032707,0.06690812110900879,0.13200342655181885,0.0739116370677948,2.271700859069824,2.7156249443711213,606.8570969982851,0.8785412311553955,0.07714059203863144,0.04431437328457832,0.028616948053240776,0.0018991780234500766,0.8226185441017151
419,0.027702268213033676,0.07467862218618393,0.1449834406375885,0.05808858200907707,2.2673134803771973,2.6957583981643976,638.7397285812366,0.8659012317657471,0.08464023470878601,0.049457769840955734,0.03068963624536991,0.0018770437454804778,0.8144435882568359
420,0.023371711373329163,0.06672588735818863,0.1290048360824585,0.0718461349606514,2.2662432193756104,2.854985083868462,630.3008131436328,0.8702107071876526,0.08212459832429886,0.04766472801566124,0.03009790927171707,0.0013416477013379335,0.8157346844673157
421,0.02583836205303669,0.07315127551555634,0.13492146134376526,0.07778716832399368,2.2654836177825928,2.83111117347812,613.6910361521732,0.8729208707809448,0.08713960647583008,0.03993942216038704,0.03089739754796028,0.0013299937127158046,0.8210684061050415
422,0.026711173355579376,0.07513046264648438,0.1462545394897461,0.07610189914703369,2.2432353496551514,2.812697953906191,612.2178927445533,0.8736882209777832,0.0857645571231842,0.04054715484380722,0.02935754507780075,0.0010972502641379833,0.8239281177520752
423,0.02429048903286457,0.06765829771757126,0.1310470998287201,0.09265175461769104,2.2662055492401123,2.785382279592868,607.5702720883849,0.8767316937446594,0.08018091320991516,0.043085262179374695,0.029414648190140724,0.0012469232315197587,0.8269453048706055
424,0.027753418311476707,0.07360739260911942,0.146537184715271,0.06969458609819412,2.238926649093628,2.652191949127535,615.5999210709673,0.8760976791381836,0.07917989790439606,0.044721897691488266,0.03128049522638321,0.00102758698631078,0.8201732039451599
425,0.02714008092880249,0.0732438713312149,0.14521628618240356,0.053986527025699615,2.2509026527404785,2.6987344481639295,633.4335054003398,0.8670914173126221,0.08614823967218399,0.04676014557480812,0.030334319919347763,0.0015487555647268891,0.8174008727073669
426,0.025496337562799454,0.07608738541603088,0.13843312859535217,0.09299742430448532,2.3021841049194336,2.9842476483391986,640.2986998866295,0.8555921316146851,0.10007423162460327,0.04433372989296913,0.03420228138566017,0.001370251295156777,0.7954778671264648
427,0.025824015960097313,0.07808799296617508,0.14012625813484192,0.09473583847284317,2.2850003242492676,3.0238516380957567,614.5051900185723,0.8675408363342285,0.09351807087659836,0.03894083946943283,0.03280981630086899,0.001579873962327838,0.8137190341949463
428,0.025919659063220024,0.08193757385015488,0.15206392109394073,0.06900732964277267,2.2706432342529297,3.1612134113007304,599.8694079204843,0.8816079497337341,0.07706015557050705,0.04133186861872673,0.028706476092338562,0.0016776653937995434,0.8304978609085083
429,0.02551312930881977,0.08339428901672363,0.15875741839408875,0.07738984376192093,2.3184149265289307,3.268681313218051,603.3005022593799,0.8816022276878357,0.0747252032160759,0.04367215186357498,0.03167291730642319,0.0015448563499376178,0.8277205228805542
430,0.026850217953324318,0.0884353518486023,0.17047119140625,0.06804674863815308,2.3396081924438477,3.2936548969189836,638.1939203176798,0.8656702637672424,0.08706942945718765,0.0472574457526207,0.02867906726896763,0.001260570716112852,0.814927339553833
431,0.023960137739777565,0.07018022239208221,0.13400952517986298,0.037715569138526917,2.2970685958862305,2.929040857417237,638.8122995204444,0.8622852563858032,0.09061385691165924,0.04710075631737709,0.031081290915608406,0.002029369818046689,0.8067550659179688
432,0.02483258955180645,0.07156530767679214,0.14139023423194885,0.0897529348731041,2.261586904525757,2.8819107860099997,600.908502745716,0.8763967156410217,0.08252065628767014,0.041082434356212616,0.0324055477976799,0.002411680528894067,0.8213709592819214
433,0.02451891265809536,0.06756823509931564,0.13000106811523438,0.10649625211954117,2.275940418243408,2.7557598511307155,611.1444453305016,0.8713657855987549,0.08816827088594437,0.04046540707349777,0.028874298557639122,0.0018102810718119144,0.8212398290634155
434,0.02617124281823635,0.07462456077337265,0.14129787683486938,0.06536342948675156,2.2534947395324707,2.851395376551327,641.4566419356288,0.8588692545890808,0.09466134756803513,0.04646507278084755,0.031112896278500557,0.001581632299348712,0.8069806098937988
435,0.023825429379940033,0.06799396872520447,0.12813027203083038,0.06453397125005722,2.255530595779419,2.8538402241597614,639.5937910664993,0.8587592244148254,0.09436026960611343,0.046864103525877,0.030491530895233154,0.0015804184367880225,0.8007091283798218
436,0.02783658541738987,0.07748139649629593,0.14773404598236084,0.09538132697343826,2.2673633098602295,2.783437527690048,631.3743760438228,0.8605882525444031,0.09712230414152145,0.04228849709033966,0.03013845719397068,0.0016901502385735512,0.809895396232605
437,0.028427431359887123,0.0833236500620842,0.1551589071750641,0.0830255001783371,2.2674500942230225,2.9311002110703526,661.4752979796331,0.8470520973205566,0.10825187712907791,0.04469369724392891,0.028327738866209984,0.001135210390202701,0.79442298412323
438,0.02787441574037075,0.08322612196207047,0.15273340046405792,0.0613354817032814,2.3050708770751953,2.9857530552128355,647.9564650701717,0.8570017218589783,0.09687479585409164,0.04612186178565025,0.030015569180250168,0.0015714322216808796,0.8071281313896179
439,0.02646818198263645,0.07312077283859253,0.13947737216949463,0.05124427750706673,2.2386081218719482,2.7625914346439937,593.9660688290925,0.8781221508979797,0.08533081412315369,0.036541976034641266,0.031301382929086685,0.0012883124873042107,0.8217270374298096
440,0.023054255172610283,0.06435544788837433,0.12745477259159088,0.05638901889324188,2.275747776031494,2.7914780765522473,604.5429873902995,0.8742567896842957,0.08751855790615082,0.03822237625718117,0.030163239687681198,0.00151892751455307,0.8253055214881897
441,0.02551434561610222,0.07091157883405685,0.1399175375699997,0.0999380424618721,2.286349296569824,2.7792826787814993,645.278027034869,0.8623040914535522,0.08613725006580353,0.05155717581510544,0.034319065511226654,0.001316589186899364,0.8036869168281555
442,0.02627534046769142,0.07248304039239883,0.13925525546073914,0.08439765125513077,2.248492956161499,2.7585956680091948,650.883294511786,0.8573063015937805,0.09333588182926178,0.04935222864151001,0.0317385159432888,0.0017103319987654686,0.8047777414321899
443,0.025359051302075386,0.06955616921186447,0.13397827744483948,0.07572470605373383,2.322511672973633,2.7428537598103735,636.5810427513792,0.8599928021430969,0.09435493499040604,0.045649901032447815,0.028706688433885574,0.00187764095608145,0.8086089491844177
444,0.02404005452990532,0.06653249263763428,0.13140282034873962,0.08195952326059341,2.2815709114074707,2.7675682911659663,642.8168284279405,0.8624745607376099,0.0879053995013237,0.049615126103162766,0.032209090888500214,0.0018265979597344995,0.8080317974090576
445,0.0232005063444376,0.06585565209388733,0.1252255141735077,0.08147945255041122,2.234055757522583,2.838543741819579,629.929085651855,0.8650371432304382,0.08835692703723907,0.046605974435806274,0.029069481417536736,0.0018082758178934455,0.8094533681869507
446,0.025786561891436577,0.0823400616645813,0.15385320782661438,0.07657507061958313,2.347372531890869,3.193138426442664,643.5307312216446,0.8531982898712158,0.10167104005813599,0.04512767493724823,0.031354088336229324,0.001488668960519135,0.7954413294792175
447,0.024442914873361588,0.07660171389579773,0.14427334070205688,0.08717139810323715,2.298330545425415,3.133902576249039,638.3567720516802,0.8583638668060303,0.09943445771932602,0.04220175743103027,0.03178388252854347,0.0019869329407811165,0.8040912747383118
448,0.02808299846947193,0.08264944702386856,0.15824660658836365,0.07546206563711166,2.281238079071045,2.9430421082268303,613.0298802057798,0.868625819683075,0.09340425580739975,0.03796914964914322,0.028584547340869904,0.00138178002089262,0.8171335458755493
449,0.02626221999526024,0.07119184732437134,0.14222298562526703,0.05890936031937599,2.2709975242614746,2.710808428781311,606.6113681378365,0.8657982349395752,0.09818696975708008,0.03601371496915817,0.030127178877592087,0.0014595709508284926,0.8157594799995422
450,0.026815729215741158,0.08595018833875656,0.15906670689582825,0.07101362198591232,2.313599109649658,3.20521540339457,620.7407876039287,0.8602660298347473,0.10127083957195282,0.038462914526462555,0.03028884343802929,0.0013830963289365172,0.8047434091567993
451,0.02273467741906643,0.07276470959186554,0.13473352789878845,0.08764289319515228,2.308562994003296,3.200604444364838,637.937221455805,0.8592293858528137,0.09722422808408737,0.0435459241271019,0.03203429654240608,0.001457677106373012,0.8040372729301453
452,0.02709602378308773,0.07089845836162567,0.14047843217849731,0.09702704101800919,2.242513656616211,2.6165631875205664,638.4962440510399,0.8616143465042114,0.09299880266189575,0.045386381447315216,0.032232340425252914,0.0014741248451173306,0.8054583072662354
453,0.026785608381032944,0.07146558165550232,0.13725756108760834,0.10386921465396881,2.2858359813690186,2.6680589306098974,656.8694380154992,0.8522566556930542,0.09761922061443329,0.05012197047472,0.029988287016749382,0.0017603888409212232,0.8031583428382874
454,0.02592488005757332,0.06992670893669128,0.13788741827011108,0.07490087300539017,2.254768133163452,2.697281868949925,653.5343086442955,0.8507818579673767,0.09952659904956818,0.049691326916217804,0.028152965009212494,0.0013870263937860727,0.8005246520042419
455,0.024212969467043877,0.07485581934452057,0.14104722440242767,0.055107954889535904,2.2562828063964844,3.091558821123316,630.7505810196618,0.861219048500061,0.09316641837358475,0.04561448469758034,0.029005490243434906,0.0016244588186964393,0.8132585883140564
456,0.024888701736927032,0.07699576020240784,0.13988780975341797,0.053467005491256714,2.33120059967041,3.093602913207669,632.054596946766,0.8563107848167419,0.10215101391077042,0.0415373295545578,0.03233414888381958,0.0010720697464421391,0.794246256351471
457,0.025454726070165634,0.07348615676164627,0.14304308593273163,0.05512697622179985,2.384864568710327,2.8869356737996577,649.8546530266691,0.8485240340232849,0.10987719893455505,0.041595496237277985,0.03007178194820881,0.0014309232356026769,0.796974778175354
458,0.02365775965154171,0.06634817272424698,0.12581558525562286,0.04443990811705589,2.3177924156188965,2.8044993988735007,640.7290567826373,0.8583927154541016,0.09658811241388321,0.0450141504406929,0.030258918181061745,0.0012794248759746552,0.8090370893478394
459,0.026242097839713097,0.070217564702034,0.13688696920871735,0.07359020411968231,2.2659435272216797,2.6757603423418197,620.9577410738979,0.8694595694541931,0.08605994284152985,0.0444803386926651,0.03276260197162628,0.00158116000238806,0.8114766478538513
460,0.02365291491150856,0.0706927552819252,0.13535064458847046,0.07836940139532089,2.2441539764404297,2.9887544745929047,618.2310763636684,0.8702821731567383,0.08510608226060867,0.04461003467440605,0.02894793450832367,0.0021167430095374584,0.8183440566062927
461,0.02712772600352764,0.08271343261003494,0.15828841924667358,0.07343029230833054,2.224025011062622,3.049036716023673,642.1362681453036,0.8572518229484558,0.09723816066980362,0.04550793021917343,0.031697243452072144,0.0019259542459622025,0.801762580871582
462,0.023689916357398033,0.06341379135847092,0.12386780977249146,0.07085703313350677,2.228560447692871,2.6768263086750346,626.3325440870567,0.861911952495575,0.09750306606292725,0.04058462381362915,0.0313364639878273,0.001856012037023902,0.8064323663711548
463,0.0270009096711874,0.07706275582313538,0.14142459630966187,0.06547718495130539,2.236039638519287,2.8540799831834835,605.6362923349744,0.8727059364318848,0.0883752629160881,0.03891512379050255,0.029003923758864403,0.0016805250197649002,0.8240687847137451
464,0.027079880237579346,0.07708355039358139,0.15230949223041534,0.047190770506858826,2.2382543087005615,2.8465247894178027,592.6715085915631,0.8817490935325623,0.07844778150320053,0.03980132192373276,0.03077431209385395,0.0018646582029759884,0.829673171043396
465,0.02781943418085575,0.07957393676042557,0.15508060157299042,0.05466955527663231,2.2979180812835693,2.8603722218162466,623.214967637823,0.8733919262886047,0.07985896617174149,0.04674855247139931,0.02951817587018013,0.001731889438815415,0.8160268664360046
466,0.023092273622751236,0.06795884668827057,0.12742626667022705,0.07733715325593948,2.3302435874938965,2.9429257506446853,649.8009305508759,0.8581281900405884,0.09518581628799438,0.046680621802806854,0.03071405738592148,0.0013120019575580955,0.8059701919555664
467,0.02766038477420807,0.0860135406255722,0.1699475795030594,0.08665880560874939,2.3441319465637207,3.109629216100635,631.5024179633963,0.8608490228652954,0.09566532075405121,0.043485209345817566,0.03164982050657272,0.0014021627139300108,0.8000080585479736
468,0.026755953207612038,0.0798577070236206,0.15782493352890015,0.07697966694831848,2.303929328918457,2.9846706039953945,636.4105962164006,0.8612722754478455,0.09469154477119446,0.044034332036972046,0.030182084068655968,0.0015947164501994848,0.8130205869674683
469,0.026376260444521904,0.07091726362705231,0.1404164582490921,0.07446429133415222,2.261958360671997,2.6886777135646787,629.305858026297,0.8644179701805115,0.09227557480335236,0.04329298064112663,0.02991384267807007,0.0010018172906711698,0.812121570110321
470,0.025686871260404587,0.0802602767944336,0.1497502624988556,0.07774024456739426,2.3163912296295166,3.1245641393090735,614.1760457542453,0.8706635236740112,0.08955560624599457,0.039780862629413605,0.03040420636534691,0.0012890856014564633,0.8165355920791626
471,0.02592899277806282,0.08034975826740265,0.14323440194129944,0.07094673067331314,2.342038631439209,3.098838391141965,635.9396982835005,0.863574743270874,0.09049218893051147,0.04593300074338913,0.0335097536444664,0.0014777990290895104,0.8064422011375427
472,0.02762705646455288,0.0762033462524414,0.14228299260139465,0.068205326795578,2.280673027038574,2.7582868391157214,638.3274925974962,0.8682926893234253,0.08041612058877945,0.05129043385386467,0.031197015196084976,0.0014740560436621308,0.815902829170227
473,0.02792157605290413,0.072830431163311,0.14409378170967102,0.0645340234041214,2.254345655441284,2.6083925571646773,634.6496965173013,0.8680795431137085,0.08158670365810394,0.050331201404333115,0.029505085200071335,0.00124548957683146,0.8162221908569336
474,0.024285009130835533,0.06385824084281921,0.1274331957101822,0.06567520648241043,2.3082427978515625,2.6295333263476777,641.1974433741636,0.8606566190719604,0.0928029716014862,0.04654030129313469,0.032386742532253265,0.002511243801563978,0.8050905466079712
475,0.022322874516248703,0.06515326350927353,0.12592437863349915,0.08425895869731903,2.3375654220581055,2.9186771380598917,632.6390832598549,0.8612496256828308,0.09479453414678574,0.04395272582769394,0.02990000694990158,0.0027924596797674894,0.8039182424545288
476,0.027189113199710846,0.07982181012630463,0.15399494767189026,0.08645474910736084,2.290518283843994,2.9358004263345276,635.8548450930803,0.861152172088623,0.09369749575853348,0.04515011981129646,0.03320702165365219,0.001849083579145372,0.8017863631248474
477,0.02559535577893257,0.07023174315690994,0.13994120061397552,0.09561006724834442,2.272165536880493,2.743925255845573,659.852603908716,0.8502376675605774,0.10266511142253876,0.04709712415933609,0.029626045376062393,0.0020641537848860025,0.7948747873306274
478,0.024966798722743988,0.07233841717243195,0.13992580771446228,0.11010773479938507,2.293259382247925,2.8973845615071383,668.3871039044824,0.8413330316543579,0.11363387852907181,0.04502265900373459,0.028110269457101822,0.0013635163195431232,0.7912921905517578
479,0.02360156737267971,0.0723586454987526,0.14283475279808044,0.07625747472047806,2.375232696533203,3.0658406856252443,677.794356770826,0.8369252681732178,0.11728644371032715,0.04578796401619911,0.03062908723950386,0.0015517667634412646,0.7869924902915955
480,0.027162667363882065,0.0825028195977211,0.15837401151657104,0.042621590197086334,2.3696699142456055,3.0373607455204104,678.8480507862356,0.8404563069343567,0.11004285514354706,0.04948044195771217,0.02831435389816761,0.0021038358099758625,0.7831936478614807
481,0.023700345307588577,0.0700787678360939,0.13143227994441986,0.07282925397157669,2.292067766189575,2.956866953778037,654.2772325226825,0.8496460914611816,0.10483546555042267,0.04551852494478226,0.03080851584672928,0.0018315869383513927,0.7943984866142273
482,0.023188335821032524,0.06919262558221817,0.13373912870883942,0.06570074707269669,2.331495761871338,2.983940982796809,664.8864279191554,0.8498135805130005,0.10045439749956131,0.04971607029438019,0.030282840132713318,0.0008426368585787714,0.7971104383468628
483,0.024592533707618713,0.06989340484142303,0.13594122231006622,0.059079334139823914,2.32211971282959,2.8420579054417705,645.9163809929892,0.8606277108192444,0.0890139639377594,0.05035686120390892,0.030560066923499107,0.0012576970038935542,0.8119143843650818
484,0.02313498593866825,0.06196539103984833,0.12264101207256317,0.07894299179315567,2.337824583053589,2.6784278668438604,636.2769725310236,0.8553848266601562,0.10256011039018631,0.04205332323908806,0.03096671588718891,0.001302341348491609,0.8039095997810364
485,0.02698965184390545,0.07160159200429916,0.13554002344608307,0.07318548113107681,2.325498104095459,2.6529275892758375,626.2756827617717,0.8604284524917603,0.09945546090602875,0.0401155911386013,0.03130258247256279,0.0013927285326644778,0.8088014125823975
486,0.0243671964854002,0.06430156528949738,0.12603680789470673,0.08422253280878067,2.2281112670898438,2.638857749818914,599.176826032734,0.8750892877578735,0.08186367154121399,0.043046437203884125,0.03376951813697815,0.0012447233311831951,0.811723530292511
487,0.023055190220475197,0.0658603087067604,0.12463638186454773,0.0754251629114151,2.245764970779419,2.8566369686862774,629.7232522424499,0.8630643486976624,0.08660469204187393,0.05033046379685402,0.0323413722217083,0.001328750397078693,0.8094801902770996
488,0.02375861629843712,0.06843835860490799,0.13313566148281097,0.05639554560184479,2.299804210662842,2.8805700526646163,641.0816298547784,0.854982852935791,0.0973915308713913,0.04761764407157898,0.030427737161517143,0.0011860926169902086,0.8025907278060913
489,0.026472963392734528,0.07568775117397308,0.14307090640068054,0.09673617035150528,2.3076980113983154,2.859058506154488,637.0018877980222,0.8553073406219482,0.10172505676746368,0.04296739399433136,0.0307652335613966,0.0015645773382857442,0.8043367862701416
490,0.024005837738513947,0.06728315353393555,0.13147957623004913,0.061462920159101486,2.3060851097106934,2.802782984040025,696.8719565966007,0.833611786365509,0.11067144572734833,0.05571195110678673,0.028243206441402435,0.0015811120392754674,0.783303439617157
491,0.0233575701713562,0.06669735908508301,0.12834835052490234,0.0626922994852066,2.3438076972961426,2.8554921848857235,685.903151908912,0.8395777940750122,0.1069989800453186,0.053417935967445374,0.03222944214940071,0.0018832872156053782,0.7838593125343323
492,0.028121067211031914,0.08129558712244034,0.15923970937728882,0.13126009702682495,2.388719081878662,2.890914007973962,638.9219602903739,0.856421172618866,0.09844642877578735,0.04513230919837952,0.0299723818898201,0.0015553439734503627,0.803444504737854
493,0.023486005142331123,0.0649339109659195,0.12871429324150085,0.09613414853811264,2.3298230171203613,2.764791652289898,672.5109661938806,0.848170816898346,0.09937421977519989,0.052454642951488495,0.02953261509537697,0.0014195339754223824,0.7984817028045654
494,0.02727939561009407,0.07450622320175171,0.14063319563865662,0.10087021440267563,2.2580161094665527,2.7312270500396014,663.5922414680741,0.8520032167434692,0.09670441597700119,0.05129239708185196,0.031033940613269806,0.00111847382504493,0.8002640008926392
495,0.02586422488093376,0.07649314403533936,0.14571432769298553,0.12548194825649261,2.3150103092193604,2.957488360255097,651.8988806409832,0.8501967787742615,0.10380895435810089,0.045992422848939896,0.029559997841715813,0.0012892469530925155,0.7943713068962097
496,0.02266547828912735,0.06894168257713318,0.13082493841648102,0.08694559335708618,2.3374552726745605,3.0417042911978993,665.401926603815,0.8491512537002563,0.10373099148273468,0.04711368680000305,0.032118991017341614,0.001614058157429099,0.7895722389221191
497,0.024970492348074913,0.0679941400885582,0.13449648022651672,0.0866684690117836,2.295135021209717,2.7229795527470726,651.0869718097794,0.8558882474899292,0.09733641147613525,0.04677451029419899,0.03141306713223457,0.0012360460823401809,0.7987551689147949
498,0.023769846186041832,0.06458964943885803,0.1287701427936554,0.07407233119010925,2.2758636474609375,2.717293537813012,629.3010619275882,0.86306232213974,0.09236542880535126,0.04457223787903786,0.030499685555696487,0.0011711668921634555,0.816085696220398
499,0.02677188441157341,0.07687573879957199,0.1456136703491211,0.05528385564684868,2.3286750316619873,2.87151018639044,624.9274378943634,0.8652186989784241,0.09165354818105698,0.04312776401638985,0.029760261997580528,0.0011251625837758183,0.8145846128463745
500,0.024854637682437897,0.07382415235042572,0.1472659409046173,0.07064975053071976,2.361029624938965,2.970236512424363,633.7485652035004,0.8642140030860901,0.09431401640176773,0.041469551622867584,0.03184136748313904,0.0013060939963907003,0.8092660903930664
501,0.025337088853120804,0.07451087981462479,0.1449766606092453,0.07517822831869125,2.305295944213867,2.940782985907491,658.0090275818037,0.850641667842865,0.10385560244321823,0.04549972340464592,0.034176893532276154,0.001306592719629407,0.7904514670372009
502,0.028139617294073105,0.07896357029676437,0.14867132902145386,0.07749424874782562,2.293705701828003,2.806135189002372,667.522628738857,0.8442221283912659,0.10971368849277496,0.04606414958834648,0.029321713373064995,0.0008968301117420197,0.7950344085693359
503,0.02883509173989296,0.08307506889104843,0.16254501044750214,0.07694839686155319,2.3078489303588867,2.8810405611865684,656.0737513310315,0.8506510853767395,0.10357007384300232,0.04577874764800072,0.03050624020397663,0.0012310179881751537,0.796221911907196
504,0.023265257477760315,0.06894887238740921,0.1336841881275177,0.06903820484876633,2.292442560195923,2.963598079684057,653.0850526581727,0.8518478870391846,0.10067597031593323,0.047476042062044144,0.030933937057852745,0.001773662632331252,0.8003413081169128
505,0.02549269236624241,0.07383690029382706,0.1360972821712494,0.06873537600040436,2.284714460372925,2.8963947483517267,657.0479366653734,0.8504810333251953,0.10044070333242416,0.0490778386592865,0.030701028183102608,0.0019808413926512003,0.7933512330055237
506,0.026138469576835632,0.0880700945854187,0.16139644384384155,0.08426914364099503,2.431705951690674,3.369366914277896,688.3364620947507,0.8419389724731445,0.10259201377630234,0.055463213473558426,0.031138021498918533,0.0017157819820567966,0.7849746346473694
507,0.027426710352301598,0.09249904751777649,0.1706434190273285,0.0751178115606308,2.3867406845092773,3.372589943388583,684.5838506555945,0.8413705229759216,0.10631675273180008,0.0523126982152462,0.02725731022655964,0.0015101491007953882,0.7927694320678711
508,0.02677321992814541,0.07251202315092087,0.14082539081573486,0.08609802275896072,2.268205165863037,2.7083788704840863,647.3771057571341,0.8533338308334351,0.09976353496313095,0.04690053313970566,0.029886921867728233,0.0012632503639906645,0.8009689450263977
509,0.02519816718995571,0.09101694077253342,0.16145440936088562,0.10666577517986298,2.340341329574585,3.6120460699697956,654.0218853189111,0.8511796593666077,0.1012129932641983,0.04759913310408592,0.032180894166231155,0.0016434325370937586,0.7970404624938965
510,0.024813447147607803,0.08944302797317505,0.15639258921146393,0.10251082479953766,2.332615375518799,3.604619198513633,637.6478309371379,0.8591476082801819,0.09561161696910858,0.045239824801683426,0.0301738902926445,0.00133267673663795,0.8071139454841614
511,0.02265581116080284,0.06766009330749512,0.1288122534751892,0.09940380603075027,2.287492513656616,2.9864343776650304,647.2029432992958,0.8570107817649841,0.09760307520627975,0.04538578540086746,0.03332313150167465,0.001267205341719091,0.8001561760902405
512,0.02401258423924446,0.06888784468173981,0.13227497041225433,0.0779864639043808,2.2804946899414062,2.8688226136979287,653.5955175034,0.8513538241386414,0.10384353250265121,0.04480111226439476,0.029762282967567444,0.001223139581270516,0.7995731234550476
513,0.027884524315595627,0.08676967769861221,0.1588382124900818,0.07223202288150787,2.3317766189575195,3.1117503283701624,634.128575010634,0.8612869381904602,0.09293857216835022,0.04577218368649483,0.029565084725618362,0.001341691124252975,0.813427209854126
514,0.026929574087262154,0.08800606429576874,0.15559068322181702,0.08247946947813034,2.3743104934692383,3.26800802743212,637.8784176719324,0.8583893775939941,0.09684635698795319,0.04476314038038254,0.030849413946270943,0.0010168380104005337,0.8059810400009155
515,0.025906812399625778,0.07408381998538971,0.1403559148311615,0.09061284363269806,2.374326705932617,2.8596269907601686,674.0468268196503,0.8441582322120667,0.10645399242639542,0.0493835024535656,0.03069499507546425,0.001582291442900896,0.7925623655319214
516,0.023605680093169212,0.06769625097513199,0.13030827045440674,0.10083398967981339,2.3762502670288086,2.8677949843035235,663.5599487356179,0.848757803440094,0.10220450907945633,0.04903507977724075,0.03359747678041458,0.0014772734139114618,0.782415509223938
517,0.022775471210479736,0.06535544246435165,0.12357914447784424,0.07483375072479248,2.3276209831237793,2.869553909883978,643.4370796021157,0.8597096800804138,0.09216862171888351,0.04812141880393028,0.03147662803530693,0.0012707242276519537,0.8079319000244141
518,0.024683896452188492,0.06820181757211685,0.1358279585838318,0.0721372738480568,2.2774105072021484,2.7630085753056637,666.2113556051468,0.8469868898391724,0.10196250677108765,0.05104714632034302,0.030699558556079865,0.001058124704286456,0.7969092726707458
519,0.026627067476511,0.07552444189786911,0.1477563977241516,0.08591438084840775,2.251742362976074,2.836378507008195,668.086693714846,0.839654266834259,0.11363214254379272,0.046709612011909485,0.03078002668917179,0.0015192015562206507,0.7888802289962769
520,0.024953152984380722,0.07129541784524918,0.14015212655067444,0.056205861270427704,2.271355628967285,2.8571707105318094,651.1744928468511,0.849297285079956,0.10613837838172913,0.04456235468387604,0.029629146680235863,0.0021012502256780863,0.7982726097106934
521,0.025577375665307045,0.07025062292814255,0.13832029700279236,0.0778910294175148,2.2944176197052,2.746592294872666,652.1457082077823,0.8519054651260376,0.09987776726484299,0.04821678251028061,0.034015264362096786,0.0022882006596773863,0.7926726341247559
522,0.027218637987971306,0.07895156741142273,0.1464318335056305,0.09527819603681564,2.288132429122925,2.9006435753108972,639.434412185402,0.8583747148513794,0.0982736125588417,0.04335157573223114,0.02804231084883213,0.0020596629474312067,0.8061039447784424
523,0.02450498752295971,0.07091405242681503,0.1307447999715805,0.07462814450263977,2.292055606842041,2.893862009008531,642.3905007963848,0.85906583070755,0.09911364316940308,0.04182043299078941,0.02920883521437645,0.0014314386062324047,0.8082215785980225
524,0.02724406309425831,0.07952655851840973,0.15021857619285583,0.06008788198232651,2.3581058979034424,2.9190417831711355,653.5715176842317,0.8582517504692078,0.09452462196350098,0.0472230538725853,0.03160839155316353,0.0015356969088315964,0.8030652403831482
525,0.02714884839951992,0.07988426089286804,0.1543639898300171,0.07565844058990479,2.360722303390503,2.942454859018558,648.6328947638705,0.8584643006324768,0.09162065386772156,0.049913596361875534,0.030272889882326126,0.001767451991327107,0.8028329014778137
526,0.027046894654631615,0.07862664759159088,0.15284818410873413,0.07495284825563431,2.301182985305786,2.90704898261655,647.7170929405697,0.8540506958961487,0.09875276684761047,0.04719644412398338,0.03234923258423805,0.0014021741226315498,0.798172652721405
527,0.027657873928546906,0.0778469443321228,0.1526062786579132,0.07190310955047607,2.313527822494507,2.814639495805891,663.299681760167,0.8525432348251343,0.09827220439910889,0.049183234572410583,0.030379973351955414,0.0010648976312950253,0.7943389415740967
528,0.02355249598622322,0.06554639339447021,0.12811428308486938,0.08376876264810562,2.341343879699707,2.782991383589573,663.2676519193689,0.8566884398460388,0.09169202297925949,0.05161919444799423,0.029488543048501015,0.0015489751240238547,0.8083765506744385
529,0.02606678195297718,0.07355572283267975,0.1429719179868698,0.07068286836147308,2.2851805686950684,2.821818318906714,635.792458301535,0.863955020904541,0.08927330374717712,0.04676394164562225,0.031350523233413696,0.0014688096707686782,0.8094255924224854
530,0.023913994431495667,0.06218860298395157,0.12089482694864273,0.08789017796516418,2.292621374130249,2.6005108916244555,645.1050144012564,0.8570589423179626,0.09754391759634018,0.04539235308766365,0.032246753573417664,0.0010925080860033631,0.8032405972480774
531,0.025538034737110138,0.07291070371866226,0.1391969621181488,0.06866969913244247,2.375856399536133,2.854984906487671,683.2707685409841,0.8408557176589966,0.10814186185598373,0.050997622311115265,0.03168362006545067,0.0011412710882723331,0.781794011592865
532,0.02519027143716812,0.07102774828672409,0.13896138966083527,0.04816266894340515,2.3117029666900635,2.8196499772171313,675.8831326862997,0.8453995585441589,0.10102096945047379,0.053577955812215805,0.028597122058272362,0.0013694842346012592,0.7980526089668274
533,0.02362743206322193,0.06368418037891388,0.12483993172645569,0.06461655348539352,2.252039909362793,2.695349211281757,639.554990159643,0.8600997924804688,0.08984209597110748,0.05004578456282616,0.03075021505355835,0.0012009777128696442,0.807072639465332
534,0.02329837903380394,0.06200459972023964,0.12320992350578308,0.08177746087312698,2.306732416152954,2.661326765592361,640.1255152374258,0.8597069382667542,0.09368529915809631,0.04660739749670029,0.031778354197740555,0.001211346359923482,0.8088204860687256
535,0.024579240009188652,0.06469626724720001,0.12715625762939453,0.09565714001655579,2.3218512535095215,2.6321508403181686,657.5509161732851,0.8554046750068665,0.09633747488260269,0.048257648944854736,0.032014258205890656,0.0011619901051744819,0.7968564629554749
536,0.023236840963363647,0.05879287049174309,0.11743241548538208,0.09523218870162964,2.2948641777038574,2.530157631233466,659.2813560309753,0.853579044342041,0.09298968315124512,0.05343075469136238,0.03249463438987732,0.001965595642104745,0.798079788684845
537,0.02697429433465004,0.07214564085006714,0.13823655247688293,0.096999391913414,2.203005790710449,2.674607163113709,612.2900443811325,0.8710156679153442,0.0835920199751854,0.045382868498563766,0.02717621810734272,0.0018150224350392818,0.8196234703063965
538,0.02633599378168583,0.07516982406377792,0.14048361778259277,0.06631125509738922,2.243684768676758,2.8542619156144053,619.8830790112611,0.8680046796798706,0.08814156800508499,0.043850596994161606,0.029521143063902855,0.0013421644689515233,0.8178018927574158
539,0.026432588696479797,0.08158765733242035,0.15163394808769226,0.04411691799759865,2.345604658126831,3.0866313650240125,671.6731731285093,0.8486078977584839,0.09898307174444199,0.05240895599126816,0.030497409403324127,0.0013284911401569843,0.7962507009506226
540,0.02523522824048996,0.07984569668769836,0.14977368712425232,0.06932792067527771,2.331259250640869,3.164056846389912,644.4420873767823,0.8598571419715881,0.09259264916181564,0.04754752293229103,0.030922364443540573,0.001791168935596943,0.8056602478027344
541,0.02534896694123745,0.07169555127620697,0.13549602031707764,0.09402131289243698,2.3286726474761963,2.828342134793076,607.2348609193681,0.8709872961044312,0.09128613770008087,0.03772082179784775,0.03462570160627365,0.0016174394404515624,0.8126552104949951
542,0.02784235030412674,0.08753771334886551,0.16552338004112244,0.06702758371829987,2.3458192348480225,3.144048989741602,655.8892145533484,0.8475481271743774,0.10871800780296326,0.043733227998018265,0.029234688729047775,0.0010137277422472835,0.7929651141166687
543,0.02757689356803894,0.08395735919475555,0.16163018345832825,0.07500335574150085,2.294728994369507,3.04448211269945,677.2871124827201,0.8379181623458862,0.1136903241276741,0.04838807135820389,0.029630158096551895,0.0011621130397543311,0.7878390550613403
544,0.024082278832793236,0.0675765797495842,0.12740130722522736,0.10179144144058228,2.245739698410034,2.8060708131473833,656.0257806733821,0.8493128418922424,0.10070690512657166,0.04997658729553223,0.031804271042346954,0.001093758037313819,0.7945132255554199
545,0.024974703788757324,0.07040412724018097,0.13753460347652435,0.08286534994840622,2.3296637535095215,2.8190175079896345,672.4995351851105,0.843170166015625,0.1081683412194252,0.048661552369594574,0.030692879110574722,0.001187084591947496,0.793434202671051
546,0.02749558351933956,0.07614535093307495,0.15224231779575348,0.08125096559524536,2.265641689300537,2.7693666103411574,658.3790118324022,0.8471860885620117,0.10899896174669266,0.043814923614263535,0.03072517365217209,0.0009201375651173294,0.7908418774604797
547,0.024676164612174034,0.07354637235403061,0.13250374794006348,0.09714633226394653,2.2645986080169678,2.980462057493566,619.0627257785002,0.8598008751869202,0.10343073308467865,0.03676830232143402,0.028497129678726196,0.001163795473985374,0.8120381832122803
548,0.02430986985564232,0.07200708985328674,0.1340402364730835,0.08937398344278336,2.2923386096954346,2.9620516390223233,599.6877418575272,0.8701167106628418,0.094308041036129,0.03557286784052849,0.03173014149069786,0.0012050758814439178,0.8167705535888672
549,0.02393380180001259,0.0639403685927391,0.12537167966365814,0.07503670454025269,2.24818754196167,2.6715508519851587,638.0156639890348,0.8520617485046387,0.10860960185527802,0.039325736463069916,0.030255017802119255,0.0015267928829416633,0.8024888634681702
550,0.026644449681043625,0.07271111011505127,0.14052753150463104,0.0622103251516819,2.2983880043029785,2.728940210165164,660.9410981528132,0.8414453268051147,0.11736703664064407,0.041187528520822525,0.032402779906988144,0.001759151229634881,0.7841420769691467
551,0.027189506217837334,0.08770687133073807,0.16225773096084595,0.06696674972772598,2.336399793624878,3.225761829759649,658.9763221173591,0.8520399332046509,0.09984064102172852,0.04811856150627136,0.03431733697652817,0.0019535061437636614,0.7939632534980774
552,0.025821687653660774,0.0812675729393959,0.14822033047676086,0.08093319088220596,2.344013214111328,3.1472603195526316,664.589169464236,0.8529969453811646,0.09694623947143555,0.05005674064159393,0.028230411931872368,0.0017186988843604922,0.801162600517273
553,0.026819951832294464,0.07900568842887878,0.15349814295768738,0.0854988545179367,2.352692127227783,2.9457803996053644,675.3823985658792,0.8449135422706604,0.10489270091056824,0.050192221999168396,0.031113553792238235,0.00117230205796659,0.7907299995422363
554,0.027345556765794754,0.08220701664686203,0.15623529255390167,0.0811908096075058,2.3106088638305664,3.0062293976286716,661.9399936225896,0.8488724231719971,0.0992673859000206,0.051859818398952484,0.030287325382232666,0.001058362890034914,0.797231912612915
555,0.023624125868082047,0.07092846930027008,0.13438835740089417,0.07715027034282684,2.335815668106079,3.002374339407722,644.821362577638,0.8527569770812988,0.10254674404859543,0.044696297496557236,0.02985810860991478,0.0010339762084186077,0.800203800201416
556,0.026315737515687943,0.07906164228916168,0.14744901657104492,0.07493890821933746,2.3046317100524902,3.00434833867093,635.2159381243348,0.8589158058166504,0.09804482012987137,0.0430307500064373,0.032606855034828186,0.001571043161675334,0.8055127263069153
557,0.023162834346294403,0.05892852321267128,0.11723493039608002,0.061531659215688705,2.244497537612915,2.5440981155034934,649.5023893084983,0.8570840358734131,0.09477519989013672,0.048140596598386765,0.03022751584649086,0.0011424401309341192,0.8014793992042542
558,0.026200512424111366,0.07172054052352905,0.13437768816947937,0.06829594820737839,2.239630699157715,2.737371672730718,657.9595241077327,0.8531941771507263,0.09905672818422318,0.04774605482816696,0.030972693115472794,0.0014626836637035012,0.7991750836372375
559,0.024271128699183464,0.06807878613471985,0.1285974532365799,0.06546196341514587,2.2646613121032715,2.804928727282685,646.9128123616782,0.8543500900268555,0.0989866554737091,0.046662185341119766,0.03096121922135353,0.0010267385514453053,0.8024541139602661
560,0.02355235628783703,0.06182783097028732,0.12303933501243591,0.05463220179080963,2.320178747177124,2.6251229478721627,666.6854343036712,0.8463059663772583,0.10199565440416336,0.05169583484530449,0.03187313303351402,0.0011620833538472652,0.7935143709182739
561,0.0274288821965456,0.08142106980085373,0.15313047170639038,0.08383777737617493,2.326646327972412,2.968442870345605,653.2913195755285,0.8553932309150696,0.09719999879598618,0.04740514978766441,0.031538624316453934,0.0012408242328092456,0.8001745939254761
562,0.02421821653842926,0.07074549794197083,0.1365577131509781,0.08228439092636108,2.2673821449279785,2.9211687750330957,635.7435385027449,0.8647348284721375,0.09103894978761673,0.04422362893819809,0.02957289107143879,0.0015239687636494637,0.8157184720039368
563,0.02472694218158722,0.06778872758150101,0.13358306884765625,0.07918596267700195,2.236924648284912,2.7414925420595684,620.8090527557654,0.8692318201065063,0.08692649751901627,0.04382573813199997,0.03202689439058304,0.0010105738183483481,0.8093758225440979
564,0.026883790269494057,0.07400205731391907,0.1473395824432373,0.10722918063402176,2.329742431640625,2.752664582238578,643.7693728258362,0.854354977607727,0.10255979001522064,0.043073803186416626,0.030911380425095558,0.0013963481178507209,0.8012015223503113
565,0.025084523484110832,0.06952070444822311,0.1383316069841385,0.10263852775096893,2.341343879699707,2.7714580462127505,680.3144032136745,0.8354149460792542,0.11724244058132172,0.04733546823263168,0.030879154801368713,0.001214526710100472,0.7789075970649719
566,0.025676177814602852,0.07203752547502518,0.14241474866867065,0.05911465361714363,2.3316094875335693,2.805617175281032,654.2336342455467,0.8492591977119446,0.1059420257806778,0.04479880630970001,0.032706402242183685,0.0010626307921484113,0.7936331033706665
567,0.024357212707400322,0.07792355120182037,0.1463507115840912,0.04697475954890251,2.3630402088165283,3.1991982060798807,641.2748363654352,0.8532533049583435,0.10396955907344818,0.0427742525935173,0.028595678508281708,0.0016601886600255966,0.8051211833953857
568,0.027991043403744698,0.08944746851921082,0.16578662395477295,0.05038141831755638,2.319401264190674,3.195574642424683,628.7115752456765,0.8579240441322327,0.1026638001203537,0.03941084444522858,0.031090272590517998,0.0019314767559990287,0.8023859858512878
569,0.023758238181471825,0.06484378129243851,0.12668532133102417,0.045860327780246735,2.293337345123291,2.7293177547263783,639.1533981495699,0.8597447872161865,0.09666489064693451,0.04358336329460144,0.030055515468120575,0.001988534117117524,0.8068996667861938
570,0.025722261518239975,0.07236943393945694,0.13341915607452393,0.06903491914272308,2.2652435302734375,2.813494213381097,634.64530169923,0.8626126646995544,0.09291676431894302,0.04446747153997421,0.029744647443294525,0.0017840914661064744,0.8127928972244263
571,0.025735391303896904,0.07070129364728928,0.13570542633533478,0.05553998798131943,2.2156081199645996,2.7472398927090067,623.2139941549146,0.866426408290863,0.09047907590866089,0.04309443384408951,0.030458036810159683,0.0022471952252089977,0.8136340975761414
572,0.02654728665947914,0.07024004310369492,0.13496088981628418,0.04400215297937393,2.2321836948394775,2.645846409918082,648.8664019560163,0.8555996417999268,0.09903600066900253,0.04536430165171623,0.029060734435915947,0.0012592438142746687,0.8026863932609558
573,0.02763432450592518,0.08678130060434341,0.15271437168121338,0.06231851130723953,2.3032331466674805,3.1403445589052112,660.0472304710136,0.8500593900680542,0.10355882346630096,0.04637889191508293,0.02969086728990078,0.001416030223481357,0.797944188117981
574,0.025250231847167015,0.08338063955307007,0.14472231268882751,0.09341151267290115,2.3329718112945557,3.3021732257528917,637.9487879939048,0.8606987595558167,0.09331310540437698,0.04598645865917206,0.030839305371046066,0.0008201172458939254,0.8025922179222107
575,0.023189984261989594,0.06815925240516663,0.135271817445755,0.09281202405691147,2.2861504554748535,2.939167686885688,649.0414677842725,0.8592641353607178,0.09086588025093079,0.049866534769535065,0.03321939706802368,0.001098780776374042,0.8043250441551208
576,0.02371739037334919,0.08872143179178238,0.155559703707695,0.12106584757566452,2.3692619800567627,3.7407754559597883,665.8977600433566,0.8457217812538147,0.10771093517541885,0.04656730592250824,0.03059210814535618,0.0008826314006000757,0.790475606918335
577,0.02795664221048355,0.10221808403730392,0.16916805505752563,0.11713187396526337,2.3588709831237793,3.656307623213654,663.5639150581364,0.8438191413879395,0.11438586562871933,0.04179497808218002,0.028355948626995087,0.0011034550843760371,0.7979971170425415
578,0.028380725532770157,0.0759781002998352,0.15069222450256348,0.07196898758411407,2.296489715576172,2.6771021131728663,657.328139852456,0.8501003384590149,0.10562235862016678,0.044271018356084824,0.03184649720788002,0.0007405720534734428,0.795747697353363
579,0.023679206147789955,0.06943043321371078,0.13399425148963928,0.054082855582237244,2.346083164215088,2.9321267266072937,646.9203255086499,0.8570329546928406,0.09423469007015228,0.04873169586062431,0.031656663864851,0.0010457319440320134,0.804021954536438
580,0.027301205322146416,0.08976173400878906,0.1720982789993286,0.08119261264801025,2.360532522201538,3.2878304436136956,611.2846158122828,0.8705287575721741,0.08813311904668808,0.04133753105998039,0.033616550266742706,0.0011275941506028175,0.8123549818992615
581,0.023973902687430382,0.07844085991382599,0.13961929082870483,0.07501424849033356,2.3171167373657227,3.2719270171927803,614.2591007061324,0.8729186058044434,0.085535928606987,0.041538435965776443,0.032506126910448074,0.0014281810726970434,0.8197445273399353
582,0.01787882298231125,0.05590783804655075,0.0995582640171051,-0.280465304851532,2.6252801418304443,3.127042428840936,1052.1443449147778,0.7107489705085754,0.1836901605129242,0.10548616200685501,0.0913684070110321,0.0017710772808641195,0.580988883972168
583,0.019369782879948616,0.07239427417516708,0.1263524442911148,-0.29097780585289,2.717890977859497,3.737485062177509,1052.764493164093,0.7134150862693787,0.18076086044311523,0.10582004487514496,0.09118520468473434,0.001566935214214027,0.5862861275672913
584,0.016446435824036598,0.0636860653758049,0.12009988725185394,-0.26340019702911377,2.9090518951416016,3.872332343209273,1109.0053199105917,0.6888545751571655,0.2005523145198822,0.11043474078178406,0.08773219585418701,0.0015301511157304049,0.5491939783096313
585,0.016650527715682983,0.06245162710547447,0.12238962948322296,-0.27881768345832825,3.014817714691162,3.7507295965701504,1164.2681753906224,0.6613028049468994,0.22554901242256165,0.11313658952713013,0.08406401425600052,0.0013351775705814362,0.5303731560707092
586,0.01707601360976696,0.061587002128362656,0.12272678315639496,-0.35007336735725403,2.961130142211914,3.6066381494056747,1149.2925369228517,0.6746430397033691,0.2086217999458313,0.11672748625278473,0.08415738493204117,0.0013616346986964345,0.5500407218933105
587,0.01682189106941223,0.05750862509012222,0.11029225587844849,-0.3422641158103943,2.7869067192077637,3.418677772279317,1077.8425333865382,0.7012864947319031,0.19090642035007477,0.10780290514230728,0.08827967196702957,0.0016753838863223791,0.5745718479156494
588,0.017932599410414696,0.05892033502459526,0.11690784990787506,-0.2866397798061371,2.664344072341919,3.285655005882221,1067.7741374169384,0.702455461025238,0.18995234370231628,0.10757999122142792,0.09116304665803909,0.0016061852220445871,0.5749412775039673
589,0.01898403838276863,0.06997787207365036,0.1194930225610733,-0.31734609603881836,2.727189779281616,3.6861425719346155,1023.5551102690126,0.718639612197876,0.1790696084499359,0.10227975249290466,0.09318049997091293,0.0018549019005149603,0.5775040984153748
590,0.016863832250237465,0.06099453195929527,0.10846555233001709,-0.32795384526252747,2.8398597240448,3.6168844098185042,1050.548586124239,0.7044547200202942,0.1950111836194992,0.100531205534935,0.08483513444662094,0.0016492076683789492,0.5798489451408386
591,0.017032546922564507,0.05767948552966118,0.10568384826183319,-0.30597391724586487,2.7613253593444824,3.3864275136598443,1037.695699214369,0.701574981212616,0.19959412515163422,0.0988197848200798,0.08913163840770721,0.0021722319070249796,0.5568237900733948
592,0.018091903999447823,0.06444916874170303,0.11092889308929443,-0.3180735409259796,2.7866921424865723,3.5623209552796515,1080.0231995862775,0.6948459148406982,0.19488275051116943,0.11015520244836807,0.09493280202150345,0.0013244588626548648,0.5598917007446289
593,0.019268937408924103,0.06396296620368958,0.12584161758422852,-0.25357431173324585,2.7651877403259277,3.319485908483291,1151.3103899888124,0.675929844379425,0.20445607602596283,0.11957882344722748,0.08795889467000961,0.002005432266741991,0.5552096962928772
594,0.01681283861398697,0.06354708224534988,0.11660277843475342,-0.286953330039978,2.8774797916412354,3.779675978612202,1139.3658615674356,0.6813302040100098,0.19359520077705383,0.12507103383541107,0.0890338197350502,0.0012452166993170977,0.5598703622817993
595,0.016742976382374763,0.06287714838981628,0.1068270355463028,-0.31266462802886963,2.9012739658355713,3.7554343355731703,1082.1230776198072,0.6991884112358093,0.18449215590953827,0.11626335978507996,0.08484823256731033,0.0021110449451953173,0.5773072838783264
596,0.016702944412827492,0.05721135437488556,0.10450634360313416,-0.27017444372177124,2.7070560455322266,3.4252256941909764,1010.8850652307123,0.7112228274345398,0.19421082735061646,0.09455439448356628,0.08760645240545273,0.0012854795204475522,0.591070830821991
597,0.01977483741939068,0.07556608319282532,0.13025899231433868,-0.30012965202331543,2.7068285942077637,3.821325130840566,1089.6319599072176,0.7050121426582336,0.17932863533496857,0.11560775339603424,0.08652202039957047,0.0014699361054226756,0.5769997835159302
598,0.01965140737593174,0.07569865137338638,0.1292792707681656,-0.2857854962348938,2.710980176925659,3.8520727763369766,1115.7417858886865,0.6955075860023499,0.1832226663827896,0.12126913666725159,0.08231222629547119,0.0016963292146101594,0.5730665326118469
599,0.01992345042526722,0.07436598092317581,0.12773534655570984,-0.28007379174232483,2.7222659587860107,3.7325854373663696,1070.7832800654107,0.6905662417411804,0.20743083953857422,0.10200301557779312,0.08496122062206268,0.0017232849495485425,0.5651777386665344
600,0.0175316259264946,0.06535865366458893,0.1112951785326004,-0.4009305238723755,3.004826307296753,3.7280429057117797,1078.9681825015132,0.6877805590629578,0.21203173696994781,0.10018708556890488,0.08445397764444351,0.0012405082816258073,0.5623084306716919
601,0.01859923079609871,0.06373029202222824,0.11713655292987823,-0.41064342856407166,2.9988040924072266,3.4265014890922005,1118.2963248679155,0.6775453090667725,0.21410349011421204,0.10833483934402466,0.08858543634414673,0.0013255535159260035,0.55219566822052
602,0.01756967231631279,0.07467739284038544,0.12654578685760498,-0.3924155831336975,2.888561725616455,4.250357746672367,1068.7203340948124,0.7030368447303772,0.19060513377189636,0.10634244978427887,0.09371888637542725,0.0016138420905917883,0.5736799836158752
603,0.01948917657136917,0.08194180577993393,0.13942968845367432,-0.37569117546081543,2.8468017578125,4.204477571212893,1021.8683429829381,0.7194775938987732,0.1720438450574875,0.10847225040197372,0.0911400318145752,0.0013938879128545523,0.5931986570358276
604,0.01723385602235794,0.054872382432222366,0.10457289218902588,-0.3160499334335327,2.679781913757324,3.1839875160759714,1050.1344841170262,0.7029394507408142,0.18598012626171112,0.11108000576496124,0.08749482780694962,0.0016415856080129743,0.562019944190979
605,0.017499219626188278,0.055019669234752655,0.09752985835075378,-0.32676729559898376,2.6223666667938232,3.1441213040877214,1017.4529863659028,0.7106971740722656,0.191129669547081,0.09813656657934189,0.08748270571231842,0.0015829299809411168,0.572915256023407
606,0.01933913119137287,0.06109277904033661,0.11466603726148605,-0.31824275851249695,2.637545108795166,3.159023972309102,1013.68285160802,0.7315948605537415,0.1582929790019989,0.10999856889247894,0.09370993077754974,0.0027718604542315006,0.5796099901199341
607,0.018560098484158516,0.05694524943828583,0.10876843333244324,-0.3149276077747345,2.676257610321045,3.0681544865627624,1038.7162805057142,0.7289432883262634,0.14918413758277893,0.1218537762761116,0.09177681058645248,0.0017825280083343387,0.5943707227706909
608,0.018319465219974518,0.058440469205379486,0.1079065352678299,-0.3246648609638214,2.637108087539673,3.190075064989845,1034.572871847453,0.7081826329231262,0.18602123856544495,0.1057586818933487,0.08709225803613663,0.0023997712414711714,0.5806899070739746
609,0.01663147285580635,0.05359436571598053,0.09956425428390503,-0.3430715799331665,2.6220672130584717,3.2224665955575484,1031.2339942372603,0.7062768340110779,0.19494932889938354,0.09877236187458038,0.09240692108869553,0.001213405979797244,0.5799010992050171
610,0.017662154510617256,0.055995989590883255,0.10724283754825592,-0.35179075598716736,2.696399450302124,3.1703940509665443,1013.1787430693868,0.7087996006011963,0.2024381458759308,0.08873417973518372,0.08719588816165924,0.0019736371468752623,0.5725582838058472
611,0.017529048025608063,0.055875442922115326,0.10609994828701019,-0.282922625541687,2.6982226371765137,3.1875914104005934,1036.277556062997,0.7087018489837646,0.19806544482707977,0.09321393072605133,0.08545263111591339,0.0012309536105021834,0.5776873826980591
612,0.016640901565551758,0.06298784166574478,0.1084248423576355,-0.33686840534210205,2.772825241088867,3.785121942692724,1052.7248873796455,0.7080443501472473,0.187705397605896,0.10424745082855225,0.08786267787218094,0.0012357463128864765,0.5707173347473145
613,0.018920058384537697,0.07546199858188629,0.1264864057302475,-0.4194372296333313,2.9287869930267334,3.988465418244623,1109.3988575670292,0.6993725895881653,0.18013925850391388,0.12040425091981888,0.08633165806531906,0.0009205886162817478,0.5769379734992981
614,0.018529115244746208,0.07393945753574371,0.12287329137325287,-0.39942893385887146,2.961637496948242,3.99044728013758,1122.373205149501,0.7028917074203491,0.1712689995765686,0.12577864527702332,0.08774775266647339,0.0013619764940813184,0.5816263556480408
615,0.019082551822066307,0.06859569251537323,0.12251598387956619,-0.29730767011642456,2.7136952877044678,3.59468131680676,1138.5891622198685,0.6855454444885254,0.19251605868339539,0.12186586111783981,0.08505035936832428,0.0012989472597837448,0.5659624338150024
616,0.01852642372250557,0.05732060596346855,0.11013170331716537,-0.2372683584690094,2.5207765102386475,3.093991955432959,1130.1184340216776,0.6814091801643372,0.20370075106620789,0.11474621295928955,0.08582057803869247,0.0013717754045501351,0.5638372302055359
617,0.018675288185477257,0.06219357252120972,0.122391477227211,-0.3112969994544983,2.8222768306732178,3.3302603901043937,1132.4370398764258,0.6796024441719055,0.20270109176635742,0.11769108474254608,0.08896146714687347,0.0014392557786777616,0.5560208559036255
618,0.01806890219449997,0.06052472069859505,0.11986207216978073,-0.3369790315628052,2.9081759452819824,3.3496623117296322,1129.854971002485,0.6858116388320923,0.19463329017162323,0.11954895406961441,0.09125712513923645,0.0010457915486767888,0.5591105222702026
619,0.01774621196091175,0.0695212334394455,0.1163446307182312,-0.36350005865097046,2.798516035079956,3.9175252492564145,1046.4067679554555,0.7072436809539795,0.1944846510887146,0.09823524206876755,0.09281834214925766,0.0020325633231550455,0.5662768483161926
620,0.017458532005548477,0.07329973578453064,0.120318703353405,-0.3900723457336426,3.104494094848633,4.198505106674308,1111.5779621285112,0.6861042380332947,0.2029857188463211,0.11090777069330215,0.08337794989347458,0.0017962248530238867,0.5613052248954773
621,0.019325971603393555,0.08049996942281723,0.1316351592540741,-0.3668963313102722,2.947481870651245,4.16537761053713,1119.2408604486925,0.6876559853553772,0.19701692461967468,0.11529339849948883,0.08695369213819504,0.0017707161605358124,0.5588301420211792
622,0.01776093617081642,0.05489597097039223,0.09914632141590118,-0.33635860681533813,2.683922529220581,3.0908264316327414,1111.0028917450204,0.6976373791694641,0.18584756553173065,0.11647991836071014,0.08828941732645035,0.0012731400784105062,0.5723918676376343
623,0.017119478434324265,0.053756069391965866,0.1041087806224823,-0.29896801710128784,2.7676291465759277,3.1400529867221776,1104.6995765522474,0.7005093097686768,0.17819343507289886,0.12125492095947266,0.08571648597717285,0.002277927938848734,0.5816231966018677
624,0.019421681761741638,0.061336539685726166,0.11900784075260162,-0.29227399826049805,2.730821132659912,3.158147704973396,1046.0376153923655,0.7148546576499939,0.16803748905658722,0.11709295958280563,0.09030424058437347,0.0018264170503243804,0.5881643891334534
625,0.017120137810707092,0.05463957414031029,0.10180139541625977,-0.3201741874217987,2.6775922775268555,3.1915382189824815,1075.2907196693286,0.6957502365112305,0.19775310158729553,0.10648183524608612,0.08156626671552658,0.0021490303333848715,0.570623517036438
626,0.016863368451595306,0.053309787064790726,0.1011175736784935,-0.3013976812362671,2.6469223499298096,3.1612774882224817,1074.008821316062,0.6697691679000854,0.2419559806585312,0.0882549062371254,0.08593399077653885,0.0010892503196373582,0.5422139167785645
627,0.016690334305167198,0.05928601324558258,0.11617891490459442,-0.25451600551605225,2.781233549118042,3.5521165818515676,1176.6297035415155,0.6652596592903137,0.20562882721424103,0.12911082804203033,0.08529084920883179,0.0013589534210041165,0.5336917638778687
628,0.019505882635712624,0.07048159837722778,0.13942644000053406,-0.29059821367263794,2.8383636474609375,3.6133508895707287,1163.326944624803,0.6791346669197083,0.1865711808204651,0.13426512479782104,0.08678717166185379,0.0012066724011674523,0.553049623966217
629,0.018651500344276428,0.06889946758747101,0.1309499740600586,-0.2884758710861206,2.7899832725524902,3.6940442490954943,1123.4547186237446,0.6645656228065491,0.22604292631149292,0.10937238484621048,0.08909644931554794,0.001632519531995058,0.538650393486023
630,0.018014708533883095,0.06547313183546066,0.12330697476863861,-0.32014063000679016,2.790714740753174,3.6344263749080716,1095.074949047233,0.6745412349700928,0.22286507487297058,0.10251585394144058,0.08303173631429672,0.0015017803525552154,0.559258222579956
631,0.01873711496591568,0.06074071675539017,0.10724206268787384,-0.36817193031311035,2.722470283508301,3.2417326179959236,1029.4065370059595,0.707061767578125,0.19996897876262665,0.09296081215143204,0.08739430457353592,0.0015477956039831042,0.580959677696228
632,0.01980680786073208,0.0666971355676651,0.13066914677619934,-0.32714954018592834,2.841358184814453,3.3673843878966436,1064.5062693504703,0.7078261971473694,0.1841786950826645,0.10798919200897217,0.08849499374628067,0.0015011054929345846,0.5823368430137634
633,0.019769323989748955,0.06527715176343918,0.1282815784215927,-0.2796405851840973,2.8228890895843506,3.301941522835358,1041.653579211973,0.7182953953742981,0.17658548057079315,0.10509227961301804,0.08797074109315872,0.0014670147793367505,0.5932088494300842
634,0.018730824813246727,0.06355859339237213,0.11830854415893555,-0.2859451174736023,2.8151330947875977,3.3932618570021145,1125.2307245625875,0.6929675936698914,0.18576371669769287,0.12119393050670624,0.09348472207784653,0.0017264613416045904,0.5604149103164673
635,0.017930762842297554,0.06255821883678436,0.11579357087612152,-0.3097740411758423,2.8579952716827393,3.488876596244112,1115.2558993083853,0.6826245784759521,0.20180082321166992,0.11556427925825119,0.0911254808306694,0.0015999407041817904,0.5533515810966492
636,0.01675461046397686,0.06927192211151123,0.11623813211917877,-0.29251301288604736,2.8473005294799805,4.134499113322532,1035.5572777437917,0.6950806379318237,0.2094154804944992,0.09547630697488785,0.09080329537391663,0.0016656569205224514,0.5608966946601868
637,0.017373226583003998,0.07195059210062027,0.1208009272813797,-0.2774779796600342,2.792961835861206,4.141463979228081,1089.4885082305643,0.6842779517173767,0.21032024919986725,0.10536375641822815,0.08422935009002686,0.001621023053303361,0.567792534828186
638,0.017909208312630653,0.0670437216758728,0.12764006853103638,-0.27594807744026184,2.7734251022338867,3.7435335220734465,1123.2566089633062,0.6844460964202881,0.20152078568935394,0.11403262615203857,0.08160709589719772,0.0024265912361443043,0.5635166764259338
639,0.019490879029035568,0.0743384137749672,0.13834762573242188,-0.3201186954975128,2.8967838287353516,3.8140103204381512,1103.1038713411513,0.6926098465919495,0.19706107676029205,0.1103256344795227,0.08801596611738205,0.0016355023253709078,0.5642529129981995
640,0.019194016233086586,0.07973051071166992,0.13236604630947113,-0.3636777997016907,2.8931167125701904,4.15392535565729,1056.8650353688943,0.7072005271911621,0.1926918476819992,0.10005956143140793,0.0814821794629097,0.0023513229098170996,0.5683176517486572
641,0.019259098917245865,0.07743479311466217,0.12839438021183014,-0.30311936140060425,2.813643217086792,4.0206861932310485,1106.7079418327776,0.6780562996864319,0.21946941316127777,0.10246889293193817,0.0830681100487709,0.0013555331388488412,0.5472686886787415
642,0.017834601923823357,0.05704065039753914,0.10502409934997559,-0.2809310853481293,2.7800393104553223,3.1983136286404164,1105.9873136396675,0.6707277297973633,0.22789451479911804,0.10136492550373077,0.08631300181150436,0.0014134204247966409,0.5430489182472229
643,0.017151864245533943,0.057857695966959,0.10567085444927216,-0.35964903235435486,2.803213119506836,3.373259905473594,1068.9131596913633,0.7030742168426514,0.18732362985610962,0.10959573835134506,0.08826620131731033,0.0011809380957856774,0.5741675496101379
644,0.018552688881754875,0.06165098026394844,0.10921743512153625,-0.31015023589134216,2.6466121673583984,3.323021296457699,1102.744159003721,0.6911329627037048,0.19366112351417542,0.11512987315654755,0.08833278715610504,0.001458536135032773,0.5696572065353394
645,0.017930589616298676,0.063778355717659,0.10767775774002075,-0.24655908346176147,2.6262378692626953,3.5569580855349194,1115.3181626995738,0.6763275265693665,0.21619640290737152,0.10743243247270584,0.08713485300540924,0.0010917903855443,0.5541734099388123
646,0.01777789555490017,0.06397530436515808,0.11221843957901001,-0.2538069188594818,2.6027345657348633,3.5985870298313127,1095.4177687094316,0.6848062872886658,0.20202979445457458,0.11291283369064331,0.08954815566539764,0.0013803488109260798,0.5451489686965942
647,0.01930849999189377,0.06452129036188126,0.11614011973142624,-0.30009543895721436,2.6037259101867676,3.3416003514321386,1024.5662349189797,0.7070380449295044,0.1933864802122116,0.0995740294456482,0.0859062597155571,0.0016806810162961483,0.5768758058547974
648,0.016917966306209564,0.05702764540910721,0.11216199398040771,-0.2776740491390228,2.7134737968444824,3.3708333716686134,1046.6472316809534,0.7093716263771057,0.19112369418144226,0.09949249774217606,0.08387558162212372,0.0012951151002198458,0.5769655704498291
649,0.01840621419250965,0.06141600385308266,0.12097856402397156,-0.2674071490764618,2.7135567665100098,3.3366993998548056,1106.6448473159135,0.6801955699920654,0.21767452359199524,0.10210305452346802,0.08803743124008179,0.001895556808449328,0.5491443872451782
650,0.01900325156748295,0.06598453223705292,0.12720367312431335,-0.24824321269989014,2.806023120880127,3.472275889168821,1165.8474689109312,0.6587039828300476,0.22954382002353668,0.1117485985159874,0.08146001398563385,0.0016085737152025104,0.5468446016311646
651,0.018965186551213264,0.06551013886928558,0.13023243844509125,-0.29243573546409607,2.806291103363037,3.4542311877043184,1125.6732419941507,0.6756929755210876,0.2121286392211914,0.11215420812368393,0.08563580363988876,0.0015917964046820998,0.555840253829956
652,0.01948148012161255,0.07017955929040909,0.13806068897247314,-0.306863933801651,2.8478071689605713,3.602373066559263,1159.161186013821,0.6553410291671753,0.23112618923187256,0.11351317912340164,0.08620020747184753,0.0013125609839335084,0.5394290089607239
653,0.017949188128113747,0.06324189901351929,0.11985377967357635,-0.21047133207321167,2.7682080268859863,3.52338493298983,1189.7922663533438,0.6442602276802063,0.23347078263759613,0.1222667321562767,0.08322712779045105,0.0021675170864909887,0.526553213596344
654,0.019834604114294052,0.06805966049432755,0.1251591444015503,-0.23710677027702332,2.644883871078491,3.4313596630773264,1154.2902158436439,0.6640977263450623,0.21538321673870087,0.12048905342817307,0.08413024991750717,0.0015582130290567875,0.5439428091049194
655,0.01772831194102764,0.06007997691631317,0.11202065646648407,-0.3124290704727173,2.8021950721740723,3.388928235963883,1154.3637374413324,0.6690866947174072,0.20456533133983612,0.12632149457931519,0.0794093981385231,0.0025374547112733126,0.5426156520843506
656,0.018530623987317085,0.06263046711683273,0.11235351860523224,-0.31209346652030945,2.750572443008423,3.3798358412711345,1102.791070537138,0.6843754649162292,0.20253485441207886,0.11300498992204666,0.08883485198020935,0.0015774281928315759,0.5578128695487976
657,0.018959706649184227,0.060543909668922424,0.11303910613059998,-0.26217103004455566,2.683701515197754,3.1932935876059103,1096.0549031008293,0.6791651844978333,0.2179427295923233,0.10288897156715393,0.0855276808142662,0.0016329520149156451,0.5566383600234985
658,0.01709103025496006,0.05364949628710747,0.09992754459381104,-0.29482361674308777,2.717524290084839,3.1390440180397308,1105.525040533406,0.6675140261650085,0.22802618145942688,0.10445305705070496,0.08048549294471741,0.001164078712463379,0.5559275150299072
659,0.017630498856306076,0.07921198010444641,0.12660127878189087,-0.3500646948814392,2.9323906898498535,4.492894996650704,1156.5053016406223,0.6589673757553101,0.22078828513622284,0.12005344778299332,0.08787064254283905,0.001454231096431613,0.537198543548584
660,0.01886003091931343,0.08609386533498764,0.14246363937854767,-0.320221483707428,3.0772323608398438,4.5648846334742315,1132.1824450967165,0.6724101901054382,0.21113871037960052,0.11642509698867798,0.08668826520442963,0.0009867075132206082,0.5437100529670715
661,0.01918492466211319,0.07566357403993607,0.1332245171070099,-0.26091063022613525,2.798201084136963,3.9439078009732427,1111.075388003819,0.6804319620132446,0.20550855994224548,0.11403127759695053,0.08477761596441269,0.001372281345538795,0.549589991569519
662,0.017452280968427658,0.06195266544818878,0.11036008596420288,-0.2541222870349884,2.79838490486145,3.5498319994226235,1100.1724403425837,0.6775863766670227,0.21389546990394592,0.1085180714726448,0.08430080115795135,0.0013596457429230213,0.5511917471885681
663,0.019721737131476402,0.07088115811347961,0.1223769560456276,-0.2815144956111908,2.8396692276000977,3.594062614127302,1072.8849726109631,0.6748517751693726,0.23096057772636414,0.09417886286973953,0.08392635732889175,0.0014039507368579507,0.5464604496955872
664,0.018268076702952385,0.06152840703725815,0.11623477935791016,-0.27315545082092285,2.671933650970459,3.368083462444965,1114.4143828597714,0.6714119911193848,0.22499093413352966,0.10358527302742004,0.08389267325401306,0.0015271760057657957,0.5504191517829895
665,0.01671418733894825,0.061705730855464935,0.11459742486476898,-0.18852269649505615,2.6505706310272217,3.6918175918719833,1077.3673269824224,0.6890599727630615,0.2122824788093567,0.09865159541368484,0.08524910360574722,0.0014926944859325886,0.5710791349411011
666,0.01987076923251152,0.07290290296077728,0.13804134726524353,-0.181948721408844,2.708280086517334,3.668851573084976,1109.083701790755,0.6832547187805176,0.20292864739894867,0.11371392756700516,0.0890030786395073,0.002525823889300227,0.5519676804542542
667,0.01783774234354496,0.05823355168104172,0.11438572406768799,-0.23157653212547302,2.688405990600586,3.2646256771866864,1131.5067426686637,0.6731396913528442,0.20891818404197693,0.11792242527008057,0.08532768487930298,0.001674521598033607,0.5485166907310486
668,0.019258277490735054,0.06364185363054276,0.11776819825172424,-0.2806156575679779,2.7039992809295654,3.304649320680705,1074.0365043802294,0.6871775984764099,0.21691623330116272,0.095882847905159,0.08362588286399841,0.0019914053846150637,0.5529423356056213
669,0.019372209906578064,0.06065644323825836,0.11636552214622498,-0.326017290353775,2.666926622390747,3.1311060290819297,1092.5261639241678,0.6855150461196899,0.21184922754764557,0.10263051837682724,0.08793120831251144,0.0015139715978875756,0.5622691512107849
670,0.018352989107370377,0.059928104281425476,0.10697351396083832,-0.28642183542251587,2.593613386154175,3.265304846396582,1113.2398115824817,0.6759249567985535,0.21405836939811707,0.11001081019639969,0.0849616602063179,0.0023769300896674395,0.554435670375824
671,0.016398712992668152,0.05435743182897568,0.09626343846321106,-0.29789724946022034,2.58188796043396,3.314737677887533,1053.0219456727666,0.6977008581161499,0.2022302746772766,0.10006798803806305,0.08757664263248444,0.0012634147424250841,0.5804322957992554
672,0.016823841258883476,0.06081583723425865,0.11487504094839096,-0.2886354923248291,2.7069125175476074,3.6148603814560643,1041.8437642803297,0.6993633508682251,0.20594651997089386,0.09466924518346786,0.08471325039863586,0.0017560747219249606,0.5809459090232849
673,0.019603651016950607,0.06960165500640869,0.1310860812664032,-0.272635817527771,2.764552354812622,3.550443483342775,1141.9032237812867,0.679810643196106,0.19880889356136322,0.12137828767299652,0.08231690526008606,0.001569645944982767,0.5632737874984741
674,0.018581926822662354,0.0629243403673172,0.12029978632926941,-0.3277896046638489,2.757606267929077,3.386319457850244,1092.692882966219,0.698884904384613,0.18254704773426056,0.11854663491249084,0.08478998392820358,0.0020177289843559265,0.5776848196983337
675,0.01706174947321415,0.05843741074204445,0.11143700778484344,-0.27184033393859863,2.7678864002227783,3.4250538510345834,1060.7566829234968,0.7018203139305115,0.18853998184204102,0.10962335020303726,0.0883154645562172,0.0013032462447881699,0.5758169293403625
676,0.019672472029924393,0.06642530113458633,0.12573793530464172,-0.25640442967414856,2.8554606437683105,3.3765609644872407,1158.4209697590586,0.6679178476333618,0.21252097189426422,0.11955826729536057,0.08799184858798981,0.0010179489618167281,0.5350740551948547
677,0.018204305320978165,0.06255372613668442,0.11152840405702591,-0.3204488754272461,2.8923897743225098,3.436205064148366,1178.2600675769147,0.6617898344993591,0.22082708775997162,0.11737900227308273,0.08362943679094315,0.0009762494591996074,0.543184757232666
678,0.018665123730897903,0.06505879759788513,0.11742060631513596,-0.35175222158432007,2.719143867492676,3.4855808368793406,1069.5967963613316,0.7028087377548218,0.1866266429424286,0.11056439578533173,0.08803310990333557,0.0012030174257233739,0.5818752646446228
679,0.018959317356348038,0.0639510452747345,0.12758205831050873,-0.34810730814933777,2.6550588607788086,3.3730668709941227,1009.4107321413741,0.7192227244377136,0.1742662936449051,0.10639548301696777,0.09314823150634766,0.0020437983330339193,0.590330958366394
680,0.018604502081871033,0.06109762191772461,0.12180134654045105,-0.3031971752643585,2.685631036758423,3.284023493107969,1103.5159954378134,0.6901178359985352,0.18805916607379913,0.12182297557592392,0.08949939161539078,0.0015990359243005514,0.5643004179000854
681,0.016883237287402153,0.05761397257447243,0.10296808183193207,-0.2730179727077484,2.6580958366394043,3.412495577139701,1077.8765457681989,0.6989548206329346,0.18441276252269745,0.11648697406053543,0.08895581215620041,0.0018178644822910428,0.5616316199302673
682,0.01784527115523815,0.06221911683678627,0.11245717108249664,-0.28719455003738403,2.6918673515319824,3.486588480054359,1054.3032678524548,0.7170451879501343,0.16932058334350586,0.1135384738445282,0.0842505693435669,0.0014066395815461874,0.5911644697189331
683,0.017963208258152008,0.061244670301675797,0.11649923026561737,-0.2767927348613739,2.70894193649292,3.409450551266224,1114.5027940731452,0.6921237111091614,0.1921137273311615,0.11566249281167984,0.08264710009098053,0.0021350737661123276,0.5635242462158203
684,0.01732690818607807,0.058008939027786255,0.11217851936817169,-0.25666701793670654,2.7304348945617676,3.3479105678558234,1110.3178377957372,0.6785853505134583,0.21338918805122375,0.10802336037158966,0.08688486367464066,0.00163241324480623,0.5541081428527832
685,0.01910257712006569,0.0599648542702198,0.11512713134288788,-0.251882940530777,2.6498351097106934,3.139097614430911,1077.9326332626058,0.6935103535652161,0.19991710782051086,0.10657219588756561,0.08672161400318146,0.00248865713365376,0.5661262273788452
686,0.017222175374627113,0.055679090321063995,0.10139984637498856,-0.28745394945144653,2.6546316146850586,3.232988232128983,1057.136983124978,0.7000066041946411,0.19962364435195923,0.10036695748567581,0.09040771424770355,0.0011201273882761598,0.5765666961669922
687,0.01677704229950905,0.05353505536913872,0.09820052236318588,-0.3481220006942749,2.7186279296875,3.190970995377079,1079.4344539089436,0.6985300183296204,0.19480784237384796,0.10666210949420929,0.08811087906360626,0.0017813326558098197,0.5716138482093811
688,0.01757308468222618,0.05687307193875313,0.10036154091358185,-0.3183016777038574,2.6894850730895996,3.2363738617295508,1114.9941899435173,0.6952511668205261,0.1838744431734085,0.12086402624845505,0.09011252969503403,0.0017049406887963414,0.5683421492576599
689,0.017507676035165787,0.05384056270122528,0.1001867800951004,-0.2565813362598419,2.6478288173675537,3.075254682003841,1170.496325331577,0.6811257004737854,0.18455776572227478,0.13430775701999664,0.08673405647277832,0.0016109788557514548,0.5541423559188843
690,0.01933370530605316,0.059371467679739,0.11019402742385864,-0.2817051112651825,2.6546852588653564,3.0708788996633563,1094.3629607050682,0.6993944644927979,0.18734394013881683,0.11325714737176895,0.08560550957918167,0.0014705451903864741,0.5771294236183167
691,0.019843706861138344,0.06992975622415543,0.13214105367660522,-0.3100402355194092,2.775688409805298,3.5240268720951993,1064.7704556292672,0.7022379040718079,0.19199423491954803,0.10576309263706207,0.08576898276805878,0.001278374227695167,0.5796530842781067
692,0.018862375989556313,0.06726142764091492,0.12677258253097534,-0.324551522731781,2.8610727787017822,3.565904299362403,1108.6779713741355,0.6926236152648926,0.1846090406179428,0.12273501604795456,0.08428871631622314,0.001325463643297553,0.5762355923652649
693,0.01799139752984047,0.05836109817028046,0.11318516731262207,-0.3011799454689026,2.83902645111084,3.2438335082218663,1105.0750140456514,0.6866756677627563,0.19619253277778625,0.11708404123783112,0.08816449344158173,0.0014339450281113386,0.5626874566078186
694,0.018044307827949524,0.0581473745405674,0.11096028983592987,-0.2893941104412079,2.7246010303497314,3.222477420124601,1116.5879252166894,0.6802375912666321,0.20577381551265717,0.11398283392190933,0.08752382546663284,0.001297426177188754,0.5580453276634216
695,0.01837969943881035,0.054933615028858185,0.10234831273555756,-0.3292839229106903,2.6154229640960693,2.9888200951682715,1026.821686355892,0.7170510292053223,0.18144217133522034,0.10150469839572906,0.09030014276504517,0.0011759443441405892,0.5861635804176331
696,0.016373300924897194,0.05984256789088249,0.11349806934595108,-0.3079662322998047,2.7340376377105713,3.6548871948130612,1038.817740741368,0.7160032987594604,0.17236562073230743,0.11161129176616669,0.09082450717687607,0.0019707363098859787,0.5751646757125854
697,0.01735183596611023,0.06329730898141861,0.12030147016048431,-0.34016677737236023,2.77211332321167,3.647873867721914,1064.6264473025112,0.6977251768112183,0.1886730194091797,0.11360186338424683,0.08647530525922775,0.0019319922430440784,0.5690290927886963
698,0.01885377988219261,0.061747778207063675,0.11123839020729065,-0.2942725121974945,2.6371304988861084,3.2750874673205104,1043.6896695915086,0.7026658058166504,0.19585232436656952,0.10146841406822205,0.08963684737682343,0.0023385595995932817,0.5654317140579224
699,0.016816791146993637,0.05584165081381798,0.10032099485397339,-0.21883101761341095,2.573073148727417,3.320588947224946,1028.824446544624,0.7111621499061584,0.19264599680900574,0.09609124064445496,0.08836213499307632,0.001611499348655343,0.5870014429092407
700,0.01921030506491661,0.06414297968149185,0.11899439990520477,-0.2862226068973541,2.71474552154541,3.338988082771048,1090.1640647559018,0.6978137493133545,0.18776628375053406,0.11433085799217224,0.08552375435829163,0.0024042483419179916,0.5729166865348816
701,0.016731644049286842,0.06595703959465027,0.114035964012146,-0.34139150381088257,2.8003156185150146,3.9420537154876616,1128.1130241321296,0.6896504163742065,0.1842009425163269,0.12614849209785461,0.08932702988386154,0.0014105684822425246,0.5672604441642761
702,0.016861410811543465,0.06616184860467911,0.11006490141153336,-0.3408491015434265,2.663588047027588,3.9238619674375226,1039.6249806882872,0.7156401872634888,0.1805019974708557,0.10383077710866928,0.08689642697572708,0.0016614433843642473,0.5835571885108948
703,0.01811535842716694,0.06553912162780762,0.12202298641204834,-0.3366900384426117,2.7637834548950195,3.617876062882815,1042.596137067252,0.7171875834465027,0.17686627805233002,0.10591305047273636,0.09103637933731079,0.0009086187346838415,0.577669084072113
704,0.01713159866631031,0.060762278735637665,0.11329860240221024,-0.3471321761608124,2.8053641319274902,3.5467955977500987,1060.474660491819,0.7016143798828125,0.19204825162887573,0.10623706877231598,0.09168650209903717,0.0014780956553295255,0.5629181861877441
705,0.019064877182245255,0.057808998972177505,0.11476355046033859,-0.2892492115497589,2.7614638805389404,3.0322250920651967,1118.3572066410845,0.6782119274139404,0.21082139015197754,0.11092805117368698,0.08538661152124405,0.0014509999891743064,0.5582500696182251
706,0.017014209181070328,0.05344664677977562,0.10442380607128143,-0.23957227170467377,2.6378986835479736,3.141294797062799,1124.558763653642,0.6779523491859436,0.2121330052614212,0.10988122969865799,0.08670870214700699,0.001591986045241356,0.5642725229263306
707,0.019432101398706436,0.06313738226890564,0.10944246500730515,-0.31260061264038086,2.571484088897705,3.249127871978862,1035.5981623451482,0.7107896208763123,0.1877606362104416,0.10144942253828049,0.09016496688127518,0.0014299859758466482,0.5902637243270874
708,0.019025037065148354,0.06980305165052414,0.13577716052532196,-0.2986449599266052,2.801438808441162,3.6690100212591004,1104.3936236218092,0.694198727607727,0.1919764131307602,0.11372046917676926,0.08613329380750656,0.0013187018921598792,0.573645830154419
709,0.01769043318927288,0.06722665578126907,0.12827715277671814,-0.2895793616771698,2.9082581996917725,3.8001701291426704,1138.8325691246948,0.6776487231254578,0.20671753585338593,0.11557946354150772,0.08369331806898117,0.0011156119871884584,0.5607468485832214
710,0.017928767949342728,0.06797178089618683,0.11872869729995728,-0.3429751694202423,2.9637391567230225,3.791213154436944,1139.631652764205,0.6737823486328125,0.21144114434719086,0.11476735770702362,0.08733080327510834,0.0009619749034754932,0.5500001311302185
711,0.018864331766963005,0.07070136815309525,0.12175656855106354,-0.3375749886035919,2.796868085861206,3.7478861707238558,1046.4513557450903,0.7053717970848083,0.19489546120166779,0.09969987720251083,0.09266524016857147,0.0018322032410651445,0.5718464851379395
712,0.016252338886260986,0.06433511525392532,0.10980207473039627,-0.3013235330581665,2.73655104637146,3.9585142606368424,1041.0544035775504,0.7257071137428284,0.16494153439998627,0.10934094339609146,0.09293527156114578,0.001517707365565002,0.5919104814529419
713,0.018275732174515724,0.07048394531011581,0.12150359153747559,-0.29238763451576233,2.80918550491333,3.856696116642825,1142.8109596090185,0.6862547993659973,0.1847958117723465,0.12894722819328308,0.0917772427201271,0.00248227221891284,0.5551185607910156
714,0.016476135700941086,0.060190074145793915,0.10433083772659302,-0.3024718463420868,2.733290195465088,3.653166933961512,1118.4701669952465,0.6757562160491943,0.20755137503147125,0.11669080704450607,0.08677899837493896,0.0018254861934110522,0.5583068132400513
715,0.01693258434534073,0.05673002824187279,0.10225364565849304,-0.2782508134841919,2.6947684288024902,3.350346709132597,1100.9034929595919,0.6828737258911133,0.20866264402866364,0.10841839015483856,0.08367346972227097,0.002580569125711918,0.5671349167823792
716,0.019076088443398476,0.06420884281396866,0.1174519807100296,-0.29430240392684937,2.710811138153076,3.365933377857819,1067.345383883702,0.6986262798309326,0.19872058928012848,0.1026286706328392,0.08960292488336563,0.0015877187252044678,0.5729716420173645
717,0.019501538947224617,0.06534936279058456,0.1211370900273323,-0.2925536334514618,2.747079610824585,3.3509849127334563,1034.4244246134597,0.7117040157318115,0.18938764929771423,0.09887290745973587,0.08570894598960876,0.0020135787781327963,0.5688501000404358
718,0.016148433089256287,0.05124964192509651,0.09777762740850449,-0.23774777352809906,2.669152021408081,3.1736603569308377,1067.6527051439673,0.698173999786377,0.1934465765953064,0.10837933421134949,0.09078720211982727,0.0011468720622360706,0.5637179017066956
719,0.01810997538268566,0.06302496045827866,0.12120547890663147,-0.23456020653247833,2.8099114894866943,3.4801240268418354,1133.38349614084,0.6772499084472656,0.2021121233701706,0.12057926505804062,0.08967459201812744,0.0012298566289246082,0.5479755401611328
720,0.01734241656959057,0.06574654579162598,0.12524446845054626,-0.25402408838272095,2.8920397758483887,3.7910832970717347,1121.7832507224246,0.6839443445205688,0.19384489953517914,0.12207670509815216,0.08521898835897446,0.0012050424702465534,0.5589333772659302
721,0.01919371820986271,0.07219935208559036,0.12799565494060516,-0.23919731378555298,2.7796883583068848,3.7616136327733027,1075.3518463520434,0.6955069303512573,0.19227468967437744,0.11210313439369202,0.08709421008825302,0.0018435518722981215,0.5723515152931213
722,0.01968318596482277,0.06497744470834732,0.12262316048145294,-0.22872580587863922,2.7240214347839355,3.3011650055622095,1097.382277481344,0.6926478147506714,0.19605505466461182,0.1112942025065422,0.08429286628961563,0.0015781742986291647,0.5740348696708679
723,0.019554514437913895,0.06700332462787628,0.12018460035324097,-0.3073807954788208,2.744065999984741,3.4264887955764456,1110.6636749702977,0.6871230602264404,0.19982686638832092,0.11303369700908661,0.08644285798072815,0.0010814446723088622,0.562369167804718
724,0.018258677795529366,0.06325622648000717,0.11313597857952118,-0.3517196774482727,2.7727296352386475,3.4644472718627526,1043.0518593107872,0.7096183896064758,0.184353768825531,0.10602306574583054,0.08890067040920258,0.0010359640000388026,0.5827513337135315
725,0.01821199804544449,0.061057042330503464,0.119532510638237,-0.3293216824531555,2.80338454246521,3.352572418182506,1072.1648312485247,0.7009131908416748,0.18842379748821259,0.11066300421953201,0.08923384547233582,0.0013300614664331079,0.5723053216934204
726,0.017889730632305145,0.05940764397382736,0.11467821896076202,-0.3312419354915619,2.867414712905884,3.320767941761443,1144.110634724084,0.6726848483085632,0.20946305990219116,0.11783751845359802,0.08663121610879898,0.0017511124024167657,0.5461058020591736
727,0.017028260976076126,0.05707481876015663,0.10987970232963562,-0.2854112982749939,2.7678515911102295,3.3517702622124594,1087.590315168082,0.6870303153991699,0.21120497584342957,0.10176294296979904,0.0855759009718895,0.0013713386142626405,0.5695565342903137
728,0.017268501222133636,0.071522057056427,0.13063006103038788,-0.2965697646141052,2.803292989730835,4.141764020644302,1088.4111799672412,0.6971641778945923,0.19591772556304932,0.10672223567962646,0.0951794907450676,0.0027112923562526703,0.5634019374847412
729,0.018205754458904266,0.07422816008329391,0.12876617908477783,-0.26345276832580566,2.840930461883545,4.077181214696237,1144.260655622667,0.686163604259491,0.19251559674739838,0.12128320336341858,0.08970167487859726,0.0017494220519438386,0.5642865300178528
730,0.017315847799181938,0.05428377911448479,0.10489574074745178,-0.23386286199092865,2.7023720741271973,3.1349189332742013,1160.028057953519,0.6803445816040039,0.19292248785495758,0.12672673165798187,0.08561260998249054,0.002018167171627283,0.5615965723991394
731,0.017619255930185318,0.05980375036597252,0.10859605669975281,-0.30886387825012207,2.7315096855163574,3.3942267823082406,1061.4195431704134,0.716784656047821,0.16953608393669128,0.11358962953090668,0.09218481928110123,0.0015297007048502564,0.585895836353302
732,0.01716139353811741,0.05771705508232117,0.10980205237865448,-0.27415019273757935,2.6926045417785645,3.3631916283932206,1057.8995273266305,0.701568067073822,0.19864457845687866,0.0997404083609581,0.08278980106115341,0.0023474290501326323,0.563668429851532
733,0.017993222922086716,0.05760784447193146,0.11196113377809525,-0.2806897759437561,2.679976224899292,3.201641235601882,1095.119848763259,0.6929839849472046,0.2027236521244049,0.1042742058634758,0.08728663623332977,0.0011286974186077714,0.5602100491523743
734,0.017546163871884346,0.05709129571914673,0.10626169294118881,-0.3269095718860626,2.666478395462036,3.2537765025308474,1069.1679929328232,0.7022377252578735,0.19459694623947144,0.10315926373004913,0.08961518108844757,0.00171482574660331,0.5769991278648376
735,0.01689552143216133,0.061253707855939865,0.10965564846992493,-0.31375351548194885,2.6795825958251953,3.625440510863159,1106.3657652394413,0.6929662227630615,0.19398996233940125,0.11304143816232681,0.08822353184223175,0.0014352452708408237,0.5694088935852051
736,0.016465676948428154,0.05984623730182648,0.10916247218847275,-0.3007538914680481,2.7620692253112793,3.6346053360353894,1039.3381366505585,0.7200037837028503,0.1713258922100067,0.10866328328847885,0.09304020553827286,0.0016395843122154474,0.5913808941841125
737,0.018251745030283928,0.06843773275613785,0.12869922816753387,-0.284587025642395,2.977895736694336,3.7496542187519024,1119.3098217974004,0.6986063718795776,0.17520436644554138,0.12618161737918854,0.0896528884768486,0.0013979062205180526,0.5763230919837952
738,0.018510328605771065,0.06894005089998245,0.12839485704898834,-0.308278888463974,2.9231574535369873,3.7244098883670946,1121.5595480747504,0.6966443061828613,0.17730307579040527,0.1260399967432022,0.08816017210483551,0.0017481615068390965,0.5670079588890076
739,0.019394230097532272,0.0611630380153656,0.11968573927879333,-0.29445603489875793,2.768868923187256,3.153671875842823,1105.2750201681492,0.70027756690979,0.17615456879138947,0.12356790900230408,0.08579463511705399,0.0012419464765116572,0.5701857805252075
740,0.017643073573708534,0.053184229880571365,0.10588526725769043,-0.22371557354927063,2.60868763923645,3.0144537829741482,1112.6117671712432,0.692794919013977,0.18521727621555328,0.12194585055112839,0.08351244032382965,0.001086338423192501,0.5652499794960022
741,0.016887502744793892,0.04887387156486511,0.09010350704193115,-0.223484069108963,2.466102361679077,2.8940851883525496,994.35852309781,0.7133893966674805,0.19569197297096252,0.09091844409704208,0.08846698701381683,0.001650876016356051,0.5852164030075073
742,0.017191052436828613,0.05844835564494133,0.10916972160339355,-0.29295259714126587,2.7603182792663574,3.3999288790677378,1073.0387292037171,0.6949341297149658,0.19494523108005524,0.11012031883001328,0.08946365118026733,0.0012572514824569225,0.5741579532623291
743,0.017924174666404724,0.06014428287744522,0.11372055113315582,-0.3209834098815918,2.761031150817871,3.355484087466418,1053.2593889097652,0.7101128101348877,0.1794876754283905,0.11039077490568161,0.09227720648050308,0.001994563965126872,0.5802947878837585
744,0.01669183559715748,0.056870657950639725,0.10756988823413849,-0.2807709574699402,2.671873092651367,3.407094301654719,1036.9718498617403,0.7155870795249939,0.18737974762916565,0.09702914953231812,0.09068409353494644,0.0009993644198402762,0.5900142192840576
745,0.016202839091420174,0.05482373759150505,0.10799765586853027,-0.2494104504585266,2.717228651046753,3.3835883500905757,1046.9414863973927,0.7002655267715454,0.2072461098432541,0.09248164296150208,0.08942878246307373,0.0016269744373857975,0.5680097341537476
746,0.017816225066781044,0.05809292197227478,0.105638787150383,-0.2758687138557434,2.709603786468506,3.2606751290614495,1115.2034305277884,0.6759284138679504,0.21299612522125244,0.11104904860258102,0.08999039232730865,0.0014683484332635999,0.5510966181755066
747,0.018657701089978218,0.057540860027074814,0.1073075532913208,-0.30248215794563293,2.7196223735809326,3.0840273271876053,1124.646558465252,0.6756253838539124,0.20638008415699005,0.1179732009768486,0.08389900624752045,0.0020455154590308666,0.5521005988121033
748,0.01661466620862484,0.05116245150566101,0.0963127613067627,-0.33191460371017456,2.686387062072754,3.079354761639612,1058.4103857385858,0.7015708088874817,0.19062748551368713,0.10776592791080475,0.08822283148765564,0.001247164560481906,0.576943576335907
749,0.016563648357987404,0.0507798008620739,0.09078361839056015,-0.31698235869407654,2.662989377975464,3.0657376781680394,1094.64165411111,0.6987614631652832,0.1839579939842224,0.11727491766214371,0.08861047029495239,0.001556060160510242,0.576072096824646
750,0.019756397232413292,0.06936578452587128,0.1226349025964737,-0.33234602212905884,2.7573323249816895,3.511054354007187,1102.5426367980117,0.6875987648963928,0.19590428471565247,0.11640481650829315,0.08483748883008957,0.0008984365849755704,0.5706573128700256
751,0.01863044686615467,0.06460151821374893,0.11518502235412598,-0.35098299384117126,2.809436798095703,3.4675238159553166,1117.5683704597511,0.673168957233429,0.20717531442642212,0.11957722902297974,0.08908799290657043,0.0013797805877402425,0.5502591729164124
752,0.01862349361181259,0.05922716110944748,0.10809379816055298,-0.29627376794815063,2.6943771839141846,3.180239021785922,1047.4599996275076,0.6926094889640808,0.20094524323940277,0.10643387585878372,0.09085813909769058,0.0013824793277308345,0.5657370686531067
753,0.016857663169503212,0.052597444504499435,0.09893256425857544,-0.2651364803314209,2.6383142471313477,3.120091080982808,1027.1890069294177,0.7134281992912292,0.18325649201869965,0.10331527143716812,0.08966574817895889,0.0014591924846172333,0.5760961771011353
754,0.016961591318249702,0.05218201130628586,0.09861637651920319,-0.30563223361968994,2.6561858654022217,3.076480875179708,1017.8213939550852,0.7271066904067993,0.16698473691940308,0.10590789467096329,0.08921747654676437,0.0014802204677835107,0.590787947177887
755,0.017550194635987282,0.0647779256105423,0.10924303531646729,-0.330027312040329,2.682996988296509,3.691008957474575,1027.7729328504965,0.7195271849632263,0.1746155321598053,0.1057947650551796,0.09019792079925537,0.0013980796793475747,0.5865015387535095
756,0.018576959148049355,0.07007435709238052,0.1192363053560257,-0.3605985641479492,2.766003370285034,3.7721112766707283,1061.056630756416,0.7112171649932861,0.1726198047399521,0.11609549820423126,0.09326015412807465,0.002055969787761569,0.5805889964103699
757,0.017447756603360176,0.06071566045284271,0.1108384057879448,-0.36589375138282776,2.7564404010772705,3.4798548506614275,1083.0911891918174,0.6945974230766296,0.19075711071491241,0.11463035643100739,0.08878256380558014,0.0017301798798143864,0.5699284076690674
758,0.019871670752763748,0.06281386315822601,0.11624717712402344,-0.2792426347732544,2.657517194747925,3.160975437675712,1126.1688747257,0.6703815460205078,0.21414943039417267,0.11546659469604492,0.08669929206371307,0.0025633792392909527,0.5416218638420105
759,0.019601359963417053,0.06606104224920273,0.11459340155124664,-0.2686781585216522,2.643402099609375,3.370227492843627,1060.4863650103841,0.6990329623222351,0.196384459733963,0.10457979142665863,0.08552808314561844,0.0015323830302804708,0.57435542345047
760,0.01737082004547119,0.06041737273335457,0.10762394964694977,-0.3012588918209076,2.696735143661499,3.478095597773929,1063.3204636334447,0.7148722410202026,0.17708753049373627,0.10802934318780899,0.08967269212007523,0.0018909841310232878,0.5809226036071777
761,0.018070952966809273,0.05564354360103607,0.10422186553478241,-0.31269967555999756,2.7056632041931152,3.0791704067935326,1085.788242341661,0.7056440114974976,0.1790231168270111,0.11532879620790482,0.09600022435188293,0.0015523108886554837,0.5709230899810791
762,0.016281941905617714,0.05344541370868683,0.10530619323253632,-0.35973599553108215,2.7374696731567383,3.282496278098389,1057.6860652672776,0.6941804885864258,0.20206362009048462,0.10374777764081955,0.08708491921424866,0.002052087802439928,0.564707338809967
763,0.017628731206059456,0.059150997549295425,0.1157856434583664,-0.24059216678142548,2.8493812084198,3.355374635561311,1177.8518328213697,0.6356188058853149,0.2574428617954254,0.1068829745054245,0.08147360384464264,0.0015395615482702851,0.5177150964736938
764,0.019149793311953545,0.06593525409698486,0.1266484260559082,-0.16721627116203308,2.7893800735473633,3.44313137063386,1224.1970599355461,0.6280927658081055,0.2531496584415436,0.11863129585981369,0.07932459563016891,0.0014731234405189753,0.509204626083374
765,0.01857122592628002,0.06178104132413864,0.11678782105445862,-0.22822095453739166,2.665471076965332,3.326707755646114,1142.0978555724603,0.6885321140289307,0.18159769475460052,0.12985406816005707,0.08712153881788254,0.0013966273982077837,0.5652965903282166
766,0.018063053488731384,0.06064813956618309,0.11183410882949829,-0.32440170645713806,2.7833337783813477,3.357579580919737,1026.1958872824707,0.7182745933532715,0.17441043257713318,0.10730072855949402,0.09155292063951492,0.0015406868187710643,0.5891581773757935
767,0.018424490466713905,0.06055092439055443,0.11311930418014526,-0.37512099742889404,2.899576187133789,3.286436848642335,1067.9767083874278,0.6823320388793945,0.21591909229755402,0.10173414647579193,0.08636642247438431,0.001405935501679778,0.5654443502426147
768,0.019942378625273705,0.06545203924179077,0.12035980820655823,-0.285123735666275,2.8348286151885986,3.2820577960323627,1119.7095153305042,0.6527117490768433,0.24679674208164215,0.10046184808015823,0.0831742137670517,0.001494135707616806,0.5338764786720276
769,0.016754578799009323,0.055396389216184616,0.10295812040567398,-0.29724183678627014,2.7498762607574463,3.3063432914322974,1052.9443120954645,0.6819936633110046,0.22320549190044403,0.09480055421590805,0.08445874601602554,0.0011914301430806518,0.5635963082313538
770,0.01683441549539566,0.0558672733604908,0.10428191721439362,-0.3187619149684906,2.671640157699585,3.318634577627735,1074.813493930336,0.6918266415596008,0.20134776830673218,0.10682143270969391,0.08749532699584961,0.0015700944932177663,0.5735853910446167
771,0.018419688567519188,0.06686020642518997,0.1255258172750473,-0.2959301769733429,2.7852256298065186,3.629822848333047,1156.7008009915744,0.6616500616073608,0.2256539911031723,0.11269543319940567,0.08742868155241013,0.0017327055102214217,0.541826605796814
772,0.01888783648610115,0.0691269263625145,0.12951572239398956,-0.28502675890922546,2.749190092086792,3.659864718212832,1126.0956757217816,0.6721962094306946,0.2169909030199051,0.1108127236366272,0.08809521794319153,0.0015258509665727615,0.5523685216903687
773,0.017909234389662743,0.06505965441465378,0.12002644687891006,-0.22533713281154633,2.633234977722168,3.6327434772183027,1085.8023879205866,0.6787278652191162,0.21939553320407867,0.10186804831027985,0.08737801015377045,0.002338059712201357,0.5473218560218811
774,0.01936017908155918,0.06833997368812561,0.12784139811992645,-0.17917504906654358,2.709897994995117,3.5299246663317487,1172.2472447542273,0.6491314768791199,0.23290473222732544,0.11796067655086517,0.08078005909919739,0.0012165739899501204,0.5242867469787598
775,0.016940683126449585,0.07453370839357376,0.12073451280593872,-0.263115257024765,2.8503305912017822,4.399687299079703,1179.762675109652,0.6587216258049011,0.21362438797950745,0.1275295615196228,0.08428286015987396,0.0021034274250268936,0.5253413915634155
776,0.017688745632767677,0.07957551628351212,0.1294514536857605,-0.3484760820865631,2.8833820819854736,4.498652303055514,1126.5553306395882,0.6860480308532715,0.19364812970161438,0.12030244618654251,0.08891220390796661,0.0015288034919649363,0.5602962374687195
777,0.016644777730107307,0.05060260370373726,0.0935492217540741,-0.3021657168865204,2.6687309741973877,3.040148959704425,1112.6117685367587,0.6813141107559204,0.2024724930524826,0.11621175706386566,0.08390045166015625,0.001979230437427759,0.5615337491035461
778,0.01937188394367695,0.06468342989683151,0.12469835579395294,-0.2702733874320984,2.7893943786621094,3.339036620369873,1130.4884744060123,0.6694696545600891,0.21076716482639313,0.11971218138933182,0.08744783699512482,0.0017461508978158236,0.5531700253486633
779,0.017750469967722893,0.05989716947078705,0.11460509151220322,-0.22443035244941711,2.770839214324951,3.374399076550001,1098.7137367804003,0.6799904704093933,0.2097950130701065,0.11020153760910034,0.08418180048465729,0.002095205942168832,0.5547206997871399
780,0.016812564805150032,0.05778208002448082,0.09959937632083893,-0.28601616621017456,2.7368040084838867,3.436839095683019,1052.7449285202833,0.691023588180542,0.21256493031978607,0.09641147404909134,0.08695850521326065,0.0017221842426806688,0.5649691820144653
781,0.01699698716402054,0.05820680409669876,0.10107811540365219,-0.3011920154094696,2.6863861083984375,3.4245365682505904,1066.172476791842,0.697666585445404,0.1966538280248642,0.10567149519920349,0.09254898130893707,0.0020404255483299494,0.5582388043403625
782,0.01920601911842823,0.06392506510019302,0.12286338955163956,-0.2632421553134918,2.6574997901916504,3.3283870385991836,1005.028722506798,0.7163470387458801,0.18942870199680328,0.09421978890895844,0.0906938686966896,0.0013806000351905823,0.5892069339752197
783,0.01811836287379265,0.057451967149972916,0.11367462575435638,-0.23163683712482452,2.70843768119812,3.1709248538069374,1059.4968908868605,0.6970937252044678,0.20080691576004028,0.10208599269390106,0.08719532936811447,0.0016219662502408028,0.5729547142982483
784,0.016889169812202454,0.05502578243613243,0.10533766448497772,-0.2632390260696411,2.7648122310638428,3.2580513456095495,1122.278058130877,0.6819646954536438,0.2061450183391571,0.1118902862071991,0.08471629023551941,0.001579347881488502,0.5635790228843689
785,0.018336281180381775,0.06093181297183037,0.11726801097393036,-0.3249438405036926,2.7883574962615967,3.3230191208945405,1059.9796428846996,0.7042969465255737,0.1915501207113266,0.10414212942123413,0.08933568745851517,0.0016093641752377152,0.5816264748573303
786,0.019442003220319748,0.06334156543016434,0.1250142902135849,-0.27947062253952026,2.7465665340423584,3.2579752564131423,1111.3631413777102,0.6869143843650818,0.19208897650241852,0.12098739296197891,0.08812866359949112,0.0016381077002733946,0.5649871230125427
787,0.01686364784836769,0.05857310816645622,0.11058419197797775,-0.30699339509010315,2.8433845043182373,3.473335584901487,1128.1206899408553,0.670075535774231,0.21508364379405975,0.11481916159391403,0.08813498169183731,0.0015357675729319453,0.5445176362991333
788,0.01779806986451149,0.06226137652993202,0.10865596681833267,-0.3416977524757385,2.7533819675445557,3.498209468802011,1073.3832614958612,0.6908582448959351,0.2009575366973877,0.10818200558423996,0.08975622802972794,0.002457412425428629,0.5547576546669006
789,0.018765462562441826,0.06099668890237808,0.10693401098251343,-0.29622629284858704,2.588383674621582,3.2504761711128594,1091.629336646666,0.6848790645599365,0.2075948417186737,0.10750795155763626,0.08618514984846115,0.0016231078188866377,0.5594078898429871
790,0.018941769376397133,0.060262419283390045,0.10907232761383057,-0.29535409808158875,2.626046657562256,3.1814567099153943,1124.1992791659015,0.6719253659248352,0.2218068540096283,0.10626005381345749,0.0866425409913063,0.0020682113245129585,0.5424885749816895
791,0.017204349860548973,0.052397482097148895,0.10253962874412537,-0.2911517918109894,2.678499460220337,3.045595010495291,1104.505408157557,0.6781668066978455,0.21720638871192932,0.10462646186351776,0.08684759587049484,0.0015780484536662698,0.5584241151809692
792,0.016071893274784088,0.05772167071700096,0.10645223408937454,-0.30566826462745667,2.7520368099212646,3.591466775353194,1080.7149012084737,0.6868976354598999,0.21239809691905975,0.10067767649888992,0.08941221982240677,0.0016844094498082995,0.558388352394104
793,0.017915716394782066,0.06323941051959991,0.10896804928779602,-0.30352017283439636,2.7473337650299072,3.5298287337529244,1090.9193384638572,0.6982988715171814,0.1893784999847412,0.11232218891382217,0.09070229530334473,0.0015783922281116247,0.5647856593132019
794,0.017282258719205856,0.06017042323946953,0.10476772487163544,-0.31396493315696716,2.659074544906616,3.481629584049695,1044.930088453595,0.711817741394043,0.18522876501083374,0.10295340418815613,0.08193410187959671,0.0024523327592760324,0.5782804489135742
795,0.01936040073633194,0.07090922445058823,0.1271214336156845,-0.34110113978385925,2.7157320976257324,3.6625907393464545,1076.4865321276202,0.6925964951515198,0.19894255697727203,0.10839417576789856,0.0864567756652832,0.0015858410624787211,0.5620947480201721
796,0.016288302838802338,0.06143727898597717,0.11001107096672058,-0.3095061779022217,2.6382598876953125,3.771864975143275,1108.9568685958175,0.6758968830108643,0.21378189325332642,0.11031787842512131,0.09078782796859741,0.0018299449002370238,0.5469543933868408
797,0.018650807440280914,0.05949600785970688,0.10957562178373337,-0.283834844827652,2.5849766731262207,3.1899963605876342,1084.693364846417,0.6903918385505676,0.20010514557361603,0.10946967452764511,0.08960004150867462,0.0015905931359156966,0.5685002207756042
798,0.017954958602786064,0.05680161342024803,0.1047099381685257,-0.24906425178050995,2.583861827850342,3.1635613689619193,1031.2128813000797,0.7106015682220459,0.18667620420455933,0.10271633416414261,0.08905839920043945,0.00170994084328413,0.5908899903297424
799,0.018184876069426537,0.05915115401148796,0.10729990899562836,-0.2629697918891907,2.631263256072998,3.252766407777919,1058.9265168557145,0.7083783745765686,0.1832227259874344,0.10839754343032837,0.09164207428693771,0.0009864639723673463,0.584399938583374
800,0.017158018425107002,0.06370231509208679,0.109319768846035,-0.33967795968055725,2.9087188243865967,3.712684851483766,1109.7084986991065,0.6938714385032654,0.18532536923885345,0.12073246389627457,0.08893269300460815,0.0010806246427819133,0.5666912198066711
801,0.018138278275728226,0.06626183539628983,0.11919935047626495,-0.36607515811920166,2.884833335876465,3.653149123933394,1073.5275916960773,0.6971268653869629,0.19191329181194305,0.11095396429300308,0.08651088178157806,0.0015566963702440262,0.5682787895202637
802,0.01894373632967472,0.05999362841248512,0.11511743068695068,-0.2704092264175415,2.719843864440918,3.1669374702676896,1141.944504139294,0.6883837580680847,0.1832467019557953,0.12836183607578278,0.0902457982301712,0.0014487727312371135,0.5619921088218689
803,0.017738018184900284,0.05676604434847832,0.10510185360908508,-0.28736141324043274,2.7499451637268066,3.200247274162843,1074.5589026171938,0.7164265513420105,0.16304908692836761,0.1205168142914772,0.0927000343799591,0.001958752516657114,0.5823220014572144
804,0.016402237117290497,0.05476094037294388,0.09975525736808777,-0.3544873297214508,2.707122325897217,3.338626309205026,1014.0953595231837,0.7260060906410217,0.16955719888210297,0.10443656146526337,0.0900595560669899,0.0015435314271599054,0.5967099070549011
805,0.016126319766044617,0.05530862882733345,0.10063426196575165,-0.30848708748817444,2.648768424987793,3.429711777163251,1079.8664756254987,0.6957728266716003,0.19460518658161163,0.10961326211690903,0.09392406046390533,0.002284810645505786,0.5652393698692322
806,0.01701389253139496,0.057297952473163605,0.10522134602069855,-0.27298304438591003,2.637850284576416,3.3677156690667114,1127.209573116385,0.6798934936523438,0.21223297715187073,0.10784081369638443,0.08527609705924988,0.0010356048587709665,0.5643433928489685
807,0.018048137426376343,0.058065928518772125,0.10947892814874649,-0.29375705122947693,2.6150031089782715,3.217280938402804,1102.0140453864467,0.6927820444107056,0.2006959766149521,0.10645250976085663,0.0874098464846611,0.002103684237226844,0.5639479160308838
808,0.018764981999993324,0.062084414064884186,0.11532113701105118,-0.32512789964675903,2.617851734161377,3.308525106051141,1023.5052403772761,0.7221844792366028,0.17475028336048126,0.10306508094072342,0.09848835319280624,0.0020557320676743984,0.5805101990699768
809,0.016270745545625687,0.06266404688358307,0.11764547228813171,-0.25933992862701416,2.7431514263153076,3.8513322394485283,1065.5404800337735,0.7157832980155945,0.17037294805049896,0.11383964866399765,0.08539403229951859,0.002423930214717984,0.5801374316215515
810,0.019464688375592232,0.0746401771903038,0.1398647129535675,-0.24954649806022644,2.8136308193206787,3.8346453714647852,1097.8440569083473,0.6970016360282898,0.18648551404476166,0.11645945906639099,0.084417425096035,0.0013963704695925117,0.5692722797393799
811,0.018805192783474922,0.06539126485586166,0.12295742332935333,-0.31122395396232605,2.7297096252441406,3.4772982976195275,1101.2043041864308,0.6865592002868652,0.19663763046264648,0.11674920469522476,0.08995551615953445,0.0016186181455850601,0.5566965341567993
812,0.01682105101644993,0.05837925523519516,0.10671054571866989,-0.30258888006210327,2.6055831909179688,3.4706068707973907,1075.7851112746948,0.6942127346992493,0.1933123916387558,0.11246965825557709,0.0883377194404602,0.0014032759936526418,0.5733849406242371
813,0.017212968319654465,0.055396974086761475,0.10423807054758072,-0.2307797074317932,2.541337728500366,3.2183277779166444,1081.3418827852324,0.6924170851707458,0.19555169343948364,0.11203121393918991,0.08912757784128189,0.001648617791943252,0.5676893591880798
814,0.016415739431977272,0.05481643229722977,0.09931598603725433,-0.25935035943984985,2.68450927734375,3.3392606236859526,1046.5130589474875,0.7036164999008179,0.18884076178073883,0.10751835256814957,0.09199675917625427,0.001385688316076994,0.5696285963058472
815,0.01594637706875801,0.05595128983259201,0.09917597472667694,-0.33468618988990784,2.767233371734619,3.508714837723393,981.8531065795022,0.7280055284500122,0.17796602845191956,0.09399830549955368,0.0948774665594101,0.0018935626139864326,0.5844511389732361
816,0.01836632937192917,0.07180161774158478,0.11509034037590027,-0.3484906852245331,2.737159013748169,3.9094157729424106,1032.2619214119995,0.7207086086273193,0.1771610528230667,0.1021251529455185,0.0888831838965416,0.0012078003492206335,0.5834601521492004
817,0.017553141340613365,0.07080329954624176,0.11552464962005615,-0.31529897451400757,2.697927236557007,4.033654043358487,1042.7499512505146,0.7062850594520569,0.20001232624053955,0.09370225667953491,0.0875307023525238,0.0009636972681619227,0.5792040228843689
818,0.019425570964813232,0.06780819594860077,0.11941897869110107,-0.284893274307251,2.794339418411255,3.4906668158138254,1106.087487463261,0.6837581396102905,0.21272815763950348,0.10345668345689774,0.08842534571886063,0.001867298618890345,0.556067943572998
819,0.01658601313829422,0.058600958436727524,0.10263201594352722,-0.3161596953868866,2.8450939655303955,3.533155191942719,1134.0612615252267,0.6832911968231201,0.19911344349384308,0.11759444326162338,0.086863674223423,0.0014347212854772806,0.5598272085189819
820,0.017835400998592377,0.05730457603931427,0.10247217118740082,-0.3042241334915161,2.681199550628662,3.212968188414937,1098.5655891937774,0.6915349960327148,0.19196471571922302,0.1165003702044487,0.0942763239145279,0.002611115574836731,0.5602105855941772
821,0.018892310559749603,0.05676933750510216,0.11191017925739288,-0.2771494388580322,2.6568048000335693,3.004891186949114,1049.135214189528,0.6967119574546814,0.20124778151512146,0.10203252732753754,0.08928578346967697,0.0015753204934298992,0.5716073513031006
822,0.0194065123796463,0.06336885690689087,0.12415756285190582,-0.29343244433403015,2.7393693923950195,3.2653397820252996,1043.617213657615,0.6982722878456116,0.2033386379480362,0.09837767481803894,0.08465158939361572,0.0019583324901759624,0.5761601328849792
823,0.01642981916666031,0.06316603720188141,0.11712414026260376,-0.3592897057533264,2.860661268234253,3.8445972263781516,1017.1165281628372,0.7128210067749023,0.1883171647787094,0.09885838627815247,0.09391341358423233,0.0017209642101079226,0.5781043171882629
824,0.017955701798200607,0.07204415649175644,0.11952435970306396,-0.37988173961639404,2.7502753734588623,4.012327521220244,953.4795689538743,0.7429206371307373,0.1612982153892517,0.09575531631708145,0.09014907479286194,0.002914553740993142,0.5999872088432312
825,0.017776723951101303,0.05637846887111664,0.10577116906642914,-0.27060753107070923,2.6543078422546387,3.1714768718368047,1068.2046513414164,0.700932502746582,0.18570154905319214,0.11332589387893677,0.09004446119070053,0.0014612345257773995,0.5683045983314514
826,0.018790002912282944,0.05719975754618645,0.11231771856546402,-0.20859277248382568,2.6102404594421387,3.044159056822235,1144.6884742742723,0.6682644486427307,0.20846915245056152,0.1231527179479599,0.08678316324949265,0.0012457664124667645,0.5456846952438354
827,0.01817961595952511,0.06297149509191513,0.12278636544942856,-0.2141897976398468,2.6764965057373047,3.463851779303276,1137.7792923280115,0.6874850392341614,0.18471576273441315,0.12773026525974274,0.08362437039613724,0.0016561879310756922,0.5712108016014099
828,0.01780111901462078,0.06292259693145752,0.1243937611579895,-0.23903979361057281,2.7547013759613037,3.534755139620261,1032.5256712087319,0.7120967507362366,0.18534010648727417,0.10256040096282959,0.09056299179792404,0.002210104139521718,0.5849652886390686
829,0.018389957025647163,0.06315335631370544,0.1108371764421463,-0.32692989706993103,2.7478315830230713,3.4341220168266755,1044.644078547358,0.7032638788223267,0.19553080201148987,0.10118560492992401,0.09019523113965988,0.0018742106622084975,0.5735628008842468
830,0.01822575367987156,0.0677398219704628,0.13314279913902283,-0.35509490966796875,2.971369743347168,3.716708957915834,1142.4026325278767,0.6808573603630066,0.20178352296352386,0.11732176691293716,0.08743692934513092,0.0012176668969914317,0.5367034673690796
831,0.016487721353769302,0.06081582233309746,0.11899509280920029,-0.32012179493904114,2.9270737171173096,3.6885522883673456,1136.8753251132055,0.6767821311950684,0.20713406801223755,0.11607863754034042,0.08565940707921982,0.0014909855090081692,0.5364655256271362
832,0.018650289624929428,0.060993731021881104,0.11575518548488617,-0.25115063786506653,2.658643960952759,3.2703905539934217,1100.6754981072093,0.6851310729980469,0.199508398771286,0.11532104015350342,0.08864687383174896,0.0014862865209579468,0.5541528463363647
833,0.0184430330991745,0.06894919276237488,0.12105751782655716,-0.25221753120422363,2.6637868881225586,3.738495310824038,1049.1243729565288,0.6997029781341553,0.19901269674301147,0.10125822573900223,0.09057552367448807,0.0018754751654341817,0.570974588394165
834,0.02008388377726078,0.07435869425535202,0.13934485614299774,-0.2738248109817505,2.7790017127990723,3.702406122058894,1163.4589394584475,0.6758312582969666,0.1959553211927414,0.12821298837661743,0.08537263423204422,0.0015013040974736214,0.5566303730010986
835,0.017906516790390015,0.06394585222005844,0.12309975922107697,-0.3036554455757141,2.8655619621276855,3.5710938629228837,1125.5500941603661,0.6819513440132141,0.1990424543619156,0.11900626122951508,0.09134536981582642,0.00259622884914279,0.5468615293502808
836,0.017007935792207718,0.07078282535076141,0.12353480607271194,-0.3637241721153259,2.9129364490509033,4.161752855336461,1072.2453645615726,0.6878979802131653,0.21738912165164948,0.09469253569841385,0.08644528687000275,0.001764492248184979,0.5587531328201294
837,0.016405014321208,0.06807160377502441,0.11279195547103882,-0.3449766933917999,2.8090779781341553,4.149438850710035,1064.3365231893551,0.6900827884674072,0.2122446745634079,0.0976530909538269,0.0854221060872078,0.0025169725995510817,0.5540918111801147
838,0.019406286999583244,0.06786041706800461,0.11866983771324158,-0.3557645082473755,2.7534403800964355,3.496826418467639,1061.3932637636253,0.6948493719100952,0.2024793028831482,0.10262736678123474,0.08975858986377716,0.0019003604538738728,0.5613071322441101
839,0.018653076142072678,0.0643092691898346,0.12553974986076355,-0.271785169839859,2.8005759716033936,3.447649529577328,1105.8293528438533,0.6872060298919678,0.1964399516582489,0.11633458733558655,0.0808437317609787,0.002216696972027421,0.5655403137207031
840,0.01817459985613823,0.06439059227705002,0.12507648766040802,-0.24611204862594604,2.794724941253662,3.542889130060273,1061.8245301789964,0.7049993276596069,0.17464086413383484,0.12028196454048157,0.08853690326213837,0.0018195724114775658,0.5804985165596008
841,0.016482049599289894,0.05689996853470802,0.10159024596214294,-0.2607693374156952,2.6929359436035156,3.4522386423171088,1100.403044246742,0.698790967464447,0.1757020503282547,0.12548542022705078,0.08874637633562088,0.0019553308375179768,0.5698730945587158
842,0.019430087879300117,0.06798366457223892,0.12020687758922577,-0.2823679745197296,2.729938507080078,3.498886108547485,1062.1537493167477,0.7034121155738831,0.19127245247364044,0.10530078411102295,0.0882524698972702,0.0010969111463055015,0.5828726887702942
843,0.01910467818379402,0.06550651043653488,0.11701641976833344,-0.3266126215457916,2.8223228454589844,3.428820407384483,1030.5938184843271,0.7110785841941833,0.18880313634872437,0.10011161118745804,0.08935743570327759,0.0017527476884424686,0.5848513841629028
844,0.016282983124256134,0.05224223434925079,0.09484566748142242,-0.33952459692955017,2.8382415771484375,3.208394551992083,1047.2562928514278,0.70542973279953,0.1884268969297409,0.10614026337862015,0.08680259436368942,0.0017098634270951152,0.5758576393127441
845,0.017985278740525246,0.0703541710972786,0.11735166609287262,-0.3954087495803833,2.9187448024749756,3.91176428835888,1057.7020065926413,0.7053353190422058,0.1863386183977127,0.10832417011260986,0.09037213772535324,0.0019004573114216328,0.5660405158996582
846,0.01695946790277958,0.06640210002660751,0.11644341051578522,-0.3198705315589905,2.846313953399658,3.9153410002803906,1117.1878947377656,0.6866928339004517,0.19528749585151672,0.11799387633800507,0.08944625407457352,0.0016291311476379633,0.5516929626464844
847,0.01879122667014599,0.06287182867527008,0.11977576464414597,-0.2300952821969986,2.7283759117126465,3.3458075822059055,1107.5892437589798,0.6888999342918396,0.19472913444042206,0.11632175743579865,0.08800012618303299,0.0016346501652151346,0.566508948802948
848,0.01742035150527954,0.05808141827583313,0.11034050583839417,-0.31468120217323303,2.773159980773926,3.334112876820909,1082.0152699270072,0.7064710855484009,0.17836149036884308,0.11505971103906631,0.09315083175897598,0.001615883782505989,0.5798478722572327
849,0.017780665308237076,0.05969138443470001,0.11593195796012878,-0.32723623514175415,2.736583948135376,3.357095102830054,1057.665372577077,0.7041460871696472,0.18716174364089966,0.10868047922849655,0.09666457772254944,0.0012751009780913591,0.5717341303825378
850,0.016109811142086983,0.051907263696193695,0.10137569904327393,-0.26096999645233154,2.627587080001831,3.222090143401095,1069.44037334852,0.7025486826896667,0.18508809804916382,0.1123548224568367,0.09298096597194672,0.002423378638923168,0.5617244243621826
851,0.016520334407687187,0.05196322873234749,0.09526358544826508,-0.2609905004501343,2.5692124366760254,3.145410222750862,1088.9466029285704,0.7065805792808533,0.17389540374279022,0.11948660761117935,0.0858110785484314,0.0017875372432172298,0.576722264289856
852,0.018187737092375755,0.05910208076238632,0.10867324471473694,-0.2810053825378418,2.65987491607666,3.2495565808410647,1054.2585311882376,0.718838095664978,0.16845084726810455,0.11269725859165192,0.08764113485813141,0.002405816689133644,0.5858697891235352
853,0.018263131380081177,0.05907071754336357,0.1079062968492508,-0.3007095456123352,2.6924729347229004,3.234424388172287,1063.444564528333,0.7159722447395325,0.17209362983703613,0.11193355917930603,0.09231005609035492,0.0023143403232097626,0.5808426141738892
854,0.01859009452164173,0.06635884195566177,0.11481133848428726,-0.319633811712265,2.7482552528381348,3.5695806643070207,1046.56465120898,0.7112303972244263,0.18013976514339447,0.10862445831298828,0.08894915878772736,0.0025351911317557096,0.5837911367416382
855,0.019430002197623253,0.06824307143688202,0.1180574893951416,-0.31791800260543823,2.772885322570801,3.512252378526108,1090.0107778041317,0.6860995292663574,0.19891679286956787,0.11497452855110168,0.09086634963750839,0.0014875085325911641,0.5590422749519348
856,0.017651187255978584,0.059517040848731995,0.10423408448696136,-0.2812841832637787,2.7350914478302,3.371843490312602,1077.3585027511765,0.6917146444320679,0.19321389496326447,0.11506251245737076,0.08493344485759735,0.002561457920819521,0.5619107484817505
857,0.017274944111704826,0.05948996916413307,0.1042046844959259,-0.2931275963783264,2.7302823066711426,3.443714131635383,1028.4624417783987,0.7193944454193115,0.17069657146930695,0.10986119508743286,0.08708677440881729,0.0011063271667808294,0.5938889980316162
858,0.01784554123878479,0.06392403692007065,0.12724736332893372,-0.26252761483192444,2.710315227508545,3.5820733067797694,1035.6599604011267,0.7219136953353882,0.17107458412647247,0.10688258707523346,0.09218501299619675,0.001750973635353148,0.5907873511314392
859,0.018177606165409088,0.06261991709470749,0.12358258664608002,-0.25244924426078796,2.702183485031128,3.444893487153694,1090.3868759916427,0.6902552247047424,0.20358902215957642,0.10615301877260208,0.08305083215236664,0.001222857041284442,0.5719771981239319
860,0.017155185341835022,0.05274571105837822,0.0929885059595108,-0.25866931676864624,2.559847831726074,3.074622046004756,1089.910999349185,0.6814448237419128,0.21459311246871948,0.10383046418428421,0.08190010488033295,0.0014794907765462995,0.5630603432655334
861,0.017596835270524025,0.05344691500067711,0.101551353931427,-0.2593320906162262,2.510310173034668,3.0373026840324675,1075.4942349967337,0.6998870372772217,0.19040170311927795,0.10956569015979767,0.08444555848836899,0.0016846441430971026,0.5756859183311462
862,0.018340609967708588,0.06340251117944717,0.12072442471981049,-0.262020468711853,2.5991902351379395,3.456946703932962,1075.256304274211,0.7132669687271118,0.17226167023181915,0.11446730047464371,0.08525742590427399,0.0014745381195098162,0.5929474234580994
863,0.018818968906998634,0.06432433426380157,0.1231062114238739,-0.2904200851917267,2.6906988620758057,3.418058373881567,1082.8406931614127,0.703051745891571,0.17826300859451294,0.11868414282798767,0.08842490613460541,0.001690169796347618,0.5781974792480469
864,0.01849113218486309,0.06782706826925278,0.12276190519332886,-0.29601800441741943,2.752063035964966,3.668086279817316,1147.0133899863517,0.6745884418487549,0.2011970728635788,0.12420684099197388,0.08666379749774933,0.001620082650333643,0.5507392883300781
865,0.01704978384077549,0.062049500644207,0.11086628586053848,-0.2767961621284485,2.6909611225128174,3.6393130388065638,1103.6882946858275,0.6802897453308105,0.20952193439006805,0.11018521338701248,0.08917602151632309,0.0025357117410749197,0.5442448854446411
866,0.017809521406888962,0.05750912427902222,0.10911819338798523,-0.2915002107620239,2.69872784614563,3.229122386946782,1050.8895018275516,0.6974709630012512,0.19838915765285492,0.1041332334280014,0.08661193400621414,0.0014807404950261116,0.561687171459198
867,0.0182354636490345,0.06020621582865715,0.1033547893166542,-0.28703874349594116,2.7453391551971436,3.30160049583073,1038.7954088328493,0.7071342468261719,0.1896853893995285,0.10317616164684296,0.08781606703996658,0.0023824863601475954,0.5736796259880066
868,0.017808109521865845,0.058089710772037506,0.10837190598249435,-0.3063162565231323,2.805443525314331,3.2619807676637187,1108.8045674057503,0.6888792514801025,0.19388557970523834,0.11718972772359848,0.08744384348392487,0.0016459671314805746,0.562335729598999
869,0.016961703076958656,0.055025506764650345,0.1033128872513771,-0.31176209449768066,2.849923849105835,3.2441027007573746,1100.3544017425293,0.6910674571990967,0.1930999904870987,0.11579795926809311,0.08554433286190033,0.0024492593947798014,0.5634878277778625
870,0.017226386815309525,0.05848861113190651,0.10632555186748505,-0.25414568185806274,2.706611156463623,3.3952918714521676,1047.7112707264291,0.7004883289337158,0.19762152433395386,0.10186924785375595,0.08919680863618851,0.0021998712327331305,0.5765076875686646
871,0.016714762896299362,0.05102217569947243,0.10010713338851929,-0.22946421802043915,2.634577751159668,3.0525216548370055,1123.3901755741251,0.7012327313423157,0.16962026059627533,0.1290181577205658,0.08605606108903885,0.0023262121248990297,0.5682505369186401
872,0.018491026014089584,0.054448261857032776,0.10810784995555878,-0.2638809382915497,2.5959558486938477,2.9445776460754707,1090.981413529284,0.7146155834197998,0.16234037280082703,0.12298733741044998,0.08724277466535568,0.0010995399206876755,0.5857800841331482
873,0.015179469250142574,0.06406239420175552,0.11145313084125519,-0.11517102271318436,2.7627573013305664,4.220331629640706,1273.019964079958,0.5730115175247192,0.33554399013519287,0.09128883481025696,0.13967514038085938,0.0025771029759198427,0.33500155806541443
874,0.014537042006850243,0.06174169480800629,0.10980759561061859,-0.14415915310382843,2.970890760421753,4.247197935774331,1319.226355681327,0.5657681226730347,0.3360002338886261,0.09822298586368561,0.1338818222284317,0.0029083597473800182,0.3250066936016083
875,0.015927353873848915,0.05237368121743202,0.10316021740436554,-0.09906359016895294,2.953415870666504,3.2882851494959224,1301.2853237121092,0.5641027688980103,0.34886297583580017,0.08690394461154938,0.13079264760017395,0.002878473373129964,0.332262247800827
876,0.014316829852759838,0.056972917169332504,0.10662786662578583,-0.09759645909070969,2.9693405628204346,3.979436631662593,1274.1456721415345,0.5772911310195923,0.3344932794570923,0.0882151871919632,0.13774289190769196,0.0033094712998718023,0.3461979031562805
877,0.013508396223187447,0.05955999344587326,0.11223939061164856,-0.1268821507692337,2.970649480819702,4.409109153848195,1344.955187052633,0.5444799065589905,0.3708692193031311,0.08464855700731277,0.12898847460746765,0.002738981507718563,0.32331839203834534
878,0.01643456146121025,0.0697816014289856,0.1186562180519104,-0.10757772624492645,2.801689624786377,4.246027591879583,1412.0906939609588,0.514961838722229,0.39484694600105286,0.09005774557590485,0.1215360015630722,0.0027200111653655767,0.3032292425632477
879,0.016042089089751244,0.04868181049823761,0.09341717511415482,-0.13739033043384552,2.736879587173462,3.03463035411667,1334.9042879007286,0.5475484132766724,0.3686040937900543,0.08383522182703018,0.1287248730659485,0.0022052880376577377,0.32564204931259155
880,0.015672044828534126,0.07426799088716507,0.11843959242105484,-0.25179123878479004,3.0167930126190186,4.738883259650094,1240.7254397781844,0.577686071395874,0.3481687009334564,0.074106365442276,0.13840517401695251,0.004085107706487179,0.3322727382183075
881,0.013909944333136082,0.06702910363674164,0.10696026682853699,-0.18658766150474548,3.0431430339813232,4.818790214152548,1272.0509799082856,0.5636191368103027,0.3526291847229004,0.08343087881803513,0.13403306901454926,0.003356402041390538,0.3251282572746277
882,0.015545974485576153,0.04956347867846489,0.09390989691019058,-0.09410835057497025,2.758185863494873,3.188187316353994,1316.8976209539478,0.5437568426132202,0.3821466863155365,0.07401110231876373,0.1310117095708847,0.002768823644146323,0.3042343258857727
883,0.014985346235334873,0.049133189022541046,0.0917675644159317,-0.08874265104532242,2.7511444091796875,3.278749002369269,1288.0054513762143,0.5594456791877747,0.36931440234184265,0.07114161550998688,0.13275252282619476,0.0037204658146947622,0.32179781794548035
884,0.014317662455141544,0.048905495554208755,0.09441153705120087,-0.12610375881195068,2.9107251167297363,3.4157458107437644,1285.7573757799667,0.5717807412147522,0.3469963073730469,0.08121856302022934,0.13271521031856537,0.0046769557520747185,0.3371131718158722
885,0.012862036935985088,0.04468052461743355,0.08599576354026794,-0.20013470947742462,2.937150478363037,3.473829599179089,1291.966952450357,0.5666230320930481,0.35600683093070984,0.07735740393400192,0.13734295964241028,0.0026465822011232376,0.3338947594165802
886,0.014161646366119385,0.04877958074212074,0.08708630502223969,-0.15666082501411438,2.7217578887939453,3.4444851592522134,1220.1674059309337,0.5969313979148865,0.3253091871738434,0.07775897532701492,0.14099469780921936,0.0028130034916102886,0.3410414159297943
887,0.013707207515835762,0.04308528080582619,0.08497928082942963,-0.09727003425359726,2.6568427085876465,3.1432573522292597,1192.171355946556,0.6097511053085327,0.30655989050865173,0.08353441953659058,0.14221765100955963,0.0019504065858200192,0.3594878911972046
888,0.014513351023197174,0.04526924341917038,0.0896044448018074,-0.10009916126728058,2.7311856746673584,3.119144802857444,1214.7997674124272,0.5954124927520752,0.326564759016037,0.07801396399736404,0.13971702754497528,0.0028729664627462626,0.3516971170902252
889,0.015044811181724072,0.056211113929748535,0.10713469982147217,-0.09237504005432129,2.8819615840911865,3.736245888834793,1250.0159953071698,0.5883455872535706,0.3239632844924927,0.08768908679485321,0.13444097340106964,0.0031894026324152946,0.34046924114227295
890,0.013135772198438644,0.05019369348883629,0.09642292559146881,-0.08366331458091736,2.7950494289398193,3.8211452457268793,1234.3387116772851,0.6022370457649231,0.2983281910419464,0.09936878085136414,0.14377127587795258,0.003452119417488575,0.33973175287246704
891,0.014024697244167328,0.04829058051109314,0.0876234769821167,-0.10755711048841476,2.7086541652679443,3.4432529748714007,1248.5358125049265,0.5943723320960999,0.29663345217704773,0.10887268930673599,0.14337962865829468,0.003314669243991375,0.3467695415019989
892,0.013658478856086731,0.05504661425948143,0.0940239280462265,-0.11974624544382095,2.928532600402832,4.030215577843823,1256.444384299622,0.5787512063980103,0.31733036041259766,0.10391812026500702,0.13503505289554596,0.0024911093059927225,0.3413054645061493
893,0.014644493348896503,0.058609940111637115,0.10728993266820908,-0.11197539418935776,2.9650561809539795,4.002182848616701,1225.2287159777877,0.5905945897102356,0.30662617087364197,0.10273436456918716,0.13922655582427979,0.003519861726090312,0.33938664197921753
894,0.013004595413804054,0.048302195966243744,0.09107320010662079,-0.13869257271289825,2.967806816101074,3.714240576162633,1241.6418459140866,0.5862487554550171,0.31360238790512085,0.10014805942773819,0.13860265910625458,0.0029525996651500463,0.34291550517082214
895,0.015117911621928215,0.0570850670337677,0.10363541543483734,-0.134366974234581,2.846567153930664,3.7759889366723782,1233.493998013574,0.5841507911682129,0.33358219265937805,0.08215729147195816,0.1385919153690338,0.003946194425225258,0.3458196818828583
896,0.014485360123217106,0.04640354588627815,0.089628666639328,-0.13806989789009094,2.66921067237854,3.2034789255048732,1199.2509953650629,0.6066406965255737,0.30763331055641174,0.08570048213005066,0.14256444573402405,0.004196487832814455,0.36881011724472046
897,0.014735786244273186,0.047207701951265335,0.09082939475774765,-0.17917129397392273,2.7966690063476562,3.2036093063176865,1237.7888540134013,0.5965006947517395,0.3151300251483917,0.08834277093410492,0.1405990868806839,0.004150104243308306,0.34514087438583374
898,0.0139644555747509,0.04528317600488663,0.08616472035646439,-0.14828234910964966,2.8431451320648193,3.2427455377150745,1245.4191178103572,0.5892940163612366,0.3235020041465759,0.08719848841428757,0.1357642561197281,0.0034503801725804806,0.3432784378528595
899,0.015347395092248917,0.04572072997689247,0.09029145538806915,-0.10226864367723465,2.7357583045959473,2.979054732030996,1212.3266518859816,0.6029127240180969,0.30702945590019226,0.08999162167310715,0.13989265263080597,0.0038650056812912226,0.34349656105041504
900,0.015449773520231247,0.051496393978595734,0.09786772727966309,-0.09981626272201538,2.7254796028137207,3.3331487939178412,1194.533925824676,0.6028646230697632,0.3117285966873169,0.08522411435842514,0.1407547891139984,0.0032508664298802614,0.3563937544822693
901,0.015348231419920921,0.05160274729132652,0.09788696467876434,-0.0638599693775177,2.808565855026245,3.362129868656246,1260.8810539172919,0.579916775226593,0.3224942982196808,0.09758604317903519,0.13380175828933716,0.00355095649138093,0.35718998312950134
902,0.013402293436229229,0.05003950372338295,0.09541383385658264,0.04725154861807823,2.9671852588653564,3.7336523004623934,1385.6319971179826,0.5348960757255554,0.36627253890037537,0.09877712279558182,0.12475597113370895,0.0025387092027813196,0.317960262298584
903,0.013852314092218876,0.05239439755678177,0.09929943084716797,0.004696587100625038,3.0093178749084473,3.7823570274392204,1346.7782960022885,0.5434925556182861,0.3737733066082001,0.08263581991195679,0.12872867286205292,0.0030909439083188772,0.3060852885246277
904,0.01560128666460514,0.05012045428156853,0.09866993129253387,-0.1147177517414093,2.8188016414642334,3.2125846640626716,1267.3448621142913,0.5851144194602966,0.32855501770973206,0.08627503365278244,0.13564181327819824,0.002607892267405987,0.34410402178764343
905,0.014042425900697708,0.04842013120651245,0.09623788297176361,-0.12252868711948395,2.8449132442474365,3.4481315084353428,1258.1382105637517,0.5979522466659546,0.30388039350509644,0.09799432754516602,0.13633815944194794,0.0024973286781460047,0.34583356976509094
906,0.015937890857458115,0.05377862975001335,0.10664384067058563,-0.1573440581560135,2.814065456390381,3.3742626441360937,1313.4665370363623,0.5714893937110901,0.32589825987815857,0.10261179506778717,0.13100112974643707,0.002824408235028386,0.33146610856056213
907,0.01562647335231304,0.0503261499106884,0.09725724905729294,-0.11962800472974777,2.7303404808044434,3.2205699118936852,1358.3546763290642,0.53961181640625,0.36280909180641174,0.09752058237791061,0.12377609312534332,0.003026331774890423,0.31439921259880066
908,0.014237548224627972,0.050772249698638916,0.09678609669208527,-0.11517615616321564,2.8111605644226074,3.5660809638029876,1329.0818037793358,0.5266282558441162,0.3876379728317261,0.08543215692043304,0.1255110204219818,0.0037198211066424847,0.30720189213752747
909,0.015976490452885628,0.05590035766363144,0.11018887162208557,-0.1377793848514557,2.957296133041382,3.4989134707013183,1350.2430723918997,0.5209161043167114,0.39599156379699707,0.08304890990257263,0.12599582970142365,0.0023036508355289698,0.31047019362449646
910,0.014254274778068066,0.04834561422467232,0.09543900191783905,-0.1204419732093811,3.03328800201416,3.3916572378460295,1344.8456469062676,0.5315496921539307,0.38226673007011414,0.0861046239733696,0.1297587752342224,0.002832230646163225,0.3119349777698517
911,0.015418539755046368,0.051302794367074966,0.09825558960437775,-0.1064627394080162,2.9454731941223145,3.3273445591341826,1253.2126245556206,0.5748659372329712,0.3392566442489624,0.08579196035861969,0.13486726582050323,0.003247226821258664,0.33871814608573914
912,0.01440238393843174,0.051970429718494415,0.09785676002502441,-0.09527485817670822,2.9674437046051025,3.60846023387882,1210.3888396063194,0.5904936194419861,0.32394737005233765,0.08554092794656754,0.13444681465625763,0.00426263315603137,0.3338671028614044
913,0.016706474125385284,0.057154733687639236,0.10965974628925323,-0.1130760982632637,2.9536876678466797,3.421112872486493,1257.2132174686337,0.5512059926986694,0.3632332980632782,0.0855473205447197,0.12393112480640411,0.0033510481007397175,0.31390678882598877
914,0.014752587303519249,0.04627700522542,0.09237907081842422,-0.13574689626693726,2.912574052810669,3.136873842545821,1292.014956446525,0.5276148319244385,0.39233535528182983,0.08004636317491531,0.1208406612277031,0.0032853877637535334,0.3051045536994934
915,0.01345305610448122,0.05017552524805069,0.09363938868045807,-0.10813213139772415,2.9024887084960938,3.7296748675274993,1325.9050606406315,0.5159953236579895,0.3987481892108917,0.08496055752038956,0.12307612597942352,0.0036850501783192158,0.3062141537666321
916,0.01364499144256115,0.053789012134075165,0.10638942569494247,-0.08492016047239304,2.934018611907959,3.9420334088562092,1274.8413031472726,0.5471532344818115,0.36181551218032837,0.0910034328699112,0.13219203054904938,0.003935027401894331,0.3166709542274475
917,0.014175712130963802,0.05596400424838066,0.09915870428085327,-0.04783838614821434,2.848695993423462,3.9478795652312533,1217.0418499202299,0.5782128572463989,0.34580445289611816,0.07592044025659561,0.13553358614444733,0.0028562797233462334,0.33633187413215637
918,0.016281090676784515,0.054972920566797256,0.10480246692895889,-0.0303951408714056,2.729597330093384,3.376488814831527,1258.347768752998,0.5631228685379028,0.3607674241065979,0.07567490637302399,0.12625068426132202,0.003151273587718606,0.3236844837665558
919,0.013729352504014969,0.05401141941547394,0.09870138019323349,-0.1287999153137207,2.9602086544036865,3.934010682276895,1287.6748776849072,0.5459882616996765,0.36909976601600647,0.08475077152252197,0.12494827806949615,0.002750246785581112,0.321600079536438
920,0.015331181697547436,0.06013130396604538,0.11080249398946762,-0.10430137813091278,2.8958849906921387,3.9221571532051285,1309.1654559903166,0.5452388525009155,0.36676719784736633,0.08764191716909409,0.1304916888475418,0.0029355196747928858,0.3153377175331116
921,0.013200129382312298,0.04368898272514343,0.08237519860267639,-0.1343499720096588,2.7768239974975586,3.3097389772842205,1291.1992821173362,0.5587621927261353,0.35261228680610657,0.08845408260822296,0.13111120462417603,0.002823005663231015,0.33743709325790405
922,0.014819729141891003,0.054119545966386795,0.09839959442615509,-0.20624162256717682,2.957280158996582,3.651857968831221,1237.4935546453487,0.5813199281692505,0.3324359357357025,0.08616788685321808,0.13501332700252533,0.0028199651278555393,0.3414461314678192
923,0.013964539393782616,0.051532041281461716,0.10000083595514297,-0.136881485581398,2.877967119216919,3.690207018264773,1199.8778732471287,0.6069258451461792,0.30167850852012634,0.0913936048746109,0.14497099816799164,0.003809652291238308,0.3335687220096588
924,0.015442313626408577,0.05340753495693207,0.09805196523666382,-0.022568712010979652,2.682931423187256,3.4585189917486834,1281.606359225611,0.5830271244049072,0.31510651111602783,0.1018112376332283,0.13899818062782288,0.003374517662450671,0.33643072843551636
925,0.014307191595435143,0.05373453348875046,0.0981302559375763,-0.05806559696793556,2.7092621326446533,3.7557708741483022,1264.1525149281983,0.582804799079895,0.32411715388298035,0.09301038831472397,0.14116349816322327,0.005355662200599909,0.34146448969841003
926,0.012711616232991219,0.04980273172259331,0.09019618481397629,-0.1318405121564865,2.7965359687805176,3.917891384214338,1163.0214217319142,0.6129180192947388,0.3052884042263031,0.08172572404146194,0.1485997587442398,0.0038063349202275276,0.3598242700099945
927,0.014499824494123459,0.04710447043180466,0.09237271547317505,-0.09244611859321594,2.774155378341675,3.2486234883495797,1256.190683076632,0.5820344686508179,0.3302576541900635,0.08761011064052582,0.14122486114501953,0.0036413685884326696,0.3392288088798523
928,0.014497529715299606,0.05553797632455826,0.09941583126783371,-0.12999190390110016,2.845592975616455,3.830857905544886,1296.3976267843811,0.5658928751945496,0.3543437123298645,0.07959121465682983,0.1295781433582306,0.0034466839861124754,0.32435324788093567
929,0.015082012861967087,0.05886172503232956,0.1069585308432579,-0.18946591019630432,2.9624381065368652,3.902776477326892,1223.321525176723,0.5873526930809021,0.3371548354625702,0.07536157220602036,0.1324574053287506,0.0031463794875890017,0.33646318316459656
930,0.014934505335986614,0.057208918035030365,0.10511869192123413,-0.1575126200914383,2.9382100105285645,3.83065369385536,1255.4300039256304,0.5732659697532654,0.33306193351745605,0.09367210417985916,0.1373809427022934,0.0023341800551861525,0.34451115131378174
931,0.013911881484091282,0.05015983432531357,0.09336434304714203,-0.12458957731723785,2.8722660541534424,3.6055392204905954,1302.7115138844167,0.5649837851524353,0.3350364863872528,0.09990933537483215,0.13709712028503418,0.003557866206392646,0.326803594827652
932,0.014252068474888802,0.05211060121655464,0.09635644406080246,-0.1634228378534317,2.8661818504333496,3.6563535535009324,1259.0485393803783,0.5909955501556396,0.3117954134941101,0.09715461730957031,0.1397048830986023,0.004164825659245253,0.34243243932724
933,0.013945751823484898,0.05773308873176575,0.10221816599369049,-0.07731477171182632,3.061377763748169,4.139833367061813,1333.689550715236,0.5648172497749329,0.33719268441200256,0.09796914458274841,0.1278923898935318,0.003644190263003111,0.32179227471351624
934,0.013620645739138126,0.054677873849868774,0.09694727510213852,-0.03649478405714035,3.0847156047821045,4.014337858354305,1363.5694471387008,0.5362048149108887,0.37343141436576843,0.09034152328968048,0.12476418912410736,0.0024241332430392504,0.3137660622596741
935,0.015554390847682953,0.05299095809459686,0.1016695573925972,-0.11506776511669159,2.9381465911865234,3.406816673832251,1285.017129418127,0.5566179752349854,0.3537515699863434,0.08954169601202011,0.1347132921218872,0.0034012869000434875,0.32408657670021057
936,0.014161068014800549,0.04873073473572731,0.09014721214771271,-0.09671882539987564,2.829911231994629,3.4411765187028855,1268.5549259546447,0.5616272687911987,0.3578628897666931,0.08016306906938553,0.13446593284606934,0.0038973493501544,0.3278841972351074
937,0.013947958126664162,0.04728701710700989,0.08898219466209412,-0.1172061413526535,2.886061906814575,3.390246563274488,1350.5618001452115,0.5387867093086243,0.3716179430484772,0.0894894078373909,0.12697504460811615,0.0029190739151090384,0.31454262137413025
938,0.014457879588007927,0.04943735525012016,0.0956023558974266,-0.09289475530385971,2.9195075035095215,3.4194056566708797,1383.9806492511477,0.5357047915458679,0.36114776134490967,0.10311459749937057,0.12231003493070602,0.002936966484412551,0.31367048621177673
939,0.014637771993875504,0.04747973009943962,0.0949416309595108,-0.011376207694411278,2.7967586517333984,3.2436446008355415,1285.4869446229766,0.5692419409751892,0.34128323197364807,0.08931908011436462,0.1353672593832016,0.002810245845466852,0.33043724298477173
940,0.014680647291243076,0.05037698149681091,0.09359979629516602,-0.0719468891620636,2.835689067840576,3.431523181094949,1289.3061639303373,0.5704638957977295,0.33348092436790466,0.09598801285028458,0.14202824234962463,0.003864934202283621,0.32450249791145325
941,0.013896791264414787,0.04749743267893791,0.09330327808856964,-0.020189641043543816,2.9844846725463867,3.4178704833212605,1301.3361917257218,0.5579937696456909,0.35451701283454895,0.08748756349086761,0.13622263073921204,0.0024450954515486956,0.31709691882133484
942,0.012776922434568405,0.04291946813464165,0.08468347787857056,-0.10400200635194778,2.9488255977630615,3.3591397577214996,1224.6115323956305,0.5910582542419434,0.32419008016586304,0.08459093421697617,0.1428401619195938,0.0031046534422785044,0.3413107693195343
943,0.014866179786622524,0.05234573036432266,0.10034816712141037,-0.1144658699631691,2.792464017868042,3.5211285691503167,1211.485907279762,0.6062994599342346,0.2972842752933502,0.09566065669059753,0.1447448879480362,0.002906083595007658,0.3516005575656891
944,0.015056164935231209,0.05189959332346916,0.09978577494621277,-0.013515441678464413,2.6795825958251953,3.4470659389880747,1222.9238733082855,0.6012126207351685,0.306295245885849,0.09234490245580673,0.14058956503868103,0.0027698923368006945,0.34896120429039
945,0.015286399982869625,0.049385540187358856,0.09534397721290588,-0.09699149429798126,2.747723340988159,3.2306848073759036,1249.3398055768796,0.5926929712295532,0.313044935464859,0.09426192939281464,0.13789287209510803,0.002881139051169157,0.3497569262981415
946,0.01535756979137659,0.06793870776891708,0.11515061557292938,-0.18462678790092468,3.12972092628479,4.4237928713592085,1253.9713248831677,0.5854616761207581,0.31871989369392395,0.0957506000995636,0.130458265542984,0.0031988441478461027,0.340228408575058
947,0.013971885666251183,0.062168605625629425,0.1052178293466568,-0.16247662901878357,3.0886611938476562,4.449550125603084,1273.5995718849697,0.5792191028594971,0.3118659257888794,0.10888969153165817,0.13996131718158722,0.0029543235432356596,0.33498093485832214
948,0.0129904979839921,0.04038691148161888,0.07881345599889755,-0.12485165148973465,2.7580718994140625,3.108957911257737,1260.5137226216816,0.5895183682441711,0.29843172430992126,0.11203641444444656,0.14224505424499512,0.003218682250007987,0.3314848244190216
949,0.015260672196745872,0.053184375166893005,0.10601142793893814,-0.13132868707180023,2.8642520904541016,3.4850611085630145,1253.355011457113,0.5789670348167419,0.3347625434398651,0.0862206518650055,0.1345926821231842,0.002240704605355859,0.34761950373649597
950,0.014211422763764858,0.05208434537053108,0.10144522786140442,-0.10786586254835129,2.8633475303649902,3.6649634756955223,1264.907149904797,0.5766614079475403,0.3370733857154846,0.08626516908407211,0.13966937363147736,0.0025883421767503023,0.3356030285358429
951,0.014909915626049042,0.054659876972436905,0.10426905751228333,-0.03944503143429756,2.839895248413086,3.666008469777984,1262.6087557582814,0.5844779014587402,0.32324692606925964,0.09221139550209045,0.14046919345855713,0.002488258760422468,0.3347454369068146
952,0.014865688979625702,0.04955820366740227,0.0989731103181839,0.0038514912594109774,2.819268226623535,3.3337306956973847,1281.5062004112074,0.5860382914543152,0.31342998147010803,0.10036099702119827,0.13887158036231995,0.0026597334071993828,0.33093583583831787
953,0.013054844923317432,0.042746320366859436,0.08418668806552887,-0.09998644143342972,2.7117693424224854,3.274364468875099,1264.7097685955682,0.6017560362815857,0.2947462201118469,0.10280070453882217,0.1416541337966919,0.0022602169774472713,0.34992465376853943
954,0.013788149692118168,0.04442569613456726,0.08808204531669617,-0.07627976685762405,2.7754626274108887,3.2220201494287997,1222.5707594129665,0.6013627648353577,0.3111267387866974,0.08729979395866394,0.1427467316389084,0.00255894148722291,0.3556329905986786
955,0.015764689072966576,0.05076414719223976,0.09776599705219269,-0.013601901941001415,2.793968677520752,3.2201172477337625,1262.8481373886073,0.582568883895874,0.3290348947048187,0.08825115114450455,0.13671831786632538,0.004899939056485891,0.33979931473731995
956,0.014694230630993843,0.04902908205986023,0.0957300066947937,-0.057321857661008835,2.8432013988494873,3.3366212418844774,1263.2137750998638,0.5797884464263916,0.3372109830379486,0.08298754692077637,0.13577784597873688,0.003469824092462659,0.34149765968322754
957,0.015363221988081932,0.06091750040650368,0.10351958125829697,-0.1675795614719391,2.9174976348876953,3.965151349749126,1276.5027458476015,0.5686563849449158,0.351499080657959,0.07973315566778183,0.14095209538936615,0.004084103740751743,0.3194143772125244
958,0.015400201082229614,0.06178537383675575,0.11220762878656387,-0.13916154205799103,2.8900251388549805,4.011984876225953,1306.6728900142286,0.5577073693275452,0.3548804223537445,0.0874050185084343,0.13343225419521332,0.0028611021116375923,0.3155086934566498
959,0.015758592635393143,0.05010760948061943,0.09965629875659943,-0.08661940693855286,2.858471393585205,3.17970079161131,1258.4328558044247,0.5632670521736145,0.35986173152923584,0.07686875760555267,0.1324843317270279,0.0029204024467617273,0.32531118392944336
960,0.01499844714999199,0.047138772904872894,0.09058430790901184,-0.1555042266845703,2.915208578109741,3.142910224659835,1285.2419886051593,0.5537823438644409,0.3686062693595886,0.07761111855506897,0.1364029198884964,0.0029175083618611097,0.3244999945163727
961,0.015488584525883198,0.06563995033502579,0.10972647368907928,-0.23727594316005707,3.0189008712768555,4.237956684879497,1313.6733048360957,0.5557484030723572,0.3543294370174408,0.08991171419620514,0.1288493424654007,0.0029664025641977787,0.3212202787399292
962,0.013370135799050331,0.05648914724588394,0.09806790947914124,-0.19613879919052124,2.9827189445495605,4.225024195017622,1266.6801385523042,0.5754222869873047,0.33792388439178467,0.08653002977371216,0.13248394429683685,0.002737075788900256,0.34577327966690063
963,0.01591341942548752,0.05008421093225479,0.09795420616865158,-0.018060369417071342,2.7862164974212646,3.147294091230373,1241.1839683567894,0.587943434715271,0.32536962628364563,0.08650504052639008,0.1316106766462326,0.003632675390690565,0.3510667681694031
964,0.013464187271893024,0.04349352791905403,0.08352755010128021,-0.025111371651291847,2.9018306732177734,3.2303121634840912,1280.8341708752278,0.5758612155914307,0.32717999815940857,0.09693712741136551,0.1340828388929367,0.0026549252215772867,0.34135985374450684
965,0.01542255561798811,0.050714801996946335,0.0961090624332428,-0.07602345943450928,2.8764102458953857,3.2883526731786743,1317.9609083447326,0.5695471167564392,0.32271766662597656,0.10773475468158722,0.1406438946723938,0.0023187026381492615,0.32675549387931824
966,0.014125405810773373,0.04826187714934349,0.09049494564533234,-0.1225195825099945,2.81964111328125,3.4166719025599774,1337.40690861167,0.5571560263633728,0.34084537625312805,0.10199855268001556,0.13276180624961853,0.0032283004838973284,0.3287278711795807
967,0.015894893556833267,0.053774163126945496,0.10063807666301727,-0.156948059797287,2.854903221130371,3.3831093571837543,1333.8506857266457,0.5480045080184937,0.35836803913116455,0.09351123124361038,0.13327397406101227,0.0032142840791493654,0.3120260238647461
968,0.015043108724057674,0.0524800568819046,0.09786303341388702,-0.16651491820812225,2.9708340167999268,3.488644391334305,1333.743535878953,0.5540086627006531,0.347581684589386,0.09822013974189758,0.13495926558971405,0.0026219086721539497,0.3133528530597687
969,0.014441837556660175,0.058950331062078476,0.10352889448404312,-0.2326829731464386,3.050795793533325,4.08191345642233,1245.5196411791917,0.5861837267875671,0.32622745633125305,0.08758319169282913,0.1398020088672638,0.002563907764852047,0.33780986070632935
970,0.014228706248104572,0.05608264356851578,0.09970919787883759,-0.19939634203910828,2.945859432220459,3.9415139076361996,1267.8632311775661,0.5817065238952637,0.3204024136066437,0.09767428785562515,0.14022357761859894,0.0035751641262322664,0.3364642560482025
971,0.014995031990110874,0.04975023865699768,0.09573888778686523,-0.1651785969734192,2.809986114501953,3.3177814283083795,1269.2536495077838,0.594641923904419,0.3005945682525635,0.10473067313432693,0.1385519653558731,0.0030528507195413113,0.35021230578422546
972,0.014124886132776737,0.048825573176145554,0.09197689592838287,-0.07654748857021332,2.7975287437438965,3.4567056126129976,1189.924196328279,0.6188668608665466,0.29239436984062195,0.08863925188779831,0.14329080283641815,0.003913921769708395,0.3487946093082428
973,0.014861535280942917,0.048998042941093445,0.0945817083120346,-0.15216295421123505,2.9585063457489014,3.296970468497095,1274.64130921786,0.5920577645301819,0.30463719367980957,0.10329127311706543,0.14121900498867035,0.003082944778725505,0.3377637267112732
974,0.01490836963057518,0.04760133475065231,0.08900000154972076,-0.2226695716381073,2.8821678161621094,3.192926921387505,1282.2746093931762,0.5861383676528931,0.30964395403862,0.10420216619968414,0.14356552064418793,0.0035325803328305483,0.33774521946907043
975,0.013664096593856812,0.050365906208753586,0.0897546261548996,-0.14477457106113434,2.766354560852051,3.68600337820441,1243.9393748383454,0.6026016473770142,0.30133941769599915,0.09605728089809418,0.14505387842655182,0.0028294615913182497,0.35259830951690674
976,0.013293595053255558,0.04968791827559471,0.09238158166408539,-0.08461734652519226,3.0199296474456787,3.7377337035468496,1326.302418404807,0.576343297958374,0.3289947807788849,0.09448545426130295,0.13352125883102417,0.002998636569827795,0.33121970295906067
977,0.014824253506958485,0.054174236953258514,0.10108355432748795,-0.09093427658081055,3.032991647720337,3.6544327121884934,1316.2482324689738,0.56514573097229,0.35627856850624084,0.07854612916707993,0.1344747245311737,0.002959052799269557,0.3162798583507538
978,0.013882149010896683,0.04958876594901085,0.08975391089916229,-0.08028607070446014,2.83473539352417,3.572124597316627,1255.7607249231876,0.5855061411857605,0.3367437720298767,0.0776330977678299,0.13067945837974548,0.0035400353372097015,0.33219292759895325
979,0.014043747447431087,0.04676499590277672,0.08728437125682831,-0.10850929468870163,2.8868377208709717,3.3299513591011722,1264.7829988978576,0.579652726650238,0.33648091554641724,0.0838664099574089,0.1275169402360916,0.0022206525318324566,0.34914711117744446
980,0.01578528806567192,0.053248330950737,0.09573294222354889,-0.17575255036354065,2.836857318878174,3.373288515599676,1267.9944063695752,0.5709762573242188,0.3488307297229767,0.08016666024923325,0.1364198625087738,0.0027764951810240746,0.34137144684791565
981,0.014108582399785519,0.0488365963101387,0.09607885777950287,-0.14669227600097656,2.8682971000671387,3.4614814531203106,1349.1938552619054,0.5420727729797363,0.37502938508987427,0.08287476003170013,0.1316329687833786,0.0026046305429190397,0.32466208934783936
982,0.014146554283797741,0.049273476004600525,0.09801996499300003,-0.061864666640758514,2.8719537258148193,3.4830726276257318,1331.1021826948638,0.5583366751670837,0.35578638315200806,0.08587679266929626,0.13054689764976501,0.0026622770819813013,0.3267498314380646
983,0.014697223901748657,0.04727693647146225,0.09006279706954956,-0.027081141248345375,2.6749093532562256,3.2167256064337817,1304.7749293548727,0.5706732273101807,0.3385098874568939,0.0908040925860405,0.13279688358306885,0.0028185409028083086,0.33906427025794983
984,0.015979211777448654,0.056184981018304825,0.10628070682287216,-0.1156872883439064,2.713569402694702,3.516129693836473,1364.4030911135274,0.5329611301422119,0.3744744658470154,0.09255173802375793,0.1325335055589676,0.002950560301542282,0.31126177310943604
985,0.015980646014213562,0.05747972056269646,0.10413722693920135,-0.15569472312927246,2.9308667182922363,3.596833351291044,1331.1046512095058,0.5472157001495361,0.368627667427063,0.08413807302713394,0.13376830518245697,0.0035567686427384615,0.31866613030433655
986,0.015703542158007622,0.05028069019317627,0.10022413730621338,-0.04312705993652344,2.9542341232299805,3.2018693415825963,1337.3032469135703,0.5625288486480713,0.34119680523872375,0.09615059942007065,0.1287257820367813,0.0026719009038060904,0.33092328906059265
987,0.014576851390302181,0.0529031828045845,0.09836442023515701,-0.0461694598197937,2.8284554481506348,3.6292599399175565,1318.1625979485561,0.5624616146087646,0.3404785692691803,0.09698915481567383,0.13205383718013763,0.004127600695937872,0.3249524235725403
988,0.01545663271099329,0.05687270686030388,0.09929962456226349,-0.12731128931045532,2.8169643878936768,3.679501733658622,1289.80985115307,0.56267911195755,0.3439985513687134,0.09323173761367798,0.1347608119249344,0.0034283034037798643,0.3266322612762451
989,0.015041697770357132,0.05632714554667473,0.0942762941122055,-0.18911519646644592,2.7868661880493164,3.744733234431463,1290.6400903565657,0.5553206205368042,0.35346633195877075,0.09115350246429443,0.13090962171554565,0.0034805138129740953,0.31485339999198914
990,0.015286676585674286,0.05091027170419693,0.09704457223415375,-0.24708925187587738,2.817992687225342,3.33036886176924,1292.6284531730603,0.5447842478752136,0.3669726848602295,0.08824021369218826,0.13234761357307434,0.0022012810222804546,0.32341477274894714
991,0.015130856074392796,0.051214464008808136,0.09717808663845062,-0.15816299617290497,2.8332602977752686,3.38476975483878,1306.0048689145692,0.5380184650421143,0.3751118779182434,0.08680136501789093,0.1261610984802246,0.0027282037772238255,0.31651297211647034
992,0.01616005040705204,0.05790843814611435,0.1131027415394783,-0.07281549274921417,2.9266841411590576,3.583431776751168,1305.576825698279,0.5364336967468262,0.38563406467437744,0.07792475819587708,0.1230115294456482,0.0025486815720796585,0.3043583035469055
993,0.015352278016507626,0.05678181350231171,0.11110904067754745,-0.07778656482696533,3.0489330291748047,3.698592055039528,1295.7482037514396,0.5573674440383911,0.36182624101638794,0.08079655468463898,0.1252952367067337,0.0027596191503107548,0.31535300612449646
994,0.014593063853681087,0.055702753365039825,0.10591862350702286,-0.10909870266914368,2.9084231853485107,3.817070487714736,1212.4771660958404,0.5976438522338867,0.31750020384788513,0.08485434204339981,0.13765539228916168,0.0035047580022364855,0.34624218940734863
995,0.015471245162189007,0.05943526700139046,0.10670843720436096,-0.07564553618431091,2.7660391330718994,3.8416602138013936,1196.5669077801983,0.5910681486129761,0.32826924324035645,0.08061962574720383,0.1402662843465805,0.002950020832940936,0.34827378392219543
996,0.014549036510288715,0.05126337707042694,0.09496329724788666,-0.004395593889057636,2.8170347213745117,3.5234894785404705,1245.7007917414971,0.5778749585151672,0.34048765897750854,0.08127729594707489,0.12943261861801147,0.002882456872612238,0.3404926359653473
997,0.013215253129601479,0.04640498384833336,0.08898478001356125,-0.09143007546663284,2.90582013130188,3.5114714330274266,1288.9711993164422,0.5607365369796753,0.3566235303878784,0.08261329680681229,0.13046015799045563,0.0030325923580676317,0.3117228150367737
998,0.013287438079714775,0.046419963240623474,0.0891876071691513,-0.12918804585933685,2.969282627105713,3.4935224502003015,1339.878405852727,0.5419873595237732,0.36272069811820984,0.09528928250074387,0.12936247885227203,0.0025356952100992203,0.30496230721473694
999,0.014772925525903702,0.05980224534869194,0.111618772149086,-0.1654418706893921,3.117868423461914,4.048097666219404,1332.2204405658913,0.5553270578384399,0.3438270390033722,0.10084397345781326,0.12963733077049255,0.00340640009380877,0.31720679998397827
1000,0.016108611598610878,0.06524777412414551,0.12192270904779434,-0.13148781657218933,2.9423587322235107,4.050490243722907,1361.5285577568131,0.5443633794784546,0.361282616853714,0.09430646896362305,0.1309688836336136,0.0029898276552557945,0.31578320264816284
1001,0.015515828505158424,0.05731736496090889,0.10796409100294113,-0.09453288465738297,2.753807544708252,3.6941220984853573,1374.9528451434276,0.5378687977790833,0.36576321721076965,0.09594549983739853,0.1337037831544876,0.0023232107050716877,0.31627732515335083
1002,0.014973708428442478,0.058667052537202835,0.10477346181869507,-0.1769845187664032,2.938628911972046,3.9180042014072534,1330.733414600281,0.5504285097122192,0.35619840025901794,0.09336981922388077,0.13253876566886902,0.003733706660568714,0.32235080003738403
1003,0.013563246466219425,0.05560903251171112,0.09816089272499084,-0.17573998868465424,2.97481632232666,4.099979503145564,1283.7332572670293,0.5709858536720276,0.34020474553108215,0.08880749344825745,0.13839302957057953,0.0034170961007475853,0.33850398659706116
1004,0.013555837795138359,0.051456525921821594,0.09133251011371613,-0.17259089648723602,2.8488943576812744,3.7958941893270493,1204.2521027389996,0.6027349829673767,0.32014575600624084,0.07710667699575424,0.1437508463859558,0.004128668457269669,0.35132110118865967
1005,0.015093356370925903,0.05142631381750107,0.09548130631446838,-0.1123892143368721,2.735107660293579,3.4072152376363123,1287.3543402022883,0.5565235018730164,0.3687485456466675,0.07472383975982666,0.1302756667137146,0.0027282072696834803,0.3322283923625946
1006,0.0139694819226861,0.05126986652612686,0.09538573026657104,-0.08061762899160385,2.8612682819366455,3.670133710484689,1374.861328851776,0.5273957848548889,0.37671613693237305,0.09588156640529633,0.12579748034477234,0.0035108670126646757,0.3079817295074463
1007,0.01318571250885725,0.0497724749147892,0.09649202227592468,-0.16359494626522064,3.071796417236328,3.774727750023426,1369.0695669294532,0.539711594581604,0.36377158761024475,0.0965040996670723,0.13022613525390625,0.003445020876824856,0.3158954679965973
1008,0.013756337575614452,0.05016682296991348,0.09344831854104996,-0.15331445634365082,3.1426687240600586,3.6468153453282692,1346.6133265552232,0.5511586666107178,0.3570089340209961,0.09180165827274323,0.1289367526769638,0.0035100202076137066,0.31765350699424744
1009,0.014420907944440842,0.05154605954885483,0.0968453660607338,-0.12832540273666382,2.947324514389038,3.5743976553952743,1373.2583290290052,0.5342617034912109,0.37403443455696106,0.09168930351734161,0.12454285472631454,0.0031239413656294346,0.3162476718425751
1010,0.014396434649825096,0.06231594830751419,0.10902146995067596,-0.05489158630371094,2.83388352394104,4.328568136413046,1473.337590809405,0.4840362071990967,0.43596914410591125,0.07998904585838318,0.11550230532884598,0.0028066961094737053,0.28504499793052673
1011,0.01577347330749035,0.06791536509990692,0.12412238866090775,0.029437964782118797,2.9266366958618164,4.305669637349327,1428.6078822349743,0.499872088432312,0.419945627450943,0.08017608523368835,0.11639794707298279,0.0022378861904144287,0.28829342126846313
1012,0.01659581996500492,0.06091189756989479,0.11643467843532562,-0.035080112516880035,3.092466354370117,3.6703156394000094,1338.2324030081595,0.5185647010803223,0.40069088339805603,0.0807434543967247,0.11821971088647842,0.0025711399503052235,0.29769545793533325
1013,0.016312170773744583,0.0577487051486969,0.11447735130786896,-0.11714291572570801,3.107119560241699,3.540221957344064,1310.4005204219636,0.5375953912734985,0.36799827218055725,0.09430481493473053,0.12323781847953796,0.0030407782178372145,0.30664902925491333
1014,0.014887734316289425,0.05335479974746704,0.1025422215461731,-0.15358906984329224,2.8859200477600098,3.5838092358690896,1253.0829388342731,0.5848744511604309,0.3057003319263458,0.10916466265916824,0.13854937255382538,0.0038040506187826395,0.3392573893070221
1015,0.014252050779759884,0.05314984545111656,0.1030873954296112,-0.19026653468608856,3.000595808029175,3.7292770190566737,1271.843309109599,0.5544894337654114,0.35460489988327026,0.09090439975261688,0.13377222418785095,0.0034371837973594666,0.331184059381485
1016,0.01634039543569088,0.06432387232780457,0.12407545745372772,-0.16553275287151337,3.1603939533233643,3.936494228491627,1293.0788922082531,0.5415319800376892,0.3764501214027405,0.08199596405029297,0.1256190538406372,0.003209469374269247,0.31620070338249207
1017,0.014354773797094822,0.05746350809931755,0.107061967253685,-0.13830147683620453,3.086850166320801,4.003093946833503,1264.145039707077,0.5642687082290649,0.35184186697006226,0.08386224508285522,0.13229629397392273,0.003793118055909872,0.3273140788078308
1018,0.015583743341267109,0.053842976689338684,0.10577850043773651,-0.19967161118984222,2.892376661300659,3.4550733740142343,1289.5923254602114,0.5562183260917664,0.3515596389770508,0.09219800680875778,0.1370624452829361,0.003676652442663908,0.3212556838989258
1019,0.014708738774061203,0.04647970572113991,0.08642041683197021,-0.17354169487953186,2.683384895324707,3.1600061998481244,1289.3703167291492,0.5629228353500366,0.34405645728111267,0.09301220625638962,0.13696634769439697,0.005234485026448965,0.31939947605133057
1020,0.015498379245400429,0.0568314827978611,0.10994492471218109,-0.14621685445308685,2.7859737873077393,3.666930708968196,1254.7708928724105,0.5761478543281555,0.3382745385169983,0.08554567396640778,0.13484008610248566,0.003464112523943186,0.346635103225708
1021,0.014472638256847858,0.05153504014015198,0.10057362914085388,-0.13350196182727814,3.0145790576934814,3.5608601017998116,1288.6760250207299,0.5641670823097229,0.3437976539134979,0.09201230108737946,0.1320936679840088,0.0036493323277682066,0.3382703363895416
1022,0.013976579532027245,0.04696614667773247,0.0931423157453537,-0.12962917983531952,2.9550070762634277,3.360346254013687,1257.4950692616585,0.5697150230407715,0.33761146664619446,0.09267263114452362,0.132420614361763,0.0031123117078095675,0.3394618630409241
1023,0.01304108276963234,0.04734515771269798,0.0869852602481842,-0.15670543909072876,2.9721741676330566,3.630462174453502,1248.8362614214916,0.5688530802726746,0.34194886684417725,0.08895716071128845,0.13305236399173737,0.002955739852041006,0.3253794312477112
1024,0.014241579920053482,0.051152970641851425,0.09403348714113235,-0.12993653118610382,2.922281265258789,3.59180448555651,1339.6216016975438,0.5575973987579346,0.3400818407535553,0.10196029394865036,0.133246511220932,0.002939788391813636,0.31689727306365967
1025,0.014848803170025349,0.050444282591342926,0.09419447183609009,-0.10847514122724533,2.8763718605041504,3.397195182018135,1299.6497622272748,0.5630850791931152,0.3445381224155426,0.09229927510023117,0.1318744570016861,0.0034336682874709368,0.3271140456199646
1026,0.013291997835040092,0.04723111540079117,0.08962038159370422,-0.12050622701644897,3.062967300415039,3.5533496155655486,1274.7390527959162,0.5642518997192383,0.35064682364463806,0.085011787712574,0.13027997314929962,0.0024200505577027798,0.3347241282463074
1027,0.015232810750603676,0.0530683659017086,0.10106920450925827,-0.08922124654054642,2.9760985374450684,3.483819681546407,1319.5916610680476,0.5538149476051331,0.35810381174087524,0.08800041675567627,0.13109207153320312,0.0032774058636277914,0.3185701370239258
1028,0.014064022339880466,0.05377925559878349,0.09691009670495987,-0.18581146001815796,2.9482507705688477,3.8238886639465255,1281.0982922459705,0.5624842047691345,0.3573831021785736,0.08011981099843979,0.13081054389476776,0.00309118814766407,0.3371362090110779
1029,0.015138869173824787,0.058136098086833954,0.10485100001096725,-0.21341709792613983,2.9929256439208984,3.8401876266631256,1242.5805435504435,0.5859787464141846,0.3218482732772827,0.09217113256454468,0.13294021785259247,0.0027687298133969307,0.3461056351661682
1030,0.014191385358572006,0.04766746982932091,0.09466172754764557,-0.08506885170936584,2.9819023609161377,3.3589018000395203,1274.4691182509202,0.5650220513343811,0.35058197379112244,0.08438889682292938,0.12924766540527344,0.0028939710464328527,0.32893991470336914
1031,0.016009274870157242,0.052937865257263184,0.10558004677295685,-0.07182641327381134,2.913318395614624,3.3066997526938295,1316.6672232980557,0.550218403339386,0.3640489876270294,0.08569571375846863,0.12554071843624115,0.003372445935383439,0.3255522847175598
1032,0.014579799957573414,0.05224810540676117,0.099968820810318,-0.1343732476234436,2.861407518386841,3.583595492065549,1348.8777757073701,0.54404217004776,0.3538449704647064,0.10205085575580597,0.1272672861814499,0.0044465321116149426,0.3158520758152008
1033,0.01565379835665226,0.057862553745508194,0.1106877475976944,-0.20065893232822418,2.908759117126465,3.6963906410115763,1347.4747087322223,0.5239600539207458,0.3911973237991333,0.08475995063781738,0.12519040703773499,0.0030128653161227703,0.31015175580978394
1034,0.015087060630321503,0.05230460315942764,0.10160884261131287,-0.06457501649856567,2.9046695232391357,3.46685179025798,1369.6414656766162,0.5112633109092712,0.4086851179599762,0.08004302531480789,0.12545788288116455,0.0031349067576229572,0.30697891116142273
1035,0.014291857369244099,0.04981357976794243,0.09329664707183838,0.0031947235111147165,2.9386236667633057,3.4854517840106065,1376.046232366338,0.5216729044914246,0.38172081112861633,0.0965232402086258,0.12503089010715485,0.002189681166782975,0.31098219752311707
1036,0.01615065336227417,0.06134610250592232,0.1183326244354248,-0.08743279427289963,3.1039764881134033,3.798366612549588,1340.4836645961186,0.5457620024681091,0.3456213176250458,0.10847528278827667,0.1259477436542511,0.0031049619428813457,0.31593334674835205
1037,0.01453534234315157,0.05389668047428131,0.09983444213867188,-0.14363987743854523,2.9347243309020996,3.7079746178779986,1344.0964582757479,0.5379185676574707,0.36008211970329285,0.10195539891719818,0.12465516477823257,0.0033751947339624166,0.31851619482040405
1038,0.014162483625113964,0.0496714785695076,0.09418483078479767,-0.07373575121164322,2.8037753105163574,3.5072576167303873,1347.2916718615131,0.5401415824890137,0.3654997646808624,0.09435390681028366,0.12497590482234955,0.0037662575487047434,0.3184356093406677
1039,0.014016185887157917,0.051319777965545654,0.10035783052444458,-0.06932704150676727,3.0113344192504883,3.6614652784324893,1350.1697130811401,0.5452333092689514,0.3632107973098755,0.09121763706207275,0.1306624710559845,0.0031822500750422478,0.3201589584350586
1040,0.013893863186240196,0.04796174541115761,0.09287521243095398,-0.14585018157958984,2.9511806964874268,3.4520093342508633,1325.038170284982,0.5432685613632202,0.36193883419036865,0.09472978860139847,0.1283111721277237,0.0031662769615650177,0.31579655408859253
1041,0.014337447471916676,0.05789424851536751,0.10886438935995102,-0.09676185995340347,2.900653839111328,4.03797458541552,1312.9850181457496,0.5464829802513123,0.36397242546081543,0.08951537311077118,0.1250201165676117,0.0020764723885804415,0.31653282046318054
1042,0.014801861718297005,0.06020832061767578,0.11199456453323364,-0.06632575392723083,2.8492400646209717,4.067618098281714,1337.161785006969,0.5415847301483154,0.37866225838661194,0.07969444245100021,0.12969791889190674,0.0026812057476490736,0.3053588271141052
1043,0.013683317229151726,0.04410860314965248,0.0841175764799118,-0.10316020995378494,2.7232773303985596,3.2235314293859565,1367.7753944747842,0.5331712961196899,0.3726281225681305,0.09413903206586838,0.12907461822032928,0.004036048427224159,0.3079543113708496
1044,0.014849619939923286,0.04681946709752083,0.09073850512504578,-0.07527922093868256,2.5898056030273438,3.152906760158455,1339.5345725251975,0.5403432250022888,0.35840126872062683,0.1011582687497139,0.13372188806533813,0.0028508163522928953,0.31590932607650757
1045,0.015038939192891121,0.04634646326303482,0.09062263369560242,-0.10220368206501007,2.686842203140259,3.0817641234869106,1259.5179604242026,0.5681542754173279,0.33591562509536743,0.09583581984043121,0.13447655737400055,0.0019196360372006893,0.34411105513572693
1046,0.013562658801674843,0.0557139590382576,0.09503009915351868,-0.1888241320848465,2.9030227661132812,4.107893581107388,1231.4244626284813,0.5853133797645569,0.3253151774406433,0.08930744230747223,0.13062433898448944,0.003300127573311329,0.34596604108810425
1047,0.014170625247061253,0.058574140071868896,0.09728173166513443,-0.1757582426071167,2.8916730880737305,4.133490163384477,1219.8286846304782,0.5838424563407898,0.3336404263973236,0.08248211443424225,0.137564554810524,0.0040624248795211315,0.3325751721858978
1048,0.01539215911179781,0.049485135823488235,0.09270185232162476,-0.18761113286018372,2.7786755561828613,3.2149573988189752,1201.011244531227,0.595514178276062,0.31597477197647095,0.08850828558206558,0.1435033082962036,0.0031840899027884007,0.349721759557724
1049,0.014751500450074673,0.05091394484043121,0.09391650557518005,-0.18328282237052917,2.9030537605285645,3.451441770909619,1242.7609240621034,0.5972968935966492,0.30302080512046814,0.0996667817234993,0.1451164036989212,0.005132697988301516,0.3446970283985138
1050,0.015839943662285805,0.06362176686525345,0.11560331284999847,-0.07156764715909958,3.044938802719116,4.016539971206936,1345.6813425156279,0.5443130731582642,0.36381086707115173,0.09181743860244751,0.12944236397743225,0.003921486437320709,0.31127750873565674
1051,0.014897851273417473,0.057885341346263885,0.10164639353752136,-0.010772653855383396,2.995246410369873,3.885482562553457,1345.6669859702872,0.5245265960693359,0.3966878354549408,0.07876609265804291,0.127814382314682,0.0030683449003845453,0.30368420481681824
1052,0.014412491582334042,0.048983488231897354,0.09108881652355194,-0.022892778739333153,2.845606565475464,3.398682868168309,1317.9345741443994,0.5351411700248718,0.38360488414764404,0.08122196793556213,0.13362109661102295,0.0027333791367709637,0.3101296126842499
1053,0.013535800389945507,0.044057246297597885,0.08208851516246796,-0.1195487305521965,2.816563129425049,3.2548682032182645,1258.863160396799,0.5589733719825745,0.35911092162132263,0.0818532258272171,0.12904155254364014,0.003919314127415419,0.32620203495025635
1054,0.015233487822115421,0.048923566937446594,0.0950826108455658,-0.15091973543167114,2.9195990562438965,3.211580138805085,1250.8635963021381,0.5655106902122498,0.3482070863246918,0.0862652137875557,0.1345207244157791,0.003401195164769888,0.33715298771858215
1055,0.014586178585886955,0.04683840647339821,0.09136947989463806,-0.12016136944293976,2.916346788406372,3.2111499385799487,1256.8420691115796,0.5655854940414429,0.34959957003593445,0.08476262539625168,0.1339033842086792,0.004263085313141346,0.32625067234039307
1056,0.014840187504887581,0.04971732199192047,0.09767116606235504,-0.06605274975299835,2.8068172931671143,3.3501815237978634,1260.0735269890315,0.5664477348327637,0.35359564423561096,0.07988962531089783,0.13205115497112274,0.002958807162940502,0.32214751839637756
1057,0.01570034585893154,0.052774578332901,0.10145801305770874,-0.0038371148984879255,2.67665958404541,3.3613640618953293,1300.0833809169271,0.5506054759025574,0.3621322214603424,0.08725573122501373,0.1302381455898285,0.003056397894397378,0.31214553117752075
1058,0.014354581944644451,0.054303333163261414,0.09849489480257034,-0.025035003200173378,2.7544779777526855,3.7829964933070332,1309.4176043644113,0.5467177033424377,0.3703644275665283,0.08291429281234741,0.12281572818756104,0.002997511764988303,0.3243098556995392
1059,0.015551991760730743,0.05893891304731369,0.10569009929895401,-0.06479151546955109,2.8444206714630127,3.7897983711865417,1356.2653067326871,0.5283879637718201,0.3841205835342407,0.08724289387464523,0.12820224463939667,0.0020283632911741734,0.29868918657302856
1060,0.014838882721960545,0.05473897606134415,0.10261717438697815,-0.10897098481655121,2.895676374435425,3.688887976494704,1404.0801531817942,0.5088769793510437,0.3964882791042328,0.09463170915842056,0.12730516493320465,0.0024520321749150753,0.27956756949424744
1061,0.015216673724353313,0.05604074150323868,0.10671210289001465,-0.08264298737049103,2.870459794998169,3.6828509643251537,1298.3022712154302,0.5533095598220825,0.3678959310054779,0.07875681668519974,0.13114652037620544,0.0031370804645121098,0.3034900426864624
1062,0.016272667795419693,0.04889910668134689,0.09612521529197693,-0.057276319712400436,2.653843879699707,3.0049840194061885,1269.2383565741125,0.5664494037628174,0.3497551679611206,0.08376836776733398,0.13265928626060486,0.0036812250036746264,0.32147765159606934
1063,0.015341213904321194,0.048099443316459656,0.0927291139960289,-0.11781205981969833,2.7080204486846924,3.1353088232330864,1347.7098686484467,0.5350335240364075,0.3733995258808136,0.09156423062086105,0.12255215644836426,0.002621720777824521,0.3151051700115204
1064,0.01350129023194313,0.04515262693166733,0.08856957405805588,-0.09701225161552429,2.7944276332855225,3.344319405970177,1324.8322172938601,0.5431929230690002,0.3661920130252838,0.09060543775558472,0.13094961643218994,0.003644712967798114,0.3061826527118683
1065,0.01479808147996664,0.04831350967288017,0.09214873611927032,-0.030065305531024933,2.765000581741333,3.2648495506002737,1322.6994698353947,0.5525277256965637,0.3568931519985199,0.09057853370904922,0.13259387016296387,0.0032093108166009188,0.3158975839614868
1066,0.014019196853041649,0.045494936406612396,0.09024126827716827,-0.1504829376935959,2.882924795150757,3.245188499760347,1311.8568849391936,0.563169538974762,0.3540012836456299,0.08267296105623245,0.12911736965179443,0.0044340104795992374,0.32300689816474915
1067,0.014550702646374702,0.04650057107210159,0.09162594377994537,-0.2093069851398468,2.914386034011841,3.1957612081703433,1400.3871157189612,0.533312201499939,0.3660096824169159,0.10051167011260986,0.12305706739425659,0.003102693008258939,0.3152165412902832
1068,0.01413846854120493,0.04702512547373772,0.09212122857570648,-0.13759367167949677,2.8224689960479736,3.326040959341699,1407.9152125001156,0.5178360342979431,0.3812750577926636,0.10088682174682617,0.12334562838077545,0.003383008297532797,0.29437950253486633
1069,0.014774429611861706,0.04970473423600197,0.09087088704109192,-0.14424633979797363,2.754642963409424,3.364240484298094,1318.6122919068453,0.5415549278259277,0.3741607964038849,0.08425738662481308,0.1339709609746933,0.0034166895784437656,0.30434128642082214
1070,0.01588849350810051,0.0669165775179863,0.11834590882062912,-0.15116439759731293,2.954493522644043,4.211637653353243,1333.6529534044626,0.5436323285102844,0.3609601557254791,0.09536895900964737,0.12335759401321411,0.003375032916665077,0.3140639066696167
1071,0.014355441555380821,0.060967668890953064,0.10478484630584717,-0.11891942471265793,3.010065793991089,4.2470075651454735,1282.0160878257236,0.5696011781692505,0.33631303906440735,0.09407652169466019,0.1278214454650879,0.0034802386071532965,0.33678776025772095
1072,0.012885143049061298,0.04529847577214241,0.09031088650226593,-0.11710313707590103,2.8774912357330322,3.515558624079607,1209.6124302056012,0.6088741421699524,0.2958560585975647,0.09525550901889801,0.14296728372573853,0.0031442975159734488,0.35136133432388306
1073,0.014988059177994728,0.05287228897213936,0.10166962444782257,-0.10709719359874725,2.870300054550171,3.5276274493390134,1264.107319932469,0.5837007164955139,0.3164287209510803,0.09981974959373474,0.13555221259593964,0.002975385170429945,0.33657732605934143
1074,0.015159777365624905,0.05542286857962608,0.1078244298696518,-0.08644192665815353,2.9126007556915283,3.6559157327496523,1319.690522763842,0.5455518364906311,0.37272366881370544,0.08172322809696198,0.1281483918428421,0.0032783905044198036,0.31865552067756653
1075,0.014393451623618603,0.060362935066223145,0.11083988845348358,-0.11995700746774673,3.082115411758423,4.193777603905529,1244.2898127224921,0.5792381763458252,0.34107327461242676,0.07968184351921082,0.13648657500743866,0.003420728025957942,0.33854714035987854
1076,0.014482662081718445,0.06236856058239937,0.10914550721645355,-0.18932762742042542,2.9407787322998047,4.306429317081227,1209.8150360145605,0.5975598692893982,0.31363847851753235,0.08875957876443863,0.1434841752052307,0.0031467329245060682,0.342932790517807
1077,0.01298367977142334,0.05298632010817528,0.09891362488269806,-0.1166381910443306,2.868260622024536,4.080994066159539,1293.6547104974516,0.5653599500656128,0.3516397178173065,0.08299397677183151,0.13769887387752533,0.0030184739734977484,0.31925612688064575
1078,0.015224299393594265,0.06143185496330261,0.11462002247571945,-0.13368743658065796,2.781930446624756,4.035118685666113,1274.8161760956834,0.5732089281082153,0.3470187485218048,0.07939445972442627,0.1370813399553299,0.0035010073333978653,0.3377203941345215
1079,0.014616549015045166,0.048844221979379654,0.0934307873249054,-0.1926146149635315,2.7701468467712402,3.341706850622634,1295.2885327254746,0.565097451210022,0.34117162227630615,0.09327573329210281,0.1358993798494339,0.004265219904482365,0.33484354615211487
1080,0.01519900280982256,0.05012452229857445,0.0960831344127655,-0.20570562779903412,2.9705188274383545,3.297882296783505,1402.0106836790906,0.5253710746765137,0.3731164336204529,0.1015111580491066,0.1233784481883049,0.003475070698186755,0.31033846735954285
1081,0.015722917392849922,0.05007424205541611,0.09824179857969284,-0.1335490345954895,2.95862078666687,3.1847933052807895,1343.650643773781,0.5419096350669861,0.3708787262439728,0.08703725785017014,0.13068333268165588,0.004475525580346584,0.2995542585849762
1082,0.015979064628481865,0.05308489128947258,0.10239081084728241,-0.06277558207511902,2.851813316345215,3.322152611582115,1272.668832439004,0.5712087750434875,0.3423536717891693,0.08642961829900742,0.13585136830806732,0.0036270078271627426,0.32361018657684326
1083,0.015213942155241966,0.051591817289590836,0.0985979363322258,-0.12727941572666168,2.895864486694336,3.39108804015163,1248.3699257540188,0.5688674449920654,0.34911417961120605,0.08192775398492813,0.12938790023326874,0.004811218474060297,0.33585846424102783
1084,0.015005708672106266,0.04977813735604286,0.09057033061981201,-0.1711467206478119,2.8931219577789307,3.3172800059258054,1266.384699375638,0.5529658198356628,0.3647628724575043,0.08226407319307327,0.13575994968414307,0.0029969208408147097,0.32608816027641296
1085,0.014094414189457893,0.053708624094724655,0.10685454308986664,-0.10097502171993256,2.961921453475952,3.810631883593013,1346.2668129447131,0.5361108183860779,0.37629976868629456,0.08758594840765,0.13449278473854065,0.003417267696931958,0.2976210117340088
1086,0.014179406687617302,0.0540587417781353,0.10779586434364319,-0.010022472590208054,3.003152847290039,3.812482635224197,1274.1244775815578,0.5716881155967712,0.3460259735584259,0.08226367831230164,0.13329648971557617,0.003292620414867997,0.3298281133174896
1087,0.014406352303922176,0.05117125064134598,0.10107766091823578,-0.10238844901323318,2.9828410148620605,3.5519921738872404,1185.3014750526352,0.6032893657684326,0.31944119930267334,0.07725073397159576,0.13216632604599,0.003196535399183631,0.3552854657173157
1088,0.015042898245155811,0.05242441967129707,0.10279680043458939,-0.13005895912647247,2.97724986076355,3.4849946342417124,1249.8102036879657,0.5734542608261108,0.3476792573928833,0.07884098589420319,0.13068018853664398,0.002701441990211606,0.3435368537902832
1089,0.014646975323557854,0.049503326416015625,0.09831105917692184,-0.08014719188213348,2.8621551990509033,3.3797644441317427,1312.3884844345655,0.5457237958908081,0.3631903827190399,0.09108516573905945,0.1351207196712494,0.003369515761733055,0.31690865755081177
1090,0.014548628591001034,0.05137529596686363,0.09770139306783676,-0.13668082654476166,2.779818058013916,3.5312810167626543,1264.97046813464,0.5665014982223511,0.337989866733551,0.09550737589597702,0.13661912083625793,0.0035465627443045378,0.3283909261226654
1091,0.01329518761485815,0.047086451202631,0.08428239822387695,-0.16537056863307953,2.8156161308288574,3.5416161518824687,1262.6373247619842,0.5699219107627869,0.3400310277938843,0.09003599733114243,0.13481435179710388,0.002789389807730913,0.3329383134841919
1092,0.013501826673746109,0.04828662425279617,0.08555622398853302,-0.21210463345050812,2.908862829208374,3.5763030748359212,1262.7108952723995,0.5845982432365417,0.32270652055740356,0.09197335690259933,0.14037559926509857,0.003340314142405987,0.3285830616950989
1093,0.014782481826841831,0.052006836980581284,0.09363795816898346,-0.171588733792305,2.8150062561035156,3.5181397539505057,1202.4295358184738,0.6147110462188721,0.29434531927108765,0.09058742970228195,0.1429189294576645,0.003166861366480589,0.35280418395996094
1094,0.014855348505079746,0.0523579902946949,0.09805478900671005,-0.07143198698759079,2.752497911453247,3.524521169817504,1280.1234553515449,0.574163019657135,0.3336402177810669,0.0921921357512474,0.13789479434490204,0.0038798577152192593,0.33811670541763306
1095,0.01471259817481041,0.050862643867731094,0.09428282082080841,-0.046922989189624786,2.7553389072418213,3.4570810172302853,1315.0162682787081,0.5617122650146484,0.33945319056510925,0.09883402287960052,0.1335962861776352,0.00387329189106822,0.3370967209339142
1096,0.0141268540173769,0.05014236643910408,0.09665732085704803,-0.03875894472002983,2.709559679031372,3.549436157114418,1299.4783881886692,0.5620886087417603,0.34543830156326294,0.09230976551771164,0.1307310312986374,0.004153350833803415,0.3214969038963318
1097,0.013644985854625702,0.05466951057314873,0.10304222255945206,-0.1420285403728485,3.129084825515747,4.0065641072547535,1329.50050934078,0.5431947708129883,0.37026119232177734,0.08654408901929855,0.12439368665218353,0.0032198973931372166,0.31342601776123047
1098,0.013896754011511803,0.054173145443201065,0.10305812954902649,-0.1906319409608841,3.156618595123291,3.8982589311451306,1333.0483610763315,0.5379456877708435,0.37582501769065857,0.08621823042631149,0.12470031529664993,0.003962045535445213,0.3098238408565521
1099,0.01511990837752819,0.04853476211428642,0.09123830497264862,-0.08299373090267181,2.7730355262756348,3.2099904906309304,1331.8837431859183,0.5414219498634338,0.3701512813568115,0.08838712424039841,0.13021917641162872,0.0029844145756214857,0.3230113685131073
1100,0.014130517840385437,0.053360484540462494,0.0992128923535347,-0.04393548518419266,2.9919564723968506,3.7762582475343116,1375.5877729323597,0.5274628400802612,0.37604525685310364,0.0964149534702301,0.12405931204557419,0.003948339261114597,0.3188987970352173
1101,0.015871388837695122,0.05930236354470253,0.11092440038919449,-0.07218331098556519,3.1596245765686035,3.7364318994013206,1366.5450221398628,0.5260134339332581,0.39027339220046997,0.0832982212305069,0.12465382367372513,0.00316434889100492,0.30083099007606506
1102,0.015536271035671234,0.05124710872769356,0.10135485231876373,-0.08103372156620026,2.929330348968506,3.2985462603434117,1302.158565131822,0.5456918478012085,0.38439932465553284,0.06978774070739746,0.1300439089536667,0.002837301231920719,0.29132115840911865
1103,0.015716228634119034,0.05383087322115898,0.10394880920648575,-0.14478428661823273,2.827813148498535,3.425177532787355,1259.2676180851192,0.55950528383255,0.36273717880249023,0.07761134952306747,0.12940002977848053,0.00258597731590271,0.31817811727523804
1104,0.016299383714795113,0.05830890312790871,0.11373717337846756,-0.09868262708187103,2.920865297317505,3.5773685769115167,1298.296073979272,0.545785129070282,0.36787551641464233,0.08622447401285172,0.12411529570817947,0.0026704221963882446,0.3269340395927429
1105,0.015609069727361202,0.06135769933462143,0.11581297218799591,-0.14819484949111938,3.0198724269866943,3.930900457388333,1321.2068331984376,0.5290408134460449,0.3882845640182495,0.08263969421386719,0.12520326673984528,0.0028023202903568745,0.3135750889778137
1106,0.013982592150568962,0.056160278618335724,0.09679718315601349,-0.1776689738035202,3.0867481231689453,4.016442588725158,1345.3474249180285,0.5150993466377258,0.40751156210899353,0.07738565653562546,0.1251998394727707,0.002665452193468809,0.29247957468032837
1107,0.01547365915030241,0.054910048842430115,0.09892295300960541,-0.1458723098039627,3.0073742866516113,3.5486143455478896,1342.5599255807947,0.5216459631919861,0.4021011292934418,0.07621502876281738,0.12217741459608078,0.003288330975919962,0.3072437644004822
1108,0.015527568757534027,0.05293402075767517,0.09823977947235107,-0.15452344715595245,2.830711841583252,3.409034703425955,1291.6940106780596,0.5584162473678589,0.3584212362766266,0.08313897252082825,0.12975876033306122,0.0030169112142175436,0.33711549639701843
1109,0.015553217381238937,0.04568805173039436,0.08716744184494019,-0.12589071691036224,2.74444842338562,2.937530583387076,1224.013577857031,0.5900880694389343,0.3290290832519531,0.08086104691028595,0.13986997306346893,0.00404240982607007,0.34122464060783386
1110,0.013035004027187824,0.04581430181860924,0.08483152836561203,-0.13279949128627777,2.870854377746582,3.514713284287225,1273.049656517353,0.5554414987564087,0.35447487235069275,0.09007829427719116,0.1311548501253128,0.003481570864096284,0.32581815123558044
1111,0.013570294715464115,0.04569181799888611,0.08590944111347198,-0.13355855643749237,2.8734357357025146,3.3670468441227484,1333.9286553696656,0.5261276364326477,0.37834596633911133,0.09545451402664185,0.1260102540254593,0.0032417273614555597,0.298601895570755
1112,0.014638623222708702,0.04737722501158714,0.09460923075675964,-0.13305240869522095,2.8744964599609375,3.2364536123079546,1352.338660748353,0.5167422294616699,0.3909509778022766,0.09229779243469238,0.1241651102900505,0.003327795537188649,0.29859188199043274
1113,0.013814323581755161,0.04633639007806778,0.09102210402488708,-0.08922968059778214,2.899810791015625,3.3542279359889107,1327.1281825232657,0.52584308385849,0.3852953016757965,0.08883992582559586,0.12258214503526688,0.003482848173007369,0.3086705207824707
1114,0.016058165580034256,0.05156224966049194,0.09700588881969452,-0.05975685641169548,2.8785815238952637,3.2109676164623897,1321.3157521278333,0.5398125052452087,0.37785300612449646,0.0822010487318039,0.12355473637580872,0.0023950340691953897,0.3187755346298218
1115,0.01483579445630312,0.05509509518742561,0.09788572788238525,-0.09068655222654343,2.9226415157318115,3.7136599152803917,1306.2590389010152,0.559730052947998,0.3585095703601837,0.08170954138040543,0.12836895883083344,0.002922688378021121,0.321985125541687
1116,0.014472524635493755,0.05316032096743584,0.10277193784713745,-0.07560395449399948,2.870910406112671,3.67318918451777,1246.7003608134735,0.5761764645576477,0.34816887974739075,0.0755319893360138,0.13539062440395355,0.002313069300726056,0.33906182646751404
1117,0.016294997185468674,0.06073685362935066,0.11625584214925766,-0.08952470868825912,3.059004306793213,3.7273313357664404,1323.6768203366155,0.5240909457206726,0.4044363796710968,0.07147269695997238,0.1215490773320198,0.0028876292053610086,0.30836695432662964
1118,0.014794936403632164,0.05362167954444885,0.10362734645605087,-0.09093138575553894,3.1208908557891846,3.62432646399618,1359.7586583390644,0.5167509317398071,0.4041357934474945,0.07910832017660141,0.11916966736316681,0.0028835779521614313,0.29775500297546387
1119,0.014900587499141693,0.05082869902253151,0.09817399084568024,-0.054947931319475174,2.9253599643707275,3.411187580492928,1288.1624255967822,0.5456563830375671,0.3722407817840576,0.08210168033838272,0.12740357220172882,0.0031301146373152733,0.32021453976631165
1120,0.013320766389369965,0.045776065438985825,0.08678141236305237,-0.08599558472633362,2.877483606338501,3.436443827442158,1252.4219196824004,0.5540985465049744,0.36213386058807373,0.08373188972473145,0.12731200456619263,0.0031250736210495234,0.33353498578071594
1121,0.01467803306877613,0.050820644944906235,0.09461036324501038,-0.18444350361824036,2.898700714111328,3.4623607061870008,1246.3431287825697,0.5718972682952881,0.3358892798423767,0.09214414656162262,0.13526469469070435,0.003224360290914774,0.3379509747028351
1122,0.015575714409351349,0.05495521053671837,0.10862250626087189,-0.19052015244960785,3.018620729446411,3.5282625945039214,1263.581771775442,0.5674923658370972,0.3421650826931,0.09009246528148651,0.13986024260520935,0.003388642566278577,0.3228456676006317
1123,0.013814281672239304,0.047656066715717316,0.09441979229450226,-0.10975711047649384,2.9810218811035156,3.44976798960423,1303.342403191426,0.5597562193870544,0.3478401005268097,0.09231603890657425,0.1316554993391037,0.0025362952146679163,0.3223615288734436
1124,0.01387880276888609,0.05411277711391449,0.10190761834383011,-0.09587723016738892,2.923116445541382,3.8989513729042367,1260.1941091434599,0.5705661773681641,0.3465860188007355,0.08281756937503815,0.12916450202465057,0.003613565117120743,0.33994755148887634
1125,0.015629569068551064,0.06085960194468498,0.10510662198066711,-0.10388351231813431,2.962045669555664,3.893875875519138,1262.1835502860815,0.5621026754379272,0.3601403832435608,0.07773580402135849,0.13277758657932281,0.003101302543655038,0.3297172486782074
1126,0.01616721600294113,0.05420153960585594,0.10362473130226135,-0.10511874407529831,3.006993055343628,3.3525586342536076,1334.284630153062,0.5419995188713074,0.3682067394256592,0.08977705240249634,0.13200092315673828,0.0035061188973486423,0.3020792305469513
1127,0.015742303803563118,0.06587697565555573,0.12140384316444397,-0.05809235945343971,3.1490635871887207,4.184709968337697,1431.4142659686402,0.5046731233596802,0.40126824378967285,0.09385465085506439,0.11884859949350357,0.003991083707660437,0.2970825135707855
1128,0.01467937882989645,0.060230802744627,0.11117172241210938,-0.04077215492725372,2.930133581161499,4.1030893363046195,1423.0452888556301,0.5005058646202087,0.40956971049308777,0.08991815894842148,0.11907786130905151,0.0037214697804301977,0.3054791986942291
1129,0.014961063861846924,0.0494844876229763,0.09522028267383575,-0.11898017674684525,2.7855865955352783,3.3075513931774605,1286.0246049476657,0.5469692349433899,0.3728894889354706,0.0801331028342247,0.13064074516296387,0.002990944543853402,0.3288683295249939
1130,0.014435444958508015,0.050369635224342346,0.09485529363155365,-0.09495571255683899,2.9297327995300293,3.489302571942267,1408.0303693793824,0.5180710554122925,0.3925798237323761,0.08913347125053406,0.12238991260528564,0.004044261761009693,0.30465933680534363
1131,0.01507649663835764,0.05368645489215851,0.10020768642425537,-0.08201757818460464,2.866410970687866,3.560937011852504,1391.0286514132658,0.5254957675933838,0.37859922647476196,0.09580179303884506,0.12392273545265198,0.0030297180637717247,0.3121333420276642
1132,0.0156543105840683,0.05281274765729904,0.09322062134742737,-0.08431585133075714,2.680854320526123,3.3736872262949693,1259.148811619538,0.5678281784057617,0.34876328706741333,0.0834076926112175,0.1268966794013977,0.003516460070386529,0.32074612379074097
1133,0.01595059223473072,0.05494947358965874,0.10555025935173035,-0.03988409787416458,2.847346782684326,3.444980147293034,1371.1857728559187,0.5160326361656189,0.40091875195503235,0.08297258615493774,0.11503811925649643,0.0024739790242165327,0.307096004486084
1134,0.015108447521924973,0.05656104534864426,0.10737314820289612,-0.10482151061296463,3.1150550842285156,3.743670238971987,1382.8306106331393,0.49330151081085205,0.4242885410785675,0.08240990340709686,0.11209187656641006,0.0021218108013272285,0.29303058981895447
1135,0.016316885128617287,0.06609509885311127,0.12200365960597992,-0.20783992111682892,3.182149648666382,4.050717911419257,1316.2373546687013,0.5332045555114746,0.38356953859329224,0.08322594314813614,0.12646277248859406,0.0027775291819125414,0.30280551314353943
1136,0.01615452952682972,0.06610380113124847,0.11755168437957764,-0.17075665295124054,2.915234088897705,4.091966963034745,1312.1871683576937,0.5485047101974487,0.3648064434528351,0.08664090931415558,0.13383764028549194,0.00385486613959074,0.3087140917778015
1137,0.015871098265051842,0.05075040087103844,0.0972655788064003,-0.10155518352985382,2.74487566947937,3.197661561934448,1308.3912793307024,0.5485906004905701,0.3685617744922638,0.08239679038524628,0.1262703388929367,0.0037854609545320272,0.31854885816574097
1138,0.01571766287088394,0.06172693893313408,0.1213696226477623,-0.0677226185798645,3.0480740070343018,3.9272339301508,1324.9468954400077,0.5456620454788208,0.3728438913822174,0.08091621845960617,0.12926553189754486,0.0032766736112535,0.3215082287788391
1139,0.01421340648084879,0.05367753654718399,0.10595667362213135,-0.07210120558738708,3.1874194145202637,3.7765427039417196,1379.3778892588687,0.5121442675590515,0.40762946009635925,0.07995174825191498,0.12609483301639557,0.003250171896070242,0.29271838068962097
1140,0.01455951388925314,0.04920763149857521,0.09390383958816528,-0.08779112994670868,2.880531072616577,3.379757859327792,1360.792686587509,0.5198699831962585,0.3951711058616638,0.08475202322006226,0.11863938719034195,0.0024726304691284895,0.3001794219017029
1141,0.014347932301461697,0.04400062933564186,0.08512405306100845,-0.038608573377132416,2.618698835372925,3.066687827074052,1276.970418851561,0.5666756629943848,0.33467599749565125,0.09837212413549423,0.1280239224433899,0.0032546985894441605,0.33069130778312683
1142,0.01578638330101967,0.05647118017077446,0.10869180411100388,-0.007969547994434834,2.784221649169922,3.577208223719596,1286.8216020178822,0.5601688027381897,0.34013113379478455,0.09965121001005173,0.13280104100704193,0.003588303690776229,0.3178573548793793
1143,0.015288050286471844,0.05726443976163864,0.11137120425701141,-0.1105436459183693,3.1170153617858887,3.7456993328027806,1346.8695056084139,0.5310866236686707,0.37685930728912354,0.09203477948904037,0.12697361409664154,0.0027699600905179977,0.2911422848701477
1144,0.015696370974183083,0.06337258219718933,0.1168011948466301,-0.13035820424556732,3.1876723766326904,4.037403441686314,1343.666085825335,0.5117075443267822,0.3971988260746002,0.09100417792797089,0.12126445770263672,0.0025524210650473833,0.2973009943962097
1145,0.01517708320170641,0.06186172738671303,0.11465334892272949,-0.0492439828813076,3.0613954067230225,4.075995799751675,1310.2584680520154,0.5177293419837952,0.39589574933052063,0.08636651188135147,0.1183791384100914,0.003527760272845626,0.30741652846336365
1146,0.015505564399063587,0.06537018716335297,0.11594922095537186,0.0037108948454260826,3.0194201469421387,4.215917942534545,1268.3401279021218,0.5591152906417847,0.3577907681465149,0.08296243101358414,0.13080476224422455,0.0029832879081368446,0.3220405578613281
1147,0.015037831850349903,0.06459084898233414,0.11513073742389679,-0.04560445249080658,2.877943754196167,4.295223514986703,1272.5633352151328,0.5636290311813354,0.35198691487312317,0.08437816798686981,0.13155142962932587,0.0029772950801998377,0.3199746012687683
1148,0.012971374206244946,0.041422419250011444,0.0785006433725357,-0.16934865713119507,2.7898833751678467,3.1933716958744154,1231.5796625200483,0.5847208499908447,0.3281870484352112,0.08706197887659073,0.13729320466518402,0.002364018466323614,0.3537346124649048
1149,0.013288815505802631,0.04365719109773636,0.08522921800613403,-0.1330922544002533,2.9230875968933105,3.2852582741771044,1219.3780544980762,0.5731346607208252,0.3502020239830017,0.07664787769317627,0.13590294122695923,0.003151207696646452,0.34454765915870667
1150,0.015226917341351509,0.05945711210370064,0.10441035777330399,-0.08686089515686035,2.8464696407318115,3.9047372995405394,1237.09936826022,0.5600342154502869,0.37310680747032166,0.06666915863752365,0.1272294521331787,0.00307626836001873,0.3266674876213074
1151,0.014882954768836498,0.05828554928302765,0.10664834082126617,-0.03244565427303314,2.8095364570617676,3.9162619375257273,1311.9113714850305,0.558814287185669,0.34779420495033264,0.09330947697162628,0.1294202208518982,0.003594924695789814,0.3102891147136688
1152,0.013631155714392662,0.04548180103302002,0.08562691509723663,0.0912531390786171,2.804041624069214,3.3366063731236495,1407.458642582529,0.52975994348526,0.36304521560668945,0.10716520249843597,0.12969107925891876,0.0034087623935192823,0.3066835403442383
1153,0.016121195629239082,0.053490784019231796,0.10694418847560883,-0.04249819740653038,2.864126682281494,3.318040748720727,1395.7671771287567,0.5321406126022339,0.3696454167366028,0.09813123941421509,0.1311507523059845,0.003119422122836113,0.31572702527046204
1154,0.014921167865395546,0.05425857752561569,0.10277775675058365,-0.14120909571647644,2.8874752521514893,3.636349246349089,1301.9424713398594,0.5582941770553589,0.3541473150253296,0.08748440444469452,0.13336190581321716,0.0038157703820616007,0.32995858788490295
1155,0.015415170229971409,0.055084001272916794,0.10448316484689713,-0.05391228199005127,2.7874724864959717,3.5733631512057324,1272.1361366095553,0.5716411471366882,0.3446345031261444,0.08360950648784637,0.13128679990768433,0.0026211480144411325,0.3452490270137787
1156,0.0140913687646389,0.04383476823568344,0.08753418922424316,-0.06259457021951675,2.6432502269744873,3.110753040724641,1324.9405741722687,0.5664858222007751,0.3401622772216797,0.09326548129320145,0.1389744132757187,0.0043487404473125935,0.3205427825450897
1157,0.014044731855392456,0.07439006865024567,0.11903860419988632,-0.15506619215011597,3.024085283279419,5.296652824054241,1273.304082857732,0.5817590355873108,0.33289140462875366,0.08528062701225281,0.1329643577337265,0.0029992542695254087,0.34503650665283203
1158,0.013523751869797707,0.07016664743423462,0.11523178219795227,-0.18951182067394257,3.21877121925354,5.188400978115239,1264.7737841043056,0.5831066370010376,0.331708163022995,0.08497707545757294,0.12923650443553925,0.0028526275418698788,0.35364601016044617
1159,0.0140061741694808,0.04652039334177971,0.09282061457633972,-0.15181675553321838,2.9663119316101074,3.3214204518336907,1304.1433149211782,0.5456916093826294,0.37028875946998596,0.08398670703172684,0.13211500644683838,0.003027533181011677,0.32914721965789795
1160,0.013915416784584522,0.04600328952074051,0.09052085131406784,-0.11755455285310745,2.8220419883728027,3.305922505202788,1280.719645450988,0.5435224771499634,0.37489885091781616,0.08122711628675461,0.12857548892498016,0.0031269106548279524,0.320000022649765
1161,0.013265426270663738,0.041574619710445404,0.07994905114173889,-0.059342991560697556,2.7878384590148926,3.1340583302063125,1295.2426748406133,0.5585441589355469,0.35253918170928955,0.08879724889993668,0.12906929850578308,0.003331132233142853,0.3270498514175415
1162,0.015338210389018059,0.04906289279460907,0.09415295720100403,-0.0708029642701149,2.7884511947631836,3.198736459276805,1248.661076338806,0.5835925936698914,0.3267214298248291,0.08964145928621292,0.13324907422065735,0.003653648542240262,0.3376142382621765
1163,0.013321912847459316,0.04812868312001228,0.09506788849830627,-0.12287785857915878,2.8479177951812744,3.6127456820570916,1244.978468867199,0.5932241678237915,0.31462427973747253,0.092134490609169,0.14333339035511017,0.0025835863780230284,0.3411380648612976
1164,0.015336647629737854,0.05209272354841232,0.09875461459159851,0.1007729172706604,2.9553210735321045,3.396617357499144,1518.4565153179758,0.4696698486804962,0.3872028589248657,0.14310778677463531,0.13826826214790344,0.005179134197533131,0.21464601159095764
1165,0.014265136793255806,0.054482247680425644,0.0990154817700386,0.10490944981575012,3.0031135082244873,3.819258691046286,1492.9177699295067,0.47145456075668335,0.3964633345603943,0.1320105642080307,0.13879719376564026,0.004347637295722961,0.2287888377904892
1166,0.014111645519733429,0.05366795137524605,0.09661770612001419,-0.002733977045863867,2.8518226146698,3.803096619483165,1463.0149808440822,0.4817340672016144,0.38099953532218933,0.13724954426288605,0.1443631649017334,0.004734325688332319,0.23554584383964539
1167,0.015521638095378876,0.054550901055336,0.10500497370958328,-0.040188685059547424,2.8170125484466553,3.514506698108266,1400.4518324812789,0.5038871169090271,0.37679606676101685,0.11930795758962631,0.14743834733963013,0.0037567149847745895,0.2431538999080658
1168,0.0135125033557415,0.0481635183095932,0.09562092274427414,0.06157371401786804,2.9613935947418213,3.5643667970349857,1524.482677149873,0.4647446870803833,0.4112124741077423,0.12397380918264389,0.13962292671203613,0.004371874965727329,0.215248242020607
1169,0.0137419318780303,0.05839817598462105,0.11178524792194366,0.10289658606052399,3.174738645553589,4.249633639483731,1598.1482562991243,0.44238418340682983,0.40818843245506287,0.14935004711151123,0.1325700432062149,0.0037314549554139376,0.2016783058643341
1170,0.015868084505200386,0.06776490807533264,0.12987500429153442,-0.045442722737789154,3.1318929195404053,4.270515956028202,1475.737332056838,0.48622915148735046,0.3738032877445221,0.13971558213233948,0.13483783602714539,0.004908948205411434,0.22542332112789154
1171,0.013420426286756992,0.048030100762844086,0.09063202887773514,-0.11247606575489044,2.9688162803649902,3.578880412067115,1393.191924620444,0.5162912607192993,0.36800241470336914,0.1154734343290329,0.14632529020309448,0.004365409724414349,0.2543262541294098
1172,0.013044025748968124,0.04702113941311836,0.09251020848751068,-0.06857459247112274,3.0506927967071533,3.6048027130913374,1466.2491873311897,0.474863737821579,0.38852789998054504,0.13660715520381927,0.14144809544086456,0.0037562099751085043,0.23065024614334106
1173,0.014620659872889519,0.05109679326415062,0.10079890489578247,-0.098154716193676,2.9671709537506104,3.4948349599050887,1465.292321858445,0.47211790084838867,0.3983433246612549,0.12952937185764313,0.14520421624183655,0.0032605277374386787,0.2275022566318512
1174,0.0157033521682024,0.05349848046898842,0.10604589432477951,-0.06855422258377075,2.790686845779419,3.4068191232385576,1453.2226876198336,0.4896726608276367,0.38247981667518616,0.12778785824775696,0.14792510867118835,0.004625444766134024,0.2337157279253006
1175,0.014366964809596539,0.04976661875844002,0.09047897160053253,-0.06839272379875183,2.8424155712127686,3.4639619024982933,1485.7355263006168,0.47888630628585815,0.39025944471359253,0.1305670142173767,0.13949699699878693,0.004578484687954187,0.23265068233013153
1176,0.015699509531259537,0.0544537678360939,0.10210509598255157,-0.06145872175693512,3.0963315963745117,3.468501211722676,1539.8208461078775,0.4565812349319458,0.3955954611301422,0.14780275523662567,0.13510751724243164,0.00422052014619112,0.22414261102676392
1177,0.015044128522276878,0.050999000668525696,0.09582644701004028,-0.09315630793571472,3.054781675338745,3.389960447999231,1537.5017338984565,0.4505389332771301,0.39814484119415283,0.15128013491630554,0.13682563602924347,0.004227261058986187,0.2184162735939026
1178,0.014415502548217773,0.05701003968715668,0.1126302182674408,-0.11322181671857834,3.2673747539520264,3.9547729600485004,1541.8511797574915,0.4534423351287842,0.40398213267326355,0.14257533848285675,0.13697361946105957,0.0037834548857063055,0.22561176121234894
1179,0.014430028386414051,0.05607525631785393,0.11134683340787888,-0.07592494785785675,3.197122097015381,3.8860115040912233,1529.0233531989263,0.4567227065563202,0.41464731097221375,0.12849168479442596,0.13095489144325256,0.004424202721565962,0.21661493182182312
1180,0.01449299044907093,0.05167679116129875,0.09651421010494232,-0.10598773509263992,2.8331103324890137,3.5656403238053493,1444.0191230305036,0.4787977635860443,0.4117104411125183,0.10919710993766785,0.14006534218788147,0.003985987976193428,0.21776537597179413
1181,0.014923840761184692,0.05398406460881233,0.10186401009559631,-0.17685964703559875,3.0487797260284424,3.617303713505292,1395.4911312184774,0.5046007633209229,0.39338499307632446,0.10192254930734634,0.14909251034259796,0.00473667960613966,0.23573210835456848
1182,0.01298179104924202,0.04837801679968834,0.08961288630962372,-0.17854103446006775,3.0629732608795166,3.7266057212333905,1398.6499024859925,0.5138564705848694,0.371967077255249,0.11416496336460114,0.1426219642162323,0.0038973602931946516,0.2461487203836441
1183,0.014598740264773369,0.05262089893221855,0.10009244084358215,-0.10865255445241928,2.9148266315460205,3.604482165874807,1490.4916015658523,0.4801088273525238,0.385821133852005,0.13406892120838165,0.1402779221534729,0.004961846396327019,0.22305525839328766
1184,0.014761261641979218,0.05267789959907532,0.10266391932964325,-0.05828716978430748,3.0558977127075195,3.568658348666971,1504.0002994456668,0.45653679966926575,0.42636552453041077,0.11709180474281311,0.14045535027980804,0.004419234581291676,0.21224530041217804
1185,0.015610868111252785,0.06583747267723083,0.1187564954161644,-0.0959562435746193,3.249819755554199,4.217412651481936,1447.8728834525868,0.47666284441947937,0.4087464213371277,0.11457149684429169,0.13569387793540955,0.0047276816330850124,0.22640463709831238
1186,0.01501681748777628,0.06414175033569336,0.11437588930130005,-0.22225938737392426,3.2141528129577637,4.271327821865954,1479.110308742121,0.48091748356819153,0.3885560631752014,0.1304829716682434,0.13500404357910156,0.0038377675227820873,0.23698017001152039
1187,0.013588428497314453,0.0512639582157135,0.09322851151227951,-0.22033794224262238,3.0441107749938965,3.7726186086987488,1528.4199743536244,0.46327388286590576,0.41456490755081177,0.12210896611213684,0.1369042694568634,0.0036719904746860266,0.2265872061252594
1188,0.016015101224184036,0.05819409713149071,0.11263561248779297,-0.14874067902565002,3.045276641845703,3.6337014866930373,1622.459703816451,0.42610350251197815,0.43548187613487244,0.13838516175746918,0.12943314015865326,0.003335291985422373,0.21362818777561188
1189,0.01621377468109131,0.05645626038312912,0.11269885301589966,-0.09163182228803635,3.023851156234741,3.4819936436816947,1627.2616237964019,0.4293343126773834,0.41672635078430176,0.15392360091209412,0.12881900370121002,0.0035066117998212576,0.20878395438194275
1190,0.013831332325935364,0.050548963248729706,0.0971330851316452,-0.14225123822689056,2.943814516067505,3.6546705735852956,1500.361763356481,0.4768944978713989,0.3832240700721741,0.13988026976585388,0.1384136974811554,0.003443852299824357,0.2344033122062683
1191,0.01603974588215351,0.057453982532024384,0.10377391427755356,-0.11087343096733093,2.841981887817383,3.581975858630535,1430.9760253688594,0.494051992893219,0.3826386630535126,0.12327423691749573,0.14185523986816406,0.0035060287918895483,0.24545970559120178
1192,0.013959653675556183,0.044571246951818466,0.08737529814243317,-0.11009446531534195,2.8591501712799072,3.192861942318192,1420.4262246035432,0.4934385418891907,0.39392736554145813,0.11258572340011597,0.14212410151958466,0.0033802532125264406,0.23417678475379944
1193,0.013190118595957756,0.0439441055059433,0.08562484383583069,-0.1680610179901123,2.9779882431030273,3.3315929028931413,1421.625949168171,0.4998440146446228,0.3878546357154846,0.11230120062828064,0.14583857357501984,0.003484600456431508,0.23232302069664001
1194,0.013715277425944805,0.04779618978500366,0.09467081725597382,-0.06761117279529572,3.047957420349121,3.484886838023711,1502.3895429719607,0.46747252345085144,0.4078381061553955,0.12461886554956436,0.14016194641590118,0.004158309660851955,0.21895192563533783
1195,0.014888804405927658,0.05479488894343376,0.10874214768409729,-0.06034263223409653,3.1161139011383057,3.680274617479566,1529.9484907939134,0.45207053422927856,0.4238843023777008,0.12394911795854568,0.13667906820774078,0.0038111170288175344,0.21640519797801971
1196,0.013822294771671295,0.05756943300366402,0.11326050758361816,-0.09727371484041214,3.257751226425171,4.164969272503668,1560.1883133258832,0.44721272587776184,0.4189900755882263,0.1333845853805542,0.13187408447265625,0.0043432991951704025,0.20981790125370026
1197,0.01596834883093834,0.06758800894021988,0.13425394892692566,-0.1569080650806427,3.358549118041992,4.232623526174286,1578.8551657413907,0.44022271037101746,0.4308273494243622,0.12882000207901,0.12696363031864166,0.0032575479708611965,0.2134728878736496
1198,0.015890974551439285,0.06913641095161438,0.11887723207473755,-0.20231057703495026,3.252314805984497,4.350671554061601,1495.813670468617,0.46799924969673157,0.4123624265193939,0.11958511173725128,0.1422913670539856,0.0039289724081754684,0.2228025197982788
1199,0.014133265241980553,0.05362575501203537,0.097527876496315,-0.19441063702106476,3.157191276550293,3.7942933985951486,1486.3401892382744,0.4662926197052002,0.426889568567276,0.10679706186056137,0.14047881960868835,0.004354999866336584,0.21783959865570068
1200,0.015439285896718502,0.05693342909216881,0.1017652302980423,-0.1597941517829895,3.049386501312256,3.687568807867078,1530.8938235895532,0.4510842561721802,0.4396277964115143,0.10923232138156891,0.12706349790096283,0.003925091587007046,0.21887321770191193
1201,0.015039282850921154,0.05057543143630028,0.10028624534606934,-0.11923747509717941,3.0107293128967285,3.3628885056736366,1589.8380281911814,0.4370366334915161,0.43812131881713867,0.12471263855695724,0.12916235625743866,0.0031432060059159994,0.2127683460712433
1202,0.014940831810235977,0.056739192456007004,0.10740209370851517,-0.12019512802362442,3.096370220184326,3.7975926088223106,1553.74819245118,0.4590611755847931,0.40983521938323975,0.13105355203151703,0.1384466290473938,0.004500248469412327,0.2162981778383255
1203,0.01353695709258318,0.05302397161722183,0.09385237097740173,-0.05928639695048332,2.9689316749572754,3.916978627520093,1406.301179589338,0.5171530842781067,0.35630276799201965,0.12646333873271942,0.1454973965883255,0.003700107568874955,0.2492094337940216
1204,0.015535851009190083,0.0678195133805275,0.11512314528226852,-0.1302461177110672,3.115292549133301,4.365355546731503,1428.2771312537125,0.5077856183052063,0.35705363750457764,0.1350841224193573,0.13852259516716003,0.0043646967969834805,0.24049335718154907
1205,0.016012033447623253,0.06705886125564575,0.12268023192882538,-0.22491872310638428,3.1879658699035645,4.188029051451402,1497.2640043468477,0.4735289514064789,0.38962963223457336,0.1368379294872284,0.13741180300712585,0.0036829188466072083,0.2277805507183075
1206,0.015341528691351414,0.05551670119166374,0.1051265150308609,-0.024385564029216766,2.9853222370147705,3.6187202921532737,1509.2801950193368,0.4645819365978241,0.3979920446872711,0.13739871978759766,0.136256605386734,0.003175654448568821,0.21604815125465393
1207,0.014098064973950386,0.05171765014529228,0.09789888560771942,0.048037007451057434,2.9555046558380127,3.668421888903536,1472.5615155509918,0.4847550094127655,0.37728095054626465,0.1379433572292328,0.13512851297855377,0.0034593676682561636,0.23253072798252106
1208,0.015165423043072224,0.05100269615650177,0.10134023427963257,-0.1676367223262787,2.944032669067383,3.3630908948786247,1425.8795201117553,0.5059977769851685,0.3660929799079895,0.12790021300315857,0.14412318170070648,0.003293745219707489,0.24994584918022156
1209,0.01577649638056755,0.06388285756111145,0.11589749157428741,-0.07980477809906006,3.069242477416992,4.049242367636766,1487.4215565364627,0.4673539698123932,0.42286136746406555,0.10971440374851227,0.14049766957759857,0.0033270518761128187,0.21634896099567413
1210,0.01610223948955536,0.06353966146707535,0.11574964225292206,0.039032112807035446,2.9177708625793457,3.9460139382688997,1494.3410343117716,0.4648604393005371,0.42632153630256653,0.10868876427412033,0.1333160251379013,0.0035987249575555325,0.21859490871429443
1211,0.013997458852827549,0.045190244913101196,0.08612564206123352,-0.15317580103874207,2.822950839996338,3.228460635963513,1444.1376939695494,0.48950594663619995,0.39497020840644836,0.1155061349272728,0.14103353023529053,0.004433289635926485,0.24028365314006805
1212,0.01364466454833746,0.04759059101343155,0.09090051054954529,-0.1652839481830597,3.021761417388916,3.487853500637536,1484.6873293545443,0.4707575738430023,0.4146634638309479,0.11446423828601837,0.13925941288471222,0.0037957460153847933,0.23443782329559326
1213,0.015147636644542217,0.05224217101931572,0.10076978802680969,-0.0463811494410038,3.037647008895874,3.448866132835977,1493.1501604833381,0.46407949924468994,0.416702538728714,0.11910821497440338,0.14131653308868408,0.004898168612271547,0.21476100385189056
1214,0.014590868726372719,0.05146317556500435,0.10037597268819809,-0.02216353639960289,2.9519691467285156,3.527080979658089,1473.4780609234417,0.4723580777645111,0.4104904234409332,0.1171477735042572,0.1383683681488037,0.00447509903460741,0.21957412362098694
1215,0.015601283870637417,0.05688666179776192,0.1108071357011795,-0.048797428607940674,2.9178645610809326,3.6462807975169182,1417.674744455143,0.5048021078109741,0.3802379369735718,0.11485622823238373,0.13866549730300903,0.004993006587028503,0.24219992756843567
1216,0.01578780822455883,0.06335608661174774,0.11407022178173065,-0.17935793101787567,3.006455659866333,4.012975436905852,1459.6428811739152,0.49008774757385254,0.3857205808162689,0.12408328056335449,0.1407635658979416,0.004397863522171974,0.23289065062999725
1217,0.014189962297677994,0.05424204468727112,0.09965182095766068,-0.13335120677947998,2.964388847351074,3.822564397674585,1554.9345126003636,0.44086211919784546,0.4242038130760193,0.1349223554134369,0.1257489025592804,0.0035481364466249943,0.21408548951148987
1218,0.014419100247323513,0.05338187515735626,0.10045094043016434,-0.08153069764375687,2.9394893646240234,3.7021640905480835,1575.9903829480227,0.4300396740436554,0.42615628242492676,0.14379718899726868,0.1246643140912056,0.003174444427713752,0.21040958166122437
1219,0.01590634696185589,0.051873885095119476,0.10190495103597641,-0.10656645148992538,2.8715362548828125,3.2612066878871753,1588.7419864339831,0.4343624711036682,0.4140327572822571,0.15160351991653442,0.1317225992679596,0.00453134486451745,0.20534473657608032
1220,0.015348684974014759,0.05569038167595863,0.10432381927967072,-0.11297467350959778,2.9962377548217773,3.6283487325861334,1574.7596548604029,0.4486961364746094,0.3980181813240051,0.15327592194080353,0.12670141458511353,0.0038939646910876036,0.20661300420761108
1221,0.016602633520960808,0.06067252531647682,0.11397510766983032,-0.15817375481128693,3.2492973804473877,3.6543916503501346,1532.8196133720921,0.4723259210586548,0.3851079046726227,0.1425078809261322,0.1305365413427353,0.004219381138682365,0.2215280681848526
1222,0.014948027208447456,0.05773821100592613,0.11382371932268143,-0.14383240044116974,3.25658917427063,3.862597398099089,1553.3785744892068,0.45903006196022034,0.3932877480983734,0.14767605066299438,0.137548565864563,0.0045840744860470295,0.22254349291324615
1223,0.014302622526884079,0.056045278906822205,0.10944140702486038,-0.061231501400470734,3.063359260559082,3.9185316397435197,1554.5283236445612,0.4638129770755768,0.37162983417510986,0.16455642879009247,0.14278796315193176,0.0037171102594584227,0.21736830472946167
1224,0.014869817532598972,0.052958954125642776,0.10196232050657272,-0.02797592803835869,2.8786966800689697,3.5615066564186018,1477.3225651173186,0.4842545688152313,0.36689049005508423,0.14884813129901886,0.1429297924041748,0.003596018999814987,0.23311755061149597
1225,0.015120659954845905,0.05652347579598427,0.10485798120498657,-0.05763944983482361,2.9429638385772705,3.7381619559622017,1465.8100180422223,0.4829060733318329,0.3848661184310913,0.1321617215871811,0.13860927522182465,0.0034891704563051462,0.2369871735572815
1226,0.01590602472424507,0.06079381704330444,0.11682578921318054,-0.07194437831640244,3.0198214054107666,3.8220622747314237,1525.8178307293606,0.4651806950569153,0.39650964736938477,0.13830067217350006,0.13507080078125,0.004096976015716791,0.2211967259645462
1227,0.015307299792766571,0.05843490734696388,0.11665824800729752,-0.05750322714447975,3.067401885986328,3.8174536420041703,1536.5175441334693,0.4606948792934418,0.4049798250198364,0.13432525098323822,0.13716210424900055,0.003881528740748763,0.22455397248268127
1228,0.013804784044623375,0.054483331739902496,0.10305515676736832,-0.08277717977762222,3.057565212249756,3.9466993152403362,1493.182578790845,0.47234928607940674,0.39867180585861206,0.12896639108657837,0.14083699882030487,0.005206931382417679,0.22855183482170105
1229,0.014463935978710651,0.0522986575961113,0.098703533411026,-0.0779494121670723,2.9766883850097656,3.615797087976154,1458.025610587981,0.4775128662586212,0.4074150025844574,0.1150256097316742,0.14133577048778534,0.0047409385442733765,0.2387271672487259
1230,0.013258089311420918,0.048515286296606064,0.08687213808298111,0.04569103568792343,3.0060927867889404,3.659296988681034,1494.1715182227672,0.4711000621318817,0.40072929859161377,0.128069669008255,0.13932424783706665,0.004249603021889925,0.22098253667354584
1231,0.014449073933064938,0.053234949707984924,0.10097657144069672,0.03966903313994408,2.959217071533203,3.684315683545569,1510.440650935278,0.46917107701301575,0.4025822877883911,0.12814226746559143,0.13849052786827087,0.0038596175145357847,0.22734665870666504
1232,0.01575205661356449,0.05952133610844612,0.11301343142986298,-0.08018143475055695,2.8820180892944336,3.778639041546624,1458.5766193049537,0.4841444194316864,0.3983058035373688,0.11751946806907654,0.13536487519741058,0.004388497676700354,0.24452799558639526
1233,0.014751487411558628,0.05089646205306053,0.09724172949790955,-0.18461745977401733,2.9988276958465576,3.4502596673559847,1484.9854241432943,0.47914525866508484,0.39455267786979675,0.12629961967468262,0.13899195194244385,0.003630606457591057,0.2260609269142151
1234,0.01618869975209236,0.05627543479204178,0.10644292086362839,-0.17642611265182495,3.0208919048309326,3.4762170928083376,1503.6751349964934,0.4744566082954407,0.39005282521247864,0.13549041748046875,0.14021258056163788,0.003942286595702171,0.21782666444778442
1235,0.014360956847667694,0.06124488636851311,0.10641652345657349,-0.10902674496173859,2.9329495429992676,4.264680063723954,1493.1420888194154,0.47751420736312866,0.39027532935142517,0.13220302760601044,0.13847686350345612,0.0038547171279788017,0.22869135439395905
1236,0.015532374382019043,0.06699666380882263,0.12317608296871185,-0.016497038304805756,2.9170427322387695,4.313356229815549,1437.351653522094,0.5019674897193909,0.3650476932525635,0.1327795386314392,0.14044354856014252,0.00422052014619112,0.24005350470542908
1237,0.013916668482124805,0.05251660197973251,0.10135327279567719,-0.03437889739871025,3.0465807914733887,3.7736475538965055,1441.0407857080324,0.4935407340526581,0.38542789220809937,0.12097948044538498,0.13872161507606506,0.003953130915760994,0.24406835436820984
1238,0.014308742247521877,0.059526730328798294,0.11175324022769928,-0.1001431867480278,3.365522623062134,4.160165114089432,1554.2877497986804,0.44900190830230713,0.4135558009147644,0.137381911277771,0.13378775119781494,0.003730500116944313,0.21239589154720306
1239,0.015299099497497082,0.061916399747133255,0.11755412071943283,-0.17041736841201782,3.261164665222168,4.047061707992399,1587.4986229350404,0.4328063726425171,0.4269864559173584,0.14019028842449188,0.12323480099439621,0.003876793198287487,0.19214153289794922
1240,0.014577122405171394,0.062345150858163834,0.11624906957149506,-0.3244706094264984,3.3029234409332275,4.276917564454922,1573.2053794721364,0.4401914179325104,0.4284519553184509,0.13134780526161194,0.12718148529529572,0.0031945209484547377,0.19788038730621338
1241,0.01580444723367691,0.069041907787323,0.11920107901096344,-0.3112432062625885,3.274167060852051,4.368511391897119,1547.5305219394036,0.4617078900337219,0.39507895708084106,0.14316540956497192,0.1379476636648178,0.0031531720887869596,0.20880578458309174
1242,0.014693444594740868,0.05121629685163498,0.09961755573749542,-0.1875922679901123,3.0520286560058594,3.4856562406395057,1498.7294423175033,0.47518470883369446,0.39911919832229614,0.1256602704524994,0.13958485424518585,0.0029996691737324,0.23324939608573914
1243,0.014527584426105022,0.049028441309928894,0.09490087628364563,-0.14005346596240997,2.969522476196289,3.3748515836158877,1421.8872187578104,0.500725269317627,0.39477866888046265,0.10447507351636887,0.14716002345085144,0.005174783058464527,0.24042078852653503
1244,0.012956392951309681,0.043296266347169876,0.0822211354970932,-0.14215396344661713,2.909679889678955,3.3416913570417477,1406.0515381465834,0.508126974105835,0.38253316283226013,0.10933441668748856,0.14746613800525665,0.004064288921654224,0.2407190501689911
1245,0.016186928376555443,0.06177325174212456,0.10848463326692581,-0.11780551820993423,2.9147465229034424,3.816242977128289,1513.5307659435102,0.4680750370025635,0.40533605217933655,0.1265886276960373,0.13949467241764069,0.0041425516828894615,0.22041510045528412
1246,0.015308408066630363,0.05873113498091698,0.10040083527565002,-0.16784590482711792,2.99086332321167,3.83652792122154,1548.6709227926458,0.4553154408931732,0.42475464940071106,0.11992955207824707,0.13673225045204163,0.0037290453910827637,0.22568655014038086
1247,0.015747981145977974,0.056654322892427444,0.10412705689668655,-0.1987321823835373,3.09281063079834,3.597561005672106,1562.1375803298747,0.45424383878707886,0.42607519030570984,0.11967432498931885,0.1315900832414627,0.004885447211563587,0.2323748618364334
1248,0.016026467084884644,0.06462771445512772,0.11390537023544312,-0.19122332334518433,3.159867525100708,4.0325615189419235,1512.6672051124035,0.4745658040046692,0.40336719155311584,0.1220666840672493,0.1451435387134552,0.004071423783898354,0.23207679390907288
1249,0.01498646941035986,0.059526730328798294,0.1093984916806221,-0.16807153820991516,3.1449167728424072,3.9720316169782173,1480.2967079328992,0.47546935081481934,0.41061827540397644,0.11390239745378494,0.14575162529945374,0.004427991807460785,0.22431248426437378
1250,0.013971898704767227,0.05075855553150177,0.09741149097681046,0.00804623868316412,2.9519476890563965,3.6329032009479136,1556.8608153670164,0.4392896294593811,0.4324217140674591,0.12828370928764343,0.12946315109729767,0.0037254919297993183,0.2114190012216568
1251,0.014626715332269669,0.054738856852054596,0.09977796673774719,0.027381930500268936,2.9643287658691406,3.7423888825911966,1569.6265799825087,0.4435378611087799,0.40310972929000854,0.15331809222698212,0.13023316860198975,0.0036458426620811224,0.2072191685438156
1252,0.015583113767206669,0.059853795915842056,0.11197416484355927,-0.060061097145080566,3.122070789337158,3.8409394172529443,1496.139886763477,0.4786698818206787,0.3655807077884674,0.15568579733371735,0.13747742772102356,0.003379352856427431,0.23497214913368225
1253,0.01584652252495289,0.054714906960725784,0.10545104742050171,-0.07657268643379211,3.019251823425293,3.4528021445156565,1459.022584204521,0.48429399728775024,0.39055243134498596,0.12515205144882202,0.13612225651741028,0.0036911386996507645,0.24697495996952057
1254,0.01413214486092329,0.04601738601922989,0.08969838917255402,-0.09579763561487198,2.9148688316345215,3.256220939484994,1479.542800817721,0.4758894741535187,0.40818092226982117,0.11589208245277405,0.140884131193161,0.004312208853662014,0.22810274362564087
1255,0.014555225148797035,0.04758475348353386,0.09351161867380142,-0.0692671462893486,2.8428070545196533,3.269255747939935,1442.3588763009016,0.4955260753631592,0.39030301570892334,0.11412413418292999,0.14983823895454407,0.0036927673500031233,0.22649350762367249
1256,0.015634750947356224,0.06569589674472809,0.1141834706068039,-0.08997868001461029,2.882516622543335,4.20191514157986,1461.93271423468,0.4834040701389313,0.39631378650665283,0.12027417868375778,0.14038053154945374,0.0038557411171495914,0.22502343356609344
1257,0.01640917733311653,0.06816034764051437,0.11956864595413208,-0.19513864815235138,3.1386168003082275,4.153794322083492,1537.1892095819676,0.450827032327652,0.4232102632522583,0.1258849948644638,0.12797442078590393,0.0033589648082852364,0.223116934299469
1258,0.01511325966566801,0.06033124402165413,0.10853034257888794,-0.18638470768928528,3.05938458442688,3.9919412060862998,1468.6386372695404,0.4766218960285187,0.41089433431625366,0.11241214722394943,0.140349879860878,0.0044034128077328205,0.22517473995685577
1259,0.01464574784040451,0.05370481684803963,0.10150996595621109,-0.09919567406177521,2.862041473388672,3.666922128497427,1429.212439691367,0.5031505227088928,0.3830661475658417,0.11378330737352371,0.15012435615062714,0.003965597599744797,0.23432205617427826
1260,0.016010692343115807,0.05195971205830574,0.1037672758102417,-0.04048441722989082,2.943190813064575,3.2453132532648907,1472.5845940438824,0.48426008224487305,0.3886329233646393,0.12708230316638947,0.14089788496494293,0.00463520223274827,0.2298734039068222
1261,0.015028425492346287,0.055647917091846466,0.09979711472988129,-0.08917707204818726,3.0470705032348633,3.7028441280481528,1479.1409722138753,0.47359681129455566,0.40234190225601196,0.12399398535490036,0.13399918377399445,0.0037883901968598366,0.22584015130996704
1262,0.01506287232041359,0.05403727665543556,0.0981719121336937,-0.15703634917736053,2.9986860752105713,3.587448363259072,1513.2168652503667,0.4565018117427826,0.4258653223514557,0.11762947589159012,0.1269475668668747,0.004280587658286095,0.21795234084129333
1263,0.015003426931798458,0.052518680691719055,0.0970509871840477,-0.03144928440451622,2.906024932861328,3.50044565997851,1509.4986477030575,0.44501233100891113,0.44769757986068726,0.10726851969957352,0.127786323428154,0.0037269408348947763,0.21471767127513885
1264,0.013829714618623257,0.04954152554273605,0.09178704023361206,0.023713422939181328,2.8526225090026855,3.58225219430346,1491.9765380826382,0.4554747939109802,0.43088051676750183,0.1135837584733963,0.13137872517108917,0.003785627195611596,0.21148252487182617
1265,0.015547696501016617,0.05201129615306854,0.09707020223140717,-0.08064964413642883,2.8001580238342285,3.3452734394656085,1476.86548801952,0.4843275547027588,0.3873462378978729,0.12783560156822205,0.14040324091911316,0.0038212912622839212,0.23007601499557495
1266,0.014362728223204613,0.06293941289186478,0.11000905185937881,-0.11335624009370804,3.0177881717681885,4.382134919589782,1475.030194605386,0.49127063155174255,0.3711013197898865,0.1375403255224228,0.14473138749599457,0.004039952531456947,0.2352616935968399
1267,0.01436620019376278,0.06203002855181694,0.10815608501434326,-0.10801012068986893,3.2245194911956787,4.3177755920754946,1515.1041953890417,0.4705289304256439,0.3970285952091217,0.13241341710090637,0.13740693032741547,0.004942663945257664,0.23185637593269348
1268,0.015106690116226673,0.05810559540987015,0.10616986453533173,-0.0413636714220047,2.980302572250366,3.846348535580958,1475.4120136761578,0.49000558257102966,0.3799803555011749,0.1300136297941208,0.13405153155326843,0.0050156922079622746,0.23408521711826324
1269,0.015185527503490448,0.05124181881546974,0.09817223250865936,-0.041113123297691345,2.850979804992676,3.374385170374703,1438.4041731922593,0.5028253793716431,0.3715725541114807,0.12538379430770874,0.13613201677799225,0.004190040752291679,0.2306177020072937
1270,0.01626403070986271,0.05868744105100632,0.1129065454006195,-0.08063998073339462,2.897289514541626,3.608419222413858,1504.8533877034363,0.47291311621665955,0.39252740144729614,0.1345592439174652,0.13040465116500854,0.0038551297038793564,0.2198544442653656
1271,0.015578743070363998,0.05859921872615814,0.10970178246498108,-0.07018372416496277,2.9076714515686035,3.761485664005336,1597.0194331022033,0.4449106454849243,0.4055248200893402,0.14954183995723724,0.12670296430587769,0.004767474252730608,0.20762966573238373
1272,0.014551682397723198,0.055830202996730804,0.09897570312023163,-0.14479582011699677,3.049152374267578,3.836683722675908,1600.5208339747307,0.448371946811676,0.3847399950027466,0.1668878197669983,0.13670645654201508,0.003835148410871625,0.20910002291202545
1273,0.015780894085764885,0.05857143551111221,0.10883309692144394,-0.2021712362766266,3.1329684257507324,3.7115410057935114,1503.1901484149232,0.48554322123527527,0.3580501079559326,0.1563880890607834,0.1431639939546585,0.003932489547878504,0.22260315716266632
1274,0.015139102935791016,0.05222353711724281,0.10063120722770691,-0.12866120040416718,3.114844799041748,3.449579366445107,1454.0312909641443,0.4987798035144806,0.37488454580307007,0.12618951499462128,0.13526181876659393,0.0034521420020610094,0.23313672840595245
1275,0.015685318037867546,0.05968472734093666,0.11904117465019226,-0.05733460932970047,3.1179094314575195,3.8051333860773795,1469.9899915162496,0.4931698441505432,0.3703375458717346,0.13648837804794312,0.13868892192840576,0.0042679887264966965,0.23098218441009521
1276,0.014238433912396431,0.05499862879514694,0.10982638597488403,-0.09974828362464905,3.0005998611450195,3.8626880687630054,1475.5501967900766,0.48771166801452637,0.3692980706691742,0.14298579096794128,0.14773793518543243,0.003671155543997884,0.22564546763896942
1277,0.013845819048583508,0.051195766776800156,0.08887220919132233,-0.15123076736927032,2.813094139099121,3.6975614511111323,1450.059522551042,0.4961216151714325,0.3745228946208954,0.12927165627479553,0.14511188864707947,0.004612613935023546,0.23512807488441467
1278,0.01481076143682003,0.05267246812582016,0.10022664070129395,-0.0694098100066185,2.877075672149658,3.5563646303368537,1510.9127643123516,0.47475701570510864,0.3880422115325928,0.1367415338754654,0.1346708983182907,0.003681390080600977,0.2346983104944229
1279,0.015693960711359978,0.04880620166659355,0.09350880980491638,-0.015762848779559135,2.705014705657959,3.109871533459085,1492.495793985255,0.4766433537006378,0.3853793442249298,0.13776570558547974,0.134434774518013,0.004320173058658838,0.22786244750022888
1280,0.01415293663740158,0.059053488075733185,0.11256922781467438,-0.03891386091709137,3.0208702087402344,4.172525433025794,1523.5273025654815,0.4662066102027893,0.3870403468608856,0.146635502576828,0.1343924105167389,0.0035536482464522123,0.22248300909996033
1281,0.015434914268553257,0.06549245864152908,0.12449970841407776,-0.06654287129640579,3.1941933631896973,4.2431371822206225,1526.1452111770434,0.47406134009361267,0.36786678433418274,0.15807095170021057,0.1358342319726944,0.003926093224436045,0.2249159961938858
1282,0.015074558556079865,0.05418508127331734,0.10742497444152832,-0.026304127648472786,3.113311529159546,3.5944721743025076,1541.8268586551226,0.48221567273139954,0.3482709228992462,0.16951048374176025,0.13771602511405945,0.0039780717343091965,0.23438045382499695
1283,0.015190755017101765,0.05405408889055252,0.10541650652885437,-0.055805254727602005,3.217193126678467,3.5583543297314733,1630.770453621887,0.43280166387557983,0.40866249799728394,0.15853537619113922,0.12662911415100098,0.004012856166809797,0.2060534805059433
1284,0.015608998946845531,0.056241441518068314,0.10642251372337341,-0.15703676640987396,3.0772058963775635,3.603142117312473,1516.5479439150292,0.4672588109970093,0.4049537777900696,0.1277826726436615,0.1360950618982315,0.0038025667890906334,0.21492674946784973
1285,0.014356418512761593,0.05829901993274689,0.10600370168685913,-0.05525315925478935,3.1420235633850098,4.060833130272941,1466.9352180536462,0.4922882318496704,0.3841404914855957,0.12357103079557419,0.13910354673862457,0.002970069879665971,0.22210508584976196
1286,0.014548071660101414,0.05931475758552551,0.11021837592124939,-0.1001063883304596,3.216769218444824,4.077155994778408,1471.6910635982672,0.4920435845851898,0.3763924539089203,0.13143672049045563,0.14083993434906006,0.004865449853241444,0.23038725554943085
1287,0.014268697239458561,0.050542477518320084,0.09129074215888977,-0.28776389360427856,2.995959758758545,3.542192862219268,1445.3451768562759,0.5018054842948914,0.36954164505004883,0.12856435775756836,0.14773641526699066,0.004710450768470764,0.24303364753723145
1288,0.014996809884905815,0.06966383755207062,0.11681772768497467,-0.2201971560716629,3.120732545852661,4.645243760644158,1495.566193990853,0.4680647850036621,0.4013105630874634,0.13062341511249542,0.14439040422439575,0.003945237956941128,0.2164841592311859
1289,0.013186905533075333,0.06131204590201378,0.10562602430582047,-0.12284128367900848,3.2227373123168945,4.64946425403456,1479.1407444918768,0.4717446267604828,0.3996546268463135,0.12854476273059845,0.13981230556964874,0.0028605619445443153,0.22157108783721924
1290,0.013536076992750168,0.04817356914281845,0.09311838448047638,-0.11355184763669968,3.1039745807647705,3.558901826951855,1504.084304987145,0.4810769557952881,0.3700624406337738,0.14869044721126556,0.1393890380859375,0.003067283658310771,0.23028884828090668
1291,0.015173028223216534,0.05138219892978668,0.10106143355369568,-0.04539050534367561,3.0535669326782227,3.3864168820156415,1517.6921420031379,0.4810272455215454,0.3656654953956604,0.15324832499027252,0.145327627658844,0.003403464099392295,0.23014935851097107
1292,0.013670985586941242,0.050241585820913315,0.09284592419862747,-0.011936817318201065,3.023106098175049,3.67505221168764,1511.0305103979879,0.4683865010738373,0.40946778655052185,0.12211889773607254,0.13805902004241943,0.0042401752434670925,0.22370979189872742
1293,0.015010671690106392,0.06026341766119003,0.11619076132774353,-0.13433411717414856,3.0491538047790527,4.014704931351956,1512.9499505558174,0.47428834438323975,0.400686115026474,0.12501542270183563,0.1417882740497589,0.004028548486530781,0.2271161526441574
1294,0.01599707640707493,0.06362660229206085,0.11164145171642303,-0.15156252682209015,2.942880630493164,3.977389409726375,1462.1450361875384,0.4961945414543152,0.3645133674144745,0.13928602635860443,0.1428292989730835,0.00536351278424263,0.2383141964673996
1295,0.013980306684970856,0.05035364627838135,0.09273919463157654,-0.09407390654087067,2.8422086238861084,3.6017554842992747,1486.007268013296,0.47634634375572205,0.3908018171787262,0.13284148275852203,0.1378854513168335,0.004497911781072617,0.24085640907287598
1296,0.01524862926453352,0.051644183695316315,0.09694758802652359,-0.15471549332141876,2.85372257232666,3.3868082695175543,1575.449847337388,0.45114704966545105,0.3856205940246582,0.16320550441741943,0.1308610439300537,0.003920049872249365,0.2218664288520813
1297,0.014173122122883797,0.04873393476009369,0.09710146486759186,-0.12885932624340057,2.9534122943878174,3.438475611380631,1551.2911248639796,0.464619904756546,0.37802642583847046,0.1572779268026352,0.13562704622745514,0.0033307906705886126,0.21519188582897186
1298,0.013791735284030437,0.048141710460186005,0.09499774873256683,-0.07066015154123306,2.921168565750122,3.490620249392334,1437.3471154470965,0.4945991039276123,0.3864755928516388,0.11878194659948349,0.14521819353103638,0.0041844164952635765,0.2228325605392456
1299,0.013796583749353886,0.04535619542002678,0.08653570711612701,-0.03845955431461334,2.7965173721313477,3.2874946610506663,1465.822538784609,0.4858960509300232,0.3827489912509918,0.1313178688287735,0.13881851732730865,0.004878106061369181,0.2282238006591797
1300,0.013436665758490562,0.04496258497238159,0.08680275082588196,-0.014019260182976723,2.9486243724823,3.346260581098677,1501.6347734594794,0.4742826223373413,0.3943400979042053,0.13137510418891907,0.13983827829360962,0.0035705717746168375,0.22828274965286255
1301,0.014699926599860191,0.053105492144823074,0.09807084500789642,-0.14651988446712494,3.0866329669952393,3.612636551648871,1465.3803207387575,0.46940624713897705,0.41415879130363464,0.11634891480207443,0.144478902220726,0.003728157840669155,0.22148561477661133
1302,0.014821701683104038,0.055957239121198654,0.10817300528287888,-0.0769147202372551,3.073068380355835,3.775358613593715,1517.3863132820095,0.45080798864364624,0.42273852229118347,0.1264534592628479,0.1326339989900589,0.004349920433014631,0.21305115520954132
1303,0.01379559375345707,0.05418494716286659,0.10272687673568726,-0.05310447886586189,3.2107200622558594,3.9276995341618086,1531.4649247806128,0.45832493901252747,0.4131952226161957,0.1284787952899933,0.13017654418945312,0.004897965583950281,0.21572254598140717
1304,0.01464804820716381,0.0539621002972126,0.10680527985095978,-0.14722587168216705,3.126450538635254,3.6839106159643746,1495.7150919793971,0.4810965359210968,0.3869093656539917,0.13194923102855682,0.14045117795467377,0.0038903469685465097,0.23147426545619965
1305,0.014570681378245354,0.05801975727081299,0.10527010262012482,-0.08631306141614914,2.8590328693389893,3.9819522341252345,1479.5524949047335,0.4999813139438629,0.3543219268321991,0.14568184316158295,0.14915691316127777,0.0046578580513596535,0.22532512247562408
1306,0.013068399392068386,0.05367715656757355,0.0975286141037941,-0.05193223059177399,2.8902344703674316,4.107400987151071,1467.2164104928413,0.5068610310554504,0.34943774342536926,0.14361818134784698,0.14601221680641174,0.0036676935851573944,0.23713067173957825
1307,0.0153029914945364,0.05556227266788483,0.10230879485607147,-0.0625709742307663,3.044804573059082,3.630811183819276,1513.8807370981801,0.466682493686676,0.4048914909362793,0.12838469445705414,0.1317244917154312,0.0036181132309138775,0.22830553352832794
1308,0.014347517862915993,0.05450506508350372,0.0966697409749031,-0.1818009465932846,3.108907699584961,3.7989194786496108,1596.7937623568766,0.4300101697444916,0.43139949440956116,0.13858932256698608,0.12803514301776886,0.003350270912051201,0.20694436132907867
1309,0.013990208506584167,0.054665081202983856,0.09515181183815002,-0.2110046148300171,3.062967300415039,3.9073814499154618,1580.8941737853258,0.43920889496803284,0.4326210916042328,0.12810668349266052,0.13397382199764252,0.004819517955183983,0.20165786147117615
1310,0.015337176620960236,0.05443958565592766,0.10478845238685608,-0.11809351295232773,2.9840378761291504,3.5495180760961835,1493.7946889948523,0.4682721495628357,0.4339534640312195,0.0973963588476181,0.13676677644252777,0.003936052788048983,0.21869303286075592
1311,0.014476683922111988,0.05179130285978317,0.09878049045801163,-0.1034490093588829,2.9943735599517822,3.5775667366128294,1435.5926812973967,0.49544867873191833,0.40301933884620667,0.1014673188328743,0.1378299593925476,0.004009106662124395,0.23365263640880585
1312,0.014227908104658127,0.054047051817178726,0.09364236891269684,-0.21208982169628143,3.087874174118042,3.7986646677655584,1465.7558498017347,0.49151793122291565,0.3886093497276306,0.1198587492108345,0.14296859502792358,0.003794365096837282,0.23309999704360962
1313,0.013424559496343136,0.0511515736579895,0.09272423386573792,-0.1383000612258911,3.005478858947754,3.8102981083374052,1486.6190171006756,0.4779433608055115,0.39911022782325745,0.12288245558738708,0.1381603330373764,0.004186534788459539,0.22287146747112274
1314,0.013903587125241756,0.05042080208659172,0.09269010275602341,-0.10933820903301239,2.8632254600524902,3.6264599652435767,1510.661578301364,0.46656709909439087,0.40622878074645996,0.12720346450805664,0.13018546998500824,0.003928197082132101,0.22107750177383423
1315,0.01532243937253952,0.053023502230644226,0.09903042018413544,-0.1442623883485794,2.9160356521606445,3.4605131035604595,1565.9000171297203,0.45597127079963684,0.4184727072715759,0.12543755769729614,0.13241657614707947,0.003298151772469282,0.2134074866771698
1316,0.016332808881998062,0.05232229083776474,0.10174661874771118,-0.09828043729066849,2.86771297454834,3.2035084236019316,1535.683907370161,0.4677225947380066,0.38889557123184204,0.14337214827537537,0.13697625696659088,0.0037176785990595818,0.2214382439851761
1317,0.01459835097193718,0.048331115394830704,0.09377403557300568,-0.07912833243608475,2.94342041015625,3.310724306082806,1495.9192742297007,0.4718838334083557,0.37568774819374084,0.15221627056598663,0.14287476241588593,0.0035973365884274244,0.23427985608577728
1318,0.015194439329206944,0.05031643435359001,0.10033848881721497,-0.0864737406373024,2.8511197566986084,3.3115031927212755,1509.402365303073,0.4641667306423187,0.396005243062973,0.1397727131843567,0.1429709643125534,0.0041944291442632675,0.228214830160141
1319,0.01527892705053091,0.05205506086349487,0.10147355496883392,-0.09723354876041412,2.8235647678375244,3.4069840564019898,1441.3955200162275,0.4987712502479553,0.3705102503299713,0.13049417734146118,0.15072481334209442,0.004117149394005537,0.24125753343105316
1320,0.01543317548930645,0.052010681480169296,0.10040918737649918,-0.06966226547956467,2.9887607097625732,3.370057025065069,1425.9167485298187,0.5093494653701782,0.3602086305618286,0.13043949007987976,0.14527910947799683,0.005588442552834749,0.24410952627658844
1321,0.014121421612799168,0.046514466404914856,0.08997273445129395,-0.09127981960773468,2.8538355827331543,3.2938940339733116,1519.6400058091738,0.47206804156303406,0.3955511152744293,0.13238057494163513,0.13477087020874023,0.0042962003499269485,0.2339242696762085
1322,0.013938330113887787,0.044618718326091766,0.08574315905570984,-0.1673557013273239,2.843421459197998,3.2011523588778896,1493.4375401076284,0.48118823766708374,0.37972864508628845,0.13902415335178375,0.14808987081050873,0.004800897091627121,0.2252870351076126
1323,0.014232153072953224,0.049832988530397415,0.09518970549106598,-0.09443274885416031,2.885995626449585,3.5014370820391583,1456.8901630528192,0.49020376801490784,0.3665648400783539,0.1432303786277771,0.14910675585269928,0.00435861200094223,0.2254096120595932
1324,0.014812111854553223,0.05385180190205574,0.10082575678825378,-0.022628916427493095,2.9394915103912354,3.635659953638961,1481.6587494799157,0.48430168628692627,0.3709244728088379,0.14470846951007843,0.13376037776470184,0.00496666319668293,0.23320922255516052
1325,0.016041036695241928,0.05901995301246643,0.11704207956790924,-0.0979681983590126,3.0582761764526367,3.67931039184603,1468.1116424050597,0.4865586459636688,0.38578999042510986,0.1276439130306244,0.13982634246349335,0.0035916203632950783,0.23528724908828735
1326,0.015453414060175419,0.05637305974960327,0.10332724452018738,-0.12530003488063812,3.0233306884765625,3.6479356293980914,1486.114897593768,0.4823981523513794,0.3909311592578888,0.12657471001148224,0.14308275282382965,0.0035367654636502266,0.22400549054145813
1327,0.014742993749678135,0.04585012421011925,0.08983038365840912,-0.07139087468385696,2.821765899658203,3.109960228261663,1509.250437342094,0.4768803119659424,0.38285917043685913,0.1402558982372284,0.1345590204000473,0.003373432904481888,0.2303849309682846
1328,0.014601938426494598,0.04495792090892792,0.08554834127426147,-0.11378593742847443,2.788421392440796,3.0789008686870485,1502.2878294648374,0.4727216064929962,0.38016119599342346,0.14708542823791504,0.12724356353282928,0.003022965043783188,0.230030819773674
1329,0.015926050022244453,0.053958289325237274,0.09947052597999573,-0.18885749578475952,2.9095685482025146,3.3880522318141573,1473.1657420104482,0.46977096796035767,0.38922151923179626,0.1409391462802887,0.1354691982269287,0.0038867704570293427,0.22393548488616943
1330,0.014104528352618217,0.04941387102007866,0.09539349377155304,-0.1968879997730255,3.0158936977386475,3.5034047067162355,1501.086563096074,0.45610976219177246,0.4124431610107422,0.13142769038677216,0.13923178613185883,0.004658035933971405,0.20915056765079498
1331,0.015225251205265522,0.052142977714538574,0.10108748078346252,-0.11060629785060883,3.097259283065796,3.4247696151693447,1505.5541438566377,0.46202901005744934,0.4240626394748688,0.11388258635997772,0.13404326140880585,0.004599586594849825,0.20996324717998505
1332,0.013628334738314152,0.049617886543273926,0.0968029797077179,-0.03918880224227905,3.072383165359497,3.640788657776317,1508.5288141423553,0.4652594327926636,0.41276511549949646,0.12196151912212372,0.1346382200717926,0.0038370892871171236,0.22150209546089172
1333,0.01545555330812931,0.055998221039772034,0.11167912185192108,-0.05232642963528633,2.9916188716888428,3.6231780202068156,1458.0187820773738,0.4900955259799957,0.378063827753067,0.1318393349647522,0.14499026536941528,0.003978237509727478,0.2214328497648239
1334,0.01387180294841528,0.053496092557907104,0.09664741903543472,-0.1875157654285431,3.0696640014648438,3.8564628370937215,1423.1409311443128,0.5014963746070862,0.38862258195877075,0.10983730107545853,0.1426583081483841,0.004156754817813635,0.22906391322612762
1335,0.014681054279208183,0.05434683337807655,0.09413045644760132,-0.20201720297336578,2.930281639099121,3.701834510028519,1468.1107832419982,0.47455206513404846,0.41906335949897766,0.10633926838636398,0.13616794347763062,0.0056194583885371685,0.21381212770938873
1336,0.01631242223083973,0.053035669028759,0.10323753952980042,-0.10534216463565826,2.868461847305298,3.2512442526922993,1510.7142478944809,0.4564986228942871,0.4278686046600342,0.11552064120769501,0.12506085634231567,0.0036865640431642532,0.21135662496089935
1337,0.015162142924964428,0.0512700080871582,0.09985993057489395,-0.03742669150233269,3.030552387237549,3.381448673680606,1582.8116100997083,0.4337674677371979,0.4546811580657959,0.11104375123977661,0.12687885761260986,0.0037939876783639193,0.19912409782409668
1338,0.014491531997919083,0.05215565860271454,0.09745495766401291,-0.035299818962812424,2.9880571365356445,3.5990438144569397,1585.9881113898502,0.43852952122688293,0.45010650157928467,0.11130918562412262,0.1347121298313141,0.0031873101834207773,0.205063596367836
1339,0.014335954561829567,0.052120186388492584,0.10111884772777557,-0.11635485291481018,2.8943209648132324,3.635627202923091,1483.3008084935248,0.4659026563167572,0.41405877470970154,0.12000544369220734,0.13082246482372284,0.004275728017091751,0.21978572010993958
1340,0.015437417663633823,0.05628896877169609,0.10431615263223648,-0.13263753056526184,2.9669060707092285,3.646268436504809,1493.6613395132244,0.4606906473636627,0.4123428761959076,0.12690433859825134,0.13137167692184448,0.0032919927034527063,0.21833215653896332
1341,0.016094744205474854,0.06027453392744064,0.11417035758495331,-0.08291208744049072,3.051138162612915,3.744982408803517,1493.1856316467672,0.46600672602653503,0.41629812121391296,0.11769416928291321,0.13602733612060547,0.002798826666548848,0.2243545949459076
1342,0.015865614637732506,0.05492669343948364,0.10965174436569214,-0.022244689986109734,3.0186774730682373,3.4619959383982435,1464.8441182749282,0.47108346223831177,0.4227898120880127,0.10612215846776962,0.1362745463848114,0.0037527354434132576,0.23230567574501038
1343,0.01492445357143879,0.05263762176036835,0.10026723146438599,-0.1377255618572235,2.9936819076538086,3.5269379548726008,1506.5780022245697,0.47302985191345215,0.3990035653114319,0.12784694135189056,0.14407095313072205,0.004081770312041044,0.21901023387908936
1344,0.014684787020087242,0.051108457148075104,0.10054545104503632,-0.13461190462112427,3.0318045616149902,3.4803676127330787,1471.9518968016694,0.4979831278324127,0.36366987228393555,0.13832512497901917,0.14974230527877808,0.003645710414275527,0.2318156510591507
1345,0.01456028688699007,0.05223014950752258,0.1011919379234314,-0.10902903974056244,3.1032721996307373,3.5871648621569525,1423.5398984961357,0.5065382719039917,0.35531115531921387,0.1378784477710724,0.1410592794418335,0.0034577168989926577,0.25487592816352844
1346,0.01440337486565113,0.052403002977371216,0.09380600601434708,-0.19653870165348053,3.0446016788482666,3.6382447490624275,1458.9052470033891,0.4799094498157501,0.38867130875587463,0.13138851523399353,0.14045117795467377,0.0036030542105436325,0.23770099878311157
1347,0.013802989386022091,0.048580802977085114,0.0902862697839737,-0.10673853754997253,2.898980140686035,3.519585621268533,1495.2586580524755,0.4570089280605316,0.4240226745605469,0.11887143552303314,0.1439041793346405,0.00343742105178535,0.2132919430732727
1348,0.015051300637423992,0.04775161296129227,0.09340456873178482,-0.07265947759151459,2.9190189838409424,3.172590469649425,1476.124907984306,0.46948930621147156,0.39668264985084534,0.1338198482990265,0.1396813839673996,0.004070844501256943,0.21603801846504211
1349,0.014084476977586746,0.054174426943063736,0.09686019271612167,-0.15357829630374908,2.9902539253234863,3.8463925231606053,1492.0035208822837,0.4709016680717468,0.3922150135040283,0.13687226176261902,0.13290442526340485,0.004012109246104956,0.21818697452545166
1350,0.015553886070847511,0.059134047478437424,0.10759560763835907,-0.15508714318275452,2.9821014404296875,3.801882513815623,1499.3649634855367,0.46830299496650696,0.4053775370121002,0.12631922960281372,0.1379803866147995,0.004592697601765394,0.21785543859004974
1351,0.01419106125831604,0.048403725028038025,0.09319810569286346,-0.13379675149917603,2.920943021774292,3.4108601283263655,1464.8923278143693,0.47786787152290344,0.3988589942455292,0.12327155470848083,0.1372973620891571,0.004347002599388361,0.22741557657718658
1352,0.014663890935480595,0.06187615543603897,0.11018376797437668,-0.15192383527755737,3.0447771549224854,4.219627362482931,1476.9233316767104,0.4606819152832031,0.43505775928497314,0.10425989329814911,0.12848049402236938,0.004502176307141781,0.21026825904846191
1353,0.013540874235332012,0.05802137404680252,0.1050834059715271,-0.1024412214756012,3.1876673698425293,4.2849060580684855,1421.3358830999166,0.48646247386932373,0.4028235077857971,0.11070582270622253,0.13494060933589935,0.003797464305534959,0.21720993518829346
1354,0.01485944539308548,0.052424728870391846,0.10397370159626007,-0.058041058480739594,3.0090103149414062,3.528040749842421,1390.3115841603221,0.506679117679596,0.3692726492881775,0.12402484565973282,0.1406339704990387,0.004023474641144276,0.22316932678222656
1355,0.013867300935089588,0.060553986579179764,0.1076677218079567,-0.010470089502632618,3.1058554649353027,4.366674297922553,1451.4974794554455,0.48532089591026306,0.382232129573822,0.13244503736495972,0.14227844774723053,0.0033141840249300003,0.2333502471446991
1356,0.013654968701303005,0.05881161615252495,0.10739943385124207,0.00012216725735925138,3.233980655670166,4.3069755365023985,1474.654105428241,0.4709072411060333,0.40208014845848083,0.12700700759887695,0.13149577379226685,0.00409693643450737,0.2245136946439743
1357,0.01565253734588623,0.05860261246562004,0.11474207043647766,-0.10460111498832703,3.1106367111206055,3.743968863762392,1413.4900961552567,0.4771086871623993,0.41011178493499756,0.11277908831834793,0.1351822167634964,0.003430006094276905,0.22327345609664917
1358,0.015981145203113556,0.0542789064347744,0.10447286069393158,-0.09627791494131088,3.0070836544036865,3.3964340941475823,1411.8294836749815,0.4824579358100891,0.39433571696281433,0.12315788865089417,0.14591863751411438,0.003833336755633354,0.22056283056735992
1359,0.015964282676577568,0.05398913845419884,0.10273399949073792,-0.028560535982251167,2.9009222984313965,3.3818706135809413,1540.0920781255322,0.4525524377822876,0.41559094190597534,0.13185636699199677,0.13992594182491302,0.0038778106682002544,0.21611669659614563
1360,0.014930973760783672,0.05437532439827919,0.09908804297447205,-0.07069431245326996,2.767273426055908,3.6417801856604055,1498.5891322629495,0.47362446784973145,0.408798485994339,0.117576964199543,0.13546530902385712,0.0035505767446011305,0.2272341102361679
1361,0.013621254824101925,0.04919014498591423,0.09486985206604004,-0.10334517061710358,2.862365484237671,3.611278521510675,1464.789861110722,0.4813275635242462,0.3973286747932434,0.12134070694446564,0.13339439034461975,0.003534209681674838,0.22673581540584564
1362,0.014297016896307468,0.06136023625731468,0.10973571985960007,-0.0883578285574913,3.060417652130127,4.291820923067562,1480.264828626534,0.4710087180137634,0.4020717144012451,0.12690594792366028,0.1382938027381897,0.003936722408980131,0.21935677528381348
1363,0.014928055927157402,0.0652211531996727,0.10731814801692963,-0.14020457863807678,3.1790871620178223,4.369031943178355,1472.4735763461067,0.4701891243457794,0.38933733105659485,0.14025411009788513,0.1415836364030838,0.004301671404391527,0.2191111445426941
1364,0.013251383788883686,0.05475171282887459,0.10028433799743652,-0.13366353511810303,3.0562169551849365,4.131773231915062,1483.8213586832376,0.4671897292137146,0.37974026799201965,0.1527261584997177,0.14139129221439362,0.0031661924440413713,0.22082607448101044
1365,0.014903572387993336,0.06890664249658585,0.13508225977420807,-0.02511477842926979,3.2352054119110107,4.623498359861367,1579.9135153902464,0.44459789991378784,0.41229403018951416,0.14304423332214355,0.13769450783729553,0.0034606102854013443,0.21291349828243256
1366,0.015015785582363605,0.06860277056694031,0.13521462678909302,-0.03557071089744568,3.2607319355010986,4.568710054234336,1591.271619688356,0.4447789192199707,0.4162382185459137,0.138982892036438,0.12410203367471695,0.003939746413379908,0.22349607944488525
1367,0.013630937784910202,0.049776673316955566,0.09339846670627594,-0.1286066770553589,2.977482557296753,3.6517423891706025,1499.0536316811383,0.45811277627944946,0.427979975938797,0.11389769613742828,0.13267411291599274,0.00518672913312912,0.21875028312206268
1368,0.014311155304312706,0.05184932053089142,0.0992615595459938,-0.1321827620267868,2.9650349617004395,3.6230003395773003,1509.935785873097,0.4494088888168335,0.434112548828125,0.11637688428163528,0.1372489184141159,0.005044935271143913,0.20414990186691284
1369,0.014526459388434887,0.0541849210858345,0.1030707061290741,-0.1475229412317276,3.1175854206085205,3.730084505329858,1486.608643218101,0.4543752670288086,0.42102041840553284,0.1244286373257637,0.12746721506118774,0.004514782689511776,0.2113403081893921
1370,0.015702715143561363,0.05766905099153519,0.11167901754379272,-0.14888833463191986,3.1543407440185547,3.6725528331008968,1492.8107902895074,0.44965362548828125,0.42280957102775574,0.12749603390693665,0.13045619428157806,0.0030455279629677534,0.2229030728340149
1371,0.013381603173911572,0.04739291965961456,0.09165747463703156,-0.0953814908862114,2.9563708305358887,3.54164736766884,1464.5053633158507,0.46548739075660706,0.4123079180717468,0.12215938419103622,0.13845939934253693,0.004746354650706053,0.2302793711423874
1372,0.015018133446574211,0.05632391571998596,0.10397028177976608,-0.021007908508181572,3.009042501449585,3.7503938766161133,1457.5797184991136,0.4791102707386017,0.39677608013153076,0.12409906089305878,0.13813887536525726,0.003908909857273102,0.2303558886051178
1373,0.01586541347205639,0.05859673395752907,0.11185891926288605,-0.027714133262634277,3.127427101135254,3.693363180042021,1482.4661171688106,0.46315404772758484,0.40887564420700073,0.12792864441871643,0.13336262106895447,0.0031093538273125887,0.22022873163223267
1374,0.015194708481431007,0.06268806755542755,0.10982152819633484,-0.17840205132961273,3.2900590896606445,4.12565121785068,1486.8322650405858,0.45085063576698303,0.4198864698410034,0.12916341423988342,0.12994806468486786,0.00296701374463737,0.2126045525074005
1375,0.014074192382395267,0.056513942778110504,0.0993843674659729,-0.2249310314655304,3.2252907752990723,4.015430600819814,1529.1717608385077,0.4317540228366852,0.4393247961997986,0.12892122566699982,0.1323997974395752,0.0034416813869029284,0.19702477753162384
1376,0.015437059104442596,0.05477847158908844,0.10396748781204224,-0.11921007931232452,3.1192896366119385,3.548504363099534,1513.6404181833059,0.4335760176181793,0.4528994858264923,0.113304004073143,0.13328151404857635,0.003968044184148312,0.2074233740568161
1377,0.01409825123846531,0.050882209092378616,0.09566856175661087,-0.16615740954875946,3.197094440460205,3.609114934052514,1482.3118340400508,0.46779265999794006,0.409122496843338,0.12306994944810867,0.13154371082782745,0.003443049266934395,0.22834891080856323
1378,0.013794110156595707,0.05078883841633797,0.09116709232330322,-0.17224347591400146,2.9870588779449463,3.681922054854054,1455.143714910587,0.48073750734329224,0.39733755588531494,0.12190409749746323,0.14087504148483276,0.0038861772045493126,0.2260616421699524
1379,0.01469196006655693,0.05650155246257782,0.1094108447432518,0.0028186815325170755,2.919234275817871,3.845746394815327,1442.4438580173996,0.4789423942565918,0.3976885676383972,0.12327802926301956,0.14594517648220062,0.0037474283017218113,0.21359187364578247
1380,0.015282771550118923,0.05809042230248451,0.11492425203323364,0.02719096653163433,3.0834240913391113,3.801039759586764,1526.859318812986,0.4391016960144043,0.43908005952835083,0.12177029997110367,0.13032639026641846,0.004222256131470203,0.19811080396175385
1381,0.016583966091275215,0.061941150575876236,0.12257356941699982,-0.10244952887296677,3.0976200103759766,3.7350022444105413,1578.0404762657479,0.4146546423435211,0.45500537753105164,0.13030976057052612,0.11921246349811554,0.003241216531023383,0.19809706509113312
1382,0.014195354655385017,0.05419189855456352,0.10426823794841766,-0.11069224029779434,2.9786505699157715,3.8175797552326887,1559.1223189953032,0.4351752996444702,0.41234835982322693,0.1524759829044342,0.12808001041412354,0.003704241942614317,0.20935621857643127
1383,0.015452192164957523,0.058137841522693634,0.10464505106210709,0.003382008522748947,2.971238136291504,3.762433245606159,1560.9468359266696,0.4381901025772095,0.42207756638526917,0.13972873985767365,0.12938755750656128,0.0041085341945290565,0.20977783203125
1384,0.01526503637433052,0.06098047271370888,0.12072523683309555,-0.07442232221364975,3.0849125385284424,3.9947807010966603,1510.7000798845459,0.4538637697696686,0.4331773817539215,0.11294063925743103,0.13079580664634705,0.004354514181613922,0.20752163231372833
1385,0.015178127214312553,0.06230892241001129,0.10863901674747467,-0.11917154490947723,2.97749924659729,4.105178558995772,1475.0680370815094,0.46353352069854736,0.42604339122772217,0.11039885878562927,0.13406945765018463,0.0032110470347106457,0.21558572351932526
1386,0.016580956056714058,0.06785109639167786,0.11687758564949036,-0.05832382291555405,3.0242321491241455,4.092110017993268,1479.758566332534,0.4415317177772522,0.44922828674316406,0.1092272400856018,0.1265830546617508,0.004186340607702732,0.21582114696502686
1387,0.016480030491948128,0.06561299413442612,0.12745141983032227,0.006485471967607737,3.2370712757110596,3.981363636584422,1546.0347357246646,0.42361965775489807,0.44374600052833557,0.13252803683280945,0.12185091525316238,0.0032385566737502813,0.20595204830169678
1388,0.014745404943823814,0.056286636739969254,0.11025995016098022,-0.01651444286108017,3.1659555435180664,3.8172323480155055,1605.5499388129956,0.41089096665382385,0.4411434829235077,0.1476975977420807,0.12276814132928848,0.0028709452599287033,0.19155371189117432
1389,0.014249732717871666,0.04938751459121704,0.09775201976299286,-0.11500987410545349,3.0213558673858643,3.465855505192078,1552.5485864545194,0.4369370639324188,0.44056108593940735,0.12231159210205078,0.12670156359672546,0.002777035115286708,0.20604239404201508
1390,0.016475634649395943,0.05634598806500435,0.11152851581573486,-0.07472045719623566,3.143298625946045,3.419958578873333,1557.3184141771706,0.4385509490966797,0.43851351737976074,0.12271379679441452,0.12528927624225616,0.003204554319381714,0.21001584827899933
1391,0.015409871004521847,0.06177566573023796,0.11651511490345001,-0.03462726250290871,3.193579912185669,4.008837303576504,1552.1575209798727,0.42859652638435364,0.45320379734039307,0.11774074286222458,0.1210513710975647,0.003878155490383506,0.2072855830192566
1392,0.01625906303524971,0.06482059508562088,0.12242518365383148,-0.0054110148921608925,3.0686511993408203,3.9867361939063066,1553.8167679412156,0.41989362239837646,0.4696919023990631,0.11036252975463867,0.12068400532007217,0.0031937267631292343,0.1984943300485611
1393,0.01651119999587536,0.06325922906398773,0.12633857131004333,-0.03298425301909447,3.045067310333252,3.8312920366756598,1571.9976667769017,0.4100654423236847,0.47362637519836426,0.11629649996757507,0.12856419384479523,0.003355029271915555,0.19424794614315033
1394,0.016447216272354126,0.06534203886985779,0.12564603984355927,-0.108514204621315,3.143674373626709,3.9728327142944786,1586.179148335144,0.4071526825428009,0.481870174407959,0.11087781935930252,0.12296419590711594,0.003296153387054801,0.1975996047258377
1395,0.014801410026848316,0.06055835634469986,0.11131764948368073,-0.16238334774971008,3.128326892852783,4.091391038472787,1528.8049161432966,0.43542149662971497,0.46615511178970337,0.0983976349234581,0.12506312131881714,0.0038453962188214064,0.2037508487701416
1396,0.01644372195005417,0.05839843302965164,0.11612558364868164,-0.17417871952056885,3.059375762939453,3.55141209535642,1520.8530660183953,0.44218143820762634,0.44971421360969543,0.10808414965867996,0.13315993547439575,0.0035999242682009935,0.20871524512767792
1397,0.016545061022043228,0.058368634432554245,0.1108139157295227,-0.14969365298748016,3.0412886142730713,3.5278585162823517,1542.6595377902734,0.42482295632362366,0.46267569065093994,0.11248736083507538,0.13309156894683838,0.004193929489701986,0.19208407402038574
1398,0.015815047547221184,0.05623403936624527,0.10640081763267517,-0.04718060418963432,3.046182155609131,3.5557300219796217,1527.0016365140827,0.43063655495643616,0.4569440484046936,0.11233562976121902,0.1255619078874588,0.0036925782915204763,0.20006981492042542
1399,0.013743322342634201,0.046168290078639984,0.08775880932807922,-0.042542699724435806,2.9909768104553223,3.3593252726131952,1498.560011356078,0.44930896162986755,0.4354437291622162,0.11516351252794266,0.1302463710308075,0.004842208698391914,0.21152348816394806
1400,0.014631920494139194,0.04721450433135033,0.09005379676818848,-0.08725401014089584,2.9628257751464844,3.2268152596260515,1462.6261151879244,0.47116026282310486,0.4113360643386841,0.11749764531850815,0.1428384780883789,0.004830797202885151,0.22075672447681427
1401,0.015892481431365013,0.057159584015607834,0.10643035173416138,-0.004412843380123377,3.0147976875305176,3.596643120765423,1531.0590721019387,0.4378734230995178,0.4554065465927124,0.10670789331197739,0.12897861003875732,0.004589977208524942,0.21454985439777374
1402,0.0154580008238554,0.0559658445417881,0.10788489878177643,-0.010597540065646172,3.09061861038208,3.620509869025164,1510.4900762206205,0.4418368339538574,0.45714494585990906,0.10101404041051865,0.12555444240570068,0.0032975904177874327,0.22089111804962158
1403,0.01562598906457424,0.06063637137413025,0.11199933290481567,-0.017678232863545418,3.118244171142578,3.8804821326618484,1507.3562918933826,0.45500242710113525,0.4129087030887604,0.13208012282848358,0.1286647766828537,0.003626604564487934,0.22104664146900177
1404,0.016749130561947823,0.06518655270338058,0.12209274619817734,-0.05354619771242142,2.9696671962738037,3.8919365072946124,1500.232661758065,0.4565364122390747,0.4114726185798645,0.13198843598365784,0.1341642141342163,0.003053807420656085,0.22246810793876648
1405,0.016401192173361778,0.051215894520282745,0.10156670212745667,-0.040189892053604126,2.802069664001465,3.122693397882567,1459.101935603025,0.46736809611320496,0.42483383417129517,0.10768628120422363,0.1365138590335846,0.0035305877681821585,0.2169017344713211
1406,0.01631111651659012,0.05087139829993248,0.1004919484257698,0.03700944408774376,2.9222121238708496,3.118817663099403,1510.318237712123,0.4511599540710449,0.4352008104324341,0.1136004850268364,0.12927035987377167,0.004216939676553011,0.22030125558376312
1407,0.015407891944050789,0.06379736959934235,0.11803765594959259,0.018099986016750336,3.22281551361084,4.1405644475482495,1509.1140944825243,0.46383556723594666,0.409697562456131,0.12646672129631042,0.13683195412158966,0.0038653130177408457,0.23298366367816925
1408,0.015196239575743675,0.06160220503807068,0.11504106223583221,-0.0862201452255249,3.2150516510009766,4.053779537165674,1499.5466762603178,0.4649244248867035,0.4058375060558319,0.12922824919223785,0.1358882188796997,0.0032912702299654484,0.22137770056724548
1409,0.01410851813852787,0.05062156170606613,0.09440408647060394,-0.12908701598644257,2.9327728748321533,3.588014078122037,1464.346805554348,0.45927491784095764,0.42557260394096375,0.11512450873851776,0.13224178552627563,0.0034618088975548744,0.20470523834228516
1410,0.01452765241265297,0.04949476569890976,0.09250633418560028,-0.08399534225463867,2.779890298843384,3.4069348776816124,1463.6104101926153,0.4604516625404358,0.4264349043369293,0.11311332136392593,0.13853314518928528,0.004568676929920912,0.2074359804391861
1411,0.014256684109568596,0.047714799642562866,0.09026925265789032,-0.08497299253940582,2.7808566093444824,3.346837123731422,1463.574927477684,0.4737936854362488,0.40916040539741516,0.11704470217227936,0.1392415463924408,0.003674800042062998,0.22869864106178284
1412,0.015173974446952343,0.059623390436172485,0.1168733760714531,-0.08624621480703354,3.0180656909942627,3.929319285509828,1523.093303527052,0.4597361087799072,0.40801942348480225,0.1322399526834488,0.13435371220111847,0.004631798714399338,0.21348489820957184
1413,0.014570213854312897,0.05663859471678734,0.11148379743099213,-0.07905025780200958,3.07382869720459,3.887286437881252,1524.9130084575595,0.4623715281486511,0.39124685525894165,0.14636120200157166,0.13309799134731293,0.004005870316177607,0.22230345010757446
1414,0.015766162425279617,0.056044816970825195,0.11064184457063675,-0.04778195545077324,2.9701578617095947,3.5547532402309674,1479.305306529759,0.46762338280677795,0.4095623195171356,0.12278801947832108,0.13415537774562836,0.0037569014821201563,0.21888621151447296
1415,0.016141362488269806,0.06021181493997574,0.11378942430019379,-0.07461823523044586,2.958399534225464,3.7302808223284982,1501.2402269853028,0.44422078132629395,0.4447564482688904,0.11096179485321045,0.13018183410167694,0.003112778766080737,0.20526114106178284
1416,0.015425832942128181,0.05949672311544418,0.11001510918140411,-0.1209157407283783,3.1674389839172363,3.8569536785985012,1472.4808901513434,0.45657244324684143,0.4257509112358093,0.117430180311203,0.13076575100421906,0.005283600650727749,0.21985147893428802
1417,0.01416329201310873,0.05524350330233574,0.10136562585830688,-0.12660598754882812,3.070817232131958,3.9004705436635105,1491.9276800212374,0.46063870191574097,0.4179127812385559,0.12139739841222763,0.13542550802230835,0.004350040573626757,0.2307787537574768
1418,0.013637679629027843,0.048644546419382095,0.09447760879993439,0.022572489455342293,2.9295530319213867,3.5669225072771984,1511.8709124794423,0.4682370722293854,0.40432408452033997,0.12728014588356018,0.13906128704547882,0.004244467243552208,0.2175890952348709
1419,0.015828710049390793,0.056654248386621475,0.11034047603607178,0.052300337702035904,3.0944390296936035,3.5792081733926735,1507.6687245379487,0.4667102098464966,0.4115493893623352,0.12169168889522552,0.13696017861366272,0.004147958010435104,0.2167104184627533
1420,0.014502239413559437,0.049572478979825974,0.09855584800243378,-0.12367469817399979,3.0006496906280518,3.4182637289836753,1523.2778993429038,0.45092692971229553,0.42395099997520447,0.125076025724411,0.13104310631752014,0.003917923662811518,0.2137456238269806
1421,0.015052925795316696,0.05618377402424812,0.1059107631444931,-0.15564462542533875,2.9162700176239014,3.732415530673495,1482.0200874325367,0.4531553387641907,0.42543914914131165,0.12140503525733948,0.1311672329902649,0.0042266990058124065,0.22060230374336243
1422,0.015986386686563492,0.061374928802251816,0.11441154778003693,-0.05676495283842087,2.9073095321655273,3.8391995640889918,1432.9880263756736,0.46788620948791504,0.41223135590553284,0.11987122148275375,0.1387302279472351,0.003242981154471636,0.22560523450374603
1423,0.014438680373132229,0.05522971600294113,0.1048455685377121,-0.07483794540166855,2.9858617782592773,3.825122142179178,1507.062952814694,0.4631233215332031,0.39163434505462646,0.14523601531982422,0.13970591127872467,0.0035492959432303905,0.22341729700565338
1424,0.01364474929869175,0.0509842187166214,0.09611967206001282,-0.03570445626974106,2.9283294677734375,3.736544922651909,1584.2547858196747,0.4467277526855469,0.40518513321876526,0.1480846405029297,0.13716918230056763,0.0030756336636841297,0.2147762030363083
1425,0.016462000086903572,0.05275494605302811,0.10014130175113678,0.0697668194770813,2.8288228511810303,3.2046498463933872,1569.860805161707,0.4447871148586273,0.4201827347278595,0.1350049078464508,0.13093014061450958,0.003786160610616207,0.20530502498149872
1426,0.014565215446054935,0.057472676038742065,0.10389932990074158,0.0031533041037619114,2.987431049346924,3.9458857472899895,1562.32999185746,0.429238885641098,0.4524466097354889,0.11823199689388275,0.1249905377626419,0.003398024709895253,0.20448702573776245
1427,0.014838749542832375,0.05919543281197548,0.10545489192008972,-0.15723168849945068,3.2259809970855713,3.989246710925157,1520.2045831556043,0.4333325922489166,0.45873934030532837,0.10787827521562576,0.1276048868894577,0.004810734651982784,0.21006961166858673
1428,0.015598364174365997,0.06301403045654297,0.11095434427261353,-0.22408854961395264,3.2298343181610107,4.0397845407442805,1532.5013878398697,0.4521178901195526,0.4220801293849945,0.12576818466186523,0.13139759004116058,0.004585512913763523,0.22041234374046326
1429,0.01473983470350504,0.05395034700632095,0.09814142435789108,-0.1608855277299881,3.09128999710083,3.6601731354444382,1560.28428148547,0.458063542842865,0.41133373975753784,0.13060253858566284,0.14128172397613525,0.00402429373934865,0.21514341235160828
1430,0.015963181853294373,0.0576980896294117,0.107894167304039,-0.03851209953427315,3.0391812324523926,3.6144479312493654,1546.61694872022,0.4505615532398224,0.4366675615310669,0.11273188889026642,0.13668234646320343,0.0034621807280927896,0.21092189848423004
1431,0.016459887847304344,0.06453569233417511,0.12706422805786133,-0.06776689738035202,3.2162890434265137,3.920785665670463,1550.7710541623696,0.4422539174556732,0.44905421137809753,0.10867544263601303,0.12168341875076294,0.0038139938842505217,0.21487081050872803
1432,0.01566416583955288,0.06739237904548645,0.12776309251785278,-0.06364575028419495,3.3513901233673096,4.302327984233585,1547.8970018748214,0.4397256076335907,0.44244658946990967,0.11782670766115189,0.12680132687091827,0.0030575767159461975,0.21350142359733582
1433,0.015689672902226448,0.06645949184894562,0.11947368830442429,-0.03802187368273735,3.0146398544311523,4.2358749133182245,1580.4090765950523,0.41225162148475647,0.4652167558670044,0.1225161999464035,0.12498365342617035,0.0033579787705093622,0.18986640870571136
1434,0.014773636125028133,0.05168426036834717,0.09049035608768463,-0.1612568199634552,2.904904842376709,3.4984116251035884,1520.1699897593185,0.4364877939224243,0.4552302956581116,0.10822469741106033,0.12727217376232147,0.0037806907203048468,0.2071666419506073
1435,0.013704292476177216,0.06340140849351883,0.11190374940633774,-0.15303254127502441,3.104325532913208,4.626390497656551,1464.1906582972715,0.48883795738220215,0.3858332335948944,0.1251959353685379,0.14226798713207245,0.004646196495741606,0.23736277222633362
1436,0.015770327299833298,0.07334848493337631,0.1305469125509262,-0.12572093307971954,3.006152868270874,4.651043921548832,1439.3272325212156,0.49921688437461853,0.3618817627429962,0.13877688348293304,0.1478995829820633,0.0038019560743123293,0.2466471642255783
1437,0.013709149323403835,0.060095030814409256,0.09736791253089905,-0.2093508541584015,3.06860089302063,4.383571102215169,1444.6915151766489,0.4845474064350128,0.3923795223236084,0.12293878942728043,0.13991232216358185,0.003296696348115802,0.23409557342529297
1438,0.01378717366605997,0.05901876837015152,0.09978825598955154,-0.21562112867832184,3.254913091659546,4.280701019321889,1497.08635981211,0.45144861936569214,0.42688944935798645,0.1216617003083229,0.13341593742370605,0.003695343155413866,0.20249204337596893
1439,0.013967047445476055,0.05296541750431061,0.09419435262680054,-0.08959262818098068,3.0723378658294678,3.7921699419496138,1503.2676104315115,0.45233505964279175,0.4050905406475067,0.14243684709072113,0.13776946067810059,0.003364592557772994,0.2037210613489151
1440,0.0160088948905468,0.06033937633037567,0.10824015736579895,-0.048023052513599396,3.0087835788726807,3.7691156534631736,1521.5097060353457,0.4599074423313141,0.3947812616825104,0.14525403082370758,0.13703525066375732,0.004371702671051025,0.21167027950286865
1441,0.014374986290931702,0.05272191762924194,0.0986592173576355,-0.011000512167811394,3.063774824142456,3.6676151586198977,1584.175144689314,0.4335494339466095,0.42679890990257263,0.13954126834869385,0.12391271442174911,0.003955826163291931,0.2132653146982193
1442,0.015378112904727459,0.05284135416150093,0.10177524387836456,0.005613887682557106,2.9223151206970215,3.4361403434501105,1562.915591966723,0.44231942296028137,0.40999099612236023,0.14745184779167175,0.1340349018573761,0.0043831467628479,0.21604694426059723
1443,0.015386708080768585,0.053225450217723846,0.10425858199596405,-0.09035088121891022,2.77352237701416,3.459183727596006,1457.3849646906526,0.4811162054538727,0.3929608166217804,0.12583385407924652,0.1487850546836853,0.004173759371042252,0.23153461515903473
1444,0.013107295148074627,0.04517504945397377,0.08371312916278839,-0.14289666712284088,2.837580442428589,3.4465577329402795,1435.1535114917597,0.483685702085495,0.4077140986919403,0.108574278652668,0.14376157522201538,0.005382632836699486,0.23452703654766083
1445,0.016259418800473213,0.07548396289348602,0.12779754400253296,-0.14377327263355255,3.200526475906372,4.642476082026171,1561.489465059547,0.421949177980423,0.4677774906158447,0.11027153581380844,0.1248309314250946,0.0034780139103531837,0.20986537635326385
1446,0.014794557355344296,0.06980536133050919,0.1178593635559082,-0.055530477315187454,3.172041893005371,4.7183136101449366,1572.8138350061845,0.42899593710899353,0.4427421987056732,0.1281682401895523,0.12671039998531342,0.0037044414784759283,0.20323169231414795
1447,0.014185303822159767,0.043872393667697906,0.08656895160675049,0.028580226004123688,2.6873042583465576,3.0928060628542364,1473.9241724664448,0.4847443699836731,0.36069822311401367,0.15450942516326904,0.1447577327489853,0.004031466320157051,0.2343495488166809
1448,0.014508498832583427,0.05690532922744751,0.10143972188234329,-0.10758670419454575,2.893413782119751,3.922206554941878,1491.541716578972,0.4725916087627411,0.38190242648124695,0.14550380408763885,0.13696779310703278,0.003971547819674015,0.2317885309457779
1449,0.014798665419220924,0.05816750228404999,0.10334517061710358,-0.07545696943998337,3.025305986404419,3.9305910791502727,1524.4292337094864,0.45691943168640137,0.4217877686023712,0.12128622084856033,0.13143976032733917,0.00389986508525908,0.22168897092342377
1450,0.01610039919614792,0.05392168089747429,0.10169399529695511,-0.03169805929064751,2.8110177516937256,3.3490896863617,1491.8101499825161,0.4634685516357422,0.4210762679576874,0.11536671221256256,0.14136479794979095,0.003864506259560585,0.21177655458450317
1451,0.013522149063646793,0.05086677521467209,0.09394055604934692,-0.11715048551559448,3.074624538421631,3.7617374998225372,1474.666753622274,0.46762585639953613,0.3997691869735718,0.13259367644786835,0.1376560777425766,0.003297573421150446,0.21952882409095764
1452,0.014129217714071274,0.0516853891313076,0.10212046653032303,-0.09731803834438324,3.1802244186401367,3.658050302118009,1521.6720670028956,0.44980308413505554,0.4049067199230194,0.1452028900384903,0.1253460794687271,0.004214116837829351,0.2238283008337021
1453,0.014315338805317879,0.05081645026803017,0.09889926016330719,-0.030498353764414787,3.103675365447998,3.549790260332715,1566.3072626502183,0.4274934232234955,0.4445902109146118,0.12789228558540344,0.12642653286457062,0.0041305553168058395,0.20784825086593628
1454,0.01471922267228365,0.05208378657698631,0.10065104812383652,0.004548120312392712,3.1823482513427734,3.5384875773040507,1615.5151126697524,0.4149168133735657,0.45905059576034546,0.12603208422660828,0.12864826619625092,0.0027548798825591803,0.19474656879901886
1455,0.016524633392691612,0.062148839235305786,0.11746485531330109,-0.16443246603012085,3.0428895950317383,3.760981424194955,1486.368813531905,0.49386686086654663,0.3542761206626892,0.1516447514295578,0.12177091836929321,0.00348542258143425,0.2425137609243393
1456,0.014538561925292015,0.05475900322198868,0.10364620387554169,-0.14007200300693512,3.0379016399383545,3.7664662777245312,1539.137253514272,0.4820076823234558,0.3460562527179718,0.17171679437160492,0.11721497029066086,0.0029635794926434755,0.24609136581420898
1457,0.015998873859643936,0.05005725845694542,0.09839107096195221,-0.013063927181065083,2.763115167617798,3.1287988700306357,1461.2247299405444,0.4963076114654541,0.37893146276474,0.12460587918758392,0.12582416832447052,0.0035670651122927666,0.24357882142066956
1458,0.014150396920740604,0.05539758503437042,0.09784498810768127,-0.07743903249502182,2.9402568340301514,3.914913860066909,1431.387593899749,0.5057166218757629,0.37332871556282043,0.1209467351436615,0.1226050928235054,0.0035081438254565,0.24542547762393951
1459,0.014630589634180069,0.05693309009075165,0.09979625791311264,-0.08088040351867676,2.9851341247558594,3.8913735885157257,1434.0377854764915,0.5136007070541382,0.3537752032279968,0.13220469653606415,0.12224681675434113,0.003602174110710621,0.25721532106399536
1460,0.015864843502640724,0.06655551493167877,0.11232131719589233,-0.14182166755199432,3.0345799922943115,4.195157356352451,1463.7711351252367,0.5007271766662598,0.370153546333313,0.1290416419506073,0.1254749298095703,0.0041173598729074,0.2569967210292816
1461,0.015922604128718376,0.06575755774974823,0.11410199105739594,-0.19677487015724182,3.102672815322876,4.129824318562098,1426.8993976291717,0.504891037940979,0.38178467750549316,0.11330174654722214,0.13030850887298584,0.004032622091472149,0.2509698271751404
1462,0.016238057985901833,0.05790502578020096,0.10813909769058228,-0.1491914540529251,2.9432191848754883,3.566006835725622,1365.1631794449988,0.5260277986526489,0.3710227310657501,0.10294102132320404,0.13302300870418549,0.003984746988862753,0.2590610980987549
1463,0.014909662306308746,0.05291410908102989,0.09514588117599487,-0.1439189612865448,2.8186304569244385,3.548981056069344,1395.8451572879544,0.5216335654258728,0.3720187842845917,0.10634077340364456,0.1270637810230255,0.0040183644741773605,0.26941198110580444
1464,0.014790396206080914,0.04935252666473389,0.08947816491127014,-0.08276453614234924,2.7621896266937256,3.3367954430528592,1382.0630332268142,0.5308257341384888,0.35871902108192444,0.11043291538953781,0.13250499963760376,0.004931067116558552,0.25874096155166626
1465,0.015417728573083878,0.05951835215091705,0.10500817000865936,-0.09126546233892441,2.8374171257019043,3.8603839641439293,1418.6997859672576,0.5192008018493652,0.363037109375,0.11774182319641113,0.1304095834493637,0.004243750125169754,0.2592320740222931
1466,0.016122518107295036,0.06076071411371231,0.11068745702505112,-0.11421406269073486,2.8916544914245605,3.768686361868679,1487.2443692487943,0.4894446134567261,0.3940834105014801,0.11646158993244171,0.12304626405239105,0.004660291597247124,0.24931266903877258
1467,0.01624295860528946,0.05565965920686722,0.10639040172100067,-0.23615527153015137,3.0235209465026855,3.426694640797469,1443.2110208863558,0.5062115788459778,0.3689855933189392,0.12479701638221741,0.13114675879478455,0.0041526565328240395,0.26076897978782654
1468,0.014519945718348026,0.05226704105734825,0.10382221639156342,-0.1720813512802124,2.9693944454193115,3.5996719318104407,1354.8205692296565,0.530789852142334,0.3506172299385071,0.11859007924795151,0.1298246532678604,0.004619008861482143,0.27911439538002014
1469,0.015580199658870697,0.055584102869033813,0.10935322940349579,-0.007417846936732531,2.76011323928833,3.5676117175956086,1353.3975167123704,0.5262861847877502,0.38254979252815247,0.09115957468748093,0.12641717493534088,0.0032486317213624716,0.27210551500320435
1470,0.01414201594889164,0.0462169423699379,0.08785590529441833,-0.03356821835041046,2.757120132446289,3.2680589905777913,1423.4645365994052,0.5083003044128418,0.3883744478225708,0.10331537574529648,0.12381855398416519,0.0032843700610101223,0.255620539188385
1471,0.01569281704723835,0.0586845725774765,0.10724790394306183,-0.07518415153026581,2.7868618965148926,3.7395817715254855,1376.9482240810946,0.5360143184661865,0.3379571735858917,0.1260150969028473,0.13120037317276,0.0036231838166713715,0.2722526490688324
1472,0.014559229835867882,0.05415474623441696,0.09928205609321594,-0.11798382550477982,2.813652753829956,3.719616136375744,1318.6828368117506,0.5518870949745178,0.332598477602005,0.11551173031330109,0.13806629180908203,0.0042885406874120235,0.28099706768989563
1473,0.013753826729953289,0.04769573733210564,0.09034022688865662,-0.15333685278892517,3.054149627685547,3.4678157770277367,1447.0629695773137,0.5067880749702454,0.36494436860084534,0.12821811437606812,0.12430241703987122,0.0039040138944983482,0.26386433839797974
1474,0.015711018815636635,0.06078962981700897,0.10972815752029419,-0.1761743128299713,3.1184568405151367,3.869235377188774,1460.6232693531076,0.4988535940647125,0.3794191777706146,0.1217069998383522,0.12484440952539444,0.003304736688733101,0.251682847738266
1475,0.013557826168835163,0.052598923444747925,0.09173953533172607,-0.17352528870105743,2.9320712089538574,3.87959860126953,1392.414406693835,0.5086360573768616,0.39595577120780945,0.0954078659415245,0.1295015960931778,0.004195775371044874,0.25147518515586853
1476,0.015058557502925396,0.053826894611120224,0.09958726167678833,-0.14540724456310272,2.894197940826416,3.574505366605591,1462.5706486610004,0.4805684983730316,0.40756458044052124,0.11174556612968445,0.1243632435798645,0.0041882069781422615,0.24910424649715424
1477,0.016779378056526184,0.07666046917438507,0.12561900913715363,-0.18745017051696777,3.134894847869873,4.568731267128221,1501.7562933069162,0.4733763039112091,0.40445029735565186,0.12217284739017487,0.11921586841344833,0.004403066821396351,0.23694485425949097
1478,0.016444824635982513,0.07612143456935883,0.1264643371105194,-0.20162810385227203,3.321913719177246,4.628899136946131,1512.3695592642084,0.4814193546772003,0.38941460847854614,0.12904973328113556,0.11942607164382935,0.004158680327236652,0.24364596605300903
1479,0.014078797772526741,0.05317087098956108,0.09690830111503601,-0.1632760912179947,3.1556732654571533,3.7766627410148366,1446.9798032118913,0.5021736025810242,0.3807959258556366,0.11702193319797516,0.12739244103431702,0.0046422467567026615,0.2581561207771301
1480,0.014436998404562473,0.056416165083646774,0.10297426581382751,-0.1243959292769432,3.006132125854492,3.907748930824154,1449.2283387656953,0.4965864419937134,0.4000973403453827,0.10330679267644882,0.12519192695617676,0.0037980168126523495,0.26732921600341797
1481,0.016382548958063126,0.05729593336582184,0.11137911677360535,-0.06251911073923111,2.8911962509155273,3.4973759888643388,1518.0098460714291,0.4740408957004547,0.4147672653198242,0.1111624613404274,0.12010814994573593,0.0042747692205011845,0.2430662363767624
1482,0.014551111496984959,0.04869171231985092,0.09685100615024567,-0.09650684893131256,2.822727918624878,3.3462538120605947,1452.6802674196024,0.49570542573928833,0.38676732778549194,0.11751064658164978,0.1312027871608734,0.0038773571141064167,0.24929100275039673
1483,0.014422695152461529,0.062021464109420776,0.1108972355723381,-0.12639035284519196,3.0375678539276123,4.300268670279373,1486.560771212996,0.4755941331386566,0.39034923911094666,0.13404029607772827,0.12153476476669312,0.003858779789879918,0.2434190809726715
1484,0.015815749764442444,0.0643852949142456,0.11611128598451614,-0.07360797375440598,2.9769070148468018,4.070960648032512,1543.7163273183842,0.45571669936180115,0.4016646444797516,0.14256766438484192,0.11414239555597305,0.0033559859730303288,0.23592054843902588
1485,0.014018741436302662,0.05546930432319641,0.10644034296274185,-0.033495187759399414,2.8815758228302,3.9567963052373143,1466.054383571513,0.4922265112400055,0.3743594288825989,0.13340960443019867,0.12057963013648987,0.0038478407077491283,0.24886618554592133
1486,0.01653161086142063,0.06417763978242874,0.12821468710899353,-0.016566840931773186,2.9777767658233643,3.882116529146971,1477.8345773157141,0.480927050113678,0.3879297971725464,0.13114212453365326,0.11993973702192307,0.0035563851706683636,0.24747948348522186
1487,0.016438797116279602,0.06405793130397797,0.11634811758995056,-0.12554919719696045,2.942316770553589,3.896752958684771,1451.6641597807027,0.488372266292572,0.39633557200431824,0.11524342000484467,0.12500333786010742,0.004357167053967714,0.2541855573654175
1488,0.013662838377058506,0.04903798550367355,0.09092201292514801,-0.23363174498081207,2.8994343280792236,3.5891506688994346,1364.695027172376,0.5277026891708374,0.3795492649078369,0.09272851049900055,0.13168708980083466,0.004640334285795689,0.27097001671791077
1489,0.01648905873298645,0.061502840369939804,0.12081398814916611,-0.1319655030965805,3.052907943725586,3.729918205893289,1431.2661101173467,0.501837432384491,0.39279836416244507,0.10536414384841919,0.12786106765270233,0.004077066667377949,0.2542550265789032
1490,0.015457993373274803,0.058316219598054886,0.11406973004341125,-0.11853180080652237,3.067718982696533,3.7725607836722683,1418.6453904845644,0.5099695920944214,0.3672850430011749,0.12274068593978882,0.12988416850566864,0.0033365117851644754,0.256100594997406
1491,0.013119557872414589,0.04908907786011696,0.09085308015346527,-0.1899019330739975,2.9518234729766846,3.7416716579749107,1336.7600456936916,0.5394530892372131,0.3509996235370636,0.10954422503709793,0.13419800996780396,0.0036234864965081215,0.2791823446750641
1492,0.015465550124645233,0.05685098096728325,0.10649518668651581,-0.14012598991394043,2.8582370281219482,3.6759753455528235,1322.085920630686,0.5476247668266296,0.35062476992607117,0.10158887505531311,0.13985341787338257,0.004974527284502983,0.27720507979393005
1493,0.013215453363955021,0.04575841873884201,0.08531007170677185,-0.12333432585000992,2.724867582321167,3.4624933004708724,1346.343879396505,0.5449020862579346,0.34908029437065125,0.10597684234380722,0.1419050097465515,0.005116602405905724,0.2747146487236023
1494,0.014087452553212643,0.0423467680811882,0.08468133956193924,-0.0978325679898262,2.713768482208252,3.005991886625736,1401.3786747788924,0.52449631690979,0.3479553163051605,0.1274791806936264,0.13518117368221283,0.005110610742121935,0.2703229784965515
1495,0.015188568271696568,0.06202424690127373,0.10704801976680756,-0.06331416219472885,2.9040162563323975,4.083613793458755,1409.5222453792762,0.531409502029419,0.32023948431015015,0.1483330875635147,0.1293620765209198,0.004582613706588745,0.2766933739185333
1496,0.013554408214986324,0.05590829253196716,0.09573398530483246,-0.17540352046489716,2.958735704421997,4.124731352419198,1336.999615708669,0.5494747161865234,0.3243386447429657,0.1261671781539917,0.1383907049894333,0.0045903585851192474,0.27585673332214355
1497,0.013244101777672768,0.05216683819890022,0.09369558840990067,-0.18493565917015076,2.9285480976104736,3.9388732486868596,1296.9226158400452,0.5550690293312073,0.3420521318912506,0.10284779220819473,0.1391109973192215,0.004809101112186909,0.29233643412590027
1498,0.015470183454453945,0.06099313497543335,0.1100638285279274,-0.08506639301776886,2.8296878337860107,3.942625189356141,1338.8164551930563,0.5472228527069092,0.34433266520500183,0.10831087827682495,0.1306404024362564,0.005250747315585613,0.28731614351272583
1499,0.015406466089189053,0.06371477991342545,0.1183558776974678,-0.0849301740527153,3.030803680419922,4.135586937357391,1399.8511806845454,0.5149567127227783,0.37168088555336,0.11334887892007828,0.12903068959712982,0.0038671379443258047,0.263557493686676
1500,0.014198272489011288,0.06446105986833572,0.1227053850889206,-0.16392864286899567,3.21380877494812,4.540063582642544,1462.2186938206817,0.4801141023635864,0.40428632497787476,0.11558117717504501,0.12176361680030823,0.0038145803846418858,0.23959816992282867
1501,0.016021134331822395,0.07392764091491699,0.1222613975405693,-0.18845245242118835,3.0353684425354004,4.614382438792858,1493.5449656927128,0.4708752930164337,0.3923620879650116,0.1367434859275818,0.12030411511659622,0.003648720681667328,0.2453625351190567
1502,0.013504674658179283,0.05205109342932701,0.0949118584394455,-0.06061650440096855,2.926356792449951,3.8543019171474286,1437.2329948131978,0.5065613985061646,0.35985875129699707,0.13351799547672272,0.12773172557353973,0.003733512246981263,0.2646641135215759
1503,0.014868718571960926,0.053710561245679855,0.10397057235240936,0.004389922134578228,2.9495952129364014,3.6123194465025135,1458.7577330326137,0.5066475868225098,0.35114648938179016,0.14220233261585236,0.12323292344808578,0.0034189086873084307,0.2568993866443634
1504,0.015256855636835098,0.05450590327382088,0.10886475443840027,-0.06715478003025055,2.980604410171509,3.572551551097661,1455.6864935855344,0.5021868348121643,0.3669198751449585,0.1308705061674118,0.12247240543365479,0.0038998329546302557,0.2530667185783386
1505,0.015619689598679543,0.055962931364774704,0.10506721585988998,-0.10554996877908707,2.8851139545440674,3.5828452932843717,1388.506774317407,0.5158650279045105,0.38078898191452026,0.10334211587905884,0.12201081961393356,0.0038202148862183094,0.25930577516555786
1506,0.01624452695250511,0.056920893490314484,0.10897571593523026,-0.0602433979511261,2.8373119831085205,3.5040043734873154,1430.8873870159418,0.5037712454795837,0.3657236397266388,0.13050243258476257,0.12276873737573624,0.0032559004612267017,0.25026512145996094
1507,0.013643810525536537,0.04819745570421219,0.09484957158565521,-0.02719593048095703,3.035273790359497,3.532550940257527,1414.855845285438,0.5122603178024292,0.3545496463775635,0.13313506543636322,0.1325346976518631,0.004649618174880743,0.25133320689201355
1508,0.013674802146852016,0.047443706542253494,0.0911870002746582,-0.12856000661849976,3.0119693279266357,3.4694254461082465,1409.2562437413821,0.5063080787658691,0.3802052140235901,0.11348557472229004,0.13150209188461304,0.004962580278515816,0.25031766295433044
1509,0.01597372442483902,0.05152241140604019,0.0987781211733818,-0.13641761243343353,2.7897210121154785,3.225447618383712,1392.4782112523849,0.5221080183982849,0.3560706377029419,0.12172757089138031,0.13675929605960846,0.00584038533270359,0.2626088857650757
1510,0.014171137474477291,0.06065552309155464,0.11151515692472458,-0.007481366395950317,2.9329147338867188,4.280215557609057,1383.4467821693866,0.5399025082588196,0.32476189732551575,0.1352596879005432,0.13088646531105042,0.004594156052917242,0.2798900902271271
1511,0.01409361232072115,0.05637826770544052,0.1072784960269928,-0.07078596949577332,3.0640974044799805,4.000270932566383,1458.413209790513,0.4972277283668518,0.36445149779319763,0.13825522363185883,0.12123393267393112,0.004276137799024582,0.2493196576833725
1512,0.016086798161268234,0.05869787931442261,0.10687756538391113,-0.09826885908842087,3.061185359954834,3.648823011411876,1479.6985550237666,0.48257356882095337,0.38316068053245544,0.1342412233352661,0.11859146505594254,0.0038682546000927687,0.24623525142669678
1513,0.014894921332597733,0.05283249914646149,0.09926214814186096,-0.10858327150344849,2.9223952293395996,3.547014312005116,1414.9426737371004,0.5201667547225952,0.35075056552886963,0.12907126545906067,0.12343079596757889,0.004995637107640505,0.2658531069755554
1514,0.014030487276613712,0.04842314124107361,0.09295300394296646,-0.1047782450914383,2.7792553901672363,3.451280079084278,1407.0762144648559,0.5264686942100525,0.3343619406223297,0.13915874063968658,0.13130515813827515,0.0033161151222884655,0.2697984278202057
1515,0.016294308006763458,0.05884701758623123,0.11477501690387726,-0.039320431649684906,2.8534746170043945,3.6115076232874355,1415.8947653544365,0.5237255096435547,0.3440527617931366,0.13220225274562836,0.12654347717761993,0.0036517849657684565,0.2689977288246155
1516,0.014128502458333969,0.052247509360313416,0.09698287397623062,-0.06313373148441315,2.9165894985198975,3.698021747930984,1407.3566389410814,0.5201951265335083,0.35025662183761597,0.12950845062732697,0.12576580047607422,0.0033605967182666063,0.26956552267074585
1517,0.014695907011628151,0.05009321868419647,0.09856323897838593,-0.12233495712280273,2.93649959564209,3.4086510374045993,1452.736131407184,0.5046574473381042,0.3536636233329773,0.14160476624965668,0.1281505525112152,0.00341483810916543,0.2517552673816681
1518,0.014666151255369186,0.06417424231767654,0.11230171471834183,-0.23810893297195435,3.116032361984253,4.375670289763791,1461.2455845256034,0.5078961849212646,0.3749687969684601,0.11713352799415588,0.12753373384475708,0.0031444826163351536,0.2536591589450836
1519,0.013420809991657734,0.060629330575466156,0.10422613471746445,-0.24835045635700226,3.1266589164733887,4.517561205965608,1370.615424892643,0.5399323105812073,0.3573393225669861,0.10268837958574295,0.1317712962627411,0.0036794377956539392,0.27945542335510254
1520,0.01582998037338257,0.059456005692481995,0.11511412262916565,-0.14250561594963074,2.9223408699035645,3.755911522714128,1406.9142284137624,0.5293292999267578,0.35278087854385376,0.11783312261104584,0.12864923477172852,0.003707238705828786,0.27546676993370056
1521,0.014991503208875656,0.061367105692625046,0.11119704693555832,-0.16895592212677002,3.053471326828003,4.093459130382565,1515.3571631957825,0.4766434133052826,0.39802446961402893,0.12519600987434387,0.11573349684476852,0.0030236192978918552,0.24251040816307068
1522,0.016481520608067513,0.06842710077762604,0.11803209781646729,-0.16393178701400757,2.9965479373931885,4.151746820010044,1441.087393663322,0.49612393975257874,0.36805427074432373,0.13571685552597046,0.12604328989982605,0.004661910235881805,0.24721986055374146
1523,0.01557393092662096,0.05133480578660965,0.10136930644512177,-0.10978462547063828,2.7748355865478516,3.2962009415083133,1447.0839160469825,0.5093823075294495,0.3485071659088135,0.14210587739944458,0.13080278038978577,0.0036194887943565845,0.26383790373802185
1524,0.01585402339696884,0.07541491836309433,0.1253949999809265,-0.18543170392513275,3.10819673538208,4.756831529134504,1494.375987252243,0.48732274770736694,0.39088156819343567,0.12176734954118729,0.12243130803108215,0.004408720880746841,0.23618154227733612
1525,0.013826645910739899,0.06777190417051315,0.10715679824352264,-0.24244219064712524,3.1749300956726074,4.9015433390804874,1433.074639166947,0.500798225402832,0.3992142081260681,0.09996435046195984,0.12659534811973572,0.0038706844206899405,0.24795983731746674
1526,0.014218972995877266,0.052690353244543076,0.09988898038864136,-0.0631583034992218,2.8492770195007324,3.7056370566365655,1361.4490256612282,0.5269214510917664,0.37975549697875977,0.09332313388586044,0.13436925411224365,0.0041813841089606285,0.26276594400405884
1527,0.013408826664090157,0.04852850362658501,0.09445340931415558,-0.01210751011967659,2.8515801429748535,3.6191461668252325,1393.586938164975,0.5179958939552307,0.3786992132663727,0.10321135073900223,0.13122572004795074,0.004326009191572666,0.2589159309864044
1528,0.013917583972215652,0.046993255615234375,0.08927977830171585,-0.1283343881368637,2.9181501865386963,3.376538320564313,1426.6705704111391,0.5034593939781189,0.3807046413421631,0.11563565582036972,0.12830373644828796,0.004622149281203747,0.25343555212020874
1529,0.015307829715311527,0.05462534725666046,0.10900691151618958,-0.16127604246139526,3.0397555828094482,3.568457989734068,1433.7760749366046,0.4932507276535034,0.393707275390625,0.11274885386228561,0.12800174951553345,0.003642505733296275,0.24928656220436096
1530,0.016569433733820915,0.058282289654016495,0.11642462015151978,-0.032640449702739716,2.9028875827789307,3.517458145327887,1450.8478231199128,0.4930693209171295,0.37701621651649475,0.12991440296173096,0.11809729784727097,0.0038600147236138582,0.2480117529630661
1531,0.014026758261024952,0.05005752667784691,0.09675747156143188,0.024194961413741112,2.8831093311309814,3.568716715776666,1412.2748751637525,0.5219213366508484,0.3405720591545105,0.13745319843292236,0.12605811655521393,0.003154405392706394,0.2657034397125244
1532,0.016592515632510185,0.05497882142663002,0.10879704356193542,-0.0884251669049263,2.9778292179107666,3.313471124028655,1402.2117391759366,0.5289729833602905,0.3442436754703522,0.1267443597316742,0.13095960021018982,0.0037710354663431644,0.2537190318107605
1533,0.015243672765791416,0.057476963847875595,0.10710124671459198,-0.1235346719622612,2.924426317214966,3.7705456373407644,1423.1410840328213,0.5194522142410278,0.35125747323036194,0.12928900122642517,0.12752580642700195,0.003969925921410322,0.26115113496780396
1534,0.015021144412457943,0.056020092219114304,0.09903649240732193,-0.10936860740184784,2.906794548034668,3.7294157274011717,1440.4095957537788,0.5015381574630737,0.37770482897758484,0.12065596878528595,0.12678827345371246,0.004453790374100208,0.2553037106990814
1535,0.015850191935896873,0.056867409497499466,0.10488364100456238,-0.0942673459649086,2.935351610183716,3.5878057328202226,1476.3503933087827,0.47955355048179626,0.40257835388183594,0.11778028309345245,0.11785978078842163,0.0038807496894150972,0.23459620773792267
1536,0.01726270280778408,0.06174030154943466,0.11521540582180023,-0.10342054814100266,2.9256532192230225,3.5765141897720834,1449.241233958166,0.49755698442459106,0.3718256652355194,0.1305772066116333,0.12123734503984451,0.0036991273518651724,0.2503044903278351
1537,0.015576413832604885,0.05853433907032013,0.10796009004116058,-0.0843573659658432,3.010822296142578,3.757882892404727,1395.362273019749,0.5201725959777832,0.35549408197402954,0.1243176981806755,0.12971270084381104,0.00470781372860074,0.27067095041275024
1538,0.014941961504518986,0.05258626863360405,0.10403205454349518,-0.11065017431974411,3.136263370513916,3.519368498853427,1445.5607476786004,0.5010560154914856,0.3751242458820343,0.1238197311758995,0.12348007410764694,0.003581512486562133,0.24855779111385345
1539,0.014743329025804996,0.052864063531160355,0.10365404933691025,-0.13707883656024933,3.0345940589904785,3.5856259759954936,1471.9437448448084,0.49468567967414856,0.37190568447113037,0.13340838253498077,0.12785902619361877,0.005341399926692247,0.23522229492664337
1540,0.016849104315042496,0.05969841405749321,0.11788354068994522,-0.05568358302116394,2.960921049118042,3.5431209242768302,1549.560713459699,0.475506454706192,0.3775463402271271,0.14670918881893158,0.1226094588637352,0.004087436478585005,0.2416047900915146
1541,0.016092844307422638,0.055898576974868774,0.11033773422241211,-0.022649923339486122,2.919755220413208,3.473505112182854,1496.2898526080714,0.491641640663147,0.3820832371711731,0.12610697746276855,0.12497445195913315,0.003407842479646206,0.2459755688905716
1542,0.01586521416902542,0.05359802022576332,0.10479000955820084,-0.09852787852287292,2.8563363552093506,3.378335750867298,1324.6104102988563,0.5523881316184998,0.3378996253013611,0.10971147567033768,0.13477951288223267,0.0040336414240300655,0.28227993845939636
1543,0.014797672629356384,0.058512575924396515,0.10180903226137161,-0.1820831149816513,2.9652259349823,3.954174239830261,1359.2579518084033,0.543474018573761,0.3480517566204071,0.10839437693357468,0.12951992452144623,0.005279053933918476,0.27318018674850464
1544,0.013835335150361061,0.054741498082876205,0.09816749393939972,-0.13705311715602875,2.9410512447357178,3.956644163946471,1391.2493380566655,0.5218062996864319,0.37709537148475647,0.10105524212121964,0.13029706478118896,0.0043259793892502785,0.2602953016757965
1545,0.015737831592559814,0.0601358637213707,0.1134728342294693,-0.10312075167894363,3.042125940322876,3.821102250578111,1398.4679888407863,0.5171024799346924,0.3518095314502716,0.13097482919692993,0.1257365494966507,0.00492197647690773,0.2572701871395111
1546,0.013862422667443752,0.052087925374507904,0.0980217307806015,-0.17239773273468018,3.033268690109253,3.7574907806757483,1391.4278356443988,0.5235224962234497,0.340993195772171,0.13507434725761414,0.1252020001411438,0.003254030831158161,0.26946017146110535
1547,0.016351617872714996,0.06316808611154556,0.1195705458521843,-0.1276368349790573,2.9219233989715576,3.863109240895814,1357.206132761773,0.5352951884269714,0.3572118282318115,0.10737088322639465,0.12552009522914886,0.004030605778098106,0.2621781826019287
1548,0.014478514902293682,0.05625393986701965,0.10798043012619019,-0.0022160373628139496,2.956061601638794,3.8853390864157333,1373.3859043456632,0.5321454405784607,0.35107699036598206,0.11676833033561707,0.12354407459497452,0.00449293153360486,0.26079925894737244
1549,0.014661133289337158,0.0537896454334259,0.10576187074184418,-0.06955939531326294,3.021199941635132,3.6688599965786763,1408.9834870384457,0.5171418190002441,0.35011571645736694,0.13261574506759644,0.1312040239572525,0.004195328801870346,0.2591714560985565
1550,0.015580827370285988,0.05567261204123497,0.10449563711881638,-0.1360132396221161,3.0181665420532227,3.5731486341883487,1410.494288817653,0.5071912407875061,0.3763699233531952,0.11643540114164352,0.1250278502702713,0.004126886837184429,0.2580774128437042
1551,0.013901733793318272,0.04895194619894028,0.09176258742809296,-0.08650616556406021,2.8580751419067383,3.5212835264438205,1402.7998435760987,0.5062406063079834,0.3928442597389221,0.10090626031160355,0.12119372934103012,0.0041014328598976135,0.26294857263565063
1552,0.015090885572135448,0.0563645213842392,0.10480331629514694,-0.1087016835808754,2.786106824874878,3.7350042256352673,1411.8608961574223,0.49979865550994873,0.40505245327949524,0.0951482504606247,0.124485082924366,0.005440660752356052,0.25085514783859253
1553,0.013887133449316025,0.05294758081436157,0.09769868850708008,-0.0937795490026474,2.855516195297241,3.8127077127754294,1407.2930434634907,0.5102003216743469,0.3823114335536957,0.1074395403265953,0.12747935950756073,0.0043158624321222305,0.255420446395874
1554,0.014092566445469856,0.05004911497235298,0.09850186109542847,-0.09113507717847824,3.1058108806610107,3.551454957651814,1387.541855154195,0.5248773097991943,0.3649730682373047,0.11014902591705322,0.13349208235740662,0.004428866319358349,0.2555745244026184
1555,0.013667860068380833,0.05355679616332054,0.10152250528335571,-0.10724004358053207,3.1124074459075928,3.918447795884313,1362.8913157727347,0.5358791351318359,0.35077762603759766,0.11334291845560074,0.12954477965831757,0.004546495154500008,0.26046451926231384
1556,0.014419293962419033,0.055473338812589645,0.10580407083034515,-0.035725031048059464,2.85099458694458,3.8471605442903445,1375.023512408815,0.5274302363395691,0.34135356545448303,0.13119982182979584,0.12937726080417633,0.004568695556372404,0.25602203607559204
1557,0.015506499446928501,0.05304114893078804,0.10460321605205536,-0.05577099695801735,2.873561382293701,3.420575295469008,1459.8019896231706,0.4891810715198517,0.38322943449020386,0.12758895754814148,0.12239624559879303,0.003403977258130908,0.25022467970848083
1558,0.014466395601630211,0.05189141631126404,0.09498638659715652,-0.13218531012535095,3.092048168182373,3.5870314718774448,1525.3742464596523,0.4658259153366089,0.3927854895591736,0.14138834178447723,0.11856187134981155,0.004266746807843447,0.23844362795352936
1559,0.014442631043493748,0.0593971312046051,0.10173541307449341,-0.09478425979614258,3.08609676361084,4.112625395028024,1552.829703272175,0.459484338760376,0.410447359085083,0.1300661265850067,0.11432773619890213,0.0044677783735096455,0.22793692350387573
1560,0.015140647999942303,0.06379576027393341,0.10595400631427765,-0.02041705697774887,2.9516141414642334,4.213542265163484,1454.4937782301326,0.4990479648113251,0.3893951177597046,0.11154450476169586,0.12014290690422058,0.003931608982384205,0.24340790510177612
1561,0.015338165685534477,0.04908691719174385,0.0976749137043953,0.012947465293109417,2.8767011165618896,3.200312096956791,1385.0583139528849,0.5223038196563721,0.3499894142150879,0.12762299180030823,0.12921299040317535,0.003710258286446333,0.2620958685874939
1562,0.01644008979201317,0.06510418653488159,0.11654187738895416,-0.01721184141933918,3.0682265758514404,3.960087040555585,1468.7309371861263,0.4881141185760498,0.37891221046447754,0.1328975260257721,0.11900070309638977,0.003787056775763631,0.23803158104419708
1563,0.015405590645968914,0.06275847554206848,0.11124292016029358,-0.10753533989191055,3.1047425270080566,4.073746796226626,1470.0132729321429,0.4909372627735138,0.39505982398986816,0.11399488151073456,0.1173609048128128,0.00347027531825006,0.2470056563615799
1564,0.01602144166827202,0.06711445748806,0.1143324077129364,-0.11859678477048874,2.868790626525879,4.189039842574264,1391.736651341497,0.5290835499763489,0.3512681722640991,0.1196453645825386,0.1260712593793869,0.004804449621587992,0.2634228467941284
1565,0.015808094292879105,0.05317310616374016,0.09902139753103256,-0.059101711958646774,2.854111433029175,3.3636632711843575,1345.1914999734045,0.5598170161247253,0.30915313959121704,0.13101409375667572,0.1308046132326126,0.004157463554292917,0.2773682475090027
1566,0.014482049271464348,0.04917160049080849,0.09142544865608215,-0.1437680870294571,2.9121646881103516,3.3953482387538627,1396.8269178447501,0.5342650413513184,0.3272530138492584,0.13845637440681458,0.13301639258861542,0.003910742700099945,0.2673896551132202
1567,0.016065509989857674,0.05579349771142006,0.10038033872842789,-0.21596123278141022,2.909990072250366,3.47287435899453,1401.6585325731592,0.5162211060523987,0.3604903519153595,0.12325616925954819,0.13202421367168427,0.0049696313217282295,0.24585673213005066
1568,0.014100966975092888,0.054803550243377686,0.10097300261259079,-0.1116524487733841,2.928802967071533,3.886510076670126,1370.6125201361785,0.5264015793800354,0.35445326566696167,0.11900695413351059,0.12784713506698608,0.0037786050233989954,0.2594551742076874
1569,0.015254457481205463,0.060136113315820694,0.10890553891658783,-0.06519588083028793,2.9970996379852295,3.9421994119404316,1436.289612363325,0.5050104856491089,0.3540218770503998,0.14082832634449005,0.12342063337564468,0.004436553455889225,0.25333210825920105
1570,0.015555555932223797,0.06138638034462929,0.11112087219953537,-0.18603378534317017,3.047586679458618,3.9462672120588955,1464.8301425875259,0.49407339096069336,0.37879830598831177,0.12712416052818298,0.12372179329395294,0.004620854742825031,0.24642027914524078
1571,0.015464567579329014,0.058733850717544556,0.10684303939342499,-0.14143429696559906,2.902311086654663,3.7979626919703997,1432.060948137428,0.5005740523338318,0.38661113381385803,0.11281019449234009,0.12749503552913666,0.005021061282604933,0.24544323980808258
1572,0.014228995889425278,0.058405980467796326,0.102715402841568,-0.11617585271596909,2.8822505474090576,4.104715534221064,1431.3510098774927,0.5014766454696655,0.3823128044605255,0.1161382794380188,0.11813686788082123,0.003814810188487172,0.25680217146873474
1573,0.01541296299546957,0.06277631223201752,0.10461217910051346,-0.15741868317127228,2.869267225265503,4.07295548859728,1474.1975291823574,0.4818592369556427,0.3956391215324402,0.12248267233371735,0.11492028832435608,0.0043534571304917336,0.2379189431667328
1574,0.016713537275791168,0.06760548800230026,0.11598926782608032,-0.1595880389213562,3.1021504402160645,4.044953912669278,1485.0894684479795,0.4735642373561859,0.39987653493881226,0.1265462189912796,0.11843006312847137,0.0042098090052604675,0.232356995344162
1575,0.016352269798517227,0.06646724045276642,0.12024296820163727,-0.13522759079933167,3.1896755695343018,4.064710359336705,1470.1397136181708,0.47876816987991333,0.40401169657707214,0.11720146238803864,0.11388922482728958,0.004699679557234049,0.23441626131534576
1576,0.015875525772571564,0.05447053164243698,0.10584817826747894,-0.08349135518074036,2.929635763168335,3.431100954975338,1457.1732727518463,0.4780234098434448,0.41560617089271545,0.10636546462774277,0.11416657269001007,0.003954599145799875,0.24331872165203094
1577,0.016104530543088913,0.06120080128312111,0.11158958822488785,-0.08827409893274307,2.8472163677215576,3.800222621551956,1396.9752418894375,0.5029345154762268,0.3898685574531555,0.10711833834648132,0.12007300555706024,0.0038459612987935543,0.25182434916496277
1578,0.015736287459731102,0.0600314699113369,0.112556591629982,-0.05585509538650513,2.8543455600738525,3.814843244389224,1417.4703463030894,0.49340441823005676,0.40614020824432373,0.10040495544672012,0.12386037409305573,0.003431960940361023,0.24192412197589874
1579,0.016609007492661476,0.07332532852888107,0.12777885794639587,-0.02466636709868908,3.0243210792541504,4.414792910224428,1527.441500594593,0.4617067873477936,0.41767558455467224,0.1206129789352417,0.12008220702409744,0.003641067538410425,0.2263537496328354
1580,0.01648779772222042,0.07445299625396729,0.1273461878299713,-0.07599853724241257,3.0234625339508057,4.515642264892186,1510.8590641464739,0.4790564179420471,0.381681889295578,0.1392606645822525,0.11735442280769348,0.003585230791941285,0.24706387519836426
1581,0.014969397336244583,0.05344785377383232,0.1002819612622261,-0.11722660064697266,2.9853718280792236,3.570474653702423,1416.0650130865276,0.5150182843208313,0.3645823895931244,0.120387963950634,0.1277511864900589,0.004160101991146803,0.2676294445991516
1582,0.01618315652012825,0.05707462877035141,0.11147259175777435,-0.08726136386394501,3.0125019550323486,3.526792112270339,1433.347269890668,0.5063818097114563,0.37401410937309265,0.11959436535835266,0.12459485977888107,0.004455753602087498,0.25576233863830566
1583,0.01493864506483078,0.06029118597507477,0.1093573346734047,-0.05815939977765083,2.9314799308776855,4.0359206413558235,1408.6902007518593,0.5102829933166504,0.3767772912979126,0.1129097193479538,0.118172287940979,0.004218278452754021,0.252244234085083
1584,0.01636357791721821,0.06571809202432632,0.12188063561916351,-0.16456584632396698,3.0219478607177734,4.0161199679417185,1421.6527529042094,0.5044002532958984,0.3809252381324768,0.11467305570840836,0.12161775678396225,0.003899219911545515,0.24495309591293335
1585,0.016868706792593002,0.061884116381406784,0.12001045048236847,-0.12132136523723602,2.8478848934173584,3.668575021110174,1432.930180138946,0.5012080669403076,0.3691907525062561,0.12949445843696594,0.12203718721866608,0.0033981292508542538,0.25006458163261414
1586,0.016195451840758324,0.05548352375626564,0.10894282162189484,-0.09477636963129044,2.7463974952697754,3.42587068878233,1430.1747601619588,0.501001238822937,0.37396183609962463,0.12503457069396973,0.12335221469402313,0.004815582185983658,0.24503947794437408
1587,0.014576254412531853,0.05345084145665169,0.10393066704273224,-0.2006087750196457,3.007472276687622,3.6669805520841243,1486.036598624809,0.4911716878414154,0.36293497681617737,0.1458911895751953,0.12075365334749222,0.004425890278071165,0.25387758016586304
1588,0.015473740175366402,0.05641162022948265,0.10232917964458466,-0.11250042170286179,3.0126450061798096,3.6456357407139444,1497.39329780557,0.4888342022895813,0.36904266476631165,0.14208681881427765,0.12374120205640793,0.003676818450912833,0.24491555988788605
1589,0.016413148492574692,0.06746752560138702,0.11843136698007584,-0.0911325216293335,3.0522923469543457,4.110577908181283,1461.7920476077527,0.49446314573287964,0.3766078054904938,0.12892793118953705,0.1252729594707489,0.0037711875047534704,0.24889890849590302
1590,0.01656871847808361,0.06675345450639725,0.12460373342037201,-0.1434244066476822,3.3184378147125244,4.028884586980397,1499.5104741510813,0.4613027572631836,0.412125825881958,0.12657110393047333,0.10964642465114594,0.005256927106529474,0.23326489329338074
1591,0.01790066808462143,0.06537773460149765,0.12623800337314606,-0.09378670156002045,3.144578456878662,3.6522510941371964,1555.5900526785274,0.442300945520401,0.39770951867103577,0.15998956561088562,0.10738465189933777,0.0037065797951072454,0.2215401828289032
1592,0.016805374994874,0.054896336048841476,0.10163924098014832,-0.0890774205327034,2.80519700050354,3.266593935709227,1468.695539421401,0.4875754714012146,0.354356586933136,0.15792526304721832,0.1230250746011734,0.004278425592929125,0.24451440572738647
1593,0.014698549173772335,0.05230947211384773,0.09294585883617401,-0.1491374671459198,2.773024082183838,3.5588187304654815,1390.0955768509334,0.5088229775428772,0.38871702551841736,0.10230974107980728,0.1274048089981079,0.003387094009667635,0.2626335918903351
1594,0.01672922633588314,0.05796433985233307,0.11342185735702515,-0.09860425442457199,2.9022231101989746,3.464854780793918,1418.82652998346,0.49449145793914795,0.4112399220466614,0.09426824003458023,0.12147288024425507,0.0037977006286382675,0.2562604546546936
1595,0.016416525468230247,0.05439549684524536,0.10661699622869492,-0.03998243436217308,2.926801919937134,3.3134597785140163,1489.337650031486,0.4701971709728241,0.42102354764938354,0.10864260047674179,0.11546162515878677,0.0037115870509296656,0.23911017179489136
1596,0.01611233875155449,0.05847189575433731,0.11515305191278458,-0.052784375846385956,3.0155692100524902,3.6290135561522403,1513.635567687198,0.4589633047580719,0.42829132080078125,0.11258625984191895,0.11862384527921677,0.003762645646929741,0.2258244901895523
1597,0.01642218790948391,0.05975032597780228,0.1183672696352005,-0.06664370000362396,3.0591397285461426,3.638390103894605,1455.5381044303701,0.4782792925834656,0.403106689453125,0.11851589381694794,0.12079105526208878,0.003380160080268979,0.2394079715013504
1598,0.014778931625187397,0.053946614265441895,0.09923665225505829,-0.01740412600338459,2.8966689109802246,3.6502377593960627,1435.7613714290221,0.4774426817893982,0.41148993372917175,0.1110072135925293,0.1169738918542862,0.0032283104956150055,0.24099744856357574
1599,0.01575850322842598,0.057499516755342484,0.10839694738388062,-0.04713701084256172,2.788506031036377,3.6487930305444984,1441.694822501521,0.4849177598953247,0.40526458621025085,0.10979600995779037,0.12158112972974777,0.004427861887961626,0.24491791427135468
1600,0.014763714745640755,0.04949285089969635,0.094814732670784,-0.0955798327922821,2.867547035217285,3.352330477054066,1420.5557805198184,0.504439115524292,0.37331393361091614,0.12223680317401886,0.12757842242717743,0.0037387555930763483,0.24947667121887207
1601,0.01617501862347126,0.05294036492705345,0.10264398157596588,-0.10133704543113708,2.961918354034424,3.2729708791160053,1449.9329565691348,0.49248388409614563,0.3676348030567169,0.13975340127944946,0.12618757784366608,0.005385744851082563,0.24454091489315033
1602,0.016883796080946922,0.06126456707715988,0.11172430217266083,-0.1142125353217125,2.9097847938537598,3.6286014578597827,1521.2848407891545,0.46072694659233093,0.3927827477455139,0.1464315950870514,0.11919465661048889,0.004336032550781965,0.24683021008968353
1603,0.016003532335162163,0.05950040742754936,0.10626503825187683,-0.10295120626688004,2.8897695541381836,3.717954647618644,1477.7372732825563,0.4807054400444031,0.3947066366672516,0.12450249493122101,0.12158140540122986,0.00421275245025754,0.23816244304180145
1604,0.015222365967929363,0.05732835829257965,0.11066501587629318,-0.09346504509449005,2.993821382522583,3.766060966448551,1411.2506026950812,0.5098864436149597,0.3563694655895233,0.1337396204471588,0.12419228255748749,0.0040439278818666935,0.25897982716560364
1605,0.015655551105737686,0.058843906968832016,0.11218975484371185,-0.13160045444965363,2.8863542079925537,3.7586608460884743,1433.4231805395593,0.49554017186164856,0.3805638253688812,0.1238732635974884,0.11620259284973145,0.0050491695292294025,0.24741508066654205
1606,0.015809692442417145,0.049256332218647,0.096128448843956,-0.11411576718091965,2.7026591300964355,3.115578142644793,1428.4788661350487,0.4925428330898285,0.4076712429523468,0.09965954720973969,0.1190945953130722,0.004211616702377796,0.24948842823505402
1607,0.016696667298674583,0.07316390424966812,0.13965430855751038,-0.09756650775671005,3.2108139991760254,4.381946584699216,1500.9139297892082,0.4661635458469391,0.4277118146419525,0.1059013158082962,0.11017746478319168,0.0028978365007787943,0.2455531358718872
1608,0.014884253032505512,0.0634954497218132,0.1204262524843216,-0.16523076593875885,3.3344359397888184,4.265948017604943,1540.3906749381297,0.44923049211502075,0.4457026422023773,0.10505637526512146,0.10379087924957275,0.00196491158567369,0.2347666323184967
1609,0.014304090291261673,0.05241973698139191,0.09650914371013641,-0.10739236325025558,2.885471820831299,3.6646676517240877,1415.5598275293162,0.4993855059146881,0.409280002117157,0.09132398664951324,0.11862389743328094,0.0034719977993518114,0.25029313564300537
1610,0.01613275334239006,0.05158096179366112,0.09917157143354416,-0.06398805230855942,2.7874138355255127,3.1972819949419833,1352.8114080456742,0.534490168094635,0.35804933309555054,0.10744965821504593,0.13198596239089966,0.004111871588975191,0.26121869683265686
1611,0.014659879729151726,0.05124976485967636,0.09592394530773163,-0.09837687015533447,3.013293504714966,3.495919871311655,1390.420830947386,0.5219445824623108,0.36480119824409485,0.11318281292915344,0.1327141374349594,0.004258415196090937,0.26375630497932434
1612,0.013978610746562481,0.04923844337463379,0.09106442332267761,-0.1220923513174057,3.0371410846710205,3.5224132257363086,1404.730057606008,0.505882978439331,0.37625211477279663,0.11784711480140686,0.12742897868156433,0.00396787328645587,0.26205313205718994
1613,0.015653856098651886,0.05791357904672623,0.10212495923042297,-0.1845921128988266,3.0553297996520996,3.6996366057059977,1423.6863518081727,0.4850507080554962,0.39835575222969055,0.11659349501132965,0.12051253020763397,0.004409885965287685,0.24611200392246246
1614,0.014538870193064213,0.06103396788239479,0.10204050689935684,-0.16776783764362335,3.1232142448425293,4.19798561151699,1404.2193911268366,0.4991613030433655,0.38278940320014954,0.11790286749601364,0.12081397324800491,0.004819185473024845,0.24671992659568787
1615,0.015578113496303558,0.06638763844966888,0.11138271540403366,-0.17515315115451813,3.0898523330688477,4.261596788414722,1407.5197340707148,0.5167043805122375,0.3497115671634674,0.13351653516292572,0.12695103883743286,0.0030192986596375704,0.25977808237075806
1616,0.014808657579123974,0.06057083606719971,0.1079866886138916,-0.2127157300710678,3.040940761566162,4.090231389271723,1400.481113911388,0.5299651026725769,0.32709556818008423,0.1427452117204666,0.12798888981342316,0.00327323074452579,0.259073942899704
1617,0.016689347103238106,0.060534875839948654,0.11454682052135468,-0.12299305945634842,2.9309425354003906,3.627156620439417,1395.8118450122204,0.52010178565979,0.3566812574863434,0.12311296910047531,0.124880850315094,0.00412554619833827,0.258503258228302
1618,0.015324065461754799,0.057768650352954865,0.10768137872219086,-0.11545378714799881,2.96199369430542,3.7697992411584114,1407.4749308048538,0.5005722045898438,0.39995452761650085,0.09943682700395584,0.12398872524499893,0.005381918512284756,0.2472105175256729
1619,0.016590969637036324,0.06285005807876587,0.1177600622177124,-0.11365527659654617,2.9270577430725098,3.788208853970556,1406.6025292914371,0.5003646612167358,0.3831111490726471,0.11650647222995758,0.12223119288682938,0.004681614227592945,0.25841301679611206
1620,0.015266194008290768,0.05038338154554367,0.09365971386432648,-0.0681019127368927,2.866295576095581,3.300323676934875,1408.2893388232185,0.499246209859848,0.38554102182388306,0.11519131809473038,0.12234043329954147,0.004505225922912359,0.2537449896335602
1621,0.01498562190681696,0.0575672872364521,0.10115418583154678,-0.0810328796505928,2.958552122116089,3.8415013798275024,1409.0410027210492,0.5078477263450623,0.373354971408844,0.11878186464309692,0.12883777916431427,0.003580270567908883,0.25430285930633545
1622,0.01586245372891426,0.06077978014945984,0.10932905226945877,-0.010697425343096256,2.8279848098754883,3.8316758040301226,1455.5799254431727,0.49601978063583374,0.37227845191955566,0.1316147893667221,0.12082526832818985,0.004711134824901819,0.25663894414901733
1623,0.014879858121275902,0.046844370663166046,0.08903245627880096,0.06205739080905914,2.763815402984619,3.1481732069096577,1385.5995704008453,0.5168894529342651,0.3820808231830597,0.10102938860654831,0.12350796163082123,0.0035277684219181538,0.2744866907596588
1624,0.014112764038145542,0.061815932393074036,0.10462391376495361,-0.11110424995422363,3.070964813232422,4.380143551016012,1415.9305422568887,0.5097933411598206,0.383353590965271,0.106844462454319,0.12257441878318787,0.004330189898610115,0.26026836037635803
1625,0.016035184264183044,0.06809751689434052,0.12883448600769043,-0.12529897689819336,3.1722328662872314,4.246756118805547,1508.2410638871188,0.47390538454055786,0.3956315517425537,0.1304403692483902,0.11418677866458893,0.004599001724272966,0.24626289308071136
1626,0.014851707965135574,0.05987226217985153,0.1163678765296936,-0.04458686709403992,3.093759298324585,4.0313385043909085,1468.1779262288392,0.4684251844882965,0.42411038279533386,0.10746316611766815,0.11539696156978607,0.004367242567241192,0.24093809723854065
1627,0.016121111810207367,0.060304928570985794,0.11223365366458893,-0.10016274452209473,3.049119234085083,3.74074252925049,1426.3270464120803,0.4808550775051117,0.42748913168907166,0.09160295128822327,0.11947562545537949,0.004181995987892151,0.2512799799442291
1628,0.015720168128609657,0.06028323993086815,0.10762475430965424,-0.13234356045722961,2.8617453575134277,3.8347706865375,1364.2866068425753,0.5226235389709473,0.3653072714805603,0.11206856369972229,0.12948104739189148,0.004664747044444084,0.2788298726081848
1629,0.01617860421538353,0.05886701121926308,0.11135199666023254,-0.13171552121639252,2.82364821434021,3.638571685909124,1355.6168101335945,0.5242920517921448,0.35535240173339844,0.12035328149795532,0.13316568732261658,0.005361812189221382,0.2668261229991913
1630,0.015147012658417225,0.05220506712794304,0.1031155064702034,-0.1143767312169075,2.98221755027771,3.446558625240603,1510.7204625036068,0.475809782743454,0.38940784335136414,0.13468356430530548,0.12153557687997818,0.0034582449588924646,0.23752586543560028
1631,0.017528964206576347,0.0638984739780426,0.11956178396940231,-0.08346492052078247,2.9199228286743164,3.6453080296909093,1553.1230935343096,0.46985799074172974,0.3781846761703491,0.15185514092445374,0.1164996549487114,0.0035626753233373165,0.23662550747394562
1632,0.01399290096014738,0.053921137005090714,0.09835834056138992,-0.09516134858131409,2.8844590187072754,3.853463778154928,1408.149179039625,0.5222810506820679,0.3438073694705963,0.13387756049633026,0.1250084489583969,0.003943438176065683,0.2745935618877411
1633,0.015807751566171646,0.06016171723604202,0.1094769537448883,-0.14454491436481476,3.0866360664367676,3.805836458170394,1417.4905177909864,0.5248538255691528,0.3396308124065399,0.13551431894302368,0.12860792875289917,0.004417837131768465,0.2663614749908447
1634,0.014390243217349052,0.054672472178936005,0.09943601489067078,-0.13354657590389252,3.07138729095459,3.7992736710122403,1450.1563912011723,0.5122452974319458,0.3563914895057678,0.13132256269454956,0.12708699703216553,0.0037848667707294226,0.25994545221328735
1635,0.01667238399386406,0.06427478790283203,0.12360778450965881,-0.16885526478290558,2.985623598098755,3.8551647996250527,1473.4240796687527,0.4857582449913025,0.3932226300239563,0.12100207060575485,0.12040536105632782,0.004244535230100155,0.2539786100387573
1636,0.01602410338819027,0.06107652932405472,0.12128627300262451,-0.17751289904117584,3.0621678829193115,3.811541141531604,1484.4620914459667,0.4748436510562897,0.40152212977409363,0.12362953275442123,0.1223481297492981,0.0032832962460815907,0.2482943832874298
1637,0.016349205747246742,0.06258503347635269,0.11591526865959167,-0.09397707134485245,3.021366834640503,3.828016751398715,1409.6375042231884,0.49889659881591797,0.39911046624183655,0.10197553783655167,0.12584728002548218,0.00494636595249176,0.2531992793083191
1638,0.014408355578780174,0.04866452142596245,0.09341183304786682,-0.05047348514199257,2.968543291091919,3.3775208528484213,1364.069794011287,0.5265435576438904,0.37214013934135437,0.10130422562360764,0.13145838677883148,0.0032815823797136545,0.2763836681842804
1639,0.014206808060407639,0.04739006236195564,0.09064348042011261,-0.07846738398075104,2.844547986984253,3.3357290502635353,1360.5490029934285,0.5367690920829773,0.3524671792984009,0.11068674921989441,0.13203619420528412,0.002877086866647005,0.2654610872268677
1640,0.01484073605388403,0.06019125506281853,0.10637031495571136,-0.19692891836166382,3.0799858570098877,4.055813326254112,1460.8878060879429,0.4938633143901825,0.40479081869125366,0.10130192339420319,0.11620860546827316,0.0034538954496383667,0.2466844767332077
1641,0.017357511445879936,0.06900466978549957,0.12363646924495697,-0.15330520272254944,3.154749870300293,3.975493261040215,1483.2151379256015,0.472918838262558,0.42305105924606323,0.10400591790676117,0.11357589811086655,0.003954854793846607,0.24531535804271698
1642,0.016336532309651375,0.06533189862966537,0.11702243983745575,-0.04880620911717415,3.0341007709503174,3.9991289085915227,1392.9575094172292,0.5027980208396912,0.3871714770793915,0.11001726239919662,0.12105941772460938,0.0033899606205523014,0.25753894448280334
1643,0.013454322703182697,0.051866959780454636,0.09434553235769272,-0.03779992088675499,2.8690690994262695,3.8550405636048977,1345.6926560937382,0.532607913017273,0.35881462693214417,0.10852458328008652,0.1289246529340744,0.0037552029825747013,0.27030447125434875
1644,0.015922443941235542,0.054132409393787384,0.10578899085521698,0.026680687442421913,2.747157573699951,3.3997550621105903,1407.9448697068847,0.5157900452613831,0.36384421586990356,0.12036272138357162,0.1298138052225113,0.004369521047919989,0.258972704410553
1645,0.014510679058730602,0.054214779287576675,0.10237075388431549,-0.07193505018949509,3.0095040798187256,3.7361986344271885,1472.1451471501246,0.49213138222694397,0.38585758209228516,0.12199054658412933,0.12069051712751389,0.003939810208976269,0.24429935216903687
1646,0.017050299793481827,0.06362710148096085,0.11867702007293701,-0.1503584235906601,3.036508798599243,3.731729192325004,1476.6359770518534,0.4851546883583069,0.39616748690605164,0.11867760121822357,0.12061400711536407,0.004747492261230946,0.23289239406585693
1647,0.015191970393061638,0.052334919571876526,0.10117300599813461,-0.06458920240402222,2.8168232440948486,3.444906632541466,1451.0274105938645,0.4887343943119049,0.38632118701934814,0.12490534037351608,0.12137306481599808,0.0034486192744225264,0.2504100501537323
1648,0.017248833552002907,0.07456983625888824,0.12891675531864166,-0.05728217214345932,3.023712158203125,4.323181392512547,1492.0091810568358,0.4766308069229126,0.3994787931442261,0.12386319041252136,0.11829029023647308,0.0038098837248981,0.244005486369133
1649,0.01550809945911169,0.06784474849700928,0.11776894330978394,-0.1107853353023529,3.119842767715454,4.374794517633346,1444.9474499140345,0.49497953057289124,0.38235190510749817,0.12250707298517227,0.12492363154888153,0.004275492392480373,0.24953508377075195
1650,0.015887735411524773,0.07918907701969147,0.13090482354164124,-0.23375599086284637,3.2810606956481934,4.9842897658822025,1381.0266842322567,0.5157344937324524,0.3751000463962555,0.10915600508451462,0.12644940614700317,0.004892393015325069,0.2540447413921356
1651,0.016225440427660942,0.07954968512058258,0.13055415451526642,-0.27898508310317993,3.2579822540283203,4.902775087698972,1478.0312857723493,0.4913686215877533,0.3645086884498596,0.14411108195781708,0.11998508125543594,0.004380468279123306,0.24862338602542877
1652,0.014562692493200302,0.05892711877822876,0.10462294518947601,-0.10694862902164459,2.9063379764556885,4.046443938969178,1428.0780254622382,0.5121131539344788,0.34233182668685913,0.14552167057991028,0.12026054412126541,0.004864570684731007,0.25222131609916687
1653,0.014541856944561005,0.04921165108680725,0.0939452201128006,-0.1300276815891266,2.9724838733673096,3.3841380279723783,1373.084854382491,0.528498113155365,0.34824544191360474,0.12325286120176315,0.1251637488603592,0.0034700490068644285,0.2651423215866089
1654,0.014841152355074883,0.05039500445127487,0.09396997839212418,-0.1551489233970642,2.9482784271240234,3.395626110572663,1447.9063650291012,0.5055147409439087,0.36145418882369995,0.1329781413078308,0.12355496734380722,0.0036844280548393726,0.2527312934398651
1655,0.015387154184281826,0.05105530470609665,0.09580068290233612,-0.14910177886486053,2.809126615524292,3.318047254958441,1459.1518195402277,0.4985966980457306,0.3731940686702728,0.12820731103420258,0.12178471684455872,0.0028787918854504824,0.2609456181526184
1656,0.014397066086530685,0.04827078431844711,0.08944162726402283,-0.19459596276283264,2.8533284664154053,3.352820916773765,1397.0438565021902,0.5141897201538086,0.3707863390445709,0.11502164602279663,0.12854816019535065,0.0029830497223883867,0.2703210413455963
1657,0.01626104861497879,0.054860301315784454,0.10889549553394318,-0.10466022044420242,2.8868343830108643,3.3737246970577544,1371.932064569296,0.5215100049972534,0.37118446826934814,0.10728297382593155,0.12614156305789948,0.0037247920408844948,0.26577937602996826
1658,0.015344139188528061,0.049880605190992355,0.09691876918077469,-0.06864316761493683,2.8878660202026367,3.2507920173869675,1391.2458948774986,0.5224739909172058,0.35718411207199097,0.12021695822477341,0.1225949376821518,0.004292190074920654,0.2620323598384857
1659,0.01422224473208189,0.04972672462463379,0.09334631264209747,-0.18750417232513428,2.9265551567077637,3.4964047910781697,1389.6666290208807,0.5234541893005371,0.3528077006340027,0.12358158081769943,0.12858796119689941,0.004697826690971851,0.2578917145729065
1660,0.01632409170269966,0.057348210364580154,0.10578993707895279,-0.10778496414422989,2.791074514389038,3.513102683169984,1458.4037445725648,0.4978311359882355,0.358517050743103,0.14361973106861115,0.1257248818874359,0.00404979707673192,0.24906961619853973
1661,0.015736496075987816,0.05818496644496918,0.10394187271595001,0.026115955784916878,2.7493996620178223,3.6974537508420102,1443.4826939861298,0.501533031463623,0.3637818396091461,0.13468517363071442,0.12561221420764923,0.00460384925827384,0.2510536015033722
1662,0.01410483755171299,0.05204201117157936,0.10243013501167297,-0.10974302142858505,3.087813377380371,3.6896568980030087,1397.0783820472316,0.5147483944892883,0.3773661255836487,0.10781446844339371,0.12305936962366104,0.003789773676544428,0.2662886083126068
1663,0.015132461674511433,0.06058721989393234,0.11668840795755386,-0.16425175964832306,3.354050636291504,4.003791398459608,1422.6867054935688,0.5105834007263184,0.36959582567214966,0.11980126798152924,0.1274910718202591,0.0037376279942691326,0.25743579864501953
1664,0.014594418928027153,0.059425804764032364,0.11521883308887482,-0.11894799023866653,3.0618627071380615,4.071817113995481,1369.7626003339876,0.5341552495956421,0.3420744836330414,0.1237613782286644,0.12812088429927826,0.003647754667326808,0.26443183422088623
1665,0.0156855471432209,0.05441948398947716,0.10105060786008835,-0.030934719368815422,2.7828476428985596,3.4694029790046046,1413.9975642880324,0.5163521766662598,0.34898704290390015,0.13466067612171173,0.12281907349824905,0.00481063686311245,0.2582002282142639
1666,0.01590225286781788,0.06297123432159424,0.12083545327186584,-0.10353222489356995,3.1378605365753174,3.9598939119545844,1451.7089084357035,0.5034805536270142,0.37810251116752625,0.1183515414595604,0.12593184411525726,0.004000856541097164,0.2624443471431732
1667,0.015584339387714863,0.06314165145158768,0.12067042291164398,-0.13281720876693726,3.2936136722564697,4.051609110701904,1395.5424073514646,0.524257242679596,0.3715643882751465,0.10406923294067383,0.1250225156545639,0.004500392824411392,0.2647821605205536
1668,0.014371722936630249,0.05058368295431137,0.09636129438877106,-0.13240252435207367,2.9362969398498535,3.5196672781567067,1373.2245635917925,0.5240485072135925,0.3751031756401062,0.10083339363336563,0.12630467116832733,0.003978474531322718,0.2680201828479767
1669,0.015002064406871796,0.05090906843543053,0.09763732552528381,-0.07315971702337265,2.8406856060028076,3.3934708618313767,1398.7670211686282,0.5109127759933472,0.38507869839668274,0.10384078323841095,0.12186694890260696,0.004375648684799671,0.2518860399723053
1670,0.014183915220201015,0.04938694089651108,0.0958893746137619,0.0118693383410573,2.9372708797454834,3.481897637310417,1433.8246392230162,0.5087352395057678,0.38765227794647217,0.10354595631361008,0.12472839653491974,0.0036452102940529585,0.2513108253479004
1671,0.014433701522648335,0.05612222105264664,0.09604044258594513,-0.14268085360527039,3.012502670288086,3.8882764037135846,1468.3923726452617,0.5017678737640381,0.37537023425102234,0.12285501509904861,0.13031862676143646,0.003791359718888998,0.25293397903442383
1672,0.014312149956822395,0.055914778262376785,0.10768881440162659,-0.1760827600955963,3.1204464435577393,3.9068049473458886,1460.0732948700145,0.5100366473197937,0.35115382075309753,0.13880938291549683,0.12785089015960693,0.004043235909193754,0.25948601961135864
1673,0.015516706742346287,0.05466394126415253,0.10851677507162094,-0.06250382214784622,2.8345119953155518,3.522908705327756,1459.075894467116,0.5045084357261658,0.35835644602775574,0.13704435527324677,0.12520167231559753,0.004065740387886763,0.26286783814430237
1674,0.015970533713698387,0.059469953179359436,0.10983283817768097,-0.08370313793420792,2.655667781829834,3.7237298541016584,1479.8259355232067,0.4874086081981659,0.371913343667984,0.14064840972423553,0.12272793799638748,0.0032184021547436714,0.24277986586093903
1675,0.01633683778345585,0.061603277921676636,0.11308936774730682,-0.16060863435268402,2.8951218128204346,3.7708201999955486,1463.7824212848811,0.4876897633075714,0.38376423716545105,0.12852075695991516,0.11882408708333969,0.0037211168091744184,0.23792418837547302
1676,0.015971170738339424,0.05907077714800835,0.11227405816316605,-0.14535845816135406,3.0535781383514404,3.6985877937243536,1478.069990748508,0.48342040181159973,0.38457396626472473,0.13200560212135315,0.12157226353883743,0.005021538119763136,0.24411194026470184
1677,0.014361556619405746,0.05317022651433945,0.10213923454284668,-0.10446415096521378,2.9805545806884766,3.702260689401318,1462.5819821286602,0.4967960715293884,0.35653209686279297,0.14665399491786957,0.12522050738334656,0.0044755213893949986,0.2553320527076721
1678,0.015728862956166267,0.06030387803912163,0.11404330283403397,-0.084723100066185,2.8233883380889893,3.833962963714833,1394.781221399215,0.5187966227531433,0.34495675563812256,0.13623793423175812,0.13023695349693298,0.004498007707297802,0.2577918469905853
1679,0.01515939924865961,0.059664346277713776,0.11116138100624084,-0.1343611180782318,3.1429574489593506,3.9357988595130826,1444.9051579607492,0.5024697780609131,0.371674120426178,0.12585407495498657,0.12448184192180634,0.00415883120149374,0.255138099193573
1680,0.016587574034929276,0.06597606092691422,0.12049266695976257,-0.14376811683177948,3.122997999191284,3.977438821614766,1502.5892954022722,0.47993582487106323,0.38478508591651917,0.13522446155548096,0.12413609027862549,0.004435951821506023,0.23065771162509918
1681,0.016401901841163635,0.06467559188604355,0.12277938425540924,-0.097028449177742,3.07031512260437,3.943176377253088,1517.1456511475485,0.4694192111492157,0.3907012939453125,0.13983888924121857,0.12115420401096344,0.004163586534559727,0.22754520177841187
1682,0.015147880651056767,0.05948778986930847,0.11171894520521164,-0.11217998713254929,3.211207389831543,3.9271361608748396,1447.951749114994,0.48621657490730286,0.38973647356033325,0.12400708347558975,0.1143721342086792,0.004718193784356117,0.24381332099437714
1683,0.01676343008875847,0.06542626768350601,0.12438667565584183,-0.014700117520987988,3.1124069690704346,3.902916487448345,1428.4926429679895,0.49269500374794006,0.38872265815734863,0.11854472011327744,0.1188681423664093,0.0034584279637783766,0.2529461085796356
1684,0.015387474559247494,0.059462204575538635,0.11407113820314407,0.029923364520072937,2.989131212234497,3.864325126434668,1448.3712475514353,0.49602121114730835,0.3903876543045044,0.11355278640985489,0.12372931092977524,0.004592567216604948,0.2551307678222656
1685,0.015812503173947334,0.053198039531707764,0.10042711347341537,-0.04371558129787445,2.7441537380218506,3.3643022197771004,1359.0539072201996,0.5237882733345032,0.3747124969959259,0.10149774700403214,0.12817128002643585,0.004227926954627037,0.2736395299434662
1686,0.013427787460386753,0.06376291066408157,0.10267879068851471,-0.14610636234283447,2.915776491165161,4.748579082550989,1355.9987431027373,0.5242170095443726,0.36302468180656433,0.1127389594912529,0.12794116139411926,0.003581380005925894,0.2710956633090973
1687,0.014944387599825859,0.07258941233158112,0.1166316419839859,-0.17155024409294128,3.0633654594421387,4.857302572075263,1340.5641251920931,0.5405939817428589,0.3474707007408142,0.11189617961645126,0.1336035579442978,0.004369840957224369,0.2742208242416382
1688,0.015719663351774216,0.06427031755447388,0.11140526831150055,-0.12538036704063416,2.9998133182525635,4.088530149287925,1291.317303126531,0.5635946989059448,0.34399521350860596,0.09237667918205261,0.13684117794036865,0.004341214429587126,0.2768436074256897
1689,0.014871262013912201,0.06010086461901665,0.10476124286651611,-0.1330072283744812,2.971083879470825,4.041409838569876,1335.824329955759,0.5459283590316772,0.34429731965065,0.10977399349212646,0.13226769864559174,0.004133309703320265,0.26615026593208313
1690,0.014018403366208076,0.047215282917022705,0.09062253683805466,-0.07234809547662735,2.8397748470306396,3.3680927620808045,1324.5112479087875,0.5488665699958801,0.3370836675167084,0.11402635276317596,0.1363629400730133,0.004036678001284599,0.27888810634613037
1691,0.013994383625686169,0.051766108721494675,0.097129225730896,-0.07332698255777359,2.975464344024658,3.699063145788061,1414.8233043143648,0.5150771737098694,0.3623235523700714,0.12259542942047119,0.13536807894706726,0.004465220961719751,0.26510122418403625
1692,0.01526961475610733,0.054524604231119156,0.10471895337104797,-0.08663390576839447,3.066284418106079,3.570791084021315,1463.9570043746812,0.49595415592193604,0.37152501940727234,0.132516011595726,0.12911677360534668,0.003755685407668352,0.2559034824371338
1693,0.016058480367064476,0.0530431866645813,0.1056155264377594,-0.010317216627299786,2.9080100059509277,3.303126164420163,1413.4045435855546,0.5220587849617004,0.3457985520362854,0.13210979104042053,0.12689326703548431,0.004611182492226362,0.2640868127346039
1694,0.016687368974089622,0.057790279388427734,0.10865409672260284,-0.0497710146009922,2.863194227218628,3.4631150946979865,1450.1040392460454,0.5070027112960815,0.35442379117012024,0.13857141137123108,0.12326326966285706,0.003888593288138509,0.26414206624031067
1695,0.0154875498265028,0.053164854645729065,0.09704768657684326,-0.17556028068065643,3.0063257217407227,3.4327479322338568,1435.666388275126,0.49672192335128784,0.3889419734477997,0.1143251284956932,0.12818895280361176,0.004431069828569889,0.2519044876098633
1696,0.016299335286021233,0.054278962314128876,0.09960558265447617,-0.19948354363441467,2.987525463104248,3.330133490618474,1482.0544720722608,0.4824512302875519,0.4024275541305542,0.11511160433292389,0.12219741195440292,0.003968123346567154,0.25230294466018677
1697,0.014111836440861225,0.05473099648952484,0.09861025214195251,-0.13242703676223755,2.8647077083587646,3.8783752004927794,1489.9338320514216,0.48232054710388184,0.3849472105503082,0.13272391259670258,0.11599572002887726,0.0040645902045071125,0.2530655860900879
1698,0.016652055084705353,0.06484787166118622,0.12347857654094696,-0.05066611245274544,2.8801984786987305,3.8942864005328492,1496.2120868292043,0.48481273651123047,0.39191296696662903,0.12327192723751068,0.12270189821720123,0.003530881367623806,0.24673691391944885
1699,0.015957612544298172,0.05543752387166023,0.110667385160923,-0.007410918362438679,2.965916872024536,3.474048747222818,1478.8369084892934,0.49087873101234436,0.3847065567970276,0.12441424280405045,0.12300705164670944,0.00439802510663867,0.24075326323509216
1700,0.014659540727734566,0.04965357109904289,0.09641055762767792,-0.10751479119062424,3.003129482269287,3.387116419119159,1462.9329812226283,0.4898710250854492,0.36447882652282715,0.14564979076385498,0.11842074245214462,0.0034942100755870342,0.2414865344762802
1701,0.01482936181128025,0.05644725635647774,0.10097351670265198,-0.18425989151000977,2.9896063804626465,3.806452163688767,1468.365210311718,0.47422531247138977,0.40187492966651917,0.12388976663351059,0.11565439403057098,0.003988996613770723,0.24153217673301697
1702,0.01738075725734234,0.06544660031795502,0.11852879077196121,-0.2080237865447998,3.037670612335205,3.765463112174946,1456.9404496956915,0.47186025977134705,0.4229220747947693,0.10511215031147003,0.11620725691318512,0.0031691703479737043,0.24414010345935822
1703,0.016133178025484085,0.05897236242890358,0.10842271149158478,-0.18194030225276947,3.0172836780548096,3.655346908841833,1455.0934047275348,0.48145997524261475,0.40741464495658875,0.11112537235021591,0.12234305590391159,0.003207484958693385,0.25005969405174255
1704,0.015041396021842957,0.054426562041044235,0.10206495225429535,-0.1495686173439026,2.971421718597412,3.618451502665584,1439.2465355579118,0.4963730275630951,0.37787020206451416,0.1257190704345703,0.12448769062757492,0.004312783479690552,0.25402694940567017
1705,0.01425392646342516,0.051813285797834396,0.09741523861885071,-0.24066467583179474,2.990298271179199,3.6350184580473033,1409.8105181226013,0.5043419003486633,0.38068029284477234,0.11478424817323685,0.1270935982465744,0.004145470913499594,0.24731409549713135
1706,0.014845035038888454,0.04884342476725578,0.09682750701904297,-0.1589462161064148,2.908580780029297,3.2902195674186023,1394.2362825498287,0.5054553151130676,0.39508166909217834,0.09943767637014389,0.1322880983352661,0.004077656660228968,0.2531702518463135
1707,0.014518868178129196,0.056260306388139725,0.11021025478839874,-0.157720685005188,3.1669657230377197,3.874978799588087,1472.9276244361306,0.48389410972595215,0.40612947940826416,0.10997385531663895,0.12003269791603088,0.003497301135212183,0.23853743076324463
1708,0.015871422365307808,0.05994097515940666,0.11776886880397797,-0.1551595777273178,2.9927456378936768,3.776660577482371,1516.9147308999864,0.47736743092536926,0.4015500247478485,0.12106089293956757,0.11528106778860092,0.0038954380434006453,0.22434104979038239
1709,0.014520755968987942,0.05347486957907677,0.10153266787528992,-0.10307596623897552,2.744138240814209,3.6826505238157496,1462.0152782766736,0.5011013150215149,0.3682367205619812,0.1306532770395279,0.1230897530913353,0.0042845020070672035,0.2502099573612213
1710,0.01599239557981491,0.058051615953445435,0.11181862652301788,-0.13790209591388702,2.935150623321533,3.629951226512079,1464.8879698787819,0.48859500885009766,0.3817933201789856,0.1296108216047287,0.12609075009822845,0.004848546348512173,0.24524886906147003
1711,0.016816185787320137,0.05704532936215401,0.11137489974498749,-0.1320430189371109,2.9972996711730957,3.3922870548787265,1541.510654610461,0.4551481604576111,0.3959597945213318,0.14886324107646942,0.11307260394096375,0.0033941708970814943,0.22938388586044312
1712,0.017411552369594574,0.06106683239340782,0.11660611629486084,-0.1543068289756775,2.909109354019165,3.507259496088372,1495.7809498871388,0.47241514921188354,0.37362372875213623,0.15390190482139587,0.11346519738435745,0.0037256297655403614,0.2367573380470276
1713,0.015112997964024544,0.05463545396924019,0.09880493581295013,-0.16970601677894592,2.9172985553741455,3.6151301082472855,1426.2761283071632,0.5007826089859009,0.3752913773059845,0.12387228012084961,0.1265524923801422,0.003321800846606493,0.25599002838134766
1714,0.014699801802635193,0.053860411047935486,0.1011364683508873,-0.12334652990102768,3.0321505069732666,3.664022941766198,1480.3712253820079,0.48491618037223816,0.3749779164791107,0.14007669687271118,0.11934789270162582,0.0037106189411133528,0.2472161054611206
1715,0.016929866746068,0.06326869875192642,0.11926824599504471,-0.08123068511486053,2.8912713527679443,3.7371055364557795,1473.0274801235835,0.4877205193042755,0.37445446848869324,0.137822225689888,0.12054920941591263,0.0029741248581558466,0.2449931800365448
1716,0.016057126224040985,0.05463509261608124,0.10658600926399231,-0.11270035058259964,2.829807996749878,3.4025448794740223,1396.6465405744543,0.5172678828239441,0.3569771647453308,0.1256754845380783,0.13024096190929413,0.005485048517584801,0.26031258702278137
1717,0.01632014662027359,0.054551880806684494,0.10821694135665894,-0.050200290977954865,2.8576807975769043,3.342609724815535,1457.6655127082454,0.5001614093780518,0.37686267495155334,0.12287700921297073,0.12013176828622818,0.004913351032882929,0.25580987334251404
1718,0.01582828350365162,0.05831778421998024,0.11024915426969528,-0.08211042732000351,3.0272607803344727,3.6844035680079776,1490.959615914488,0.49433383345603943,0.37153711915016174,0.1341068595647812,0.11931418627500534,0.003446886083111167,0.2504178285598755
1719,0.015156975947320461,0.05490255728363991,0.10609358549118042,-0.1485297977924347,3.0844686031341553,3.622263271435991,1502.1073482254014,0.4982336759567261,0.34447163343429565,0.1572779268026352,0.12068591266870499,0.003971499856561422,0.2576611042022705
1720,0.015366938896477222,0.05345145985484123,0.10640229284763336,-0.15203535556793213,2.993657112121582,3.478341406278144,1453.7720116006758,0.5133717656135559,0.3573126196861267,0.1293102651834488,0.1267727017402649,0.0046087102964520454,0.26068100333213806
1721,0.014633665792644024,0.05143086239695549,0.09312482178211212,-0.2184828370809555,2.974059820175171,3.514557672848722,1403.93731055784,0.5202693343162537,0.3769046664237976,0.10274630039930344,0.1334470808506012,0.00455803656950593,0.25921952724456787
1722,0.01633358933031559,0.05490763112902641,0.10907252132892609,-0.1266893893480301,2.8391571044921875,3.3616390136462355,1483.1599367254985,0.49197521805763245,0.36646926403045654,0.14145556092262268,0.1285799741744995,0.003159178886562586,0.2525186240673065
1723,0.016115503385663033,0.0541139617562294,0.10657010972499847,-0.03815862908959389,2.8199634552001953,3.357882186976137,1418.8910596730716,0.5113993287086487,0.3558206558227539,0.13270443677902222,0.12855753302574158,0.0035618857946246862,0.2520082890987396
1724,0.014019634574651718,0.044479068368673325,0.08810880035161972,-0.06266218423843384,2.779433012008667,3.1726267991265145,1382.8499248208145,0.5276104211807251,0.3511553108692169,0.12111064791679382,0.12536285817623138,0.004188316408544779,0.26147958636283875
1725,0.014780214987695217,0.04801425710320473,0.09234698861837387,-0.0752897635102272,2.840736150741577,3.2485493032360404,1340.7007822336195,0.5507110953330994,0.3285021483898163,0.12073805928230286,0.1345798224210739,0.005327100399881601,0.2746732234954834
1726,0.013090580701828003,0.044913116842508316,0.08321848511695862,-0.15099985897541046,2.9064881801605225,3.430949158184066,1295.8968471221187,0.5612235069274902,0.3371962606906891,0.10157010704278946,0.13830548524856567,0.004215015098452568,0.2817002832889557
1727,0.013616113923490047,0.04611806944012642,0.08757263422012329,-0.19214583933353424,2.974522113800049,3.387021414177367,1347.0033734126553,0.5363264083862305,0.35439348220825195,0.10905793309211731,0.1339692920446396,0.005206360016018152,0.2778569459915161
1728,0.014604318886995316,0.055267397314310074,0.10674959421157837,-0.19195136427879333,2.993375778198242,3.7843187168242145,1331.2270391,0.5276207327842712,0.3616962432861328,0.1105443462729454,0.13091237843036652,0.004148582927882671,0.27249249815940857
1729,0.014402853325009346,0.05378072336316109,0.10360110551118851,-0.13322816789150238,2.788302421569824,3.7340325660361575,1346.8547044542413,0.5198430418968201,0.37061941623687744,0.10951867699623108,0.12379856407642365,0.004672059789299965,0.2650953233242035
1730,0.015608428046107292,0.05535183846950531,0.0995234027504921,-0.09216903150081635,2.777348041534424,3.546278863089205,1399.9298522658576,0.5070299506187439,0.38517680764198303,0.10776728391647339,0.1290588676929474,0.0043833134695887566,0.2631304860115051
1731,0.016070375218987465,0.05485297366976738,0.10680881142616272,-0.06311246752738953,2.9899356365203857,3.4132976311308663,1461.957110119547,0.4800734221935272,0.40832754969596863,0.11159589886665344,0.12489158660173416,0.004487276077270508,0.2423248589038849
1732,0.014577806927263737,0.04683734104037285,0.08832409977912903,-0.04398669674992561,2.9230732917785645,3.212920933227871,1485.083741490999,0.4750269651412964,0.3915035128593445,0.13343800604343414,0.12098139524459839,0.0038530060555785894,0.24463438987731934
1733,0.013863767497241497,0.046915799379348755,0.08786773681640625,0.00914032757282257,2.89449143409729,3.384058437599998,1430.8722025435256,0.4966079294681549,0.36551177501678467,0.13783998787403107,0.12561511993408203,0.004408472217619419,0.2530670464038849
1734,0.01701469160616398,0.06519386917352676,0.12091710418462753,-0.09554257988929749,3.005009651184082,3.8316221462443147,1406.1954601157852,0.5031644105911255,0.3719974160194397,0.12470369040966034,0.12198740243911743,0.0037660240195691586,0.2472275346517563
1735,0.015254446305334568,0.05908065289258957,0.10499940812587738,-0.18194307386875153,2.8998420238494873,3.8730119537708627,1406.1553688211195,0.49638667702674866,0.39668211340904236,0.10682743042707443,0.12102961540222168,0.0036036751698702574,0.24932502210140228
1736,0.016427023336291313,0.06904713064432144,0.12096603959798813,-0.14040100574493408,2.8700830936431885,4.203264902386556,1423.9833943962687,0.49680668115615845,0.40094009041786194,0.10221631824970245,0.12440832704305649,0.004972995724529028,0.258566290140152
1737,0.015003012493252754,0.06320003420114517,0.11018174886703491,-0.11054287850856781,2.9412519931793213,4.212489606694348,1454.42844862272,0.49399057030677795,0.39233916997909546,0.11350790411233902,0.12633877992630005,0.004289278760552406,0.2545323669910431
1738,0.01419917494058609,0.04743490740656853,0.09227114915847778,-0.03724922239780426,2.8016905784606934,3.3406805396588704,1386.7557156645241,0.5147600173950195,0.37649306654930115,0.10873723775148392,0.13016599416732788,0.004396418109536171,0.24964527785778046
1739,0.014831364154815674,0.05261732637882233,0.10397838056087494,-0.13716891407966614,2.7892730236053467,3.547706456805595,1294.8076314437267,0.5558351278305054,0.34429270029067993,0.09984396398067474,0.13599079847335815,0.0040053012780845165,0.2869529128074646
1740,0.016009142622351646,0.05449611693620682,0.10745979100465775,-0.09812001138925552,2.880612850189209,3.4040621798644213,1320.2235179673878,0.553526759147644,0.33214378356933594,0.11431766301393509,0.136410653591156,0.004506058059632778,0.280557245016098
1741,0.014569801278412342,0.04672008752822876,0.09340895712375641,-0.05519785359501839,2.9142959117889404,3.2066386241139706,1411.4808988536663,0.5198540687561035,0.34924188256263733,0.13084794580936432,0.12410340458154678,0.0038083179388195276,0.2569919526576996
1742,0.0165332593023777,0.055188968777656555,0.10389174520969391,-0.18734079599380493,2.9950175285339355,3.338057412937424,1452.9516401863802,0.50496506690979,0.3519832491874695,0.14298175275325775,0.12430501729249954,0.005036893300712109,0.24414025247097015
1743,0.014407839626073837,0.0488087460398674,0.0916704460978508,-0.15712085366249084,2.9921064376831055,3.3876519522156996,1416.031841623132,0.5180681943893433,0.3541574478149414,0.12762725353240967,0.1295667141675949,0.004898207727819681,0.25456422567367554
1744,0.01481747068464756,0.04748333618044853,0.09180653095245361,-0.07596629858016968,2.713261604309082,3.204550708269101,1328.3774041620006,0.5555422306060791,0.3455306887626648,0.09890230000019073,0.13283810019493103,0.005468043033033609,0.2747642993927002
1745,0.015429573133587837,0.05559592694044113,0.09951066970825195,-0.08708705008029938,2.764774799346924,3.603205769562998,1365.3102687088333,0.5402122735977173,0.349377304315567,0.11040899157524109,0.1309545338153839,0.0037025362253189087,0.28384163975715637
